 [useCallPerformance] Network metrics: Object
 [CallModal] Audio loadeddata event for cmeifml0h001okung0i95m8s6
 [CallModal] Audio can play for cmeifml0h001okung0i95m8s6
 [CallModal] Audio canplay event for cmeifml0h001okung0i95m8s6
 [CallModal] Audio is playing for cmeifml0h001okung0i95m8s6
 [CallModal] ✅ Audio playing immediately for participant cmeifml0h001okung0i95m8s6
 [CallModal] ✅ Audio playing immediately for participant cmeifml0h001okung0i95m8s6
 [CallModal] ✅ Audio playing immediately for participant cmeifml0h001okung0i95m8s6
 [useCallPerformance] No valid network data yet, assuming good quality
 [CallModal] Rendered - voice call opened
 [CallModal] Rendered - voice call opened
 [VoiceParticipant] Tester voice activity debug: Object
 [VoiceParticipant] Tester voice activity debug: Object
 [CallModal] 🔊 Setting up audio element for participant cmeifml0h001okung0i95m8s6
 [CallModal] Stream details: Object
 [CallModal] Previous audio element for cmeifml0h001okung0i95m8s6: false
 [CallModal] Cleared previous srcObject for cmeifml0h001okung0i95m8s6
 [VoiceActivity] Effect triggered: Object
 [VoiceActivity] Initializing for stream: 22684b8b-e675-484e-8ba1-c9d3f02f2c18 with 1 audio tracks
 [VoiceActivity] Effect triggered: Object
 [VoiceActivity] Initializing for stream: 22684b8b-e675-484e-8ba1-c9d3f02f2c18 with 1 audio tracks
 [CallModal] Audio loadeddata event for cmeifml0h001okung0i95m8s6
 [CallModal] Audio can play for cmeifml0h001okung0i95m8s6
 [CallModal] Audio canplay event for cmeifml0h001okung0i95m8s6
 [CallModal] Audio is playing for cmeifml0h001okung0i95m8s6
 [CallModal] ✅ Audio playing immediately for participant cmeifml0h001okung0i95m8s6
 [CallModal] ✅ Audio playing immediately for participant cmeifml0h001okung0i95m8s6
 [CallModal] ✅ Audio playing immediately for participant cmeifml0h001okung0i95m8s6
 [CallModal] Rendered - voice call opened
 [CallModal] Rendered - voice call opened
 [VoiceParticipant] Tester voice activity debug: Object
 [VoiceParticipant] Tester voice activity debug: Object
 [CallModal] 🔊 Setting up audio element for participant cmeifml0h001okung0i95m8s6
 [CallModal] Stream details: Object
 [CallModal] Previous audio element for cmeifml0h001okung0i95m8s6: false
 [CallModal] Cleared previous srcObject for cmeifml0h001okung0i95m8s6
 [VoiceActivity] Effect triggered: Object
 [VoiceActivity] Initializing for stream: 22684b8b-e675-484e-8ba1-c9d3f02f2c18 with 1 audio tracks
 [VoiceActivity] Effect triggered: Object
 [VoiceActivity] Initializing for stream: 22684b8b-e675-484e-8ba1-c9d3f02f2c18 with 1 audio tracks
 [VoiceActivity] Volume analysis: Object
 [CallModal] Audio loadeddata event for cmeifml0h001okung0i95m8s6
 [CallModal] Audio can play for cmeifml0h001okung0i95m8s6
 [CallModal] Audio canplay event for cmeifml0h001okung0i95m8s6
 [CallModal] Audio is playing for cmeifml0h001okung0i95m8s6
 [CallModal] ✅ Audio playing immediately for participant cmeifml0h001okung0i95m8s6
 [CallModal] ✅ Audio playing immediately for participant cmeifml0h001okung0i95m8s6
 [CallModal] ✅ Audio playing immediately for participant cmeifml0h001okung0i95m8s6
 [WebRTC] Excellent network detected - restoring quality
 [WebRTC] Improved audio quality for: cmeifml0h001okung0i95m8s6
 [CallModal] Rendered - voice call opened
 [CallModal] Rendered - voice call opened
 [VoiceParticipant] Tester voice activity debug: Object
 [VoiceParticipant] Tester voice activity debug: Object
 [CallModal] 🔊 Setting up audio element for participant cmeifml0h001okung0i95m8s6
 [CallModal] Stream details: Object
 [CallModal] Previous audio element for cmeifml0h001okung0i95m8s6: false
 [CallModal] Cleared previous srcObject for cmeifml0h001okung0i95m8s6
 [VoiceActivity] Effect triggered: Object
 [VoiceActivity] Initializing for stream: 22684b8b-e675-484e-8ba1-c9d3f02f2c18 with 1 audio tracks
 [VoiceActivity] Effect triggered: Object
 [VoiceActivity] Initializing for stream: 22684b8b-e675-484e-8ba1-c9d3f02f2c18 with 1 audio tracks
 [CallModal] Audio loadeddata event for cmeifml0h001okung0i95m8s6
 [CallModal] Audio can play for cmeifml0h001okung0i95m8s6
 [CallModal] Audio canplay event for cmeifml0h001okung0i95m8s6
 [CallModal] Audio is playing for cmeifml0h001okung0i95m8s6
 [CallModal] ✅ Audio playing immediately for participant cmeifml0h001okung0i95m8s6
 [CallModal] ✅ Audio playing immediately for participant cmeifml0h001okung0i95m8s6
 [CallModal] ✅ Audio playing immediately for participant cmeifml0h001okung0i95m8s6
 SocketContext: Background heartbeat sent for hidden tab
 [CallModal] Updated peer connections for performance monitoring: 2
 [CallModal] Peer connection participants: Array(2)
 [CallModal] Rendered - voice call opened
 [CallModal] Rendered - voice call opened
 [VoiceParticipant] Tester voice activity debug: Object
 [VoiceParticipant] Tester voice activity debug: Object
 [CallModal] 🔊 Setting up audio element for participant cmeifml0h001okung0i95m8s6
 [CallModal] Stream details: Object
 [CallModal] Previous audio element for cmeifml0h001okung0i95m8s6: false
 [CallModal] Cleared previous srcObject for cmeifml0h001okung0i95m8s6
 [VoiceActivity] Effect triggered: Object
 [VoiceActivity] Initializing for stream: 22684b8b-e675-484e-8ba1-c9d3f02f2c18 with 1 audio tracks
 [useCallPerformance] Connection states: Array(2)
 [useCallPerformance] Starting monitoring for 2 valid connections
 [VoiceActivity] Effect triggered: Object
 [VoiceActivity] Initializing for stream: 22684b8b-e675-484e-8ba1-c9d3f02f2c18 with 1 audio tracks
 [CallModal] Audio loadeddata event for cmeifml0h001okung0i95m8s6
 [CallModal] Audio can play for cmeifml0h001okung0i95m8s6
 [CallModal] Audio canplay event for cmeifml0h001okung0i95m8s6
 [CallModal] Audio is playing for cmeifml0h001okung0i95m8s6
 [CallModal] ✅ Audio playing immediately for participant cmeifml0h001okung0i95m8s6
 [CallModal] ✅ Audio playing immediately for participant cmeifml0h001okung0i95m8s6
 [CallModal] ✅ Audio playing immediately for participant cmeifml0h001okung0i95m8s6
 [useCallPerformance] Network metrics: Object
 [useCallPerformance] No valid network data yet, assuming good quality
 [CallModal] Rendered - voice call opened
 [CallModal] Rendered - voice call opened
 [VoiceParticipant] Tester voice activity debug: Object
 [VoiceParticipant] Tester voice activity debug: Object
 [CallModal] 🔊 Setting up audio element for participant cmeifml0h001okung0i95m8s6
 [CallModal] Stream details: Object
 [CallModal] Previous audio element for cmeifml0h001okung0i95m8s6: false
 [CallModal] Cleared previous srcObject for cmeifml0h001okung0i95m8s6
 [VoiceActivity] Effect triggered: Object
 [VoiceActivity] Initializing for stream: 22684b8b-e675-484e-8ba1-c9d3f02f2c18 with 1 audio tracks
 [VoiceActivity] Effect triggered: Object
 [VoiceActivity] Initializing for stream: 22684b8b-e675-484e-8ba1-c9d3f02f2c18 with 1 audio tracks
 [CallModal] Audio loadeddata event for cmeifml0h001okung0i95m8s6
 [CallModal] Audio can play for cmeifml0h001okung0i95m8s6
 [CallModal] Audio canplay event for cmeifml0h001okung0i95m8s6
 [CallModal] Audio is playing for cmeifml0h001okung0i95m8s6
 [CallModal] ✅ Audio playing immediately for participant cmeifml0h001okung0i95m8s6
 [CallModal] ✅ Audio playing immediately for participant cmeifml0h001okung0i95m8s6
 [CallModal] ✅ Audio playing immediately for participant cmeifml0h001okung0i95m8s6
 [CallModal] Rendered - voice call opened
 [CallModal] Rendered - voice call opened
 [VoiceParticipant] Tester voice activity debug: Object
 [VoiceParticipant] Tester voice activity debug: Object
 [CallModal] 🔊 Setting up audio element for participant cmeifml0h001okung0i95m8s6
 [CallModal] Stream details: Object
 [CallModal] Previous audio element for cmeifml0h001okung0i95m8s6: false
 [CallModal] Cleared previous srcObject for cmeifml0h001okung0i95m8s6
 [VoiceActivity] Effect triggered: Object
 [VoiceActivity] Initializing for stream: 22684b8b-e675-484e-8ba1-c9d3f02f2c18 with 1 audio tracks
 [VoiceActivity] Effect triggered: Object
 [VoiceActivity] Initializing for stream: 22684b8b-e675-484e-8ba1-c9d3f02f2c18 with 1 audio tracks
 [CallModal] Audio loadeddata event for cmeifml0h001okung0i95m8s6
 [CallModal] Audio can play for cmeifml0h001okung0i95m8s6
 [CallModal] Audio canplay event for cmeifml0h001okung0i95m8s6
 [CallModal] Audio is playing for cmeifml0h001okung0i95m8s6
 [CallModal] ✅ Audio playing immediately for participant cmeifml0h001okung0i95m8s6
 [CallModal] ✅ Audio playing immediately for participant cmeifml0h001okung0i95m8s6
 [CallModal] ✅ Audio playing immediately for participant cmeifml0h001okung0i95m8s6
 [CallModal] 🔍 WebRTC stream ready for participant: cmeifml0h001okung0i95m8s6
 [CallModal] 🔍 Our callId: call-1757384369155-78u7pu5k6 Event callId: call-1757384369155-78u7pu5k6
 [CallModal] 🔍 Our user ID: cmeifn5qp002dkunge64m0xss
 [CallModal] 🔍 Current call state: ringing
 [CallModal] 🔍 Current participant states: Object
 [CallModal] ✅ Processing REMOTE stream ready event
 [CallModal] 🆔 Our session ID: cmeifn5qp002dkunge64m0xss
 [CallModal] 🆔 Remote participant ID: cmeifml0h001okung0i95m8s6
 [CallModal] 🔍 Stream data: Object
 [CallModal] 🚀 INITIATING PEER CONNECTION for remote participant: cmeifml0h001okung0i95m8s6
 [CallModal] 🚀 WebRTC service available: true
 [CallModal] 🎥 Processing webrtc_stream_ready for REMOTE participant: cmeifml0h001okung0i95m8s6
 [CallModal] 🔗 Active peer connections: Array(0)
 [CallModal] 🔗 Has connection to cmeifml0h001okung0i95m8s6 : false
 [CallModal] 🚀 Creating peer connection to cmeifml0h001okung0i95m8s6
 [WebRTC] 📞 Safe creating offer for participant: cmeifml0h001okung0i95m8s6
 [WebRTC] ⏳ Waiting for local stream to be ready...
 [WebRTC] 🔍 hasLocalStream: Object
 [WebRTC] ✅ Local stream is ready!
 [WebRTC] Creating peer connection for: cmeifml0h001okung0i95m8s6
 [WebRTC] ⚠️ Peer connection already exists for: cmeifml0h001okung0i95m8s6 Object
 [WebRTC] ✅ Reusing healthy existing connection for: cmeifml0h001okung0i95m8s6
 [CallModal] 🔍 WebRTC stream ready for participant: cmeifml0h001okung0i95m8s6
 [CallModal] 🔍 Our callId: call-1757384369155-78u7pu5k6 Event callId: call-1757384369155-78u7pu5k6
 [CallModal] 🔍 Our user ID: cmeifn5qp002dkunge64m0xss
 [CallModal] 🔍 Current call state: ringing
 [CallModal] 🔍 Current participant states: Object
 [CallModal] ✅ Processing REMOTE stream ready event
 [CallModal] 🆔 Our session ID: cmeifn5qp002dkunge64m0xss
 [CallModal] 🆔 Remote participant ID: cmeifml0h001okung0i95m8s6
 [CallModal] 🔍 Stream data: Object
 [CallModal] 🚀 INITIATING PEER CONNECTION for remote participant: cmeifml0h001okung0i95m8s6
 [CallModal] 🚀 WebRTC service available: true
 [CallModal] 🎥 Processing webrtc_stream_ready for REMOTE participant: cmeifml0h001okung0i95m8s6
 [CallModal] 🔗 Active peer connections: Array(0)
 [CallModal] 🔗 Has connection to cmeifml0h001okung0i95m8s6 : false
 [CallModal] 🚀 Creating peer connection to cmeifml0h001okung0i95m8s6
 [WebRTC] 📞 Safe creating offer for participant: cmeifml0h001okung0i95m8s6
 [WebRTC] ⏳ Waiting for local stream to be ready...
 [WebRTC] 🔍 hasLocalStream: Object
 [WebRTC] ✅ Local stream is ready!
 [WebRTC] Creating peer connection for: cmeifml0h001okung0i95m8s6
 [WebRTC] ⚠️ Peer connection already exists for: cmeifml0h001okung0i95m8s6 Object
 [WebRTC] ✅ Reusing healthy existing connection for: cmeifml0h001okung0i95m8s6
 [WebRTC] 🚀 Optimizing SDP for ultra-low latency...
 [WebRTC] ✅ SDP optimized for ultra-low latency
 [WebRTC] 🚀 Optimizing SDP for ultra-low latency...
 [WebRTC] ✅ SDP optimized for ultra-low latency
 [WebRTC] 📡 Sending offer to participant: cmeifml0h001okung0i95m8s6
 [CallModal] ✅ Peer connection offer created successfully
 [CallModal] Retrieved remote stream for cmeifml0h001okung0i95m8s6 : true
 [CallModal] Remote stream tracks: Array(1)
 [CallModal] ✅ Remote stream added to state for VideoGrid
 [CallModal] Rendered - voice call opened
 [CallModal] Updated remote streams map, now has: Array(1)
 [CallModal] Updated remote streams map, now has: Array(1)
 [CallModal] Rendered - voice call opened
 [VoiceParticipant] Tester voice activity debug: Object
 [VoiceParticipant] Tester voice activity debug: Object
 [CallModal] 🔊 Setting up audio element for participant cmeifml0h001okung0i95m8s6
 [CallModal] Stream details: Object
 [CallModal] Previous audio element for cmeifml0h001okung0i95m8s6: false
 [CallModal] Cleared previous srcObject for cmeifml0h001okung0i95m8s6
 [WebRTC] 📡 Sending offer to participant: cmeifml0h001okung0i95m8s6
 [CallModal] ✅ Peer connection offer created successfully
 [CallModal] Retrieved remote stream for cmeifml0h001okung0i95m8s6 : true
 [CallModal] Remote stream tracks: Array(1)
 [CallModal] ✅ Remote stream added to state for VideoGrid
 [VoiceActivity] Effect triggered: Object
 [VoiceActivity] Initializing for stream: 22684b8b-e675-484e-8ba1-c9d3f02f2c18 with 1 audio tracks
 [CallModal] Updated peer connections for performance monitoring: 2
 [CallModal] Peer connection participants: Array(2)
 [VoiceActivity] Effect triggered: Object
 [VoiceActivity] Initializing for stream: 22684b8b-e675-484e-8ba1-c9d3f02f2c18 with 1 audio tracks
 [CallModal] Rendered - voice call opened
 [CallModal] Updated remote streams map, now has: Array(1)
 [CallModal] Updated remote streams map, now has: Array(1)
 [CallModal] Rendered - voice call opened
 [VoiceParticipant] Tester voice activity debug: Object
 [VoiceParticipant] Tester voice activity debug: Object
 [CallModal] 🔊 Setting up audio element for participant cmeifml0h001okung0i95m8s6
 [CallModal] Stream details: Object
 [CallModal] Previous audio element for cmeifml0h001okung0i95m8s6: false
 [CallModal] Cleared previous srcObject for cmeifml0h001okung0i95m8s6
 [CallModal] ✅ Audio playing immediately for participant cmeifml0h001okung0i95m8s6
 [VoiceActivity] Effect triggered: Object
 [VoiceActivity] Initializing for stream: 22684b8b-e675-484e-8ba1-c9d3f02f2c18 with 1 audio tracks
 [CallModal] Updated peer connections for performance monitoring: 2
 [CallModal] Peer connection participants: Array(2)
 [useCallPerformance] Connection states: Array(2)
 [useCallPerformance] Starting monitoring for 2 valid connections
 [VoiceActivity] Effect triggered: Object
 [VoiceActivity] Initializing for stream: 22684b8b-e675-484e-8ba1-c9d3f02f2c18 with 1 audio tracks
 [CallModal] Audio loadeddata event for cmeifml0h001okung0i95m8s6
 [CallModal] Audio loadeddata event for cmeifml0h001okung0i95m8s6
 [CallModal] Audio can play for cmeifml0h001okung0i95m8s6
 [CallModal] Audio canplay event for cmeifml0h001okung0i95m8s6
 [CallModal] Audio canplay event for cmeifml0h001okung0i95m8s6
 [CallModal] Audio is playing for cmeifml0h001okung0i95m8s6
 [CallModal] ✅ Audio playing immediately for participant cmeifml0h001okung0i95m8s6
 [CallModal] ✅ Audio playing immediately for participant cmeifml0h001okung0i95m8s6
 [CallModal] ✅ Audio playing immediately for participant cmeifml0h001okung0i95m8s6
 [CallModal] ✅ Audio playing immediately for participant cmeifml0h001okung0i95m8s6
 [CallModal] ✅ Audio playing immediately for participant cmeifml0h001okung0i95m8s6
 [CallModal] Rendered - voice call opened
 [CallModal] Rendered - voice call opened
 [VoiceParticipant] Tester voice activity debug: Object
 [VoiceParticipant] Tester voice activity debug: Object
 [CallModal] 🔊 Setting up audio element for participant cmeifml0h001okung0i95m8s6
 [CallModal] Stream details: Object
 [CallModal] Previous audio element for cmeifml0h001okung0i95m8s6: false
 [CallModal] Cleared previous srcObject for cmeifml0h001okung0i95m8s6
 [VoiceActivity] Effect triggered: Object
 [VoiceActivity] Initializing for stream: 22684b8b-e675-484e-8ba1-c9d3f02f2c18 with 1 audio tracks
 [useCallPerformance] Connection states: Array(2)
 [useCallPerformance] Starting monitoring for 2 valid connections
 [VoiceActivity] Effect triggered: Object
 [VoiceActivity] Initializing for stream: 22684b8b-e675-484e-8ba1-c9d3f02f2c18 with 1 audio tracks
 [useCallPerformance] Network metrics: Object
 [useCallPerformance] Network metrics: Object
 [useCallPerformance] No valid network data yet, assuming good quality
 [CallModal] Audio loadeddata event for cmeifml0h001okung0i95m8s6
 [CallModal] Audio can play for cmeifml0h001okung0i95m8s6
 [CallModal] Audio canplay event for cmeifml0h001okung0i95m8s6
 [CallModal] Audio is playing for cmeifml0h001okung0i95m8s6
 [CallModal] ✅ Audio playing immediately for participant cmeifml0h001okung0i95m8s6
 [CallModal] ✅ Audio playing immediately for participant cmeifml0h001okung0i95m8s6
 [CallModal] ✅ Audio playing immediately for participant cmeifml0h001okung0i95m8s6
 [CallModal] Rendered - voice call opened
 [CallModal] Rendered - voice call opened
 [VoiceParticipant] Tester voice activity debug: Object
 [VoiceParticipant] Tester voice activity debug: Object
 [CallModal] 🔊 Setting up audio element for participant cmeifml0h001okung0i95m8s6
 [CallModal] Stream details: Object
 [CallModal] Previous audio element for cmeifml0h001okung0i95m8s6: false
 [CallModal] Cleared previous srcObject for cmeifml0h001okung0i95m8s6
 [VoiceActivity] Effect triggered: Object
 [VoiceActivity] Initializing for stream: 22684b8b-e675-484e-8ba1-c9d3f02f2c18 with 1 audio tracks
 [VoiceActivity] Effect triggered: Object
 [VoiceActivity] Initializing for stream: 22684b8b-e675-484e-8ba1-c9d3f02f2c18 with 1 audio tracks
 [useCallPerformance] No valid network data yet, assuming good quality
 [CallModal] Rendered - voice call opened
 [CallModal] Rendered - voice call opened
 [VoiceParticipant] Tester voice activity debug: Object
 [VoiceParticipant] Tester voice activity debug: Object
 [CallModal] 🔊 Setting up audio element for participant cmeifml0h001okung0i95m8s6
 [CallModal] Stream details: Object
 [CallModal] Previous audio element for cmeifml0h001okung0i95m8s6: false
 [CallModal] Cleared previous srcObject for cmeifml0h001okung0i95m8s6
 [VoiceActivity] Effect triggered: Object
 [VoiceActivity] Initializing for stream: 22684b8b-e675-484e-8ba1-c9d3f02f2c18 with 1 audio tracks
 [VoiceActivity] Effect triggered: Object
 [VoiceActivity] Initializing for stream: 22684b8b-e675-484e-8ba1-c9d3f02f2c18 with 1 audio tracks
 [CallModal] ✅ Audio playing immediately for participant cmeifml0h001okung0i95m8s6
 [CallModal] 🔍 WebRTC stream ready for participant: cmeumah180000kuygq63oa1qx
 [CallModal] 🔍 Our callId: call-1757384369155-78u7pu5k6 Event callId: call-1757384369155-78u7pu5k6
 [CallModal] 🔍 Our user ID: cmeifn5qp002dkunge64m0xss
 [CallModal] 🔍 Current call state: ringing
 [CallModal] 🔍 Current participant states: Object
 [CallModal] ✅ Processing REMOTE stream ready event
 [CallModal] 🆔 Our session ID: cmeifn5qp002dkunge64m0xss
 [CallModal] 🆔 Remote participant ID: cmeumah180000kuygq63oa1qx
 [CallModal] 🔍 Stream data: Object
 [CallModal] 🚀 INITIATING PEER CONNECTION for remote participant: cmeumah180000kuygq63oa1qx
 [CallModal] 🚀 WebRTC service available: true
 [CallModal] 🎥 Processing webrtc_stream_ready for REMOTE participant: cmeumah180000kuygq63oa1qx
 [CallModal] 🔗 Active peer connections: Array(0)
 [CallModal] 🔗 Has connection to cmeumah180000kuygq63oa1qx : false
 [CallModal] 🚀 Creating peer connection to cmeumah180000kuygq63oa1qx
 [WebRTC] 📞 Safe creating offer for participant: cmeumah180000kuygq63oa1qx
 [WebRTC] ⏳ Waiting for local stream to be ready...
 [WebRTC] 🔍 hasLocalStream: Object
 [WebRTC] ✅ Local stream is ready!
 [WebRTC] Creating peer connection for: cmeumah180000kuygq63oa1qx
 [WebRTC] ⚠️ Peer connection already exists for: cmeumah180000kuygq63oa1qx Object
 [WebRTC] 🔄 Existing connection unhealthy, creating new one for: cmeumah180000kuygq63oa1qx
 [WebRTC] ✅ Local stream validation passed: Object
 [WebRTC] 🚀 Applying low-latency optimizations for peer connection: cmeumah180000kuygq63oa1qx
 [WebRTC] Adding local tracks to peer connection: Array(1)
 [WebRTC] Adding live track to peer connection: audio Microphone Array (Realtek(R) Audio)
 [WebRTC] ✅ Track added successfully: audio sender: true
 [WebRTC] ✅ Added 1 tracks with low-latency transceivers for: cmeumah180000kuygq63oa1qx
 [WebRTC] Applying 43 buffered ICE candidates for: cmeumah180000kuygq63oa1qx
 [WebRTC] ⏳ Keeping ICE candidate buffered - no remote description yet
 [WebRTC] 🎵 Applied ultra-low latency constraints to live audio track
 [WebRTC] 🚀 Optimizing SDP for ultra-low latency...
 [WebRTC] ✅ SDP optimized for ultra-low latency
 [CallModal] 🔍 WebRTC stream ready for participant: cmeumah180000kuygq63oa1qx
 [CallModal] 🔍 Our callId: call-1757384369155-78u7pu5k6 Event callId: call-1757384369155-78u7pu5k6
 [CallModal] 🔍 Our user ID: cmeifn5qp002dkunge64m0xss
 [CallModal] 🔍 Current call state: ringing
 [CallModal] 🔍 Current participant states: Object
 [CallModal] ✅ Processing REMOTE stream ready event
 [CallModal] 🆔 Our session ID: cmeifn5qp002dkunge64m0xss
 [CallModal] 🆔 Remote participant ID: cmeumah180000kuygq63oa1qx
 [CallModal] 🔍 Stream data: Object
 [CallModal] 🚀 INITIATING PEER CONNECTION for remote participant: cmeumah180000kuygq63oa1qx
 [CallModal] 🚀 WebRTC service available: true
 [CallModal] 🎥 Processing webrtc_stream_ready for REMOTE participant: cmeumah180000kuygq63oa1qx
 [CallModal] 🔗 Active peer connections: Array(0)
 [CallModal] 🔗 Has connection to cmeumah180000kuygq63oa1qx : false
 [CallModal] 🚀 Creating peer connection to cmeumah180000kuygq63oa1qx
 [WebRTC] 📞 Safe creating offer for participant: cmeumah180000kuygq63oa1qx
 [WebRTC] ⏳ Waiting for local stream to be ready...
 [WebRTC] 🔍 hasLocalStream: Object
 [WebRTC] ✅ Local stream is ready!
 [WebRTC] Creating peer connection for: cmeumah180000kuygq63oa1qx
 [WebRTC] ⚠️ Peer connection already exists for: cmeumah180000kuygq63oa1qx Object
 [WebRTC] 🔄 Existing connection unhealthy, creating new one for: cmeumah180000kuygq63oa1qx
 [WebRTC] ✅ Local stream validation passed: Object
 [WebRTC] 🚀 Applying low-latency optimizations for peer connection: cmeumah180000kuygq63oa1qx
 [WebRTC] Adding local tracks to peer connection: Array(1)
 [WebRTC] Adding live track to peer connection: audio Microphone Array (Realtek(R) Audio)
 [WebRTC] ✅ Track added successfully: audio sender: true
 [WebRTC] ✅ Added 1 tracks with low-latency transceivers for: cmeumah180000kuygq63oa1qx
 [WebRTC] Applying 43 buffered ICE candidates for: cmeumah180000kuygq63oa1qx
 [WebRTC] ⏳ Keeping ICE candidate buffered - no remote description yet
 [CallModal] Audio loadeddata event for cmeifml0h001okung0i95m8s6
 [CallModal] Audio loadeddata event for cmeifml0h001okung0i95m8s6
 [CallModal] Audio can play for cmeifml0h001okung0i95m8s6
 [CallModal] Audio canplay event for cmeifml0h001okung0i95m8s6
 [CallModal] Audio canplay event for cmeifml0h001okung0i95m8s6
 [CallModal] Audio is playing for cmeifml0h001okung0i95m8s6
 [CallModal] ✅ Audio playing immediately for participant cmeifml0h001okung0i95m8s6
 [CallModal] ✅ Audio playing immediately for participant cmeifml0h001okung0i95m8s6
 [CallModal] ✅ Audio playing immediately for participant cmeifml0h001okung0i95m8s6
 [CallModal] ✅ Audio playing immediately for participant cmeifml0h001okung0i95m8s6
 [CallModal] ✅ Audio playing immediately for participant cmeifml0h001okung0i95m8s6
 [WebRTC] 🎵 Applied ultra-low latency constraints to live audio track
 [WebRTC] 🚀 Optimizing SDP for ultra-low latency...
 [WebRTC] ✅ SDP optimized for ultra-low latency
 [WebRTC] 📡 Sending offer to participant: cmeumah180000kuygq63oa1qx
 [CallModal] ✅ Peer connection offer created successfully
 [CallModal] Retrieved remote stream for cmeumah180000kuygq63oa1qx : false
 [CallModal] ⏰ No remote stream found yet for participant: cmeumah180000kuygq63oa1qx - WebRTC connection may still be establishing
 [CallModal] 🔄 Scheduling retry for remote stream retrieval
 [WebRTC] Sending ICE candidate to: cmeumah180000kuygq63oa1qx
 [WebRTC] Sending ICE candidate to: cmeumah180000kuygq63oa1qx
 [WebRTC] Sending ICE candidate to: cmeumah180000kuygq63oa1qx
 [WebRTC] Sending ICE candidate to: cmeumah180000kuygq63oa1qx
 [WebRTC] Excellent network detected - restoring quality
 [WebRTC] Improved audio quality for: cmeifml0h001okung0i95m8s6
 [WebRTC] 🎵 Set ultra-low latency audio parameters
 [WebRTC] Sending ICE candidate to: cmeumah180000kuygq63oa1qx
 [WebRTC] Sending ICE candidate to: cmeumah180000kuygq63oa1qx
 [WebRTC] Sending ICE candidate to: cmeumah180000kuygq63oa1qx
 [CallModal] 🔄 Retry - Retrieved remote stream for cmeumah180000kuygq63oa1qx : false
 [CallModal] ❌ Retry failed - Remote stream still not available for: cmeumah180000kuygq63oa1qx
eval @ webpack-internal:///…t/CallModal.tsx:964
 [WebRTC] Sending ICE candidate to: cmeumah180000kuygq63oa1qx
 [CallModal] Rendered - voice call opened
 [CallModal] Rendered - voice call opened
 [VoiceParticipant] Tester voice activity debug: Object
 [VoiceParticipant] Tester voice activity debug: Object
 [CallModal] 🔊 Setting up audio element for participant cmeifml0h001okung0i95m8s6
 [CallModal] Stream details: Object
 [CallModal] Previous audio element for cmeifml0h001okung0i95m8s6: false
 [CallModal] Cleared previous srcObject for cmeifml0h001okung0i95m8s6
 [VoiceActivity] Effect triggered: Object
 [VoiceActivity] Initializing for stream: 22684b8b-e675-484e-8ba1-c9d3f02f2c18 with 1 audio tracks
 [VoiceActivity] Effect triggered: Object
 [VoiceActivity] Initializing for stream: 22684b8b-e675-484e-8ba1-c9d3f02f2c18 with 1 audio tracks
 [CallModal] Audio loadeddata event for cmeifml0h001okung0i95m8s6
 [CallModal] Audio can play for cmeifml0h001okung0i95m8s6
 [CallModal] Audio canplay event for cmeifml0h001okung0i95m8s6
 [CallModal] Audio is playing for cmeifml0h001okung0i95m8s6
 [CallModal] ✅ Audio playing immediately for participant cmeifml0h001okung0i95m8s6
 [CallModal] ✅ Audio playing immediately for participant cmeifml0h001okung0i95m8s6
 [CallModal] ✅ Audio playing immediately for participant cmeifml0h001okung0i95m8s6
 [CallModal] 🔍 WebRTC stream ready for participant: cmeifml0h001okung0i95m8s6
 [CallModal] 🔍 Our callId: call-1757384369155-78u7pu5k6 Event callId: call-1757384369155-78u7pu5k6
 [CallModal] 🔍 Our user ID: cmeifn5qp002dkunge64m0xss
 [CallModal] 🔍 Current call state: ringing
 [CallModal] 🔍 Current participant states: Object
 [CallModal] ✅ Processing REMOTE stream ready event
 [CallModal] 🆔 Our session ID: cmeifn5qp002dkunge64m0xss
 [CallModal] 🆔 Remote participant ID: cmeifml0h001okung0i95m8s6
 [CallModal] 🔍 Stream data: Object
 [CallModal] 🚀 INITIATING PEER CONNECTION for remote participant: cmeifml0h001okung0i95m8s6
 [CallModal] 🚀 WebRTC service available: true
 [CallModal] 🎥 Processing webrtc_stream_ready for REMOTE participant: cmeifml0h001okung0i95m8s6
 [CallModal] 🔗 Active peer connections: Array(0)
 [CallModal] 🔗 Has connection to cmeifml0h001okung0i95m8s6 : false
 [CallModal] 🚀 Creating peer connection to cmeifml0h001okung0i95m8s6
 [WebRTC] 📞 Safe creating offer for participant: cmeifml0h001okung0i95m8s6
 [WebRTC] ⏳ Waiting for local stream to be ready...
 [WebRTC] 🔍 hasLocalStream: Object
 [WebRTC] ✅ Local stream is ready!
 [WebRTC] Creating peer connection for: cmeifml0h001okung0i95m8s6
 [WebRTC] ⚠️ Peer connection already exists for: cmeifml0h001okung0i95m8s6 Object
 [WebRTC] ✅ Reusing healthy existing connection for: cmeifml0h001okung0i95m8s6
 [CallModal] 🔍 WebRTC stream ready for participant: cmeifml0h001okung0i95m8s6
 [CallModal] 🔍 Our callId: call-1757384369155-78u7pu5k6 Event callId: call-1757384369155-78u7pu5k6
 [CallModal] 🔍 Our user ID: cmeifn5qp002dkunge64m0xss
 [CallModal] 🔍 Current call state: ringing
 [CallModal] 🔍 Current participant states: Object
 [CallModal] ✅ Processing REMOTE stream ready event
 [CallModal] 🆔 Our session ID: cmeifn5qp002dkunge64m0xss
 [CallModal] 🆔 Remote participant ID: cmeifml0h001okung0i95m8s6
 [CallModal] 🔍 Stream data: Object
 [CallModal] 🚀 INITIATING PEER CONNECTION for remote participant: cmeifml0h001okung0i95m8s6
 [CallModal] 🚀 WebRTC service available: true
 [CallModal] 🎥 Processing webrtc_stream_ready for REMOTE participant: cmeifml0h001okung0i95m8s6
 [CallModal] 🔗 Active peer connections: Array(0)
 [CallModal] 🔗 Has connection to cmeifml0h001okung0i95m8s6 : false
 [CallModal] 🚀 Creating peer connection to cmeifml0h001okung0i95m8s6
 [WebRTC] 📞 Safe creating offer for participant: cmeifml0h001okung0i95m8s6
 [WebRTC] ⏳ Waiting for local stream to be ready...
 [WebRTC] 🔍 hasLocalStream: Object
 [WebRTC] ✅ Local stream is ready!
 [WebRTC] Creating peer connection for: cmeifml0h001okung0i95m8s6
 [WebRTC] ⚠️ Peer connection already exists for: cmeifml0h001okung0i95m8s6 Object
 [WebRTC] ✅ Reusing healthy existing connection for: cmeifml0h001okung0i95m8s6
 [WebRTC] 🚀 Optimizing SDP for ultra-low latency...
 [WebRTC] ✅ SDP optimized for ultra-low latency
 [WebRTC] 🚀 Optimizing SDP for ultra-low latency...
 [WebRTC] ✅ SDP optimized for ultra-low latency
 [WebRTC] 📡 Sending offer to participant: cmeifml0h001okung0i95m8s6
 [CallModal] ✅ Peer connection offer created successfully
 [CallModal] Retrieved remote stream for cmeifml0h001okung0i95m8s6 : true
 [CallModal] Remote stream tracks: Array(1)
 [CallModal] ✅ Remote stream added to state for VideoGrid
 [CallModal] Rendered - voice call opened
 [CallModal] Updated remote streams map, now has: Array(1)
 [CallModal] Updated remote streams map, now has: Array(1)
 [CallModal] Rendered - voice call opened
 [VoiceParticipant] Tester voice activity debug: Object
 [VoiceParticipant] Tester voice activity debug: Object
 [CallModal] 🔊 Setting up audio element for participant cmeifml0h001okung0i95m8s6
 [CallModal] Stream details: Object
 [CallModal] Previous audio element for cmeifml0h001okung0i95m8s6: false
 [CallModal] Cleared previous srcObject for cmeifml0h001okung0i95m8s6
 [VoiceActivity] Effect triggered: Object
 [VoiceActivity] Initializing for stream: 22684b8b-e675-484e-8ba1-c9d3f02f2c18 with 1 audio tracks
 [CallModal] Updated peer connections for performance monitoring: 2
 [CallModal] Peer connection participants: Array(2)
 [VoiceActivity] Effect triggered: Object
 [VoiceActivity] Initializing for stream: 22684b8b-e675-484e-8ba1-c9d3f02f2c18 with 1 audio tracks
 [WebRTC] 📡 Sending offer to participant: cmeifml0h001okung0i95m8s6
 [CallModal] ✅ Peer connection offer created successfully
 [CallModal] Retrieved remote stream for cmeifml0h001okung0i95m8s6 : true
 [CallModal] Remote stream tracks: Array(1)
 [CallModal] ✅ Remote stream added to state for VideoGrid
 [CallModal] 🔍 WebRTC stream ready for participant: cmeumah180000kuygq63oa1qx
 [CallModal] 🔍 Our callId: call-1757384369155-78u7pu5k6 Event callId: call-1757384369155-78u7pu5k6
 [CallModal] 🔍 Our user ID: cmeifn5qp002dkunge64m0xss
 [CallModal] 🔍 Current call state: ringing
 [CallModal] 🔍 Current participant states: Object
 [CallModal] ✅ Processing REMOTE stream ready event
 [CallModal] 🆔 Our session ID: cmeifn5qp002dkunge64m0xss
 [CallModal] 🆔 Remote participant ID: cmeumah180000kuygq63oa1qx
 [CallModal] 🔍 Stream data: Object
 [CallModal] 🚀 INITIATING PEER CONNECTION for remote participant: cmeumah180000kuygq63oa1qx
 [CallModal] 🚀 WebRTC service available: true
 [CallModal] 🎥 Processing webrtc_stream_ready for REMOTE participant: cmeumah180000kuygq63oa1qx
 [CallModal] 🔗 Active peer connections: Array(0)
 [CallModal] 🔗 Has connection to cmeumah180000kuygq63oa1qx : false
 [CallModal] 🚀 Creating peer connection to cmeumah180000kuygq63oa1qx
 [WebRTC] 📞 Safe creating offer for participant: cmeumah180000kuygq63oa1qx
 [WebRTC] ⏳ Waiting for local stream to be ready...
 [WebRTC] 🔍 hasLocalStream: Object
 [WebRTC] ✅ Local stream is ready!
 [WebRTC] Creating peer connection for: cmeumah180000kuygq63oa1qx
 [WebRTC] ⚠️ Peer connection already exists for: cmeumah180000kuygq63oa1qx Object
 [WebRTC] 🔄 Existing connection unhealthy, creating new one for: cmeumah180000kuygq63oa1qx
 [WebRTC] ✅ Local stream validation passed: Object
 [WebRTC] 🚀 Applying low-latency optimizations for peer connection: cmeumah180000kuygq63oa1qx
 [WebRTC] Adding local tracks to peer connection: Array(1)
 [WebRTC] Adding live track to peer connection: audio Microphone Array (Realtek(R) Audio)
 [WebRTC] ✅ Track added successfully: audio sender: true
 [WebRTC] ✅ Added 1 tracks with low-latency transceivers for: cmeumah180000kuygq63oa1qx
 [WebRTC] Applying 43 buffered ICE candidates for: cmeumah180000kuygq63oa1qx
 [WebRTC] ⏳ Keeping ICE candidate buffered - no remote description yet
 [CallModal] Rendered - voice call opened
 [CallModal] Updated remote streams map, now has: Array(1)
 [CallModal] Updated remote streams map, now has: Array(1)
 [CallModal] Rendered - voice call opened
 [VoiceParticipant] Tester voice activity debug: Object
 [VoiceParticipant] Tester voice activity debug: Object
 [CallModal] 🔊 Setting up audio element for participant cmeifml0h001okung0i95m8s6
 [CallModal] Stream details: Object
 [CallModal] Previous audio element for cmeifml0h001okung0i95m8s6: false
 [CallModal] Cleared previous srcObject for cmeifml0h001okung0i95m8s6
 [VoiceActivity] Effect triggered: Object
 [VoiceActivity] Initializing for stream: 22684b8b-e675-484e-8ba1-c9d3f02f2c18 with 1 audio tracks
 [CallModal] Updated peer connections for performance monitoring: 2
 [CallModal] Peer connection participants: Array(2)
 [useCallPerformance] Connection states: Array(2)
 [useCallPerformance] Starting monitoring for 1 valid connections
 [VoiceActivity] Effect triggered: Object
 [VoiceActivity] Initializing for stream: 22684b8b-e675-484e-8ba1-c9d3f02f2c18 with 1 audio tracks
 [CallModal] ✅ Audio playing immediately for participant cmeifml0h001okung0i95m8s6
 [CallModal] 🔍 WebRTC stream ready for participant: cmeumah180000kuygq63oa1qx
 [CallModal] 🔍 Our callId: call-1757384369155-78u7pu5k6 Event callId: call-1757384369155-78u7pu5k6
 [CallModal] 🔍 Our user ID: cmeifn5qp002dkunge64m0xss
 [CallModal] 🔍 Current call state: ringing
 [CallModal] 🔍 Current participant states: Object
 [CallModal] ✅ Processing REMOTE stream ready event
 [CallModal] 🆔 Our session ID: cmeifn5qp002dkunge64m0xss
 [CallModal] 🆔 Remote participant ID: cmeumah180000kuygq63oa1qx
 [CallModal] 🔍 Stream data: Object
 [CallModal] 🚀 INITIATING PEER CONNECTION for remote participant: cmeumah180000kuygq63oa1qx
 [CallModal] 🚀 WebRTC service available: true
 [CallModal] 🎥 Processing webrtc_stream_ready for REMOTE participant: cmeumah180000kuygq63oa1qx
 [CallModal] 🔗 Active peer connections: Array(0)
 [CallModal] 🔗 Has connection to cmeumah180000kuygq63oa1qx : false
 [CallModal] 🚀 Creating peer connection to cmeumah180000kuygq63oa1qx
 [WebRTC] 📞 Safe creating offer for participant: cmeumah180000kuygq63oa1qx
 [WebRTC] ⏳ Waiting for local stream to be ready...
 [WebRTC] 🔍 hasLocalStream: Object
 [WebRTC] ✅ Local stream is ready!
 [WebRTC] Creating peer connection for: cmeumah180000kuygq63oa1qx
 [WebRTC] ⚠️ Peer connection already exists for: cmeumah180000kuygq63oa1qx Object
 [WebRTC] 🔄 Existing connection unhealthy, creating new one for: cmeumah180000kuygq63oa1qx
 [WebRTC] ✅ Local stream validation passed: Object
 [WebRTC] 🚀 Applying low-latency optimizations for peer connection: cmeumah180000kuygq63oa1qx
 [WebRTC] Adding local tracks to peer connection: Array(1)
 [WebRTC] Adding live track to peer connection: audio Microphone Array (Realtek(R) Audio)
 [WebRTC] ✅ Track added successfully: audio sender: true
 [WebRTC] ✅ Added 1 tracks with low-latency transceivers for: cmeumah180000kuygq63oa1qx
 [WebRTC] Applying 43 buffered ICE candidates for: cmeumah180000kuygq63oa1qx
 [WebRTC] ⏳ Keeping ICE candidate buffered - no remote description yet
 [WebRTC] 🎵 Applied ultra-low latency constraints to live audio track
 [CallModal] Rendered - voice call opened
 [CallModal] Rendered - voice call opened
 [VoiceParticipant] Tester voice activity debug: Object
 [VoiceParticipant] Tester voice activity debug: Object
 [CallModal] 🔊 Setting up audio element for participant cmeifml0h001okung0i95m8s6
 [CallModal] Stream details: Object
 [CallModal] Previous audio element for cmeifml0h001okung0i95m8s6: false
 [CallModal] Cleared previous srcObject for cmeifml0h001okung0i95m8s6
 [VoiceActivity] Effect triggered: Object
 [VoiceActivity] Initializing for stream: 22684b8b-e675-484e-8ba1-c9d3f02f2c18 with 1 audio tracks
 [useCallPerformance] Connection states: Array(2)
 [useCallPerformance] Starting monitoring for 1 valid connections
 [VoiceActivity] Effect triggered: Object
 [VoiceActivity] Initializing for stream: 22684b8b-e675-484e-8ba1-c9d3f02f2c18 with 1 audio tracks
 [CallModal] ✅ Audio playing immediately for participant cmeifml0h001okung0i95m8s6
 [useCallPerformance] Network metrics: Object
 [useCallPerformance] Skipping stats for cmeumah180000kuygq63oa1qx - connection state: closed
eval @ webpack-internal:///…lPerformance.ts:102
 [WebRTC] 🚀 Optimizing SDP for ultra-low latency...
 [WebRTC] ✅ SDP optimized for ultra-low latency
 [WebRTC] 🎵 Set ultra-low latency audio parameters
 [useCallPerformance] Network metrics: Object
 [useCallPerformance] Skipping stats for cmeumah180000kuygq63oa1qx - connection state: closed
eval @ webpack-internal:///…lPerformance.ts:102
 [CallModal] Rendered - voice call opened
 [CallModal] Rendered - voice call opened
 [VoiceParticipant] Tester voice activity debug: Object
 [VoiceParticipant] Tester voice activity debug: Object
 [CallModal] 🔊 Setting up audio element for participant cmeifml0h001okung0i95m8s6
 [CallModal] Stream details: Object
 [CallModal] Previous audio element for cmeifml0h001okung0i95m8s6: false
 [CallModal] Cleared previous srcObject for cmeifml0h001okung0i95m8s6
 [VoiceActivity] Effect triggered: Object
 [VoiceActivity] Initializing for stream: 22684b8b-e675-484e-8ba1-c9d3f02f2c18 with 1 audio tracks
 [VoiceActivity] Effect triggered: Object
 [VoiceActivity] Initializing for stream: 22684b8b-e675-484e-8ba1-c9d3f02f2c18 with 1 audio tracks
 [CallModal] ✅ Audio playing immediately for participant cmeifml0h001okung0i95m8s6
 [WebRTC] 🎵 Applied ultra-low latency constraints to live audio track
 [WebRTC] 📡 Sending offer to participant: cmeumah180000kuygq63oa1qx
 [CallModal] ✅ Peer connection offer created successfully
 [CallModal] Retrieved remote stream for cmeumah180000kuygq63oa1qx : false
 [CallModal] ⏰ No remote stream found yet for participant: cmeumah180000kuygq63oa1qx - WebRTC connection may still be establishing
 [CallModal] 🔄 Scheduling retry for remote stream retrieval
 [CallModal] Audio loadeddata event for cmeifml0h001okung0i95m8s6
 [CallModal] Audio loadeddata event for cmeifml0h001okung0i95m8s6
 [CallModal] Audio loadeddata event for cmeifml0h001okung0i95m8s6
 [CallModal] Audio loadeddata event for cmeifml0h001okung0i95m8s6
 [CallModal] Audio can play for cmeifml0h001okung0i95m8s6
 [CallModal] Audio canplay event for cmeifml0h001okung0i95m8s6
 [CallModal] Audio canplay event for cmeifml0h001okung0i95m8s6
 [CallModal] Audio canplay event for cmeifml0h001okung0i95m8s6
 [CallModal] Audio canplay event for cmeifml0h001okung0i95m8s6
 [CallModal] Audio is playing for cmeifml0h001okung0i95m8s6
 [CallModal] ✅ Audio playing immediately for participant cmeifml0h001okung0i95m8s6
 [CallModal] ✅ Audio playing immediately for participant cmeifml0h001okung0i95m8s6
 [CallModal] ✅ Audio playing immediately for participant cmeifml0h001okung0i95m8s6
 [CallModal] ✅ Audio playing immediately for participant cmeifml0h001okung0i95m8s6
 [CallModal] ✅ Audio playing immediately for participant cmeifml0h001okung0i95m8s6
 [CallModal] ✅ Audio playing immediately for participant cmeifml0h001okung0i95m8s6
 [CallModal] ✅ Audio playing immediately for participant cmeifml0h001okung0i95m8s6
 [CallModal] ✅ Audio playing immediately for participant cmeifml0h001okung0i95m8s6
 [CallModal] ✅ Audio playing immediately for participant cmeifml0h001okung0i95m8s6
 [WebRTC Enhanced] Resource monitoring - Active peers: 2
 [CallModal] 🔄 Retry - Retrieved remote stream for cmeumah180000kuygq63oa1qx : false
 [CallModal] ❌ Retry failed - Remote stream still not available for: cmeumah180000kuygq63oa1qx
eval @ webpack-internal:///…t/CallModal.tsx:964
 [WebRTC] Sending ICE candidate to: cmeumah180000kuygq63oa1qx
 [WebRTC] Sending ICE candidate to: cmeumah180000kuygq63oa1qx
 [WebRTC] Sending ICE candidate to: cmeumah180000kuygq63oa1qx
 [WebRTC] Sending ICE candidate to: cmeumah180000kuygq63oa1qx
 [WebRTC] Sending ICE candidate to: cmeumah180000kuygq63oa1qx
 [WebRTC] Sending ICE candidate to: cmeumah180000kuygq63oa1qx
 [WebRTC] Sending ICE candidate to: cmeumah180000kuygq63oa1qx
 [WebRTC] Sending ICE candidate to: cmeumah180000kuygq63oa1qx
 [CallModal] Rendered - voice call opened
 [CallModal] Rendered - voice call opened
 [VoiceParticipant] Tester voice activity debug: Object
 [VoiceParticipant] Tester voice activity debug: Object
 [CallModal] 🔊 Setting up audio element for participant cmeifml0h001okung0i95m8s6
 [CallModal] Stream details: Object
 [CallModal] Previous audio element for cmeifml0h001okung0i95m8s6: false
 [CallModal] Cleared previous srcObject for cmeifml0h001okung0i95m8s6
 [VoiceActivity] Effect triggered: Object
 [VoiceActivity] Initializing for stream: 22684b8b-e675-484e-8ba1-c9d3f02f2c18 with 1 audio tracks
 [VoiceActivity] Effect triggered: Object
 [VoiceActivity] Initializing for stream: 22684b8b-e675-484e-8ba1-c9d3f02f2c18 with 1 audio tracks
 [CallModal] Audio loadeddata event for cmeifml0h001okung0i95m8s6
 [CallModal] Audio can play for cmeifml0h001okung0i95m8s6
 [CallModal] Audio canplay event for cmeifml0h001okung0i95m8s6
 [CallModal] Audio is playing for cmeifml0h001okung0i95m8s6
 [CallModal] ✅ Audio playing immediately for participant cmeifml0h001okung0i95m8s6
 [CallModal] ✅ Audio playing immediately for participant cmeifml0h001okung0i95m8s6
 [CallModal] ✅ Audio playing immediately for participant cmeifml0h001okung0i95m8s6
 Updated online status for user cmeifml0h001okung0i95m8s6 in conversation cmeifnahq003ekungumhkl6ux
 ChatSidebar: Filtering conversations Object
 ChatSidebar: Group conversation cmfbwdnf60000kuzg41ovkra2 (New Group) - members: 3
 ChatSidebar: Filtering conversations Object
 ChatSidebar: Group conversation cmfbwdnf60000kuzg41ovkra2 (New Group) - members: 3
 ChatSidebar: Group conversation cmew64hqq0008kud8i3zywuwd (Test) - members: 3
 Updated online status for user cmeifml0h001okung0i95m8s6 in conversation cmeifnahq003ekungumhkl6ux
 🏠 ChatWindow mounted/re-rendered with conversationId: null
 🏠 ChatWindow mounted/re-rendered with conversationId: null
 [CallModal] Rendered - voice call opened
 [CallModal] Rendered - voice call opened
 [VoiceParticipant] Tester voice activity debug: Object
 [VoiceParticipant] Tester voice activity debug: Object
 [CallModal] 🔊 Setting up audio element for participant cmeifml0h001okung0i95m8s6
 [CallModal] Stream details: Object
 [CallModal] Previous audio element for cmeifml0h001okung0i95m8s6: false
 [CallModal] Cleared previous srcObject for cmeifml0h001okung0i95m8s6
 ChatSidebar: Conversations updated, count: 4
 ChatSidebar: Latest conversation: cmfbwdnf60000kuzg41ovkra2 last message: cmfbx8gcx0007kutn3b3m0jwd
 [VoiceActivity] Effect triggered: Object
 [VoiceActivity] Initializing for stream: 22684b8b-e675-484e-8ba1-c9d3f02f2c18 with 1 audio tracks
 [CallModal] Initialized active participants (excluding self): Array(1)
 [CallModal] Skipping connection verification - no WebRTC or participants
 [VoiceActivity] Effect triggered: Object
 [VoiceActivity] Initializing for stream: 22684b8b-e675-484e-8ba1-c9d3f02f2c18 with 1 audio tracks
 [CallModal] Audio loadeddata event for cmeifml0h001okung0i95m8s6
 [CallModal] Audio can play for cmeifml0h001okung0i95m8s6
 [CallModal] Audio canplay event for cmeifml0h001okung0i95m8s6
 [CallModal] Audio is playing for cmeifml0h001okung0i95m8s6
 [CallModal] ✅ Audio playing immediately for participant cmeifml0h001okung0i95m8s6
 [CallModal] ✅ Audio playing immediately for participant cmeifml0h001okung0i95m8s6
 [CallModal] ✅ Audio playing immediately for participant cmeifml0h001okung0i95m8s6
 SocketContext: Heartbeat sent successfully
 [CallModal] Rendered - voice call opened
 [CallModal] Rendered - voice call opened
 [VoiceParticipant] Tester voice activity debug: Object
 [VoiceParticipant] Tester voice activity debug: Object
 [CallModal] 🔊 Setting up audio element for participant cmeifml0h001okung0i95m8s6
 [CallModal] Stream details: Object
 [CallModal] Previous audio element for cmeifml0h001okung0i95m8s6: false
 [CallModal] Cleared previous srcObject for cmeifml0h001okung0i95m8s6
 [VoiceActivity] Effect triggered: Object
 [VoiceActivity] Initializing for stream: 22684b8b-e675-484e-8ba1-c9d3f02f2c18 with 1 audio tracks
 [CallModal] 🆘 EMERGENCY WebRTC RECOVERY - Call is connected but WebRTC needs help!
 [CallModal] 🔧 Emergency details: Object
 [VoiceActivity] Effect triggered: Object
 [VoiceActivity] Initializing for stream: 22684b8b-e675-484e-8ba1-c9d3f02f2c18 with 1 audio tracks
 [CallModal] Audio loadeddata event for cmeifml0h001okung0i95m8s6
 [CallModal] Audio can play for cmeifml0h001okung0i95m8s6
 [CallModal] Audio canplay event for cmeifml0h001okung0i95m8s6
 [CallModal] Audio is playing for cmeifml0h001okung0i95m8s6
 [CallModal] ✅ Audio playing immediately for participant cmeifml0h001okung0i95m8s6
 [CallModal] ✅ Audio playing immediately for participant cmeifml0h001okung0i95m8s6
 [CallModal] ✅ Audio playing immediately for participant cmeifml0h001okung0i95m8s6
 [WebRTC] Excellent network detected - restoring quality
 [WebRTC] Improved audio quality for: cmeifml0h001okung0i95m8s6
 [CallModal] 🔗 Emergency connecting to participants: Array(1)
 [WebRTC] Initiating connections with participants: Array(1)
 [WebRTC] 📞 Creating offer for participant: cmeifml0h001okung0i95m8s6
 [WebRTC] Creating peer connection for: cmeifml0h001okung0i95m8s6
 [WebRTC] ⚠️ Peer connection already exists for: cmeifml0h001okung0i95m8s6 Object
 [WebRTC] ✅ Reusing healthy existing connection for: cmeifml0h001okung0i95m8s6
 [WebRTC] Local stream verification - tracks: 1
 [WebRTC] 🔍 Peer connection senders before offer: 2
 [WebRTC]   Sender 0: Object
 [WebRTC]   Sender 1: Object
 [WebRTC] Creating offer with low-latency options...
 [WebRTC] 🚀 Optimizing SDP for ultra-low latency...
 [WebRTC] ✅ SDP optimized for ultra-low latency
 [WebRTC] Offer created and SDP optimized, analyzing...
 [WebRTC] 🔍 Offer SDP analysis: Object
 [WebRTC] Setting local description...
 [WebRTC] 📡 Sending offer to participant: cmeifml0h001okung0i95m8s6
 [WebRTC] ✅ Offer successfully sent to: cmeifml0h001okung0i95m8s6
 [CallModal] Updated peer connections for performance monitoring: 2
 [CallModal] Peer connection participants: Array(2)
 [CallModal] Rendered - voice call opened
 [CallModal] Rendered - voice call opened
 [VoiceParticipant] Tester voice activity debug: Object
 [VoiceParticipant] Tester voice activity debug: Object
 [CallModal] 🔊 Setting up audio element for participant cmeifml0h001okung0i95m8s6
 [CallModal] Stream details: Object
 [CallModal] Previous audio element for cmeifml0h001okung0i95m8s6: false
 [CallModal] Cleared previous srcObject for cmeifml0h001okung0i95m8s6
 [VoiceActivity] Effect triggered: Object
 [VoiceActivity] Initializing for stream: 22684b8b-e675-484e-8ba1-c9d3f02f2c18 with 1 audio tracks
 [useCallPerformance] Connection states: Array(2)
 [useCallPerformance] Starting monitoring for 2 valid connections
 [VoiceActivity] Effect triggered: Object
 [VoiceActivity] Initializing for stream: 22684b8b-e675-484e-8ba1-c9d3f02f2c18 with 1 audio tracks
 [useCallPerformance] Network metrics: Object
 [CallModal] Audio loadeddata event for cmeifml0h001okung0i95m8s6
 [CallModal] Audio can play for cmeifml0h001okung0i95m8s6
 [CallModal] Audio canplay event for cmeifml0h001okung0i95m8s6
 [CallModal] Audio is playing for cmeifml0h001okung0i95m8s6
 [CallModal] ✅ Audio playing immediately for participant cmeifml0h001okung0i95m8s6
 [CallModal] ✅ Audio playing immediately for participant cmeifml0h001okung0i95m8s6
 [CallModal] ✅ Audio playing immediately for participant cmeifml0h001okung0i95m8s6
 [useCallPerformance] No valid network data yet, assuming good quality
 [CallModal] Rendered - voice call opened
 [CallModal] Rendered - voice call opened
 [VoiceParticipant] Tester voice activity debug: Object
 [VoiceParticipant] Tester voice activity debug: Object
 [CallModal] 🔊 Setting up audio element for participant cmeifml0h001okung0i95m8s6
 [CallModal] Stream details: Object
 [CallModal] Previous audio element for cmeifml0h001okung0i95m8s6: false
 [CallModal] Cleared previous srcObject for cmeifml0h001okung0i95m8s6
 [VoiceActivity] Effect triggered: Object
 [VoiceActivity] Initializing for stream: 22684b8b-e675-484e-8ba1-c9d3f02f2c18 with 1 audio tracks
 [VoiceActivity] Effect triggered: Object
 [VoiceActivity] Initializing for stream: 22684b8b-e675-484e-8ba1-c9d3f02f2c18 with 1 audio tracks
 [WebRTC] Received answer: Object
 [WebRTC] Processing answer from: cmeifml0h001okung0i95m8s6
 [WebRTC] Current signaling state: have-local-offer
 [WebRTC] Setting remote description from answer
 [CallModal] Audio loadeddata event for cmeifml0h001okung0i95m8s6
 [CallModal] Audio can play for cmeifml0h001okung0i95m8s6
 [CallModal] Audio canplay event for cmeifml0h001okung0i95m8s6
 [CallModal] Audio is playing for cmeifml0h001okung0i95m8s6
 [CallModal] ✅ Audio playing immediately for participant cmeifml0h001okung0i95m8s6
 [CallModal] ✅ Audio playing immediately for participant cmeifml0h001okung0i95m8s6
 [CallModal] ✅ Audio playing immediately for participant cmeifml0h001okung0i95m8s6
 [CallModal] Rendered - voice call opened
 [CallModal] Rendered - voice call opened
 [VoiceParticipant] Tester voice activity debug: Object
 [VoiceParticipant] Tester voice activity debug: Object
 [CallModal] 🔊 Setting up audio element for participant cmeifml0h001okung0i95m8s6
 [CallModal] Stream details: Object
 [CallModal] Previous audio element for cmeifml0h001okung0i95m8s6: false
 [CallModal] Cleared previous srcObject for cmeifml0h001okung0i95m8s6
 [VoiceActivity] Effect triggered: Object
 [VoiceActivity] Initializing for stream: 22684b8b-e675-484e-8ba1-c9d3f02f2c18 with 1 audio tracks
 [VoiceActivity] Effect triggered: Object
 [VoiceActivity] Initializing for stream: 22684b8b-e675-484e-8ba1-c9d3f02f2c18 with 1 audio tracks
 [WebRTC] Remote description set, applying any buffered ICE candidates
 [WebRTC] Remote description set successfully for: cmeifml0h001okung0i95m8s6
 [WebRTC] Connection state: connected
 [CallModal] Audio loadeddata event for cmeifml0h001okung0i95m8s6
 [CallModal] Audio can play for cmeifml0h001okung0i95m8s6
 [CallModal] Audio canplay event for cmeifml0h001okung0i95m8s6
 [CallModal] Audio is playing for cmeifml0h001okung0i95m8s6
 [CallModal] ✅ Audio playing immediately for participant cmeifml0h001okung0i95m8s6
 [CallModal] ✅ Audio playing immediately for participant cmeifml0h001okung0i95m8s6
 [CallModal] ✅ Audio playing immediately for participant cmeifml0h001okung0i95m8s6
 [WebRTC] 🔍 Post-offer state for cmeifml0h001okung0i95m8s6 : Object
 NotificationContext: Window focused
 🏠 ChatWindow mounted/re-rendered with conversationId: null
 🏠 ChatWindow mounted/re-rendered with conversationId: null
 🧹 GlobalNotificationListener: Cleaning up socket listener for new-notification
 🌐 GlobalNotificationListener: useEffect triggered Object
 🚀 GlobalNotificationListener: Setting up global socket listeners for user: cmeifn5qp002dkunge64m0xss
 🔄 GlobalNotificationListener: Re-emitted join-user-room for safety
 ✅ GlobalNotificationListener: Socket listener registered for new-notification events
 SocketContext: Window focused, refreshing connection
 NotificationContext: Page visibility changed to: true
 SocketContext: Tab became visible, re-establishing connection
 🏠 ChatWindow mounted/re-rendered with conversationId: null
 🏠 ChatWindow mounted/re-rendered with conversationId: null
 🧹 GlobalNotificationListener: Cleaning up socket listener for new-notification
 🌐 GlobalNotificationListener: useEffect triggered Object
 🚀 GlobalNotificationListener: Setting up global socket listeners for user: cmeifn5qp002dkunge64m0xss
 🔄 GlobalNotificationListener: Re-emitted join-user-room for safety
 ✅ GlobalNotificationListener: Socket listener registered for new-notification events
 [CallModal] Rendered - voice call opened
 [CallModal] Rendered - voice call opened
 🏠 ChatWindow mounted/re-rendered with conversationId: null
 🏠 ChatWindow mounted/re-rendered with conversationId: null
 [CallModal] Rendered - voice call opened
 [CallModal] Rendered - voice call opened
 [VoiceParticipant] Tester voice activity debug: Object
 [VoiceParticipant] Tester voice activity debug: Object
 [CallModal] 🔊 Setting up audio element for participant cmeifml0h001okung0i95m8s6
 [CallModal] Stream details: Object
 [CallModal] Previous audio element for cmeifml0h001okung0i95m8s6: false
 [CallModal] Cleared previous srcObject for cmeifml0h001okung0i95m8s6
 🧹 GlobalNotificationListener: Cleaning up socket listener for new-notification
 🌐 GlobalNotificationListener: useEffect triggered Object
 🚀 GlobalNotificationListener: Setting up global socket listeners for user: cmeifn5qp002dkunge64m0xss
 🔄 GlobalNotificationListener: Re-emitted join-user-room for safety
 ✅ GlobalNotificationListener: Socket listener registered for new-notification events
 [VoiceActivity] Effect triggered: Object
 [VoiceActivity] Initializing for stream: 22684b8b-e675-484e-8ba1-c9d3f02f2c18 with 1 audio tracks
 [CallModal] Initialized active participants (excluding self): Array(1)
CallModal.tsx:1446 [CallModal] Skipping connection verification - no WebRTC or participants
useVoiceActivity.ts:22 [VoiceActivity] Effect triggered: Object
useVoiceActivity.ts:42 [VoiceActivity] Initializing for stream: 22684b8b-e675-484e-8ba1-c9d3f02f2c18 with 1 audio tracks
CallModal.tsx:62 [CallModal] Rendered - voice call opened
CallModal.tsx:62 [CallModal] Rendered - voice call opened
CallModal.tsx:2603 [VoiceParticipant] Tester voice activity debug: Object
CallModal.tsx:2603 [VoiceParticipant] Tester voice activity debug: Object
CallModal.tsx:2917 [CallModal] 🔊 Setting up audio element for participant cmeifml0h001okung0i95m8s6
CallModal.tsx:2918 [CallModal] Stream details: Object
CallModal.tsx:2932 [CallModal] Previous audio element for cmeifml0h001okung0i95m8s6: false
CallModal.tsx:2941 [CallModal] Cleared previous srcObject for cmeifml0h001okung0i95m8s6
useVoiceActivity.ts:22 [VoiceActivity] Effect triggered: Object
useVoiceActivity.ts:42 [VoiceActivity] Initializing for stream: 22684b8b-e675-484e-8ba1-c9d3f02f2c18 with 1 audio tracks
useVoiceActivity.ts:22 [VoiceActivity] Effect triggered: Object
useVoiceActivity.ts:42 [VoiceActivity] Initializing for stream: 22684b8b-e675-484e-8ba1-c9d3f02f2c18 with 1 audio tracks
CallModal.tsx:2965 [CallModal] ✅ Audio playing immediately for participant cmeifml0h001okung0i95m8s6
CallModal.tsx:1446 [CallModal] Skipping connection verification - no WebRTC or participants
ChatWindow.tsx:92 🏠 ChatWindow mounted/re-rendered with conversationId: null
ChatWindow.tsx:92 🏠 ChatWindow mounted/re-rendered with conversationId: null
CallModal.tsx:62 [CallModal] Rendered - voice call opened
CallModal.tsx:62 [CallModal] Rendered - voice call opened
CallModal.tsx:2603 [VoiceParticipant] Tester voice activity debug: Object
CallModal.tsx:2603 [VoiceParticipant] Tester voice activity debug: Object
CallModal.tsx:2917 [CallModal] 🔊 Setting up audio element for participant cmeifml0h001okung0i95m8s6
CallModal.tsx:2918 [CallModal] Stream details: Object
CallModal.tsx:2932 [CallModal] Previous audio element for cmeifml0h001okung0i95m8s6: false
CallModal.tsx:2941 [CallModal] Cleared previous srcObject for cmeifml0h001okung0i95m8s6
CallModal.tsx:2965 [CallModal] ✅ Audio playing immediately for participant cmeifml0h001okung0i95m8s6
ChatSidebar.tsx:155 ChatSidebar: Conversations updated, count: 4
ChatSidebar.tsx:157 ChatSidebar: Latest conversation: cmfbwdnf60000kuzg41ovkra2 last message: cmfbx8gcx0007kutn3b3m0jwd
useVoiceActivity.ts:22 [VoiceActivity] Effect triggered: Object
useVoiceActivity.ts:42 [VoiceActivity] Initializing for stream: 22684b8b-e675-484e-8ba1-c9d3f02f2c18 with 1 audio tracks
CallModal.tsx:86 [CallModal] Initialized active participants (excluding self): Array(1)
CallModal.tsx:1446 [CallModal] Skipping connection verification - no WebRTC or participants
useVoiceActivity.ts:22 [VoiceActivity] Effect triggered: Object
useVoiceActivity.ts:42 [VoiceActivity] Initializing for stream: 22684b8b-e675-484e-8ba1-c9d3f02f2c18 with 1 audio tracks
CallModal.tsx:62 [CallModal] Rendered - voice call opened
CallModal.tsx:62 [CallModal] Rendered - voice call opened
CallModal.tsx:2603 [VoiceParticipant] Tester voice activity debug: Object
CallModal.tsx:2603 [VoiceParticipant] Tester voice activity debug: Object
CallModal.tsx:2917 [CallModal] 🔊 Setting up audio element for participant cmeifml0h001okung0i95m8s6
CallModal.tsx:2918 [CallModal] Stream details: Object
CallModal.tsx:2932 [CallModal] Previous audio element for cmeifml0h001okung0i95m8s6: false
CallModal.tsx:2941 [CallModal] Cleared previous srcObject for cmeifml0h001okung0i95m8s6
CallModal.tsx:2965 [CallModal] ✅ Audio playing immediately for participant cmeifml0h001okung0i95m8s6
useVoiceActivity.ts:22 [VoiceActivity] Effect triggered: Object
useVoiceActivity.ts:42 [VoiceActivity] Initializing for stream: 22684b8b-e675-484e-8ba1-c9d3f02f2c18 with 1 audio tracks
useVoiceActivity.ts:22 [VoiceActivity] Effect triggered: Object
useVoiceActivity.ts:42 [VoiceActivity] Initializing for stream: 22684b8b-e675-484e-8ba1-c9d3f02f2c18 with 1 audio tracks
CallModal.tsx:62 [CallModal] Rendered - voice call opened
CallModal.tsx:62 [CallModal] Rendered - voice call opened
CallModal.tsx:3013 [CallModal] Audio loadeddata event for cmeifml0h001okung0i95m8s6
CallModal.tsx:3013 [CallModal] Audio loadeddata event for cmeifml0h001okung0i95m8s6
CallModal.tsx:3013 [CallModal] Audio loadeddata event for cmeifml0h001okung0i95m8s6
CallModal.tsx:3013 [CallModal] Audio loadeddata event for cmeifml0h001okung0i95m8s6
CallModal.tsx:3029 [CallModal] Audio can play for cmeifml0h001okung0i95m8s6
CallModal.tsx:3018 [CallModal] Audio canplay event for cmeifml0h001okung0i95m8s6
CallModal.tsx:3018 [CallModal] Audio canplay event for cmeifml0h001okung0i95m8s6
CallModal.tsx:3018 [CallModal] Audio canplay event for cmeifml0h001okung0i95m8s6
CallModal.tsx:3018 [CallModal] Audio canplay event for cmeifml0h001okung0i95m8s6
CallModal.tsx:3030 [CallModal] Audio is playing for cmeifml0h001okung0i95m8s6
CallModal.tsx:2965 [CallModal] ✅ Audio playing immediately for participant cmeifml0h001okung0i95m8s6
CallModal.tsx:2965 [CallModal] ✅ Audio playing immediately for participant cmeifml0h001okung0i95m8s6
CallModal.tsx:2965 [CallModal] ✅ Audio playing immediately for participant cmeifml0h001okung0i95m8s6
CallModal.tsx:2965 [CallModal] ✅ Audio playing immediately for participant cmeifml0h001okung0i95m8s6
CallModal.tsx:2965 [CallModal] ✅ Audio playing immediately for participant cmeifml0h001okung0i95m8s6
CallModal.tsx:2965 [CallModal] ✅ Audio playing immediately for participant cmeifml0h001okung0i95m8s6
CallModal.tsx:2965 [CallModal] ✅ Audio playing immediately for participant cmeifml0h001okung0i95m8s6
CallModal.tsx:2965 [CallModal] ✅ Audio playing immediately for participant cmeifml0h001okung0i95m8s6
CallModal.tsx:2965 [CallModal] ✅ Audio playing immediately for participant cmeifml0h001okung0i95m8s6
CallModal.tsx:228 [CallModal] Updated peer connections for performance monitoring: 2
CallModal.tsx:229 [CallModal] Peer connection participants: Array(2)
CallModal.tsx:62 [CallModal] Rendered - voice call opened
CallModal.tsx:62 [CallModal] Rendered - voice call opened
CallModal.tsx:2603 [VoiceParticipant] Tester voice activity debug: Object
CallModal.tsx:2603 [VoiceParticipant] Tester voice activity debug: Object
CallModal.tsx:2917 [CallModal] 🔊 Setting up audio element for participant cmeifml0h001okung0i95m8s6
CallModal.tsx:2918 [CallModal] Stream details: Object
CallModal.tsx:2932 [CallModal] Previous audio element for cmeifml0h001okung0i95m8s6: false
CallModal.tsx:2941 [CallModal] Cleared previous srcObject for cmeifml0h001okung0i95m8s6
useVoiceActivity.ts:22 [VoiceActivity] Effect triggered: Object
useVoiceActivity.ts:42 [VoiceActivity] Initializing for stream: 22684b8b-e675-484e-8ba1-c9d3f02f2c18 with 1 audio tracks
useCallPerformance.ts:242 [useCallPerformance] Connection states: Array(2)
useCallPerformance.ts:246 [useCallPerformance] Starting monitoring for 2 valid connections
useVoiceActivity.ts:22 [VoiceActivity] Effect triggered: Object
useVoiceActivity.ts:42 [VoiceActivity] Initializing for stream: 22684b8b-e675-484e-8ba1-c9d3f02f2c18 with 1 audio tracks
useCallPerformance.ts:41 [useCallPerformance] Network metrics: Object
SocketContext.tsx:371 SocketContext: Additional heartbeat sent after becoming visible
CallModal.tsx:3013 [CallModal] Audio loadeddata event for cmeifml0h001okung0i95m8s6
CallModal.tsx:3029 [CallModal] Audio can play for cmeifml0h001okung0i95m8s6
CallModal.tsx:3018 [CallModal] Audio canplay event for cmeifml0h001okung0i95m8s6
CallModal.tsx:3030 [CallModal] Audio is playing for cmeifml0h001okung0i95m8s6
CallModal.tsx:2965 [CallModal] ✅ Audio playing immediately for participant cmeifml0h001okung0i95m8s6
CallModal.tsx:2965 [CallModal] ✅ Audio playing immediately for participant cmeifml0h001okung0i95m8s6
CallModal.tsx:2965 [CallModal] ✅ Audio playing immediately for participant cmeifml0h001okung0i95m8s6
CallModal.tsx:62 [CallModal] Rendered - voice call opened
CallModal.tsx:62 [CallModal] Rendered - voice call opened
useCallPerformance.ts:37 [useCallPerformance] No valid network data yet, assuming good quality
CallModal.tsx:62 [CallModal] Rendered - voice call opened
CallModal.tsx:62 [CallModal] Rendered - voice call opened
CallModal.tsx:2603 [VoiceParticipant] Tester voice activity debug: Object
CallModal.tsx:2603 [VoiceParticipant] Tester voice activity debug: Object
CallModal.tsx:2917 [CallModal] 🔊 Setting up audio element for participant cmeifml0h001okung0i95m8s6
CallModal.tsx:2918 [CallModal] Stream details: Object
CallModal.tsx:2932 [CallModal] Previous audio element for cmeifml0h001okung0i95m8s6: false
CallModal.tsx:2941 [CallModal] Cleared previous srcObject for cmeifml0h001okung0i95m8s6
useVoiceActivity.ts:22 [VoiceActivity] Effect triggered: Object
useVoiceActivity.ts:42 [VoiceActivity] Initializing for stream: 22684b8b-e675-484e-8ba1-c9d3f02f2c18 with 1 audio tracks
useVoiceActivity.ts:22 [VoiceActivity] Effect triggered: Object
useVoiceActivity.ts:42 [VoiceActivity] Initializing for stream: 22684b8b-e675-484e-8ba1-c9d3f02f2c18 with 1 audio tracks
CallModal.tsx:3013 [CallModal] Audio loadeddata event for cmeifml0h001okung0i95m8s6
CallModal.tsx:3029 [CallModal] Audio can play for cmeifml0h001okung0i95m8s6
CallModal.tsx:3018 [CallModal] Audio canplay event for cmeifml0h001okung0i95m8s6
CallModal.tsx:3030 [CallModal] Audio is playing for cmeifml0h001okung0i95m8s6
CallModal.tsx:2965 [CallModal] ✅ Audio playing immediately for participant cmeifml0h001okung0i95m8s6
CallModal.tsx:2965 [CallModal] ✅ Audio playing immediately for participant cmeifml0h001okung0i95m8s6
CallModal.tsx:2965 [CallModal] ✅ Audio playing immediately for participant cmeifml0h001okung0i95m8s6
CallModal.tsx:62 [CallModal] Rendered - voice call opened
CallModal.tsx:62 [CallModal] Rendered - voice call opened
webrtc.ts:1765 [WebRTC] Excellent network detected - restoring quality
webrtc.ts:1839 [WebRTC] Improved audio quality for: cmeifml0h001okung0i95m8s6
CallModal.tsx:62 [CallModal] Rendered - voice call opened
CallModal.tsx:62 [CallModal] Rendered - voice call opened
CallModal.tsx:2603 [VoiceParticipant] Tester voice activity debug: Object
CallModal.tsx:2603 [VoiceParticipant] Tester voice activity debug: Object
CallModal.tsx:2917 [CallModal] 🔊 Setting up audio element for participant cmeifml0h001okung0i95m8s6
CallModal.tsx:2918 [CallModal] Stream details: Object
CallModal.tsx:2932 [CallModal] Previous audio element for cmeifml0h001okung0i95m8s6: false
CallModal.tsx:2941 [CallModal] Cleared previous srcObject for cmeifml0h001okung0i95m8s6
useVoiceActivity.ts:22 [VoiceActivity] Effect triggered: Object
useVoiceActivity.ts:42 [VoiceActivity] Initializing for stream: 22684b8b-e675-484e-8ba1-c9d3f02f2c18 with 1 audio tracks
useVoiceActivity.ts:22 [VoiceActivity] Effect triggered: Object
useVoiceActivity.ts:42 [VoiceActivity] Initializing for stream: 22684b8b-e675-484e-8ba1-c9d3f02f2c18 with 1 audio tracks
CallModal.tsx:3013 [CallModal] Audio loadeddata event for cmeifml0h001okung0i95m8s6
CallModal.tsx:3029 [CallModal] Audio can play for cmeifml0h001okung0i95m8s6
CallModal.tsx:3018 [CallModal] Audio canplay event for cmeifml0h001okung0i95m8s6
CallModal.tsx:3030 [CallModal] Audio is playing for cmeifml0h001okung0i95m8s6
CallModal.tsx:2965 [CallModal] ✅ Audio playing immediately for participant cmeifml0h001okung0i95m8s6
CallModal.tsx:2965 [CallModal] ✅ Audio playing immediately for participant cmeifml0h001okung0i95m8s6
CallModal.tsx:2965 [CallModal] ✅ Audio playing immediately for participant cmeifml0h001okung0i95m8s6
CallModal.tsx:62 [CallModal] Rendered - voice call opened
CallModal.tsx:62 [CallModal] Rendered - voice call opened
CallModal.tsx:62 [CallModal] Rendered - voice call opened
CallModal.tsx:62 [CallModal] Rendered - voice call opened
CallModal.tsx:2603 [VoiceParticipant] Tester voice activity debug: Object
CallModal.tsx:2603 [VoiceParticipant] Tester voice activity debug: Object
CallModal.tsx:2917 [CallModal] 🔊 Setting up audio element for participant cmeifml0h001okung0i95m8s6
CallModal.tsx:2918 [CallModal] Stream details: Object
CallModal.tsx:2932 [CallModal] Previous audio element for cmeifml0h001okung0i95m8s6: false
CallModal.tsx:2941 [CallModal] Cleared previous srcObject for cmeifml0h001okung0i95m8s6
useVoiceActivity.ts:22 [VoiceActivity] Effect triggered: Object
useVoiceActivity.ts:42 [VoiceActivity] Initializing for stream: 22684b8b-e675-484e-8ba1-c9d3f02f2c18 with 1 audio tracks
useVoiceActivity.ts:22 [VoiceActivity] Effect triggered: Object
useVoiceActivity.ts:42 [VoiceActivity] Initializing for stream: 22684b8b-e675-484e-8ba1-c9d3f02f2c18 with 1 audio tracks
NotificationContext.tsx:213 NotificationContext: Window blurred
ChatWindow.tsx:92 🏠 ChatWindow mounted/re-rendered with conversationId: null
ChatWindow.tsx:92 🏠 ChatWindow mounted/re-rendered with conversationId: null
GlobalNotificationListener.tsx:173 🧹 GlobalNotificationListener: Cleaning up socket listener for new-notification
GlobalNotificationListener.tsx:26 🌐 GlobalNotificationListener: useEffect triggered Object
GlobalNotificationListener.tsx:43 🚀 GlobalNotificationListener: Setting up global socket listeners for user: cmeifn5qp002dkunge64m0xss
GlobalNotificationListener.tsx:48 🔄 GlobalNotificationListener: Re-emitted join-user-room for safety
GlobalNotificationListener.tsx:170 ✅ GlobalNotificationListener: Socket listener registered for new-notification events
SocketContext.tsx:399 SocketContext: Window blurred, sending pre-blur heartbeat
CallModal.tsx:3013 [CallModal] Audio loadeddata event for cmeifml0h001okung0i95m8s6
CallModal.tsx:3029 [CallModal] Audio can play for cmeifml0h001okung0i95m8s6
CallModal.tsx:3018 [CallModal] Audio canplay event for cmeifml0h001okung0i95m8s6
CallModal.tsx:3030 [CallModal] Audio is playing for cmeifml0h001okung0i95m8s6
CallModal.tsx:2965 [CallModal] ✅ Audio playing immediately for participant cmeifml0h001okung0i95m8s6
CallModal.tsx:2965 [CallModal] ✅ Audio playing immediately for participant cmeifml0h001okung0i95m8s6
CallModal.tsx:2965 [CallModal] ✅ Audio playing immediately for participant cmeifml0h001okung0i95m8s6
CallModal.tsx:62 [CallModal] Rendered - voice call opened
CallModal.tsx:62 [CallModal] Rendered - voice call opened
CallModal.tsx:1446 [CallModal] Skipping connection verification - no WebRTC or participants
useVoiceActivity.ts:81 [VoiceActivity] Volume analysis: {average: '9.2', volume: '-28.9', threshold: -50, speaking: false, streamActive: true, …}
CallModal.tsx:62 [CallModal] Rendered - voice call opened
CallModal.tsx:62 [CallModal] Rendered - voice call opened
CallModal.tsx:2603 [VoiceParticipant] Tester voice activity debug: {participantId: 'cmeifml0h001okung0i95m8s6', hasOriginalStream: true, hasLatestStream: true, streamActive: true, audioTracksCount: 1, …}
CallModal.tsx:2603 [VoiceParticipant] Tester voice activity debug: {participantId: 'cmeifml0h001okung0i95m8s6', hasOriginalStream: true, hasLatestStream: true, streamActive: true, audioTracksCount: 1, …}
CallModal.tsx:2917 [CallModal] 🔊 Setting up audio element for participant cmeifml0h001okung0i95m8s6
CallModal.tsx:2918 [CallModal] Stream details: {id: '22684b8b-e675-484e-8ba1-c9d3f02f2c18', active: true, audioTracks: Array(1)}
CallModal.tsx:2932 [CallModal] Previous audio element for cmeifml0h001okung0i95m8s6: false
CallModal.tsx:2941 [CallModal] Cleared previous srcObject for cmeifml0h001okung0i95m8s6
useVoiceActivity.ts:22 [VoiceActivity] Effect triggered: {hasStream: true, streamId: '22684b8b-e675-484e-8ba1-c9d3f02f2c18', audioTracks: 1, threshold: -40}
useVoiceActivity.ts:42 [VoiceActivity] Initializing for stream: 22684b8b-e675-484e-8ba1-c9d3f02f2c18 with 1 audio tracks
useVoiceActivity.ts:22 [VoiceActivity] Effect triggered: {hasStream: true, streamId: '22684b8b-e675-484e-8ba1-c9d3f02f2c18', audioTracks: 1, threshold: -40}
useVoiceActivity.ts:42 [VoiceActivity] Initializing for stream: 22684b8b-e675-484e-8ba1-c9d3f02f2c18 with 1 audio tracks
CallModal.tsx:3013 [CallModal] Audio loadeddata event for cmeifml0h001okung0i95m8s6
CallModal.tsx:3029 [CallModal] Audio can play for cmeifml0h001okung0i95m8s6
CallModal.tsx:3018 [CallModal] Audio canplay event for cmeifml0h001okung0i95m8s6
CallModal.tsx:3030 [CallModal] Audio is playing for cmeifml0h001okung0i95m8s6
CallModal.tsx:2965 [CallModal] ✅ Audio playing immediately for participant cmeifml0h001okung0i95m8s6
CallModal.tsx:2965 [CallModal] ✅ Audio playing immediately for participant cmeifml0h001okung0i95m8s6
CallModal.tsx:2965 [CallModal] ✅ Audio playing immediately for participant cmeifml0h001okung0i95m8s6
CallModal.tsx:62 [CallModal] Rendered - voice call opened
CallModal.tsx:62 [CallModal] Rendered - voice call opened
CallModal.tsx:1446 [CallModal] Skipping connection verification - no WebRTC or participants
CallModal.tsx:62 [CallModal] Rendered - voice call opened
CallModal.tsx:62 [CallModal] Rendered - voice call opened
CallModal.tsx:2603 [VoiceParticipant] Tester voice activity debug: {participantId: 'cmeifml0h001okung0i95m8s6', hasOriginalStream: true, hasLatestStream: true, streamActive: true, audioTracksCount: 1, …}
CallModal.tsx:2603 [VoiceParticipant] Tester voice activity debug: {participantId: 'cmeifml0h001okung0i95m8s6', hasOriginalStream: true, hasLatestStream: true, streamActive: true, audioTracksCount: 1, …}
CallModal.tsx:2917 [CallModal] 🔊 Setting up audio element for participant cmeifml0h001okung0i95m8s6
CallModal.tsx:2918 [CallModal] Stream details: {id: '22684b8b-e675-484e-8ba1-c9d3f02f2c18', active: true, audioTracks: Array(1)}
CallModal.tsx:2932 [CallModal] Previous audio element for cmeifml0h001okung0i95m8s6: false
CallModal.tsx:2941 [CallModal] Cleared previous srcObject for cmeifml0h001okung0i95m8s6
useVoiceActivity.ts:22 [VoiceActivity] Effect triggered: {hasStream: true, streamId: '22684b8b-e675-484e-8ba1-c9d3f02f2c18', audioTracks: 1, threshold: -40}
useVoiceActivity.ts:42 [VoiceActivity] Initializing for stream: 22684b8b-e675-484e-8ba1-c9d3f02f2c18 with 1 audio tracks
useVoiceActivity.ts:22 [VoiceActivity] Effect triggered: {hasStream: true, streamId: '22684b8b-e675-484e-8ba1-c9d3f02f2c18', audioTracks: 1, threshold: -40}
useVoiceActivity.ts:42 [VoiceActivity] Initializing for stream: 22684b8b-e675-484e-8ba1-c9d3f02f2c18 with 1 audio tracks
CallModal.tsx:62 [CallModal] Rendered - voice call opened
CallModal.tsx:62 [CallModal] Rendered - voice call opened
CallModal.tsx:2603 [VoiceParticipant] Tester voice activity debug: {participantId: 'cmeifml0h001okung0i95m8s6', hasOriginalStream: true, hasLatestStream: true, streamActive: true, audioTracksCount: 1, …}
CallModal.tsx:2603 [VoiceParticipant] Tester voice activity debug: {participantId: 'cmeifml0h001okung0i95m8s6', hasOriginalStream: true, hasLatestStream: true, streamActive: true, audioTracksCount: 1, …}
CallModal.tsx:2917 [CallModal] 🔊 Setting up audio element for participant cmeifml0h001okung0i95m8s6
CallModal.tsx:2918 [CallModal] Stream details: {id: '22684b8b-e675-484e-8ba1-c9d3f02f2c18', active: true, audioTracks: Array(1)}
CallModal.tsx:2932 [CallModal] Previous audio element for cmeifml0h001okung0i95m8s6: false
CallModal.tsx:2941 [CallModal] Cleared previous srcObject for cmeifml0h001okung0i95m8s6
CallModal.tsx:2965 [CallModal] ✅ Audio playing immediately for participant cmeifml0h001okung0i95m8s6
CallModal.tsx:228 [CallModal] Updated peer connections for performance monitoring: 2
CallModal.tsx:229 [CallModal] Peer connection participants: (2) ['cmeifml0h001okung0i95m8s6', 'cmeumah180000kuygq63oa1qx']
useVoiceActivity.ts:22 [VoiceActivity] Effect triggered: {hasStream: true, streamId: '22684b8b-e675-484e-8ba1-c9d3f02f2c18', audioTracks: 1, threshold: -40}
useVoiceActivity.ts:42 [VoiceActivity] Initializing for stream: 22684b8b-e675-484e-8ba1-c9d3f02f2c18 with 1 audio tracks
useVoiceActivity.ts:22 [VoiceActivity] Effect triggered: {hasStream: true, streamId: '22684b8b-e675-484e-8ba1-c9d3f02f2c18', audioTracks: 1, threshold: -40}
useVoiceActivity.ts:42 [VoiceActivity] Initializing for stream: 22684b8b-e675-484e-8ba1-c9d3f02f2c18 with 1 audio tracks
useConversations.ts:592 Updated online status for user cmeifml0h001okung0i95m8s6 in conversation cmew64hqq0008kud8i3zywuwd
ChatSidebar.tsx:340 ChatSidebar: Group conversation cmfbwdnf60000kuzg41ovkra2 (New Group) - members: 3
ChatWindow.tsx:92 🏠 ChatWindow mounted/re-rendered with conversationId: null
ChatWindow.tsx:92 🏠 ChatWindow mounted/re-rendered with conversationId: null
CallModal.tsx:62 [CallModal] Rendered - voice call opened
CallModal.tsx:62 [CallModal] Rendered - voice call opened
CallModal.tsx:2603 [VoiceParticipant] Tester voice activity debug: {participantId: 'cmeifml0h001okung0i95m8s6', hasOriginalStream: true, hasLatestStream: true, streamActive: true, audioTracksCount: 1, …}
CallModal.tsx:2603 [VoiceParticipant] Tester voice activity debug: {participantId: 'cmeifml0h001okung0i95m8s6', hasOriginalStream: true, hasLatestStream: true, streamActive: true, audioTracksCount: 1, …}
CallModal.tsx:2917 [CallModal] 🔊 Setting up audio element for participant cmeifml0h001okung0i95m8s6
CallModal.tsx:2918 [CallModal] Stream details: {id: '22684b8b-e675-484e-8ba1-c9d3f02f2c18', active: true, audioTracks: Array(1)}
CallModal.tsx:2932 [CallModal] Previous audio element for cmeifml0h001okung0i95m8s6: false
CallModal.tsx:2941 [CallModal] Cleared previous srcObject for cmeifml0h001okung0i95m8s6
CallModal.tsx:2965 [CallModal] ✅ Audio playing immediately for participant cmeifml0h001okung0i95m8s6
ChatSidebar.tsx:155 ChatSidebar: Conversations updated, count: 4
ChatSidebar.tsx:157 ChatSidebar: Latest conversation: cmfbwdnf60000kuzg41ovkra2 last message: cmfbx8gcx0007kutn3b3m0jwd
useVoiceActivity.ts:22 [VoiceActivity] Effect triggered: {hasStream: true, streamId: '22684b8b-e675-484e-8ba1-c9d3f02f2c18', audioTracks: 1, threshold: -40}
useVoiceActivity.ts:42 [VoiceActivity] Initializing for stream: 22684b8b-e675-484e-8ba1-c9d3f02f2c18 with 1 audio tracks
CallModal.tsx:86 [CallModal] Initialized active participants (excluding self): ['cmeifml0h001okung0i95m8s6']
useCallPerformance.ts:242 [useCallPerformance] Connection states: (2) [{…}, {…}]
useCallPerformance.ts:246 [useCallPerformance] Starting monitoring for 2 valid connections
CallModal.tsx:1446 [CallModal] Skipping connection verification - no WebRTC or participants
useVoiceActivity.ts:22 [VoiceActivity] Effect triggered: {hasStream: true, streamId: '22684b8b-e675-484e-8ba1-c9d3f02f2c18', audioTracks: 1, threshold: -40}
useVoiceActivity.ts:42 [VoiceActivity] Initializing for stream: 22684b8b-e675-484e-8ba1-c9d3f02f2c18 with 1 audio tracks
CallModal.tsx:3013 [CallModal] Audio loadeddata event for cmeifml0h001okung0i95m8s6
CallModal.tsx:3013 [CallModal] Audio loadeddata event for cmeifml0h001okung0i95m8s6
CallModal.tsx:3013 [CallModal] Audio loadeddata event for cmeifml0h001okung0i95m8s6
CallModal.tsx:3029 [CallModal] Audio can play for cmeifml0h001okung0i95m8s6
CallModal.tsx:3018 [CallModal] Audio canplay event for cmeifml0h001okung0i95m8s6
CallModal.tsx:3018 [CallModal] Audio canplay event for cmeifml0h001okung0i95m8s6
CallModal.tsx:3018 [CallModal] Audio canplay event for cmeifml0h001okung0i95m8s6
CallModal.tsx:3030 [CallModal] Audio is playing for cmeifml0h001okung0i95m8s6
CallModal.tsx:2965 [CallModal] ✅ Audio playing immediately for participant cmeifml0h001okung0i95m8s6
CallModal.tsx:2965 [CallModal] ✅ Audio playing immediately for participant cmeifml0h001okung0i95m8s6
CallModal.tsx:2965 [CallModal] ✅ Audio playing immediately for participant cmeifml0h001okung0i95m8s6
CallModal.tsx:2965 [CallModal] ✅ Audio playing immediately for participant cmeifml0h001okung0i95m8s6
CallModal.tsx:2965 [CallModal] ✅ Audio playing immediately for participant cmeifml0h001okung0i95m8s6
CallModal.tsx:2965 [CallModal] ✅ Audio playing immediately for participant cmeifml0h001okung0i95m8s6
CallModal.tsx:2965 [CallModal] ✅ Audio playing immediately for participant cmeifml0h001okung0i95m8s6
useCallPerformance.ts:41 [useCallPerformance] Network metrics: {audioPacketLoss: 0, videoPacketLoss: 0, videoFrameRate: 0, latency: 4, callType: 'voice'}
CallModal.tsx:62 [CallModal] Rendered - voice call opened
CallModal.tsx:62 [CallModal] Rendered - voice call opened
CallModal.tsx:2603 [VoiceParticipant] Tester voice activity debug: {participantId: 'cmeifml0h001okung0i95m8s6', hasOriginalStream: true, hasLatestStream: true, streamActive: true, audioTracksCount: 1, …}
CallModal.tsx:2603 [VoiceParticipant] Tester voice activity debug: {participantId: 'cmeifml0h001okung0i95m8s6', hasOriginalStream: true, hasLatestStream: true, streamActive: true, audioTracksCount: 1, …}
CallModal.tsx:2917 [CallModal] 🔊 Setting up audio element for participant cmeifml0h001okung0i95m8s6
CallModal.tsx:2918 [CallModal] Stream details: {id: '22684b8b-e675-484e-8ba1-c9d3f02f2c18', active: true, audioTracks: Array(1)}
CallModal.tsx:2932 [CallModal] Previous audio element for cmeifml0h001okung0i95m8s6: false
CallModal.tsx:2941 [CallModal] Cleared previous srcObject for cmeifml0h001okung0i95m8s6
useCallPerformance.ts:37 [useCallPerformance] No valid network data yet, assuming good quality
useVoiceActivity.ts:22 [VoiceActivity] Effect triggered: {hasStream: true, streamId: '22684b8b-e675-484e-8ba1-c9d3f02f2c18', audioTracks: 1, threshold: -40}
useVoiceActivity.ts:42 [VoiceActivity] Initializing for stream: 22684b8b-e675-484e-8ba1-c9d3f02f2c18 with 1 audio tracks
useVoiceActivity.ts:22 [VoiceActivity] Effect triggered: {hasStream: true, streamId: '22684b8b-e675-484e-8ba1-c9d3f02f2c18', audioTracks: 1, threshold: -40}
useVoiceActivity.ts:42 [VoiceActivity] Initializing for stream: 22684b8b-e675-484e-8ba1-c9d3f02f2c18 with 1 audio tracks
CallModal.tsx:62 [CallModal] Rendered - voice call opened
CallModal.tsx:62 [CallModal] Rendered - voice call opened
CallModal.tsx:2603 [VoiceParticipant] Tester voice activity debug: {participantId: 'cmeifml0h001okung0i95m8s6', hasOriginalStream: true, hasLatestStream: true, streamActive: true, audioTracksCount: 1, …}
CallModal.tsx:2603 [VoiceParticipant] Tester voice activity debug: {participantId: 'cmeifml0h001okung0i95m8s6', hasOriginalStream: true, hasLatestStream: true, streamActive: true, audioTracksCount: 1, …}
CallModal.tsx:2917 [CallModal] 🔊 Setting up audio element for participant cmeifml0h001okung0i95m8s6
CallModal.tsx:2918 [CallModal] Stream details: {id: '22684b8b-e675-484e-8ba1-c9d3f02f2c18', active: true, audioTracks: Array(1)}
CallModal.tsx:2932 [CallModal] Previous audio element for cmeifml0h001okung0i95m8s6: false
CallModal.tsx:2941 [CallModal] Cleared previous srcObject for cmeifml0h001okung0i95m8s6
CallModal.tsx:2965 [CallModal] ✅ Audio playing immediately for participant cmeifml0h001okung0i95m8s6
useVoiceActivity.ts:22 [VoiceActivity] Effect triggered: {hasStream: true, streamId: '22684b8b-e675-484e-8ba1-c9d3f02f2c18', audioTracks: 1, threshold: -40}
useVoiceActivity.ts:42 [VoiceActivity] Initializing for stream: 22684b8b-e675-484e-8ba1-c9d3f02f2c18 with 1 audio tracks
useVoiceActivity.ts:22 [VoiceActivity] Effect triggered: {hasStream: true, streamId: '22684b8b-e675-484e-8ba1-c9d3f02f2c18', audioTracks: 1, threshold: -40}
useVoiceActivity.ts:42 [VoiceActivity] Initializing for stream: 22684b8b-e675-484e-8ba1-c9d3f02f2c18 with 1 audio tracks
ChatWindow.tsx:92 🏠 ChatWindow mounted/re-rendered with conversationId: null
useConversations.ts:592 Updated online status for user cmeumah180000kuygq63oa1qx in conversation cmew64hqq0008kud8i3zywuwd
ChatWindow.tsx:92 🏠 ChatWindow mounted/re-rendered with conversationId: null
CallModal.tsx:62 [CallModal] Rendered - voice call opened
CallModal.tsx:62 [CallModal] Rendered - voice call opened
CallModal.tsx:2603 [VoiceParticipant] Tester voice activity debug: {participantId: 'cmeifml0h001okung0i95m8s6', hasOriginalStream: true, hasLatestStream: true, streamActive: true, audioTracksCount: 1, …}
CallModal.tsx:2603 [VoiceParticipant] Tester voice activity debug: {participantId: 'cmeifml0h001okung0i95m8s6', hasOriginalStream: true, hasLatestStream: true, streamActive: true, audioTracksCount: 1, …}
CallModal.tsx:2917 [CallModal] 🔊 Setting up audio element for participant cmeifml0h001okung0i95m8s6
CallModal.tsx:2918 [CallModal] Stream details: {id: '22684b8b-e675-484e-8ba1-c9d3f02f2c18', active: true, audioTracks: Array(1)}
CallModal.tsx:2932 [CallModal] Previous audio element for cmeifml0h001okung0i95m8s6: false
CallModal.tsx:2941 [CallModal] Cleared previous srcObject for cmeifml0h001okung0i95m8s6
CallModal.tsx:2965 [CallModal] ✅ Audio playing immediately for participant cmeifml0h001okung0i95m8s6
ChatSidebar.tsx:155 ChatSidebar: Conversations updated, count: 4
ChatSidebar.tsx:157 ChatSidebar: Latest conversation: cmfbwdnf60000kuzg41ovkra2 last message: cmfbx8gcx0007kutn3b3m0jwd
useVoiceActivity.ts:22 [VoiceActivity] Effect triggered: {hasStream: true, streamId: '22684b8b-e675-484e-8ba1-c9d3f02f2c18', audioTracks: 1, threshold: -40}
useVoiceActivity.ts:42 [VoiceActivity] Initializing for stream: 22684b8b-e675-484e-8ba1-c9d3f02f2c18 with 1 audio tracks
CallModal.tsx:86 [CallModal] Initialized active participants (excluding self): ['cmeifml0h001okung0i95m8s6']
CallModal.tsx:1446 [CallModal] Skipping connection verification - no WebRTC or participants
useVoiceActivity.ts:22 [VoiceActivity] Effect triggered: {hasStream: true, streamId: '22684b8b-e675-484e-8ba1-c9d3f02f2c18', audioTracks: 1, threshold: -40}
useVoiceActivity.ts:42 [VoiceActivity] Initializing for stream: 22684b8b-e675-484e-8ba1-c9d3f02f2c18 with 1 audio tracks
CallModal.tsx:62 [CallModal] Rendered - voice call opened
CallModal.tsx:62 [CallModal] Rendered - voice call opened
CallModal.tsx:2603 [VoiceParticipant] Tester voice activity debug: {participantId: 'cmeifml0h001okung0i95m8s6', hasOriginalStream: true, hasLatestStream: true, streamActive: true, audioTracksCount: 1, …}
CallModal.tsx:2603 [VoiceParticipant] Tester voice activity debug: {participantId: 'cmeifml0h001okung0i95m8s6', hasOriginalStream: true, hasLatestStream: true, streamActive: true, audioTracksCount: 1, …}
CallModal.tsx:2917 [CallModal] 🔊 Setting up audio element for participant cmeifml0h001okung0i95m8s6
CallModal.tsx:2918 [CallModal] Stream details: {id: '22684b8b-e675-484e-8ba1-c9d3f02f2c18', active: true, audioTracks: Array(1)}
CallModal.tsx:2932 [CallModal] Previous audio element for cmeifml0h001okung0i95m8s6: false
CallModal.tsx:2941 [CallModal] Cleared previous srcObject for cmeifml0h001okung0i95m8s6
CallModal.tsx:2965 [CallModal] ✅ Audio playing immediately for participant cmeifml0h001okung0i95m8s6
useVoiceActivity.ts:22 [VoiceActivity] Effect triggered: {hasStream: true, streamId: '22684b8b-e675-484e-8ba1-c9d3f02f2c18', audioTracks: 1, threshold: -40}
useVoiceActivity.ts:42 [VoiceActivity] Initializing for stream: 22684b8b-e675-484e-8ba1-c9d3f02f2c18 with 1 audio tracks
useVoiceActivity.ts:22 [VoiceActivity] Effect triggered: {hasStream: true, streamId: '22684b8b-e675-484e-8ba1-c9d3f02f2c18', audioTracks: 1, threshold: -40}
useVoiceActivity.ts:42 [VoiceActivity] Initializing for stream: 22684b8b-e675-484e-8ba1-c9d3f02f2c18 with 1 audio tracks
CallModal.tsx:62 [CallModal] Rendered - voice call opened
CallModal.tsx:62 [CallModal] Rendered - voice call opened
CallModal.tsx:3013 [CallModal] Audio loadeddata event for cmeifml0h001okung0i95m8s6
CallModal.tsx:3013 [CallModal] Audio loadeddata event for cmeifml0h001okung0i95m8s6
CallModal.tsx:3013 [CallModal] Audio loadeddata event for cmeifml0h001okung0i95m8s6
CallModal.tsx:3013 [CallModal] Audio loadeddata event for cmeifml0h001okung0i95m8s6
CallModal.tsx:3029 [CallModal] Audio can play for cmeifml0h001okung0i95m8s6
CallModal.tsx:3018 [CallModal] Audio canplay event for cmeifml0h001okung0i95m8s6
CallModal.tsx:3018 [CallModal] Audio canplay event for cmeifml0h001okung0i95m8s6
CallModal.tsx:3018 [CallModal] Audio canplay event for cmeifml0h001okung0i95m8s6
CallModal.tsx:3018 [CallModal] Audio canplay event for cmeifml0h001okung0i95m8s6
CallModal.tsx:3030 [CallModal] Audio is playing for cmeifml0h001okung0i95m8s6
CallModal.tsx:2965 [CallModal] ✅ Audio playing immediately for participant cmeifml0h001okung0i95m8s6
CallModal.tsx:2965 [CallModal] ✅ Audio playing immediately for participant cmeifml0h001okung0i95m8s6
CallModal.tsx:2965 [CallModal] ✅ Audio playing immediately for participant cmeifml0h001okung0i95m8s6
CallModal.tsx:2965 [CallModal] ✅ Audio playing immediately for participant cmeifml0h001okung0i95m8s6
CallModal.tsx:2965 [CallModal] ✅ Audio playing immediately for participant cmeifml0h001okung0i95m8s6
CallModal.tsx:2965 [CallModal] ✅ Audio playing immediately for participant cmeifml0h001okung0i95m8s6
CallModal.tsx:2965 [CallModal] ✅ Audio playing immediately for participant cmeifml0h001okung0i95m8s6
CallModal.tsx:2965 [CallModal] ✅ Audio playing immediately for participant cmeifml0h001okung0i95m8s6
CallModal.tsx:2965 [CallModal] ✅ Audio playing immediately for participant cmeifml0h001okung0i95m8s6
webrtc.ts:1765 [WebRTC] Excellent network detected - restoring quality
webrtc.ts:1839 [WebRTC] Improved audio quality for: cmeifml0h001okung0i95m8s6
useVoiceActivity.ts:81 [VoiceActivity] Volume analysis: {average: '0.0', volume: '-100.0', threshold: -40, speaking: false, streamActive: true, …}
useVoiceActivity.ts:81 [VoiceActivity] Volume analysis: {average: '7.3', volume: '-30.9', threshold: -40, speaking: false, streamActive: true, …}
useVoiceActivity.ts:81 [VoiceActivity] Volume analysis: {average: '9.2', volume: '-28.9', threshold: -50, speaking: false, streamActive: true, …}
CallModal.tsx:228 [CallModal] Updated peer connections for performance monitoring: 2
CallModal.tsx:229 [CallModal] Peer connection participants: (2) ['cmeifml0h001okung0i95m8s6', 'cmeumah180000kuygq63oa1qx']
CallModal.tsx:62 [CallModal] Rendered - voice call opened
CallModal.tsx:62 [CallModal] Rendered - voice call opened
CallModal.tsx:2603 [VoiceParticipant] Tester voice activity debug: {participantId: 'cmeifml0h001okung0i95m8s6', hasOriginalStream: true, hasLatestStream: true, streamActive: true, audioTracksCount: 1, …}
CallModal.tsx:2603 [VoiceParticipant] Tester voice activity debug: {participantId: 'cmeifml0h001okung0i95m8s6', hasOriginalStream: true, hasLatestStream: true, streamActive: true, audioTracksCount: 1, …}
CallModal.tsx:2917 [CallModal] 🔊 Setting up audio element for participant cmeifml0h001okung0i95m8s6
CallModal.tsx:2918 [CallModal] Stream details: {id: '22684b8b-e675-484e-8ba1-c9d3f02f2c18', active: true, audioTracks: Array(1)}
CallModal.tsx:2932 [CallModal] Previous audio element for cmeifml0h001okung0i95m8s6: false
CallModal.tsx:2941 [CallModal] Cleared previous srcObject for cmeifml0h001okung0i95m8s6
useVoiceActivity.ts:22 [VoiceActivity] Effect triggered: {hasStream: true, streamId: '22684b8b-e675-484e-8ba1-c9d3f02f2c18', audioTracks: 1, threshold: -40}
useVoiceActivity.ts:42 [VoiceActivity] Initializing for stream: 22684b8b-e675-484e-8ba1-c9d3f02f2c18 with 1 audio tracks
useCallPerformance.ts:242 [useCallPerformance] Connection states: (2) [{…}, {…}]
useCallPerformance.ts:246 [useCallPerformance] Starting monitoring for 2 valid connections
useVoiceActivity.ts:22 [VoiceActivity] Effect triggered: {hasStream: true, streamId: '22684b8b-e675-484e-8ba1-c9d3f02f2c18', audioTracks: 1, threshold: -40}
useVoiceActivity.ts:42 [VoiceActivity] Initializing for stream: 22684b8b-e675-484e-8ba1-c9d3f02f2c18 with 1 audio tracks
CallModal.tsx:62 [CallModal] Rendered - voice call opened
CallModal.tsx:62 [CallModal] Rendered - voice call opened
CallModal.tsx:3013 [CallModal] Audio loadeddata event for cmeifml0h001okung0i95m8s6
CallModal.tsx:3029 [CallModal] Audio can play for cmeifml0h001okung0i95m8s6
CallModal.tsx:3018 [CallModal] Audio canplay event for cmeifml0h001okung0i95m8s6
CallModal.tsx:3030 [CallModal] Audio is playing for cmeifml0h001okung0i95m8s6
CallModal.tsx:2965 [CallModal] ✅ Audio playing immediately for participant cmeifml0h001okung0i95m8s6
CallModal.tsx:2965 [CallModal] ✅ Audio playing immediately for participant cmeifml0h001okung0i95m8s6
CallModal.tsx:2965 [CallModal] ✅ Audio playing immediately for participant cmeifml0h001okung0i95m8s6
useCallPerformance.ts:41 [useCallPerformance] Network metrics: {audioPacketLoss: 0, videoPacketLoss: 0, videoFrameRate: 0, latency: 1, callType: 'voice'}
useCallPerformance.ts:37 [useCallPerformance] No valid network data yet, assuming good quality
CallModal.tsx:62 [CallModal] Rendered - voice call opened
CallModal.tsx:62 [CallModal] Rendered - voice call opened
CallModal.tsx:2603 [VoiceParticipant] Tester voice activity debug: {participantId: 'cmeifml0h001okung0i95m8s6', hasOriginalStream: true, hasLatestStream: true, streamActive: true, audioTracksCount: 1, …}
CallModal.tsx:2603 [VoiceParticipant] Tester voice activity debug: {participantId: 'cmeifml0h001okung0i95m8s6', hasOriginalStream: true, hasLatestStream: true, streamActive: true, audioTracksCount: 1, …}
CallModal.tsx:2917 [CallModal] 🔊 Setting up audio element for participant cmeifml0h001okung0i95m8s6
CallModal.tsx:2918 [CallModal] Stream details: {id: '22684b8b-e675-484e-8ba1-c9d3f02f2c18', active: true, audioTracks: Array(1)}
CallModal.tsx:2932 [CallModal] Previous audio element for cmeifml0h001okung0i95m8s6: false
CallModal.tsx:2941 [CallModal] Cleared previous srcObject for cmeifml0h001okung0i95m8s6
useVoiceActivity.ts:22 [VoiceActivity] Effect triggered: {hasStream: true, streamId: '22684b8b-e675-484e-8ba1-c9d3f02f2c18', audioTracks: 1, threshold: -40}
useVoiceActivity.ts:42 [VoiceActivity] Initializing for stream: 22684b8b-e675-484e-8ba1-c9d3f02f2c18 with 1 audio tracks
useVoiceActivity.ts:22 [VoiceActivity] Effect triggered: {hasStream: true, streamId: '22684b8b-e675-484e-8ba1-c9d3f02f2c18', audioTracks: 1, threshold: -40}
useVoiceActivity.ts:42 [VoiceActivity] Initializing for stream: 22684b8b-e675-484e-8ba1-c9d3f02f2c18 with 1 audio tracks
CallModal.tsx:62 [CallModal] Rendered - voice call opened
CallModal.tsx:62 [CallModal] Rendered - voice call opened
CallModal.tsx:3013 [CallModal] Audio loadeddata event for cmeifml0h001okung0i95m8s6
CallModal.tsx:3029 [CallModal] Audio can play for cmeifml0h001okung0i95m8s6
CallModal.tsx:3018 [CallModal] Audio canplay event for cmeifml0h001okung0i95m8s6
CallModal.tsx:3030 [CallModal] Audio is playing for cmeifml0h001okung0i95m8s6
 [CallModal] ✅ Audio playing immediately for participant cmeifml0h001okung0i95m8s6
 [CallModal] ✅ Audio playing immediately for participant cmeifml0h001okung0i95m8s6
 [CallModal] ✅ Audio playing immediately for participant cmeifml0h001okung0i95m8s6
 [CallModal] Rendered - voice call opened
 [CallModal] Rendered - voice call opened
 [VoiceParticipant] Tester voice activity debug: {participantId: 'cmeifml0h001okung0i95m8s6', hasOriginalStream: true, hasLatestStream: true, streamActive: true, audioTracksCount: 1, …}
 [VoiceParticipant] Tester voice activity debug: {participantId: 'cmeifml0h001okung0i95m8s6', hasOriginalStream: true, hasLatestStream: true, streamActive: true, audioTracksCount: 1, …}
 [CallModal] 🔊 Setting up audio element for participant cmeifml0h001okung0i95m8s6
 [CallModal] Stream details: {id: '22684b8b-e675-484e-8ba1-c9d3f02f2c18', active: true, audioTracks: Array(1)}
 [CallModal] Previous audio element for cmeifml0h001okung0i95m8s6: false
 [CallModal] Cleared previous srcObject for cmeifml0h001okung0i95m8s6
 [VoiceActivity] Effect triggered: {hasStream: true, streamId: '22684b8b-e675-484e-8ba1-c9d3f02f2c18', audioTracks: 1, threshold: -40}
 [VoiceActivity] Initializing for stream: 22684b8b-e675-484e-8ba1-c9d3f02f2c18 with 1 audio tracks
 [VoiceActivity] Effect triggered: {hasStream: true, streamId: '22684b8b-e675-484e-8ba1-c9d3f02f2c18', audioTracks: 1, threshold: -40}
 [VoiceActivity] Initializing for stream: 22684b8b-e675-484e-8ba1-c9d3f02f2c18 with 1 audio tracks
 [CallModal] Rendered - voice call opened
 [CallModal] Rendered - voice call opened
 [CallModal] Audio loadeddata event for cmeifml0h001okung0i95m8s6
 [CallModal] Audio can play for cmeifml0h001okung0i95m8s6
 [CallModal] Audio canplay event for cmeifml0h001okung0i95m8s6
 [CallModal] Audio is playing for cmeifml0h001okung0i95m8s6
 [CallModal] ✅ Audio playing immediately for participant cmeifml0h001okung0i95m8s6
 [CallModal] ✅ Audio playing immediately for participant cmeifml0h001okung0i95m8s6
 [CallModal] ✅ Audio playing immediately for participant cmeifml0h001okung0i95m8s6
 [CallModal] Rendered - voice call opened
 [CallModal] Rendered - voice call opened
 [VoiceParticipant] Tester voice activity debug: {participantId: 'cmeifml0h001okung0i95m8s6', hasOriginalStream: true, hasLatestStream: true, streamActive: true, audioTracksCount: 1, …}
 [VoiceParticipant] Tester voice activity debug: {participantId: 'cmeifml0h001okung0i95m8s6', hasOriginalStream: true, hasLatestStream: true, streamActive: true, audioTracksCount: 1, …}
 [CallModal] 🔊 Setting up audio element for participant cmeifml0h001okung0i95m8s6
 [CallModal] Stream details: {id: '22684b8b-e675-484e-8ba1-c9d3f02f2c18', active: true, audioTracks: Array(1)}
 [CallModal] Previous audio element for cmeifml0h001okung0i95m8s6: false
 [CallModal] Cleared previous srcObject for cmeifml0h001okung0i95m8s6
 [VoiceActivity] Effect triggered: {hasStream: true, streamId: '22684b8b-e675-484e-8ba1-c9d3f02f2c18', audioTracks: 1, threshold: -40}
 [VoiceActivity] Initializing for stream: 22684b8b-e675-484e-8ba1-c9d3f02f2c18 with 1 audio tracks
 [VoiceActivity] Effect triggered: {hasStream: true, streamId: '22684b8b-e675-484e-8ba1-c9d3f02f2c18', audioTracks: 1, threshold: -40}
 [VoiceActivity] Initializing for stream: 22684b8b-e675-484e-8ba1-c9d3f02f2c18 with 1 audio tracks
 [CallModal] Rendered - voice call opened
 [CallModal] Rendered - voice call opened
 [CallModal] Audio loadeddata event for cmeifml0h001okung0i95m8s6
 [CallModal] Audio can play for cmeifml0h001okung0i95m8s6
 [CallModal] Audio canplay event for cmeifml0h001okung0i95m8s6
 [CallModal] Audio is playing for cmeifml0h001okung0i95m8s6
 [CallModal] ✅ Audio playing immediately for participant cmeifml0h001okung0i95m8s6
 [CallModal] ✅ Audio playing immediately for participant cmeifml0h001okung0i95m8s6
 [CallModal] ✅ Audio playing immediately for participant cmeifml0h001okung0i95m8s6
 [CallModal] Rendered - voice call opened
 [CallModal] Rendered - voice call opened
 [VoiceParticipant] Tester voice activity debug: {participantId: 'cmeifml0h001okung0i95m8s6', hasOriginalStream: true, hasLatestStream: true, streamActive: true, audioTracksCount: 1, …}
 [VoiceParticipant] Tester voice activity debug: {participantId: 'cmeifml0h001okung0i95m8s6', hasOriginalStream: true, hasLatestStream: true, streamActive: true, audioTracksCount: 1, …}
 [CallModal] 🔊 Setting up audio element for participant cmeifml0h001okung0i95m8s6
 [CallModal] Stream details: {id: '22684b8b-e675-484e-8ba1-c9d3f02f2c18', active: true, audioTracks: Array(1)}
 [CallModal] Previous audio element for cmeifml0h001okung0i95m8s6: false
 [CallModal] Cleared previous srcObject for cmeifml0h001okung0i95m8s6
 [VoiceActivity] Effect triggered: {hasStream: true, streamId: '22684b8b-e675-484e-8ba1-c9d3f02f2c18', audioTracks: 1, threshold: -40}
 [VoiceActivity] Initializing for stream: 22684b8b-e675-484e-8ba1-c9d3f02f2c18 with 1 audio tracks
 [VoiceActivity] Effect triggered: {hasStream: true, streamId: '22684b8b-e675-484e-8ba1-c9d3f02f2c18', audioTracks: 1, threshold: -40}
 [VoiceActivity] Initializing for stream: 22684b8b-e675-484e-8ba1-c9d3f02f2c18 with 1 audio tracks
 [CallModal] Rendered - voice call opened
 [CallModal] Rendered - voice call opened
 [CallModal] Audio loadeddata event for cmeifml0h001okung0i95m8s6
 [CallModal] Audio can play for cmeifml0h001okung0i95m8s6
 [CallModal] Audio canplay event for cmeifml0h001okung0i95m8s6
 [CallModal] Audio is playing for cmeifml0h001okung0i95m8s6
 [CallModal] ✅ Audio playing immediately for participant cmeifml0h001okung0i95m8s6
 [CallModal] ✅ Audio playing immediately for participant cmeifml0h001okung0i95m8s6
 [CallModal] ✅ Audio playing immediately for participant cmeifml0h001okung0i95m8s6
 [CallModal] Rendered - voice call opened
 [CallModal] Rendered - voice call opened
 [VoiceParticipant] Tester voice activity debug: {participantId: 'cmeifml0h001okung0i95m8s6', hasOriginalStream: true, hasLatestStream: true, streamActive: true, audioTracksCount: 1, …}
 [VoiceParticipant] Tester voice activity debug: {participantId: 'cmeifml0h001okung0i95m8s6', hasOriginalStream: true, hasLatestStream: true, streamActive: true, audioTracksCount: 1, …}
 [CallModal] 🔊 Setting up audio element for participant cmeifml0h001okung0i95m8s6
 [CallModal] Stream details: {id: '22684b8b-e675-484e-8ba1-c9d3f02f2c18', active: true, audioTracks: Array(1)}
 [CallModal] Previous audio element for cmeifml0h001okung0i95m8s6: false
 [CallModal] Cleared previous srcObject for cmeifml0h001okung0i95m8s6
 [VoiceActivity] Effect triggered: {hasStream: true, streamId: '22684b8b-e675-484e-8ba1-c9d3f02f2c18', audioTracks: 1, threshold: -40}
 [VoiceActivity] Initializing for stream: 22684b8b-e675-484e-8ba1-c9d3f02f2c18 with 1 audio tracks
 [VoiceActivity] Effect triggered: {hasStream: true, streamId: '22684b8b-e675-484e-8ba1-c9d3f02f2c18', audioTracks: 1, threshold: -40}
 [VoiceActivity] Initializing for stream: 22684b8b-e675-484e-8ba1-c9d3f02f2c18 with 1 audio tracks
 [CallModal] Audio loadeddata event for cmeifml0h001okung0i95m8s6
 [CallModal] Audio can play for cmeifml0h001okung0i95m8s6
 [CallModal] Audio canplay event for cmeifml0h001okung0i95m8s6
 [CallModal] Audio is playing for cmeifml0h001okung0i95m8s6
 [CallModal] ✅ Audio playing immediately for participant cmeifml0h001okung0i95m8s6
 [CallModal] ✅ Audio playing immediately for participant cmeifml0h001okung0i95m8s6
 [CallModal] ✅ Audio playing immediately for participant cmeifml0h001okung0i95m8s6
 [CallModal] Skipping connection verification - no WebRTC or participants
 [CallModal] Rendered - voice call opened
 [CallModal] Rendered - voice call opened
 [CallModal] Rendered - voice call opened
 [CallModal] Rendered - voice call opened
 [VoiceParticipant] Tester voice activity debug: {participantId: 'cmeifml0h001okung0i95m8s6', hasOriginalStream: true, hasLatestStream: true, streamActive: true, audioTracksCount: 1, …}
 [VoiceParticipant] Tester voice activity debug: {participantId: 'cmeifml0h001okung0i95m8s6', hasOriginalStream: true, hasLatestStream: true, streamActive: true, audioTracksCount: 1, …}
 [CallModal] 🔊 Setting up audio element for participant cmeifml0h001okung0i95m8s6
 [CallModal] Stream details: {id: '22684b8b-e675-484e-8ba1-c9d3f02f2c18', active: true, audioTracks: Array(1)}
 [CallModal] Previous audio element for cmeifml0h001okung0i95m8s6: false
 [CallModal] Cleared previous srcObject for cmeifml0h001okung0i95m8s6
 [VoiceActivity] Effect triggered: {hasStream: true, streamId: '22684b8b-e675-484e-8ba1-c9d3f02f2c18', audioTracks: 1, threshold: -40}
 [VoiceActivity] Initializing for stream: 22684b8b-e675-484e-8ba1-c9d3f02f2c18 with 1 audio tracks
 [VoiceActivity] Effect triggered: {hasStream: true, streamId: '22684b8b-e675-484e-8ba1-c9d3f02f2c18', audioTracks: 1, threshold: -40}
 [VoiceActivity] Initializing for stream: 22684b8b-e675-484e-8ba1-c9d3f02f2c18 with 1 audio tracks
 [CallModal] Rendered - voice call opened
 [CallModal] Rendered - voice call opened
 [CallModal] Audio loadeddata event for cmeifml0h001okung0i95m8s6
 [CallModal] Audio can play for cmeifml0h001okung0i95m8s6
 [CallModal] Audio canplay event for cmeifml0h001okung0i95m8s6
 [CallModal] Audio is playing for cmeifml0h001okung0i95m8s6
 [CallModal] ✅ Audio playing immediately for participant cmeifml0h001okung0i95m8s6
 [CallModal] ✅ Audio playing immediately for participant cmeifml0h001okung0i95m8s6
 [CallModal] ✅ Audio playing immediately for participant cmeifml0h001okung0i95m8s6
 [CallModal] Skipping connection verification - no WebRTC or participants
 [CallModal] Rendered - voice call opened
 [CallModal] Rendered - voice call opened
 [VoiceParticipant] Tester voice activity debug: {participantId: 'cmeifml0h001okung0i95m8s6', hasOriginalStream: true, hasLatestStream: true, streamActive: true, audioTracksCount: 1, …}
 [VoiceParticipant] Tester voice activity debug: {participantId: 'cmeifml0h001okung0i95m8s6', hasOriginalStream: true, hasLatestStream: true, streamActive: true, audioTracksCount: 1, …}
 [CallModal] 🔊 Setting up audio element for participant cmeifml0h001okung0i95m8s6
 [CallModal] Stream details: {id: '22684b8b-e675-484e-8ba1-c9d3f02f2c18', active: true, audioTracks: Array(1)}
 [CallModal] Previous audio element for cmeifml0h001okung0i95m8s6: false
 [CallModal] Cleared previous srcObject for cmeifml0h001okung0i95m8s6
 [VoiceActivity] Effect triggered: {hasStream: true, streamId: '22684b8b-e675-484e-8ba1-c9d3f02f2c18', audioTracks: 1, threshold: -40}
 [VoiceActivity] Initializing for stream: 22684b8b-e675-484e-8ba1-c9d3f02f2c18 with 1 audio tracks
 [VoiceActivity] Effect triggered: {hasStream: true, streamId: '22684b8b-e675-484e-8ba1-c9d3f02f2c18', audioTracks: 1, threshold: -40}
 [VoiceActivity] Initializing for stream: 22684b8b-e675-484e-8ba1-c9d3f02f2c18 with 1 audio tracks
 [CallModal] Audio loadeddata event for cmeifml0h001okung0i95m8s6
 [CallModal] Audio can play for cmeifml0h001okung0i95m8s6
 [CallModal] Audio canplay event for cmeifml0h001okung0i95m8s6
 [CallModal] Audio is playing for cmeifml0h001okung0i95m8s6
 [CallModal] ✅ Audio playing immediately for participant cmeifml0h001okung0i95m8s6
 [CallModal] ✅ Audio playing immediately for participant cmeifml0h001okung0i95m8s6
 [CallModal] ✅ Audio playing immediately for participant cmeifml0h001okung0i95m8s6
 [CallModal] Rendered - voice call opened
 [CallModal] Rendered - voice call opened
 [VoiceParticipant] Tester voice activity debug: {participantId: 'cmeifml0h001okung0i95m8s6', hasOriginalStream: true, hasLatestStream: true, streamActive: true, audioTracksCount: 1, …}
 [VoiceParticipant] Tester voice activity debug: {participantId: 'cmeifml0h001okung0i95m8s6', hasOriginalStream: true, hasLatestStream: true, streamActive: true, audioTracksCount: 1, …}
 [CallModal] Rendered - voice call opened
 [CallModal] Rendered - voice call opened
 [VoiceParticipant] Tester voice activity debug: {participantId: 'cmeifml0h001okung0i95m8s6', hasOriginalStream: true, hasLatestStream: true, streamActive: true, audioTracksCount: 1, …}
 [VoiceParticipant] Tester voice activity debug: {participantId: 'cmeifml0h001okung0i95m8s6', hasOriginalStream: true, hasLatestStream: true, streamActive: true, audioTracksCount: 1, …}
 [CallModal] 🔊 Setting up audio element for participant cmeifml0h001okung0i95m8s6
 [CallModal] Stream details: {id: '22684b8b-e675-484e-8ba1-c9d3f02f2c18', active: true, audioTracks: Array(1)}
 [CallModal] Previous audio element for cmeifml0h001okung0i95m8s6: false
 [CallModal] Cleared previous srcObject for cmeifml0h001okung0i95m8s6
 [VoiceActivity] Effect triggered: {hasStream: true, streamId: '22684b8b-e675-484e-8ba1-c9d3f02f2c18', audioTracks: 1, threshold: -40}
 [VoiceActivity] Initializing for stream: 22684b8b-e675-484e-8ba1-c9d3f02f2c18 with 1 audio tracks
 [VoiceActivity] Effect triggered: {hasStream: true, streamId: '22684b8b-e675-484e-8ba1-c9d3f02f2c18', audioTracks: 1, threshold: -40}
 [VoiceActivity] Initializing for stream: 22684b8b-e675-484e-8ba1-c9d3f02f2c18 with 1 audio tracks
 [CallModal] Audio loadeddata event for cmeifml0h001okung0i95m8s6
 [CallModal] Audio can play for cmeifml0h001okung0i95m8s6
 [CallModal] Audio canplay event for cmeifml0h001okung0i95m8s6
 [CallModal] Audio is playing for cmeifml0h001okung0i95m8s6
 [CallModal] ✅ Audio playing immediately for participant cmeifml0h001okung0i95m8s6
 [CallModal] ✅ Audio playing immediately for participant cmeifml0h001okung0i95m8s6
 [CallModal] ✅ Audio playing immediately for participant cmeifml0h001okung0i95m8s6
 [CallModal] Rendered - voice call opened
 [CallModal] Rendered - voice call opened
 [CallModal] Updated peer connections for performance monitoring: 2
 [CallModal] Peer connection participants: (2) ['cmeifml0h001okung0i95m8s6', 'cmeumah180000kuygq63oa1qx']
 [CallModal] Rendered - voice call opened
 [CallModal] Rendered - voice call opened
 [VoiceParticipant] Tester voice activity debug: {participantId: 'cmeifml0h001okung0i95m8s6', hasOriginalStream: true, hasLatestStream: true, streamActive: true, audioTracksCount: 1, …}
 [VoiceParticipant] Tester voice activity debug: {participantId: 'cmeifml0h001okung0i95m8s6', hasOriginalStream: true, hasLatestStream: true, streamActive: true, audioTracksCount: 1, …}
 [CallModal] 🔊 Setting up audio element for participant cmeifml0h001okung0i95m8s6
 [CallModal] Stream details: {id: '22684b8b-e675-484e-8ba1-c9d3f02f2c18', active: true, audioTracks: Array(1)}
 [CallModal] Previous audio element for cmeifml0h001okung0i95m8s6: false
 [CallModal] Cleared previous srcObject for cmeifml0h001okung0i95m8s6
 [VoiceActivity] Effect triggered: {hasStream: true, streamId: '22684b8b-e675-484e-8ba1-c9d3f02f2c18', audioTracks: 1, threshold: -40}
 [VoiceActivity] Initializing for stream: 22684b8b-e675-484e-8ba1-c9d3f02f2c18 with 1 audio tracks
 [useCallPerformance] Connection states: (2) [{…}, {…}]
 [useCallPerformance] Starting monitoring for 2 valid connections
 [VoiceActivity] Effect triggered: {hasStream: true, streamId: '22684b8b-e675-484e-8ba1-c9d3f02f2c18', audioTracks: 1, threshold: -40}
 [VoiceActivity] Initializing for stream: 22684b8b-e675-484e-8ba1-c9d3f02f2c18 with 1 audio tracks
 [CallModal] Audio loadeddata event for cmeifml0h001okung0i95m8s6
 [CallModal] Audio can play for cmeifml0h001okung0i95m8s6
 [CallModal] Audio canplay event for cmeifml0h001okung0i95m8s6
 [CallModal] Audio is playing for cmeifml0h001okung0i95m8s6
 [CallModal] ✅ Audio playing immediately for participant cmeifml0h001okung0i95m8s6
 [CallModal] ✅ Audio playing immediately for participant cmeifml0h001okung0i95m8s6
 [CallModal] ✅ Audio playing immediately for participant cmeifml0h001okung0i95m8s6
 [useCallPerformance] Network metrics: {audioPacketLoss: 0, videoPacketLoss: 0, videoFrameRate: 0, latency: 1, callType: 'voice'}
 [CallModal] Rendered - voice call opened
 [CallModal] Rendered - voice call opened
 [useCallPerformance] No valid network data yet, assuming good quality
 [CallModal] Rendered - voice call opened
 [CallModal] Rendered - voice call opened
 [VoiceParticipant] Tester voice activity debug: {participantId: 'cmeifml0h001okung0i95m8s6', hasOriginalStream: true, hasLatestStream: true, streamActive: true, audioTracksCount: 1, …}
 [VoiceParticipant] Tester voice activity debug: {participantId: 'cmeifml0h001okung0i95m8s6', hasOriginalStream: true, hasLatestStream: true, streamActive: true, audioTracksCount: 1, …}
 [CallModal] 🔊 Setting up audio element for participant cmeifml0h001okung0i95m8s6
 [CallModal] Stream details: {id: '22684b8b-e675-484e-8ba1-c9d3f02f2c18', active: true, audioTracks: Array(1)}
 [CallModal] Previous audio element for cmeifml0h001okung0i95m8s6: false
 [CallModal] Cleared previous srcObject for cmeifml0h001okung0i95m8s6
 [VoiceActivity] Effect triggered: {hasStream: true, streamId: '22684b8b-e675-484e-8ba1-c9d3f02f2c18', audioTracks: 1, threshold: -40}
 [VoiceActivity] Initializing for stream: 22684b8b-e675-484e-8ba1-c9d3f02f2c18 with 1 audio tracks
 [VoiceActivity] Effect triggered: {hasStream: true, streamId: '22684b8b-e675-484e-8ba1-c9d3f02f2c18', audioTracks: 1, threshold: -40}
 [VoiceActivity] Initializing for stream: 22684b8b-e675-484e-8ba1-c9d3f02f2c18 with 1 audio tracks
 [CallModal] Audio loadeddata event for cmeifml0h001okung0i95m8s6
 [CallModal] Audio can play for cmeifml0h001okung0i95m8s6
 [CallModal] Audio canplay event for cmeifml0h001okung0i95m8s6
 [CallModal] Audio is playing for cmeifml0h001okung0i95m8s6
 [CallModal] ✅ Audio playing immediately for participant cmeifml0h001okung0i95m8s6
 [CallModal] ✅ Audio playing immediately for participant cmeifml0h001okung0i95m8s6
 [CallModal] ✅ Audio playing immediately for participant cmeifml0h001okung0i95m8s6
 [CallModal] Rendered - voice call opened
 [CallModal] Rendered - voice call opened
 [VoiceParticipant] Tester voice activity debug: {participantId: 'cmeifml0h001okung0i95m8s6', hasOriginalStream: true, hasLatestStream: true, streamActive: true, audioTracksCount: 1, …}
 [VoiceParticipant] Tester voice activity debug: {participantId: 'cmeifml0h001okung0i95m8s6', hasOriginalStream: true, hasLatestStream: true, streamActive: true, audioTracksCount: 1, …}
 [CallModal] 🔊 Setting up audio element for participant cmeifml0h001okung0i95m8s6
 [CallModal] Stream details: {id: '22684b8b-e675-484e-8ba1-c9d3f02f2c18', active: true, audioTracks: Array(1)}
 [CallModal] Previous audio element for cmeifml0h001okung0i95m8s6: false
 [CallModal] Cleared previous srcObject for cmeifml0h001okung0i95m8s6
 [VoiceActivity] Effect triggered: {hasStream: true, streamId: '22684b8b-e675-484e-8ba1-c9d3f02f2c18', audioTracks: 1, threshold: -40}
 [VoiceActivity] Initializing for stream: 22684b8b-e675-484e-8ba1-c9d3f02f2c18 with 1 audio tracks
 [VoiceActivity] Effect triggered: {hasStream: true, streamId: '22684b8b-e675-484e-8ba1-c9d3f02f2c18', audioTracks: 1, threshold: -40}
 [VoiceActivity] Initializing for stream: 22684b8b-e675-484e-8ba1-c9d3f02f2c18 with 1 audio tracks
 [CallModal] Rendered - voice call opened
 [CallModal] Rendered - voice call opened
 [CallModal] Audio loadeddata event for cmeifml0h001okung0i95m8s6
 [CallModal] Audio can play for cmeifml0h001okung0i95m8s6
 [CallModal] Audio canplay event for cmeifml0h001okung0i95m8s6
 [CallModal] Audio is playing for cmeifml0h001okung0i95m8s6
 [CallModal] ✅ Audio playing immediately for participant cmeifml0h001okung0i95m8s6
 [CallModal] ✅ Audio playing immediately for participant cmeifml0h001okung0i95m8s6
 [CallModal] ✅ Audio playing immediately for participant cmeifml0h001okung0i95m8s6
 [VoiceActivity] Volume analysis: {average: '15.8', volume: '-24.2', threshold: -50, speaking: true, streamActive: true, …}
 [CallModal] Rendered - voice call opened
 [CallModal] Rendered - voice call opened
 [VoiceParticipant] Tester voice activity debug: {participantId: 'cmeifml0h001okung0i95m8s6', hasOriginalStream: true, hasLatestStream: true, streamActive: true, audioTracksCount: 1, …}
 [VoiceParticipant] Tester voice activity debug: {participantId: 'cmeifml0h001okung0i95m8s6', hasOriginalStream: true, hasLatestStream: true, streamActive: true, audioTracksCount: 1, …}
 [CallModal] 🔊 Setting up audio element for participant cmeifml0h001okung0i95m8s6
 [CallModal] Stream details: {id: '22684b8b-e675-484e-8ba1-c9d3f02f2c18', active: true, audioTracks: Array(1)}
 [CallModal] Previous audio element for cmeifml0h001okung0i95m8s6: false
 [CallModal] Cleared previous srcObject for cmeifml0h001okung0i95m8s6
 [VoiceActivity] Effect triggered: {hasStream: true, streamId: '22684b8b-e675-484e-8ba1-c9d3f02f2c18', audioTracks: 1, threshold: -40}
 [VoiceActivity] Initializing for stream: 22684b8b-e675-484e-8ba1-c9d3f02f2c18 with 1 audio tracks
 [VoiceActivity] Effect triggered: {hasStream: true, streamId: '22684b8b-e675-484e-8ba1-c9d3f02f2c18', audioTracks: 1, threshold: -40}
 [VoiceActivity] Initializing for stream: 22684b8b-e675-484e-8ba1-c9d3f02f2c18 with 1 audio tracks
 [CallModal] Audio loadeddata event for cmeifml0h001okung0i95m8s6
 [CallModal] Audio can play for cmeifml0h001okung0i95m8s6
 [CallModal] Audio canplay event for cmeifml0h001okung0i95m8s6
 [CallModal] Audio is playing for cmeifml0h001okung0i95m8s6
 [CallModal] ✅ Audio playing immediately for participant cmeifml0h001okung0i95m8s6
 [CallModal] ✅ Audio playing immediately for participant cmeifml0h001okung0i95m8s6
 [CallModal] ✅ Audio playing immediately for participant cmeifml0h001okung0i95m8s6
 [CallModal] Rendered - voice call opened
 [CallModal] Rendered - voice call opened
 [WebRTC] Excellent network detected - restoring quality
 [WebRTC] Improved audio quality for: cmeifml0h001okung0i95m8s6
 [CallModal] Rendered - voice call opened
 [CallModal] Rendered - voice call opened
 [VoiceParticipant] Tester voice activity debug: {participantId: 'cmeifml0h001okung0i95m8s6', hasOriginalStream: true, hasLatestStream: true, streamActive: true, audioTracksCount: 1, …}
 [VoiceParticipant] Tester voice activity debug: {participantId: 'cmeifml0h001okung0i95m8s6', hasOriginalStream: true, hasLatestStream: true, streamActive: true, audioTracksCount: 1, …}
 [CallModal] 🔊 Setting up audio element for participant cmeifml0h001okung0i95m8s6
 [CallModal] Stream details: {id: '22684b8b-e675-484e-8ba1-c9d3f02f2c18', active: true, audioTracks: Array(1)}
 [CallModal] Previous audio element for cmeifml0h001okung0i95m8s6: false
 [CallModal] Cleared previous srcObject for cmeifml0h001okung0i95m8s6
 [VoiceActivity] Effect triggered: {hasStream: true, streamId: '22684b8b-e675-484e-8ba1-c9d3f02f2c18', audioTracks: 1, threshold: -40}
 [VoiceActivity] Initializing for stream: 22684b8b-e675-484e-8ba1-c9d3f02f2c18 with 1 audio tracks
 [VoiceActivity] Effect triggered: {hasStream: true, streamId: '22684b8b-e675-484e-8ba1-c9d3f02f2c18', audioTracks: 1, threshold: -40}
 [VoiceActivity] Initializing for stream: 22684b8b-e675-484e-8ba1-c9d3f02f2c18 with 1 audio tracks
 [CallModal] Audio loadeddata event for cmeifml0h001okung0i95m8s6
 [CallModal] Audio can play for cmeifml0h001okung0i95m8s6
 [CallModal] Audio canplay event for cmeifml0h001okung0i95m8s6
 [CallModal] Audio is playing for cmeifml0h001okung0i95m8s6
 [CallModal] ✅ Audio playing immediately for participant cmeifml0h001okung0i95m8s6
 [CallModal] ✅ Audio playing immediately for participant cmeifml0h001okung0i95m8s6
 [CallModal] ✅ Audio playing immediately for participant cmeifml0h001okung0i95m8s6
 [CallModal] Rendered - voice call opened
 [CallModal] Rendered - voice call opened
 [VoiceParticipant] Tester voice activity debug: {participantId: 'cmeifml0h001okung0i95m8s6', hasOriginalStream: true, hasLatestStream: true, streamActive: true, audioTracksCount: 1, …}
 [VoiceParticipant] Tester voice activity debug: {participantId: 'cmeifml0h001okung0i95m8s6', hasOriginalStream: true, hasLatestStream: true, streamActive: true, audioTracksCount: 1, …}
 [CallModal] 🔊 Setting up audio element for participant cmeifml0h001okung0i95m8s6
 [CallModal] Stream details: {id: '22684b8b-e675-484e-8ba1-c9d3f02f2c18', active: true, audioTracks: Array(1)}
 [CallModal] Previous audio element for cmeifml0h001okung0i95m8s6: false
 [CallModal] Cleared previous srcObject for cmeifml0h001okung0i95m8s6
 [VoiceActivity] Effect triggered: {hasStream: true, streamId: '22684b8b-e675-484e-8ba1-c9d3f02f2c18', audioTracks: 1, threshold: -40}
 [VoiceActivity] Initializing for stream: 22684b8b-e675-484e-8ba1-c9d3f02f2c18 with 1 audio tracks
 [VoiceActivity] Effect triggered: {hasStream: true, streamId: '22684b8b-e675-484e-8ba1-c9d3f02f2c18', audioTracks: 1, threshold: -40}
 [VoiceActivity] Initializing for stream: 22684b8b-e675-484e-8ba1-c9d3f02f2c18 with 1 audio tracks
 [CallModal] Audio loadeddata event for cmeifml0h001okung0i95m8s6
 [CallModal] Audio can play for cmeifml0h001okung0i95m8s6
 [CallModal] Audio canplay event for cmeifml0h001okung0i95m8s6
 [CallModal] Audio is playing for cmeifml0h001okung0i95m8s6
 [CallModal] ✅ Audio playing immediately for participant cmeifml0h001okung0i95m8s6
 [CallModal] ✅ Audio playing immediately for participant cmeifml0h001okung0i95m8s6
 [CallModal] ✅ Audio playing immediately for participant cmeifml0h001okung0i95m8s6
 [CallModal] Rendered - voice call opened
 [CallModal] Rendered - voice call opened
 [VoiceParticipant] Tester voice activity debug: {participantId: 'cmeifml0h001okung0i95m8s6', hasOriginalStream: true, hasLatestStream: true, streamActive: true, audioTracksCount: 1, …}
 [VoiceParticipant] Tester voice activity debug: {participantId: 'cmeifml0h001okung0i95m8s6', hasOriginalStream: true, hasLatestStream: true, streamActive: true, audioTracksCount: 1, …}
 [CallModal] 🔊 Setting up audio element for participant cmeifml0h001okung0i95m8s6
 [CallModal] Stream details: {id: '22684b8b-e675-484e-8ba1-c9d3f02f2c18', active: true, audioTracks: Array(1)}
 [CallModal] Previous audio element for cmeifml0h001okung0i95m8s6: false
 [CallModal] Cleared previous srcObject for cmeifml0h001okung0i95m8s6
 [VoiceActivity] Effect triggered: {hasStream: true, streamId: '22684b8b-e675-484e-8ba1-c9d3f02f2c18', audioTracks: 1, threshold: -40}
 [VoiceActivity] Initializing for stream: 22684b8b-e675-484e-8ba1-c9d3f02f2c18 with 1 audio tracks
 [VoiceActivity] Effect triggered: {hasStream: true, streamId: '22684b8b-e675-484e-8ba1-c9d3f02f2c18', audioTracks: 1, threshold: -40}
 [VoiceActivity] Initializing for stream: 22684b8b-e675-484e-8ba1-c9d3f02f2c18 with 1 audio tracks
 [VoiceActivity] Volume analysis: {average: '0.0', volume: '-100.0', threshold: -40, speaking: false, streamActive: true, …}
 [CallModal] Audio loadeddata event for cmeifml0h001okung0i95m8s6
 [CallModal] Audio can play for cmeifml0h001okung0i95m8s6
 [CallModal] Audio canplay event for cmeifml0h001okung0i95m8s6
 [CallModal] Audio is playing for cmeifml0h001okung0i95m8s6
 [CallModal] ✅ Audio playing immediately for participant cmeifml0h001okung0i95m8s6
 [CallModal] ✅ Audio playing immediately for participant cmeifml0h001okung0i95m8s6
 [CallModal] ✅ Audio playing immediately for participant cmeifml0h001okung0i95m8s6
 [CallModal] Rendered - voice call opened
 [CallModal] Rendered - voice call opened
 [VoiceActivity] Volume analysis: {average: '8.7', volume: '-29.3', threshold: -50, speaking: false, streamActive: true, …}
 [CallModal] Rendered - voice call opened
 [CallModal] Rendered - voice call opened
 [VoiceParticipant] Tester voice activity debug: {participantId: 'cmeifml0h001okung0i95m8s6', hasOriginalStream: true, hasLatestStream: true, streamActive: true, audioTracksCount: 1, …}
 [VoiceParticipant] Tester voice activity debug: {participantId: 'cmeifml0h001okung0i95m8s6', hasOriginalStream: true, hasLatestStream: true, streamActive: true, audioTracksCount: 1, …}
 [CallModal] 🔊 Setting up audio element for participant cmeifml0h001okung0i95m8s6
 [CallModal] Stream details: {id: '22684b8b-e675-484e-8ba1-c9d3f02f2c18', active: true, audioTracks: Array(1)}
 [CallModal] Previous audio element for cmeifml0h001okung0i95m8s6: false
 [CallModal] Cleared previous srcObject for cmeifml0h001okung0i95m8s6
 [VoiceActivity] Effect triggered: {hasStream: true, streamId: '22684b8b-e675-484e-8ba1-c9d3f02f2c18', audioTracks: 1, threshold: -40}
 [VoiceActivity] Initializing for stream: 22684b8b-e675-484e-8ba1-c9d3f02f2c18 with 1 audio tracks
 [VoiceActivity] Effect triggered: {hasStream: true, streamId: '22684b8b-e675-484e-8ba1-c9d3f02f2c18', audioTracks: 1, threshold: -40}
 [VoiceActivity] Initializing for stream: 22684b8b-e675-484e-8ba1-c9d3f02f2c18 with 1 audio tracks
 [CallModal] Rendered - voice call opened
 [CallModal] Rendered - voice call opened
 [CallModal] Audio loadeddata event for cmeifml0h001okung0i95m8s6
 [CallModal] Audio can play for cmeifml0h001okung0i95m8s6
 [CallModal] Audio canplay event for cmeifml0h001okung0i95m8s6
 [CallModal] Audio is playing for cmeifml0h001okung0i95m8s6
 [CallModal] ✅ Audio playing immediately for participant cmeifml0h001okung0i95m8s6
 [CallModal] ✅ Audio playing immediately for participant cmeifml0h001okung0i95m8s6
 [CallModal] ✅ Audio playing immediately for participant cmeifml0h001okung0i95m8s6
 [VoiceActivity] Volume analysis: {average: '4.6', volume: '-34.8', threshold: -40, speaking: false, streamActive: true, …}
 [VoiceParticipant] Tester voice activity debug: {participantId: 'cmeifml0h001okung0i95m8s6', hasOriginalStream: true, hasLatestStream: true, streamActive: true, audioTracksCount: 1, …}
 [VoiceParticipant] Tester voice activity debug: {participantId: 'cmeifml0h001okung0i95m8s6', hasOriginalStream: true, hasLatestStream: true, streamActive: true, audioTracksCount: 1, …}
 [VoiceParticipant] Tester voice activity debug: {participantId: 'cmeifml0h001okung0i95m8s6', hasOriginalStream: true, hasLatestStream: true, streamActive: true, audioTracksCount: 1, …}
 [VoiceParticipant] Tester voice activity debug: {participantId: 'cmeifml0h001okung0i95m8s6', hasOriginalStream: true, hasLatestStream: true, streamActive: true, audioTracksCount: 1, …}
 [CallModal] Updated peer connections for performance monitoring: 2
 [CallModal] Peer connection participants: (2) ['cmeifml0h001okung0i95m8s6', 'cmeumah180000kuygq63oa1qx']
 [CallModal] Rendered - voice call opened
 [CallModal] Rendered - voice call opened
 [VoiceParticipant] Tester voice activity debug: {participantId: 'cmeifml0h001okung0i95m8s6', hasOriginalStream: true, hasLatestStream: true, streamActive: true, audioTracksCount: 1, …}
 [VoiceParticipant] Tester voice activity debug: {participantId: 'cmeifml0h001okung0i95m8s6', hasOriginalStream: true, hasLatestStream: true, streamActive: true, audioTracksCount: 1, …}
 [CallModal] 🔊 Setting up audio element for participant cmeifml0h001okung0i95m8s6
 [CallModal] Stream details: {id: '22684b8b-e675-484e-8ba1-c9d3f02f2c18', active: true, audioTracks: Array(1)}
 [CallModal] Previous audio element for cmeifml0h001okung0i95m8s6: false
 [CallModal] Cleared previous srcObject for cmeifml0h001okung0i95m8s6
 [VoiceActivity] Effect triggered: {hasStream: true, streamId: '22684b8b-e675-484e-8ba1-c9d3f02f2c18', audioTracks: 1, threshold: -40}
 [VoiceActivity] Initializing for stream: 22684b8b-e675-484e-8ba1-c9d3f02f2c18 with 1 audio tracks
 [useCallPerformance] Connection states: (2) [{…}, {…}]
 [useCallPerformance] Starting monitoring for 2 valid connections
 [VoiceActivity] Effect triggered: {hasStream: true, streamId: '22684b8b-e675-484e-8ba1-c9d3f02f2c18', audioTracks: 1, threshold: -40}
 [VoiceActivity] Initializing for stream: 22684b8b-e675-484e-8ba1-c9d3f02f2c18 with 1 audio tracks
 [CallModal] Audio loadeddata event for cmeifml0h001okung0i95m8s6
 [CallModal] Audio can play for cmeifml0h001okung0i95m8s6
 [CallModal] Audio canplay event for cmeifml0h001okung0i95m8s6
 [CallModal] Audio is playing for cmeifml0h001okung0i95m8s6
 [CallModal] ✅ Audio playing immediately for participant cmeifml0h001okung0i95m8s6
 [CallModal] ✅ Audio playing immediately for participant cmeifml0h001okung0i95m8s6
 [CallModal] ✅ Audio playing immediately for participant cmeifml0h001okung0i95m8s6
 [useCallPerformance] Network metrics: {audioPacketLoss: 0, videoPacketLoss: 0, videoFrameRate: 0, latency: 1, callType: 'voice'}
 [CallModal] Rendered - voice call opened
 [CallModal] Rendered - voice call opened
 [useCallPerformance] No valid network data yet, assuming good quality
 [CallModal] Rendered - voice call opened
 [CallModal] Rendered - voice call opened
 [VoiceParticipant] Tester voice activity debug: {participantId: 'cmeifml0h001okung0i95m8s6', hasOriginalStream: true, hasLatestStream: true, streamActive: true, audioTracksCount: 1, …}
 [VoiceParticipant] Tester voice activity debug: {participantId: 'cmeifml0h001okung0i95m8s6', hasOriginalStream: true, hasLatestStream: true, streamActive: true, audioTracksCount: 1, …}
 [CallModal] 🔊 Setting up audio element for participant cmeifml0h001okung0i95m8s6
 [CallModal] Stream details: {id: '22684b8b-e675-484e-8ba1-c9d3f02f2c18', active: true, audioTracks: Array(1)}
 [CallModal] Previous audio element for cmeifml0h001okung0i95m8s6: false
 [CallModal] Cleared previous srcObject for cmeifml0h001okung0i95m8s6
 [VoiceActivity] Effect triggered: {hasStream: true, streamId: '22684b8b-e675-484e-8ba1-c9d3f02f2c18', audioTracks: 1, threshold: -40}
 [VoiceActivity] Initializing for stream: 22684b8b-e675-484e-8ba1-c9d3f02f2c18 with 1 audio tracks
 [VoiceActivity] Effect triggered: {hasStream: true, streamId: '22684b8b-e675-484e-8ba1-c9d3f02f2c18', audioTracks: 1, threshold: -40}
 [VoiceActivity] Initializing for stream: 22684b8b-e675-484e-8ba1-c9d3f02f2c18 with 1 audio tracks
 [CallModal] Audio loadeddata event for cmeifml0h001okung0i95m8s6
 [CallModal] Audio can play for cmeifml0h001okung0i95m8s6
 [CallModal] Audio canplay event for cmeifml0h001okung0i95m8s6
 [CallModal] Audio is playing for cmeifml0h001okung0i95m8s6
 [CallModal] ✅ Audio playing immediately for participant cmeifml0h001okung0i95m8s6
 [CallModal] ✅ Audio playing immediately for participant cmeifml0h001okung0i95m8s6
 [CallModal] ✅ Audio playing immediately for participant cmeifml0h001okung0i95m8s6
 [CallModal] Rendered - voice call opened
 [CallModal] Rendered - voice call opened
 [VoiceParticipant] Tester voice activity debug: {participantId: 'cmeifml0h001okung0i95m8s6', hasOriginalStream: true, hasLatestStream: true, streamActive: true, audioTracksCount: 1, …}
 [VoiceParticipant] Tester voice activity debug: {participantId: 'cmeifml0h001okung0i95m8s6', hasOriginalStream: true, hasLatestStream: true, streamActive: true, audioTracksCount: 1, …}
 [CallModal] 🔊 Setting up audio element for participant cmeifml0h001okung0i95m8s6
 [CallModal] Stream details: {id: '22684b8b-e675-484e-8ba1-c9d3f02f2c18', active: true, audioTracks: Array(1)}
 [CallModal] Previous audio element for cmeifml0h001okung0i95m8s6: false
 [CallModal] Cleared previous srcObject for cmeifml0h001okung0i95m8s6
 [VoiceActivity] Effect triggered: {hasStream: true, streamId: '22684b8b-e675-484e-8ba1-c9d3f02f2c18', audioTracks: 1, threshold: -40}
 [VoiceActivity] Initializing for stream: 22684b8b-e675-484e-8ba1-c9d3f02f2c18 with 1 audio tracks
 [VoiceActivity] Effect triggered: {hasStream: true, streamId: '22684b8b-e675-484e-8ba1-c9d3f02f2c18', audioTracks: 1, threshold: -40}
 [VoiceActivity] Initializing for stream: 22684b8b-e675-484e-8ba1-c9d3f02f2c18 with 1 audio tracks
 [CallModal] Rendered - voice call opened
 [CallModal] Rendered - voice call opened
 [CallModal] Audio loadeddata event for cmeifml0h001okung0i95m8s6
 [CallModal] Audio can play for cmeifml0h001okung0i95m8s6
 [CallModal] Audio canplay event for cmeifml0h001okung0i95m8s6
 [CallModal] Audio is playing for cmeifml0h001okung0i95m8s6
 [CallModal] ✅ Audio playing immediately for participant cmeifml0h001okung0i95m8s6
 [CallModal] ✅ Audio playing immediately for participant cmeifml0h001okung0i95m8s6
 [CallModal] ✅ Audio playing immediately for participant cmeifml0h001okung0i95m8s6
 [CallModal] Rendered - voice call opened
 [CallModal] Rendered - voice call opened
 [VoiceParticipant] Tester voice activity debug: {participantId: 'cmeifml0h001okung0i95m8s6', hasOriginalStream: true, hasLatestStream: true, streamActive: true, audioTracksCount: 1, …}
 [VoiceParticipant] Tester voice activity debug: {participantId: 'cmeifml0h001okung0i95m8s6', hasOriginalStream: true, hasLatestStream: true, streamActive: true, audioTracksCount: 1, …}
 [CallModal] 🔊 Setting up audio element for participant cmeifml0h001okung0i95m8s6
 [CallModal] Stream details: {id: '22684b8b-e675-484e-8ba1-c9d3f02f2c18', active: true, audioTracks: Array(1)}
 [CallModal] Previous audio element for cmeifml0h001okung0i95m8s6: false
 [CallModal] Cleared previous srcObject for cmeifml0h001okung0i95m8s6
 [VoiceActivity] Effect triggered: {hasStream: true, streamId: '22684b8b-e675-484e-8ba1-c9d3f02f2c18', audioTracks: 1, threshold: -40}
 [VoiceActivity] Initializing for stream: 22684b8b-e675-484e-8ba1-c9d3f02f2c18 with 1 audio tracks
 [VoiceActivity] Effect triggered: {hasStream: true, streamId: '22684b8b-e675-484e-8ba1-c9d3f02f2c18', audioTracks: 1, threshold: -40}
 [VoiceActivity] Initializing for stream: 22684b8b-e675-484e-8ba1-c9d3f02f2c18 with 1 audio tracks
 [CallModal] Rendered - voice call opened
 [CallModal] Rendered - voice call opened
 [CallModal] Audio loadeddata event for cmeifml0h001okung0i95m8s6
 [CallModal] Audio can play for cmeifml0h001okung0i95m8s6
 [CallModal] Audio canplay event for cmeifml0h001okung0i95m8s6
 [CallModal] Audio is playing for cmeifml0h001okung0i95m8s6
 [CallModal] ✅ Audio playing immediately for participant cmeifml0h001okung0i95m8s6
 [CallModal] ✅ Audio playing immediately for participant cmeifml0h001okung0i95m8s6
 [CallModal] ✅ Audio playing immediately for participant cmeifml0h001okung0i95m8s6
 [CallModal] Rendered - voice call opened
 [CallModal] Rendered - voice call opened
 [VoiceParticipant] Tester voice activity debug: {participantId: 'cmeifml0h001okung0i95m8s6', hasOriginalStream: true, hasLatestStream: true, streamActive: true, audioTracksCount: 1, …}
 [VoiceParticipant] Tester voice activity debug: {participantId: 'cmeifml0h001okung0i95m8s6', hasOriginalStream: true, hasLatestStream: true, streamActive: true, audioTracksCount: 1, …}
 [CallModal] 🔊 Setting up audio element for participant cmeifml0h001okung0i95m8s6
 [CallModal] Stream details: {id: '22684b8b-e675-484e-8ba1-c9d3f02f2c18', active: true, audioTracks: Array(1)}
 [CallModal] Previous audio element for cmeifml0h001okung0i95m8s6: false
 [CallModal] Cleared previous srcObject for cmeifml0h001okung0i95m8s6
 [VoiceActivity] Effect triggered: {hasStream: true, streamId: '22684b8b-e675-484e-8ba1-c9d3f02f2c18', audioTracks: 1, threshold: -40}
 [VoiceActivity] Initializing for stream: 22684b8b-e675-484e-8ba1-c9d3f02f2c18 with 1 audio tracks
 [VoiceActivity] Effect triggered: {hasStream: true, streamId: '22684b8b-e675-484e-8ba1-c9d3f02f2c18', audioTracks: 1, threshold: -40}
 [VoiceActivity] Initializing for stream: 22684b8b-e675-484e-8ba1-c9d3f02f2c18 with 1 audio tracks
 [CallModal] Rendered - voice call opened
 [CallModal] Rendered - voice call opened
 [CallModal] Audio loadeddata event for cmeifml0h001okung0i95m8s6
 [CallModal] Audio can play for cmeifml0h001okung0i95m8s6
 [CallModal] Audio canplay event for cmeifml0h001okung0i95m8s6
 [CallModal] Audio is playing for cmeifml0h001okung0i95m8s6
 [CallModal] ✅ Audio playing immediately for participant cmeifml0h001okung0i95m8s6
 [CallModal] ✅ Audio playing immediately for participant cmeifml0h001okung0i95m8s6
 [CallModal] ✅ Audio playing immediately for participant cmeifml0h001okung0i95m8s6
 [VoiceActivity] Volume analysis: {average: '14.9', volume: '-24.7', threshold: -50, speaking: true, streamActive: true, …}
 [CallModal] Rendered - voice call opened
 [CallModal] Rendered - voice call opened
 [VoiceParticipant] Tester voice activity debug: {participantId: 'cmeifml0h001okung0i95m8s6', hasOriginalStream: true, hasLatestStream: true, streamActive: true, audioTracksCount: 1, …}
 [VoiceParticipant] Tester voice activity debug: {participantId: 'cmeifml0h001okung0i95m8s6', hasOriginalStream: true, hasLatestStream: true, streamActive: true, audioTracksCount: 1, …}
 [CallModal] 🔊 Setting up audio element for participant cmeifml0h001okung0i95m8s6
 [CallModal] Stream details: {id: '22684b8b-e675-484e-8ba1-c9d3f02f2c18', active: true, audioTracks: Array(1)}
 [CallModal] Previous audio element for cmeifml0h001okung0i95m8s6: false
 [CallModal] Cleared previous srcObject for cmeifml0h001okung0i95m8s6
 [VoiceActivity] Effect triggered: {hasStream: true, streamId: '22684b8b-e675-484e-8ba1-c9d3f02f2c18', audioTracks: 1, threshold: -40}
 [VoiceActivity] Initializing for stream: 22684b8b-e675-484e-8ba1-c9d3f02f2c18 with 1 audio tracks
 [VoiceActivity] Effect triggered: {hasStream: true, streamId: '22684b8b-e675-484e-8ba1-c9d3f02f2c18', audioTracks: 1, threshold: -40}
 [VoiceActivity] Initializing for stream: 22684b8b-e675-484e-8ba1-c9d3f02f2c18 with 1 audio tracks
 [CallModal] Audio loadeddata event for cmeifml0h001okung0i95m8s6
 [CallModal] Audio can play for cmeifml0h001okung0i95m8s6
 [CallModal] Audio canplay event for cmeifml0h001okung0i95m8s6
 [CallModal] Audio is playing for cmeifml0h001okung0i95m8s6
 [CallModal] ✅ Audio playing immediately for participant cmeifml0h001okung0i95m8s6
 [CallModal] ✅ Audio playing immediately for participant cmeifml0h001okung0i95m8s6
 [CallModal] ✅ Audio playing immediately for participant cmeifml0h001okung0i95m8s6
 [CallModal] Rendered - voice call opened
 [CallModal] Rendered - voice call opened
 [VoiceParticipant] Tester voice activity debug: {participantId: 'cmeifml0h001okung0i95m8s6', hasOriginalStream: true, hasLatestStream: true, streamActive: true, audioTracksCount: 1, …}
 [VoiceParticipant] Tester voice activity debug: {participantId: 'cmeifml0h001okung0i95m8s6', hasOriginalStream: true, hasLatestStream: true, streamActive: true, audioTracksCount: 1, …}
 [CallModal] 🔊 Setting up audio element for participant cmeifml0h001okung0i95m8s6
 [CallModal] Stream details: {id: '22684b8b-e675-484e-8ba1-c9d3f02f2c18', active: true, audioTracks: Array(1)}
 [CallModal] Previous audio element for cmeifml0h001okung0i95m8s6: false
 [CallModal] Cleared previous srcObject for cmeifml0h001okung0i95m8s6
 [VoiceActivity] Effect triggered: {hasStream: true, streamId: '22684b8b-e675-484e-8ba1-c9d3f02f2c18', audioTracks: 1, threshold: -40}
 [VoiceActivity] Initializing for stream: 22684b8b-e675-484e-8ba1-c9d3f02f2c18 with 1 audio tracks
 [VoiceActivity] Effect triggered: {hasStream: true, streamId: '22684b8b-e675-484e-8ba1-c9d3f02f2c18', audioTracks: 1, threshold: -40}
 [VoiceActivity] Initializing for stream: 22684b8b-e675-484e-8ba1-c9d3f02f2c18 with 1 audio tracks
 [CallModal] Rendered - voice call opened
 [CallModal] Rendered - voice call opened
 [CallModal] Audio loadeddata event for cmeifml0h001okung0i95m8s6
 [CallModal] Audio can play for cmeifml0h001okung0i95m8s6
 [CallModal] Audio canplay event for cmeifml0h001okung0i95m8s6
 [CallModal] Audio is playing for cmeifml0h001okung0i95m8s6
 [CallModal] ✅ Audio playing immediately for participant cmeifml0h001okung0i95m8s6
 [CallModal] ✅ Audio playing immediately for participant cmeifml0h001okung0i95m8s6
 [CallModal] ✅ Audio playing immediately for participant cmeifml0h001okung0i95m8s6
 [CallModal] Rendered - voice call opened
 [CallModal] Rendered - voice call opened
 [VoiceParticipant] Tester voice activity debug: {participantId: 'cmeifml0h001okung0i95m8s6', hasOriginalStream: true, hasLatestStream: true, streamActive: true, audioTracksCount: 1, …}
 [VoiceParticipant] Tester voice activity debug: {participantId: 'cmeifml0h001okung0i95m8s6', hasOriginalStream: true, hasLatestStream: true, streamActive: true, audioTracksCount: 1, …}
 [CallModal] 🔊 Setting up audio element for participant cmeifml0h001okung0i95m8s6
 [CallModal] Stream details: {id: '22684b8b-e675-484e-8ba1-c9d3f02f2c18', active: true, audioTracks: Array(1)}
 [CallModal] Previous audio element for cmeifml0h001okung0i95m8s6: false
 [CallModal] Cleared previous srcObject for cmeifml0h001okung0i95m8s6
 [VoiceActivity] Effect triggered: {hasStream: true, streamId: '22684b8b-e675-484e-8ba1-c9d3f02f2c18', audioTracks: 1, threshold: -40}
 [VoiceActivity] Initializing for stream: 22684b8b-e675-484e-8ba1-c9d3f02f2c18 with 1 audio tracks
 [VoiceActivity] Effect triggered: {hasStream: true, streamId: '22684b8b-e675-484e-8ba1-c9d3f02f2c18', audioTracks: 1, threshold: -40}
 [VoiceActivity] Initializing for stream: 22684b8b-e675-484e-8ba1-c9d3f02f2c18 with 1 audio tracks
 [CallModal] Rendered - voice call opened
 [CallModal] Rendered - voice call opened
 [CallModal] Audio loadeddata event for cmeifml0h001okung0i95m8s6
 [CallModal] Audio can play for cmeifml0h001okung0i95m8s6
 [CallModal] Audio canplay event for cmeifml0h001okung0i95m8s6
 [CallModal] Audio is playing for cmeifml0h001okung0i95m8s6
 [CallModal] ✅ Audio playing immediately for participant cmeifml0h001okung0i95m8s6
 [CallModal] ✅ Audio playing immediately for participant cmeifml0h001okung0i95m8s6
 [CallModal] ✅ Audio playing immediately for participant cmeifml0h001okung0i95m8s6
 [CallModal] Rendered - voice call opened
 [CallModal] Rendered - voice call opened
 [VoiceParticipant] Tester voice activity debug: {participantId: 'cmeifml0h001okung0i95m8s6', hasOriginalStream: true, hasLatestStream: true, streamActive: true, audioTracksCount: 1, …}
 [VoiceParticipant] Tester voice activity debug: {participantId: 'cmeifml0h001okung0i95m8s6', hasOriginalStream: true, hasLatestStream: true, streamActive: true, audioTracksCount: 1, …}
 [CallModal] 🔊 Setting up audio element for participant cmeifml0h001okung0i95m8s6
 [CallModal] Stream details: {id: '22684b8b-e675-484e-8ba1-c9d3f02f2c18', active: true, audioTracks: Array(1)}
 [CallModal] Previous audio element for cmeifml0h001okung0i95m8s6: false
 [CallModal] Cleared previous srcObject for cmeifml0h001okung0i95m8s6
 [VoiceActivity] Effect triggered: {hasStream: true, streamId: '22684b8b-e675-484e-8ba1-c9d3f02f2c18', audioTracks: 1, threshold: -40}
 [VoiceActivity] Initializing for stream: 22684b8b-e675-484e-8ba1-c9d3f02f2c18 with 1 audio tracks
 [VoiceActivity] Effect triggered: {hasStream: true, streamId: '22684b8b-e675-484e-8ba1-c9d3f02f2c18', audioTracks: 1, threshold: -40}
 [VoiceActivity] Initializing for stream: 22684b8b-e675-484e-8ba1-c9d3f02f2c18 with 1 audio tracks
 [CallModal] Audio loadeddata event for cmeifml0h001okung0i95m8s6
 [CallModal] Audio can play for cmeifml0h001okung0i95m8s6
 [CallModal] Audio canplay event for cmeifml0h001okung0i95m8s6
 [CallModal] Audio is playing for cmeifml0h001okung0i95m8s6
 [CallModal] ✅ Audio playing immediately for participant cmeifml0h001okung0i95m8s6
 [CallModal] ✅ Audio playing immediately for participant cmeifml0h001okung0i95m8s6
 [CallModal] ✅ Audio playing immediately for participant cmeifml0h001okung0i95m8s6
 [CallModal] Rendered - voice call opened
 [CallModal] Rendered - voice call opened
 [WebRTC] Excellent network detected - restoring quality
 [WebRTC] Improved audio quality for: cmeifml0h001okung0i95m8s6
 [VoiceParticipant] Tester voice activity debug: {participantId: 'cmeifml0h001okung0i95m8s6', hasOriginalStream: true, hasLatestStream: true, streamActive: true, audioTracksCount: 1, …}
 [VoiceParticipant] Tester voice activity debug: {participantId: 'cmeifml0h001okung0i95m8s6', hasOriginalStream: true, hasLatestStream: true, streamActive: true, audioTracksCount: 1, …}
 [VoiceParticipant] Tester voice activity debug: {participantId: 'cmeifml0h001okung0i95m8s6', hasOriginalStream: true, hasLatestStream: true, streamActive: true, audioTracksCount: 1, …}
 [VoiceParticipant] Tester voice activity debug: {participantId: 'cmeifml0h001okung0i95m8s6', hasOriginalStream: true, hasLatestStream: true, streamActive: true, audioTracksCount: 1, …}
 [VoiceParticipant] Tester voice activity debug: {participantId: 'cmeifml0h001okung0i95m8s6', hasOriginalStream: true, hasLatestStream: true, streamActive: true, audioTracksCount: 1, …}
 [VoiceParticipant] Tester voice activity debug: {participantId: 'cmeifml0h001okung0i95m8s6', hasOriginalStream: true, hasLatestStream: true, streamActive: true, audioTracksCount: 1, …}
 [CallModal] Updated peer connections for performance monitoring: 2
 [CallModal] Peer connection participants: (2) ['cmeifml0h001okung0i95m8s6', 'cmeumah180000kuygq63oa1qx']
 [CallModal] Rendered - voice call opened
 [CallModal] Rendered - voice call opened
 [VoiceParticipant] Tester voice activity debug: {participantId: 'cmeifml0h001okung0i95m8s6', hasOriginalStream: true, hasLatestStream: true, streamActive: true, audioTracksCount: 1, …}
 [VoiceParticipant] Tester voice activity debug: {participantId: 'cmeifml0h001okung0i95m8s6', hasOriginalStream: true, hasLatestStream: true, streamActive: true, audioTracksCount: 1, …}
 [CallModal] 🔊 Setting up audio element for participant cmeifml0h001okung0i95m8s6
 [CallModal] Stream details: {id: '22684b8b-e675-484e-8ba1-c9d3f02f2c18', active: true, audioTracks: Array(1)}
 [CallModal] Previous audio element for cmeifml0h001okung0i95m8s6: false
 [CallModal] Cleared previous srcObject for cmeifml0h001okung0i95m8s6
 [VoiceActivity] Effect triggered: {hasStream: true, streamId: '22684b8b-e675-484e-8ba1-c9d3f02f2c18', audioTracks: 1, threshold: -40}
 [VoiceActivity] Initializing for stream: 22684b8b-e675-484e-8ba1-c9d3f02f2c18 with 1 audio tracks
 [useCallPerformance] Connection states: (2) [{…}, {…}]
 [useCallPerformance] Starting monitoring for 2 valid connections
 [VoiceActivity] Effect triggered: {hasStream: true, streamId: '22684b8b-e675-484e-8ba1-c9d3f02f2c18', audioTracks: 1, threshold: -40}
 [VoiceActivity] Initializing for stream: 22684b8b-e675-484e-8ba1-c9d3f02f2c18 with 1 audio tracks
 [CallModal] Audio loadeddata event for cmeifml0h001okung0i95m8s6
 [CallModal] Audio can play for cmeifml0h001okung0i95m8s6
 [CallModal] Audio canplay event for cmeifml0h001okung0i95m8s6
 [CallModal] Audio is playing for cmeifml0h001okung0i95m8s6
 [CallModal] ✅ Audio playing immediately for participant cmeifml0h001okung0i95m8s6
 [CallModal] ✅ Audio playing immediately for participant cmeifml0h001okung0i95m8s6
 [CallModal] ✅ Audio playing immediately for participant cmeifml0h001okung0i95m8s6
 [useCallPerformance] Network metrics: {audioPacketLoss: 0, videoPacketLoss: 0, videoFrameRate: 0, latency: 1, callType: 'voice'}
 [CallModal] Rendered - voice call opened
 [CallModal] Rendered - voice call opened
 [useCallPerformance] No valid network data yet, assuming good quality
 [CallModal] Rendered - voice call opened
 [CallModal] Rendered - voice call opened
 [VoiceParticipant] Tester voice activity debug: {participantId: 'cmeifml0h001okung0i95m8s6', hasOriginalStream: true, hasLatestStream: true, streamActive: true, audioTracksCount: 1, …}
 [VoiceParticipant] Tester voice activity debug: {participantId: 'cmeifml0h001okung0i95m8s6', hasOriginalStream: true, hasLatestStream: true, streamActive: true, audioTracksCount: 1, …}
 [CallModal] 🔊 Setting up audio element for participant cmeifml0h001okung0i95m8s6
 [CallModal] Stream details: {id: '22684b8b-e675-484e-8ba1-c9d3f02f2c18', active: true, audioTracks: Array(1)}
 [CallModal] Previous audio element for cmeifml0h001okung0i95m8s6: false
 [CallModal] Cleared previous srcObject for cmeifml0h001okung0i95m8s6
 [VoiceActivity] Effect triggered: {hasStream: true, streamId: '22684b8b-e675-484e-8ba1-c9d3f02f2c18', audioTracks: 1, threshold: -40}
 [VoiceActivity] Initializing for stream: 22684b8b-e675-484e-8ba1-c9d3f02f2c18 with 1 audio tracks
 [VoiceActivity] Effect triggered: {hasStream: true, streamId: '22684b8b-e675-484e-8ba1-c9d3f02f2c18', audioTracks: 1, threshold: -40}
 [VoiceActivity] Initializing for stream: 22684b8b-e675-484e-8ba1-c9d3f02f2c18 with 1 audio tracks
 [CallModal] Audio loadeddata event for cmeifml0h001okung0i95m8s6
 [CallModal] Audio can play for cmeifml0h001okung0i95m8s6
 [CallModal] Audio canplay event for cmeifml0h001okung0i95m8s6
 [CallModal] Audio is playing for cmeifml0h001okung0i95m8s6
 [CallModal] ✅ Audio playing immediately for participant cmeifml0h001okung0i95m8s6
 [CallModal] ✅ Audio playing immediately for participant cmeifml0h001okung0i95m8s6
 [CallModal] ✅ Audio playing immediately for participant cmeifml0h001okung0i95m8s6
 [CallModal] Rendered - voice call opened
 [CallModal] Rendered - voice call opened
 [VoiceParticipant] Tester voice activity debug: {participantId: 'cmeifml0h001okung0i95m8s6', hasOriginalStream: true, hasLatestStream: true, streamActive: true, audioTracksCount: 1, …}
 [VoiceParticipant] Tester voice activity debug: {participantId: 'cmeifml0h001okung0i95m8s6', hasOriginalStream: true, hasLatestStream: true, streamActive: true, audioTracksCount: 1, …}
 [CallModal] 🔊 Setting up audio element for participant cmeifml0h001okung0i95m8s6
 [CallModal] Stream details: {id: '22684b8b-e675-484e-8ba1-c9d3f02f2c18', active: true, audioTracks: Array(1)}
 [CallModal] Previous audio element for cmeifml0h001okung0i95m8s6: false
 [CallModal] Cleared previous srcObject for cmeifml0h001okung0i95m8s6
 [VoiceActivity] Effect triggered: {hasStream: true, streamId: '22684b8b-e675-484e-8ba1-c9d3f02f2c18', audioTracks: 1, threshold: -40}
 [VoiceActivity] Initializing for stream: 22684b8b-e675-484e-8ba1-c9d3f02f2c18 with 1 audio tracks
 [VoiceActivity] Effect triggered: {hasStream: true, streamId: '22684b8b-e675-484e-8ba1-c9d3f02f2c18', audioTracks: 1, threshold: -40}
 [VoiceActivity] Initializing for stream: 22684b8b-e675-484e-8ba1-c9d3f02f2c18 with 1 audio tracks
 [CallModal] Rendered - voice call opened
 [CallModal] Rendered - voice call opened
 [CallModal] Audio loadeddata event for cmeifml0h001okung0i95m8s6
 [CallModal] Audio can play for cmeifml0h001okung0i95m8s6
 [CallModal] Audio canplay event for cmeifml0h001okung0i95m8s6
 [CallModal] Audio is playing for cmeifml0h001okung0i95m8s6
 [CallModal] ✅ Audio playing immediately for participant cmeifml0h001okung0i95m8s6
 [CallModal] ✅ Audio playing immediately for participant cmeifml0h001okung0i95m8s6
 [CallModal] ✅ Audio playing immediately for participant cmeifml0h001okung0i95m8s6
 [CallModal] Rendered - voice call opened
 [CallModal] Rendered - voice call opened
 [VoiceParticipant] Tester voice activity debug: {participantId: 'cmeifml0h001okung0i95m8s6', hasOriginalStream: true, hasLatestStream: true, streamActive: true, audioTracksCount: 1, …}
 [VoiceParticipant] Tester voice activity debug: {participantId: 'cmeifml0h001okung0i95m8s6', hasOriginalStream: true, hasLatestStream: true, streamActive: true, audioTracksCount: 1, …}
 [CallModal] 🔊 Setting up audio element for participant cmeifml0h001okung0i95m8s6
 [CallModal] Stream details: {id: '22684b8b-e675-484e-8ba1-c9d3f02f2c18', active: true, audioTracks: Array(1)}
 [CallModal] Previous audio element for cmeifml0h001okung0i95m8s6: false
 [CallModal] Cleared previous srcObject for cmeifml0h001okung0i95m8s6
 [VoiceActivity] Effect triggered: {hasStream: true, streamId: '22684b8b-e675-484e-8ba1-c9d3f02f2c18', audioTracks: 1, threshold: -40}
 [VoiceActivity] Initializing for stream: 22684b8b-e675-484e-8ba1-c9d3f02f2c18 with 1 audio tracks
 [VoiceActivity] Effect triggered: {hasStream: true, streamId: '22684b8b-e675-484e-8ba1-c9d3f02f2c18', audioTracks: 1, threshold: -40}
 [VoiceActivity] Initializing for stream: 22684b8b-e675-484e-8ba1-c9d3f02f2c18 with 1 audio tracks
 [CallModal] Rendered - voice call opened
 [CallModal] Rendered - voice call opened
 [CallModal] Audio loadeddata event for cmeifml0h001okung0i95m8s6
 [CallModal] Audio can play for cmeifml0h001okung0i95m8s6
 [CallModal] Audio canplay event for cmeifml0h001okung0i95m8s6
 [CallModal] Audio is playing for cmeifml0h001okung0i95m8s6
 [CallModal] ✅ Audio playing immediately for participant cmeifml0h001okung0i95m8s6
 [CallModal] ✅ Audio playing immediately for participant cmeifml0h001okung0i95m8s6
 [CallModal] ✅ Audio playing immediately for participant cmeifml0h001okung0i95m8s6
 [VoiceActivity] Volume analysis: {average: '0.0', volume: '-100.0', threshold: -40, speaking: false, streamActive: true, …}
 [CallModal] Rendered - voice call opened
 [CallModal] Rendered - voice call opened
 [VoiceParticipant] Tester voice activity debug: {participantId: 'cmeifml0h001okung0i95m8s6', hasOriginalStream: true, hasLatestStream: true, streamActive: true, audioTracksCount: 1, …}
 [VoiceParticipant] Tester voice activity debug: {participantId: 'cmeifml0h001okung0i95m8s6', hasOriginalStream: true, hasLatestStream: true, streamActive: true, audioTracksCount: 1, …}
 [CallModal] 🔊 Setting up audio element for participant cmeifml0h001okung0i95m8s6
 [CallModal] Stream details: {id: '22684b8b-e675-484e-8ba1-c9d3f02f2c18', active: true, audioTracks: Array(1)}
 [CallModal] Previous audio element for cmeifml0h001okung0i95m8s6: false
 [CallModal] Cleared previous srcObject for cmeifml0h001okung0i95m8s6
 [VoiceActivity] Effect triggered: {hasStream: true, streamId: '22684b8b-e675-484e-8ba1-c9d3f02f2c18', audioTracks: 1, threshold: -40}
 [VoiceActivity] Initializing for stream: 22684b8b-e675-484e-8ba1-c9d3f02f2c18 with 1 audio tracks
 [VoiceActivity] Effect triggered: {hasStream: true, streamId: '22684b8b-e675-484e-8ba1-c9d3f02f2c18', audioTracks: 1, threshold: -40}
 [VoiceActivity] Initializing for stream: 22684b8b-e675-484e-8ba1-c9d3f02f2c18 with 1 audio tracks
 [CallModal] Audio loadeddata event for cmeifml0h001okung0i95m8s6
 [CallModal] Audio can play for cmeifml0h001okung0i95m8s6
 [CallModal] Audio canplay event for cmeifml0h001okung0i95m8s6
 [CallModal] Audio is playing for cmeifml0h001okung0i95m8s6
 [CallModal] ✅ Audio playing immediately for participant cmeifml0h001okung0i95m8s6
 [CallModal] ✅ Audio playing immediately for participant cmeifml0h001okung0i95m8s6
 [CallModal] ✅ Audio playing immediately for participant cmeifml0h001okung0i95m8s6
 [CallModal] Rendered - voice call opened
 [CallModal] Rendered - voice call opened
 [CallModal] Rendered - voice call opened
 [CallModal] Rendered - voice call opened
 [VoiceParticipant] Tester voice activity debug: {participantId: 'cmeifml0h001okung0i95m8s6', hasOriginalStream: true, hasLatestStream: true, streamActive: true, audioTracksCount: 1, …}
 [VoiceParticipant] Tester voice activity debug: {participantId: 'cmeifml0h001okung0i95m8s6', hasOriginalStream: true, hasLatestStream: true, streamActive: true, audioTracksCount: 1, …}
 [CallModal] 🔊 Setting up audio element for participant cmeifml0h001okung0i95m8s6
 [CallModal] Stream details: {id: '22684b8b-e675-484e-8ba1-c9d3f02f2c18', active: true, audioTracks: Array(1)}
 [CallModal] Previous audio element for cmeifml0h001okung0i95m8s6: false
 [CallModal] Cleared previous srcObject for cmeifml0h001okung0i95m8s6
 [VoiceActivity] Effect triggered: {hasStream: true, streamId: '22684b8b-e675-484e-8ba1-c9d3f02f2c18', audioTracks: 1, threshold: -40}
 [VoiceActivity] Initializing for stream: 22684b8b-e675-484e-8ba1-c9d3f02f2c18 with 1 audio tracks
 [VoiceActivity] Effect triggered: {hasStream: true, streamId: '22684b8b-e675-484e-8ba1-c9d3f02f2c18', audioTracks: 1, threshold: -40}
 [VoiceActivity] Initializing for stream: 22684b8b-e675-484e-8ba1-c9d3f02f2c18 with 1 audio tracks
 [CallModal] Audio loadeddata event for cmeifml0h001okung0i95m8s6
 [CallModal] Audio can play for cmeifml0h001okung0i95m8s6
 [CallModal] Audio canplay event for cmeifml0h001okung0i95m8s6
 [CallModal] Audio is playing for cmeifml0h001okung0i95m8s6
 [CallModal] ✅ Audio playing immediately for participant cmeifml0h001okung0i95m8s6
 [CallModal] ✅ Audio playing immediately for participant cmeifml0h001okung0i95m8s6
 [CallModal] ✅ Audio playing immediately for participant cmeifml0h001okung0i95m8s6
 [CallModal] Rendered - voice call opened
 [CallModal] Rendered - voice call opened
 [VoiceActivity] Volume analysis: {average: '8.9', volume: '-29.1', threshold: -50, speaking: false, streamActive: true, …}
 User status update received: {userId: 'cmeifml0h001okung0i95m8s6', isOnline: true, lastSeen: '2025-09-09T02:20:53.348Z'}
 🏠 ChatWindow mounted/re-rendered with conversationId: null
 🏠 ChatWindow mounted/re-rendered with conversationId: null
 [CallModal] Rendered - voice call opened
 [CallModal] Rendered - voice call opened
 [VoiceParticipant] Tester voice activity debug: {participantId: 'cmeifml0h001okung0i95m8s6', hasOriginalStream: true, hasLatestStream: true, streamActive: true, audioTracksCount: 1, …}
 [VoiceParticipant] Tester voice activity debug: {participantId: 'cmeifml0h001okung0i95m8s6', hasOriginalStream: true, hasLatestStream: true, streamActive: true, audioTracksCount: 1, …}
 [CallModal] 🔊 Setting up audio element for participant cmeifml0h001okung0i95m8s6
 [CallModal] Stream details: {id: '22684b8b-e675-484e-8ba1-c9d3f02f2c18', active: true, audioTracks: Array(1)}
 [CallModal] Previous audio element for cmeifml0h001okung0i95m8s6: false
 [CallModal] Cleared previous srcObject for cmeifml0h001okung0i95m8s6
 ChatSidebar: Conversations updated, count: 4
 ChatSidebar: Latest conversation: cmfbwdnf60000kuzg41ovkra2 last message: cmfbx8gcx0007kutn3b3m0jwd
 [VoiceActivity] Effect triggered: {hasStream: true, streamId: '22684b8b-e675-484e-8ba1-c9d3f02f2c18', audioTracks: 1, threshold: -40}
 [VoiceActivity] Initializing for stream: 22684b8b-e675-484e-8ba1-c9d3f02f2c18 with 1 audio tracks
 [CallModal] Initialized active participants (excluding self): ['cmeifml0h001okung0i95m8s6']
 [CallModal] Skipping connection verification - no WebRTC or participants
 [VoiceActivity] Effect triggered: {hasStream: true, streamId: '22684b8b-e675-484e-8ba1-c9d3f02f2c18', audioTracks: 1, threshold: -40}
 [VoiceActivity] Initializing for stream: 22684b8b-e675-484e-8ba1-c9d3f02f2c18 with 1 audio tracks
 [CallModal] Audio loadeddata event for cmeifml0h001okung0i95m8s6
 [CallModal] Audio can play for cmeifml0h001okung0i95m8s6
 [CallModal] Audio canplay event for cmeifml0h001okung0i95m8s6
 [CallModal] Audio is playing for cmeifml0h001okung0i95m8s6
 [CallModal] ✅ Audio playing immediately for participant cmeifml0h001okung0i95m8s6
 [CallModal] ✅ Audio playing immediately for participant cmeifml0h001okung0i95m8s6
 [CallModal] ✅ Audio playing immediately for participant cmeifml0h001okung0i95m8s6
 [CallModal] Rendered - voice call opened
 [CallModal] Rendered - voice call opened
 [VoiceParticipant] Tester voice activity debug: {participantId: 'cmeifml0h001okung0i95m8s6', hasOriginalStream: true, hasLatestStream: true, streamActive: true, audioTracksCount: 1, …}
 [VoiceParticipant] Tester voice activity debug: {participantId: 'cmeifml0h001okung0i95m8s6', hasOriginalStream: true, hasLatestStream: true, streamActive: true, audioTracksCount: 1, …}
 [CallModal] 🔊 Setting up audio element for participant cmeifml0h001okung0i95m8s6
 [CallModal] Stream details: {id: '22684b8b-e675-484e-8ba1-c9d3f02f2c18', active: true, audioTracks: Array(1)}
 [CallModal] Previous audio element for cmeifml0h001okung0i95m8s6: false
 [CallModal] Cleared previous srcObject for cmeifml0h001okung0i95m8s6
 [VoiceActivity] Effect triggered: {hasStream: true, streamId: '22684b8b-e675-484e-8ba1-c9d3f02f2c18', audioTracks: 1, threshold: -40}
 [VoiceActivity] Initializing for stream: 22684b8b-e675-484e-8ba1-c9d3f02f2c18 with 1 audio tracks
 [CallModal] 🆘 EMERGENCY WebRTC RECOVERY - Call is connected but WebRTC needs help!
 [CallModal] 🔧 Emergency details: {needsInit: false, needsConnectionRecovery: true, callState: 'connected', isIncoming: true, participants: Array(1), …}
 [VoiceActivity] Effect triggered: {hasStream: true, streamId: '22684b8b-e675-484e-8ba1-c9d3f02f2c18', audioTracks: 1, threshold: -40}
 [VoiceActivity] Initializing for stream: 22684b8b-e675-484e-8ba1-c9d3f02f2c18 with 1 audio tracks
 [CallModal] Audio loadeddata event for cmeifml0h001okung0i95m8s6
 [CallModal] Audio can play for cmeifml0h001okung0i95m8s6
 [CallModal] Audio canplay event for cmeifml0h001okung0i95m8s6
 [CallModal] Audio is playing for cmeifml0h001okung0i95m8s6
 [CallModal] ✅ Audio playing immediately for participant cmeifml0h001okung0i95m8s6
 [CallModal] ✅ Audio playing immediately for participant cmeifml0h001okung0i95m8s6
 [CallModal] ✅ Audio playing immediately for participant cmeifml0h001okung0i95m8s6
 [CallModal] Updated peer connections for performance monitoring: 2
 [CallModal] Peer connection participants: (2) ['cmeifml0h001okung0i95m8s6', 'cmeumah180000kuygq63oa1qx']
 [CallModal] Rendered - voice call opened
 [CallModal] Rendered - voice call opened
 [VoiceParticipant] Tester voice activity debug: {participantId: 'cmeifml0h001okung0i95m8s6', hasOriginalStream: true, hasLatestStream: true, streamActive: true, audioTracksCount: 1, …}
 [VoiceParticipant] Tester voice activity debug: {participantId: 'cmeifml0h001okung0i95m8s6', hasOriginalStream: true, hasLatestStream: true, streamActive: true, audioTracksCount: 1, …}
 [CallModal] 🔊 Setting up audio element for participant cmeifml0h001okung0i95m8s6
 [CallModal] Stream details: {id: '22684b8b-e675-484e-8ba1-c9d3f02f2c18', active: true, audioTracks: Array(1)}
 [CallModal] Previous audio element for cmeifml0h001okung0i95m8s6: false
 [CallModal] Cleared previous srcObject for cmeifml0h001okung0i95m8s6
 [VoiceActivity] Effect triggered: {hasStream: true, streamId: '22684b8b-e675-484e-8ba1-c9d3f02f2c18', audioTracks: 1, threshold: -40}
 [VoiceActivity] Initializing for stream: 22684b8b-e675-484e-8ba1-c9d3f02f2c18 with 1 audio tracks
 [useCallPerformance] Connection states: (2) [{…}, {…}]
 [useCallPerformance] Starting monitoring for 2 valid connections
 [VoiceActivity] Effect triggered: {hasStream: true, streamId: '22684b8b-e675-484e-8ba1-c9d3f02f2c18', audioTracks: 1, threshold: -40}
 [VoiceActivity] Initializing for stream: 22684b8b-e675-484e-8ba1-c9d3f02f2c18 with 1 audio tracks
 [CallModal] Audio loadeddata event for cmeifml0h001okung0i95m8s6
 [CallModal] Audio can play for cmeifml0h001okung0i95m8s6
 [CallModal] Audio canplay event for cmeifml0h001okung0i95m8s6
 [CallModal] Audio is playing for cmeifml0h001okung0i95m8s6
 [CallModal] ✅ Audio playing immediately for participant cmeifml0h001okung0i95m8s6
 [CallModal] ✅ Audio playing immediately for participant cmeifml0h001okung0i95m8s6
 [CallModal] ✅ Audio playing immediately for participant cmeifml0h001okung0i95m8s6
 [useCallPerformance] Network metrics: {audioPacketLoss: 0, videoPacketLoss: 0, videoFrameRate: 0, latency: 1, callType: 'voice'}
 [CallModal] Rendered - voice call opened
 [CallModal] Rendered - voice call opened
 [VoiceParticipant] Tester voice activity debug: {participantId: 'cmeifml0h001okung0i95m8s6', hasOriginalStream: true, hasLatestStream: true, streamActive: true, audioTracksCount: 1, …}
 [VoiceParticipant] Tester voice activity debug: {participantId: 'cmeifml0h001okung0i95m8s6', hasOriginalStream: true, hasLatestStream: true, streamActive: true, audioTracksCount: 1, …}
 [CallModal] 🔊 Setting up audio element for participant cmeifml0h001okung0i95m8s6
 [CallModal] Stream details: {id: '22684b8b-e675-484e-8ba1-c9d3f02f2c18', active: true, audioTracks: Array(1)}
 [CallModal] Previous audio element for cmeifml0h001okung0i95m8s6: false
 [CallModal] Cleared previous srcObject for cmeifml0h001okung0i95m8s6
 [useCallPerformance] No valid network data yet, assuming good quality
 [VoiceActivity] Effect triggered: {hasStream: true, streamId: '22684b8b-e675-484e-8ba1-c9d3f02f2c18', audioTracks: 1, threshold: -40}
 [VoiceActivity] Initializing for stream: 22684b8b-e675-484e-8ba1-c9d3f02f2c18 with 1 audio tracks
 [VoiceActivity] Effect triggered: {hasStream: true, streamId: '22684b8b-e675-484e-8ba1-c9d3f02f2c18', audioTracks: 1, threshold: -40}
 [VoiceActivity] Initializing for stream: 22684b8b-e675-484e-8ba1-c9d3f02f2c18 with 1 audio tracks
 [CallModal] Rendered - voice call opened
 [CallModal] Rendered - voice call opened
 [VoiceParticipant] Tester voice activity debug: {participantId: 'cmeifml0h001okung0i95m8s6', hasOriginalStream: true, hasLatestStream: true, streamActive: true, audioTracksCount: 1, …}
 [VoiceParticipant] Tester voice activity debug: {participantId: 'cmeifml0h001okung0i95m8s6', hasOriginalStream: true, hasLatestStream: true, streamActive: true, audioTracksCount: 1, …}
 [CallModal] 🔊 Setting up audio element for participant cmeifml0h001okung0i95m8s6
 [CallModal] Stream details: {id: '22684b8b-e675-484e-8ba1-c9d3f02f2c18', active: true, audioTracks: Array(1)}
 [CallModal] Previous audio element for cmeifml0h001okung0i95m8s6: false
 [CallModal] Cleared previous srcObject for cmeifml0h001okung0i95m8s6
 [CallModal] ✅ Audio playing immediately for participant cmeifml0h001okung0i95m8s6
 [VoiceActivity] Effect triggered: {hasStream: true, streamId: '22684b8b-e675-484e-8ba1-c9d3f02f2c18', audioTracks: 1, threshold: -40}
 [VoiceActivity] Initializing for stream: 22684b8b-e675-484e-8ba1-c9d3f02f2c18 with 1 audio tracks
 [VoiceActivity] Effect triggered: {hasStream: true, streamId: '22684b8b-e675-484e-8ba1-c9d3f02f2c18', audioTracks: 1, threshold: -40}
 [VoiceActivity] Initializing for stream: 22684b8b-e675-484e-8ba1-c9d3f02f2c18 with 1 audio tracks
 [CallModal] Rendered - voice call opened
 [CallModal] Rendered - voice call opened
 User status update received: {userId: 'cmeumah180000kuygq63oa1qx', isOnline: true, lastSeen: '2025-09-09T02:20:53.935Z'}
 [CallModal] Audio loadeddata event for cmeifml0h001okung0i95m8s6
 [CallModal] Audio loadeddata event for cmeifml0h001okung0i95m8s6
 [CallModal] Audio can play for cmeifml0h001okung0i95m8s6
 [CallModal] Audio canplay event for cmeifml0h001okung0i95m8s6
 [CallModal] Audio canplay event for cmeifml0h001okung0i95m8s6
 [CallModal] Audio is playing for cmeifml0h001okung0i95m8s6
 [CallModal] ✅ Audio playing immediately for participant cmeifml0h001okung0i95m8s6
 [CallModal] ✅ Audio playing immediately for participant cmeifml0h001okung0i95m8s6
 [CallModal] ✅ Audio playing immediately for participant cmeifml0h001okung0i95m8s6
 [CallModal] ✅ Audio playing immediately for participant cmeifml0h001okung0i95m8s6
 [CallModal] ✅ Audio playing immediately for participant cmeifml0h001okung0i95m8s6
 ChatSidebar: Filtered 4 -> 4 conversations
 ChatSidebar: Final conversation list: (4) [{…}, {…}, {…}, {…}]
 🏠 ChatWindow mounted/re-rendered with conversationId: null
 🏠 ChatWindow mounted/re-rendered with conversationId: null
 Updated online status for user cmeumah180000kuygq63oa1qx in conversation cmfbwdnf60000kuzg41ovkra2
 [CallModal] Rendered - voice call opened
 [CallModal] Rendered - voice call opened
 [VoiceParticipant] Tester voice activity debug: {participantId: 'cmeifml0h001okung0i95m8s6', hasOriginalStream: true, hasLatestStream: true, streamActive: true, audioTracksCount: 1, …}
 [VoiceParticipant] Tester voice activity debug: {participantId: 'cmeifml0h001okung0i95m8s6', hasOriginalStream: true, hasLatestStream: true, streamActive: true, audioTracksCount: 1, …}
 [CallModal] 🔊 Setting up audio element for participant cmeifml0h001okung0i95m8s6
 [CallModal] Stream details: {id: '22684b8b-e675-484e-8ba1-c9d3f02f2c18', active: true, audioTracks: Array(1)}
 [CallModal] Previous audio element for cmeifml0h001okung0i95m8s6: false
 [CallModal] Cleared previous srcObject for cmeifml0h001okung0i95m8s6
 User status update received: {userId: 'cmeumah180000kuygq63oa1qx', isOnline: true, lastSeen: '2025-09-09T02:20:53.985Z'}
 ChatSidebar: Conversations updated, count: 4
 ChatSidebar: Latest conversation: cmfbwdnf60000kuzg41ovkra2 last message: cmfbx8gcx0007kutn3b3m0jwd
 [VoiceActivity] Effect triggered: {hasStream: true, streamId: '22684b8b-e675-484e-8ba1-c9d3f02f2c18', audioTracks: 1, threshold: -40}
 [VoiceActivity] Initializing for stream: 22684b8b-e675-484e-8ba1-c9d3f02f2c18 with 1 audio tracks
 [CallModal] Initialized active participants (excluding self): ['cmeifml0h001okung0i95m8s6']
 [CallModal] Skipping connection verification - no WebRTC or participants
 [VoiceActivity] Effect triggered: {hasStream: true, streamId: '22684b8b-e675-484e-8ba1-c9d3f02f2c18', audioTracks: 1, threshold: -40}
 [VoiceActivity] Initializing for stream: 22684b8b-e675-484e-8ba1-c9d3f02f2c18 with 1 audio tracks
 [CallModal] Audio loadeddata event for cmeifml0h001okung0i95m8s6
 [CallModal] Audio can play for cmeifml0h001okung0i95m8s6
 [CallModal] Audio canplay event for cmeifml0h001okung0i95m8s6
 [CallModal] Audio is playing for cmeifml0h001okung0i95m8s6
 [CallModal] ✅ Audio playing immediately for participant cmeifml0h001okung0i95m8s6
 [CallModal] ✅ Audio playing immediately for participant cmeifml0h001okung0i95m8s6
 [CallModal] ✅ Audio playing immediately for participant cmeifml0h001okung0i95m8s6
 ChatSidebar: Filtered 4 -> 4 conversations
 ChatSidebar: Final conversation list: (4) [{…}, {…}, {…}, {…}]
 ChatSidebar: Group conversation cmew64hqq0008kud8i3zywuwd (Test) - members: 3
 ChatSidebar: Filtered 4 -> 4 conversations
 ChatSidebar: Final conversation list: (4) [{…}, {…}, {…}, {…}]
 🏠 ChatWindow mounted/re-rendered with conversationId: null
 🏠 ChatWindow mounted/re-rendered with conversationId: null
 [CallModal] Rendered - voice call opened
 [CallModal] Rendered - voice call opened
 [VoiceParticipant] Tester voice activity debug: {participantId: 'cmeifml0h001okung0i95m8s6', hasOriginalStream: true, hasLatestStream: true, streamActive: true, audioTracksCount: 1, …}
 [VoiceParticipant] Tester voice activity debug: {participantId: 'cmeifml0h001okung0i95m8s6', hasOriginalStream: true, hasLatestStream: true, streamActive: true, audioTracksCount: 1, …}
 [CallModal] 🔊 Setting up audio element for participant cmeifml0h001okung0i95m8s6
 [CallModal] Stream details: {id: '22684b8b-e675-484e-8ba1-c9d3f02f2c18', active: true, audioTracks: Array(1)}
 [CallModal] Previous audio element for cmeifml0h001okung0i95m8s6: false
 [CallModal] Cleared previous srcObject for cmeifml0h001okung0i95m8s6
 [WebRTC] Excellent network detected - restoring quality
 [WebRTC] Improved audio quality for: cmeifml0h001okung0i95m8s6
 ChatSidebar: Conversations updated, count: 4
 ChatSidebar: Latest conversation: cmfbwdnf60000kuzg41ovkra2 last message: cmfbx8gcx0007kutn3b3m0jwd
 [VoiceActivity] Effect triggered: {hasStream: true, streamId: '22684b8b-e675-484e-8ba1-c9d3f02f2c18', audioTracks: 1, threshold: -40}
 [VoiceActivity] Initializing for stream: 22684b8b-e675-484e-8ba1-c9d3f02f2c18 with 1 audio tracks
 [CallModal] Initialized active participants (excluding self): ['cmeifml0h001okung0i95m8s6']
 [CallModal] Skipping connection verification - no WebRTC or participants
 [VoiceActivity] Effect triggered: {hasStream: true, streamId: '22684b8b-e675-484e-8ba1-c9d3f02f2c18', audioTracks: 1, threshold: -40}
 [VoiceActivity] Initializing for stream: 22684b8b-e675-484e-8ba1-c9d3f02f2c18 with 1 audio tracks
 [CallModal] Audio loadeddata event for cmeifml0h001okung0i95m8s6
 [CallModal] Audio can play for cmeifml0h001okung0i95m8s6
 [CallModal] Audio canplay event for cmeifml0h001okung0i95m8s6
 [CallModal] Audio is playing for cmeifml0h001okung0i95m8s6
 [CallModal] ✅ Audio playing immediately for participant cmeifml0h001okung0i95m8s6
 [CallModal] ✅ Audio playing immediately for participant cmeifml0h001okung0i95m8s6
 [CallModal] ✅ Audio playing immediately for participant cmeifml0h001okung0i95m8s6
 [CallModal] Rendered - voice call opened
 [CallModal] Rendered - voice call opened
 [VoiceParticipant] Tester voice activity debug: {participantId: 'cmeifml0h001okung0i95m8s6', hasOriginalStream: true, hasLatestStream: true, streamActive: true, audioTracksCount: 1, …}
 [VoiceParticipant] Tester voice activity debug: {participantId: 'cmeifml0h001okung0i95m8s6', hasOriginalStream: true, hasLatestStream: true, streamActive: true, audioTracksCount: 1, …}
 [CallModal] 🔊 Setting up audio element for participant cmeifml0h001okung0i95m8s6
 [CallModal] Stream details: {id: '22684b8b-e675-484e-8ba1-c9d3f02f2c18', active: true, audioTracks: Array(1)}
 [CallModal] Previous audio element for cmeifml0h001okung0i95m8s6: false
 [CallModal] Cleared previous srcObject for cmeifml0h001okung0i95m8s6
 [VoiceActivity] Effect triggered: {hasStream: true, streamId: '22684b8b-e675-484e-8ba1-c9d3f02f2c18', audioTracks: 1, threshold: -40}
 [VoiceActivity] Initializing for stream: 22684b8b-e675-484e-8ba1-c9d3f02f2c18 with 1 audio tracks
 [VoiceActivity] Effect triggered: {hasStream: true, streamId: '22684b8b-e675-484e-8ba1-c9d3f02f2c18', audioTracks: 1, threshold: -40}
 [VoiceActivity] Initializing for stream: 22684b8b-e675-484e-8ba1-c9d3f02f2c18 with 1 audio tracks
 [CallModal] Audio loadeddata event for cmeifml0h001okung0i95m8s6
 [CallModal] Audio can play for cmeifml0h001okung0i95m8s6
 [CallModal] Audio canplay event for cmeifml0h001okung0i95m8s6
 [CallModal] Audio is playing for cmeifml0h001okung0i95m8s6
 [CallModal] ✅ Audio playing immediately for participant cmeifml0h001okung0i95m8s6
 [CallModal] ✅ Audio playing immediately for participant cmeifml0h001okung0i95m8s6
 [CallModal] ✅ Audio playing immediately for participant cmeifml0h001okung0i95m8s6
 [CallModal] Rendered - voice call opened
 [CallModal] Rendered - voice call opened
 [CallModal] Rendered - voice call opened
 [CallModal] Rendered - voice call opened
 [VoiceParticipant] Tester voice activity debug: {participantId: 'cmeifml0h001okung0i95m8s6', hasOriginalStream: true, hasLatestStream: true, streamActive: true, audioTracksCount: 1, …}
 [VoiceParticipant] Tester voice activity debug: {participantId: 'cmeifml0h001okung0i95m8s6', hasOriginalStream: true, hasLatestStream: true, streamActive: true, audioTracksCount: 1, …}
 [CallModal] 🔊 Setting up audio element for participant cmeifml0h001okung0i95m8s6
 [CallModal] Stream details: {id: '22684b8b-e675-484e-8ba1-c9d3f02f2c18', active: true, audioTracks: Array(1)}
 [CallModal] Previous audio element for cmeifml0h001okung0i95m8s6: false
 [CallModal] Cleared previous srcObject for cmeifml0h001okung0i95m8s6
 [VoiceActivity] Effect triggered: {hasStream: true, streamId: '22684b8b-e675-484e-8ba1-c9d3f02f2c18', audioTracks: 1, threshold: -40}
 [VoiceActivity] Initializing for stream: 22684b8b-e675-484e-8ba1-c9d3f02f2c18 with 1 audio tracks
 [VoiceActivity] Effect triggered: {hasStream: true, streamId: '22684b8b-e675-484e-8ba1-c9d3f02f2c18', audioTracks: 1, threshold: -40}
 [VoiceActivity] Initializing for stream: 22684b8b-e675-484e-8ba1-c9d3f02f2c18 with 1 audio tracks
 [CallModal] Audio loadeddata event for cmeifml0h001okung0i95m8s6
 [CallModal] Audio can play for cmeifml0h001okung0i95m8s6
 [CallModal] Audio canplay event for cmeifml0h001okung0i95m8s6
 [CallModal] Audio is playing for cmeifml0h001okung0i95m8s6
 [CallModal] ✅ Audio playing immediately for participant cmeifml0h001okung0i95m8s6
 [CallModal] ✅ Audio playing immediately for participant cmeifml0h001okung0i95m8s6
 [CallModal] ✅ Audio playing immediately for participant cmeifml0h001okung0i95m8s6
 [CallModal] Rendered - voice call opened
 [CallModal] Rendered - voice call opened
 [CallModal] Rendered - voice call opened
 [CallModal] Rendered - voice call opened
 [VoiceParticipant] Tester voice activity debug: {participantId: 'cmeifml0h001okung0i95m8s6', hasOriginalStream: true, hasLatestStream: true, streamActive: true, audioTracksCount: 1, …}
 [VoiceParticipant] Tester voice activity debug: {participantId: 'cmeifml0h001okung0i95m8s6', hasOriginalStream: true, hasLatestStream: true, streamActive: true, audioTracksCount: 1, …}
 [CallModal] 🔊 Setting up audio element for participant cmeifml0h001okung0i95m8s6
 [CallModal] Stream details: {id: '22684b8b-e675-484e-8ba1-c9d3f02f2c18', active: true, audioTracks: Array(1)}
 [CallModal] Previous audio element for cmeifml0h001okung0i95m8s6: false
 [CallModal] Cleared previous srcObject for cmeifml0h001okung0i95m8s6
 [VoiceActivity] Effect triggered: {hasStream: true, streamId: '22684b8b-e675-484e-8ba1-c9d3f02f2c18', audioTracks: 1, threshold: -40}
 [VoiceActivity] Initializing for stream: 22684b8b-e675-484e-8ba1-c9d3f02f2c18 with 1 audio tracks
 [VoiceActivity] Effect triggered: {hasStream: true, streamId: '22684b8b-e675-484e-8ba1-c9d3f02f2c18', audioTracks: 1, threshold: -40}
 [VoiceActivity] Initializing for stream: 22684b8b-e675-484e-8ba1-c9d3f02f2c18 with 1 audio tracks
 [CallModal] Audio loadeddata event for cmeifml0h001okung0i95m8s6
 [CallModal] Audio can play for cmeifml0h001okung0i95m8s6
 [CallModal] Audio canplay event for cmeifml0h001okung0i95m8s6
 [CallModal] Audio is playing for cmeifml0h001okung0i95m8s6
 [CallModal] ✅ Audio playing immediately for participant cmeifml0h001okung0i95m8s6
 [CallModal] ✅ Audio playing immediately for participant cmeifml0h001okung0i95m8s6
 [CallModal] ✅ Audio playing immediately for participant cmeifml0h001okung0i95m8s6
 [CallModal] Rendered - voice call opened
 [CallModal] Rendered - voice call opened
 [CallModal] Skipping connection verification - no WebRTC or participants
 [VoiceActivity] Volume analysis: {average: '0.0', volume: '-100.0', threshold: -40, speaking: false, streamActive: true, …}
 [CallModal] Rendered - voice call opened
 [CallModal] Rendered - voice call opened
 [VoiceParticipant] Tester voice activity debug: {participantId: 'cmeifml0h001okung0i95m8s6', hasOriginalStream: true, hasLatestStream: true, streamActive: true, audioTracksCount: 1, …}
 [VoiceParticipant] Tester voice activity debug: {participantId: 'cmeifml0h001okung0i95m8s6', hasOriginalStream: true, hasLatestStream: true, streamActive: true, audioTracksCount: 1, …}
 [CallModal] 🔊 Setting up audio element for participant cmeifml0h001okung0i95m8s6
 [CallModal] Stream details: {id: '22684b8b-e675-484e-8ba1-c9d3f02f2c18', active: true, audioTracks: Array(1)}
 [CallModal] Previous audio element for cmeifml0h001okung0i95m8s6: false
 [CallModal] Cleared previous srcObject for cmeifml0h001okung0i95m8s6
 [VoiceActivity] Effect triggered: {hasStream: true, streamId: '22684b8b-e675-484e-8ba1-c9d3f02f2c18', audioTracks: 1, threshold: -40}
 [VoiceActivity] Initializing for stream: 22684b8b-e675-484e-8ba1-c9d3f02f2c18 with 1 audio tracks
 [VoiceActivity] Effect triggered: {hasStream: true, streamId: '22684b8b-e675-484e-8ba1-c9d3f02f2c18', audioTracks: 1, threshold: -40}
 [VoiceActivity] Initializing for stream: 22684b8b-e675-484e-8ba1-c9d3f02f2c18 with 1 audio tracks
 [CallModal] Audio loadeddata event for cmeifml0h001okung0i95m8s6
 [CallModal] Audio can play for cmeifml0h001okung0i95m8s6
 [CallModal] Audio canplay event for cmeifml0h001okung0i95m8s6
 [CallModal] Audio is playing for cmeifml0h001okung0i95m8s6
 [CallModal] ✅ Audio playing immediately for participant cmeifml0h001okung0i95m8s6
 [CallModal] ✅ Audio playing immediately for participant cmeifml0h001okung0i95m8s6
 [CallModal] ✅ Audio playing immediately for participant cmeifml0h001okung0i95m8s6
 [CallModal] Rendered - voice call opened
 [CallModal] Rendered - voice call opened
 [CallModal] Updated peer connections for performance monitoring: 2
 [CallModal] Peer connection participants: (2) ['cmeifml0h001okung0i95m8s6', 'cmeumah180000kuygq63oa1qx']
 [CallModal] Rendered - voice call opened
 [CallModal] Rendered - voice call opened
 [VoiceParticipant] Tester voice activity debug: {participantId: 'cmeifml0h001okung0i95m8s6', hasOriginalStream: true, hasLatestStream: true, streamActive: true, audioTracksCount: 1, …}
 [VoiceParticipant] Tester voice activity debug: {participantId: 'cmeifml0h001okung0i95m8s6', hasOriginalStream: true, hasLatestStream: true, streamActive: true, audioTracksCount: 1, …}
 [CallModal] 🔊 Setting up audio element for participant cmeifml0h001okung0i95m8s6
 [CallModal] Stream details: {id: '22684b8b-e675-484e-8ba1-c9d3f02f2c18', active: true, audioTracks: Array(1)}
 [CallModal] Previous audio element for cmeifml0h001okung0i95m8s6: false
 [CallModal] Cleared previous srcObject for cmeifml0h001okung0i95m8s6
 [VoiceActivity] Effect triggered: {hasStream: true, streamId: '22684b8b-e675-484e-8ba1-c9d3f02f2c18', audioTracks: 1, threshold: -40}
 [VoiceActivity] Initializing for stream: 22684b8b-e675-484e-8ba1-c9d3f02f2c18 with 1 audio tracks
 [useCallPerformance] Connection states: (2) [{…}, {…}]
 [useCallPerformance] Starting monitoring for 2 valid connections
 [VoiceActivity] Effect triggered: {hasStream: true, streamId: '22684b8b-e675-484e-8ba1-c9d3f02f2c18', audioTracks: 1, threshold: -40}
 [VoiceActivity] Initializing for stream: 22684b8b-e675-484e-8ba1-c9d3f02f2c18 with 1 audio tracks
 [CallModal] Audio loadeddata event for cmeifml0h001okung0i95m8s6
 [CallModal] Audio can play for cmeifml0h001okung0i95m8s6
 [CallModal] Audio canplay event for cmeifml0h001okung0i95m8s6
 [CallModal] Audio is playing for cmeifml0h001okung0i95m8s6
 [CallModal] ✅ Audio playing immediately for participant cmeifml0h001okung0i95m8s6
 [CallModal] ✅ Audio playing immediately for participant cmeifml0h001okung0i95m8s6
 [CallModal] ✅ Audio playing immediately for participant cmeifml0h001okung0i95m8s6
 [useCallPerformance] Network metrics: {audioPacketLoss: 0, videoPacketLoss: 0, videoFrameRate: 0, latency: 1, callType: 'voice'}
 [CallModal] Rendered - voice call opened
 [CallModal] Rendered - voice call opened
 [useCallPerformance] No valid network data yet, assuming good quality
 [CallModal] Rendered - voice call opened
 [CallModal] Rendered - voice call opened
 [VoiceParticipant] Tester voice activity debug: {participantId: 'cmeifml0h001okung0i95m8s6', hasOriginalStream: true, hasLatestStream: true, streamActive: true, audioTracksCount: 1, …}
 [VoiceParticipant] Tester voice activity debug: {participantId: 'cmeifml0h001okung0i95m8s6', hasOriginalStream: true, hasLatestStream: true, streamActive: true, audioTracksCount: 1, …}
 [CallModal] 🔊 Setting up audio element for participant cmeifml0h001okung0i95m8s6
 [CallModal] Stream details: {id: '22684b8b-e675-484e-8ba1-c9d3f02f2c18', active: true, audioTracks: Array(1)}
 [CallModal] Previous audio element for cmeifml0h001okung0i95m8s6: false
 [CallModal] Cleared previous srcObject for cmeifml0h001okung0i95m8s6
 [VoiceActivity] Effect triggered: {hasStream: true, streamId: '22684b8b-e675-484e-8ba1-c9d3f02f2c18', audioTracks: 1, threshold: -40}
 [VoiceActivity] Initializing for stream: 22684b8b-e675-484e-8ba1-c9d3f02f2c18 with 1 audio tracks
 [VoiceActivity] Effect triggered: {hasStream: true, streamId: '22684b8b-e675-484e-8ba1-c9d3f02f2c18', audioTracks: 1, threshold: -40}
 [VoiceActivity] Initializing for stream: 22684b8b-e675-484e-8ba1-c9d3f02f2c18 with 1 audio tracks
 [CallModal] Audio loadeddata event for cmeifml0h001okung0i95m8s6
 [CallModal] Audio can play for cmeifml0h001okung0i95m8s6
 [CallModal] Audio canplay event for cmeifml0h001okung0i95m8s6
 [CallModal] Audio is playing for cmeifml0h001okung0i95m8s6
 [CallModal] ✅ Audio playing immediately for participant cmeifml0h001okung0i95m8s6
 [CallModal] ✅ Audio playing immediately for participant cmeifml0h001okung0i95m8s6
 [CallModal] ✅ Audio playing immediately for participant cmeifml0h001okung0i95m8s6
 [CallModal] Rendered - voice call opened
 [CallModal] Rendered - voice call opened
 [VoiceParticipant] Tester voice activity debug: {participantId: 'cmeifml0h001okung0i95m8s6', hasOriginalStream: true, hasLatestStream: true, streamActive: true, audioTracksCount: 1, …}
 [VoiceParticipant] Tester voice activity debug: {participantId: 'cmeifml0h001okung0i95m8s6', hasOriginalStream: true, hasLatestStream: true, streamActive: true, audioTracksCount: 1, …}
 [CallModal] 🔊 Setting up audio element for participant cmeifml0h001okung0i95m8s6
 [CallModal] Stream details: {id: '22684b8b-e675-484e-8ba1-c9d3f02f2c18', active: true, audioTracks: Array(1)}
 [CallModal] Previous audio element for cmeifml0h001okung0i95m8s6: false
 [CallModal] Cleared previous srcObject for cmeifml0h001okung0i95m8s6
 [VoiceActivity] Effect triggered: {hasStream: true, streamId: '22684b8b-e675-484e-8ba1-c9d3f02f2c18', audioTracks: 1, threshold: -40}
 [VoiceActivity] Initializing for stream: 22684b8b-e675-484e-8ba1-c9d3f02f2c18 with 1 audio tracks
 [VoiceActivity] Effect triggered: {hasStream: true, streamId: '22684b8b-e675-484e-8ba1-c9d3f02f2c18', audioTracks: 1, threshold: -40}
 [VoiceActivity] Initializing for stream: 22684b8b-e675-484e-8ba1-c9d3f02f2c18 with 1 audio tracks
 [CallModal] Rendered - voice call opened
 [CallModal] Rendered - voice call opened
 [CallModal] Audio loadeddata event for cmeifml0h001okung0i95m8s6
 [CallModal] Audio can play for cmeifml0h001okung0i95m8s6
 [CallModal] Audio canplay event for cmeifml0h001okung0i95m8s6
 [CallModal] Audio is playing for cmeifml0h001okung0i95m8s6
 [CallModal] ✅ Audio playing immediately for participant cmeifml0h001okung0i95m8s6
 [CallModal] ✅ Audio playing immediately for participant cmeifml0h001okung0i95m8s6
 [CallModal] ✅ Audio playing immediately for participant cmeifml0h001okung0i95m8s6
 [CallModal] Skipping connection verification - no WebRTC or participants
 [CallModal] Rendered - voice call opened
 [CallModal] Rendered - voice call opened
 [VoiceParticipant] Tester voice activity debug: {participantId: 'cmeifml0h001okung0i95m8s6', hasOriginalStream: true, hasLatestStream: true, streamActive: true, audioTracksCount: 1, …}
 [VoiceParticipant] Tester voice activity debug: {participantId: 'cmeifml0h001okung0i95m8s6', hasOriginalStream: true, hasLatestStream: true, streamActive: true, audioTracksCount: 1, …}
 [CallModal] 🔊 Setting up audio element for participant cmeifml0h001okung0i95m8s6
 [CallModal] Stream details: {id: '22684b8b-e675-484e-8ba1-c9d3f02f2c18', active: true, audioTracks: Array(1)}
 [CallModal] Previous audio element for cmeifml0h001okung0i95m8s6: false
 [CallModal] Cleared previous srcObject for cmeifml0h001okung0i95m8s6
 [VoiceActivity] Effect triggered: {hasStream: true, streamId: '22684b8b-e675-484e-8ba1-c9d3f02f2c18', audioTracks: 1, threshold: -40}
 [VoiceActivity] Initializing for stream: 22684b8b-e675-484e-8ba1-c9d3f02f2c18 with 1 audio tracks
 [VoiceActivity] Effect triggered: {hasStream: true, streamId: '22684b8b-e675-484e-8ba1-c9d3f02f2c18', audioTracks: 1, threshold: -40}
 [VoiceActivity] Initializing for stream: 22684b8b-e675-484e-8ba1-c9d3f02f2c18 with 1 audio tracks
 [CallModal] Skipping connection verification - no WebRTC or participants
 [CallModal] Audio loadeddata event for cmeifml0h001okung0i95m8s6
 [CallModal] Audio can play for cmeifml0h001okung0i95m8s6
 [CallModal] Audio canplay event for cmeifml0h001okung0i95m8s6
 [CallModal] Audio is playing for cmeifml0h001okung0i95m8s6
 [CallModal] ✅ Audio playing immediately for participant cmeifml0h001okung0i95m8s6
 [CallModal] ✅ Audio playing immediately for participant cmeifml0h001okung0i95m8s6
 [CallModal] ✅ Audio playing immediately for participant cmeifml0h001okung0i95m8s6
 [CallModal] Rendered - voice call opened
 [CallModal] Rendered - voice call opened
 [VoiceParticipant] Tester voice activity debug: {participantId: 'cmeifml0h001okung0i95m8s6', hasOriginalStream: true, hasLatestStream: true, streamActive: true, audioTracksCount: 1, …}
 [VoiceParticipant] Tester voice activity debug: {participantId: 'cmeifml0h001okung0i95m8s6', hasOriginalStream: true, hasLatestStream: true, streamActive: true, audioTracksCount: 1, …}
 [CallModal] 🔊 Setting up audio element for participant cmeifml0h001okung0i95m8s6
 [CallModal] Stream details: {id: '22684b8b-e675-484e-8ba1-c9d3f02f2c18', active: true, audioTracks: Array(1)}
 [CallModal] Previous audio element for cmeifml0h001okung0i95m8s6: false
 [CallModal] Cleared previous srcObject for cmeifml0h001okung0i95m8s6
 [VoiceActivity] Effect triggered: {hasStream: true, streamId: '22684b8b-e675-484e-8ba1-c9d3f02f2c18', audioTracks: 1, threshold: -40}
 [VoiceActivity] Initializing for stream: 22684b8b-e675-484e-8ba1-c9d3f02f2c18 with 1 audio tracks
 [VoiceActivity] Effect triggered: {hasStream: true, streamId: '22684b8b-e675-484e-8ba1-c9d3f02f2c18', audioTracks: 1, threshold: -40}
 [VoiceActivity] Initializing for stream: 22684b8b-e675-484e-8ba1-c9d3f02f2c18 with 1 audio tracks
 [CallModal] Audio loadeddata event for cmeifml0h001okung0i95m8s6
 [CallModal] Audio can play for cmeifml0h001okung0i95m8s6
 [CallModal] Audio canplay event for cmeifml0h001okung0i95m8s6
 [CallModal] Audio is playing for cmeifml0h001okung0i95m8s6
 [CallModal] ✅ Audio playing immediately for participant cmeifml0h001okung0i95m8s6
 [CallModal] ✅ Audio playing immediately for participant cmeifml0h001okung0i95m8s6
 [CallModal] ✅ Audio playing immediately for participant cmeifml0h001okung0i95m8s6
 [CallModal] Rendered - voice call opened
 [CallModal] Rendered - voice call opened
 [VoiceParticipant] Tester voice activity debug: {participantId: 'cmeifml0h001okung0i95m8s6', hasOriginalStream: true, hasLatestStream: true, streamActive: true, audioTracksCount: 1, …}
 [VoiceParticipant] Tester voice activity debug: {participantId: 'cmeifml0h001okung0i95m8s6', hasOriginalStream: true, hasLatestStream: true, streamActive: true, audioTracksCount: 1, …}
 [VoiceParticipant] Tester voice activity debug: {participantId: 'cmeifml0h001okung0i95m8s6', hasOriginalStream: true, hasLatestStream: true, streamActive: true, audioTracksCount: 1, …}
 [VoiceParticipant] Tester voice activity debug: {participantId: 'cmeifml0h001okung0i95m8s6', hasOriginalStream: true, hasLatestStream: true, streamActive: true, audioTracksCount: 1, …}
 [VoiceActivity] Volume analysis: {average: '24.2', volume: '-20.5', threshold: -40, speaking: true, streamActive: true, …}
 [CallModal] Rendered - voice call opened
 [CallModal] Rendered - voice call opened
 [VoiceParticipant] Tester voice activity debug: {participantId: 'cmeifml0h001okung0i95m8s6', hasOriginalStream: true, hasLatestStream: true, streamActive: true, audioTracksCount: 1, …}
 [VoiceParticipant] Tester voice activity debug: {participantId: 'cmeifml0h001okung0i95m8s6', hasOriginalStream: true, hasLatestStream: true, streamActive: true, audioTracksCount: 1, …}
 [CallModal] 🔊 Setting up audio element for participant cmeifml0h001okung0i95m8s6
 [CallModal] Stream details: {id: '22684b8b-e675-484e-8ba1-c9d3f02f2c18', active: true, audioTracks: Array(1)}
 [CallModal] Previous audio element for cmeifml0h001okung0i95m8s6: false
 [CallModal] Cleared previous srcObject for cmeifml0h001okung0i95m8s6
 [VoiceActivity] Effect triggered: {hasStream: true, streamId: '22684b8b-e675-484e-8ba1-c9d3f02f2c18', audioTracks: 1, threshold: -40}
 [VoiceActivity] Initializing for stream: 22684b8b-e675-484e-8ba1-c9d3f02f2c18 with 1 audio tracks
 [VoiceActivity] Effect triggered: {hasStream: true, streamId: '22684b8b-e675-484e-8ba1-c9d3f02f2c18', audioTracks: 1, threshold: -40}
 [VoiceActivity] Initializing for stream: 22684b8b-e675-484e-8ba1-c9d3f02f2c18 with 1 audio tracks
 [CallModal] Audio loadeddata event for cmeifml0h001okung0i95m8s6
 [CallModal] Audio can play for cmeifml0h001okung0i95m8s6
 [CallModal] Audio canplay event for cmeifml0h001okung0i95m8s6
 [CallModal] Audio is playing for cmeifml0h001okung0i95m8s6
 [CallModal] ✅ Audio playing immediately for participant cmeifml0h001okung0i95m8s6
 [CallModal] ✅ Audio playing immediately for participant cmeifml0h001okung0i95m8s6
 [CallModal] ✅ Audio playing immediately for participant cmeifml0h001okung0i95m8s6
 [CallModal] Rendered - voice call opened
 [CallModal] Rendered - voice call opened
 [WebRTC] Excellent network detected - restoring quality
 [WebRTC] Improved audio quality for: cmeifml0h001okung0i95m8s6
