10:16:24.042  The AudioContext was not allowed to start. It must be resumed (or created) after a user gesture on the page. https://developer.chrome.com/blog/autoplay/#web_audio
eval @ webpack-internal:///…ationContext.tsx:67
10:16:35.413  The AudioContext was not allowed to start. It must be resumed (or created) after a user gesture on the page. https://developer.chrome.com/blog/autoplay/#web_audio
eval @ webpack-internal:///…lCallManager.tsx:77
10:16:35.419  The AudioContext was not allowed to start. It must be resumed (or created) after a user gesture on the page. https://developer.chrome.com/blog/autoplay/#web_audio
eval @ webpack-internal:///…lCallManager.tsx:77
10:16:35.421  The AudioContext was not allowed to start. It must be resumed (or created) after a user gesture on the page. https://developer.chrome.com/blog/autoplay/#web_audio
eval @ webpack-internal:///…lCallManager.tsx:77
10:20:10.496  [VoiceActivity] Initializing for stream: 22684b8b-e675-484e-8ba1-c9d3f02f2c18 with 1 audio tracks
10:20:10.496  [CallModal] ✅ Audio playing immediately for participant cmeifml0h001okung0i95m8s6
10:20:10.679  [CallModal] Audio loadeddata event for cmeifml0h001okung0i95m8s6
10:20:10.679  [CallModal] Audio loadeddata event for cmeifml0h001okung0i95m8s6
10:20:10.679  [CallModal] Audio can play for cmeifml0h001okung0i95m8s6
10:20:10.679  [CallModal] Audio canplay event for cmeifml0h001okung0i95m8s6
10:20:10.679  [CallModal] Audio canplay event for cmeifml0h001okung0i95m8s6
10:20:10.679  [CallModal] Audio is playing for cmeifml0h001okung0i95m8s6
10:20:10.679  [CallModal] ✅ Audio playing immediately for participant cmeifml0h001okung0i95m8s6
10:20:10.679  [CallModal] ✅ Audio playing immediately for participant cmeifml0h001okung0i95m8s6
10:20:10.679  [CallModal] ✅ Audio playing immediately for participant cmeifml0h001okung0i95m8s6
10:20:10.679  [CallModal] ✅ Audio playing immediately for participant cmeifml0h001okung0i95m8s6
10:20:10.679  [CallModal] ✅ Audio playing immediately for participant cmeifml0h001okung0i95m8s6
10:20:11.190  [WebRTC] 🔍 Post-offer state for cmeifml0h001okung0i95m8s6 : Object
10:20:11.190  [WebRTC] ⚠️ Connection failed early for: cmeifml0h001okung0i95m8s6 triggering recovery
eval @ webpack-internal:///…c/lib/webrtc.ts:921
10:20:11.190  [WebRTC Enhanced] Recovery attempt 1/3 for cmeifml0h001okung0i95m8s6
10:20:11.190  [WebRTC] 🔍 hasLocalStream: Object
10:20:11.190  [CallModal] 🔄 Retrying offer creation after delay
10:20:11.190  [WebRTC] 📞 Safe creating offer for participant: cmeifml0h001okung0i95m8s6
10:20:11.190  [WebRTC] ⏳ Waiting for local stream to be ready...
10:20:11.190  [WebRTC] 🔍 hasLocalStream: Object
10:20:11.190  [WebRTC] ✅ Local stream is ready!
10:20:11.190  [WebRTC] Creating peer connection for: cmeifml0h001okung0i95m8s6
10:20:11.190  [WebRTC] ⚠️ Peer connection already exists for: cmeifml0h001okung0i95m8s6 Object
10:20:11.190  [WebRTC] ✅ Reusing healthy existing connection for: cmeifml0h001okung0i95m8s6
10:20:11.191  [WebRTC] ❌ Failed to create offer for participant: cmeifml0h001okung0i95m8s6 
window.console.error @ webpack-internal:///…ent/app-index.js:33
10:20:11.191  [CallModal] ❌ Delayed offer creation also failed: 
window.console.error @ webpack-internal:///…ent/app-index.js:33
10:20:11.192  [CallModal] Rendered - voice call opened
10:20:11.192  [CallModal] Rendered - voice call opened
10:20:11.192  [VoiceParticipant] Tester voice activity debug: Object
10:20:11.192  [VoiceParticipant] Tester voice activity debug: Object
10:20:11.195  [CallModal] 🔊 Setting up audio element for participant cmeifml0h001okung0i95m8s6
10:20:11.195  [CallModal] Stream details: Object
10:20:11.195  [CallModal] Previous audio element for cmeifml0h001okung0i95m8s6: false
10:20:11.196  [CallModal] Cleared previous srcObject for cmeifml0h001okung0i95m8s6
10:20:11.239  [VoiceActivity] Effect triggered: Object
10:20:11.239  [VoiceActivity] Initializing for stream: 22684b8b-e675-484e-8ba1-c9d3f02f2c18 with 1 audio tracks
10:20:11.240  [VoiceActivity] Effect triggered: Object
10:20:11.240  [VoiceActivity] Initializing for stream: 22684b8b-e675-484e-8ba1-c9d3f02f2c18 with 1 audio tracks
10:20:11.242  [CallModal] Audio loadeddata event for cmeifml0h001okung0i95m8s6
10:20:11.242  [CallModal] Audio can play for cmeifml0h001okung0i95m8s6
10:20:11.242  [CallModal] Audio canplay event for cmeifml0h001okung0i95m8s6
10:20:11.242  [CallModal] Audio is playing for cmeifml0h001okung0i95m8s6
10:20:11.242  [CallModal] ✅ Audio playing immediately for participant cmeifml0h001okung0i95m8s6
10:20:11.242  [CallModal] ✅ Audio playing immediately for participant cmeifml0h001okung0i95m8s6
10:20:11.242  [CallModal] ✅ Audio playing immediately for participant cmeifml0h001okung0i95m8s6
10:20:12.204  [CallModal] Updated peer connections for performance monitoring: 2
10:20:12.204  [CallModal] Peer connection participants: Array(2)
10:20:12.204  [CallModal] Rendered - voice call opened
10:20:12.204  [CallModal] Rendered - voice call opened
10:20:12.205  [VoiceParticipant] Tester voice activity debug: Object
10:20:12.205  [VoiceParticipant] Tester voice activity debug: Object
10:20:12.206  [CallModal] 🔊 Setting up audio element for participant cmeifml0h001okung0i95m8s6
10:20:12.206  [CallModal] Stream details: Object
10:20:12.206  [CallModal] Previous audio element for cmeifml0h001okung0i95m8s6: false
10:20:12.207  [CallModal] Cleared previous srcObject for cmeifml0h001okung0i95m8s6
10:20:12.207  [VoiceActivity] Effect triggered: Object
10:20:12.207  [VoiceActivity] Initializing for stream: 22684b8b-e675-484e-8ba1-c9d3f02f2c18 with 1 audio tracks
10:20:12.207  [useCallPerformance] Connection states: Array(2)
10:20:12.207  [useCallPerformance] Starting monitoring for 1 valid connections
10:20:12.207  [VoiceActivity] Effect triggered: Object
10:20:12.207  [VoiceActivity] Initializing for stream: 22684b8b-e675-484e-8ba1-c9d3f02f2c18 with 1 audio tracks
10:20:12.209  [WebRTC] ⚠️ Connection unstable for participant: cmeifml0h001okung0i95m8s6 Connection: failed ICE: connected
10:20:12.209  [WebRTC Enhanced] Recovery attempt 2/3 for cmeifml0h001okung0i95m8s6
10:20:12.267  [useCallPerformance] No valid network data yet, assuming good quality
10:20:12.267  [useCallPerformance] Skipping stats for cmeifml0h001okung0i95m8s6 - connection state: failed
eval @ webpack-internal:///…lPerformance.ts:102
10:20:12.268  [CallModal] Audio loadeddata event for cmeifml0h001okung0i95m8s6
10:20:12.268  [CallModal] Audio can play for cmeifml0h001okung0i95m8s6
10:20:12.268  [CallModal] Audio canplay event for cmeifml0h001okung0i95m8s6
10:20:12.268  [CallModal] Audio is playing for cmeifml0h001okung0i95m8s6
10:20:12.268  [CallModal] ✅ Audio playing immediately for participant cmeifml0h001okung0i95m8s6
10:20:12.268  [CallModal] ✅ Audio playing immediately for participant cmeifml0h001okung0i95m8s6
10:20:12.268  [CallModal] ✅ Audio playing immediately for participant cmeifml0h001okung0i95m8s6
10:20:12.269  [CallModal] Rendered - voice call opened
10:20:12.269  [CallModal] Rendered - voice call opened
10:20:12.269  [VoiceParticipant] Tester voice activity debug: Object
10:20:12.269  [VoiceParticipant] Tester voice activity debug: Object
10:20:12.270  [CallModal] 🔊 Setting up audio element for participant cmeifml0h001okung0i95m8s6
10:20:12.270  [CallModal] Stream details: Object
10:20:12.270  [CallModal] Previous audio element for cmeifml0h001okung0i95m8s6: false
10:20:12.271  [CallModal] Cleared previous srcObject for cmeifml0h001okung0i95m8s6
10:20:12.271  [VoiceActivity] Effect triggered: Object
10:20:12.271  [VoiceActivity] Initializing for stream: 22684b8b-e675-484e-8ba1-c9d3f02f2c18 with 1 audio tracks
10:20:12.272  [VoiceActivity] Effect triggered: Object
10:20:12.272  [VoiceActivity] Initializing for stream: 22684b8b-e675-484e-8ba1-c9d3f02f2c18 with 1 audio tracks
10:20:12.344  [CallModal] Audio loadeddata event for cmeifml0h001okung0i95m8s6
10:20:12.344  [CallModal] Audio can play for cmeifml0h001okung0i95m8s6
10:20:12.344  [CallModal] Audio canplay event for cmeifml0h001okung0i95m8s6
10:20:12.344  [CallModal] Audio is playing for cmeifml0h001okung0i95m8s6
10:20:12.344  [CallModal] ✅ Audio playing immediately for participant cmeifml0h001okung0i95m8s6
10:20:12.344  [CallModal] ✅ Audio playing immediately for participant cmeifml0h001okung0i95m8s6
10:20:12.344  [CallModal] ✅ Audio playing immediately for participant cmeifml0h001okung0i95m8s6
10:20:13.197  [CallModal] Rendered - voice call opened
10:20:13.197  [CallModal] Rendered - voice call opened
10:20:13.197  [VoiceParticipant] Tester voice activity debug: Object
10:20:13.198  [VoiceParticipant] Tester voice activity debug: Object
10:20:13.198  [CallModal] 🔊 Setting up audio element for participant cmeifml0h001okung0i95m8s6
10:20:13.198  [CallModal] Stream details: Object
10:20:13.198  [CallModal] Previous audio element for cmeifml0h001okung0i95m8s6: false
10:20:13.199  [CallModal] Cleared previous srcObject for cmeifml0h001okung0i95m8s6
10:20:13.199  [VoiceActivity] Effect triggered: Object
10:20:13.199  [VoiceActivity] Initializing for stream: 22684b8b-e675-484e-8ba1-c9d3f02f2c18 with 1 audio tracks
10:20:13.200  [VoiceActivity] Effect triggered: Object
10:20:13.200  [VoiceActivity] Initializing for stream: 22684b8b-e675-484e-8ba1-c9d3f02f2c18 with 1 audio tracks
10:20:13.265  [CallModal] Audio loadeddata event for cmeifml0h001okung0i95m8s6
10:20:13.266  [CallModal] Audio can play for cmeifml0h001okung0i95m8s6
10:20:13.266  [CallModal] Audio canplay event for cmeifml0h001okung0i95m8s6
10:20:13.266  [CallModal] Audio is playing for cmeifml0h001okung0i95m8s6
10:20:13.266  [CallModal] ✅ Audio playing immediately for participant cmeifml0h001okung0i95m8s6
10:20:13.266  [CallModal] ✅ Audio playing immediately for participant cmeifml0h001okung0i95m8s6
10:20:13.266  [CallModal] ✅ Audio playing immediately for participant cmeifml0h001okung0i95m8s6
10:20:14.192  [CallModal] Updated peer connections for performance monitoring: 2
10:20:14.192  [CallModal] Peer connection participants: Array(2)
10:20:14.192  [CallModal] Rendered - voice call opened
10:20:14.193  [CallModal] Rendered - voice call opened
10:20:14.193  [VoiceParticipant] Tester voice activity debug: Object
10:20:14.193  [VoiceParticipant] Tester voice activity debug: Object
10:20:14.194  [CallModal] 🔊 Setting up audio element for participant cmeifml0h001okung0i95m8s6
10:20:14.194  [CallModal] Stream details: Object
10:20:14.194  [CallModal] Previous audio element for cmeifml0h001okung0i95m8s6: false
10:20:14.195  [CallModal] Cleared previous srcObject for cmeifml0h001okung0i95m8s6
10:20:14.195  [VoiceActivity] Effect triggered: Object
10:20:14.195  [VoiceActivity] Initializing for stream: 22684b8b-e675-484e-8ba1-c9d3f02f2c18 with 1 audio tracks
10:20:14.235  [useCallPerformance] Connection states: Array(2)
10:20:14.235  [useCallPerformance] Starting monitoring for 1 valid connections
10:20:14.235  [VoiceActivity] Effect triggered: Object
10:20:14.235  [VoiceActivity] Initializing for stream: 22684b8b-e675-484e-8ba1-c9d3f02f2c18 with 1 audio tracks
10:20:14.235  [VoiceActivity] Volume analysis: Object
10:20:14.321  [useCallPerformance] No valid network data yet, assuming good quality
10:20:14.321  [useCallPerformance] Skipping stats for cmeifml0h001okung0i95m8s6 - connection state: failed
eval @ webpack-internal:///…lPerformance.ts:102
10:20:14.322  [CallModal] Audio loadeddata event for cmeifml0h001okung0i95m8s6
10:20:14.322  [CallModal] Audio can play for cmeifml0h001okung0i95m8s6
10:20:14.322  [CallModal] Audio canplay event for cmeifml0h001okung0i95m8s6
10:20:14.322  [CallModal] Audio is playing for cmeifml0h001okung0i95m8s6
10:20:14.322  [CallModal] ✅ Audio playing immediately for participant cmeifml0h001okung0i95m8s6
10:20:14.322  [CallModal] ✅ Audio playing immediately for participant cmeifml0h001okung0i95m8s6
10:20:14.322  [CallModal] ✅ Audio playing immediately for participant cmeifml0h001okung0i95m8s6
10:20:14.322  [CallModal] Rendered - voice call opened
10:20:14.323  [CallModal] Rendered - voice call opened
10:20:14.323  [VoiceParticipant] Tester voice activity debug: Object
10:20:14.323  [VoiceParticipant] Tester voice activity debug: Object
10:20:14.324  [CallModal] 🔊 Setting up audio element for participant cmeifml0h001okung0i95m8s6
10:20:14.324  [CallModal] Stream details: Object
10:20:14.324  [CallModal] Previous audio element for cmeifml0h001okung0i95m8s6: false
10:20:14.326  [CallModal] Cleared previous srcObject for cmeifml0h001okung0i95m8s6
10:20:14.326  [VoiceActivity] Effect triggered: Object
10:20:14.326  [VoiceActivity] Initializing for stream: 22684b8b-e675-484e-8ba1-c9d3f02f2c18 with 1 audio tracks
10:20:14.327  [VoiceActivity] Effect triggered: Object
10:20:14.327  [VoiceActivity] Initializing for stream: 22684b8b-e675-484e-8ba1-c9d3f02f2c18 with 1 audio tracks
10:20:14.413  [CallModal] Audio loadeddata event for cmeifml0h001okung0i95m8s6
10:20:14.413  [CallModal] Audio can play for cmeifml0h001okung0i95m8s6
10:20:14.413  [CallModal] Audio canplay event for cmeifml0h001okung0i95m8s6
10:20:14.413  [CallModal] Audio is playing for cmeifml0h001okung0i95m8s6
10:20:14.413  [CallModal] ✅ Audio playing immediately for participant cmeifml0h001okung0i95m8s6
10:20:14.413  [CallModal] ✅ Audio playing immediately for participant cmeifml0h001okung0i95m8s6
10:20:14.413  [CallModal] ✅ Audio playing immediately for participant cmeifml0h001okung0i95m8s6
10:20:15.204  [WebRTC] ⚠️ Delayed connection failure for: cmeifml0h001okung0i95m8s6 attempting recovery
eval @ webpack-internal:///…c/lib/webrtc.ts:931
10:20:15.205  [WebRTC Enhanced] Recovery attempt 3/3 for cmeifml0h001okung0i95m8s6
10:20:15.205  [WebRTC] Reconnection attempt 2 failed, retrying...
10:20:15.205  [WebRTC] Attempting reconnection for: cmeifml0h001okung0i95m8s6 (attempt 3/3)
10:20:15.205  [WebRTC] 🔍 Connection closure requested for: cmeifml0h001okung0i95m8s6 Object
10:20:15.205  [WebRTC] ⚠️ PREVENTING closure of healthy connection for: cmeifml0h001okung0i95m8s6 State: failed ICE: connected
closePeerConnection @ webpack-internal:///…/lib/webrtc.ts:1138
10:20:15.205  [WebRTC] ✅ Preserving healthy connection for: cmeifml0h001okung0i95m8s6
10:20:15.205  [CallModal] Rendered - voice call opened
10:20:15.206  [CallModal] Rendered - voice call opened
10:20:15.206  [VoiceParticipant] Tester voice activity debug: Object
10:20:15.206  [VoiceParticipant] Tester voice activity debug: Object
10:20:15.207  [CallModal] 🔊 Setting up audio element for participant cmeifml0h001okung0i95m8s6
10:20:15.207  [CallModal] Stream details: Object
10:20:15.207  [CallModal] Previous audio element for cmeifml0h001okung0i95m8s6: false
10:20:15.209  [CallModal] Cleared previous srcObject for cmeifml0h001okung0i95m8s6
10:20:15.209  [VoiceActivity] Effect triggered: Object
10:20:15.209  [VoiceActivity] Initializing for stream: 22684b8b-e675-484e-8ba1-c9d3f02f2c18 with 1 audio tracks
10:20:15.210  [VoiceActivity] Effect triggered: Object
10:20:15.210  [VoiceActivity] Initializing for stream: 22684b8b-e675-484e-8ba1-c9d3f02f2c18 with 1 audio tracks
10:20:15.211  [WebRTC] ⚠️ Connection unstable for participant: cmeifml0h001okung0i95m8s6 Connection: failed ICE: connected
10:20:15.211  [WebRTC Enhanced] Max retries exceeded for cmeifml0h001okung0i95m8s6
window.console.error @ webpack-internal:///…ent/app-index.js:33
10:20:15.292  [CallModal] Audio loadeddata event for cmeifml0h001okung0i95m8s6
10:20:15.293  [CallModal] Audio can play for cmeifml0h001okung0i95m8s6
10:20:15.293  [CallModal] Audio canplay event for cmeifml0h001okung0i95m8s6
10:20:15.293  [CallModal] Audio is playing for cmeifml0h001okung0i95m8s6
10:20:15.293  [CallModal] ✅ Audio playing immediately for participant cmeifml0h001okung0i95m8s6
10:20:15.293  [CallModal] ✅ Audio playing immediately for participant cmeifml0h001okung0i95m8s6
10:20:15.293  [CallModal] ✅ Audio playing immediately for participant cmeifml0h001okung0i95m8s6
10:20:16.201  [CallModal] Updated peer connections for performance monitoring: 2
10:20:16.201  [CallModal] Peer connection participants: Array(2)
10:20:16.201  [CallModal] Rendered - voice call opened
10:20:16.201  [CallModal] Rendered - voice call opened
10:20:16.202  [VoiceParticipant] Tester voice activity debug: Object
10:20:16.202  [VoiceParticipant] Tester voice activity debug: Object
10:20:16.202  [CallModal] 🔊 Setting up audio element for participant cmeifml0h001okung0i95m8s6
10:20:16.202  [CallModal] Stream details: Object
10:20:16.202  [CallModal] Previous audio element for cmeifml0h001okung0i95m8s6: false
10:20:16.203  [CallModal] Cleared previous srcObject for cmeifml0h001okung0i95m8s6
10:20:16.203  [VoiceActivity] Effect triggered: Object
10:20:16.203  [VoiceActivity] Initializing for stream: 22684b8b-e675-484e-8ba1-c9d3f02f2c18 with 1 audio tracks
10:20:16.204  [useCallPerformance] Connection states: Array(2)
10:20:16.204  [useCallPerformance] Starting monitoring for 1 valid connections
10:20:16.204  [VoiceActivity] Effect triggered: Object
10:20:16.204  [VoiceActivity] Initializing for stream: 22684b8b-e675-484e-8ba1-c9d3f02f2c18 with 1 audio tracks
10:20:16.272  [useCallPerformance] No valid network data yet, assuming good quality
10:20:16.272  [useCallPerformance] Skipping stats for cmeifml0h001okung0i95m8s6 - connection state: failed
eval @ webpack-internal:///…lPerformance.ts:102
10:20:16.273  [CallModal] Audio loadeddata event for cmeifml0h001okung0i95m8s6
10:20:16.273  [CallModal] Audio can play for cmeifml0h001okung0i95m8s6
10:20:16.273  [CallModal] Audio canplay event for cmeifml0h001okung0i95m8s6
10:20:16.273  [CallModal] Audio is playing for cmeifml0h001okung0i95m8s6
10:20:16.273  [CallModal] ✅ Audio playing immediately for participant cmeifml0h001okung0i95m8s6
10:20:16.273  [CallModal] ✅ Audio playing immediately for participant cmeifml0h001okung0i95m8s6
10:20:16.273  [CallModal] ✅ Audio playing immediately for participant cmeifml0h001okung0i95m8s6
10:20:16.273  [CallModal] Rendered - voice call opened
10:20:16.273  [CallModal] Rendered - voice call opened
10:20:16.273  [VoiceParticipant] Tester voice activity debug: Object
10:20:16.273  [VoiceParticipant] Tester voice activity debug: Object
10:20:16.274  [CallModal] 🔊 Setting up audio element for participant cmeifml0h001okung0i95m8s6
10:20:16.274  [CallModal] Stream details: Object
10:20:16.274  [CallModal] Previous audio element for cmeifml0h001okung0i95m8s6: false
10:20:16.274  [CallModal] Cleared previous srcObject for cmeifml0h001okung0i95m8s6
10:20:16.274  [VoiceActivity] Effect triggered: Object
10:20:16.274  [VoiceActivity] Initializing for stream: 22684b8b-e675-484e-8ba1-c9d3f02f2c18 with 1 audio tracks
10:20:16.274  [VoiceActivity] Effect triggered: Object
10:20:16.275  [VoiceActivity] Initializing for stream: 22684b8b-e675-484e-8ba1-c9d3f02f2c18 with 1 audio tracks
10:20:16.311  [CallModal] Audio loadeddata event for cmeifml0h001okung0i95m8s6
10:20:16.311  [CallModal] Audio can play for cmeifml0h001okung0i95m8s6
10:20:16.311  [CallModal] Audio canplay event for cmeifml0h001okung0i95m8s6
10:20:16.311  [CallModal] Audio is playing for cmeifml0h001okung0i95m8s6
10:20:16.311  [CallModal] ✅ Audio playing immediately for participant cmeifml0h001okung0i95m8s6
10:20:16.311  [CallModal] ✅ Audio playing immediately for participant cmeifml0h001okung0i95m8s6
10:20:16.311  [CallModal] ✅ Audio playing immediately for participant cmeifml0h001okung0i95m8s6
10:20:17.197  [CallModal] Rendered - voice call opened
10:20:17.197  [CallModal] Rendered - voice call opened
10:20:17.198  [VoiceParticipant] Tester voice activity debug: Object
10:20:17.198  [VoiceParticipant] Tester voice activity debug: Object
10:20:17.199  [CallModal] 🔊 Setting up audio element for participant cmeifml0h001okung0i95m8s6
10:20:17.199  [CallModal] Stream details: Object
10:20:17.199  [CallModal] Previous audio element for cmeifml0h001okung0i95m8s6: false
10:20:17.200  [CallModal] Cleared previous srcObject for cmeifml0h001okung0i95m8s6
10:20:17.201  [VoiceActivity] Effect triggered: Object
10:20:17.201  [VoiceActivity] Initializing for stream: 22684b8b-e675-484e-8ba1-c9d3f02f2c18 with 1 audio tracks
10:20:17.202  [VoiceActivity] Effect triggered: Object
10:20:17.202  [VoiceActivity] Initializing for stream: 22684b8b-e675-484e-8ba1-c9d3f02f2c18 with 1 audio tracks
10:20:17.311  [CallModal] Audio loadeddata event for cmeifml0h001okung0i95m8s6
10:20:17.311  [CallModal] Audio can play for cmeifml0h001okung0i95m8s6
10:20:17.311  [CallModal] Audio canplay event for cmeifml0h001okung0i95m8s6
10:20:17.311  [CallModal] Audio is playing for cmeifml0h001okung0i95m8s6
10:20:17.311  [CallModal] ✅ Audio playing immediately for participant cmeifml0h001okung0i95m8s6
10:20:17.311  [CallModal] ✅ Audio playing immediately for participant cmeifml0h001okung0i95m8s6
10:20:17.311  [CallModal] ✅ Audio playing immediately for participant cmeifml0h001okung0i95m8s6
10:20:18.191  [CallModal] Updated peer connections for performance monitoring: 2
10:20:18.191  [CallModal] Peer connection participants: Array(2)
10:20:18.192  [CallModal] Rendered - voice call opened
10:20:18.193  [CallModal] Rendered - voice call opened
10:20:18.194  [VoiceParticipant] Tester voice activity debug: Object
10:20:18.194  [VoiceParticipant] Tester voice activity debug: Object
10:20:18.195  [CallModal] 🔊 Setting up audio element for participant cmeifml0h001okung0i95m8s6
10:20:18.195  [CallModal] Stream details: Object
10:20:18.195  [CallModal] Previous audio element for cmeifml0h001okung0i95m8s6: false
10:20:18.195  [CallModal] Cleared previous srcObject for cmeifml0h001okung0i95m8s6
10:20:18.196  [VoiceActivity] Effect triggered: Object
10:20:18.196  [VoiceActivity] Initializing for stream: 22684b8b-e675-484e-8ba1-c9d3f02f2c18 with 1 audio tracks
10:20:18.197  [useCallPerformance] Connection states: Array(2)
10:20:18.197  [useCallPerformance] Starting monitoring for 1 valid connections
10:20:18.197  [VoiceActivity] Effect triggered: Object
10:20:18.197  [VoiceActivity] Initializing for stream: 22684b8b-e675-484e-8ba1-c9d3f02f2c18 with 1 audio tracks
10:20:18.198  [WebRTC] ⚠️ Connection unstable for participant: cmeifml0h001okung0i95m8s6 Connection: failed ICE: connected
10:20:18.198  [WebRTC Enhanced] Recovery attempt 1/3 for cmeifml0h001okung0i95m8s6
10:20:18.340  [useCallPerformance] No valid network data yet, assuming good quality
10:20:18.340  [useCallPerformance] Skipping stats for cmeifml0h001okung0i95m8s6 - connection state: failed
eval @ webpack-internal:///…lPerformance.ts:102
10:20:18.341  [CallModal] Audio loadeddata event for cmeifml0h001okung0i95m8s6
10:20:18.342  [CallModal] Audio can play for cmeifml0h001okung0i95m8s6
10:20:18.342  [CallModal] Audio canplay event for cmeifml0h001okung0i95m8s6
10:20:18.342  [CallModal] Audio is playing for cmeifml0h001okung0i95m8s6
10:20:18.342  [CallModal] ✅ Audio playing immediately for participant cmeifml0h001okung0i95m8s6
10:20:18.342  [CallModal] ✅ Audio playing immediately for participant cmeifml0h001okung0i95m8s6
10:20:18.342  [CallModal] ✅ Audio playing immediately for participant cmeifml0h001okung0i95m8s6
10:20:18.342  [CallModal] Rendered - voice call opened
10:20:18.342  [CallModal] Rendered - voice call opened
10:20:18.342  [VoiceParticipant] Tester voice activity debug: Object
10:20:18.343  [VoiceParticipant] Tester voice activity debug: Object
10:20:18.343  [CallModal] 🔊 Setting up audio element for participant cmeifml0h001okung0i95m8s6
10:20:18.343  [CallModal] Stream details: Object
10:20:18.343  [CallModal] Previous audio element for cmeifml0h001okung0i95m8s6: false
10:20:18.344  [CallModal] Cleared previous srcObject for cmeifml0h001okung0i95m8s6
10:20:18.344  [VoiceActivity] Effect triggered: Object
10:20:18.344  [VoiceActivity] Initializing for stream: 22684b8b-e675-484e-8ba1-c9d3f02f2c18 with 1 audio tracks
10:20:18.345  [VoiceActivity] Effect triggered: Object
10:20:18.345  [VoiceActivity] Initializing for stream: 22684b8b-e675-484e-8ba1-c9d3f02f2c18 with 1 audio tracks
10:20:18.489  [CallModal] Audio loadeddata event for cmeifml0h001okung0i95m8s6
10:20:18.490  [CallModal] Audio can play for cmeifml0h001okung0i95m8s6
10:20:18.490  [CallModal] Audio canplay event for cmeifml0h001okung0i95m8s6
10:20:18.490  [CallModal] Audio is playing for cmeifml0h001okung0i95m8s6
10:20:18.490  [CallModal] ✅ Audio playing immediately for participant cmeifml0h001okung0i95m8s6
10:20:18.490  [CallModal] ✅ Audio playing immediately for participant cmeifml0h001okung0i95m8s6
10:20:18.490  [CallModal] ✅ Audio playing immediately for participant cmeifml0h001okung0i95m8s6
10:20:18.857  User status update received: Object
10:20:18.858  ChatSidebar: Filtered 4 -> 4 conversations
10:20:18.858  ChatSidebar: Final conversation list: Array(4)
10:20:18.859  🏠 ChatWindow mounted/re-rendered with conversationId: null
10:20:18.859  Updated online status for user cmeifn5qp002dkunge64m0xss in conversation cmew64hqq0008kud8i3zywuwd
10:20:18.859  🏠 ChatWindow mounted/re-rendered with conversationId: null
10:20:18.859  [CallModal] Rendered - voice call opened
10:20:18.859  [CallModal] Rendered - voice call opened
10:20:18.859  [VoiceParticipant] Tester voice activity debug: Object
10:20:18.860  [VoiceParticipant] Tester voice activity debug: Object
10:20:18.860  [CallModal] 🔊 Setting up audio element for participant cmeifml0h001okung0i95m8s6
10:20:18.860  [CallModal] Stream details: Object
10:20:18.860  [CallModal] Previous audio element for cmeifml0h001okung0i95m8s6: false
10:20:18.862  [CallModal] Cleared previous srcObject for cmeifml0h001okung0i95m8s6
10:20:18.863  ChatSidebar: Conversations updated, count: 4
10:20:18.863  ChatSidebar: Latest conversation: cmfbwdnf60000kuzg41ovkra2 last message: cmfbx8gcx0007kutn3b3m0jwd
10:20:18.863  [VoiceActivity] Effect triggered: Object
10:20:18.863  [VoiceActivity] Initializing for stream: 22684b8b-e675-484e-8ba1-c9d3f02f2c18 with 1 audio tracks
10:20:18.863  [CallModal] Initialized active participants (excluding self): Array(1)
10:20:18.863  [CallModal] Skipping connection verification - no WebRTC or participants
10:20:18.864  [VoiceActivity] Effect triggered: Object
10:20:18.864  [VoiceActivity] Initializing for stream: 22684b8b-e675-484e-8ba1-c9d3f02f2c18 with 1 audio tracks
10:20:18.968  [CallModal] Rendered - voice call opened
10:20:18.969  [CallModal] Rendered - voice call opened
10:20:18.970  [VoiceParticipant] Tester voice activity debug: Object
10:20:18.970  [VoiceParticipant] Tester voice activity debug: Object
10:20:18.971  [CallModal] 🔊 Setting up audio element for participant cmeifml0h001okung0i95m8s6
10:20:18.971  [CallModal] Stream details: Object
10:20:18.971  [CallModal] Previous audio element for cmeifml0h001okung0i95m8s6: false
10:20:18.972  [CallModal] Cleared previous srcObject for cmeifml0h001okung0i95m8s6
10:20:18.972  [VoiceActivity] Effect triggered: Object
10:20:18.972  [VoiceActivity] Initializing for stream: 22684b8b-e675-484e-8ba1-c9d3f02f2c18 with 1 audio tracks
10:20:18.972  [VoiceActivity] Volume analysis: Object
10:20:18.972  [CallModal] 🆘 EMERGENCY WebRTC RECOVERY - Call is connected but WebRTC needs help!
10:20:18.972  [CallModal] 🔧 Emergency details: Object
10:20:18.972  [VoiceActivity] Effect triggered: Object
10:20:18.972  [VoiceActivity] Initializing for stream: 22684b8b-e675-484e-8ba1-c9d3f02f2c18 with 1 audio tracks
10:20:18.973  [CallModal] ✅ Audio playing immediately for participant cmeifml0h001okung0i95m8s6
10:20:19.112  Updated online status for user cmeifn5qp002dkunge64m0xss in conversation cmfbwdnf60000kuzg41ovkra2
10:20:19.113  🏠 ChatWindow mounted/re-rendered with conversationId: null
10:20:19.113  🏠 ChatWindow mounted/re-rendered with conversationId: null
10:20:19.113  [CallModal] Rendered - voice call opened
10:20:19.113  [CallModal] Rendered - voice call opened
10:20:19.113  [VoiceParticipant] Tester voice activity debug: Object
10:20:19.113  [VoiceParticipant] Tester voice activity debug: Object
10:20:19.114  [CallModal] 🔊 Setting up audio element for participant cmeifml0h001okung0i95m8s6
10:20:19.114  [CallModal] Stream details: Object
10:20:19.114  [CallModal] Previous audio element for cmeifml0h001okung0i95m8s6: false
10:20:19.115  [CallModal] Cleared previous srcObject for cmeifml0h001okung0i95m8s6
10:20:19.115  ChatSidebar: Conversations updated, count: 4
10:20:19.115  ChatSidebar: Latest conversation: cmfbwdnf60000kuzg41ovkra2 last message: cmfbx8gcx0007kutn3b3m0jwd
10:20:19.115  [VoiceActivity] Effect triggered: Object
10:20:19.115  [VoiceActivity] Initializing for stream: 22684b8b-e675-484e-8ba1-c9d3f02f2c18 with 1 audio tracks
10:20:19.115  [CallModal] Initialized active participants (excluding self): Array(1)
10:20:19.115  [CallModal] Skipping connection verification - no WebRTC or participants
10:20:19.115  [VoiceActivity] Effect triggered: Object
10:20:19.115  [VoiceActivity] Initializing for stream: 22684b8b-e675-484e-8ba1-c9d3f02f2c18 with 1 audio tracks
10:20:19.115  [CallModal] ✅ Audio playing immediately for participant cmeifml0h001okung0i95m8s6
10:20:19.116  User status update received: Object
10:20:19.116  User status update received: Object
10:20:19.232  ChatSidebar: Filtering conversations Object
10:20:19.232  ChatSidebar: Filtered 4 -> 4 conversations
10:20:19.232  ChatSidebar: Final conversation list: Array(4)
10:20:19.233  🏠 ChatWindow mounted/re-rendered with conversationId: null
10:20:19.233  🏠 ChatWindow mounted/re-rendered with conversationId: null
10:20:19.233  Updated online status for user cmeifn5qp002dkunge64m0xss in conversation cmew64hqq0008kud8i3zywuwd
10:20:19.234  [CallModal] Rendered - voice call opened
10:20:19.234  [CallModal] Rendered - voice call opened
10:20:19.234  [VoiceParticipant] Tester voice activity debug: Object
10:20:19.234  [VoiceParticipant] Tester voice activity debug: Object
10:20:19.236  [CallModal] 🔊 Setting up audio element for participant cmeifml0h001okung0i95m8s6
10:20:19.236  [CallModal] Stream details: Object
10:20:19.236  [CallModal] Previous audio element for cmeifml0h001okung0i95m8s6: false
10:20:19.237  [CallModal] Cleared previous srcObject for cmeifml0h001okung0i95m8s6
10:20:19.238  [CallModal] ✅ Audio playing immediately for participant cmeifml0h001okung0i95m8s6
10:20:19.238  [WebRTC] Creating new offer for reconnection attempt 3
10:20:19.238  [WebRTC] 📞 Creating offer for participant: cmeifml0h001okung0i95m8s6
10:20:19.238  [WebRTC] Creating peer connection for: cmeifml0h001okung0i95m8s6
10:20:19.238  [WebRTC] ⚠️ Peer connection already exists for: cmeifml0h001okung0i95m8s6 Object
10:20:19.238  [WebRTC] ✅ Reusing healthy existing connection for: cmeifml0h001okung0i95m8s6
10:20:19.238  [WebRTC] Local stream verification - tracks: 1
10:20:19.238  [WebRTC] 🔍 Peer connection senders before offer: 2
10:20:19.238  [WebRTC]   Sender 0: Object
10:20:19.238  [WebRTC]   Sender 1: Object
10:20:19.238  [WebRTC] Creating offer with low-latency options...
10:20:19.319  ChatSidebar: Conversations updated, count: 4
10:20:19.319  ChatSidebar: Latest conversation: cmfbwdnf60000kuzg41ovkra2 last message: cmfbx8gcx0007kutn3b3m0jwd
10:20:19.319  [VoiceActivity] Effect triggered: Object
10:20:19.319  [VoiceActivity] Initializing for stream: 22684b8b-e675-484e-8ba1-c9d3f02f2c18 with 1 audio tracks
10:20:19.405  [CallModal] Initialized active participants (excluding self): Array(1)
10:20:19.406  [CallModal] Skipping connection verification - no WebRTC or participants
10:20:19.406  [VoiceActivity] Effect triggered: Object
10:20:19.406  [VoiceActivity] Initializing for stream: 22684b8b-e675-484e-8ba1-c9d3f02f2c18 with 1 audio tracks
10:20:19.406  [WebRTC] ❌ Failed to create offer for participant: cmeifml0h001okung0i95m8s6 
window.console.error @ webpack-internal:///…ent/app-index.js:33
10:20:19.406  [WebRTC] Temporary error, preserving connection for retry: cmeifml0h001okung0i95m8s6
10:20:19.408  [CallModal] Audio loadeddata event for cmeifml0h001okung0i95m8s6
10:20:19.408  [CallModal] Audio loadeddata event for cmeifml0h001okung0i95m8s6
10:20:19.408  [CallModal] Audio loadeddata event for cmeifml0h001okung0i95m8s6
10:20:19.408  [CallModal] Audio loadeddata event for cmeifml0h001okung0i95m8s6
10:20:19.409  [CallModal] Audio can play for cmeifml0h001okung0i95m8s6
10:20:19.409  [CallModal] Audio canplay event for cmeifml0h001okung0i95m8s6
10:20:19.409  [CallModal] Audio canplay event for cmeifml0h001okung0i95m8s6
10:20:19.409  [CallModal] Audio canplay event for cmeifml0h001okung0i95m8s6
10:20:19.409  [CallModal] Audio canplay event for cmeifml0h001okung0i95m8s6
10:20:19.409  [CallModal] Audio is playing for cmeifml0h001okung0i95m8s6
10:20:19.409  [CallModal] ✅ Audio playing immediately for participant cmeifml0h001okung0i95m8s6
10:20:19.409  [CallModal] ✅ Audio playing immediately for participant cmeifml0h001okung0i95m8s6
10:20:19.409  [CallModal] ✅ Audio playing immediately for participant cmeifml0h001okung0i95m8s6
10:20:19.409  [CallModal] ✅ Audio playing immediately for participant cmeifml0h001okung0i95m8s6
10:20:19.409  [CallModal] ✅ Audio playing immediately for participant cmeifml0h001okung0i95m8s6
10:20:19.409  [CallModal] ✅ Audio playing immediately for participant cmeifml0h001okung0i95m8s6
10:20:19.409  [CallModal] ✅ Audio playing immediately for participant cmeifml0h001okung0i95m8s6
10:20:19.409  [CallModal] ✅ Audio playing immediately for participant cmeifml0h001okung0i95m8s6
10:20:19.409  [CallModal] ✅ Audio playing immediately for participant cmeifml0h001okung0i95m8s6
10:20:19.409  [CallModal] Rendered - voice call opened
10:20:19.409  [CallModal] Rendered - voice call opened
10:20:19.410  [VoiceParticipant] Tester voice activity debug: Object
10:20:19.410  [VoiceParticipant] Tester voice activity debug: Object
10:20:19.410  [CallModal] 🔊 Setting up audio element for participant cmeifml0h001okung0i95m8s6
10:20:19.410  [CallModal] Stream details: Object
10:20:19.410  [CallModal] Previous audio element for cmeifml0h001okung0i95m8s6: false
10:20:19.412  [CallModal] Cleared previous srcObject for cmeifml0h001okung0i95m8s6
10:20:19.412  [VoiceActivity] Effect triggered: Object
10:20:19.412  [VoiceActivity] Initializing for stream: 22684b8b-e675-484e-8ba1-c9d3f02f2c18 with 1 audio tracks
10:20:19.413  [VoiceActivity] Effect triggered: Object
10:20:19.413  [VoiceActivity] Initializing for stream: 22684b8b-e675-484e-8ba1-c9d3f02f2c18 with 1 audio tracks
10:20:19.564  [CallModal] Audio loadeddata event for cmeifml0h001okung0i95m8s6
10:20:19.564  [CallModal] Audio can play for cmeifml0h001okung0i95m8s6
10:20:19.564  [CallModal] Audio canplay event for cmeifml0h001okung0i95m8s6
10:20:19.564  [CallModal] Audio is playing for cmeifml0h001okung0i95m8s6
10:20:19.564  [CallModal] ✅ Audio playing immediately for participant cmeifml0h001okung0i95m8s6
10:20:19.564  [CallModal] ✅ Audio playing immediately for participant cmeifml0h001okung0i95m8s6
10:20:19.564  [CallModal] ✅ Audio playing immediately for participant cmeifml0h001okung0i95m8s6
10:20:20.189  [WebRTC] 📞 RECEIVED OFFER from: cmeifml0h001okung0i95m8s6
10:20:20.189  [WebRTC] Call ID check: Object
10:20:20.189  [WebRTC] ✅ Processing offer from: cmeifml0h001okung0i95m8s6
10:20:20.189  [WebRTC] Creating peer connection for: cmeifml0h001okung0i95m8s6
10:20:20.189  [WebRTC] ⚠️ Peer connection already exists for: cmeifml0h001okung0i95m8s6 Object
10:20:20.189  [WebRTC] ✅ Reusing healthy existing connection for: cmeifml0h001okung0i95m8s6
10:20:20.189  [WebRTC] 📞 RECEIVED OFFER from: cmeifml0h001okung0i95m8s6
10:20:20.189  [WebRTC] Call ID check: Object
10:20:20.189  [WebRTC] ✅ Processing offer from: cmeifml0h001okung0i95m8s6
10:20:20.189  [WebRTC] Creating peer connection for: cmeifml0h001okung0i95m8s6
10:20:20.189  [WebRTC] ⚠️ Peer connection already exists for: cmeifml0h001okung0i95m8s6 Object
10:20:20.189  [WebRTC] ✅ Reusing healthy existing connection for: cmeifml0h001okung0i95m8s6
10:20:20.189  [WebRTC] 📞 RECEIVED OFFER from: cmeifml0h001okung0i95m8s6
10:20:20.189  [WebRTC] Call ID check: Object
10:20:20.189  [WebRTC] ✅ Processing offer from: cmeifml0h001okung0i95m8s6
10:20:20.189  [WebRTC] Creating peer connection for: cmeifml0h001okung0i95m8s6
10:20:20.189  [WebRTC] ⚠️ Peer connection already exists for: cmeifml0h001okung0i95m8s6 Object
10:20:20.189  [WebRTC] ✅ Reusing healthy existing connection for: cmeifml0h001okung0i95m8s6
10:20:20.189  [WebRTC] Local stream ready with tracks: 1
10:20:20.189  [WebRTC] 🔍 Peer connection senders before answer: 2
10:20:20.189  [WebRTC]   Sender 0: Object
10:20:20.189  [WebRTC]   Sender 1: Object
10:20:20.189  [WebRTC] Setting remote description from offer...
10:20:20.191  [WebRTC] Local stream ready with tracks: 1
10:20:20.191  [WebRTC] 🔍 Peer connection senders before answer: 2
10:20:20.191  [WebRTC]   Sender 0: Object
10:20:20.191  [WebRTC]   Sender 1: Object
10:20:20.191  [WebRTC] Setting remote description from offer...
10:20:20.195  [WebRTC] Local stream ready with tracks: 1
10:20:20.195  [WebRTC] 🔍 Peer connection senders before answer: 2
10:20:20.195  [WebRTC]   Sender 0: Object
10:20:20.195  [WebRTC]   Sender 1: Object
10:20:20.195  [WebRTC] Setting remote description from offer...
10:20:20.196  [WebRTC] Remote description set, applying any buffered ICE candidates
10:20:20.196  [WebRTC] Creating answer with ultra-low-latency options...
10:20:20.206  [CallModal] Updated peer connections for performance monitoring: 2
10:20:20.206  [CallModal] Peer connection participants: Array(2)
10:20:20.207  [WebRTC] Remote description set, applying any buffered ICE candidates
10:20:20.207  [WebRTC] Creating answer with ultra-low-latency options...
10:20:20.210  [WebRTC] ❌ Failed to handle offer from cmeifml0h001okung0i95m8s6 : 
window.console.error @ webpack-internal:///…ent/app-index.js:33
10:20:20.210  [WebRTC] Temporary offer handling error, preserving connection for retry: cmeifml0h001okung0i95m8s6
10:20:20.211  [WebRTC] 🚀 Optimizing SDP for ultra-low latency...
10:20:20.211  [WebRTC] ✅ SDP optimized for ultra-low latency
10:20:20.211  [WebRTC] Answer created and SDP optimized, analyzing...
10:20:20.211  [WebRTC] 🔍 Answer SDP analysis: Object
10:20:20.211  [WebRTC] Setting local description with answer...
10:20:20.212  [CallModal] Rendered - voice call opened
10:20:20.212  [CallModal] Rendered - voice call opened
10:20:20.212  [VoiceParticipant] Tester voice activity debug: Object
10:20:20.213  [VoiceParticipant] Tester voice activity debug: Object
10:20:20.213  [CallModal] 🔊 Setting up audio element for participant cmeifml0h001okung0i95m8s6
10:20:20.213  [CallModal] Stream details: Object
10:20:20.213  [CallModal] Previous audio element for cmeifml0h001okung0i95m8s6: false
10:20:20.214  [CallModal] Cleared previous srcObject for cmeifml0h001okung0i95m8s6
10:20:20.214  [VoiceActivity] Effect triggered: Object
10:20:20.214  [VoiceActivity] Initializing for stream: 22684b8b-e675-484e-8ba1-c9d3f02f2c18 with 1 audio tracks
10:20:20.215  [useCallPerformance] Connection states: Array(2)
10:20:20.215  [useCallPerformance] Starting monitoring for 1 valid connections
10:20:20.215  [VoiceActivity] Effect triggered: Object
10:20:20.215  [VoiceActivity] Initializing for stream: 22684b8b-e675-484e-8ba1-c9d3f02f2c18 with 1 audio tracks
10:20:20.215  [WebRTC] 🚀 Optimizing SDP for ultra-low latency...
10:20:20.215  [WebRTC] ✅ SDP optimized for ultra-low latency
10:20:20.215  [WebRTC] Answer created and SDP optimized, analyzing...
10:20:20.215  [WebRTC] 🔍 Answer SDP analysis: Object
10:20:20.216  [WebRTC] Setting local description with answer...
10:20:20.329  [WebRTC] 📡 Sending answer to: cmeifml0h001okung0i95m8s6
10:20:20.329  [WebRTC] ✅ Answer successfully sent to: cmeifml0h001okung0i95m8s6
10:20:20.330  [useCallPerformance] No valid network data yet, assuming good quality
10:20:20.330  [useCallPerformance] Skipping stats for cmeifml0h001okung0i95m8s6 - connection state: failed
eval @ webpack-internal:///…lPerformance.ts:102
10:20:20.330  [WebRTC] 📡 Sending answer to: cmeifml0h001okung0i95m8s6
10:20:20.330  [WebRTC] ✅ Answer successfully sent to: cmeifml0h001okung0i95m8s6
10:20:20.332  [CallModal] Audio loadeddata event for cmeifml0h001okung0i95m8s6
10:20:20.332  [CallModal] Audio can play for cmeifml0h001okung0i95m8s6
10:20:20.332  [CallModal] Audio canplay event for cmeifml0h001okung0i95m8s6
10:20:20.332  [CallModal] Audio is playing for cmeifml0h001okung0i95m8s6
10:20:20.332  [CallModal] ✅ Audio playing immediately for participant cmeifml0h001okung0i95m8s6
10:20:20.332  [CallModal] ✅ Audio playing immediately for participant cmeifml0h001okung0i95m8s6
10:20:20.332  [CallModal] ✅ Audio playing immediately for participant cmeifml0h001okung0i95m8s6
10:20:20.332  [CallModal] Rendered - voice call opened
10:20:20.332  [CallModal] Rendered - voice call opened
10:20:20.333  [VoiceParticipant] Tester voice activity debug: Object
10:20:20.333  [VoiceParticipant] Tester voice activity debug: Object
10:20:20.333  [CallModal] 🔊 Setting up audio element for participant cmeifml0h001okung0i95m8s6
10:20:20.333  [CallModal] Stream details: Object
10:20:20.333  [CallModal] Previous audio element for cmeifml0h001okung0i95m8s6: false
10:20:20.334  [CallModal] Cleared previous srcObject for cmeifml0h001okung0i95m8s6
10:20:20.335  [VoiceActivity] Effect triggered: Object
10:20:20.335  [VoiceActivity] Initializing for stream: 22684b8b-e675-484e-8ba1-c9d3f02f2c18 with 1 audio tracks
10:20:20.335  [VoiceActivity] Effect triggered: Object
10:20:20.336  [VoiceActivity] Initializing for stream: 22684b8b-e675-484e-8ba1-c9d3f02f2c18 with 1 audio tracks
10:20:20.337  [WebRTC] Sending ICE candidate to: cmeifml0h001okung0i95m8s6
10:20:20.337  [WebRTC] Sending ICE candidate to: cmeifml0h001okung0i95m8s6
10:20:20.338  [WebRTC] Sending ICE candidate to: cmeifml0h001okung0i95m8s6
10:20:20.428  [WebRTC] Sending ICE candidate to: cmeifml0h001okung0i95m8s6
10:20:20.428  [WebRTC] Sending ICE candidate to: cmeifml0h001okung0i95m8s6
10:20:20.428  [WebRTC] Sending ICE candidate to: cmeifml0h001okung0i95m8s6
10:20:20.428  [WebRTC] Sending ICE candidate to: cmeifml0h001okung0i95m8s6
10:20:20.429  [WebRTC] Sending ICE candidate to: cmeifml0h001okung0i95m8s6
10:20:20.429  [WebRTC] Sending ICE candidate to: cmeifml0h001okung0i95m8s6
10:20:20.429  [WebRTC] Sending ICE candidate to: cmeifml0h001okung0i95m8s6
10:20:20.429  [WebRTC] Sending ICE candidate to: cmeifml0h001okung0i95m8s6
10:20:20.429  [WebRTC] Sending ICE candidate to: cmeifml0h001okung0i95m8s6
10:20:20.430  [CallModal] Audio loadeddata event for cmeifml0h001okung0i95m8s6
10:20:20.430  [CallModal] Audio can play for cmeifml0h001okung0i95m8s6
10:20:20.431  [CallModal] Audio canplay event for cmeifml0h001okung0i95m8s6
10:20:20.431  [CallModal] Audio is playing for cmeifml0h001okung0i95m8s6
10:20:20.431  [CallModal] ✅ Audio playing immediately for participant cmeifml0h001okung0i95m8s6
10:20:20.431  [CallModal] ✅ Audio playing immediately for participant cmeifml0h001okung0i95m8s6
10:20:20.431  [CallModal] ✅ Audio playing immediately for participant cmeifml0h001okung0i95m8s6
10:20:20.478  [WebRTC] Sending ICE candidate to: cmeifml0h001okung0i95m8s6
10:20:20.560  [CallModal] 🔍 WebRTC stream ready for participant: cmeifml0h001okung0i95m8s6
10:20:20.560  [CallModal] 🔍 Our callId: call-1757384369155-78u7pu5k6 Event callId: call-1757384369155-78u7pu5k6
10:20:20.560  [CallModal] 🔍 Our user ID: cmeumah180000kuygq63oa1qx
10:20:20.560  [CallModal] 🔍 Current call state: ringing
10:20:20.561  [CallModal] 🔍 Current participant states: Object
10:20:20.561  [CallModal] ✅ Processing REMOTE stream ready event
10:20:20.561  [CallModal] 🆔 Our session ID: cmeumah180000kuygq63oa1qx
10:20:20.561  [CallModal] 🆔 Remote participant ID: cmeifml0h001okung0i95m8s6
10:20:20.561  [CallModal] 🔍 Stream data: Object
10:20:20.561  [CallModal] 🚀 INITIATING PEER CONNECTION for remote participant: cmeifml0h001okung0i95m8s6
10:20:20.561  [CallModal] 🚀 WebRTC service available: true
10:20:20.561  [CallModal] 🎥 Processing webrtc_stream_ready for REMOTE participant: cmeifml0h001okung0i95m8s6
10:20:20.561  [CallModal] 🔗 Active peer connections: Array(0)
10:20:20.561  [CallModal] 🔗 Has connection to cmeifml0h001okung0i95m8s6 : false
10:20:20.561  [CallModal] 🚀 Creating peer connection to cmeifml0h001okung0i95m8s6
10:20:20.561  [WebRTC] 📞 Safe creating offer for participant: cmeifml0h001okung0i95m8s6
10:20:20.561  [WebRTC] ⏳ Waiting for local stream to be ready...
10:20:20.561  [WebRTC] 🔍 hasLocalStream: Object
10:20:20.561  [WebRTC] ✅ Local stream is ready!
10:20:20.561  [WebRTC] Creating peer connection for: cmeifml0h001okung0i95m8s6
10:20:20.561  [WebRTC] ⚠️ Peer connection already exists for: cmeifml0h001okung0i95m8s6 Object
10:20:20.561  [WebRTC] ✅ Reusing healthy existing connection for: cmeifml0h001okung0i95m8s6
10:20:20.562  [WebRTC] ❌ Failed to create offer for participant: cmeifml0h001okung0i95m8s6 
window.console.error @ webpack-internal:///…ent/app-index.js:33
10:20:20.562  [CallModal] ❌ Failed to create offer: 
window.console.error @ webpack-internal:///…ent/app-index.js:33
10:20:20.562  [CallModal] Retrieved remote stream for cmeifml0h001okung0i95m8s6 : true
10:20:20.562  [CallModal] Remote stream tracks: Array(1)
10:20:20.563  [CallModal] ✅ Remote stream added to state for VideoGrid
10:20:20.563  [CallModal] Rendered - voice call opened
10:20:20.563  [CallModal] Updated remote streams map, now has: Array(1)
10:20:20.563  [CallModal] Updated remote streams map, now has: Array(1)
10:20:20.563  [CallModal] Rendered - voice call opened
10:20:20.564  [VoiceParticipant] Tester voice activity debug: Object
10:20:20.564  [VoiceParticipant] Tester voice activity debug: Object
10:20:20.564  [CallModal] 🔊 Setting up audio element for participant cmeifml0h001okung0i95m8s6
10:20:20.564  [CallModal] Stream details: Object
10:20:20.564  [CallModal] Previous audio element for cmeifml0h001okung0i95m8s6: false
10:20:20.565  [CallModal] Cleared previous srcObject for cmeifml0h001okung0i95m8s6
10:20:20.566  [VoiceActivity] Effect triggered: Object
10:20:20.566  [VoiceActivity] Initializing for stream: 22684b8b-e675-484e-8ba1-c9d3f02f2c18 with 1 audio tracks
10:20:20.567  [CallModal] Updated peer connections for performance monitoring: 2
10:20:20.567  [CallModal] Peer connection participants: Array(2)
10:20:20.567  [VoiceActivity] Effect triggered: Object
10:20:20.567  [VoiceActivity] Initializing for stream: 22684b8b-e675-484e-8ba1-c9d3f02f2c18 with 1 audio tracks
10:20:20.714  [CallModal] Rendered - voice call opened
10:20:20.714  [CallModal] Rendered - voice call opened
10:20:20.715  [VoiceParticipant] Tester voice activity debug: Object
10:20:20.715  [VoiceParticipant] Tester voice activity debug: Object
10:20:20.716  [CallModal] 🔊 Setting up audio element for participant cmeifml0h001okung0i95m8s6
10:20:20.716  [CallModal] Stream details: Object
10:20:20.716  [CallModal] Previous audio element for cmeifml0h001okung0i95m8s6: false
10:20:20.717  [CallModal] Cleared previous srcObject for cmeifml0h001okung0i95m8s6
10:20:20.717  [VoiceActivity] Effect triggered: Object
10:20:20.717  [VoiceActivity] Initializing for stream: 22684b8b-e675-484e-8ba1-c9d3f02f2c18 with 1 audio tracks
10:20:20.718  [useCallPerformance] Connection states: Array(2)
10:20:20.718  [useCallPerformance] Starting monitoring for 1 valid connections
10:20:20.718  [VoiceActivity] Effect triggered: Object
10:20:20.718  [VoiceActivity] Initializing for stream: 22684b8b-e675-484e-8ba1-c9d3f02f2c18 with 1 audio tracks
10:20:20.718  [CallModal] ✅ Audio playing immediately for participant cmeifml0h001okung0i95m8s6
10:20:20.893  [useCallPerformance] No valid network data yet, assuming good quality
10:20:20.893  [useCallPerformance] Skipping stats for cmeifml0h001okung0i95m8s6 - connection state: failed
eval @ webpack-internal:///…lPerformance.ts:102
10:20:20.893  [CallModal] Audio loadeddata event for cmeifml0h001okung0i95m8s6
10:20:20.893  [CallModal] Audio loadeddata event for cmeifml0h001okung0i95m8s6
10:20:20.893  [CallModal] Audio can play for cmeifml0h001okung0i95m8s6
10:20:20.893  [CallModal] Audio canplay event for cmeifml0h001okung0i95m8s6
10:20:20.893  [CallModal] Audio canplay event for cmeifml0h001okung0i95m8s6
10:20:20.893  [CallModal] Audio is playing for cmeifml0h001okung0i95m8s6
10:20:20.893  [CallModal] ✅ Audio playing immediately for participant cmeifml0h001okung0i95m8s6
10:20:20.893  [CallModal] ✅ Audio playing immediately for participant cmeifml0h001okung0i95m8s6
10:20:20.893  [CallModal] ✅ Audio playing immediately for participant cmeifml0h001okung0i95m8s6
10:20:20.893  [CallModal] ✅ Audio playing immediately for participant cmeifml0h001okung0i95m8s6
10:20:20.893  [CallModal] ✅ Audio playing immediately for participant cmeifml0h001okung0i95m8s6
10:20:20.893  [CallModal] Rendered - voice call opened
10:20:20.894  [CallModal] Rendered - voice call opened
10:20:20.894  [VoiceParticipant] Tester voice activity debug: Object
10:20:20.894  [VoiceParticipant] Tester voice activity debug: Object
10:20:20.895  [CallModal] 🔊 Setting up audio element for participant cmeifml0h001okung0i95m8s6
10:20:20.895  [CallModal] Stream details: Object
10:20:20.895  [CallModal] Previous audio element for cmeifml0h001okung0i95m8s6: false
10:20:20.895  [CallModal] Cleared previous srcObject for cmeifml0h001okung0i95m8s6
10:20:20.895  [VoiceActivity] Effect triggered: Object
10:20:20.895  [VoiceActivity] Initializing for stream: 22684b8b-e675-484e-8ba1-c9d3f02f2c18 with 1 audio tracks
10:20:20.896  [VoiceActivity] Effect triggered: Object
10:20:20.896  [VoiceActivity] Initializing for stream: 22684b8b-e675-484e-8ba1-c9d3f02f2c18 with 1 audio tracks
10:20:21.118  [CallModal] Audio loadeddata event for cmeifml0h001okung0i95m8s6
10:20:21.118  [CallModal] Audio can play for cmeifml0h001okung0i95m8s6
10:20:21.118  [CallModal] Audio canplay event for cmeifml0h001okung0i95m8s6
10:20:21.118  [CallModal] Audio is playing for cmeifml0h001okung0i95m8s6
10:20:21.118  [CallModal] ✅ Audio playing immediately for participant cmeifml0h001okung0i95m8s6
10:20:21.118  [CallModal] ✅ Audio playing immediately for participant cmeifml0h001okung0i95m8s6
10:20:21.118  [CallModal] ✅ Audio playing immediately for participant cmeifml0h001okung0i95m8s6
10:20:21.194  [CallModal] Rendered - voice call opened
10:20:21.195  [CallModal] Rendered - voice call opened
10:20:21.195  [VoiceParticipant] Tester voice activity debug: Object
10:20:21.196  [VoiceParticipant] Tester voice activity debug: Object
10:20:21.196  [CallModal] 🔊 Setting up audio element for participant cmeifml0h001okung0i95m8s6
10:20:21.196  [CallModal] Stream details: Object
10:20:21.196  [CallModal] Previous audio element for cmeifml0h001okung0i95m8s6: false
10:20:21.197  [CallModal] Cleared previous srcObject for cmeifml0h001okung0i95m8s6
10:20:21.197  [VoiceActivity] Effect triggered: Object
10:20:21.197  [VoiceActivity] Initializing for stream: 22684b8b-e675-484e-8ba1-c9d3f02f2c18 with 1 audio tracks
10:20:21.198  [VoiceActivity] Effect triggered: Object
10:20:21.198  [VoiceActivity] Initializing for stream: 22684b8b-e675-484e-8ba1-c9d3f02f2c18 with 1 audio tracks
10:20:21.201  [CallModal] Skipping connection verification - no WebRTC or participants
10:20:21.201  [CallModal] Skipping connection verification - no WebRTC or participants
10:20:21.296  [WebRTC] ⚠️ Connection unstable for participant: cmeifml0h001okung0i95m8s6 Connection: failed ICE: connected
10:20:21.296  [WebRTC Enhanced] Recovery attempt 2/3 for cmeifml0h001okung0i95m8s6
10:20:21.298  [CallModal] Audio loadeddata event for cmeifml0h001okung0i95m8s6
10:20:21.298  [CallModal] Audio can play for cmeifml0h001okung0i95m8s6
10:20:21.298  [CallModal] Audio canplay event for cmeifml0h001okung0i95m8s6
10:20:21.298  [CallModal] Audio is playing for cmeifml0h001okung0i95m8s6
10:20:21.298  [CallModal] ✅ Audio playing immediately for participant cmeifml0h001okung0i95m8s6
10:20:21.298  [CallModal] ✅ Audio playing immediately for participant cmeifml0h001okung0i95m8s6
10:20:21.298  [CallModal] ✅ Audio playing immediately for participant cmeifml0h001okung0i95m8s6
10:20:22.191  [WebRTC] Post-answer states for cmeifml0h001okung0i95m8s6
10:20:22.191  [WebRTC]   Connection state: connecting
10:20:22.191  [WebRTC]   Signaling state: stable
10:20:22.191  [WebRTC] Post-answer states for cmeifml0h001okung0i95m8s6
10:20:22.191  [WebRTC]   Connection state: connecting
10:20:22.191  [WebRTC]   Signaling state: stable
10:20:22.192  [CallModal] Skipping connection verification - no WebRTC or participants
10:20:22.192  [WebRTC] 🔍 hasLocalStream: Object
10:20:22.192  [CallModal] 🔄 Retrying offer creation after delay
10:20:22.192  [WebRTC] 📞 Safe creating offer for participant: cmeifml0h001okung0i95m8s6
10:20:22.192  [WebRTC] ⏳ Waiting for local stream to be ready...
10:20:22.192  [WebRTC] 🔍 hasLocalStream: Object
10:20:22.192  [WebRTC] ✅ Local stream is ready!
10:20:22.192  [WebRTC] Creating peer connection for: cmeifml0h001okung0i95m8s6
10:20:22.192  [WebRTC] ⚠️ Peer connection already exists for: cmeifml0h001okung0i95m8s6 Object
10:20:22.192  [WebRTC] ✅ Reusing healthy existing connection for: cmeifml0h001okung0i95m8s6
10:20:22.194  [CallModal] Rendered - voice call opened
10:20:22.194  [CallModal] Rendered - voice call opened
10:20:22.195  [VoiceParticipant] Tester voice activity debug: Object
10:20:22.195  [VoiceParticipant] Tester voice activity debug: Object
10:20:22.197  [CallModal] 🔊 Setting up audio element for participant cmeifml0h001okung0i95m8s6
10:20:22.197  [CallModal] Stream details: Object
10:20:22.197  [CallModal] Previous audio element for cmeifml0h001okung0i95m8s6: false
10:20:22.199  [CallModal] Cleared previous srcObject for cmeifml0h001okung0i95m8s6
10:20:22.199  [WebRTC] ❌ Failed to create offer for participant: cmeifml0h001okung0i95m8s6 
window.console.error @ webpack-internal:///…ent/app-index.js:33
10:20:22.199  [CallModal] ❌ Delayed offer creation also failed: 
window.console.error @ webpack-internal:///…ent/app-index.js:33
10:20:22.221  [VoiceActivity] Effect triggered: Object
10:20:22.221  [VoiceActivity] Initializing for stream: 22684b8b-e675-484e-8ba1-c9d3f02f2c18 with 1 audio tracks
10:20:22.222  [VoiceActivity] Effect triggered: Object
10:20:22.222  [VoiceActivity] Initializing for stream: 22684b8b-e675-484e-8ba1-c9d3f02f2c18 with 1 audio tracks
10:20:22.223  [CallModal] Audio loadeddata event for cmeifml0h001okung0i95m8s6
10:20:22.224  [CallModal] Audio can play for cmeifml0h001okung0i95m8s6
10:20:22.224  [CallModal] Audio canplay event for cmeifml0h001okung0i95m8s6
10:20:22.224  [CallModal] Audio is playing for cmeifml0h001okung0i95m8s6
10:20:22.224  [CallModal] ✅ Audio playing immediately for participant cmeifml0h001okung0i95m8s6
10:20:22.224  [CallModal] ✅ Audio playing immediately for participant cmeifml0h001okung0i95m8s6
10:20:22.224  [CallModal] ✅ Audio playing immediately for participant cmeifml0h001okung0i95m8s6
10:20:23.160  NotificationContext: Window focused
10:20:23.162  🏠 ChatWindow mounted/re-rendered with conversationId: null
10:20:23.162  🏠 ChatWindow mounted/re-rendered with conversationId: null
10:20:23.164  🧹 GlobalNotificationListener: Cleaning up socket listener for new-notification
10:20:23.164  🌐 GlobalNotificationListener: useEffect triggered Object
10:20:23.164  🚀 GlobalNotificationListener: Setting up global socket listeners for user: cmeumah180000kuygq63oa1qx
10:20:23.164  🔄 GlobalNotificationListener: Re-emitted join-user-room for safety
10:20:23.164  ✅ GlobalNotificationListener: Socket listener registered for new-notification events
10:20:23.164  SocketContext: Window focused, refreshing connection
10:20:23.185  NotificationContext: Page visibility changed to: true
10:20:23.185  SocketContext: Tab became visible, re-establishing connection
10:20:23.186  🏠 ChatWindow mounted/re-rendered with conversationId: null
10:20:23.187  🏠 ChatWindow mounted/re-rendered with conversationId: null
10:20:23.187  🧹 GlobalNotificationListener: Cleaning up socket listener for new-notification
10:20:23.187  🌐 GlobalNotificationListener: useEffect triggered Object
10:20:23.187  🚀 GlobalNotificationListener: Setting up global socket listeners for user: cmeumah180000kuygq63oa1qx
10:20:23.187  🔄 GlobalNotificationListener: Re-emitted join-user-room for safety
10:20:23.187  ✅ GlobalNotificationListener: Socket listener registered for new-notification events
10:20:23.187  [CallModal] Updated peer connections for performance monitoring: 2
10:20:23.187  [CallModal] Peer connection participants: Array(2)
10:20:23.187  [CallModal] Rendered - voice call opened
10:20:23.187  [CallModal] Rendered - voice call opened
10:20:23.190  [VoiceParticipant] Tester voice activity debug: Object
10:20:23.190  [VoiceParticipant] Tester voice activity debug: Object
10:20:23.191  [CallModal] 🔊 Setting up audio element for participant cmeifml0h001okung0i95m8s6
10:20:23.191  [CallModal] Stream details: Object
10:20:23.191  [CallModal] Previous audio element for cmeifml0h001okung0i95m8s6: false
10:20:23.193  [CallModal] Cleared previous srcObject for cmeifml0h001okung0i95m8s6
10:20:23.234  [VoiceActivity] Effect triggered: Object
10:20:23.234  [VoiceActivity] Initializing for stream: 22684b8b-e675-484e-8ba1-c9d3f02f2c18 with 1 audio tracks
10:20:23.235  [useCallPerformance] Connection states: Array(2)
10:20:23.235  [useCallPerformance] Starting monitoring for 1 valid connections
10:20:23.235  [VoiceActivity] Effect triggered: Object
10:20:23.235  [VoiceActivity] Initializing for stream: 22684b8b-e675-484e-8ba1-c9d3f02f2c18 with 1 audio tracks
10:20:23.235  [CallModal] Rendered - voice call opened
10:20:23.235  [CallModal] Rendered - voice call opened
10:20:23.236  [CallModal] Audio loadeddata event for cmeifml0h001okung0i95m8s6
10:20:23.236  [CallModal] Audio can play for cmeifml0h001okung0i95m8s6
10:20:23.236  [CallModal] Audio canplay event for cmeifml0h001okung0i95m8s6
10:20:23.236  [CallModal] Audio is playing for cmeifml0h001okung0i95m8s6
10:20:23.236  [CallModal] ✅ Audio playing immediately for participant cmeifml0h001okung0i95m8s6
10:20:23.236  [CallModal] ✅ Audio playing immediately for participant cmeifml0h001okung0i95m8s6
10:20:23.236  [CallModal] ✅ Audio playing immediately for participant cmeifml0h001okung0i95m8s6
10:20:23.237  [useCallPerformance] No valid network data yet, assuming good quality
10:20:23.237  [useCallPerformance] Skipping stats for cmeifml0h001okung0i95m8s6 - connection state: failed
eval @ webpack-internal:///…lPerformance.ts:102
10:20:23.237  [CallModal] Rendered - voice call opened
10:20:23.237  [CallModal] Rendered - voice call opened
10:20:23.237  [VoiceParticipant] Tester voice activity debug: Object
10:20:23.238  [VoiceParticipant] Tester voice activity debug: Object
10:20:23.238  [CallModal] 🔊 Setting up audio element for participant cmeifml0h001okung0i95m8s6
10:20:23.238  [CallModal] Stream details: Object
10:20:23.238  [CallModal] Previous audio element for cmeifml0h001okung0i95m8s6: false
10:20:23.239  [CallModal] Cleared previous srcObject for cmeifml0h001okung0i95m8s6
10:20:23.239  [VoiceActivity] Effect triggered: Object
10:20:23.239  [VoiceActivity] Initializing for stream: 22684b8b-e675-484e-8ba1-c9d3f02f2c18 with 1 audio tracks
10:20:23.239  [VoiceActivity] Effect triggered: Object
10:20:23.239  [VoiceActivity] Initializing for stream: 22684b8b-e675-484e-8ba1-c9d3f02f2c18 with 1 audio tracks
10:20:23.411  [CallModal] Audio loadeddata event for cmeifml0h001okung0i95m8s6
10:20:23.411  [CallModal] Audio can play for cmeifml0h001okung0i95m8s6
10:20:23.411  [CallModal] Audio canplay event for cmeifml0h001okung0i95m8s6
10:20:23.411  [CallModal] Audio is playing for cmeifml0h001okung0i95m8s6
10:20:23.411  [CallModal] ✅ Audio playing immediately for participant cmeifml0h001okung0i95m8s6
10:20:23.411  [CallModal] ✅ Audio playing immediately for participant cmeifml0h001okung0i95m8s6
10:20:23.411  [CallModal] ✅ Audio playing immediately for participant cmeifml0h001okung0i95m8s6
10:20:23.412  ChatSidebar: Filtering conversations Object
10:20:23.413  🏠 ChatWindow mounted/re-rendered with conversationId: null
10:20:23.414  🏠 ChatWindow mounted/re-rendered with conversationId: null
10:20:23.414  Updated online status for user cmeifml0h001okung0i95m8s6 in conversation cmfbwdnf60000kuzg41ovkra2
10:20:23.414  [CallModal] Rendered - voice call opened
10:20:23.414  [CallModal] Rendered - voice call opened
10:20:23.415  [VoiceParticipant] Tester voice activity debug: Object
10:20:23.415  [VoiceParticipant] Tester voice activity debug: Object
10:20:23.416  [CallModal] 🔊 Setting up audio element for participant cmeifml0h001okung0i95m8s6
10:20:23.416  [CallModal] Stream details: Object
10:20:23.416  [CallModal] Previous audio element for cmeifml0h001okung0i95m8s6: false
10:20:23.416  [CallModal] Cleared previous srcObject for cmeifml0h001okung0i95m8s6
10:20:23.559  ChatSidebar: Conversations updated, count: 4
10:20:23.559  ChatSidebar: Latest conversation: cmfbwdnf60000kuzg41ovkra2 last message: cmfbx8gcx0007kutn3b3m0jwd
10:20:23.559  [VoiceActivity] Effect triggered: Object
10:20:23.559  [VoiceActivity] Initializing for stream: 22684b8b-e675-484e-8ba1-c9d3f02f2c18 with 1 audio tracks
10:20:23.560  [CallModal] Initialized active participants (excluding self): Array(1)
10:20:23.560  [CallModal] Skipping connection verification - no WebRTC or participants
10:20:23.560  [VoiceActivity] Effect triggered: Object
10:20:23.560  [VoiceActivity] Initializing for stream: 22684b8b-e675-484e-8ba1-c9d3f02f2c18 with 1 audio tracks
10:20:23.560  [CallModal] Rendered - voice call opened
10:20:23.561  [CallModal] Rendered - voice call opened
10:20:23.561  [VoiceParticipant] Tester voice activity debug: Object
10:20:23.561  [VoiceParticipant] Tester voice activity debug: Object
10:20:23.562  [CallModal] 🔊 Setting up audio element for participant cmeifml0h001okung0i95m8s6
10:20:23.563  [CallModal] Stream details: Object
10:20:23.563  [CallModal] Previous audio element for cmeifml0h001okung0i95m8s6: false
10:20:23.563  [CallModal] Cleared previous srcObject for cmeifml0h001okung0i95m8s6
10:20:23.563  [VoiceActivity] Effect triggered: Object
10:20:23.563  [VoiceActivity] Initializing for stream: 22684b8b-e675-484e-8ba1-c9d3f02f2c18 with 1 audio tracks
10:20:23.564  [VoiceActivity] Effect triggered: Object
10:20:23.564  [VoiceActivity] Initializing for stream: 22684b8b-e675-484e-8ba1-c9d3f02f2c18 with 1 audio tracks
10:20:23.564  [CallModal] ✅ Audio playing immediately for participant cmeifml0h001okung0i95m8s6
10:20:23.838  Updated online status for user cmeifml0h001okung0i95m8s6 in conversation cmf4reytq000tkuuuioykvp98
10:20:23.839  🏠 ChatWindow mounted/re-rendered with conversationId: null
10:20:23.839  Updated online status for user cmeifml0h001okung0i95m8s6 in conversation cmfbwdnf60000kuzg41ovkra2
10:20:23.839  🏠 ChatWindow mounted/re-rendered with conversationId: null
10:20:23.839  [CallModal] Rendered - voice call opened
10:20:23.839  [CallModal] Rendered - voice call opened
10:20:23.839  [VoiceParticipant] Tester voice activity debug: Object
10:20:23.839  [VoiceParticipant] Tester voice activity debug: Object
10:20:23.840  [CallModal] 🔊 Setting up audio element for participant cmeifml0h001okung0i95m8s6
10:20:23.840  [CallModal] Stream details: Object
10:20:23.840  [CallModal] Previous audio element for cmeifml0h001okung0i95m8s6: false
10:20:23.841  [CallModal] Cleared previous srcObject for cmeifml0h001okung0i95m8s6
10:20:23.841  🧹 GlobalNotificationListener: Cleaning up socket listener for new-notification
10:20:23.841  🌐 GlobalNotificationListener: useEffect triggered Object
10:20:23.841  🚀 GlobalNotificationListener: Setting up global socket listeners for user: cmeumah180000kuygq63oa1qx
10:20:23.844  🔄 GlobalNotificationListener: Re-emitted join-user-room for safety
10:20:23.844  ✅ GlobalNotificationListener: Socket listener registered for new-notification events
10:20:23.844  ChatSidebar: Conversations updated, count: 4
10:20:23.844  ChatSidebar: Latest conversation: cmfbwdnf60000kuzg41ovkra2 last message: cmfbx8gcx0007kutn3b3m0jwd
10:20:23.844  [VoiceActivity] Effect triggered: Object
10:20:23.844  [VoiceActivity] Initializing for stream: 22684b8b-e675-484e-8ba1-c9d3f02f2c18 with 1 audio tracks
10:20:23.845  [CallModal] Initialized active participants (excluding self): Array(1)
10:20:23.845  [CallModal] Skipping connection verification - no WebRTC or participants
10:20:23.845  [VoiceActivity] Effect triggered: Object
10:20:23.845  [VoiceActivity] Initializing for stream: 22684b8b-e675-484e-8ba1-c9d3f02f2c18 with 1 audio tracks
10:20:23.846  [CallModal] ✅ Audio playing immediately for participant cmeifml0h001okung0i95m8s6
10:20:23.846  [WebRTC] ⚠️ Connection unstable for participant: cmeifml0h001okung0i95m8s6 Connection: failed ICE: connected
10:20:23.846  [WebRTC Enhanced] Recovery attempt 3/3 for cmeifml0h001okung0i95m8s6
10:20:23.846  User status update received: Object
10:20:24.047  Updated online status for user cmeifml0h001okung0i95m8s6 in conversation cmew64hqq0008kud8i3zywuwd
10:20:24.047  ChatSidebar: Group conversation cmew64hqq0008kud8i3zywuwd (Test) - members: 3
10:20:24.047  ChatSidebar: Filtered 4 -> 4 conversations
10:20:24.047  ChatSidebar: Final conversation list: Array(4)
10:20:24.048  🏠 ChatWindow mounted/re-rendered with conversationId: null
10:20:24.048  🏠 ChatWindow mounted/re-rendered with conversationId: null
10:20:24.049  [CallModal] Rendered - voice call opened
10:20:24.049  [CallModal] Rendered - voice call opened
10:20:24.049  [VoiceParticipant] Tester voice activity debug: Object
10:20:24.049  [VoiceParticipant] Tester voice activity debug: Object
10:20:24.051  [CallModal] 🔊 Setting up audio element for participant cmeifml0h001okung0i95m8s6
10:20:24.052  [CallModal] Stream details: Object
10:20:24.052  [CallModal] Previous audio element for cmeifml0h001okung0i95m8s6: false
10:20:24.052  [CallModal] Cleared previous srcObject for cmeifml0h001okung0i95m8s6
10:20:24.053  [CallModal] ✅ Audio playing immediately for participant cmeifml0h001okung0i95m8s6
10:20:24.055  SocketContext: Heartbeat sent successfully
10:20:24.299  ChatSidebar: Conversations updated, count: 4
10:20:24.299  ChatSidebar: Latest conversation: cmfbwdnf60000kuzg41ovkra2 last message: cmfbx8gcx0007kutn3b3m0jwd
10:20:24.299  [VoiceActivity] Effect triggered: Object
10:20:24.299  [VoiceActivity] Initializing for stream: 22684b8b-e675-484e-8ba1-c9d3f02f2c18 with 1 audio tracks
10:20:24.300  [CallModal] Initialized active participants (excluding self): Array(1)
10:20:24.300  [CallModal] Skipping connection verification - no WebRTC or participants
10:20:24.300  [VoiceActivity] Effect triggered: Object
10:20:24.300  [VoiceActivity] Initializing for stream: 22684b8b-e675-484e-8ba1-c9d3f02f2c18 with 1 audio tracks
10:20:24.302  [CallModal] Rendered - voice call opened
10:20:24.302  [CallModal] Rendered - voice call opened
10:20:24.303  [VoiceParticipant] Tester voice activity debug: Object
10:20:24.303  [VoiceParticipant] Tester voice activity debug: Object
10:20:24.304  [CallModal] 🔊 Setting up audio element for participant cmeifml0h001okung0i95m8s6
10:20:24.304  [CallModal] Stream details: Object
10:20:24.305  [CallModal] Previous audio element for cmeifml0h001okung0i95m8s6: false
10:20:24.305  [CallModal] Cleared previous srcObject for cmeifml0h001okung0i95m8s6
10:20:24.305  [CallModal] ✅ Audio playing immediately for participant cmeifml0h001okung0i95m8s6
10:20:24.306  SocketContext: Additional heartbeat sent after becoming visible
10:20:24.623  [VoiceActivity] Effect triggered: Object
10:20:24.623  [VoiceActivity] Initializing for stream: 22684b8b-e675-484e-8ba1-c9d3f02f2c18 with 1 audio tracks
10:20:24.870  [VoiceActivity] Effect triggered: Object
10:20:24.870  [VoiceActivity] Initializing for stream: 22684b8b-e675-484e-8ba1-c9d3f02f2c18 with 1 audio tracks
10:20:24.872  [CallModal] Audio loadeddata event for cmeifml0h001okung0i95m8s6
10:20:24.872  [CallModal] Audio loadeddata event for cmeifml0h001okung0i95m8s6
10:20:24.872  [CallModal] Audio loadeddata event for cmeifml0h001okung0i95m8s6
10:20:24.872  [CallModal] Audio loadeddata event for cmeifml0h001okung0i95m8s6
10:20:24.872  [CallModal] Audio loadeddata event for cmeifml0h001okung0i95m8s6
10:20:24.872  [CallModal] Audio can play for cmeifml0h001okung0i95m8s6
10:20:24.872  [CallModal] Audio canplay event for cmeifml0h001okung0i95m8s6
10:20:24.872  [CallModal] Audio canplay event for cmeifml0h001okung0i95m8s6
10:20:24.872  [CallModal] Audio canplay event for cmeifml0h001okung0i95m8s6
10:20:24.872  [CallModal] Audio canplay event for cmeifml0h001okung0i95m8s6
10:20:24.872  [CallModal] Audio canplay event for cmeifml0h001okung0i95m8s6
10:20:24.872  [CallModal] Audio is playing for cmeifml0h001okung0i95m8s6
10:20:24.872  [CallModal] ✅ Audio playing immediately for participant cmeifml0h001okung0i95m8s6
10:20:24.872  [CallModal] ✅ Audio playing immediately for participant cmeifml0h001okung0i95m8s6
10:20:24.872  [CallModal] ✅ Audio playing immediately for participant cmeifml0h001okung0i95m8s6
10:20:24.872  [CallModal] ✅ Audio playing immediately for participant cmeifml0h001okung0i95m8s6
10:20:24.872  [CallModal] ✅ Audio playing immediately for participant cmeifml0h001okung0i95m8s6
10:20:24.872  [CallModal] ✅ Audio playing immediately for participant cmeifml0h001okung0i95m8s6
10:20:24.872  [CallModal] ✅ Audio playing immediately for participant cmeifml0h001okung0i95m8s6
10:20:24.872  [CallModal] ✅ Audio playing immediately for participant cmeifml0h001okung0i95m8s6
10:20:24.872  [CallModal] ✅ Audio playing immediately for participant cmeifml0h001okung0i95m8s6
10:20:24.872  [CallModal] ✅ Audio playing immediately for participant cmeifml0h001okung0i95m8s6
10:20:24.872  [CallModal] ✅ Audio playing immediately for participant cmeifml0h001okung0i95m8s6
10:20:24.873  [WebRTC] Reconnection attempt 3 failed, retrying...
10:20:24.873  [WebRTC] Attempting reconnection for: cmeifml0h001okung0i95m8s6 (attempt 4/3)
10:20:24.873  [WebRTC] Max reconnection attempts reached for: cmeifml0h001okung0i95m8s6
window.console.error @ webpack-internal:///…ent/app-index.js:33
10:20:24.873  [WebRTC] Connection failed for: cmeifml0h001okung0i95m8s6
10:20:24.873  [WebRTC] 🔍 Connection closure requested for: cmeifml0h001okung0i95m8s6 Object
10:20:24.873  [WebRTC] ⚠️ PREVENTING closure of healthy connection for: cmeifml0h001okung0i95m8s6 State: failed ICE: connected
closePeerConnection @ webpack-internal:///…/lib/webrtc.ts:1138
10:20:24.876  [WebRTC] Closed peer connection for: cmeifml0h001okung0i95m8s6
10:20:24.876  [CallModal] Updated peer connections for performance monitoring: 1
10:20:24.876  [CallModal] Peer connection participants: Array(1)
10:20:24.877  [CallModal] Rendered - voice call opened
10:20:24.877  [CallModal] Rendered - voice call opened
10:20:24.878  [VoiceParticipant] Tester voice activity debug: Object
10:20:24.878  [VoiceParticipant] Tester voice activity debug: Object
10:20:24.879  [CallModal] 🔊 Setting up audio element for participant cmeifml0h001okung0i95m8s6
10:20:24.879  [CallModal] Stream details: Object
10:20:24.879  [CallModal] Previous audio element for cmeifml0h001okung0i95m8s6: false
10:20:24.880  [CallModal] Cleared previous srcObject for cmeifml0h001okung0i95m8s6
10:20:24.880  [CallModal] 🔄 Stream not ready, waiting...
10:20:24.880  [CallModal] ❌ Initial audio play failed for cmeifml0h001okung0i95m8s6: 
attemptPlay @ webpack-internal:///…/CallModal.tsx:3122
10:20:24.880 CallModal.tsx:2975 [CallModal] 🔄 Waiting for stream to become active for cmeifml0h001okung0i95m8s6
10:20:24.880 useVoiceActivity.ts:22 [VoiceActivity] Effect triggered: Object
10:20:24.880 useVoiceActivity.ts:42 [VoiceActivity] Initializing for stream: 22684b8b-e675-484e-8ba1-c9d3f02f2c18 with 1 audio tracks
10:20:24.881 useCallPerformance.ts:242 [useCallPerformance] Connection states: Array(1)
10:20:24.881 useCallPerformance.ts:246 [useCallPerformance] Starting monitoring for 1 valid connections
10:20:24.881 useVoiceActivity.ts:22 [VoiceActivity] Effect triggered: Object
10:20:24.881 useVoiceActivity.ts:42 [VoiceActivity] Initializing for stream: 22684b8b-e675-484e-8ba1-c9d3f02f2c18 with 1 audio tracks
10:20:25.182 useCallPerformance.ts:37 [useCallPerformance] No valid network data yet, assuming good quality
10:20:25.184 CallModal.tsx:3013 [CallModal] Audio loadeddata event for cmeifml0h001okung0i95m8s6
10:20:25.184 CallModal.tsx:2967 [CallModal] 🔄 Stream not ready, waiting...
10:20:25.184 CallModal.tsx:2971 [CallModal] ❌ Initial audio play failed for cmeifml0h001okung0i95m8s6: Error: Stream not ready
    at attemptPlay (CallModal.tsx:2968:37)
    at element.addEventListener.once (CallModal.tsx:3014:27)
attemptPlay @ CallModal.tsx:2971
10:20:25.184 CallModal.tsx:2975 [CallModal] 🔄 Waiting for stream to become active for cmeifml0h001okung0i95m8s6
10:20:25.185 CallModal.tsx:3029 [CallModal] Audio can play for cmeifml0h001okung0i95m8s6
10:20:25.185 CallModal.tsx:3018 [CallModal] Audio canplay event for cmeifml0h001okung0i95m8s6
10:20:25.185 CallModal.tsx:2967 [CallModal] 🔄 Stream not ready, waiting...
10:20:25.185 CallModal.tsx:2971 [CallModal] ❌ Initial audio play failed for cmeifml0h001okung0i95m8s6: Error: Stream not ready
    at attemptPlay (CallModal.tsx:2968:37)
    at element.addEventListener.once (CallModal.tsx:3019:27)
attemptPlay @ CallModal.tsx:2971
10:20:25.185 CallModal.tsx:2975 [CallModal] 🔄 Waiting for stream to become active for cmeifml0h001okung0i95m8s6
10:20:25.185 CallModal.tsx:3030 [CallModal] Audio is playing for cmeifml0h001okung0i95m8s6
10:20:25.185 CallModal.tsx:62 [CallModal] Rendered - voice call opened
10:20:25.185 CallModal.tsx:62 [CallModal] Rendered - voice call opened
10:20:25.186 CallModal.tsx:2603 [VoiceParticipant] Tester voice activity debug: Object
10:20:25.186 CallModal.tsx:2603 [VoiceParticipant] Tester voice activity debug: Object
10:20:25.187 CallModal.tsx:2917 [CallModal] 🔊 Setting up audio element for participant cmeifml0h001okung0i95m8s6
10:20:25.187 CallModal.tsx:2918 [CallModal] Stream details: Object
10:20:25.187 CallModal.tsx:2932 [CallModal] Previous audio element for cmeifml0h001okung0i95m8s6: false
10:20:25.188 CallModal.tsx:2941 [CallModal] Cleared previous srcObject for cmeifml0h001okung0i95m8s6
10:20:25.188 CallModal.tsx:2967 [CallModal] 🔄 Stream not ready, waiting...
10:20:25.188 CallModal.tsx:2971 [CallModal] ❌ Initial audio play failed for cmeifml0h001okung0i95m8s6: Error: Stream not ready
    at attemptPlay (CallModal.tsx:2968:37)
    at ref (CallModal.tsx:3009:25)
    at commitAttachRef (react-dom.development.js:21677:37)
    at safelyAttachRef (react-dom.development.js:20803:5)
    at commitLayoutEffectOnFiber (react-dom.development.js:21498:11)
    at recursivelyTraverseLayoutEffects (react-dom.development.js:22926:7)
    at commitLayoutEffectOnFiber (react-dom.development.js:21577:9)
    at recursivelyTraverseLayoutEffects (react-dom.development.js:22926:7)
    at commitLayoutEffectOnFiber (react-dom.development.js:21488:9)
    at recursivelyTraverseLayoutEffects (react-dom.development.js:22926:7)
    at commitLayoutEffectOnFiber (react-dom.development.js:21488:9)
    at recursivelyTraverseLayoutEffects (react-dom.development.js:22926:7)
    at commitLayoutEffectOnFiber (react-dom.development.js:21488:9)
    at recursivelyTraverseLayoutEffects (react-dom.development.js:22926:7)
    at commitLayoutEffectOnFiber (react-dom.development.js:21488:9)
    at recursivelyTraverseLayoutEffects (react-dom.development.js:22926:7)
    at commitLayoutEffectOnFiber (react-dom.development.js:21407:9)
    at recursivelyTraverseLayoutEffects (react-dom.development.js:22926:7)
    at commitLayoutEffectOnFiber (react-dom.development.js:21407:9)
    at recursivelyTraverseLayoutEffects (react-dom.development.js:22926:7)
    at commitLayoutEffectOnFiber (react-dom.development.js:21577:9)
    at recursivelyTraverseLayoutEffects (react-dom.development.js:22926:7)
    at commitLayoutEffectOnFiber (react-dom.development.js:21407:9)
    at recursivelyTraverseLayoutEffects (react-dom.development.js:22926:7)
    at commitLayoutEffectOnFiber (react-dom.development.js:21577:9)
    at recursivelyTraverseLayoutEffects (react-dom.development.js:22926:7)
    at commitLayoutEffectOnFiber (react-dom.development.js:21407:9)
    at recursivelyTraverseLayoutEffects (react-dom.development.js:22926:7)
    at commitLayoutEffectOnFiber (react-dom.development.js:21577:9)
    at recursivelyTraverseLayoutEffects (react-dom.development.js:22926:7)
    at commitLayoutEffectOnFiber (react-dom.development.js:21407:9)
    at recursivelyTraverseLayoutEffects (react-dom.development.js:22926:7)
    at commitLayoutEffectOnFiber (react-dom.development.js:21577:9)
    at recursivelyTraverseLayoutEffects (react-dom.development.js:22926:7)
    at commitLayoutEffectOnFiber (react-dom.development.js:21407:9)
    at recursivelyTraverseLayoutEffects (react-dom.development.js:22926:7)
    at commitLayoutEffectOnFiber (react-dom.development.js:21407:9)
    at recursivelyTraverseLayoutEffects (react-dom.development.js:22926:7)
    at commitLayoutEffectOnFiber (react-dom.development.js:21488:9)
    at recursivelyTraverseLayoutEffects (react-dom.development.js:22926:7)
    at commitLayoutEffectOnFiber (react-dom.development.js:21488:9)
    at recursivelyTraverseLayoutEffects (react-dom.development.js:22926:7)
    at commitLayoutEffectOnFiber (react-dom.development.js:21577:9)
    at recursivelyTraverseLayoutEffects (react-dom.development.js:22926:7)
    at commitLayoutEffectOnFiber (react-dom.development.js:21577:9)
    at recursivelyTraverseLayoutEffects (react-dom.development.js:22926:7)
    at commitLayoutEffectOnFiber (react-dom.development.js:21418:9)
    at recursivelyTraverseLayoutEffects (react-dom.development.js:22926:7)
    at commitLayoutEffectOnFiber (react-dom.development.js:21407:9)
    at recursivelyTraverseLayoutEffects (react-dom.development.js:22926:7)
attemptPlay @ CallModal.tsx:2971
10:20:25.188 CallModal.tsx:2975 [CallModal] 🔄 Waiting for stream to become active for cmeifml0h001okung0i95m8s6
10:20:25.188 useVoiceActivity.ts:22 [VoiceActivity] Effect triggered: Object
10:20:25.188 useVoiceActivity.ts:42 [VoiceActivity] Initializing for stream: 22684b8b-e675-484e-8ba1-c9d3f02f2c18 with 1 audio tracks
10:20:25.189 useVoiceActivity.ts:22 [VoiceActivity] Effect triggered: Object
10:20:25.189 useVoiceActivity.ts:42 [VoiceActivity] Initializing for stream: 22684b8b-e675-484e-8ba1-c9d3f02f2c18 with 1 audio tracks
10:20:25.489 CallModal.tsx:3013 [CallModal] Audio loadeddata event for cmeifml0h001okung0i95m8s6
10:20:25.489 CallModal.tsx:2967 [CallModal] 🔄 Stream not ready, waiting...
10:20:25.489 CallModal.tsx:2971 [CallModal] ❌ Initial audio play failed for cmeifml0h001okung0i95m8s6: Error: Stream not ready
    at attemptPlay (CallModal.tsx:2968:37)
    at element.addEventListener.once (CallModal.tsx:3014:27)
attemptPlay @ CallModal.tsx:2971
10:20:25.489 CallModal.tsx:2975 [CallModal] 🔄 Waiting for stream to become active for cmeifml0h001okung0i95m8s6
10:20:25.489 CallModal.tsx:3029 [CallModal] Audio can play for cmeifml0h001okung0i95m8s6
10:20:25.489 CallModal.tsx:3018 [CallModal] Audio canplay event for cmeifml0h001okung0i95m8s6
10:20:25.489 CallModal.tsx:2967 [CallModal] 🔄 Stream not ready, waiting...
10:20:25.489 CallModal.tsx:2971 [CallModal] ❌ Initial audio play failed for cmeifml0h001okung0i95m8s6: Error: Stream not ready
    at attemptPlay (CallModal.tsx:2968:37)
    at element.addEventListener.once (CallModal.tsx:3019:27)
attemptPlay @ CallModal.tsx:2971
10:20:25.489 CallModal.tsx:2975 [CallModal] 🔄 Waiting for stream to become active for cmeifml0h001okung0i95m8s6
10:20:25.490 CallModal.tsx:3030 [CallModal] Audio is playing for cmeifml0h001okung0i95m8s6
10:20:25.490 CallModal.tsx:62 [CallModal] Rendered - voice call opened
10:20:25.491 CallModal.tsx:62 [CallModal] Rendered - voice call opened
10:20:25.492 CallModal.tsx:62 [CallModal] Rendered - voice call opened
10:20:25.493 CallModal.tsx:62 [CallModal] Rendered - voice call opened
10:20:25.494 CallModal.tsx:2603 [VoiceParticipant] Tester voice activity debug: Object
10:20:25.494 CallModal.tsx:2603 [VoiceParticipant] Tester voice activity debug: Object
10:20:25.496 CallModal.tsx:2917 [CallModal] 🔊 Setting up audio element for participant cmeifml0h001okung0i95m8s6
10:20:25.497 CallModal.tsx:2918 [CallModal] Stream details: Object
10:20:25.497 CallModal.tsx:2932 [CallModal] Previous audio element for cmeifml0h001okung0i95m8s6: false
10:20:25.498 CallModal.tsx:2941 [CallModal] Cleared previous srcObject for cmeifml0h001okung0i95m8s6
10:20:25.498 CallModal.tsx:2967 [CallModal] 🔄 Stream not ready, waiting...
10:20:25.499 CallModal.tsx:2971 [CallModal] ❌ Initial audio play failed for cmeifml0h001okung0i95m8s6: Error: Stream not ready
    at attemptPlay (CallModal.tsx:2968:37)
    at ref (CallModal.tsx:3009:25)
    at commitAttachRef (react-dom.development.js:21677:37)
    at safelyAttachRef (react-dom.development.js:20803:5)
    at commitLayoutEffectOnFiber (react-dom.development.js:21498:11)
    at recursivelyTraverseLayoutEffects (react-dom.development.js:22926:7)
    at commitLayoutEffectOnFiber (react-dom.development.js:21577:9)
    at recursivelyTraverseLayoutEffects (react-dom.development.js:22926:7)
    at commitLayoutEffectOnFiber (react-dom.development.js:21488:9)
    at recursivelyTraverseLayoutEffects (react-dom.development.js:22926:7)
    at commitLayoutEffectOnFiber (react-dom.development.js:21488:9)
    at recursivelyTraverseLayoutEffects (react-dom.development.js:22926:7)
    at commitLayoutEffectOnFiber (react-dom.development.js:21488:9)
    at recursivelyTraverseLayoutEffects (react-dom.development.js:22926:7)
    at commitLayoutEffectOnFiber (react-dom.development.js:21488:9)
    at recursivelyTraverseLayoutEffects (react-dom.development.js:22926:7)
    at commitLayoutEffectOnFiber (react-dom.development.js:21407:9)
    at recursivelyTraverseLayoutEffects (react-dom.development.js:22926:7)
    at commitLayoutEffectOnFiber (react-dom.development.js:21407:9)
    at recursivelyTraverseLayoutEffects (react-dom.development.js:22926:7)
    at commitLayoutEffectOnFiber (react-dom.development.js:21577:9)
    at recursivelyTraverseLayoutEffects (react-dom.development.js:22926:7)
    at commitLayoutEffectOnFiber (react-dom.development.js:21407:9)
    at recursivelyTraverseLayoutEffects (react-dom.development.js:22926:7)
    at commitLayoutEffectOnFiber (react-dom.development.js:21577:9)
    at recursivelyTraverseLayoutEffects (react-dom.development.js:22926:7)
    at commitLayoutEffectOnFiber (react-dom.development.js:21407:9)
    at recursivelyTraverseLayoutEffects (react-dom.development.js:22926:7)
    at commitLayoutEffectOnFiber (react-dom.development.js:21577:9)
    at recursivelyTraverseLayoutEffects (react-dom.development.js:22926:7)
    at commitLayoutEffectOnFiber (react-dom.development.js:21407:9)
    at recursivelyTraverseLayoutEffects (react-dom.development.js:22926:7)
    at commitLayoutEffectOnFiber (react-dom.development.js:21577:9)
    at recursivelyTraverseLayoutEffects (react-dom.development.js:22926:7)
    at commitLayoutEffectOnFiber (react-dom.development.js:21407:9)
    at recursivelyTraverseLayoutEffects (react-dom.development.js:22926:7)
    at commitLayoutEffectOnFiber (react-dom.development.js:21407:9)
    at recursivelyTraverseLayoutEffects (react-dom.development.js:22926:7)
    at commitLayoutEffectOnFiber (react-dom.development.js:21488:9)
    at recursivelyTraverseLayoutEffects (react-dom.development.js:22926:7)
    at commitLayoutEffectOnFiber (react-dom.development.js:21488:9)
    at recursivelyTraverseLayoutEffects (react-dom.development.js:22926:7)
    at commitLayoutEffectOnFiber (react-dom.development.js:21577:9)
    at recursivelyTraverseLayoutEffects (react-dom.development.js:22926:7)
    at commitLayoutEffectOnFiber (react-dom.development.js:21577:9)
    at recursivelyTraverseLayoutEffects (react-dom.development.js:22926:7)
    at commitLayoutEffectOnFiber (react-dom.development.js:21418:9)
    at recursivelyTraverseLayoutEffects (react-dom.development.js:22926:7)
    at commitLayoutEffectOnFiber (react-dom.development.js:21407:9)
    at recursivelyTraverseLayoutEffects (react-dom.development.js:22926:7)
attemptPlay @ CallModal.tsx:2971
10:20:25.499 CallModal.tsx:2975 [CallModal] 🔄 Waiting for stream to become active for cmeifml0h001okung0i95m8s6
10:20:25.624 useVoiceActivity.ts:22 [VoiceActivity] Effect triggered: Object
10:20:25.624 useVoiceActivity.ts:42 [VoiceActivity] Initializing for stream: 22684b8b-e675-484e-8ba1-c9d3f02f2c18 with 1 audio tracks
10:20:25.625 useVoiceActivity.ts:22 [VoiceActivity] Effect triggered: Object
10:20:25.625 useVoiceActivity.ts:42 [VoiceActivity] Initializing for stream: 22684b8b-e675-484e-8ba1-c9d3f02f2c18 with 1 audio tracks
10:20:25.625 CallModal.tsx:62 [CallModal] Rendered - voice call opened
10:20:25.625 CallModal.tsx:62 [CallModal] Rendered - voice call opened
10:20:25.627 CallModal.tsx:3013 [CallModal] Audio loadeddata event for cmeifml0h001okung0i95m8s6
10:20:25.627 CallModal.tsx:2967 [CallModal] 🔄 Stream not ready, waiting...
10:20:25.627 CallModal.tsx:2971 [CallModal] ❌ Initial audio play failed for cmeifml0h001okung0i95m8s6: Error: Stream not ready
    at attemptPlay (CallModal.tsx:2968:37)
    at element.addEventListener.once (CallModal.tsx:3014:27)
attemptPlay @ CallModal.tsx:2971
10:20:25.627 CallModal.tsx:2975 [CallModal] 🔄 Waiting for stream to become active for cmeifml0h001okung0i95m8s6
10:20:25.628 CallModal.tsx:3029 [CallModal] Audio can play for cmeifml0h001okung0i95m8s6
10:20:25.628 CallModal.tsx:3018 [CallModal] Audio canplay event for cmeifml0h001okung0i95m8s6
10:20:25.628 CallModal.tsx:2967 [CallModal] 🔄 Stream not ready, waiting...
10:20:25.628 CallModal.tsx:2971 [CallModal] ❌ Initial audio play failed for cmeifml0h001okung0i95m8s6: Error: Stream not ready
    at attemptPlay (CallModal.tsx:2968:37)
    at element.addEventListener.once (CallModal.tsx:3019:27)
attemptPlay @ CallModal.tsx:2971
10:20:25.628 CallModal.tsx:2975 [CallModal] 🔄 Waiting for stream to become active for cmeifml0h001okung0i95m8s6
10:20:25.628 CallModal.tsx:3030 [CallModal] Audio is playing for cmeifml0h001okung0i95m8s6
10:20:25.628 CallModal.tsx:1446 [CallModal] Skipping connection verification - no WebRTC or participants
10:20:25.801 CallModal.tsx:62 [CallModal] Rendered - voice call opened
10:20:25.801 CallModal.tsx:62 [CallModal] Rendered - voice call opened
10:20:25.801 CallModal.tsx:2603 [VoiceParticipant] Tester voice activity debug: Object
10:20:25.801 CallModal.tsx:2603 [VoiceParticipant] Tester voice activity debug: Object
10:20:25.802 CallModal.tsx:2917 [CallModal] 🔊 Setting up audio element for participant cmeifml0h001okung0i95m8s6
10:20:25.802 CallModal.tsx:2918 [CallModal] Stream details: Object
10:20:25.802 CallModal.tsx:2932 [CallModal] Previous audio element for cmeifml0h001okung0i95m8s6: false
10:20:25.803 CallModal.tsx:2941 [CallModal] Cleared previous srcObject for cmeifml0h001okung0i95m8s6
10:20:25.803 CallModal.tsx:2967 [CallModal] 🔄 Stream not ready, waiting...
10:20:25.803 CallModal.tsx:2971 [CallModal] ❌ Initial audio play failed for cmeifml0h001okung0i95m8s6: Error: Stream not ready
    at attemptPlay (CallModal.tsx:2968:37)
    at ref (CallModal.tsx:3009:25)
    at commitAttachRef (react-dom.development.js:21677:37)
    at safelyAttachRef (react-dom.development.js:20803:5)
    at commitLayoutEffectOnFiber (react-dom.development.js:21498:11)
    at recursivelyTraverseLayoutEffects (react-dom.development.js:22926:7)
    at commitLayoutEffectOnFiber (react-dom.development.js:21577:9)
    at recursivelyTraverseLayoutEffects (react-dom.development.js:22926:7)
    at commitLayoutEffectOnFiber (react-dom.development.js:21488:9)
    at recursivelyTraverseLayoutEffects (react-dom.development.js:22926:7)
    at commitLayoutEffectOnFiber (react-dom.development.js:21488:9)
    at recursivelyTraverseLayoutEffects (react-dom.development.js:22926:7)
    at commitLayoutEffectOnFiber (react-dom.development.js:21488:9)
    at recursivelyTraverseLayoutEffects (react-dom.development.js:22926:7)
    at commitLayoutEffectOnFiber (react-dom.development.js:21488:9)
    at recursivelyTraverseLayoutEffects (react-dom.development.js:22926:7)
    at commitLayoutEffectOnFiber (react-dom.development.js:21407:9)
    at recursivelyTraverseLayoutEffects (react-dom.development.js:22926:7)
    at commitLayoutEffectOnFiber (react-dom.development.js:21407:9)
    at recursivelyTraverseLayoutEffects (react-dom.development.js:22926:7)
    at commitLayoutEffectOnFiber (react-dom.development.js:21577:9)
    at recursivelyTraverseLayoutEffects (react-dom.development.js:22926:7)
    at commitLayoutEffectOnFiber (react-dom.development.js:21407:9)
    at recursivelyTraverseLayoutEffects (react-dom.development.js:22926:7)
    at commitLayoutEffectOnFiber (react-dom.development.js:21577:9)
    at recursivelyTraverseLayoutEffects (react-dom.development.js:22926:7)
    at commitLayoutEffectOnFiber (react-dom.development.js:21407:9)
    at recursivelyTraverseLayoutEffects (react-dom.development.js:22926:7)
    at commitLayoutEffectOnFiber (react-dom.development.js:21577:9)
    at recursivelyTraverseLayoutEffects (react-dom.development.js:22926:7)
    at commitLayoutEffectOnFiber (react-dom.development.js:21407:9)
    at recursivelyTraverseLayoutEffects (react-dom.development.js:22926:7)
    at commitLayoutEffectOnFiber (react-dom.development.js:21577:9)
    at recursivelyTraverseLayoutEffects (react-dom.development.js:22926:7)
    at commitLayoutEffectOnFiber (react-dom.development.js:21407:9)
    at recursivelyTraverseLayoutEffects (react-dom.development.js:22926:7)
    at commitLayoutEffectOnFiber (react-dom.development.js:21407:9)
    at recursivelyTraverseLayoutEffects (react-dom.development.js:22926:7)
    at commitLayoutEffectOnFiber (react-dom.development.js:21488:9)
    at recursivelyTraverseLayoutEffects (react-dom.development.js:22926:7)
    at commitLayoutEffectOnFiber (react-dom.development.js:21488:9)
    at recursivelyTraverseLayoutEffects (react-dom.development.js:22926:7)
    at commitLayoutEffectOnFiber (react-dom.development.js:21577:9)
    at recursivelyTraverseLayoutEffects (react-dom.development.js:22926:7)
    at commitLayoutEffectOnFiber (react-dom.development.js:21577:9)
    at recursivelyTraverseLayoutEffects (react-dom.development.js:22926:7)
    at commitLayoutEffectOnFiber (react-dom.development.js:21418:9)
    at recursivelyTraverseLayoutEffects (react-dom.development.js:22926:7)
    at commitLayoutEffectOnFiber (react-dom.development.js:21407:9)
    at recursivelyTraverseLayoutEffects (react-dom.development.js:22926:7)
attemptPlay @ CallModal.tsx:2971
10:20:25.803 CallModal.tsx:2975 [CallModal] 🔄 Waiting for stream to become active for cmeifml0h001okung0i95m8s6
10:20:25.803 useVoiceActivity.ts:22 [VoiceActivity] Effect triggered: Object
10:20:25.803 useVoiceActivity.ts:42 [VoiceActivity] Initializing for stream: 22684b8b-e675-484e-8ba1-c9d3f02f2c18 with 1 audio tracks
10:20:25.803 useVoiceActivity.ts:22 [VoiceActivity] Effect triggered: Object
10:20:25.803 useVoiceActivity.ts:42 [VoiceActivity] Initializing for stream: 22684b8b-e675-484e-8ba1-c9d3f02f2c18 with 1 audio tracks
10:20:26.026 NotificationContext.tsx:213 NotificationContext: Window blurred
10:20:26.027 ChatWindow.tsx:92 🏠 ChatWindow mounted/re-rendered with conversationId: null
10:20:26.027 ChatWindow.tsx:92 🏠 ChatWindow mounted/re-rendered with conversationId: null
10:20:26.028 GlobalNotificationListener.tsx:173 🧹 GlobalNotificationListener: Cleaning up socket listener for new-notification
10:20:26.028 GlobalNotificationListener.tsx:26 🌐 GlobalNotificationListener: useEffect triggered Object
10:20:26.028 GlobalNotificationListener.tsx:43 🚀 GlobalNotificationListener: Setting up global socket listeners for user: cmeumah180000kuygq63oa1qx
10:20:26.028 GlobalNotificationListener.tsx:48 🔄 GlobalNotificationListener: Re-emitted join-user-room for safety
10:20:26.028 GlobalNotificationListener.tsx:170 ✅ GlobalNotificationListener: Socket listener registered for new-notification events
10:20:26.028 SocketContext.tsx:399 SocketContext: Window blurred, sending pre-blur heartbeat
10:20:26.042 CallModal.tsx:3013 [CallModal] Audio loadeddata event for cmeifml0h001okung0i95m8s6
10:20:26.042 CallModal.tsx:2967 [CallModal] 🔄 Stream not ready, waiting...
10:20:26.042 CallModal.tsx:2971 [CallModal] ❌ Initial audio play failed for cmeifml0h001okung0i95m8s6: Error: Stream not ready
    at attemptPlay (CallModal.tsx:2968:37)
    at element.addEventListener.once (CallModal.tsx:3014:27)
attemptPlay @ CallModal.tsx:2971
10:20:26.042 CallModal.tsx:2975 [CallModal] 🔄 Waiting for stream to become active for cmeifml0h001okung0i95m8s6
10:20:26.042 CallModal.tsx:3029 [CallModal] Audio can play for cmeifml0h001okung0i95m8s6
10:20:26.042 CallModal.tsx:3018 [CallModal] Audio canplay event for cmeifml0h001okung0i95m8s6
10:20:26.042 CallModal.tsx:2967 [CallModal] 🔄 Stream not ready, waiting...
10:20:26.042 CallModal.tsx:2971 [CallModal] ❌ Initial audio play failed for cmeifml0h001okung0i95m8s6: Error: Stream not ready
    at attemptPlay (CallModal.tsx:2968:37)
    at element.addEventListener.once (CallModal.tsx:3019:27)
attemptPlay @ CallModal.tsx:2971
10:20:26.042 CallModal.tsx:2975 [CallModal] 🔄 Waiting for stream to become active for cmeifml0h001okung0i95m8s6
10:20:26.043 CallModal.tsx:3030 [CallModal] Audio is playing for cmeifml0h001okung0i95m8s6
10:20:26.043 CallModal.tsx:1446 [CallModal] Skipping connection verification - no WebRTC or participants
10:20:26.435 CallModal.tsx:62 [CallModal] Rendered - voice call opened
10:20:26.439 CallModal.tsx:62 [CallModal] Rendered - voice call opened
10:20:26.453 CallModal.tsx:1446 [CallModal] Skipping connection verification - no WebRTC or participants
10:20:26.455 CallModal.tsx:62 [CallModal] Rendered - voice call opened
10:20:26.457 CallModal.tsx:62 [CallModal] Rendered - voice call opened
10:20:26.458 CallModal.tsx:2603 [VoiceParticipant] Tester voice activity debug: {participantId: 'cmeifml0h001okung0i95m8s6', hasOriginalStream: true, hasLatestStream: true, streamActive: false, audioTracksCount: 1, …}
10:20:26.458 CallModal.tsx:2603 [VoiceParticipant] Tester voice activity debug: {participantId: 'cmeifml0h001okung0i95m8s6', hasOriginalStream: true, hasLatestStream: true, streamActive: false, audioTracksCount: 1, …}
10:20:26.460 CallModal.tsx:2917 [CallModal] 🔊 Setting up audio element for participant cmeifml0h001okung0i95m8s6
10:20:26.460 CallModal.tsx:2918 [CallModal] Stream details: {id: '22684b8b-e675-484e-8ba1-c9d3f02f2c18', active: false, audioTracks: Array(1)}
10:20:26.461 CallModal.tsx:2932 [CallModal] Previous audio element for cmeifml0h001okung0i95m8s6: false
10:20:26.463 CallModal.tsx:2941 [CallModal] Cleared previous srcObject for cmeifml0h001okung0i95m8s6
10:20:26.463 CallModal.tsx:2967 [CallModal] 🔄 Stream not ready, waiting...
10:20:26.464 CallModal.tsx:2971 [CallModal] ❌ Initial audio play failed for cmeifml0h001okung0i95m8s6: Error: Stream not ready
    at attemptPlay (CallModal.tsx:2968:37)
    at ref (CallModal.tsx:3009:25)
    at commitAttachRef (react-dom.development.js:21677:37)
    at safelyAttachRef (react-dom.development.js:20803:5)
    at commitLayoutEffectOnFiber (react-dom.development.js:21498:11)
    at recursivelyTraverseLayoutEffects (react-dom.development.js:22926:7)
    at commitLayoutEffectOnFiber (react-dom.development.js:21577:9)
    at recursivelyTraverseLayoutEffects (react-dom.development.js:22926:7)
    at commitLayoutEffectOnFiber (react-dom.development.js:21488:9)
    at recursivelyTraverseLayoutEffects (react-dom.development.js:22926:7)
    at commitLayoutEffectOnFiber (react-dom.development.js:21488:9)
    at recursivelyTraverseLayoutEffects (react-dom.development.js:22926:7)
    at commitLayoutEffectOnFiber (react-dom.development.js:21488:9)
    at recursivelyTraverseLayoutEffects (react-dom.development.js:22926:7)
    at commitLayoutEffectOnFiber (react-dom.development.js:21488:9)
    at recursivelyTraverseLayoutEffects (react-dom.development.js:22926:7)
    at commitLayoutEffectOnFiber (react-dom.development.js:21407:9)
    at recursivelyTraverseLayoutEffects (react-dom.development.js:22926:7)
    at commitLayoutEffectOnFiber (react-dom.development.js:21407:9)
    at recursivelyTraverseLayoutEffects (react-dom.development.js:22926:7)
    at commitLayoutEffectOnFiber (react-dom.development.js:21577:9)
    at recursivelyTraverseLayoutEffects (react-dom.development.js:22926:7)
    at commitLayoutEffectOnFiber (react-dom.development.js:21407:9)
    at recursivelyTraverseLayoutEffects (react-dom.development.js:22926:7)
    at commitLayoutEffectOnFiber (react-dom.development.js:21577:9)
    at recursivelyTraverseLayoutEffects (react-dom.development.js:22926:7)
    at commitLayoutEffectOnFiber (react-dom.development.js:21407:9)
    at recursivelyTraverseLayoutEffects (react-dom.development.js:22926:7)
    at commitLayoutEffectOnFiber (react-dom.development.js:21577:9)
    at recursivelyTraverseLayoutEffects (react-dom.development.js:22926:7)
    at commitLayoutEffectOnFiber (react-dom.development.js:21407:9)
    at recursivelyTraverseLayoutEffects (react-dom.development.js:22926:7)
    at commitLayoutEffectOnFiber (react-dom.development.js:21577:9)
    at recursivelyTraverseLayoutEffects (react-dom.development.js:22926:7)
    at commitLayoutEffectOnFiber (react-dom.development.js:21407:9)
    at recursivelyTraverseLayoutEffects (react-dom.development.js:22926:7)
    at commitLayoutEffectOnFiber (react-dom.development.js:21407:9)
    at recursivelyTraverseLayoutEffects (react-dom.development.js:22926:7)
    at commitLayoutEffectOnFiber (react-dom.development.js:21488:9)
    at recursivelyTraverseLayoutEffects (react-dom.development.js:22926:7)
    at commitLayoutEffectOnFiber (react-dom.development.js:21488:9)
    at recursivelyTraverseLayoutEffects (react-dom.development.js:22926:7)
    at commitLayoutEffectOnFiber (react-dom.development.js:21577:9)
    at recursivelyTraverseLayoutEffects (react-dom.development.js:22926:7)
    at commitLayoutEffectOnFiber (react-dom.development.js:21577:9)
    at recursivelyTraverseLayoutEffects (react-dom.development.js:22926:7)
    at commitLayoutEffectOnFiber (react-dom.development.js:21418:9)
    at recursivelyTraverseLayoutEffects (react-dom.development.js:22926:7)
    at commitLayoutEffectOnFiber (react-dom.development.js:21407:9)
    at recursivelyTraverseLayoutEffects (react-dom.development.js:22926:7)
attemptPlay @ CallModal.tsx:2971
ref @ CallModal.tsx:3009
commitAttachRef @ react-dom.development.js:21677
safelyAttachRef @ react-dom.development.js:20803
commitLayoutEffectOnFiber @ react-dom.development.js:21498
recursivelyTraverseLayoutEffects @ react-dom.development.js:22926
commitLayoutEffectOnFiber @ react-dom.development.js:21577
recursivelyTraverseLayoutEffects @ react-dom.development.js:22926
commitLayoutEffectOnFiber @ react-dom.development.js:21488
recursivelyTraverseLayoutEffects @ react-dom.development.js:22926
commitLayoutEffectOnFiber @ react-dom.development.js:21488
recursivelyTraverseLayoutEffects @ react-dom.development.js:22926
commitLayoutEffectOnFiber @ react-dom.development.js:21488
recursivelyTraverseLayoutEffects @ react-dom.development.js:22926
commitLayoutEffectOnFiber @ react-dom.development.js:21488
recursivelyTraverseLayoutEffects @ react-dom.development.js:22926
commitLayoutEffectOnFiber @ react-dom.development.js:21407
recursivelyTraverseLayoutEffects @ react-dom.development.js:22926
commitLayoutEffectOnFiber @ react-dom.development.js:21407
recursivelyTraverseLayoutEffects @ react-dom.development.js:22926
commitLayoutEffectOnFiber @ react-dom.development.js:21577
recursivelyTraverseLayoutEffects @ react-dom.development.js:22926
commitLayoutEffectOnFiber @ react-dom.development.js:21407
recursivelyTraverseLayoutEffects @ react-dom.development.js:22926
commitLayoutEffectOnFiber @ react-dom.development.js:21577
recursivelyTraverseLayoutEffects @ react-dom.development.js:22926
commitLayoutEffectOnFiber @ react-dom.development.js:21407
recursivelyTraverseLayoutEffects @ react-dom.development.js:22926
commitLayoutEffectOnFiber @ react-dom.development.js:21577
recursivelyTraverseLayoutEffects @ react-dom.development.js:22926
commitLayoutEffectOnFiber @ react-dom.development.js:21407
recursivelyTraverseLayoutEffects @ react-dom.development.js:22926
commitLayoutEffectOnFiber @ react-dom.development.js:21577
recursivelyTraverseLayoutEffects @ react-dom.development.js:22926
commitLayoutEffectOnFiber @ react-dom.development.js:21407
recursivelyTraverseLayoutEffects @ react-dom.development.js:22926
commitLayoutEffectOnFiber @ react-dom.development.js:21407
recursivelyTraverseLayoutEffects @ react-dom.development.js:22926
commitLayoutEffectOnFiber @ react-dom.development.js:21488
recursivelyTraverseLayoutEffects @ react-dom.development.js:22926
commitLayoutEffectOnFiber @ react-dom.development.js:21488
recursivelyTraverseLayoutEffects @ react-dom.development.js:22926
commitLayoutEffectOnFiber @ react-dom.development.js:21577
recursivelyTraverseLayoutEffects @ react-dom.development.js:22926
commitLayoutEffectOnFiber @ react-dom.development.js:21577
recursivelyTraverseLayoutEffects @ react-dom.development.js:22926
commitLayoutEffectOnFiber @ react-dom.development.js:21418
recursivelyTraverseLayoutEffects @ react-dom.development.js:22926
commitLayoutEffectOnFiber @ react-dom.development.js:21407
recursivelyTraverseLayoutEffects @ react-dom.development.js:22926
commitLayoutEffectOnFiber @ react-dom.development.js:21577
recursivelyTraverseLayoutEffects @ react-dom.development.js:22926
commitLayoutEffectOnFiber @ react-dom.development.js:21418
recursivelyTraverseLayoutEffects @ react-dom.development.js:22926
commitLayoutEffectOnFiber @ react-dom.development.js:21407
recursivelyTraverseLayoutEffects @ react-dom.development.js:22926
commitLayoutEffectOnFiber @ react-dom.development.js:21407
recursivelyTraverseLayoutEffects @ react-dom.development.js:22926
commitLayoutEffectOnFiber @ react-dom.development.js:21418
recursivelyTraverseLayoutEffects @ react-dom.development.js:22926
commitLayoutEffectOnFiber @ react-dom.development.js:21407
recursivelyTraverseLayoutEffects @ react-dom.development.js:22926
commitLayoutEffectOnFiber @ react-dom.development.js:21577
recursivelyTraverseLayoutEffects @ react-dom.development.js:22926
commitLayoutEffectOnFiber @ react-dom.development.js:21577
recursivelyTraverseLayoutEffects @ react-dom.development.js:22926
commitLayoutEffectOnFiber @ react-dom.development.js:21577
recursivelyTraverseLayoutEffects @ react-dom.development.js:22926
commitLayoutEffectOnFiber @ react-dom.development.js:21577
recursivelyTraverseLayoutEffects @ react-dom.development.js:22926
commitLayoutEffectOnFiber @ react-dom.development.js:21577
recursivelyTraverseLayoutEffects @ react-dom.development.js:22926
commitLayoutEffectOnFiber @ react-dom.development.js:21577
recursivelyTraverseLayoutEffects @ react-dom.development.js:22926
commitLayoutEffectOnFiber @ react-dom.development.js:21407
recursivelyTraverseLayoutEffects @ react-dom.development.js:22926
commitLayoutEffectOnFiber @ react-dom.development.js:21418
recursivelyTraverseLayoutEffects @ react-dom.development.js:22926
commitLayoutEffectOnFiber @ react-dom.development.js:21407
recursivelyTraverseLayoutEffects @ react-dom.development.js:22926
commitLayoutEffectOnFiber @ react-dom.development.js:21407
recursivelyTraverseLayoutEffects @ react-dom.development.js:22926
commitLayoutEffectOnFiber @ react-dom.development.js:21407
recursivelyTraverseLayoutEffects @ react-dom.development.js:22926
commitLayoutEffectOnFiber @ react-dom.development.js:21407
recursivelyTraverseLayoutEffects @ react-dom.development.js:22926
commitLayoutEffectOnFiber @ react-dom.development.js:21577
recursivelyTraverseLayoutEffects @ react-dom.development.js:22926
commitLayoutEffectOnFiber @ react-dom.development.js:21577
recursivelyTraverseLayoutEffects @ react-dom.development.js:22926
commitLayoutEffectOnFiber @ react-dom.development.js:21577
recursivelyTraverseLayoutEffects @ react-dom.development.js:22926
commitLayoutEffectOnFiber @ react-dom.development.js:21437
commitLayoutEffects @ react-dom.development.js:22912
commitRootImpl @ react-dom.development.js:26226
commitRoot @ react-dom.development.js:26077
commitRootWhenReady @ react-dom.development.js:24749
finishConcurrentRender @ react-dom.development.js:24714
performConcurrentWorkOnRoot @ react-dom.development.js:24559
workLoop @ scheduler.development.js:256
flushWork @ scheduler.development.js:225
performWorkUntilDeadline @ scheduler.development.js:534
10:20:26.464 CallModal.tsx:2975 [CallModal] 🔄 Waiting for stream to become active for cmeifml0h001okung0i95m8s6
10:20:26.485 useVoiceActivity.ts:22 [VoiceActivity] Effect triggered: {hasStream: true, streamId: '22684b8b-e675-484e-8ba1-c9d3f02f2c18', audioTracks: 1, threshold: -40}
10:20:26.485 useVoiceActivity.ts:42 [VoiceActivity] Initializing for stream: 22684b8b-e675-484e-8ba1-c9d3f02f2c18 with 1 audio tracks
10:20:26.490 useVoiceActivity.ts:22 [VoiceActivity] Effect triggered: {hasStream: true, streamId: '22684b8b-e675-484e-8ba1-c9d3f02f2c18', audioTracks: 1, threshold: -40}
10:20:26.491 useVoiceActivity.ts:42 [VoiceActivity] Initializing for stream: 22684b8b-e675-484e-8ba1-c9d3f02f2c18 with 1 audio tracks
10:20:26.492 CallModal.tsx:3013 [CallModal] Audio loadeddata event for cmeifml0h001okung0i95m8s6
10:20:26.493 CallModal.tsx:2967 [CallModal] 🔄 Stream not ready, waiting...
10:20:26.493 CallModal.tsx:2971 [CallModal] ❌ Initial audio play failed for cmeifml0h001okung0i95m8s6: Error: Stream not ready
    at attemptPlay (CallModal.tsx:2968:37)
    at element.addEventListener.once (CallModal.tsx:3014:27)
attemptPlay @ CallModal.tsx:2971
element.addEventListener.once @ CallModal.tsx:3014
10:20:26.493 CallModal.tsx:2975 [CallModal] 🔄 Waiting for stream to become active for cmeifml0h001okung0i95m8s6
10:20:26.493 CallModal.tsx:3029 [CallModal] Audio can play for cmeifml0h001okung0i95m8s6
10:20:26.493 CallModal.tsx:3018 [CallModal] Audio canplay event for cmeifml0h001okung0i95m8s6
10:20:26.493 CallModal.tsx:2967 [CallModal] 🔄 Stream not ready, waiting...
10:20:26.493 CallModal.tsx:2971 [CallModal] ❌ Initial audio play failed for cmeifml0h001okung0i95m8s6: Error: Stream not ready
    at attemptPlay (CallModal.tsx:2968:37)
    at element.addEventListener.once (CallModal.tsx:3019:27)
attemptPlay @ CallModal.tsx:2971
element.addEventListener.once @ CallModal.tsx:3019
10:20:26.494 CallModal.tsx:2975 [CallModal] 🔄 Waiting for stream to become active for cmeifml0h001okung0i95m8s6
10:20:26.494 CallModal.tsx:3030 [CallModal] Audio is playing for cmeifml0h001okung0i95m8s6
10:20:26.494 CallModal.tsx:62 [CallModal] Rendered - voice call opened
10:20:26.495 CallModal.tsx:62 [CallModal] Rendered - voice call opened
10:20:26.568 CallModal.tsx:228 [CallModal] Updated peer connections for performance monitoring: 1
10:20:26.568 CallModal.tsx:229 [CallModal] Peer connection participants: ['cmeifn5qp002dkunge64m0xss']
10:20:26.571 CallModal.tsx:62 [CallModal] Rendered - voice call opened
10:20:26.572 CallModal.tsx:62 [CallModal] Rendered - voice call opened
10:20:26.573 CallModal.tsx:2603 [VoiceParticipant] Tester voice activity debug: {participantId: 'cmeifml0h001okung0i95m8s6', hasOriginalStream: true, hasLatestStream: true, streamActive: false, audioTracksCount: 1, …}
10:20:26.573 CallModal.tsx:2603 [VoiceParticipant] Tester voice activity debug: {participantId: 'cmeifml0h001okung0i95m8s6', hasOriginalStream: true, hasLatestStream: true, streamActive: false, audioTracksCount: 1, …}
10:20:26.574 CallModal.tsx:2917 [CallModal] 🔊 Setting up audio element for participant cmeifml0h001okung0i95m8s6
10:20:26.575 CallModal.tsx:2918 [CallModal] Stream details: {id: '22684b8b-e675-484e-8ba1-c9d3f02f2c18', active: false, audioTracks: Array(1)}
10:20:26.575 CallModal.tsx:2932 [CallModal] Previous audio element for cmeifml0h001okung0i95m8s6: false
10:20:26.577 CallModal.tsx:2941 [CallModal] Cleared previous srcObject for cmeifml0h001okung0i95m8s6
10:20:26.577 CallModal.tsx:2967 [CallModal] 🔄 Stream not ready, waiting...
10:20:26.578 CallModal.tsx:2971 [CallModal] ❌ Initial audio play failed for cmeifml0h001okung0i95m8s6: Error: Stream not ready
    at attemptPlay (CallModal.tsx:2968:37)
    at ref (CallModal.tsx:3009:25)
    at commitAttachRef (react-dom.development.js:21677:37)
    at safelyAttachRef (react-dom.development.js:20803:5)
    at commitLayoutEffectOnFiber (react-dom.development.js:21498:11)
    at recursivelyTraverseLayoutEffects (react-dom.development.js:22926:7)
    at commitLayoutEffectOnFiber (react-dom.development.js:21577:9)
    at recursivelyTraverseLayoutEffects (react-dom.development.js:22926:7)
    at commitLayoutEffectOnFiber (react-dom.development.js:21488:9)
    at recursivelyTraverseLayoutEffects (react-dom.development.js:22926:7)
    at commitLayoutEffectOnFiber (react-dom.development.js:21488:9)
    at recursivelyTraverseLayoutEffects (react-dom.development.js:22926:7)
    at commitLayoutEffectOnFiber (react-dom.development.js:21488:9)
    at recursivelyTraverseLayoutEffects (react-dom.development.js:22926:7)
    at commitLayoutEffectOnFiber (react-dom.development.js:21488:9)
    at recursivelyTraverseLayoutEffects (react-dom.development.js:22926:7)
    at commitLayoutEffectOnFiber (react-dom.development.js:21407:9)
    at recursivelyTraverseLayoutEffects (react-dom.development.js:22926:7)
    at commitLayoutEffectOnFiber (react-dom.development.js:21407:9)
    at recursivelyTraverseLayoutEffects (react-dom.development.js:22926:7)
    at commitLayoutEffectOnFiber (react-dom.development.js:21577:9)
    at recursivelyTraverseLayoutEffects (react-dom.development.js:22926:7)
    at commitLayoutEffectOnFiber (react-dom.development.js:21407:9)
    at recursivelyTraverseLayoutEffects (react-dom.development.js:22926:7)
    at commitLayoutEffectOnFiber (react-dom.development.js:21577:9)
    at recursivelyTraverseLayoutEffects (react-dom.development.js:22926:7)
    at commitLayoutEffectOnFiber (react-dom.development.js:21407:9)
    at recursivelyTraverseLayoutEffects (react-dom.development.js:22926:7)
    at commitLayoutEffectOnFiber (react-dom.development.js:21577:9)
    at recursivelyTraverseLayoutEffects (react-dom.development.js:22926:7)
    at commitLayoutEffectOnFiber (react-dom.development.js:21407:9)
    at recursivelyTraverseLayoutEffects (react-dom.development.js:22926:7)
    at commitLayoutEffectOnFiber (react-dom.development.js:21577:9)
    at recursivelyTraverseLayoutEffects (react-dom.development.js:22926:7)
    at commitLayoutEffectOnFiber (react-dom.development.js:21407:9)
    at recursivelyTraverseLayoutEffects (react-dom.development.js:22926:7)
    at commitLayoutEffectOnFiber (react-dom.development.js:21407:9)
    at recursivelyTraverseLayoutEffects (react-dom.development.js:22926:7)
    at commitLayoutEffectOnFiber (react-dom.development.js:21488:9)
    at recursivelyTraverseLayoutEffects (react-dom.development.js:22926:7)
    at commitLayoutEffectOnFiber (react-dom.development.js:21488:9)
    at recursivelyTraverseLayoutEffects (react-dom.development.js:22926:7)
    at commitLayoutEffectOnFiber (react-dom.development.js:21577:9)
    at recursivelyTraverseLayoutEffects (react-dom.development.js:22926:7)
    at commitLayoutEffectOnFiber (react-dom.development.js:21577:9)
    at recursivelyTraverseLayoutEffects (react-dom.development.js:22926:7)
    at commitLayoutEffectOnFiber (react-dom.development.js:21418:9)
    at recursivelyTraverseLayoutEffects (react-dom.development.js:22926:7)
    at commitLayoutEffectOnFiber (react-dom.development.js:21407:9)
    at recursivelyTraverseLayoutEffects (react-dom.development.js:22926:7)
attemptPlay @ CallModal.tsx:2971
ref @ CallModal.tsx:3009
commitAttachRef @ react-dom.development.js:21677
safelyAttachRef @ react-dom.development.js:20803
commitLayoutEffectOnFiber @ react-dom.development.js:21498
recursivelyTraverseLayoutEffects @ react-dom.development.js:22926
commitLayoutEffectOnFiber @ react-dom.development.js:21577
recursivelyTraverseLayoutEffects @ react-dom.development.js:22926
commitLayoutEffectOnFiber @ react-dom.development.js:21488
recursivelyTraverseLayoutEffects @ react-dom.development.js:22926
commitLayoutEffectOnFiber @ react-dom.development.js:21488
recursivelyTraverseLayoutEffects @ react-dom.development.js:22926
commitLayoutEffectOnFiber @ react-dom.development.js:21488
recursivelyTraverseLayoutEffects @ react-dom.development.js:22926
commitLayoutEffectOnFiber @ react-dom.development.js:21488
recursivelyTraverseLayoutEffects @ react-dom.development.js:22926
commitLayoutEffectOnFiber @ react-dom.development.js:21407
recursivelyTraverseLayoutEffects @ react-dom.development.js:22926
commitLayoutEffectOnFiber @ react-dom.development.js:21407
recursivelyTraverseLayoutEffects @ react-dom.development.js:22926
commitLayoutEffectOnFiber @ react-dom.development.js:21577
recursivelyTraverseLayoutEffects @ react-dom.development.js:22926
commitLayoutEffectOnFiber @ react-dom.development.js:21407
recursivelyTraverseLayoutEffects @ react-dom.development.js:22926
commitLayoutEffectOnFiber @ react-dom.development.js:21577
recursivelyTraverseLayoutEffects @ react-dom.development.js:22926
commitLayoutEffectOnFiber @ react-dom.development.js:21407
recursivelyTraverseLayoutEffects @ react-dom.development.js:22926
commitLayoutEffectOnFiber @ react-dom.development.js:21577
recursivelyTraverseLayoutEffects @ react-dom.development.js:22926
commitLayoutEffectOnFiber @ react-dom.development.js:21407
recursivelyTraverseLayoutEffects @ react-dom.development.js:22926
commitLayoutEffectOnFiber @ react-dom.development.js:21577
recursivelyTraverseLayoutEffects @ react-dom.development.js:22926
commitLayoutEffectOnFiber @ react-dom.development.js:21407
recursivelyTraverseLayoutEffects @ react-dom.development.js:22926
commitLayoutEffectOnFiber @ react-dom.development.js:21407
recursivelyTraverseLayoutEffects @ react-dom.development.js:22926
commitLayoutEffectOnFiber @ react-dom.development.js:21488
recursivelyTraverseLayoutEffects @ react-dom.development.js:22926
commitLayoutEffectOnFiber @ react-dom.development.js:21488
recursivelyTraverseLayoutEffects @ react-dom.development.js:22926
commitLayoutEffectOnFiber @ react-dom.development.js:21577
recursivelyTraverseLayoutEffects @ react-dom.development.js:22926
commitLayoutEffectOnFiber @ react-dom.development.js:21577
recursivelyTraverseLayoutEffects @ react-dom.development.js:22926
commitLayoutEffectOnFiber @ react-dom.development.js:21418
recursivelyTraverseLayoutEffects @ react-dom.development.js:22926
commitLayoutEffectOnFiber @ react-dom.development.js:21407
recursivelyTraverseLayoutEffects @ react-dom.development.js:22926
commitLayoutEffectOnFiber @ react-dom.development.js:21577
recursivelyTraverseLayoutEffects @ react-dom.development.js:22926
commitLayoutEffectOnFiber @ react-dom.development.js:21418
recursivelyTraverseLayoutEffects @ react-dom.development.js:22926
commitLayoutEffectOnFiber @ react-dom.development.js:21407
recursivelyTraverseLayoutEffects @ react-dom.development.js:22926
commitLayoutEffectOnFiber @ react-dom.development.js:21407
recursivelyTraverseLayoutEffects @ react-dom.development.js:22926
commitLayoutEffectOnFiber @ react-dom.development.js:21418
recursivelyTraverseLayoutEffects @ react-dom.development.js:22926
commitLayoutEffectOnFiber @ react-dom.development.js:21407
recursivelyTraverseLayoutEffects @ react-dom.development.js:22926
commitLayoutEffectOnFiber @ react-dom.development.js:21577
recursivelyTraverseLayoutEffects @ react-dom.development.js:22926
commitLayoutEffectOnFiber @ react-dom.development.js:21577
recursivelyTraverseLayoutEffects @ react-dom.development.js:22926
commitLayoutEffectOnFiber @ react-dom.development.js:21577
recursivelyTraverseLayoutEffects @ react-dom.development.js:22926
commitLayoutEffectOnFiber @ react-dom.development.js:21577
recursivelyTraverseLayoutEffects @ react-dom.development.js:22926
commitLayoutEffectOnFiber @ react-dom.development.js:21577
recursivelyTraverseLayoutEffects @ react-dom.development.js:22926
commitLayoutEffectOnFiber @ react-dom.development.js:21577
recursivelyTraverseLayoutEffects @ react-dom.development.js:22926
commitLayoutEffectOnFiber @ react-dom.development.js:21407
recursivelyTraverseLayoutEffects @ react-dom.development.js:22926
commitLayoutEffectOnFiber @ react-dom.development.js:21418
recursivelyTraverseLayoutEffects @ react-dom.development.js:22926
commitLayoutEffectOnFiber @ react-dom.development.js:21407
recursivelyTraverseLayoutEffects @ react-dom.development.js:22926
commitLayoutEffectOnFiber @ react-dom.development.js:21407
recursivelyTraverseLayoutEffects @ react-dom.development.js:22926
commitLayoutEffectOnFiber @ react-dom.development.js:21407
recursivelyTraverseLayoutEffects @ react-dom.development.js:22926
commitLayoutEffectOnFiber @ react-dom.development.js:21407
recursivelyTraverseLayoutEffects @ react-dom.development.js:22926
commitLayoutEffectOnFiber @ react-dom.development.js:21577
recursivelyTraverseLayoutEffects @ react-dom.development.js:22926
commitLayoutEffectOnFiber @ react-dom.development.js:21577
recursivelyTraverseLayoutEffects @ react-dom.development.js:22926
commitLayoutEffectOnFiber @ react-dom.development.js:21577
recursivelyTraverseLayoutEffects @ react-dom.development.js:22926
commitLayoutEffectOnFiber @ react-dom.development.js:21437
commitLayoutEffects @ react-dom.development.js:22912
commitRootImpl @ react-dom.development.js:26226
commitRoot @ react-dom.development.js:26077
commitRootWhenReady @ react-dom.development.js:24749
finishConcurrentRender @ react-dom.development.js:24714
performConcurrentWorkOnRoot @ react-dom.development.js:24559
workLoop @ scheduler.development.js:256
flushWork @ scheduler.development.js:225
performWorkUntilDeadline @ scheduler.development.js:534
10:20:26.579 CallModal.tsx:2975 [CallModal] 🔄 Waiting for stream to become active for cmeifml0h001okung0i95m8s6
10:20:26.720 useVoiceActivity.ts:22 [VoiceActivity] Effect triggered: {hasStream: true, streamId: '22684b8b-e675-484e-8ba1-c9d3f02f2c18', audioTracks: 1, threshold: -40}
10:20:26.721 useVoiceActivity.ts:42 [VoiceActivity] Initializing for stream: 22684b8b-e675-484e-8ba1-c9d3f02f2c18 with 1 audio tracks
10:20:26.722 useCallPerformance.ts:242 [useCallPerformance] Connection states: [{…}]
10:20:26.722 useCallPerformance.ts:246 [useCallPerformance] Starting monitoring for 1 valid connections
10:20:26.723 useVoiceActivity.ts:22 [VoiceActivity] Effect triggered: {hasStream: true, streamId: '22684b8b-e675-484e-8ba1-c9d3f02f2c18', audioTracks: 1, threshold: -40}
10:20:26.723 useVoiceActivity.ts:42 [VoiceActivity] Initializing for stream: 22684b8b-e675-484e-8ba1-c9d3f02f2c18 with 1 audio tracks
10:20:26.724 CallModal.tsx:62 [CallModal] Rendered - voice call opened
10:20:26.724 CallModal.tsx:62 [CallModal] Rendered - voice call opened
10:20:26.726 CallModal.tsx:3013 [CallModal] Audio loadeddata event for cmeifml0h001okung0i95m8s6
10:20:26.726 CallModal.tsx:2967 [CallModal] 🔄 Stream not ready, waiting...
10:20:26.726 CallModal.tsx:2971 [CallModal] ❌ Initial audio play failed for cmeifml0h001okung0i95m8s6: Error: Stream not ready
    at attemptPlay (CallModal.tsx:2968:37)
    at element.addEventListener.once (CallModal.tsx:3014:27)
attemptPlay @ CallModal.tsx:2971
element.addEventListener.once @ CallModal.tsx:3014
10:20:26.726 CallModal.tsx:2975 [CallModal] 🔄 Waiting for stream to become active for cmeifml0h001okung0i95m8s6
10:20:26.726 CallModal.tsx:3029 [CallModal] Audio can play for cmeifml0h001okung0i95m8s6
10:20:26.726 CallModal.tsx:3018 [CallModal] Audio canplay event for cmeifml0h001okung0i95m8s6
10:20:26.726 CallModal.tsx:2967 [CallModal] 🔄 Stream not ready, waiting...
10:20:26.727 CallModal.tsx:2971 [CallModal] ❌ Initial audio play failed for cmeifml0h001okung0i95m8s6: Error: Stream not ready
    at attemptPlay (CallModal.tsx:2968:37)
    at element.addEventListener.once (CallModal.tsx:3019:27)
attemptPlay @ CallModal.tsx:2971
element.addEventListener.once @ CallModal.tsx:3019
10:20:26.727 CallModal.tsx:2975 [CallModal] 🔄 Waiting for stream to become active for cmeifml0h001okung0i95m8s6
10:20:26.727 CallModal.tsx:3030 [CallModal] Audio is playing for cmeifml0h001okung0i95m8s6
10:20:26.728 useCallPerformance.ts:37 [useCallPerformance] No valid network data yet, assuming good quality
10:20:26.729 CallModal.tsx:62 [CallModal] Rendered - voice call opened
10:20:26.730 CallModal.tsx:62 [CallModal] Rendered - voice call opened
10:20:26.731 CallModal.tsx:2603 [VoiceParticipant] Tester voice activity debug: {participantId: 'cmeifml0h001okung0i95m8s6', hasOriginalStream: true, hasLatestStream: true, streamActive: false, audioTracksCount: 1, …}
10:20:26.731 CallModal.tsx:2603 [VoiceParticipant] Tester voice activity debug: {participantId: 'cmeifml0h001okung0i95m8s6', hasOriginalStream: true, hasLatestStream: true, streamActive: false, audioTracksCount: 1, …}
10:20:26.733 CallModal.tsx:2917 [CallModal] 🔊 Setting up audio element for participant cmeifml0h001okung0i95m8s6
10:20:26.734 CallModal.tsx:2918 [CallModal] Stream details: {id: '22684b8b-e675-484e-8ba1-c9d3f02f2c18', active: false, audioTracks: Array(1)}
10:20:26.734 CallModal.tsx:2932 [CallModal] Previous audio element for cmeifml0h001okung0i95m8s6: false
10:20:26.736 CallModal.tsx:2941 [CallModal] Cleared previous srcObject for cmeifml0h001okung0i95m8s6
10:20:26.737 CallModal.tsx:2967 [CallModal] 🔄 Stream not ready, waiting...
10:20:26.737 CallModal.tsx:2971 [CallModal] ❌ Initial audio play failed for cmeifml0h001okung0i95m8s6: Error: Stream not ready
    at attemptPlay (CallModal.tsx:2968:37)
    at ref (CallModal.tsx:3009:25)
    at commitAttachRef (react-dom.development.js:21677:37)
    at safelyAttachRef (react-dom.development.js:20803:5)
    at commitLayoutEffectOnFiber (react-dom.development.js:21498:11)
    at recursivelyTraverseLayoutEffects (react-dom.development.js:22926:7)
    at commitLayoutEffectOnFiber (react-dom.development.js:21577:9)
    at recursivelyTraverseLayoutEffects (react-dom.development.js:22926:7)
    at commitLayoutEffectOnFiber (react-dom.development.js:21488:9)
    at recursivelyTraverseLayoutEffects (react-dom.development.js:22926:7)
    at commitLayoutEffectOnFiber (react-dom.development.js:21488:9)
    at recursivelyTraverseLayoutEffects (react-dom.development.js:22926:7)
    at commitLayoutEffectOnFiber (react-dom.development.js:21488:9)
    at recursivelyTraverseLayoutEffects (react-dom.development.js:22926:7)
    at commitLayoutEffectOnFiber (react-dom.development.js:21488:9)
    at recursivelyTraverseLayoutEffects (react-dom.development.js:22926:7)
    at commitLayoutEffectOnFiber (react-dom.development.js:21407:9)
    at recursivelyTraverseLayoutEffects (react-dom.development.js:22926:7)
    at commitLayoutEffectOnFiber (react-dom.development.js:21407:9)
    at recursivelyTraverseLayoutEffects (react-dom.development.js:22926:7)
    at commitLayoutEffectOnFiber (react-dom.development.js:21577:9)
    at recursivelyTraverseLayoutEffects (react-dom.development.js:22926:7)
    at commitLayoutEffectOnFiber (react-dom.development.js:21407:9)
    at recursivelyTraverseLayoutEffects (react-dom.development.js:22926:7)
    at commitLayoutEffectOnFiber (react-dom.development.js:21577:9)
    at recursivelyTraverseLayoutEffects (react-dom.development.js:22926:7)
    at commitLayoutEffectOnFiber (react-dom.development.js:21407:9)
    at recursivelyTraverseLayoutEffects (react-dom.development.js:22926:7)
    at commitLayoutEffectOnFiber (react-dom.development.js:21577:9)
    at recursivelyTraverseLayoutEffects (react-dom.development.js:22926:7)
    at commitLayoutEffectOnFiber (react-dom.development.js:21407:9)
    at recursivelyTraverseLayoutEffects (react-dom.development.js:22926:7)
    at commitLayoutEffectOnFiber (react-dom.development.js:21577:9)
    at recursivelyTraverseLayoutEffects (react-dom.development.js:22926:7)
    at commitLayoutEffectOnFiber (react-dom.development.js:21407:9)
    at recursivelyTraverseLayoutEffects (react-dom.development.js:22926:7)
    at commitLayoutEffectOnFiber (react-dom.development.js:21407:9)
    at recursivelyTraverseLayoutEffects (react-dom.development.js:22926:7)
    at commitLayoutEffectOnFiber (react-dom.development.js:21488:9)
    at recursivelyTraverseLayoutEffects (react-dom.development.js:22926:7)
    at commitLayoutEffectOnFiber (react-dom.development.js:21488:9)
    at recursivelyTraverseLayoutEffects (react-dom.development.js:22926:7)
    at commitLayoutEffectOnFiber (react-dom.development.js:21577:9)
    at recursivelyTraverseLayoutEffects (react-dom.development.js:22926:7)
    at commitLayoutEffectOnFiber (react-dom.development.js:21577:9)
    at recursivelyTraverseLayoutEffects (react-dom.development.js:22926:7)
    at commitLayoutEffectOnFiber (react-dom.development.js:21418:9)
    at recursivelyTraverseLayoutEffects (react-dom.development.js:22926:7)
    at commitLayoutEffectOnFiber (react-dom.development.js:21407:9)
    at recursivelyTraverseLayoutEffects (react-dom.development.js:22926:7)
attemptPlay @ CallModal.tsx:2971
ref @ CallModal.tsx:3009
commitAttachRef @ react-dom.development.js:21677
safelyAttachRef @ react-dom.development.js:20803
commitLayoutEffectOnFiber @ react-dom.development.js:21498
recursivelyTraverseLayoutEffects @ react-dom.development.js:22926
commitLayoutEffectOnFiber @ react-dom.development.js:21577
recursivelyTraverseLayoutEffects @ react-dom.development.js:22926
commitLayoutEffectOnFiber @ react-dom.development.js:21488
recursivelyTraverseLayoutEffects @ react-dom.development.js:22926
commitLayoutEffectOnFiber @ react-dom.development.js:21488
recursivelyTraverseLayoutEffects @ react-dom.development.js:22926
commitLayoutEffectOnFiber @ react-dom.development.js:21488
recursivelyTraverseLayoutEffects @ react-dom.development.js:22926
commitLayoutEffectOnFiber @ react-dom.development.js:21488
recursivelyTraverseLayoutEffects @ react-dom.development.js:22926
commitLayoutEffectOnFiber @ react-dom.development.js:21407
recursivelyTraverseLayoutEffects @ react-dom.development.js:22926
commitLayoutEffectOnFiber @ react-dom.development.js:21407
recursivelyTraverseLayoutEffects @ react-dom.development.js:22926
commitLayoutEffectOnFiber @ react-dom.development.js:21577
recursivelyTraverseLayoutEffects @ react-dom.development.js:22926
commitLayoutEffectOnFiber @ react-dom.development.js:21407
recursivelyTraverseLayoutEffects @ react-dom.development.js:22926
commitLayoutEffectOnFiber @ react-dom.development.js:21577
recursivelyTraverseLayoutEffects @ react-dom.development.js:22926
commitLayoutEffectOnFiber @ react-dom.development.js:21407
recursivelyTraverseLayoutEffects @ react-dom.development.js:22926
commitLayoutEffectOnFiber @ react-dom.development.js:21577
recursivelyTraverseLayoutEffects @ react-dom.development.js:22926
commitLayoutEffectOnFiber @ react-dom.development.js:21407
recursivelyTraverseLayoutEffects @ react-dom.development.js:22926
commitLayoutEffectOnFiber @ react-dom.development.js:21577
recursivelyTraverseLayoutEffects @ react-dom.development.js:22926
commitLayoutEffectOnFiber @ react-dom.development.js:21407
recursivelyTraverseLayoutEffects @ react-dom.development.js:22926
commitLayoutEffectOnFiber @ react-dom.development.js:21407
recursivelyTraverseLayoutEffects @ react-dom.development.js:22926
commitLayoutEffectOnFiber @ react-dom.development.js:21488
recursivelyTraverseLayoutEffects @ react-dom.development.js:22926
commitLayoutEffectOnFiber @ react-dom.development.js:21488
recursivelyTraverseLayoutEffects @ react-dom.development.js:22926
commitLayoutEffectOnFiber @ react-dom.development.js:21577
recursivelyTraverseLayoutEffects @ react-dom.development.js:22926
commitLayoutEffectOnFiber @ react-dom.development.js:21577
recursivelyTraverseLayoutEffects @ react-dom.development.js:22926
commitLayoutEffectOnFiber @ react-dom.development.js:21418
recursivelyTraverseLayoutEffects @ react-dom.development.js:22926
commitLayoutEffectOnFiber @ react-dom.development.js:21407
recursivelyTraverseLayoutEffects @ react-dom.development.js:22926
commitLayoutEffectOnFiber @ react-dom.development.js:21577
recursivelyTraverseLayoutEffects @ react-dom.development.js:22926
commitLayoutEffectOnFiber @ react-dom.development.js:21418
recursivelyTraverseLayoutEffects @ react-dom.development.js:22926
commitLayoutEffectOnFiber @ react-dom.development.js:21407
recursivelyTraverseLayoutEffects @ react-dom.development.js:22926
commitLayoutEffectOnFiber @ react-dom.development.js:21407
recursivelyTraverseLayoutEffects @ react-dom.development.js:22926
commitLayoutEffectOnFiber @ react-dom.development.js:21418
recursivelyTraverseLayoutEffects @ react-dom.development.js:22926
commitLayoutEffectOnFiber @ react-dom.development.js:21407
recursivelyTraverseLayoutEffects @ react-dom.development.js:22926
commitLayoutEffectOnFiber @ react-dom.development.js:21577
recursivelyTraverseLayoutEffects @ react-dom.development.js:22926
commitLayoutEffectOnFiber @ react-dom.development.js:21577
recursivelyTraverseLayoutEffects @ react-dom.development.js:22926
commitLayoutEffectOnFiber @ react-dom.development.js:21577
recursivelyTraverseLayoutEffects @ react-dom.development.js:22926
commitLayoutEffectOnFiber @ react-dom.development.js:21577
recursivelyTraverseLayoutEffects @ react-dom.development.js:22926
commitLayoutEffectOnFiber @ react-dom.development.js:21577
recursivelyTraverseLayoutEffects @ react-dom.development.js:22926
commitLayoutEffectOnFiber @ react-dom.development.js:21577
recursivelyTraverseLayoutEffects @ react-dom.development.js:22926
commitLayoutEffectOnFiber @ react-dom.development.js:21407
recursivelyTraverseLayoutEffects @ react-dom.development.js:22926
commitLayoutEffectOnFiber @ react-dom.development.js:21418
recursivelyTraverseLayoutEffects @ react-dom.development.js:22926
commitLayoutEffectOnFiber @ react-dom.development.js:21407
recursivelyTraverseLayoutEffects @ react-dom.development.js:22926
commitLayoutEffectOnFiber @ react-dom.development.js:21407
recursivelyTraverseLayoutEffects @ react-dom.development.js:22926
commitLayoutEffectOnFiber @ react-dom.development.js:21407
recursivelyTraverseLayoutEffects @ react-dom.development.js:22926
commitLayoutEffectOnFiber @ react-dom.development.js:21407
recursivelyTraverseLayoutEffects @ react-dom.development.js:22926
commitLayoutEffectOnFiber @ react-dom.development.js:21577
recursivelyTraverseLayoutEffects @ react-dom.development.js:22926
commitLayoutEffectOnFiber @ react-dom.development.js:21577
recursivelyTraverseLayoutEffects @ react-dom.development.js:22926
commitLayoutEffectOnFiber @ react-dom.development.js:21577
recursivelyTraverseLayoutEffects @ react-dom.development.js:22926
commitLayoutEffectOnFiber @ react-dom.development.js:21437
commitLayoutEffects @ react-dom.development.js:22912
commitRootImpl @ react-dom.development.js:26226
commitRoot @ react-dom.development.js:26077
commitRootWhenReady @ react-dom.development.js:24749
finishConcurrentRender @ react-dom.development.js:24714
performConcurrentWorkOnRoot @ react-dom.development.js:24559
workLoop @ scheduler.development.js:256
flushWork @ scheduler.development.js:225
performWorkUntilDeadline @ scheduler.development.js:534
10:20:26.738 CallModal.tsx:2975 [CallModal] 🔄 Waiting for stream to become active for cmeifml0h001okung0i95m8s6
10:20:26.843 useVoiceActivity.ts:22 [VoiceActivity] Effect triggered: {hasStream: true, streamId: '22684b8b-e675-484e-8ba1-c9d3f02f2c18', audioTracks: 1, threshold: -40}
10:20:26.843 useVoiceActivity.ts:42 [VoiceActivity] Initializing for stream: 22684b8b-e675-484e-8ba1-c9d3f02f2c18 with 1 audio tracks
10:20:26.844 useVoiceActivity.ts:22 [VoiceActivity] Effect triggered: {hasStream: true, streamId: '22684b8b-e675-484e-8ba1-c9d3f02f2c18', audioTracks: 1, threshold: -40}
10:20:26.844 useVoiceActivity.ts:42 [VoiceActivity] Initializing for stream: 22684b8b-e675-484e-8ba1-c9d3f02f2c18 with 1 audio tracks
10:20:26.845 CallModal.tsx:62 [CallModal] Rendered - voice call opened
10:20:26.845 CallModal.tsx:62 [CallModal] Rendered - voice call opened
10:20:26.848 CallModal.tsx:3013 [CallModal] Audio loadeddata event for cmeifml0h001okung0i95m8s6
10:20:26.848 CallModal.tsx:2967 [CallModal] 🔄 Stream not ready, waiting...
10:20:26.848 CallModal.tsx:2971 [CallModal] ❌ Initial audio play failed for cmeifml0h001okung0i95m8s6: Error: Stream not ready
    at attemptPlay (CallModal.tsx:2968:37)
    at element.addEventListener.once (CallModal.tsx:3014:27)
attemptPlay @ CallModal.tsx:2971
element.addEventListener.once @ CallModal.tsx:3014
10:20:26.848 CallModal.tsx:2975 [CallModal] 🔄 Waiting for stream to become active for cmeifml0h001okung0i95m8s6
10:20:26.849 CallModal.tsx:3029 [CallModal] Audio can play for cmeifml0h001okung0i95m8s6
10:20:26.849 CallModal.tsx:3018 [CallModal] Audio canplay event for cmeifml0h001okung0i95m8s6
10:20:26.849 CallModal.tsx:2967 [CallModal] 🔄 Stream not ready, waiting...
10:20:26.849 CallModal.tsx:2971 [CallModal] ❌ Initial audio play failed for cmeifml0h001okung0i95m8s6: Error: Stream not ready
    at attemptPlay (CallModal.tsx:2968:37)
    at element.addEventListener.once (CallModal.tsx:3019:27)
attemptPlay @ CallModal.tsx:2971
element.addEventListener.once @ CallModal.tsx:3019
10:20:26.849 CallModal.tsx:2975 [CallModal] 🔄 Waiting for stream to become active for cmeifml0h001okung0i95m8s6
10:20:26.849 CallModal.tsx:3030 [CallModal] Audio is playing for cmeifml0h001okung0i95m8s6
10:20:26.868 CallModal.tsx:62 [CallModal] Rendered - voice call opened
10:20:26.869 CallModal.tsx:62 [CallModal] Rendered - voice call opened
10:20:26.870 CallModal.tsx:2603 [VoiceParticipant] Tester voice activity debug: {participantId: 'cmeifml0h001okung0i95m8s6', hasOriginalStream: true, hasLatestStream: true, streamActive: false, audioTracksCount: 1, …}
10:20:26.870 CallModal.tsx:2603 [VoiceParticipant] Tester voice activity debug: {participantId: 'cmeifml0h001okung0i95m8s6', hasOriginalStream: true, hasLatestStream: true, streamActive: false, audioTracksCount: 1, …}
10:20:26.871 CallModal.tsx:2917 [CallModal] 🔊 Setting up audio element for participant cmeifml0h001okung0i95m8s6
10:20:26.871 CallModal.tsx:2918 [CallModal] Stream details: {id: '22684b8b-e675-484e-8ba1-c9d3f02f2c18', active: false, audioTracks: Array(1)}
10:20:26.872 CallModal.tsx:2932 [CallModal] Previous audio element for cmeifml0h001okung0i95m8s6: false
10:20:26.874 CallModal.tsx:2941 [CallModal] Cleared previous srcObject for cmeifml0h001okung0i95m8s6
10:20:26.874 CallModal.tsx:2967 [CallModal] 🔄 Stream not ready, waiting...
10:20:26.875 CallModal.tsx:2971 [CallModal] ❌ Initial audio play failed for cmeifml0h001okung0i95m8s6: Error: Stream not ready
    at attemptPlay (CallModal.tsx:2968:37)
    at ref (CallModal.tsx:3009:25)
    at commitAttachRef (react-dom.development.js:21677:37)
    at safelyAttachRef (react-dom.development.js:20803:5)
    at commitLayoutEffectOnFiber (react-dom.development.js:21498:11)
    at recursivelyTraverseLayoutEffects (react-dom.development.js:22926:7)
    at commitLayoutEffectOnFiber (react-dom.development.js:21577:9)
    at recursivelyTraverseLayoutEffects (react-dom.development.js:22926:7)
    at commitLayoutEffectOnFiber (react-dom.development.js:21488:9)
    at recursivelyTraverseLayoutEffects (react-dom.development.js:22926:7)
    at commitLayoutEffectOnFiber (react-dom.development.js:21488:9)
    at recursivelyTraverseLayoutEffects (react-dom.development.js:22926:7)
    at commitLayoutEffectOnFiber (react-dom.development.js:21488:9)
    at recursivelyTraverseLayoutEffects (react-dom.development.js:22926:7)
    at commitLayoutEffectOnFiber (react-dom.development.js:21488:9)
    at recursivelyTraverseLayoutEffects (react-dom.development.js:22926:7)
    at commitLayoutEffectOnFiber (react-dom.development.js:21407:9)
    at recursivelyTraverseLayoutEffects (react-dom.development.js:22926:7)
    at commitLayoutEffectOnFiber (react-dom.development.js:21407:9)
    at recursivelyTraverseLayoutEffects (react-dom.development.js:22926:7)
    at commitLayoutEffectOnFiber (react-dom.development.js:21577:9)
    at recursivelyTraverseLayoutEffects (react-dom.development.js:22926:7)
    at commitLayoutEffectOnFiber (react-dom.development.js:21407:9)
    at recursivelyTraverseLayoutEffects (react-dom.development.js:22926:7)
    at commitLayoutEffectOnFiber (react-dom.development.js:21577:9)
    at recursivelyTraverseLayoutEffects (react-dom.development.js:22926:7)
    at commitLayoutEffectOnFiber (react-dom.development.js:21407:9)
    at recursivelyTraverseLayoutEffects (react-dom.development.js:22926:7)
    at commitLayoutEffectOnFiber (react-dom.development.js:21577:9)
    at recursivelyTraverseLayoutEffects (react-dom.development.js:22926:7)
    at commitLayoutEffectOnFiber (react-dom.development.js:21407:9)
    at recursivelyTraverseLayoutEffects (react-dom.development.js:22926:7)
    at commitLayoutEffectOnFiber (react-dom.development.js:21577:9)
    at recursivelyTraverseLayoutEffects (react-dom.development.js:22926:7)
    at commitLayoutEffectOnFiber (react-dom.development.js:21407:9)
    at recursivelyTraverseLayoutEffects (react-dom.development.js:22926:7)
    at commitLayoutEffectOnFiber (react-dom.development.js:21407:9)
    at recursivelyTraverseLayoutEffects (react-dom.development.js:22926:7)
    at commitLayoutEffectOnFiber (react-dom.development.js:21488:9)
    at recursivelyTraverseLayoutEffects (react-dom.development.js:22926:7)
    at commitLayoutEffectOnFiber (react-dom.development.js:21488:9)
    at recursivelyTraverseLayoutEffects (react-dom.development.js:22926:7)
    at commitLayoutEffectOnFiber (react-dom.development.js:21577:9)
    at recursivelyTraverseLayoutEffects (react-dom.development.js:22926:7)
    at commitLayoutEffectOnFiber (react-dom.development.js:21577:9)
    at recursivelyTraverseLayoutEffects (react-dom.development.js:22926:7)
    at commitLayoutEffectOnFiber (react-dom.development.js:21418:9)
    at recursivelyTraverseLayoutEffects (react-dom.development.js:22926:7)
    at commitLayoutEffectOnFiber (react-dom.development.js:21407:9)
    at recursivelyTraverseLayoutEffects (react-dom.development.js:22926:7)
attemptPlay @ CallModal.tsx:2971
ref @ CallModal.tsx:3009
commitAttachRef @ react-dom.development.js:21677
safelyAttachRef @ react-dom.development.js:20803
commitLayoutEffectOnFiber @ react-dom.development.js:21498
recursivelyTraverseLayoutEffects @ react-dom.development.js:22926
commitLayoutEffectOnFiber @ react-dom.development.js:21577
recursivelyTraverseLayoutEffects @ react-dom.development.js:22926
commitLayoutEffectOnFiber @ react-dom.development.js:21488
recursivelyTraverseLayoutEffects @ react-dom.development.js:22926
commitLayoutEffectOnFiber @ react-dom.development.js:21488
recursivelyTraverseLayoutEffects @ react-dom.development.js:22926
commitLayoutEffectOnFiber @ react-dom.development.js:21488
recursivelyTraverseLayoutEffects @ react-dom.development.js:22926
commitLayoutEffectOnFiber @ react-dom.development.js:21488
recursivelyTraverseLayoutEffects @ react-dom.development.js:22926
commitLayoutEffectOnFiber @ react-dom.development.js:21407
recursivelyTraverseLayoutEffects @ react-dom.development.js:22926
commitLayoutEffectOnFiber @ react-dom.development.js:21407
recursivelyTraverseLayoutEffects @ react-dom.development.js:22926
commitLayoutEffectOnFiber @ react-dom.development.js:21577
recursivelyTraverseLayoutEffects @ react-dom.development.js:22926
commitLayoutEffectOnFiber @ react-dom.development.js:21407
recursivelyTraverseLayoutEffects @ react-dom.development.js:22926
commitLayoutEffectOnFiber @ react-dom.development.js:21577
recursivelyTraverseLayoutEffects @ react-dom.development.js:22926
commitLayoutEffectOnFiber @ react-dom.development.js:21407
recursivelyTraverseLayoutEffects @ react-dom.development.js:22926
commitLayoutEffectOnFiber @ react-dom.development.js:21577
recursivelyTraverseLayoutEffects @ react-dom.development.js:22926
commitLayoutEffectOnFiber @ react-dom.development.js:21407
recursivelyTraverseLayoutEffects @ react-dom.development.js:22926
commitLayoutEffectOnFiber @ react-dom.development.js:21577
recursivelyTraverseLayoutEffects @ react-dom.development.js:22926
commitLayoutEffectOnFiber @ react-dom.development.js:21407
recursivelyTraverseLayoutEffects @ react-dom.development.js:22926
commitLayoutEffectOnFiber @ react-dom.development.js:21407
recursivelyTraverseLayoutEffects @ react-dom.development.js:22926
commitLayoutEffectOnFiber @ react-dom.development.js:21488
recursivelyTraverseLayoutEffects @ react-dom.development.js:22926
commitLayoutEffectOnFiber @ react-dom.development.js:21488
recursivelyTraverseLayoutEffects @ react-dom.development.js:22926
commitLayoutEffectOnFiber @ react-dom.development.js:21577
recursivelyTraverseLayoutEffects @ react-dom.development.js:22926
commitLayoutEffectOnFiber @ react-dom.development.js:21577
recursivelyTraverseLayoutEffects @ react-dom.development.js:22926
commitLayoutEffectOnFiber @ react-dom.development.js:21418
recursivelyTraverseLayoutEffects @ react-dom.development.js:22926
commitLayoutEffectOnFiber @ react-dom.development.js:21407
recursivelyTraverseLayoutEffects @ react-dom.development.js:22926
commitLayoutEffectOnFiber @ react-dom.development.js:21577
recursivelyTraverseLayoutEffects @ react-dom.development.js:22926
commitLayoutEffectOnFiber @ react-dom.development.js:21418
recursivelyTraverseLayoutEffects @ react-dom.development.js:22926
commitLayoutEffectOnFiber @ react-dom.development.js:21407
recursivelyTraverseLayoutEffects @ react-dom.development.js:22926
commitLayoutEffectOnFiber @ react-dom.development.js:21407
recursivelyTraverseLayoutEffects @ react-dom.development.js:22926
commitLayoutEffectOnFiber @ react-dom.development.js:21418
recursivelyTraverseLayoutEffects @ react-dom.development.js:22926
commitLayoutEffectOnFiber @ react-dom.development.js:21407
recursivelyTraverseLayoutEffects @ react-dom.development.js:22926
commitLayoutEffectOnFiber @ react-dom.development.js:21577
recursivelyTraverseLayoutEffects @ react-dom.development.js:22926
commitLayoutEffectOnFiber @ react-dom.development.js:21577
recursivelyTraverseLayoutEffects @ react-dom.development.js:22926
commitLayoutEffectOnFiber @ react-dom.development.js:21577
recursivelyTraverseLayoutEffects @ react-dom.development.js:22926
commitLayoutEffectOnFiber @ react-dom.development.js:21577
recursivelyTraverseLayoutEffects @ react-dom.development.js:22926
commitLayoutEffectOnFiber @ react-dom.development.js:21577
recursivelyTraverseLayoutEffects @ react-dom.development.js:22926
commitLayoutEffectOnFiber @ react-dom.development.js:21577
recursivelyTraverseLayoutEffects @ react-dom.development.js:22926
commitLayoutEffectOnFiber @ react-dom.development.js:21407
recursivelyTraverseLayoutEffects @ react-dom.development.js:22926
commitLayoutEffectOnFiber @ react-dom.development.js:21418
recursivelyTraverseLayoutEffects @ react-dom.development.js:22926
commitLayoutEffectOnFiber @ react-dom.development.js:21407
recursivelyTraverseLayoutEffects @ react-dom.development.js:22926
commitLayoutEffectOnFiber @ react-dom.development.js:21407
recursivelyTraverseLayoutEffects @ react-dom.development.js:22926
commitLayoutEffectOnFiber @ react-dom.development.js:21407
recursivelyTraverseLayoutEffects @ react-dom.development.js:22926
commitLayoutEffectOnFiber @ react-dom.development.js:21407
recursivelyTraverseLayoutEffects @ react-dom.development.js:22926
commitLayoutEffectOnFiber @ react-dom.development.js:21577
recursivelyTraverseLayoutEffects @ react-dom.development.js:22926
commitLayoutEffectOnFiber @ react-dom.development.js:21577
recursivelyTraverseLayoutEffects @ react-dom.development.js:22926
commitLayoutEffectOnFiber @ react-dom.development.js:21577
recursivelyTraverseLayoutEffects @ react-dom.development.js:22926
commitLayoutEffectOnFiber @ react-dom.development.js:21437
commitLayoutEffects @ react-dom.development.js:22912
commitRootImpl @ react-dom.development.js:26226
commitRoot @ react-dom.development.js:26077
commitRootWhenReady @ react-dom.development.js:24749
finishConcurrentRender @ react-dom.development.js:24714
performConcurrentWorkOnRoot @ react-dom.development.js:24559
workLoop @ scheduler.development.js:256
flushWork @ scheduler.development.js:225
performWorkUntilDeadline @ scheduler.development.js:534
10:20:26.875 CallModal.tsx:2975 [CallModal] 🔄 Waiting for stream to become active for cmeifml0h001okung0i95m8s6
10:20:27.008 useVoiceActivity.ts:22 [VoiceActivity] Effect triggered: {hasStream: true, streamId: '22684b8b-e675-484e-8ba1-c9d3f02f2c18', audioTracks: 1, threshold: -40}
10:20:27.009 useVoiceActivity.ts:42 [VoiceActivity] Initializing for stream: 22684b8b-e675-484e-8ba1-c9d3f02f2c18 with 1 audio tracks
10:20:27.009 useVoiceActivity.ts:22 [VoiceActivity] Effect triggered: {hasStream: true, streamId: '22684b8b-e675-484e-8ba1-c9d3f02f2c18', audioTracks: 1, threshold: -40}
10:20:27.010 useVoiceActivity.ts:42 [VoiceActivity] Initializing for stream: 22684b8b-e675-484e-8ba1-c9d3f02f2c18 with 1 audio tracks
10:20:27.010 CallModal.tsx:62 [CallModal] Rendered - voice call opened
10:20:27.011 CallModal.tsx:62 [CallModal] Rendered - voice call opened
10:20:27.018 CallModal.tsx:3013 [CallModal] Audio loadeddata event for cmeifml0h001okung0i95m8s6
10:20:27.018 CallModal.tsx:2967 [CallModal] 🔄 Stream not ready, waiting...
10:20:27.018 CallModal.tsx:2971 [CallModal] ❌ Initial audio play failed for cmeifml0h001okung0i95m8s6: Error: Stream not ready
    at attemptPlay (CallModal.tsx:2968:37)
    at element.addEventListener.once (CallModal.tsx:3014:27)
attemptPlay @ CallModal.tsx:2971
element.addEventListener.once @ CallModal.tsx:3014
10:20:27.018 CallModal.tsx:2975 [CallModal] 🔄 Waiting for stream to become active for cmeifml0h001okung0i95m8s6
10:20:27.019 CallModal.tsx:3029 [CallModal] Audio can play for cmeifml0h001okung0i95m8s6
10:20:27.019 CallModal.tsx:3018 [CallModal] Audio canplay event for cmeifml0h001okung0i95m8s6
10:20:27.019 CallModal.tsx:2967 [CallModal] 🔄 Stream not ready, waiting...
10:20:27.019 CallModal.tsx:2971 [CallModal] ❌ Initial audio play failed for cmeifml0h001okung0i95m8s6: Error: Stream not ready
    at attemptPlay (CallModal.tsx:2968:37)
    at element.addEventListener.once (CallModal.tsx:3019:27)
attemptPlay @ CallModal.tsx:2971
element.addEventListener.once @ CallModal.tsx:3019
10:20:27.019 CallModal.tsx:2975 [CallModal] 🔄 Waiting for stream to become active for cmeifml0h001okung0i95m8s6
10:20:27.020 CallModal.tsx:3030 [CallModal] Audio is playing for cmeifml0h001okung0i95m8s6
10:20:27.068 CallModal.tsx:62 [CallModal] Rendered - voice call opened
10:20:27.069 CallModal.tsx:62 [CallModal] Rendered - voice call opened
10:20:27.070 CallModal.tsx:2603 [VoiceParticipant] Tester voice activity debug: {participantId: 'cmeifml0h001okung0i95m8s6', hasOriginalStream: true, hasLatestStream: true, streamActive: false, audioTracksCount: 1, …}
10:20:27.070 CallModal.tsx:2603 [VoiceParticipant] Tester voice activity debug: {participantId: 'cmeifml0h001okung0i95m8s6', hasOriginalStream: true, hasLatestStream: true, streamActive: false, audioTracksCount: 1, …}
10:20:27.072 CallModal.tsx:2917 [CallModal] 🔊 Setting up audio element for participant cmeifml0h001okung0i95m8s6
10:20:27.073 CallModal.tsx:2918 [CallModal] Stream details: {id: '22684b8b-e675-484e-8ba1-c9d3f02f2c18', active: false, audioTracks: Array(1)}
10:20:27.073 CallModal.tsx:2932 [CallModal] Previous audio element for cmeifml0h001okung0i95m8s6: false
10:20:27.077 CallModal.tsx:2941 [CallModal] Cleared previous srcObject for cmeifml0h001okung0i95m8s6
10:20:27.078 CallModal.tsx:2967 [CallModal] 🔄 Stream not ready, waiting...
10:20:27.078 CallModal.tsx:2971 [CallModal] ❌ Initial audio play failed for cmeifml0h001okung0i95m8s6: Error: Stream not ready
    at attemptPlay (CallModal.tsx:2968:37)
    at ref (CallModal.tsx:3009:25)
    at commitAttachRef (react-dom.development.js:21677:37)
    at safelyAttachRef (react-dom.development.js:20803:5)
    at commitLayoutEffectOnFiber (react-dom.development.js:21498:11)
    at recursivelyTraverseLayoutEffects (react-dom.development.js:22926:7)
    at commitLayoutEffectOnFiber (react-dom.development.js:21577:9)
    at recursivelyTraverseLayoutEffects (react-dom.development.js:22926:7)
    at commitLayoutEffectOnFiber (react-dom.development.js:21488:9)
    at recursivelyTraverseLayoutEffects (react-dom.development.js:22926:7)
    at commitLayoutEffectOnFiber (react-dom.development.js:21488:9)
    at recursivelyTraverseLayoutEffects (react-dom.development.js:22926:7)
    at commitLayoutEffectOnFiber (react-dom.development.js:21488:9)
    at recursivelyTraverseLayoutEffects (react-dom.development.js:22926:7)
    at commitLayoutEffectOnFiber (react-dom.development.js:21488:9)
    at recursivelyTraverseLayoutEffects (react-dom.development.js:22926:7)
    at commitLayoutEffectOnFiber (react-dom.development.js:21407:9)
    at recursivelyTraverseLayoutEffects (react-dom.development.js:22926:7)
    at commitLayoutEffectOnFiber (react-dom.development.js:21407:9)
    at recursivelyTraverseLayoutEffects (react-dom.development.js:22926:7)
    at commitLayoutEffectOnFiber (react-dom.development.js:21577:9)
    at recursivelyTraverseLayoutEffects (react-dom.development.js:22926:7)
    at commitLayoutEffectOnFiber (react-dom.development.js:21407:9)
    at recursivelyTraverseLayoutEffects (react-dom.development.js:22926:7)
    at commitLayoutEffectOnFiber (react-dom.development.js:21577:9)
    at recursivelyTraverseLayoutEffects (react-dom.development.js:22926:7)
    at commitLayoutEffectOnFiber (react-dom.development.js:21407:9)
    at recursivelyTraverseLayoutEffects (react-dom.development.js:22926:7)
    at commitLayoutEffectOnFiber (react-dom.development.js:21577:9)
    at recursivelyTraverseLayoutEffects (react-dom.development.js:22926:7)
    at commitLayoutEffectOnFiber (react-dom.development.js:21407:9)
    at recursivelyTraverseLayoutEffects (react-dom.development.js:22926:7)
    at commitLayoutEffectOnFiber (react-dom.development.js:21577:9)
    at recursivelyTraverseLayoutEffects (react-dom.development.js:22926:7)
    at commitLayoutEffectOnFiber (react-dom.development.js:21407:9)
    at recursivelyTraverseLayoutEffects (react-dom.development.js:22926:7)
    at commitLayoutEffectOnFiber (react-dom.development.js:21407:9)
    at recursivelyTraverseLayoutEffects (react-dom.development.js:22926:7)
    at commitLayoutEffectOnFiber (react-dom.development.js:21488:9)
    at recursivelyTraverseLayoutEffects (react-dom.development.js:22926:7)
    at commitLayoutEffectOnFiber (react-dom.development.js:21488:9)
    at recursivelyTraverseLayoutEffects (react-dom.development.js:22926:7)
    at commitLayoutEffectOnFiber (react-dom.development.js:21577:9)
    at recursivelyTraverseLayoutEffects (react-dom.development.js:22926:7)
    at commitLayoutEffectOnFiber (react-dom.development.js:21577:9)
    at recursivelyTraverseLayoutEffects (react-dom.development.js:22926:7)
    at commitLayoutEffectOnFiber (react-dom.development.js:21418:9)
    at recursivelyTraverseLayoutEffects (react-dom.development.js:22926:7)
    at commitLayoutEffectOnFiber (react-dom.development.js:21407:9)
    at recursivelyTraverseLayoutEffects (react-dom.development.js:22926:7)
attemptPlay @ CallModal.tsx:2971
ref @ CallModal.tsx:3009
commitAttachRef @ react-dom.development.js:21677
safelyAttachRef @ react-dom.development.js:20803
commitLayoutEffectOnFiber @ react-dom.development.js:21498
recursivelyTraverseLayoutEffects @ react-dom.development.js:22926
commitLayoutEffectOnFiber @ react-dom.development.js:21577
recursivelyTraverseLayoutEffects @ react-dom.development.js:22926
commitLayoutEffectOnFiber @ react-dom.development.js:21488
recursivelyTraverseLayoutEffects @ react-dom.development.js:22926
commitLayoutEffectOnFiber @ react-dom.development.js:21488
recursivelyTraverseLayoutEffects @ react-dom.development.js:22926
commitLayoutEffectOnFiber @ react-dom.development.js:21488
recursivelyTraverseLayoutEffects @ react-dom.development.js:22926
commitLayoutEffectOnFiber @ react-dom.development.js:21488
recursivelyTraverseLayoutEffects @ react-dom.development.js:22926
commitLayoutEffectOnFiber @ react-dom.development.js:21407
recursivelyTraverseLayoutEffects @ react-dom.development.js:22926
commitLayoutEffectOnFiber @ react-dom.development.js:21407
recursivelyTraverseLayoutEffects @ react-dom.development.js:22926
commitLayoutEffectOnFiber @ react-dom.development.js:21577
recursivelyTraverseLayoutEffects @ react-dom.development.js:22926
commitLayoutEffectOnFiber @ react-dom.development.js:21407
recursivelyTraverseLayoutEffects @ react-dom.development.js:22926
commitLayoutEffectOnFiber @ react-dom.development.js:21577
recursivelyTraverseLayoutEffects @ react-dom.development.js:22926
commitLayoutEffectOnFiber @ react-dom.development.js:21407
recursivelyTraverseLayoutEffects @ react-dom.development.js:22926
commitLayoutEffectOnFiber @ react-dom.development.js:21577
recursivelyTraverseLayoutEffects @ react-dom.development.js:22926
commitLayoutEffectOnFiber @ react-dom.development.js:21407
recursivelyTraverseLayoutEffects @ react-dom.development.js:22926
commitLayoutEffectOnFiber @ react-dom.development.js:21577
recursivelyTraverseLayoutEffects @ react-dom.development.js:22926
commitLayoutEffectOnFiber @ react-dom.development.js:21407
recursivelyTraverseLayoutEffects @ react-dom.development.js:22926
commitLayoutEffectOnFiber @ react-dom.development.js:21407
recursivelyTraverseLayoutEffects @ react-dom.development.js:22926
commitLayoutEffectOnFiber @ react-dom.development.js:21488
recursivelyTraverseLayoutEffects @ react-dom.development.js:22926
commitLayoutEffectOnFiber @ react-dom.development.js:21488
recursivelyTraverseLayoutEffects @ react-dom.development.js:22926
commitLayoutEffectOnFiber @ react-dom.development.js:21577
recursivelyTraverseLayoutEffects @ react-dom.development.js:22926
commitLayoutEffectOnFiber @ react-dom.development.js:21577
recursivelyTraverseLayoutEffects @ react-dom.development.js:22926
commitLayoutEffectOnFiber @ react-dom.development.js:21418
recursivelyTraverseLayoutEffects @ react-dom.development.js:22926
commitLayoutEffectOnFiber @ react-dom.development.js:21407
recursivelyTraverseLayoutEffects @ react-dom.development.js:22926
commitLayoutEffectOnFiber @ react-dom.development.js:21577
recursivelyTraverseLayoutEffects @ react-dom.development.js:22926
commitLayoutEffectOnFiber @ react-dom.development.js:21418
recursivelyTraverseLayoutEffects @ react-dom.development.js:22926
commitLayoutEffectOnFiber @ react-dom.development.js:21407
recursivelyTraverseLayoutEffects @ react-dom.development.js:22926
commitLayoutEffectOnFiber @ react-dom.development.js:21407
recursivelyTraverseLayoutEffects @ react-dom.development.js:22926
commitLayoutEffectOnFiber @ react-dom.development.js:21418
recursivelyTraverseLayoutEffects @ react-dom.development.js:22926
commitLayoutEffectOnFiber @ react-dom.development.js:21407
recursivelyTraverseLayoutEffects @ react-dom.development.js:22926
commitLayoutEffectOnFiber @ react-dom.development.js:21577
recursivelyTraverseLayoutEffects @ react-dom.development.js:22926
commitLayoutEffectOnFiber @ react-dom.development.js:21577
recursivelyTraverseLayoutEffects @ react-dom.development.js:22926
commitLayoutEffectOnFiber @ react-dom.development.js:21577
recursivelyTraverseLayoutEffects @ react-dom.development.js:22926
commitLayoutEffectOnFiber @ react-dom.development.js:21577
recursivelyTraverseLayoutEffects @ react-dom.development.js:22926
commitLayoutEffectOnFiber @ react-dom.development.js:21577
recursivelyTraverseLayoutEffects @ react-dom.development.js:22926
commitLayoutEffectOnFiber @ react-dom.development.js:21577
recursivelyTraverseLayoutEffects @ react-dom.development.js:22926
commitLayoutEffectOnFiber @ react-dom.development.js:21407
recursivelyTraverseLayoutEffects @ react-dom.development.js:22926
commitLayoutEffectOnFiber @ react-dom.development.js:21418
recursivelyTraverseLayoutEffects @ react-dom.development.js:22926
commitLayoutEffectOnFiber @ react-dom.development.js:21407
recursivelyTraverseLayoutEffects @ react-dom.development.js:22926
commitLayoutEffectOnFiber @ react-dom.development.js:21407
recursivelyTraverseLayoutEffects @ react-dom.development.js:22926
commitLayoutEffectOnFiber @ react-dom.development.js:21407
recursivelyTraverseLayoutEffects @ react-dom.development.js:22926
commitLayoutEffectOnFiber @ react-dom.development.js:21407
recursivelyTraverseLayoutEffects @ react-dom.development.js:22926
commitLayoutEffectOnFiber @ react-dom.development.js:21577
recursivelyTraverseLayoutEffects @ react-dom.development.js:22926
commitLayoutEffectOnFiber @ react-dom.development.js:21577
recursivelyTraverseLayoutEffects @ react-dom.development.js:22926
commitLayoutEffectOnFiber @ react-dom.development.js:21577
recursivelyTraverseLayoutEffects @ react-dom.development.js:22926
commitLayoutEffectOnFiber @ react-dom.development.js:21437
commitLayoutEffects @ react-dom.development.js:22912
commitRootImpl @ react-dom.development.js:26226
commitRoot @ react-dom.development.js:26077
commitRootWhenReady @ react-dom.development.js:24749
finishConcurrentRender @ react-dom.development.js:24714
performConcurrentWorkOnRoot @ react-dom.development.js:24559
workLoop @ scheduler.development.js:256
flushWork @ scheduler.development.js:225
performWorkUntilDeadline @ scheduler.development.js:534
10:20:27.078 CallModal.tsx:2975 [CallModal] 🔄 Waiting for stream to become active for cmeifml0h001okung0i95m8s6
10:20:27.224 useVoiceActivity.ts:22 [VoiceActivity] Effect triggered: {hasStream: true, streamId: '22684b8b-e675-484e-8ba1-c9d3f02f2c18', audioTracks: 1, threshold: -40}
10:20:27.224 useVoiceActivity.ts:42 [VoiceActivity] Initializing for stream: 22684b8b-e675-484e-8ba1-c9d3f02f2c18 with 1 audio tracks
10:20:27.225 useVoiceActivity.ts:22 [VoiceActivity] Effect triggered: {hasStream: true, streamId: '22684b8b-e675-484e-8ba1-c9d3f02f2c18', audioTracks: 1, threshold: -40}
10:20:27.226 useVoiceActivity.ts:42 [VoiceActivity] Initializing for stream: 22684b8b-e675-484e-8ba1-c9d3f02f2c18 with 1 audio tracks
10:20:27.226 CallModal.tsx:62 [CallModal] Rendered - voice call opened
10:20:27.227 CallModal.tsx:62 [CallModal] Rendered - voice call opened
10:20:27.228 CallModal.tsx:3013 [CallModal] Audio loadeddata event for cmeifml0h001okung0i95m8s6
10:20:27.228 CallModal.tsx:2967 [CallModal] 🔄 Stream not ready, waiting...
10:20:27.228 CallModal.tsx:2971 [CallModal] ❌ Initial audio play failed for cmeifml0h001okung0i95m8s6: Error: Stream not ready
    at attemptPlay (CallModal.tsx:2968:37)
    at element.addEventListener.once (CallModal.tsx:3014:27)
attemptPlay @ CallModal.tsx:2971
element.addEventListener.once @ CallModal.tsx:3014
10:20:27.228 CallModal.tsx:2975 [CallModal] 🔄 Waiting for stream to become active for cmeifml0h001okung0i95m8s6
10:20:27.228 CallModal.tsx:3029 [CallModal] Audio can play for cmeifml0h001okung0i95m8s6
10:20:27.229 CallModal.tsx:3018 [CallModal] Audio canplay event for cmeifml0h001okung0i95m8s6
10:20:27.229 CallModal.tsx:2967 [CallModal] 🔄 Stream not ready, waiting...
10:20:27.229 CallModal.tsx:2971 [CallModal] ❌ Initial audio play failed for cmeifml0h001okung0i95m8s6: Error: Stream not ready
    at attemptPlay (CallModal.tsx:2968:37)
    at element.addEventListener.once (CallModal.tsx:3019:27)
attemptPlay @ CallModal.tsx:2971
element.addEventListener.once @ CallModal.tsx:3019
10:20:27.229 CallModal.tsx:2975 [CallModal] 🔄 Waiting for stream to become active for cmeifml0h001okung0i95m8s6
10:20:27.229 CallModal.tsx:3030 [CallModal] Audio is playing for cmeifml0h001okung0i95m8s6
10:20:27.306 CallModal.tsx:62 [CallModal] Rendered - voice call opened
10:20:27.306 CallModal.tsx:62 [CallModal] Rendered - voice call opened
10:20:27.307 CallModal.tsx:2603 [VoiceParticipant] Tester voice activity debug: {participantId: 'cmeifml0h001okung0i95m8s6', hasOriginalStream: true, hasLatestStream: true, streamActive: false, audioTracksCount: 1, …}
10:20:27.307 CallModal.tsx:2603 [VoiceParticipant] Tester voice activity debug: {participantId: 'cmeifml0h001okung0i95m8s6', hasOriginalStream: true, hasLatestStream: true, streamActive: false, audioTracksCount: 1, …}
10:20:27.308 CallModal.tsx:2917 [CallModal] 🔊 Setting up audio element for participant cmeifml0h001okung0i95m8s6
10:20:27.308 CallModal.tsx:2918 [CallModal] Stream details: {id: '22684b8b-e675-484e-8ba1-c9d3f02f2c18', active: false, audioTracks: Array(1)}
10:20:27.309 CallModal.tsx:2932 [CallModal] Previous audio element for cmeifml0h001okung0i95m8s6: false
10:20:27.310 CallModal.tsx:2941 [CallModal] Cleared previous srcObject for cmeifml0h001okung0i95m8s6
10:20:27.311 CallModal.tsx:2967 [CallModal] 🔄 Stream not ready, waiting...
10:20:27.311 CallModal.tsx:2971 [CallModal] ❌ Initial audio play failed for cmeifml0h001okung0i95m8s6: Error: Stream not ready
    at attemptPlay (CallModal.tsx:2968:37)
    at ref (CallModal.tsx:3009:25)
    at commitAttachRef (react-dom.development.js:21677:37)
    at safelyAttachRef (react-dom.development.js:20803:5)
    at commitLayoutEffectOnFiber (react-dom.development.js:21498:11)
    at recursivelyTraverseLayoutEffects (react-dom.development.js:22926:7)
    at commitLayoutEffectOnFiber (react-dom.development.js:21577:9)
    at recursivelyTraverseLayoutEffects (react-dom.development.js:22926:7)
    at commitLayoutEffectOnFiber (react-dom.development.js:21488:9)
    at recursivelyTraverseLayoutEffects (react-dom.development.js:22926:7)
    at commitLayoutEffectOnFiber (react-dom.development.js:21488:9)
    at recursivelyTraverseLayoutEffects (react-dom.development.js:22926:7)
    at commitLayoutEffectOnFiber (react-dom.development.js:21488:9)
    at recursivelyTraverseLayoutEffects (react-dom.development.js:22926:7)
    at commitLayoutEffectOnFiber (react-dom.development.js:21488:9)
    at recursivelyTraverseLayoutEffects (react-dom.development.js:22926:7)
    at commitLayoutEffectOnFiber (react-dom.development.js:21407:9)
    at recursivelyTraverseLayoutEffects (react-dom.development.js:22926:7)
    at commitLayoutEffectOnFiber (react-dom.development.js:21407:9)
    at recursivelyTraverseLayoutEffects (react-dom.development.js:22926:7)
    at commitLayoutEffectOnFiber (react-dom.development.js:21577:9)
    at recursivelyTraverseLayoutEffects (react-dom.development.js:22926:7)
    at commitLayoutEffectOnFiber (react-dom.development.js:21407:9)
    at recursivelyTraverseLayoutEffects (react-dom.development.js:22926:7)
    at commitLayoutEffectOnFiber (react-dom.development.js:21577:9)
    at recursivelyTraverseLayoutEffects (react-dom.development.js:22926:7)
    at commitLayoutEffectOnFiber (react-dom.development.js:21407:9)
    at recursivelyTraverseLayoutEffects (react-dom.development.js:22926:7)
    at commitLayoutEffectOnFiber (react-dom.development.js:21577:9)
    at recursivelyTraverseLayoutEffects (react-dom.development.js:22926:7)
    at commitLayoutEffectOnFiber (react-dom.development.js:21407:9)
    at recursivelyTraverseLayoutEffects (react-dom.development.js:22926:7)
    at commitLayoutEffectOnFiber (react-dom.development.js:21577:9)
    at recursivelyTraverseLayoutEffects (react-dom.development.js:22926:7)
    at commitLayoutEffectOnFiber (react-dom.development.js:21407:9)
    at recursivelyTraverseLayoutEffects (react-dom.development.js:22926:7)
    at commitLayoutEffectOnFiber (react-dom.development.js:21407:9)
    at recursivelyTraverseLayoutEffects (react-dom.development.js:22926:7)
    at commitLayoutEffectOnFiber (react-dom.development.js:21488:9)
    at recursivelyTraverseLayoutEffects (react-dom.development.js:22926:7)
    at commitLayoutEffectOnFiber (react-dom.development.js:21488:9)
    at recursivelyTraverseLayoutEffects (react-dom.development.js:22926:7)
    at commitLayoutEffectOnFiber (react-dom.development.js:21577:9)
    at recursivelyTraverseLayoutEffects (react-dom.development.js:22926:7)
    at commitLayoutEffectOnFiber (react-dom.development.js:21577:9)
    at recursivelyTraverseLayoutEffects (react-dom.development.js:22926:7)
    at commitLayoutEffectOnFiber (react-dom.development.js:21418:9)
    at recursivelyTraverseLayoutEffects (react-dom.development.js:22926:7)
    at commitLayoutEffectOnFiber (react-dom.development.js:21407:9)
    at recursivelyTraverseLayoutEffects (react-dom.development.js:22926:7)
attemptPlay @ CallModal.tsx:2971
ref @ CallModal.tsx:3009
commitAttachRef @ react-dom.development.js:21677
safelyAttachRef @ react-dom.development.js:20803
commitLayoutEffectOnFiber @ react-dom.development.js:21498
recursivelyTraverseLayoutEffects @ react-dom.development.js:22926
commitLayoutEffectOnFiber @ react-dom.development.js:21577
recursivelyTraverseLayoutEffects @ react-dom.development.js:22926
commitLayoutEffectOnFiber @ react-dom.development.js:21488
recursivelyTraverseLayoutEffects @ react-dom.development.js:22926
commitLayoutEffectOnFiber @ react-dom.development.js:21488
recursivelyTraverseLayoutEffects @ react-dom.development.js:22926
commitLayoutEffectOnFiber @ react-dom.development.js:21488
recursivelyTraverseLayoutEffects @ react-dom.development.js:22926
commitLayoutEffectOnFiber @ react-dom.development.js:21488
recursivelyTraverseLayoutEffects @ react-dom.development.js:22926
commitLayoutEffectOnFiber @ react-dom.development.js:21407
recursivelyTraverseLayoutEffects @ react-dom.development.js:22926
commitLayoutEffectOnFiber @ react-dom.development.js:21407
recursivelyTraverseLayoutEffects @ react-dom.development.js:22926
commitLayoutEffectOnFiber @ react-dom.development.js:21577
recursivelyTraverseLayoutEffects @ react-dom.development.js:22926
commitLayoutEffectOnFiber @ react-dom.development.js:21407
recursivelyTraverseLayoutEffects @ react-dom.development.js:22926
commitLayoutEffectOnFiber @ react-dom.development.js:21577
recursivelyTraverseLayoutEffects @ react-dom.development.js:22926
commitLayoutEffectOnFiber @ react-dom.development.js:21407
recursivelyTraverseLayoutEffects @ react-dom.development.js:22926
commitLayoutEffectOnFiber @ react-dom.development.js:21577
recursivelyTraverseLayoutEffects @ react-dom.development.js:22926
commitLayoutEffectOnFiber @ react-dom.development.js:21407
recursivelyTraverseLayoutEffects @ react-dom.development.js:22926
commitLayoutEffectOnFiber @ react-dom.development.js:21577
recursivelyTraverseLayoutEffects @ react-dom.development.js:22926
commitLayoutEffectOnFiber @ react-dom.development.js:21407
recursivelyTraverseLayoutEffects @ react-dom.development.js:22926
commitLayoutEffectOnFiber @ react-dom.development.js:21407
recursivelyTraverseLayoutEffects @ react-dom.development.js:22926
commitLayoutEffectOnFiber @ react-dom.development.js:21488
recursivelyTraverseLayoutEffects @ react-dom.development.js:22926
commitLayoutEffectOnFiber @ react-dom.development.js:21488
recursivelyTraverseLayoutEffects @ react-dom.development.js:22926
commitLayoutEffectOnFiber @ react-dom.development.js:21577
recursivelyTraverseLayoutEffects @ react-dom.development.js:22926
commitLayoutEffectOnFiber @ react-dom.development.js:21577
recursivelyTraverseLayoutEffects @ react-dom.development.js:22926
commitLayoutEffectOnFiber @ react-dom.development.js:21418
recursivelyTraverseLayoutEffects @ react-dom.development.js:22926
commitLayoutEffectOnFiber @ react-dom.development.js:21407
recursivelyTraverseLayoutEffects @ react-dom.development.js:22926
commitLayoutEffectOnFiber @ react-dom.development.js:21577
recursivelyTraverseLayoutEffects @ react-dom.development.js:22926
commitLayoutEffectOnFiber @ react-dom.development.js:21418
recursivelyTraverseLayoutEffects @ react-dom.development.js:22926
commitLayoutEffectOnFiber @ react-dom.development.js:21407
recursivelyTraverseLayoutEffects @ react-dom.development.js:22926
commitLayoutEffectOnFiber @ react-dom.development.js:21407
recursivelyTraverseLayoutEffects @ react-dom.development.js:22926
commitLayoutEffectOnFiber @ react-dom.development.js:21418
recursivelyTraverseLayoutEffects @ react-dom.development.js:22926
commitLayoutEffectOnFiber @ react-dom.development.js:21407
recursivelyTraverseLayoutEffects @ react-dom.development.js:22926
commitLayoutEffectOnFiber @ react-dom.development.js:21577
recursivelyTraverseLayoutEffects @ react-dom.development.js:22926
commitLayoutEffectOnFiber @ react-dom.development.js:21577
recursivelyTraverseLayoutEffects @ react-dom.development.js:22926
commitLayoutEffectOnFiber @ react-dom.development.js:21577
recursivelyTraverseLayoutEffects @ react-dom.development.js:22926
commitLayoutEffectOnFiber @ react-dom.development.js:21577
recursivelyTraverseLayoutEffects @ react-dom.development.js:22926
commitLayoutEffectOnFiber @ react-dom.development.js:21577
recursivelyTraverseLayoutEffects @ react-dom.development.js:22926
commitLayoutEffectOnFiber @ react-dom.development.js:21577
recursivelyTraverseLayoutEffects @ react-dom.development.js:22926
commitLayoutEffectOnFiber @ react-dom.development.js:21407
recursivelyTraverseLayoutEffects @ react-dom.development.js:22926
commitLayoutEffectOnFiber @ react-dom.development.js:21418
recursivelyTraverseLayoutEffects @ react-dom.development.js:22926
commitLayoutEffectOnFiber @ react-dom.development.js:21407
recursivelyTraverseLayoutEffects @ react-dom.development.js:22926
commitLayoutEffectOnFiber @ react-dom.development.js:21407
recursivelyTraverseLayoutEffects @ react-dom.development.js:22926
commitLayoutEffectOnFiber @ react-dom.development.js:21407
recursivelyTraverseLayoutEffects @ react-dom.development.js:22926
commitLayoutEffectOnFiber @ react-dom.development.js:21407
recursivelyTraverseLayoutEffects @ react-dom.development.js:22926
commitLayoutEffectOnFiber @ react-dom.development.js:21577
recursivelyTraverseLayoutEffects @ react-dom.development.js:22926
commitLayoutEffectOnFiber @ react-dom.development.js:21577
recursivelyTraverseLayoutEffects @ react-dom.development.js:22926
commitLayoutEffectOnFiber @ react-dom.development.js:21577
recursivelyTraverseLayoutEffects @ react-dom.development.js:22926
commitLayoutEffectOnFiber @ react-dom.development.js:21437
commitLayoutEffects @ react-dom.development.js:22912
commitRootImpl @ react-dom.development.js:26226
commitRoot @ react-dom.development.js:26077
commitRootWhenReady @ react-dom.development.js:24749
finishConcurrentRender @ react-dom.development.js:24714
performConcurrentWorkOnRoot @ react-dom.development.js:24559
workLoop @ scheduler.development.js:256
flushWork @ scheduler.development.js:225
performWorkUntilDeadline @ scheduler.development.js:534
10:20:27.312 CallModal.tsx:2975 [CallModal] 🔄 Waiting for stream to become active for cmeifml0h001okung0i95m8s6
10:20:27.370 useVoiceActivity.ts:22 [VoiceActivity] Effect triggered: {hasStream: true, streamId: '22684b8b-e675-484e-8ba1-c9d3f02f2c18', audioTracks: 1, threshold: -40}
10:20:27.370 useVoiceActivity.ts:42 [VoiceActivity] Initializing for stream: 22684b8b-e675-484e-8ba1-c9d3f02f2c18 with 1 audio tracks
10:20:27.372 useVoiceActivity.ts:22 [VoiceActivity] Effect triggered: {hasStream: true, streamId: '22684b8b-e675-484e-8ba1-c9d3f02f2c18', audioTracks: 1, threshold: -40}
10:20:27.372 useVoiceActivity.ts:42 [VoiceActivity] Initializing for stream: 22684b8b-e675-484e-8ba1-c9d3f02f2c18 with 1 audio tracks
10:20:27.381 CallModal.tsx:3013 [CallModal] Audio loadeddata event for cmeifml0h001okung0i95m8s6
10:20:27.381 CallModal.tsx:2967 [CallModal] 🔄 Stream not ready, waiting...
10:20:27.381 CallModal.tsx:2971 [CallModal] ❌ Initial audio play failed for cmeifml0h001okung0i95m8s6: Error: Stream not ready
    at attemptPlay (CallModal.tsx:2968:37)
    at element.addEventListener.once (CallModal.tsx:3014:27)
attemptPlay @ CallModal.tsx:2971
element.addEventListener.once @ CallModal.tsx:3014
10:20:27.382 CallModal.tsx:2975 [CallModal] 🔄 Waiting for stream to become active for cmeifml0h001okung0i95m8s6
10:20:27.382 CallModal.tsx:3029 [CallModal] Audio can play for cmeifml0h001okung0i95m8s6
10:20:27.382 CallModal.tsx:3018 [CallModal] Audio canplay event for cmeifml0h001okung0i95m8s6
10:20:27.382 CallModal.tsx:2967 [CallModal] 🔄 Stream not ready, waiting...
10:20:27.382 CallModal.tsx:2971 [CallModal] ❌ Initial audio play failed for cmeifml0h001okung0i95m8s6: Error: Stream not ready
    at attemptPlay (CallModal.tsx:2968:37)
    at element.addEventListener.once (CallModal.tsx:3019:27)
attemptPlay @ CallModal.tsx:2971
element.addEventListener.once @ CallModal.tsx:3019
10:20:27.383 CallModal.tsx:2975 [CallModal] 🔄 Waiting for stream to become active for cmeifml0h001okung0i95m8s6
10:20:27.383 CallModal.tsx:3030 [CallModal] Audio is playing for cmeifml0h001okung0i95m8s6
10:20:27.384 CallModal.tsx:62 [CallModal] Rendered - voice call opened
10:20:27.385 CallModal.tsx:62 [CallModal] Rendered - voice call opened
10:20:27.457 webrtc.ts:774 [WebRTC] 🔄 Connection state changed to: connected for cmeifml0h001okung0i95m8s6
10:20:27.457 webrtc.ts:777 [WebRTC] 🔍 DEBUG - Full connection diagnostic: {participantId: 'cmeifml0h001okung0i95m8s6', connectionState: 'connected', iceConnectionState: 'connected', iceGatheringState: 'complete', signalingState: 'stable', …}
10:20:27.458 webrtc.ts:818 [WebRTC] ✅ Connection ESTABLISHED for cmeifml0h001okung0i95m8s6 - call should work now
10:20:27.458 webrtc.ts:842 [WebRTC] Connection ESTABLISHED successfully for: cmeifml0h001okung0i95m8s6
10:20:27.464 webrtc.ts:728 [WebRTC] 🔊 Remote track unmuted: audio for: cmeifml0h001okung0i95m8s6
10:20:27.545 CallModal.tsx:62 [CallModal] Rendered - voice call opened
10:20:27.546 CallModal.tsx:62 [CallModal] Rendered - voice call opened
10:20:27.546 CallModal.tsx:2603 [VoiceParticipant] Tester voice activity debug: {participantId: 'cmeifml0h001okung0i95m8s6', hasOriginalStream: true, hasLatestStream: true, streamActive: false, audioTracksCount: 1, …}
10:20:27.547 CallModal.tsx:2603 [VoiceParticipant] Tester voice activity debug: {participantId: 'cmeifml0h001okung0i95m8s6', hasOriginalStream: true, hasLatestStream: true, streamActive: false, audioTracksCount: 1, …}
10:20:27.548 CallModal.tsx:2917 [CallModal] 🔊 Setting up audio element for participant cmeifml0h001okung0i95m8s6
10:20:27.549 CallModal.tsx:2918 [CallModal] Stream details: {id: '22684b8b-e675-484e-8ba1-c9d3f02f2c18', active: false, audioTracks: Array(1)}
10:20:27.549 CallModal.tsx:2932 [CallModal] Previous audio element for cmeifml0h001okung0i95m8s6: false
10:20:27.552 CallModal.tsx:2941 [CallModal] Cleared previous srcObject for cmeifml0h001okung0i95m8s6
10:20:27.553 CallModal.tsx:2967 [CallModal] 🔄 Stream not ready, waiting...
10:20:27.553 CallModal.tsx:2971 [CallModal] ❌ Initial audio play failed for cmeifml0h001okung0i95m8s6: Error: Stream not ready
    at attemptPlay (CallModal.tsx:2968:37)
    at ref (CallModal.tsx:3009:25)
    at commitAttachRef (react-dom.development.js:21677:37)
    at safelyAttachRef (react-dom.development.js:20803:5)
    at commitLayoutEffectOnFiber (react-dom.development.js:21498:11)
    at recursivelyTraverseLayoutEffects (react-dom.development.js:22926:7)
    at commitLayoutEffectOnFiber (react-dom.development.js:21577:9)
    at recursivelyTraverseLayoutEffects (react-dom.development.js:22926:7)
    at commitLayoutEffectOnFiber (react-dom.development.js:21488:9)
    at recursivelyTraverseLayoutEffects (react-dom.development.js:22926:7)
    at commitLayoutEffectOnFiber (react-dom.development.js:21488:9)
    at recursivelyTraverseLayoutEffects (react-dom.development.js:22926:7)
    at commitLayoutEffectOnFiber (react-dom.development.js:21488:9)
    at recursivelyTraverseLayoutEffects (react-dom.development.js:22926:7)
    at commitLayoutEffectOnFiber (react-dom.development.js:21488:9)
    at recursivelyTraverseLayoutEffects (react-dom.development.js:22926:7)
    at commitLayoutEffectOnFiber (react-dom.development.js:21407:9)
    at recursivelyTraverseLayoutEffects (react-dom.development.js:22926:7)
    at commitLayoutEffectOnFiber (react-dom.development.js:21407:9)
    at recursivelyTraverseLayoutEffects (react-dom.development.js:22926:7)
    at commitLayoutEffectOnFiber (react-dom.development.js:21577:9)
    at recursivelyTraverseLayoutEffects (react-dom.development.js:22926:7)
    at commitLayoutEffectOnFiber (react-dom.development.js:21407:9)
    at recursivelyTraverseLayoutEffects (react-dom.development.js:22926:7)
    at commitLayoutEffectOnFiber (react-dom.development.js:21577:9)
    at recursivelyTraverseLayoutEffects (react-dom.development.js:22926:7)
    at commitLayoutEffectOnFiber (react-dom.development.js:21407:9)
    at recursivelyTraverseLayoutEffects (react-dom.development.js:22926:7)
    at commitLayoutEffectOnFiber (react-dom.development.js:21577:9)
    at recursivelyTraverseLayoutEffects (react-dom.development.js:22926:7)
    at commitLayoutEffectOnFiber (react-dom.development.js:21407:9)
    at recursivelyTraverseLayoutEffects (react-dom.development.js:22926:7)
    at commitLayoutEffectOnFiber (react-dom.development.js:21577:9)
    at recursivelyTraverseLayoutEffects (react-dom.development.js:22926:7)
    at commitLayoutEffectOnFiber (react-dom.development.js:21407:9)
    at recursivelyTraverseLayoutEffects (react-dom.development.js:22926:7)
    at commitLayoutEffectOnFiber (react-dom.development.js:21407:9)
    at recursivelyTraverseLayoutEffects (react-dom.development.js:22926:7)
    at commitLayoutEffectOnFiber (react-dom.development.js:21488:9)
    at recursivelyTraverseLayoutEffects (react-dom.development.js:22926:7)
    at commitLayoutEffectOnFiber (react-dom.development.js:21488:9)
    at recursivelyTraverseLayoutEffects (react-dom.development.js:22926:7)
    at commitLayoutEffectOnFiber (react-dom.development.js:21577:9)
    at recursivelyTraverseLayoutEffects (react-dom.development.js:22926:7)
    at commitLayoutEffectOnFiber (react-dom.development.js:21577:9)
    at recursivelyTraverseLayoutEffects (react-dom.development.js:22926:7)
    at commitLayoutEffectOnFiber (react-dom.development.js:21418:9)
    at recursivelyTraverseLayoutEffects (react-dom.development.js:22926:7)
    at commitLayoutEffectOnFiber (react-dom.development.js:21407:9)
    at recursivelyTraverseLayoutEffects (react-dom.development.js:22926:7)
attemptPlay @ CallModal.tsx:2971
ref @ CallModal.tsx:3009
commitAttachRef @ react-dom.development.js:21677
safelyAttachRef @ react-dom.development.js:20803
commitLayoutEffectOnFiber @ react-dom.development.js:21498
recursivelyTraverseLayoutEffects @ react-dom.development.js:22926
commitLayoutEffectOnFiber @ react-dom.development.js:21577
recursivelyTraverseLayoutEffects @ react-dom.development.js:22926
commitLayoutEffectOnFiber @ react-dom.development.js:21488
recursivelyTraverseLayoutEffects @ react-dom.development.js:22926
commitLayoutEffectOnFiber @ react-dom.development.js:21488
recursivelyTraverseLayoutEffects @ react-dom.development.js:22926
commitLayoutEffectOnFiber @ react-dom.development.js:21488
recursivelyTraverseLayoutEffects @ react-dom.development.js:22926
commitLayoutEffectOnFiber @ react-dom.development.js:21488
recursivelyTraverseLayoutEffects @ react-dom.development.js:22926
commitLayoutEffectOnFiber @ react-dom.development.js:21407
recursivelyTraverseLayoutEffects @ react-dom.development.js:22926
commitLayoutEffectOnFiber @ react-dom.development.js:21407
recursivelyTraverseLayoutEffects @ react-dom.development.js:22926
commitLayoutEffectOnFiber @ react-dom.development.js:21577
recursivelyTraverseLayoutEffects @ react-dom.development.js:22926
commitLayoutEffectOnFiber @ react-dom.development.js:21407
recursivelyTraverseLayoutEffects @ react-dom.development.js:22926
commitLayoutEffectOnFiber @ react-dom.development.js:21577
recursivelyTraverseLayoutEffects @ react-dom.development.js:22926
commitLayoutEffectOnFiber @ react-dom.development.js:21407
recursivelyTraverseLayoutEffects @ react-dom.development.js:22926
commitLayoutEffectOnFiber @ react-dom.development.js:21577
recursivelyTraverseLayoutEffects @ react-dom.development.js:22926
commitLayoutEffectOnFiber @ react-dom.development.js:21407
recursivelyTraverseLayoutEffects @ react-dom.development.js:22926
commitLayoutEffectOnFiber @ react-dom.development.js:21577
recursivelyTraverseLayoutEffects @ react-dom.development.js:22926
commitLayoutEffectOnFiber @ react-dom.development.js:21407
recursivelyTraverseLayoutEffects @ react-dom.development.js:22926
commitLayoutEffectOnFiber @ react-dom.development.js:21407
recursivelyTraverseLayoutEffects @ react-dom.development.js:22926
commitLayoutEffectOnFiber @ react-dom.development.js:21488
recursivelyTraverseLayoutEffects @ react-dom.development.js:22926
commitLayoutEffectOnFiber @ react-dom.development.js:21488
recursivelyTraverseLayoutEffects @ react-dom.development.js:22926
commitLayoutEffectOnFiber @ react-dom.development.js:21577
recursivelyTraverseLayoutEffects @ react-dom.development.js:22926
commitLayoutEffectOnFiber @ react-dom.development.js:21577
recursivelyTraverseLayoutEffects @ react-dom.development.js:22926
commitLayoutEffectOnFiber @ react-dom.development.js:21418
recursivelyTraverseLayoutEffects @ react-dom.development.js:22926
commitLayoutEffectOnFiber @ react-dom.development.js:21407
recursivelyTraverseLayoutEffects @ react-dom.development.js:22926
commitLayoutEffectOnFiber @ react-dom.development.js:21577
recursivelyTraverseLayoutEffects @ react-dom.development.js:22926
commitLayoutEffectOnFiber @ react-dom.development.js:21418
recursivelyTraverseLayoutEffects @ react-dom.development.js:22926
commitLayoutEffectOnFiber @ react-dom.development.js:21407
recursivelyTraverseLayoutEffects @ react-dom.development.js:22926
commitLayoutEffectOnFiber @ react-dom.development.js:21407
recursivelyTraverseLayoutEffects @ react-dom.development.js:22926
commitLayoutEffectOnFiber @ react-dom.development.js:21418
recursivelyTraverseLayoutEffects @ react-dom.development.js:22926
commitLayoutEffectOnFiber @ react-dom.development.js:21407
recursivelyTraverseLayoutEffects @ react-dom.development.js:22926
commitLayoutEffectOnFiber @ react-dom.development.js:21577
recursivelyTraverseLayoutEffects @ react-dom.development.js:22926
commitLayoutEffectOnFiber @ react-dom.development.js:21577
recursivelyTraverseLayoutEffects @ react-dom.development.js:22926
commitLayoutEffectOnFiber @ react-dom.development.js:21577
recursivelyTraverseLayoutEffects @ react-dom.development.js:22926
commitLayoutEffectOnFiber @ react-dom.development.js:21577
recursivelyTraverseLayoutEffects @ react-dom.development.js:22926
commitLayoutEffectOnFiber @ react-dom.development.js:21577
recursivelyTraverseLayoutEffects @ react-dom.development.js:22926
commitLayoutEffectOnFiber @ react-dom.development.js:21577
recursivelyTraverseLayoutEffects @ react-dom.development.js:22926
commitLayoutEffectOnFiber @ react-dom.development.js:21407
recursivelyTraverseLayoutEffects @ react-dom.development.js:22926
commitLayoutEffectOnFiber @ react-dom.development.js:21418
recursivelyTraverseLayoutEffects @ react-dom.development.js:22926
commitLayoutEffectOnFiber @ react-dom.development.js:21407
recursivelyTraverseLayoutEffects @ react-dom.development.js:22926
commitLayoutEffectOnFiber @ react-dom.development.js:21407
recursivelyTraverseLayoutEffects @ react-dom.development.js:22926
commitLayoutEffectOnFiber @ react-dom.development.js:21407
recursivelyTraverseLayoutEffects @ react-dom.development.js:22926
commitLayoutEffectOnFiber @ react-dom.development.js:21407
recursivelyTraverseLayoutEffects @ react-dom.development.js:22926
commitLayoutEffectOnFiber @ react-dom.development.js:21577
recursivelyTraverseLayoutEffects @ react-dom.development.js:22926
commitLayoutEffectOnFiber @ react-dom.development.js:21577
recursivelyTraverseLayoutEffects @ react-dom.development.js:22926
commitLayoutEffectOnFiber @ react-dom.development.js:21577
recursivelyTraverseLayoutEffects @ react-dom.development.js:22926
commitLayoutEffectOnFiber @ react-dom.development.js:21437
commitLayoutEffects @ react-dom.development.js:22912
commitRootImpl @ react-dom.development.js:26226
commitRoot @ react-dom.development.js:26077
commitRootWhenReady @ react-dom.development.js:24749
finishConcurrentRender @ react-dom.development.js:24714
performConcurrentWorkOnRoot @ react-dom.development.js:24559
workLoop @ scheduler.development.js:256
flushWork @ scheduler.development.js:225
performWorkUntilDeadline @ scheduler.development.js:534
10:20:27.554 CallModal.tsx:2975 [CallModal] 🔄 Waiting for stream to become active for cmeifml0h001okung0i95m8s6
10:20:27.595 useVoiceActivity.ts:22 [VoiceActivity] Effect triggered: {hasStream: true, streamId: '22684b8b-e675-484e-8ba1-c9d3f02f2c18', audioTracks: 1, threshold: -40}
10:20:27.596 useVoiceActivity.ts:42 [VoiceActivity] Initializing for stream: 22684b8b-e675-484e-8ba1-c9d3f02f2c18 with 1 audio tracks
10:20:27.596 useVoiceActivity.ts:22 [VoiceActivity] Effect triggered: {hasStream: true, streamId: '22684b8b-e675-484e-8ba1-c9d3f02f2c18', audioTracks: 1, threshold: -40}
10:20:27.597 useVoiceActivity.ts:42 [VoiceActivity] Initializing for stream: 22684b8b-e675-484e-8ba1-c9d3f02f2c18 with 1 audio tracks
10:20:27.597 CallModal.tsx:62 [CallModal] Rendered - voice call opened
10:20:27.597 CallModal.tsx:62 [CallModal] Rendered - voice call opened
10:20:27.599 CallModal.tsx:3013 [CallModal] Audio loadeddata event for cmeifml0h001okung0i95m8s6
10:20:27.599 CallModal.tsx:2967 [CallModal] 🔄 Stream not ready, waiting...
10:20:27.599 CallModal.tsx:2971 [CallModal] ❌ Initial audio play failed for cmeifml0h001okung0i95m8s6: Error: Stream not ready
    at attemptPlay (CallModal.tsx:2968:37)
    at element.addEventListener.once (CallModal.tsx:3014:27)
attemptPlay @ CallModal.tsx:2971
element.addEventListener.once @ CallModal.tsx:3014
10:20:27.599 CallModal.tsx:2975 [CallModal] 🔄 Waiting for stream to become active for cmeifml0h001okung0i95m8s6
10:20:27.600 CallModal.tsx:3029 [CallModal] Audio can play for cmeifml0h001okung0i95m8s6
10:20:27.600 CallModal.tsx:3018 [CallModal] Audio canplay event for cmeifml0h001okung0i95m8s6
10:20:27.600 CallModal.tsx:2967 [CallModal] 🔄 Stream not ready, waiting...
10:20:27.600 CallModal.tsx:2971 [CallModal] ❌ Initial audio play failed for cmeifml0h001okung0i95m8s6: Error: Stream not ready
    at attemptPlay (CallModal.tsx:2968:37)
    at element.addEventListener.once (CallModal.tsx:3019:27)
attemptPlay @ CallModal.tsx:2971
element.addEventListener.once @ CallModal.tsx:3019
10:20:27.600 CallModal.tsx:2975 [CallModal] 🔄 Waiting for stream to become active for cmeifml0h001okung0i95m8s6
10:20:27.600 CallModal.tsx:3030 [CallModal] Audio is playing for cmeifml0h001okung0i95m8s6
10:20:27.651 useVoiceActivity.ts:81 [VoiceActivity] Volume analysis: {average: '0.0', volume: '-100.0', threshold: -40, speaking: false, streamActive: false, …}
10:20:27.891 webrtc.ts:1765 [WebRTC] Excellent network detected - restoring quality
10:20:27.891 webrtc.ts:1839 [WebRTC] Improved audio quality for: cmeifml0h001okung0i95m8s6
10:20:28.084 useVoiceActivity.ts:81 [VoiceActivity] Volume analysis: {average: '0.0', volume: '-100.0', threshold: -40, speaking: false, streamActive: false, …}
10:20:28.204 useVoiceActivity.ts:81 [VoiceActivity] Volume analysis: {average: '8.0', volume: '-30.1', threshold: -50, speaking: false, streamActive: true, …}
10:20:28.303 CallModal.tsx:62 [CallModal] Rendered - voice call opened
10:20:28.303 CallModal.tsx:62 [CallModal] Rendered - voice call opened
10:20:28.304 CallModal.tsx:2603 [VoiceParticipant] Tester voice activity debug: {participantId: 'cmeifml0h001okung0i95m8s6', hasOriginalStream: true, hasLatestStream: true, streamActive: false, audioTracksCount: 1, …}
10:20:28.304 CallModal.tsx:2603 [VoiceParticipant] Tester voice activity debug: {participantId: 'cmeifml0h001okung0i95m8s6', hasOriginalStream: true, hasLatestStream: true, streamActive: false, audioTracksCount: 1, …}
10:20:28.305 CallModal.tsx:2917 [CallModal] 🔊 Setting up audio element for participant cmeifml0h001okung0i95m8s6
10:20:28.305 CallModal.tsx:2918 [CallModal] Stream details: {id: '22684b8b-e675-484e-8ba1-c9d3f02f2c18', active: false, audioTracks: Array(1)}
10:20:28.306 CallModal.tsx:2932 [CallModal] Previous audio element for cmeifml0h001okung0i95m8s6: false
10:20:28.309 CallModal.tsx:2941 [CallModal] Cleared previous srcObject for cmeifml0h001okung0i95m8s6
10:20:28.311 CallModal.tsx:2967 [CallModal] 🔄 Stream not ready, waiting...
10:20:28.311 CallModal.tsx:2971 [CallModal] ❌ Initial audio play failed for cmeifml0h001okung0i95m8s6: Error: Stream not ready
    at attemptPlay (CallModal.tsx:2968:37)
    at ref (CallModal.tsx:3009:25)
    at commitAttachRef (react-dom.development.js:21677:37)
    at safelyAttachRef (react-dom.development.js:20803:5)
    at commitLayoutEffectOnFiber (react-dom.development.js:21498:11)
    at recursivelyTraverseLayoutEffects (react-dom.development.js:22926:7)
    at commitLayoutEffectOnFiber (react-dom.development.js:21577:9)
    at recursivelyTraverseLayoutEffects (react-dom.development.js:22926:7)
    at commitLayoutEffectOnFiber (react-dom.development.js:21488:9)
    at recursivelyTraverseLayoutEffects (react-dom.development.js:22926:7)
    at commitLayoutEffectOnFiber (react-dom.development.js:21488:9)
    at recursivelyTraverseLayoutEffects (react-dom.development.js:22926:7)
    at commitLayoutEffectOnFiber (react-dom.development.js:21488:9)
    at recursivelyTraverseLayoutEffects (react-dom.development.js:22926:7)
    at commitLayoutEffectOnFiber (react-dom.development.js:21488:9)
    at recursivelyTraverseLayoutEffects (react-dom.development.js:22926:7)
    at commitLayoutEffectOnFiber (react-dom.development.js:21407:9)
    at recursivelyTraverseLayoutEffects (react-dom.development.js:22926:7)
    at commitLayoutEffectOnFiber (react-dom.development.js:21407:9)
    at recursivelyTraverseLayoutEffects (react-dom.development.js:22926:7)
    at commitLayoutEffectOnFiber (react-dom.development.js:21577:9)
    at recursivelyTraverseLayoutEffects (react-dom.development.js:22926:7)
    at commitLayoutEffectOnFiber (react-dom.development.js:21407:9)
    at recursivelyTraverseLayoutEffects (react-dom.development.js:22926:7)
    at commitLayoutEffectOnFiber (react-dom.development.js:21577:9)
    at recursivelyTraverseLayoutEffects (react-dom.development.js:22926:7)
    at commitLayoutEffectOnFiber (react-dom.development.js:21407:9)
    at recursivelyTraverseLayoutEffects (react-dom.development.js:22926:7)
    at commitLayoutEffectOnFiber (react-dom.development.js:21577:9)
    at recursivelyTraverseLayoutEffects (react-dom.development.js:22926:7)
    at commitLayoutEffectOnFiber (react-dom.development.js:21407:9)
    at recursivelyTraverseLayoutEffects (react-dom.development.js:22926:7)
    at commitLayoutEffectOnFiber (react-dom.development.js:21577:9)
    at recursivelyTraverseLayoutEffects (react-dom.development.js:22926:7)
    at commitLayoutEffectOnFiber (react-dom.development.js:21407:9)
    at recursivelyTraverseLayoutEffects (react-dom.development.js:22926:7)
    at commitLayoutEffectOnFiber (react-dom.development.js:21407:9)
    at recursivelyTraverseLayoutEffects (react-dom.development.js:22926:7)
    at commitLayoutEffectOnFiber (react-dom.development.js:21488:9)
    at recursivelyTraverseLayoutEffects (react-dom.development.js:22926:7)
    at commitLayoutEffectOnFiber (react-dom.development.js:21488:9)
    at recursivelyTraverseLayoutEffects (react-dom.development.js:22926:7)
    at commitLayoutEffectOnFiber (react-dom.development.js:21577:9)
    at recursivelyTraverseLayoutEffects (react-dom.development.js:22926:7)
    at commitLayoutEffectOnFiber (react-dom.development.js:21577:9)
    at recursivelyTraverseLayoutEffects (react-dom.development.js:22926:7)
    at commitLayoutEffectOnFiber (react-dom.development.js:21418:9)
    at recursivelyTraverseLayoutEffects (react-dom.development.js:22926:7)
    at commitLayoutEffectOnFiber (react-dom.development.js:21407:9)
    at recursivelyTraverseLayoutEffects (react-dom.development.js:22926:7)
attemptPlay @ CallModal.tsx:2971
ref @ CallModal.tsx:3009
commitAttachRef @ react-dom.development.js:21677
safelyAttachRef @ react-dom.development.js:20803
commitLayoutEffectOnFiber @ react-dom.development.js:21498
recursivelyTraverseLayoutEffects @ react-dom.development.js:22926
commitLayoutEffectOnFiber @ react-dom.development.js:21577
recursivelyTraverseLayoutEffects @ react-dom.development.js:22926
commitLayoutEffectOnFiber @ react-dom.development.js:21488
recursivelyTraverseLayoutEffects @ react-dom.development.js:22926
commitLayoutEffectOnFiber @ react-dom.development.js:21488
recursivelyTraverseLayoutEffects @ react-dom.development.js:22926
commitLayoutEffectOnFiber @ react-dom.development.js:21488
recursivelyTraverseLayoutEffects @ react-dom.development.js:22926
commitLayoutEffectOnFiber @ react-dom.development.js:21488
recursivelyTraverseLayoutEffects @ react-dom.development.js:22926
commitLayoutEffectOnFiber @ react-dom.development.js:21407
recursivelyTraverseLayoutEffects @ react-dom.development.js:22926
commitLayoutEffectOnFiber @ react-dom.development.js:21407
recursivelyTraverseLayoutEffects @ react-dom.development.js:22926
commitLayoutEffectOnFiber @ react-dom.development.js:21577
recursivelyTraverseLayoutEffects @ react-dom.development.js:22926
commitLayoutEffectOnFiber @ react-dom.development.js:21407
recursivelyTraverseLayoutEffects @ react-dom.development.js:22926
commitLayoutEffectOnFiber @ react-dom.development.js:21577
recursivelyTraverseLayoutEffects @ react-dom.development.js:22926
commitLayoutEffectOnFiber @ react-dom.development.js:21407
recursivelyTraverseLayoutEffects @ react-dom.development.js:22926
commitLayoutEffectOnFiber @ react-dom.development.js:21577
recursivelyTraverseLayoutEffects @ react-dom.development.js:22926
commitLayoutEffectOnFiber @ react-dom.development.js:21407
recursivelyTraverseLayoutEffects @ react-dom.development.js:22926
commitLayoutEffectOnFiber @ react-dom.development.js:21577
recursivelyTraverseLayoutEffects @ react-dom.development.js:22926
commitLayoutEffectOnFiber @ react-dom.development.js:21407
recursivelyTraverseLayoutEffects @ react-dom.development.js:22926
commitLayoutEffectOnFiber @ react-dom.development.js:21407
recursivelyTraverseLayoutEffects @ react-dom.development.js:22926
commitLayoutEffectOnFiber @ react-dom.development.js:21488
recursivelyTraverseLayoutEffects @ react-dom.development.js:22926
commitLayoutEffectOnFiber @ react-dom.development.js:21488
recursivelyTraverseLayoutEffects @ react-dom.development.js:22926
commitLayoutEffectOnFiber @ react-dom.development.js:21577
recursivelyTraverseLayoutEffects @ react-dom.development.js:22926
commitLayoutEffectOnFiber @ react-dom.development.js:21577
recursivelyTraverseLayoutEffects @ react-dom.development.js:22926
commitLayoutEffectOnFiber @ react-dom.development.js:21418
recursivelyTraverseLayoutEffects @ react-dom.development.js:22926
commitLayoutEffectOnFiber @ react-dom.development.js:21407
recursivelyTraverseLayoutEffects @ react-dom.development.js:22926
commitLayoutEffectOnFiber @ react-dom.development.js:21577
recursivelyTraverseLayoutEffects @ react-dom.development.js:22926
commitLayoutEffectOnFiber @ react-dom.development.js:21418
recursivelyTraverseLayoutEffects @ react-dom.development.js:22926
commitLayoutEffectOnFiber @ react-dom.development.js:21407
recursivelyTraverseLayoutEffects @ react-dom.development.js:22926
commitLayoutEffectOnFiber @ react-dom.development.js:21407
recursivelyTraverseLayoutEffects @ react-dom.development.js:22926
commitLayoutEffectOnFiber @ react-dom.development.js:21418
recursivelyTraverseLayoutEffects @ react-dom.development.js:22926
commitLayoutEffectOnFiber @ react-dom.development.js:21407
recursivelyTraverseLayoutEffects @ react-dom.development.js:22926
commitLayoutEffectOnFiber @ react-dom.development.js:21577
recursivelyTraverseLayoutEffects @ react-dom.development.js:22926
commitLayoutEffectOnFiber @ react-dom.development.js:21577
recursivelyTraverseLayoutEffects @ react-dom.development.js:22926
commitLayoutEffectOnFiber @ react-dom.development.js:21577
recursivelyTraverseLayoutEffects @ react-dom.development.js:22926
commitLayoutEffectOnFiber @ react-dom.development.js:21577
recursivelyTraverseLayoutEffects @ react-dom.development.js:22926
commitLayoutEffectOnFiber @ react-dom.development.js:21577
recursivelyTraverseLayoutEffects @ react-dom.development.js:22926
commitLayoutEffectOnFiber @ react-dom.development.js:21577
recursivelyTraverseLayoutEffects @ react-dom.development.js:22926
commitLayoutEffectOnFiber @ react-dom.development.js:21407
recursivelyTraverseLayoutEffects @ react-dom.development.js:22926
commitLayoutEffectOnFiber @ react-dom.development.js:21418
recursivelyTraverseLayoutEffects @ react-dom.development.js:22926
commitLayoutEffectOnFiber @ react-dom.development.js:21407
recursivelyTraverseLayoutEffects @ react-dom.development.js:22926
commitLayoutEffectOnFiber @ react-dom.development.js:21407
recursivelyTraverseLayoutEffects @ react-dom.development.js:22926
commitLayoutEffectOnFiber @ react-dom.development.js:21407
recursivelyTraverseLayoutEffects @ react-dom.development.js:22926
commitLayoutEffectOnFiber @ react-dom.development.js:21407
recursivelyTraverseLayoutEffects @ react-dom.development.js:22926
commitLayoutEffectOnFiber @ react-dom.development.js:21577
recursivelyTraverseLayoutEffects @ react-dom.development.js:22926
commitLayoutEffectOnFiber @ react-dom.development.js:21577
recursivelyTraverseLayoutEffects @ react-dom.development.js:22926
commitLayoutEffectOnFiber @ react-dom.development.js:21577
recursivelyTraverseLayoutEffects @ react-dom.development.js:22926
commitLayoutEffectOnFiber @ react-dom.development.js:21437
commitLayoutEffects @ react-dom.development.js:22912
commitRootImpl @ react-dom.development.js:26226
commitRoot @ react-dom.development.js:26077
commitRootWhenReady @ react-dom.development.js:24749
finishConcurrentRender @ react-dom.development.js:24714
performConcurrentWorkOnRoot @ react-dom.development.js:24559
workLoop @ scheduler.development.js:256
flushWork @ scheduler.development.js:225
performWorkUntilDeadline @ scheduler.development.js:534
10:20:28.312 CallModal.tsx:2975 [CallModal] 🔄 Waiting for stream to become active for cmeifml0h001okung0i95m8s6
10:20:28.353 useVoiceActivity.ts:22 [VoiceActivity] Effect triggered: {hasStream: true, streamId: '22684b8b-e675-484e-8ba1-c9d3f02f2c18', audioTracks: 1, threshold: -40}
10:20:28.354 useVoiceActivity.ts:42 [VoiceActivity] Initializing for stream: 22684b8b-e675-484e-8ba1-c9d3f02f2c18 with 1 audio tracks
10:20:28.355 useVoiceActivity.ts:22 [VoiceActivity] Effect triggered: {hasStream: true, streamId: '22684b8b-e675-484e-8ba1-c9d3f02f2c18', audioTracks: 1, threshold: -40}
10:20:28.355 useVoiceActivity.ts:42 [VoiceActivity] Initializing for stream: 22684b8b-e675-484e-8ba1-c9d3f02f2c18 with 1 audio tracks
10:20:28.356 CallModal.tsx:62 [CallModal] Rendered - voice call opened
10:20:28.356 CallModal.tsx:62 [CallModal] Rendered - voice call opened
10:20:28.357 CallModal.tsx:3013 [CallModal] Audio loadeddata event for cmeifml0h001okung0i95m8s6
10:20:28.358 CallModal.tsx:2967 [CallModal] 🔄 Stream not ready, waiting...
10:20:28.358 CallModal.tsx:2971 [CallModal] ❌ Initial audio play failed for cmeifml0h001okung0i95m8s6: Error: Stream not ready
    at attemptPlay (CallModal.tsx:2968:37)
    at element.addEventListener.once (CallModal.tsx:3014:27)
attemptPlay @ CallModal.tsx:2971
element.addEventListener.once @ CallModal.tsx:3014
10:20:28.358 CallModal.tsx:2975 [CallModal] 🔄 Waiting for stream to become active for cmeifml0h001okung0i95m8s6
10:20:28.358 CallModal.tsx:3029 [CallModal] Audio can play for cmeifml0h001okung0i95m8s6
10:20:28.358 CallModal.tsx:3018 [CallModal] Audio canplay event for cmeifml0h001okung0i95m8s6
10:20:28.358 CallModal.tsx:2967 [CallModal] 🔄 Stream not ready, waiting...
10:20:28.358 CallModal.tsx:2971 [CallModal] ❌ Initial audio play failed for cmeifml0h001okung0i95m8s6: Error: Stream not ready
    at attemptPlay (CallModal.tsx:2968:37)
    at element.addEventListener.once (CallModal.tsx:3019:27)
attemptPlay @ CallModal.tsx:2971
element.addEventListener.once @ CallModal.tsx:3019
10:20:28.358 CallModal.tsx:2975 [CallModal] 🔄 Waiting for stream to become active for cmeifml0h001okung0i95m8s6
10:20:28.359 CallModal.tsx:3030 [CallModal] Audio is playing for cmeifml0h001okung0i95m8s6
10:20:28.567 CallModal.tsx:228 [CallModal] Updated peer connections for performance monitoring: 1
10:20:28.568 CallModal.tsx:229 [CallModal] Peer connection participants: ['cmeifn5qp002dkunge64m0xss']
10:20:28.568 CallModal.tsx:62 [CallModal] Rendered - voice call opened
10:20:28.568 CallModal.tsx:62 [CallModal] Rendered - voice call opened
10:20:28.569 CallModal.tsx:2603 [VoiceParticipant] Tester voice activity debug: {participantId: 'cmeifml0h001okung0i95m8s6', hasOriginalStream: true, hasLatestStream: true, streamActive: false, audioTracksCount: 1, …}
10:20:28.570 CallModal.tsx:2603 [VoiceParticipant] Tester voice activity debug: {participantId: 'cmeifml0h001okung0i95m8s6', hasOriginalStream: true, hasLatestStream: true, streamActive: false, audioTracksCount: 1, …}
10:20:28.571 CallModal.tsx:2917 [CallModal] 🔊 Setting up audio element for participant cmeifml0h001okung0i95m8s6
10:20:28.572 CallModal.tsx:2918 [CallModal] Stream details: {id: '22684b8b-e675-484e-8ba1-c9d3f02f2c18', active: false, audioTracks: Array(1)}
10:20:28.572 CallModal.tsx:2932 [CallModal] Previous audio element for cmeifml0h001okung0i95m8s6: false
10:20:28.574 CallModal.tsx:2941 [CallModal] Cleared previous srcObject for cmeifml0h001okung0i95m8s6
10:20:28.575 CallModal.tsx:2967 [CallModal] 🔄 Stream not ready, waiting...
10:20:28.575 CallModal.tsx:2971 [CallModal] ❌ Initial audio play failed for cmeifml0h001okung0i95m8s6: Error: Stream not ready
    at attemptPlay (CallModal.tsx:2968:37)
    at ref (CallModal.tsx:3009:25)
    at commitAttachRef (react-dom.development.js:21677:37)
    at safelyAttachRef (react-dom.development.js:20803:5)
    at commitLayoutEffectOnFiber (react-dom.development.js:21498:11)
    at recursivelyTraverseLayoutEffects (react-dom.development.js:22926:7)
    at commitLayoutEffectOnFiber (react-dom.development.js:21577:9)
    at recursivelyTraverseLayoutEffects (react-dom.development.js:22926:7)
    at commitLayoutEffectOnFiber (react-dom.development.js:21488:9)
    at recursivelyTraverseLayoutEffects (react-dom.development.js:22926:7)
    at commitLayoutEffectOnFiber (react-dom.development.js:21488:9)
    at recursivelyTraverseLayoutEffects (react-dom.development.js:22926:7)
    at commitLayoutEffectOnFiber (react-dom.development.js:21488:9)
    at recursivelyTraverseLayoutEffects (react-dom.development.js:22926:7)
    at commitLayoutEffectOnFiber (react-dom.development.js:21488:9)
    at recursivelyTraverseLayoutEffects (react-dom.development.js:22926:7)
    at commitLayoutEffectOnFiber (react-dom.development.js:21407:9)
    at recursivelyTraverseLayoutEffects (react-dom.development.js:22926:7)
    at commitLayoutEffectOnFiber (react-dom.development.js:21407:9)
    at recursivelyTraverseLayoutEffects (react-dom.development.js:22926:7)
    at commitLayoutEffectOnFiber (react-dom.development.js:21577:9)
    at recursivelyTraverseLayoutEffects (react-dom.development.js:22926:7)
    at commitLayoutEffectOnFiber (react-dom.development.js:21407:9)
    at recursivelyTraverseLayoutEffects (react-dom.development.js:22926:7)
    at commitLayoutEffectOnFiber (react-dom.development.js:21577:9)
    at recursivelyTraverseLayoutEffects (react-dom.development.js:22926:7)
    at commitLayoutEffectOnFiber (react-dom.development.js:21407:9)
    at recursivelyTraverseLayoutEffects (react-dom.development.js:22926:7)
    at commitLayoutEffectOnFiber (react-dom.development.js:21577:9)
    at recursivelyTraverseLayoutEffects (react-dom.development.js:22926:7)
    at commitLayoutEffectOnFiber (react-dom.development.js:21407:9)
    at recursivelyTraverseLayoutEffects (react-dom.development.js:22926:7)
    at commitLayoutEffectOnFiber (react-dom.development.js:21577:9)
    at recursivelyTraverseLayoutEffects (react-dom.development.js:22926:7)
    at commitLayoutEffectOnFiber (react-dom.development.js:21407:9)
    at recursivelyTraverseLayoutEffects (react-dom.development.js:22926:7)
    at commitLayoutEffectOnFiber (react-dom.development.js:21407:9)
    at recursivelyTraverseLayoutEffects (react-dom.development.js:22926:7)
    at commitLayoutEffectOnFiber (react-dom.development.js:21488:9)
    at recursivelyTraverseLayoutEffects (react-dom.development.js:22926:7)
    at commitLayoutEffectOnFiber (react-dom.development.js:21488:9)
    at recursivelyTraverseLayoutEffects (react-dom.development.js:22926:7)
    at commitLayoutEffectOnFiber (react-dom.development.js:21577:9)
    at recursivelyTraverseLayoutEffects (react-dom.development.js:22926:7)
    at commitLayoutEffectOnFiber (react-dom.development.js:21577:9)
    at recursivelyTraverseLayoutEffects (react-dom.development.js:22926:7)
    at commitLayoutEffectOnFiber (react-dom.development.js:21418:9)
    at recursivelyTraverseLayoutEffects (react-dom.development.js:22926:7)
    at commitLayoutEffectOnFiber (react-dom.development.js:21407:9)
    at recursivelyTraverseLayoutEffects (react-dom.development.js:22926:7)
attemptPlay @ CallModal.tsx:2971
ref @ CallModal.tsx:3009
commitAttachRef @ react-dom.development.js:21677
safelyAttachRef @ react-dom.development.js:20803
commitLayoutEffectOnFiber @ react-dom.development.js:21498
recursivelyTraverseLayoutEffects @ react-dom.development.js:22926
commitLayoutEffectOnFiber @ react-dom.development.js:21577
recursivelyTraverseLayoutEffects @ react-dom.development.js:22926
commitLayoutEffectOnFiber @ react-dom.development.js:21488
recursivelyTraverseLayoutEffects @ react-dom.development.js:22926
commitLayoutEffectOnFiber @ react-dom.development.js:21488
recursivelyTraverseLayoutEffects @ react-dom.development.js:22926
commitLayoutEffectOnFiber @ react-dom.development.js:21488
recursivelyTraverseLayoutEffects @ react-dom.development.js:22926
commitLayoutEffectOnFiber @ react-dom.development.js:21488
recursivelyTraverseLayoutEffects @ react-dom.development.js:22926
commitLayoutEffectOnFiber @ react-dom.development.js:21407
recursivelyTraverseLayoutEffects @ react-dom.development.js:22926
commitLayoutEffectOnFiber @ react-dom.development.js:21407
recursivelyTraverseLayoutEffects @ react-dom.development.js:22926
commitLayoutEffectOnFiber @ react-dom.development.js:21577
recursivelyTraverseLayoutEffects @ react-dom.development.js:22926
commitLayoutEffectOnFiber @ react-dom.development.js:21407
recursivelyTraverseLayoutEffects @ react-dom.development.js:22926
commitLayoutEffectOnFiber @ react-dom.development.js:21577
recursivelyTraverseLayoutEffects @ react-dom.development.js:22926
commitLayoutEffectOnFiber @ react-dom.development.js:21407
recursivelyTraverseLayoutEffects @ react-dom.development.js:22926
commitLayoutEffectOnFiber @ react-dom.development.js:21577
recursivelyTraverseLayoutEffects @ react-dom.development.js:22926
commitLayoutEffectOnFiber @ react-dom.development.js:21407
recursivelyTraverseLayoutEffects @ react-dom.development.js:22926
commitLayoutEffectOnFiber @ react-dom.development.js:21577
recursivelyTraverseLayoutEffects @ react-dom.development.js:22926
commitLayoutEffectOnFiber @ react-dom.development.js:21407
recursivelyTraverseLayoutEffects @ react-dom.development.js:22926
commitLayoutEffectOnFiber @ react-dom.development.js:21407
recursivelyTraverseLayoutEffects @ react-dom.development.js:22926
commitLayoutEffectOnFiber @ react-dom.development.js:21488
recursivelyTraverseLayoutEffects @ react-dom.development.js:22926
commitLayoutEffectOnFiber @ react-dom.development.js:21488
recursivelyTraverseLayoutEffects @ react-dom.development.js:22926
commitLayoutEffectOnFiber @ react-dom.development.js:21577
recursivelyTraverseLayoutEffects @ react-dom.development.js:22926
commitLayoutEffectOnFiber @ react-dom.development.js:21577
recursivelyTraverseLayoutEffects @ react-dom.development.js:22926
commitLayoutEffectOnFiber @ react-dom.development.js:21418
recursivelyTraverseLayoutEffects @ react-dom.development.js:22926
commitLayoutEffectOnFiber @ react-dom.development.js:21407
recursivelyTraverseLayoutEffects @ react-dom.development.js:22926
commitLayoutEffectOnFiber @ react-dom.development.js:21577
recursivelyTraverseLayoutEffects @ react-dom.development.js:22926
commitLayoutEffectOnFiber @ react-dom.development.js:21418
recursivelyTraverseLayoutEffects @ react-dom.development.js:22926
commitLayoutEffectOnFiber @ react-dom.development.js:21407
recursivelyTraverseLayoutEffects @ react-dom.development.js:22926
commitLayoutEffectOnFiber @ react-dom.development.js:21407
recursivelyTraverseLayoutEffects @ react-dom.development.js:22926
commitLayoutEffectOnFiber @ react-dom.development.js:21418
recursivelyTraverseLayoutEffects @ react-dom.development.js:22926
commitLayoutEffectOnFiber @ react-dom.development.js:21407
recursivelyTraverseLayoutEffects @ react-dom.development.js:22926
commitLayoutEffectOnFiber @ react-dom.development.js:21577
recursivelyTraverseLayoutEffects @ react-dom.development.js:22926
commitLayoutEffectOnFiber @ react-dom.development.js:21577
recursivelyTraverseLayoutEffects @ react-dom.development.js:22926
commitLayoutEffectOnFiber @ react-dom.development.js:21577
recursivelyTraverseLayoutEffects @ react-dom.development.js:22926
commitLayoutEffectOnFiber @ react-dom.development.js:21577
recursivelyTraverseLayoutEffects @ react-dom.development.js:22926
commitLayoutEffectOnFiber @ react-dom.development.js:21577
recursivelyTraverseLayoutEffects @ react-dom.development.js:22926
commitLayoutEffectOnFiber @ react-dom.development.js:21577
recursivelyTraverseLayoutEffects @ react-dom.development.js:22926
commitLayoutEffectOnFiber @ react-dom.development.js:21407
recursivelyTraverseLayoutEffects @ react-dom.development.js:22926
commitLayoutEffectOnFiber @ react-dom.development.js:21418
recursivelyTraverseLayoutEffects @ react-dom.development.js:22926
commitLayoutEffectOnFiber @ react-dom.development.js:21407
recursivelyTraverseLayoutEffects @ react-dom.development.js:22926
commitLayoutEffectOnFiber @ react-dom.development.js:21407
recursivelyTraverseLayoutEffects @ react-dom.development.js:22926
commitLayoutEffectOnFiber @ react-dom.development.js:21407
recursivelyTraverseLayoutEffects @ react-dom.development.js:22926
commitLayoutEffectOnFiber @ react-dom.development.js:21407
recursivelyTraverseLayoutEffects @ react-dom.development.js:22926
commitLayoutEffectOnFiber @ react-dom.development.js:21577
recursivelyTraverseLayoutEffects @ react-dom.development.js:22926
commitLayoutEffectOnFiber @ react-dom.development.js:21577
recursivelyTraverseLayoutEffects @ react-dom.development.js:22926
commitLayoutEffectOnFiber @ react-dom.development.js:21577
recursivelyTraverseLayoutEffects @ react-dom.development.js:22926
commitLayoutEffectOnFiber @ react-dom.development.js:21437
commitLayoutEffects @ react-dom.development.js:22912
commitRootImpl @ react-dom.development.js:26226
commitRoot @ react-dom.development.js:26077
commitRootWhenReady @ react-dom.development.js:24749
finishConcurrentRender @ react-dom.development.js:24714
performConcurrentWorkOnRoot @ react-dom.development.js:24559
workLoop @ scheduler.development.js:256
flushWork @ scheduler.development.js:225
performWorkUntilDeadline @ scheduler.development.js:534
10:20:28.576 CallModal.tsx:2975 [CallModal] 🔄 Waiting for stream to become active for cmeifml0h001okung0i95m8s6
10:20:28.641 useVoiceActivity.ts:22 [VoiceActivity] Effect triggered: {hasStream: true, streamId: '22684b8b-e675-484e-8ba1-c9d3f02f2c18', audioTracks: 1, threshold: -40}
10:20:28.641 useVoiceActivity.ts:42 [VoiceActivity] Initializing for stream: 22684b8b-e675-484e-8ba1-c9d3f02f2c18 with 1 audio tracks
10:20:28.643 useCallPerformance.ts:242 [useCallPerformance] Connection states: [{…}]
10:20:28.643 useCallPerformance.ts:246 [useCallPerformance] Starting monitoring for 1 valid connections
10:20:28.644 useVoiceActivity.ts:22 [VoiceActivity] Effect triggered: {hasStream: true, streamId: '22684b8b-e675-484e-8ba1-c9d3f02f2c18', audioTracks: 1, threshold: -40}
10:20:28.644 useVoiceActivity.ts:42 [VoiceActivity] Initializing for stream: 22684b8b-e675-484e-8ba1-c9d3f02f2c18 with 1 audio tracks
10:20:28.646 CallModal.tsx:3013 [CallModal] Audio loadeddata event for cmeifml0h001okung0i95m8s6
10:20:28.646 CallModal.tsx:2967 [CallModal] 🔄 Stream not ready, waiting...
10:20:28.646 CallModal.tsx:2971 [CallModal] ❌ Initial audio play failed for cmeifml0h001okung0i95m8s6: Error: Stream not ready
    at attemptPlay (CallModal.tsx:2968:37)
    at element.addEventListener.once (CallModal.tsx:3014:27)
attemptPlay @ CallModal.tsx:2971
element.addEventListener.once @ CallModal.tsx:3014
10:20:28.646 CallModal.tsx:2975 [CallModal] 🔄 Waiting for stream to become active for cmeifml0h001okung0i95m8s6
10:20:28.646 CallModal.tsx:3029 [CallModal] Audio can play for cmeifml0h001okung0i95m8s6
10:20:28.646 CallModal.tsx:3018 [CallModal] Audio canplay event for cmeifml0h001okung0i95m8s6
10:20:28.646 CallModal.tsx:2967 [CallModal] 🔄 Stream not ready, waiting...
10:20:28.647 CallModal.tsx:2971 [CallModal] ❌ Initial audio play failed for cmeifml0h001okung0i95m8s6: Error: Stream not ready
    at attemptPlay (CallModal.tsx:2968:37)
    at element.addEventListener.once (CallModal.tsx:3019:27)
attemptPlay @ CallModal.tsx:2971
element.addEventListener.once @ CallModal.tsx:3019
10:20:28.647 CallModal.tsx:2975 [CallModal] 🔄 Waiting for stream to become active for cmeifml0h001okung0i95m8s6
10:20:28.647 CallModal.tsx:3030 [CallModal] Audio is playing for cmeifml0h001okung0i95m8s6
10:20:28.647 useCallPerformance.ts:37 [useCallPerformance] No valid network data yet, assuming good quality
10:20:28.648 CallModal.tsx:62 [CallModal] Rendered - voice call opened
10:20:28.648 CallModal.tsx:62 [CallModal] Rendered - voice call opened
10:20:28.650 CallModal.tsx:2603 [VoiceParticipant] Tester voice activity debug: {participantId: 'cmeifml0h001okung0i95m8s6', hasOriginalStream: true, hasLatestStream: true, streamActive: false, audioTracksCount: 1, …}
10:20:28.650 CallModal.tsx:2603 [VoiceParticipant] Tester voice activity debug: {participantId: 'cmeifml0h001okung0i95m8s6', hasOriginalStream: true, hasLatestStream: true, streamActive: false, audioTracksCount: 1, …}
10:20:28.650 CallModal.tsx:2917 [CallModal] 🔊 Setting up audio element for participant cmeifml0h001okung0i95m8s6
10:20:28.651 CallModal.tsx:2918 [CallModal] Stream details: {id: '22684b8b-e675-484e-8ba1-c9d3f02f2c18', active: false, audioTracks: Array(1)}
10:20:28.651 CallModal.tsx:2932 [CallModal] Previous audio element for cmeifml0h001okung0i95m8s6: false
10:20:28.652 CallModal.tsx:2941 [CallModal] Cleared previous srcObject for cmeifml0h001okung0i95m8s6
10:20:28.653 CallModal.tsx:2967 [CallModal] 🔄 Stream not ready, waiting...
10:20:28.653 CallModal.tsx:2971 [CallModal] ❌ Initial audio play failed for cmeifml0h001okung0i95m8s6: Error: Stream not ready
    at attemptPlay (CallModal.tsx:2968:37)
    at ref (CallModal.tsx:3009:25)
    at commitAttachRef (react-dom.development.js:21677:37)
    at safelyAttachRef (react-dom.development.js:20803:5)
    at commitLayoutEffectOnFiber (react-dom.development.js:21498:11)
    at recursivelyTraverseLayoutEffects (react-dom.development.js:22926:7)
    at commitLayoutEffectOnFiber (react-dom.development.js:21577:9)
    at recursivelyTraverseLayoutEffects (react-dom.development.js:22926:7)
    at commitLayoutEffectOnFiber (react-dom.development.js:21488:9)
    at recursivelyTraverseLayoutEffects (react-dom.development.js:22926:7)
    at commitLayoutEffectOnFiber (react-dom.development.js:21488:9)
    at recursivelyTraverseLayoutEffects (react-dom.development.js:22926:7)
    at commitLayoutEffectOnFiber (react-dom.development.js:21488:9)
    at recursivelyTraverseLayoutEffects (react-dom.development.js:22926:7)
    at commitLayoutEffectOnFiber (react-dom.development.js:21488:9)
    at recursivelyTraverseLayoutEffects (react-dom.development.js:22926:7)
    at commitLayoutEffectOnFiber (react-dom.development.js:21407:9)
    at recursivelyTraverseLayoutEffects (react-dom.development.js:22926:7)
    at commitLayoutEffectOnFiber (react-dom.development.js:21407:9)
    at recursivelyTraverseLayoutEffects (react-dom.development.js:22926:7)
    at commitLayoutEffectOnFiber (react-dom.development.js:21577:9)
    at recursivelyTraverseLayoutEffects (react-dom.development.js:22926:7)
    at commitLayoutEffectOnFiber (react-dom.development.js:21407:9)
    at recursivelyTraverseLayoutEffects (react-dom.development.js:22926:7)
    at commitLayoutEffectOnFiber (react-dom.development.js:21577:9)
    at recursivelyTraverseLayoutEffects (react-dom.development.js:22926:7)
    at commitLayoutEffectOnFiber (react-dom.development.js:21407:9)
    at recursivelyTraverseLayoutEffects (react-dom.development.js:22926:7)
    at commitLayoutEffectOnFiber (react-dom.development.js:21577:9)
    at recursivelyTraverseLayoutEffects (react-dom.development.js:22926:7)
    at commitLayoutEffectOnFiber (react-dom.development.js:21407:9)
    at recursivelyTraverseLayoutEffects (react-dom.development.js:22926:7)
    at commitLayoutEffectOnFiber (react-dom.development.js:21577:9)
    at recursivelyTraverseLayoutEffects (react-dom.development.js:22926:7)
    at commitLayoutEffectOnFiber (react-dom.development.js:21407:9)
    at recursivelyTraverseLayoutEffects (react-dom.development.js:22926:7)
    at commitLayoutEffectOnFiber (react-dom.development.js:21407:9)
    at recursivelyTraverseLayoutEffects (react-dom.development.js:22926:7)
    at commitLayoutEffectOnFiber (react-dom.development.js:21488:9)
    at recursivelyTraverseLayoutEffects (react-dom.development.js:22926:7)
    at commitLayoutEffectOnFiber (react-dom.development.js:21488:9)
    at recursivelyTraverseLayoutEffects (react-dom.development.js:22926:7)
    at commitLayoutEffectOnFiber (react-dom.development.js:21577:9)
    at recursivelyTraverseLayoutEffects (react-dom.development.js:22926:7)
    at commitLayoutEffectOnFiber (react-dom.development.js:21577:9)
    at recursivelyTraverseLayoutEffects (react-dom.development.js:22926:7)
    at commitLayoutEffectOnFiber (react-dom.development.js:21418:9)
    at recursivelyTraverseLayoutEffects (react-dom.development.js:22926:7)
    at commitLayoutEffectOnFiber (react-dom.development.js:21407:9)
    at recursivelyTraverseLayoutEffects (react-dom.development.js:22926:7)
attemptPlay @ CallModal.tsx:2971
ref @ CallModal.tsx:3009
commitAttachRef @ react-dom.development.js:21677
safelyAttachRef @ react-dom.development.js:20803
commitLayoutEffectOnFiber @ react-dom.development.js:21498
recursivelyTraverseLayoutEffects @ react-dom.development.js:22926
commitLayoutEffectOnFiber @ react-dom.development.js:21577
recursivelyTraverseLayoutEffects @ react-dom.development.js:22926
commitLayoutEffectOnFiber @ react-dom.development.js:21488
recursivelyTraverseLayoutEffects @ react-dom.development.js:22926
commitLayoutEffectOnFiber @ react-dom.development.js:21488
recursivelyTraverseLayoutEffects @ react-dom.development.js:22926
commitLayoutEffectOnFiber @ react-dom.development.js:21488
recursivelyTraverseLayoutEffects @ react-dom.development.js:22926
commitLayoutEffectOnFiber @ react-dom.development.js:21488
recursivelyTraverseLayoutEffects @ react-dom.development.js:22926
commitLayoutEffectOnFiber @ react-dom.development.js:21407
recursivelyTraverseLayoutEffects @ react-dom.development.js:22926
commitLayoutEffectOnFiber @ react-dom.development.js:21407
recursivelyTraverseLayoutEffects @ react-dom.development.js:22926
commitLayoutEffectOnFiber @ react-dom.development.js:21577
recursivelyTraverseLayoutEffects @ react-dom.development.js:22926
commitLayoutEffectOnFiber @ react-dom.development.js:21407
recursivelyTraverseLayoutEffects @ react-dom.development.js:22926
commitLayoutEffectOnFiber @ react-dom.development.js:21577
recursivelyTraverseLayoutEffects @ react-dom.development.js:22926
commitLayoutEffectOnFiber @ react-dom.development.js:21407
recursivelyTraverseLayoutEffects @ react-dom.development.js:22926
commitLayoutEffectOnFiber @ react-dom.development.js:21577
recursivelyTraverseLayoutEffects @ react-dom.development.js:22926
commitLayoutEffectOnFiber @ react-dom.development.js:21407
recursivelyTraverseLayoutEffects @ react-dom.development.js:22926
commitLayoutEffectOnFiber @ react-dom.development.js:21577
recursivelyTraverseLayoutEffects @ react-dom.development.js:22926
commitLayoutEffectOnFiber @ react-dom.development.js:21407
recursivelyTraverseLayoutEffects @ react-dom.development.js:22926
commitLayoutEffectOnFiber @ react-dom.development.js:21407
recursivelyTraverseLayoutEffects @ react-dom.development.js:22926
commitLayoutEffectOnFiber @ react-dom.development.js:21488
recursivelyTraverseLayoutEffects @ react-dom.development.js:22926
commitLayoutEffectOnFiber @ react-dom.development.js:21488
recursivelyTraverseLayoutEffects @ react-dom.development.js:22926
commitLayoutEffectOnFiber @ react-dom.development.js:21577
recursivelyTraverseLayoutEffects @ react-dom.development.js:22926
commitLayoutEffectOnFiber @ react-dom.development.js:21577
recursivelyTraverseLayoutEffects @ react-dom.development.js:22926
commitLayoutEffectOnFiber @ react-dom.development.js:21418
recursivelyTraverseLayoutEffects @ react-dom.development.js:22926
commitLayoutEffectOnFiber @ react-dom.development.js:21407
recursivelyTraverseLayoutEffects @ react-dom.development.js:22926
commitLayoutEffectOnFiber @ react-dom.development.js:21577
recursivelyTraverseLayoutEffects @ react-dom.development.js:22926
commitLayoutEffectOnFiber @ react-dom.development.js:21418
recursivelyTraverseLayoutEffects @ react-dom.development.js:22926
commitLayoutEffectOnFiber @ react-dom.development.js:21407
recursivelyTraverseLayoutEffects @ react-dom.development.js:22926
commitLayoutEffectOnFiber @ react-dom.development.js:21407
recursivelyTraverseLayoutEffects @ react-dom.development.js:22926
commitLayoutEffectOnFiber @ react-dom.development.js:21418
recursivelyTraverseLayoutEffects @ react-dom.development.js:22926
commitLayoutEffectOnFiber @ react-dom.development.js:21407
recursivelyTraverseLayoutEffects @ react-dom.development.js:22926
commitLayoutEffectOnFiber @ react-dom.development.js:21577
recursivelyTraverseLayoutEffects @ react-dom.development.js:22926
commitLayoutEffectOnFiber @ react-dom.development.js:21577
recursivelyTraverseLayoutEffects @ react-dom.development.js:22926
commitLayoutEffectOnFiber @ react-dom.development.js:21577
recursivelyTraverseLayoutEffects @ react-dom.development.js:22926
commitLayoutEffectOnFiber @ react-dom.development.js:21577
recursivelyTraverseLayoutEffects @ react-dom.development.js:22926
commitLayoutEffectOnFiber @ react-dom.development.js:21577
recursivelyTraverseLayoutEffects @ react-dom.development.js:22926
commitLayoutEffectOnFiber @ react-dom.development.js:21577
recursivelyTraverseLayoutEffects @ react-dom.development.js:22926
commitLayoutEffectOnFiber @ react-dom.development.js:21407
recursivelyTraverseLayoutEffects @ react-dom.development.js:22926
commitLayoutEffectOnFiber @ react-dom.development.js:21418
recursivelyTraverseLayoutEffects @ react-dom.development.js:22926
commitLayoutEffectOnFiber @ react-dom.development.js:21407
recursivelyTraverseLayoutEffects @ react-dom.development.js:22926
commitLayoutEffectOnFiber @ react-dom.development.js:21407
recursivelyTraverseLayoutEffects @ react-dom.development.js:22926
commitLayoutEffectOnFiber @ react-dom.development.js:21407
recursivelyTraverseLayoutEffects @ react-dom.development.js:22926
commitLayoutEffectOnFiber @ react-dom.development.js:21407
recursivelyTraverseLayoutEffects @ react-dom.development.js:22926
commitLayoutEffectOnFiber @ react-dom.development.js:21577
recursivelyTraverseLayoutEffects @ react-dom.development.js:22926
commitLayoutEffectOnFiber @ react-dom.development.js:21577
recursivelyTraverseLayoutEffects @ react-dom.development.js:22926
commitLayoutEffectOnFiber @ react-dom.development.js:21577
recursivelyTraverseLayoutEffects @ react-dom.development.js:22926
commitLayoutEffectOnFiber @ react-dom.development.js:21437
commitLayoutEffects @ react-dom.development.js:22912
commitRootImpl @ react-dom.development.js:26226
commitRoot @ react-dom.development.js:26077
commitRootWhenReady @ react-dom.development.js:24749
finishConcurrentRender @ react-dom.development.js:24714
performConcurrentWorkOnRoot @ react-dom.development.js:24559
workLoop @ scheduler.development.js:256
flushWork @ scheduler.development.js:225
performWorkUntilDeadline @ scheduler.development.js:534
10:20:28.654 CallModal.tsx:2975 [CallModal] 🔄 Waiting for stream to become active for cmeifml0h001okung0i95m8s6
10:20:28.741 useVoiceActivity.ts:22 [VoiceActivity] Effect triggered: {hasStream: true, streamId: '22684b8b-e675-484e-8ba1-c9d3f02f2c18', audioTracks: 1, threshold: -40}
10:20:28.741 useVoiceActivity.ts:42 [VoiceActivity] Initializing for stream: 22684b8b-e675-484e-8ba1-c9d3f02f2c18 with 1 audio tracks
10:20:28.742 useVoiceActivity.ts:22 [VoiceActivity] Effect triggered: {hasStream: true, streamId: '22684b8b-e675-484e-8ba1-c9d3f02f2c18', audioTracks: 1, threshold: -40}
10:20:28.743 useVoiceActivity.ts:42 [VoiceActivity] Initializing for stream: 22684b8b-e675-484e-8ba1-c9d3f02f2c18 with 1 audio tracks
10:20:28.743 CallModal.tsx:62 [CallModal] Rendered - voice call opened
10:20:28.743 CallModal.tsx:62 [CallModal] Rendered - voice call opened
10:20:28.744 CallModal.tsx:3013 [CallModal] Audio loadeddata event for cmeifml0h001okung0i95m8s6
10:20:28.744 CallModal.tsx:2967 [CallModal] 🔄 Stream not ready, waiting...
10:20:28.744 CallModal.tsx:2971 [CallModal] ❌ Initial audio play failed for cmeifml0h001okung0i95m8s6: Error: Stream not ready
    at attemptPlay (CallModal.tsx:2968:37)
    at element.addEventListener.once (CallModal.tsx:3014:27)
attemptPlay @ CallModal.tsx:2971
element.addEventListener.once @ CallModal.tsx:3014
10:20:28.745 CallModal.tsx:2975 [CallModal] 🔄 Waiting for stream to become active for cmeifml0h001okung0i95m8s6
10:20:28.745 CallModal.tsx:3029 [CallModal] Audio can play for cmeifml0h001okung0i95m8s6
10:20:28.745 CallModal.tsx:3018 [CallModal] Audio canplay event for cmeifml0h001okung0i95m8s6
10:20:28.745 CallModal.tsx:2967 [CallModal] 🔄 Stream not ready, waiting...
10:20:28.745 CallModal.tsx:2971 [CallModal] ❌ Initial audio play failed for cmeifml0h001okung0i95m8s6: Error: Stream not ready
    at attemptPlay (CallModal.tsx:2968:37)
    at element.addEventListener.once (CallModal.tsx:3019:27)
attemptPlay @ CallModal.tsx:2971
element.addEventListener.once @ CallModal.tsx:3019
10:20:28.745 CallModal.tsx:2975 [CallModal] 🔄 Waiting for stream to become active for cmeifml0h001okung0i95m8s6
10:20:28.746 CallModal.tsx:3030 [CallModal] Audio is playing for cmeifml0h001okung0i95m8s6
10:20:28.792 useVoiceActivity.ts:81 [VoiceActivity] Volume analysis: {average: '0.0', volume: '-100.0', threshold: -40, speaking: false, streamActive: false, …}
10:20:29.302 CallModal.tsx:62 [CallModal] Rendered - voice call opened
10:20:29.303 CallModal.tsx:62 [CallModal] Rendered - voice call opened
10:20:29.304 CallModal.tsx:2603 [VoiceParticipant] Tester voice activity debug: {participantId: 'cmeifml0h001okung0i95m8s6', hasOriginalStream: true, hasLatestStream: true, streamActive: false, audioTracksCount: 1, …}
10:20:29.305 CallModal.tsx:2603 [VoiceParticipant] Tester voice activity debug: {participantId: 'cmeifml0h001okung0i95m8s6', hasOriginalStream: true, hasLatestStream: true, streamActive: false, audioTracksCount: 1, …}
10:20:29.306 CallModal.tsx:2917 [CallModal] 🔊 Setting up audio element for participant cmeifml0h001okung0i95m8s6
10:20:29.306 CallModal.tsx:2918 [CallModal] Stream details: {id: '22684b8b-e675-484e-8ba1-c9d3f02f2c18', active: false, audioTracks: Array(1)}
10:20:29.307 CallModal.tsx:2932 [CallModal] Previous audio element for cmeifml0h001okung0i95m8s6: false
10:20:29.309 CallModal.tsx:2941 [CallModal] Cleared previous srcObject for cmeifml0h001okung0i95m8s6
10:20:29.310 CallModal.tsx:2967 [CallModal] 🔄 Stream not ready, waiting...
10:20:29.310 CallModal.tsx:2971 [CallModal] ❌ Initial audio play failed for cmeifml0h001okung0i95m8s6: Error: Stream not ready
    at attemptPlay (CallModal.tsx:2968:37)
    at ref (CallModal.tsx:3009:25)
    at commitAttachRef (react-dom.development.js:21677:37)
    at safelyAttachRef (react-dom.development.js:20803:5)
    at commitLayoutEffectOnFiber (react-dom.development.js:21498:11)
    at recursivelyTraverseLayoutEffects (react-dom.development.js:22926:7)
    at commitLayoutEffectOnFiber (react-dom.development.js:21577:9)
    at recursivelyTraverseLayoutEffects (react-dom.development.js:22926:7)
    at commitLayoutEffectOnFiber (react-dom.development.js:21488:9)
    at recursivelyTraverseLayoutEffects (react-dom.development.js:22926:7)
    at commitLayoutEffectOnFiber (react-dom.development.js:21488:9)
    at recursivelyTraverseLayoutEffects (react-dom.development.js:22926:7)
    at commitLayoutEffectOnFiber (react-dom.development.js:21488:9)
    at recursivelyTraverseLayoutEffects (react-dom.development.js:22926:7)
    at commitLayoutEffectOnFiber (react-dom.development.js:21488:9)
    at recursivelyTraverseLayoutEffects (react-dom.development.js:22926:7)
    at commitLayoutEffectOnFiber (react-dom.development.js:21407:9)
    at recursivelyTraverseLayoutEffects (react-dom.development.js:22926:7)
    at commitLayoutEffectOnFiber (react-dom.development.js:21407:9)
    at recursivelyTraverseLayoutEffects (react-dom.development.js:22926:7)
    at commitLayoutEffectOnFiber (react-dom.development.js:21577:9)
    at recursivelyTraverseLayoutEffects (react-dom.development.js:22926:7)
    at commitLayoutEffectOnFiber (react-dom.development.js:21407:9)
    at recursivelyTraverseLayoutEffects (react-dom.development.js:22926:7)
    at commitLayoutEffectOnFiber (react-dom.development.js:21577:9)
    at recursivelyTraverseLayoutEffects (react-dom.development.js:22926:7)
    at commitLayoutEffectOnFiber (react-dom.development.js:21407:9)
    at recursivelyTraverseLayoutEffects (react-dom.development.js:22926:7)
    at commitLayoutEffectOnFiber (react-dom.development.js:21577:9)
    at recursivelyTraverseLayoutEffects (react-dom.development.js:22926:7)
    at commitLayoutEffectOnFiber (react-dom.development.js:21407:9)
    at recursivelyTraverseLayoutEffects (react-dom.development.js:22926:7)
    at commitLayoutEffectOnFiber (react-dom.development.js:21577:9)
    at recursivelyTraverseLayoutEffects (react-dom.development.js:22926:7)
    at commitLayoutEffectOnFiber (react-dom.development.js:21407:9)
    at recursivelyTraverseLayoutEffects (react-dom.development.js:22926:7)
    at commitLayoutEffectOnFiber (react-dom.development.js:21407:9)
    at recursivelyTraverseLayoutEffects (react-dom.development.js:22926:7)
    at commitLayoutEffectOnFiber (react-dom.development.js:21488:9)
    at recursivelyTraverseLayoutEffects (react-dom.development.js:22926:7)
    at commitLayoutEffectOnFiber (react-dom.development.js:21488:9)
    at recursivelyTraverseLayoutEffects (react-dom.development.js:22926:7)
    at commitLayoutEffectOnFiber (react-dom.development.js:21577:9)
    at recursivelyTraverseLayoutEffects (react-dom.development.js:22926:7)
    at commitLayoutEffectOnFiber (react-dom.development.js:21577:9)
    at recursivelyTraverseLayoutEffects (react-dom.development.js:22926:7)
    at commitLayoutEffectOnFiber (react-dom.development.js:21418:9)
    at recursivelyTraverseLayoutEffects (react-dom.development.js:22926:7)
    at commitLayoutEffectOnFiber (react-dom.development.js:21407:9)
    at recursivelyTraverseLayoutEffects (react-dom.development.js:22926:7)
attemptPlay @ CallModal.tsx:2971
ref @ CallModal.tsx:3009
commitAttachRef @ react-dom.development.js:21677
safelyAttachRef @ react-dom.development.js:20803
commitLayoutEffectOnFiber @ react-dom.development.js:21498
recursivelyTraverseLayoutEffects @ react-dom.development.js:22926
commitLayoutEffectOnFiber @ react-dom.development.js:21577
recursivelyTraverseLayoutEffects @ react-dom.development.js:22926
commitLayoutEffectOnFiber @ react-dom.development.js:21488
recursivelyTraverseLayoutEffects @ react-dom.development.js:22926
commitLayoutEffectOnFiber @ react-dom.development.js:21488
recursivelyTraverseLayoutEffects @ react-dom.development.js:22926
commitLayoutEffectOnFiber @ react-dom.development.js:21488
recursivelyTraverseLayoutEffects @ react-dom.development.js:22926
commitLayoutEffectOnFiber @ react-dom.development.js:21488
recursivelyTraverseLayoutEffects @ react-dom.development.js:22926
commitLayoutEffectOnFiber @ react-dom.development.js:21407
recursivelyTraverseLayoutEffects @ react-dom.development.js:22926
commitLayoutEffectOnFiber @ react-dom.development.js:21407
recursivelyTraverseLayoutEffects @ react-dom.development.js:22926
commitLayoutEffectOnFiber @ react-dom.development.js:21577
recursivelyTraverseLayoutEffects @ react-dom.development.js:22926
commitLayoutEffectOnFiber @ react-dom.development.js:21407
recursivelyTraverseLayoutEffects @ react-dom.development.js:22926
commitLayoutEffectOnFiber @ react-dom.development.js:21577
recursivelyTraverseLayoutEffects @ react-dom.development.js:22926
commitLayoutEffectOnFiber @ react-dom.development.js:21407
recursivelyTraverseLayoutEffects @ react-dom.development.js:22926
commitLayoutEffectOnFiber @ react-dom.development.js:21577
recursivelyTraverseLayoutEffects @ react-dom.development.js:22926
commitLayoutEffectOnFiber @ react-dom.development.js:21407
recursivelyTraverseLayoutEffects @ react-dom.development.js:22926
commitLayoutEffectOnFiber @ react-dom.development.js:21577
recursivelyTraverseLayoutEffects @ react-dom.development.js:22926
commitLayoutEffectOnFiber @ react-dom.development.js:21407
recursivelyTraverseLayoutEffects @ react-dom.development.js:22926
commitLayoutEffectOnFiber @ react-dom.development.js:21407
recursivelyTraverseLayoutEffects @ react-dom.development.js:22926
commitLayoutEffectOnFiber @ react-dom.development.js:21488
recursivelyTraverseLayoutEffects @ react-dom.development.js:22926
commitLayoutEffectOnFiber @ react-dom.development.js:21488
recursivelyTraverseLayoutEffects @ react-dom.development.js:22926
commitLayoutEffectOnFiber @ react-dom.development.js:21577
recursivelyTraverseLayoutEffects @ react-dom.development.js:22926
commitLayoutEffectOnFiber @ react-dom.development.js:21577
recursivelyTraverseLayoutEffects @ react-dom.development.js:22926
commitLayoutEffectOnFiber @ react-dom.development.js:21418
recursivelyTraverseLayoutEffects @ react-dom.development.js:22926
commitLayoutEffectOnFiber @ react-dom.development.js:21407
recursivelyTraverseLayoutEffects @ react-dom.development.js:22926
commitLayoutEffectOnFiber @ react-dom.development.js:21577
recursivelyTraverseLayoutEffects @ react-dom.development.js:22926
commitLayoutEffectOnFiber @ react-dom.development.js:21418
recursivelyTraverseLayoutEffects @ react-dom.development.js:22926
commitLayoutEffectOnFiber @ react-dom.development.js:21407
recursivelyTraverseLayoutEffects @ react-dom.development.js:22926
commitLayoutEffectOnFiber @ react-dom.development.js:21407
recursivelyTraverseLayoutEffects @ react-dom.development.js:22926
commitLayoutEffectOnFiber @ react-dom.development.js:21418
recursivelyTraverseLayoutEffects @ react-dom.development.js:22926
commitLayoutEffectOnFiber @ react-dom.development.js:21407
recursivelyTraverseLayoutEffects @ react-dom.development.js:22926
commitLayoutEffectOnFiber @ react-dom.development.js:21577
recursivelyTraverseLayoutEffects @ react-dom.development.js:22926
commitLayoutEffectOnFiber @ react-dom.development.js:21577
recursivelyTraverseLayoutEffects @ react-dom.development.js:22926
commitLayoutEffectOnFiber @ react-dom.development.js:21577
recursivelyTraverseLayoutEffects @ react-dom.development.js:22926
commitLayoutEffectOnFiber @ react-dom.development.js:21577
recursivelyTraverseLayoutEffects @ react-dom.development.js:22926
commitLayoutEffectOnFiber @ react-dom.development.js:21577
recursivelyTraverseLayoutEffects @ react-dom.development.js:22926
commitLayoutEffectOnFiber @ react-dom.development.js:21577
recursivelyTraverseLayoutEffects @ react-dom.development.js:22926
commitLayoutEffectOnFiber @ react-dom.development.js:21407
recursivelyTraverseLayoutEffects @ react-dom.development.js:22926
commitLayoutEffectOnFiber @ react-dom.development.js:21418
recursivelyTraverseLayoutEffects @ react-dom.development.js:22926
commitLayoutEffectOnFiber @ react-dom.development.js:21407
recursivelyTraverseLayoutEffects @ react-dom.development.js:22926
commitLayoutEffectOnFiber @ react-dom.development.js:21407
recursivelyTraverseLayoutEffects @ react-dom.development.js:22926
commitLayoutEffectOnFiber @ react-dom.development.js:21407
recursivelyTraverseLayoutEffects @ react-dom.development.js:22926
commitLayoutEffectOnFiber @ react-dom.development.js:21407
recursivelyTraverseLayoutEffects @ react-dom.development.js:22926
commitLayoutEffectOnFiber @ react-dom.development.js:21577
recursivelyTraverseLayoutEffects @ react-dom.development.js:22926
commitLayoutEffectOnFiber @ react-dom.development.js:21577
recursivelyTraverseLayoutEffects @ react-dom.development.js:22926
commitLayoutEffectOnFiber @ react-dom.development.js:21577
recursivelyTraverseLayoutEffects @ react-dom.development.js:22926
commitLayoutEffectOnFiber @ react-dom.development.js:21437
commitLayoutEffects @ react-dom.development.js:22912
commitRootImpl @ react-dom.development.js:26226
commitRoot @ react-dom.development.js:26077
commitRootWhenReady @ react-dom.development.js:24749
finishConcurrentRender @ react-dom.development.js:24714
performConcurrentWorkOnRoot @ react-dom.development.js:24559
workLoop @ scheduler.development.js:256
flushWork @ scheduler.development.js:225
performWorkUntilDeadline @ scheduler.development.js:534
10:20:29.310 CallModal.tsx:2975 [CallModal] 🔄 Waiting for stream to become active for cmeifml0h001okung0i95m8s6
10:20:29.340 useVoiceActivity.ts:22 [VoiceActivity] Effect triggered: {hasStream: true, streamId: '22684b8b-e675-484e-8ba1-c9d3f02f2c18', audioTracks: 1, threshold: -40}
10:20:29.340 useVoiceActivity.ts:42 [VoiceActivity] Initializing for stream: 22684b8b-e675-484e-8ba1-c9d3f02f2c18 with 1 audio tracks
10:20:29.342 useVoiceActivity.ts:22 [VoiceActivity] Effect triggered: {hasStream: true, streamId: '22684b8b-e675-484e-8ba1-c9d3f02f2c18', audioTracks: 1, threshold: -40}
10:20:29.343 useVoiceActivity.ts:42 [VoiceActivity] Initializing for stream: 22684b8b-e675-484e-8ba1-c9d3f02f2c18 with 1 audio tracks
10:20:29.343 CallModal.tsx:62 [CallModal] Rendered - voice call opened
10:20:29.344 CallModal.tsx:62 [CallModal] Rendered - voice call opened
10:20:29.344 CallModal.tsx:3013 [CallModal] Audio loadeddata event for cmeifml0h001okung0i95m8s6
10:20:29.344 CallModal.tsx:2967 [CallModal] 🔄 Stream not ready, waiting...
10:20:29.344 CallModal.tsx:2971 [CallModal] ❌ Initial audio play failed for cmeifml0h001okung0i95m8s6: Error: Stream not ready
    at attemptPlay (CallModal.tsx:2968:37)
    at element.addEventListener.once (CallModal.tsx:3014:27)
attemptPlay @ CallModal.tsx:2971
element.addEventListener.once @ CallModal.tsx:3014
10:20:29.345 CallModal.tsx:2975 [CallModal] 🔄 Waiting for stream to become active for cmeifml0h001okung0i95m8s6
10:20:29.345 CallModal.tsx:3029 [CallModal] Audio can play for cmeifml0h001okung0i95m8s6
10:20:29.345 CallModal.tsx:3018 [CallModal] Audio canplay event for cmeifml0h001okung0i95m8s6
10:20:29.345 CallModal.tsx:2967 [CallModal] 🔄 Stream not ready, waiting...
10:20:29.345 CallModal.tsx:2971 [CallModal] ❌ Initial audio play failed for cmeifml0h001okung0i95m8s6: Error: Stream not ready
    at attemptPlay (CallModal.tsx:2968:37)
    at element.addEventListener.once (CallModal.tsx:3019:27)
attemptPlay @ CallModal.tsx:2971
element.addEventListener.once @ CallModal.tsx:3019
10:20:29.345 CallModal.tsx:2975 [CallModal] 🔄 Waiting for stream to become active for cmeifml0h001okung0i95m8s6
10:20:29.345 CallModal.tsx:3030 [CallModal] Audio is playing for cmeifml0h001okung0i95m8s6
10:20:29.345 CallModal.tsx:62 [CallModal] Rendered - voice call opened
10:20:29.346 CallModal.tsx:62 [CallModal] Rendered - voice call opened
10:20:29.346 CallModal.tsx:2603 [VoiceParticipant] Tester voice activity debug: {participantId: 'cmeifml0h001okung0i95m8s6', hasOriginalStream: true, hasLatestStream: true, streamActive: false, audioTracksCount: 1, …}
10:20:29.346 CallModal.tsx:2603 [VoiceParticipant] Tester voice activity debug: {participantId: 'cmeifml0h001okung0i95m8s6', hasOriginalStream: true, hasLatestStream: true, streamActive: false, audioTracksCount: 1, …}
10:20:29.347 CallModal.tsx:2917 [CallModal] 🔊 Setting up audio element for participant cmeifml0h001okung0i95m8s6
10:20:29.348 CallModal.tsx:2918 [CallModal] Stream details: {id: '22684b8b-e675-484e-8ba1-c9d3f02f2c18', active: false, audioTracks: Array(1)}
10:20:29.348 CallModal.tsx:2932 [CallModal] Previous audio element for cmeifml0h001okung0i95m8s6: false
10:20:29.350 CallModal.tsx:2941 [CallModal] Cleared previous srcObject for cmeifml0h001okung0i95m8s6
10:20:29.350 CallModal.tsx:2967 [CallModal] 🔄 Stream not ready, waiting...
10:20:29.351 CallModal.tsx:2971 [CallModal] ❌ Initial audio play failed for cmeifml0h001okung0i95m8s6: Error: Stream not ready
    at attemptPlay (CallModal.tsx:2968:37)
    at ref (CallModal.tsx:3009:25)
    at commitAttachRef (react-dom.development.js:21677:37)
    at safelyAttachRef (react-dom.development.js:20803:5)
    at commitLayoutEffectOnFiber (react-dom.development.js:21498:11)
    at recursivelyTraverseLayoutEffects (react-dom.development.js:22926:7)
    at commitLayoutEffectOnFiber (react-dom.development.js:21577:9)
    at recursivelyTraverseLayoutEffects (react-dom.development.js:22926:7)
    at commitLayoutEffectOnFiber (react-dom.development.js:21488:9)
    at recursivelyTraverseLayoutEffects (react-dom.development.js:22926:7)
    at commitLayoutEffectOnFiber (react-dom.development.js:21488:9)
    at recursivelyTraverseLayoutEffects (react-dom.development.js:22926:7)
    at commitLayoutEffectOnFiber (react-dom.development.js:21488:9)
    at recursivelyTraverseLayoutEffects (react-dom.development.js:22926:7)
    at commitLayoutEffectOnFiber (react-dom.development.js:21488:9)
    at recursivelyTraverseLayoutEffects (react-dom.development.js:22926:7)
    at commitLayoutEffectOnFiber (react-dom.development.js:21407:9)
    at recursivelyTraverseLayoutEffects (react-dom.development.js:22926:7)
    at commitLayoutEffectOnFiber (react-dom.development.js:21407:9)
    at recursivelyTraverseLayoutEffects (react-dom.development.js:22926:7)
    at commitLayoutEffectOnFiber (react-dom.development.js:21577:9)
    at recursivelyTraverseLayoutEffects (react-dom.development.js:22926:7)
    at commitLayoutEffectOnFiber (react-dom.development.js:21407:9)
    at recursivelyTraverseLayoutEffects (react-dom.development.js:22926:7)
    at commitLayoutEffectOnFiber (react-dom.development.js:21577:9)
    at recursivelyTraverseLayoutEffects (react-dom.development.js:22926:7)
    at commitLayoutEffectOnFiber (react-dom.development.js:21407:9)
    at recursivelyTraverseLayoutEffects (react-dom.development.js:22926:7)
    at commitLayoutEffectOnFiber (react-dom.development.js:21577:9)
    at recursivelyTraverseLayoutEffects (react-dom.development.js:22926:7)
    at commitLayoutEffectOnFiber (react-dom.development.js:21407:9)
    at recursivelyTraverseLayoutEffects (react-dom.development.js:22926:7)
    at commitLayoutEffectOnFiber (react-dom.development.js:21577:9)
    at recursivelyTraverseLayoutEffects (react-dom.development.js:22926:7)
    at commitLayoutEffectOnFiber (react-dom.development.js:21407:9)
    at recursivelyTraverseLayoutEffects (react-dom.development.js:22926:7)
    at commitLayoutEffectOnFiber (react-dom.development.js:21407:9)
    at recursivelyTraverseLayoutEffects (react-dom.development.js:22926:7)
    at commitLayoutEffectOnFiber (react-dom.development.js:21488:9)
    at recursivelyTraverseLayoutEffects (react-dom.development.js:22926:7)
    at commitLayoutEffectOnFiber (react-dom.development.js:21488:9)
    at recursivelyTraverseLayoutEffects (react-dom.development.js:22926:7)
    at commitLayoutEffectOnFiber (react-dom.development.js:21577:9)
    at recursivelyTraverseLayoutEffects (react-dom.development.js:22926:7)
    at commitLayoutEffectOnFiber (react-dom.development.js:21577:9)
    at recursivelyTraverseLayoutEffects (react-dom.development.js:22926:7)
    at commitLayoutEffectOnFiber (react-dom.development.js:21418:9)
    at recursivelyTraverseLayoutEffects (react-dom.development.js:22926:7)
    at commitLayoutEffectOnFiber (react-dom.development.js:21407:9)
    at recursivelyTraverseLayoutEffects (react-dom.development.js:22926:7)
attemptPlay @ CallModal.tsx:2971
ref @ CallModal.tsx:3009
commitAttachRef @ react-dom.development.js:21677
safelyAttachRef @ react-dom.development.js:20803
commitLayoutEffectOnFiber @ react-dom.development.js:21498
recursivelyTraverseLayoutEffects @ react-dom.development.js:22926
commitLayoutEffectOnFiber @ react-dom.development.js:21577
recursivelyTraverseLayoutEffects @ react-dom.development.js:22926
commitLayoutEffectOnFiber @ react-dom.development.js:21488
recursivelyTraverseLayoutEffects @ react-dom.development.js:22926
commitLayoutEffectOnFiber @ react-dom.development.js:21488
recursivelyTraverseLayoutEffects @ react-dom.development.js:22926
commitLayoutEffectOnFiber @ react-dom.development.js:21488
recursivelyTraverseLayoutEffects @ react-dom.development.js:22926
commitLayoutEffectOnFiber @ react-dom.development.js:21488
recursivelyTraverseLayoutEffects @ react-dom.development.js:22926
commitLayoutEffectOnFiber @ react-dom.development.js:21407
recursivelyTraverseLayoutEffects @ react-dom.development.js:22926
commitLayoutEffectOnFiber @ react-dom.development.js:21407
recursivelyTraverseLayoutEffects @ react-dom.development.js:22926
commitLayoutEffectOnFiber @ react-dom.development.js:21577
recursivelyTraverseLayoutEffects @ react-dom.development.js:22926
commitLayoutEffectOnFiber @ react-dom.development.js:21407
recursivelyTraverseLayoutEffects @ react-dom.development.js:22926
commitLayoutEffectOnFiber @ react-dom.development.js:21577
recursivelyTraverseLayoutEffects @ react-dom.development.js:22926
commitLayoutEffectOnFiber @ react-dom.development.js:21407
recursivelyTraverseLayoutEffects @ react-dom.development.js:22926
commitLayoutEffectOnFiber @ react-dom.development.js:21577
recursivelyTraverseLayoutEffects @ react-dom.development.js:22926
commitLayoutEffectOnFiber @ react-dom.development.js:21407
recursivelyTraverseLayoutEffects @ react-dom.development.js:22926
commitLayoutEffectOnFiber @ react-dom.development.js:21577
recursivelyTraverseLayoutEffects @ react-dom.development.js:22926
commitLayoutEffectOnFiber @ react-dom.development.js:21407
recursivelyTraverseLayoutEffects @ react-dom.development.js:22926
commitLayoutEffectOnFiber @ react-dom.development.js:21407
recursivelyTraverseLayoutEffects @ react-dom.development.js:22926
commitLayoutEffectOnFiber @ react-dom.development.js:21488
recursivelyTraverseLayoutEffects @ react-dom.development.js:22926
commitLayoutEffectOnFiber @ react-dom.development.js:21488
recursivelyTraverseLayoutEffects @ react-dom.development.js:22926
commitLayoutEffectOnFiber @ react-dom.development.js:21577
recursivelyTraverseLayoutEffects @ react-dom.development.js:22926
commitLayoutEffectOnFiber @ react-dom.development.js:21577
recursivelyTraverseLayoutEffects @ react-dom.development.js:22926
commitLayoutEffectOnFiber @ react-dom.development.js:21418
recursivelyTraverseLayoutEffects @ react-dom.development.js:22926
commitLayoutEffectOnFiber @ react-dom.development.js:21407
recursivelyTraverseLayoutEffects @ react-dom.development.js:22926
commitLayoutEffectOnFiber @ react-dom.development.js:21577
recursivelyTraverseLayoutEffects @ react-dom.development.js:22926
commitLayoutEffectOnFiber @ react-dom.development.js:21418
recursivelyTraverseLayoutEffects @ react-dom.development.js:22926
commitLayoutEffectOnFiber @ react-dom.development.js:21407
recursivelyTraverseLayoutEffects @ react-dom.development.js:22926
commitLayoutEffectOnFiber @ react-dom.development.js:21407
recursivelyTraverseLayoutEffects @ react-dom.development.js:22926
commitLayoutEffectOnFiber @ react-dom.development.js:21418
recursivelyTraverseLayoutEffects @ react-dom.development.js:22926
commitLayoutEffectOnFiber @ react-dom.development.js:21407
recursivelyTraverseLayoutEffects @ react-dom.development.js:22926
commitLayoutEffectOnFiber @ react-dom.development.js:21577
recursivelyTraverseLayoutEffects @ react-dom.development.js:22926
commitLayoutEffectOnFiber @ react-dom.development.js:21577
recursivelyTraverseLayoutEffects @ react-dom.development.js:22926
commitLayoutEffectOnFiber @ react-dom.development.js:21577
recursivelyTraverseLayoutEffects @ react-dom.development.js:22926
commitLayoutEffectOnFiber @ react-dom.development.js:21577
recursivelyTraverseLayoutEffects @ react-dom.development.js:22926
commitLayoutEffectOnFiber @ react-dom.development.js:21577
recursivelyTraverseLayoutEffects @ react-dom.development.js:22926
commitLayoutEffectOnFiber @ react-dom.development.js:21577
recursivelyTraverseLayoutEffects @ react-dom.development.js:22926
commitLayoutEffectOnFiber @ react-dom.development.js:21407
recursivelyTraverseLayoutEffects @ react-dom.development.js:22926
commitLayoutEffectOnFiber @ react-dom.development.js:21418
recursivelyTraverseLayoutEffects @ react-dom.development.js:22926
commitLayoutEffectOnFiber @ react-dom.development.js:21407
recursivelyTraverseLayoutEffects @ react-dom.development.js:22926
commitLayoutEffectOnFiber @ react-dom.development.js:21407
recursivelyTraverseLayoutEffects @ react-dom.development.js:22926
commitLayoutEffectOnFiber @ react-dom.development.js:21407
recursivelyTraverseLayoutEffects @ react-dom.development.js:22926
commitLayoutEffectOnFiber @ react-dom.development.js:21407
recursivelyTraverseLayoutEffects @ react-dom.development.js:22926
commitLayoutEffectOnFiber @ react-dom.development.js:21577
recursivelyTraverseLayoutEffects @ react-dom.development.js:22926
commitLayoutEffectOnFiber @ react-dom.development.js:21577
recursivelyTraverseLayoutEffects @ react-dom.development.js:22926
commitLayoutEffectOnFiber @ react-dom.development.js:21577
recursivelyTraverseLayoutEffects @ react-dom.development.js:22926
commitLayoutEffectOnFiber @ react-dom.development.js:21437
commitLayoutEffects @ react-dom.development.js:22912
commitRootImpl @ react-dom.development.js:26226
commitRoot @ react-dom.development.js:26077
commitRootWhenReady @ react-dom.development.js:24749
finishConcurrentRender @ react-dom.development.js:24714
performConcurrentWorkOnRoot @ react-dom.development.js:24559
workLoop @ scheduler.development.js:256
flushWork @ scheduler.development.js:225
performWorkUntilDeadline @ scheduler.development.js:534
10:20:29.351 CallModal.tsx:2975 [CallModal] 🔄 Waiting for stream to become active for cmeifml0h001okung0i95m8s6
10:20:29.416 useVoiceActivity.ts:22 [VoiceActivity] Effect triggered: {hasStream: true, streamId: '22684b8b-e675-484e-8ba1-c9d3f02f2c18', audioTracks: 1, threshold: -40}
10:20:29.417 useVoiceActivity.ts:42 [VoiceActivity] Initializing for stream: 22684b8b-e675-484e-8ba1-c9d3f02f2c18 with 1 audio tracks
10:20:29.418 useVoiceActivity.ts:22 [VoiceActivity] Effect triggered: {hasStream: true, streamId: '22684b8b-e675-484e-8ba1-c9d3f02f2c18', audioTracks: 1, threshold: -40}
10:20:29.418 useVoiceActivity.ts:42 [VoiceActivity] Initializing for stream: 22684b8b-e675-484e-8ba1-c9d3f02f2c18 with 1 audio tracks
10:20:29.419 CallModal.tsx:62 [CallModal] Rendered - voice call opened
10:20:29.419 CallModal.tsx:62 [CallModal] Rendered - voice call opened
10:20:29.420 CallModal.tsx:3013 [CallModal] Audio loadeddata event for cmeifml0h001okung0i95m8s6
10:20:29.420 CallModal.tsx:2967 [CallModal] 🔄 Stream not ready, waiting...
10:20:29.420 CallModal.tsx:2971 [CallModal] ❌ Initial audio play failed for cmeifml0h001okung0i95m8s6: Error: Stream not ready
    at attemptPlay (CallModal.tsx:2968:37)
    at element.addEventListener.once (CallModal.tsx:3014:27)
attemptPlay @ CallModal.tsx:2971
element.addEventListener.once @ CallModal.tsx:3014
10:20:29.421 CallModal.tsx:2975 [CallModal] 🔄 Waiting for stream to become active for cmeifml0h001okung0i95m8s6
10:20:29.421 CallModal.tsx:3029 [CallModal] Audio can play for cmeifml0h001okung0i95m8s6
10:20:29.421 CallModal.tsx:3018 [CallModal] Audio canplay event for cmeifml0h001okung0i95m8s6
10:20:29.421 CallModal.tsx:2967 [CallModal] 🔄 Stream not ready, waiting...
10:20:29.421 CallModal.tsx:2971 [CallModal] ❌ Initial audio play failed for cmeifml0h001okung0i95m8s6: Error: Stream not ready
    at attemptPlay (CallModal.tsx:2968:37)
    at element.addEventListener.once (CallModal.tsx:3019:27)
attemptPlay @ CallModal.tsx:2971
element.addEventListener.once @ CallModal.tsx:3019
10:20:29.421 CallModal.tsx:2975 [CallModal] 🔄 Waiting for stream to become active for cmeifml0h001okung0i95m8s6
10:20:29.422 CallModal.tsx:3030 [CallModal] Audio is playing for cmeifml0h001okung0i95m8s6
10:20:29.458 webrtc.ts:852 [WebRTC] Connection STABLE for: cmeifml0h001okung0i95m8s6 - verifying media streams
10:20:29.458 webrtc.ts:856 [WebRTC] Remote stream ready for: cmeifml0h001okung0i95m8s6
10:20:29.458 webrtc.ts:868 [WebRTC] 📡 EMITTING webrtc_peer_connected for: cmeifml0h001okung0i95m8s6
10:20:29.458 webrtc.ts:895 [WebRTC] ✅ Stable connection verified and reported for: cmeifml0h001okung0i95m8s6
10:20:29.527 CallModal.tsx:62 [CallModal] Rendered - voice call opened
10:20:29.528 CallModal.tsx:62 [CallModal] Rendered - voice call opened
10:20:29.529 CallModal.tsx:2603 [VoiceParticipant] Tester voice activity debug: {participantId: 'cmeifml0h001okung0i95m8s6', hasOriginalStream: true, hasLatestStream: true, streamActive: false, audioTracksCount: 1, …}
10:20:29.529 CallModal.tsx:2603 [VoiceParticipant] Tester voice activity debug: {participantId: 'cmeifml0h001okung0i95m8s6', hasOriginalStream: true, hasLatestStream: true, streamActive: false, audioTracksCount: 1, …}
10:20:29.530 CallModal.tsx:2917 [CallModal] 🔊 Setting up audio element for participant cmeifml0h001okung0i95m8s6
10:20:29.531 CallModal.tsx:2918 [CallModal] Stream details: {id: '22684b8b-e675-484e-8ba1-c9d3f02f2c18', active: false, audioTracks: Array(1)}
10:20:29.531 CallModal.tsx:2932 [CallModal] Previous audio element for cmeifml0h001okung0i95m8s6: false
10:20:29.534 CallModal.tsx:2941 [CallModal] Cleared previous srcObject for cmeifml0h001okung0i95m8s6
10:20:29.535 CallModal.tsx:2967 [CallModal] 🔄 Stream not ready, waiting...
10:20:29.535 CallModal.tsx:2971 [CallModal] ❌ Initial audio play failed for cmeifml0h001okung0i95m8s6: Error: Stream not ready
    at attemptPlay (CallModal.tsx:2968:37)
    at ref (CallModal.tsx:3009:25)
    at commitAttachRef (react-dom.development.js:21677:37)
    at safelyAttachRef (react-dom.development.js:20803:5)
    at commitLayoutEffectOnFiber (react-dom.development.js:21498:11)
    at recursivelyTraverseLayoutEffects (react-dom.development.js:22926:7)
    at commitLayoutEffectOnFiber (react-dom.development.js:21577:9)
    at recursivelyTraverseLayoutEffects (react-dom.development.js:22926:7)
    at commitLayoutEffectOnFiber (react-dom.development.js:21488:9)
    at recursivelyTraverseLayoutEffects (react-dom.development.js:22926:7)
    at commitLayoutEffectOnFiber (react-dom.development.js:21488:9)
    at recursivelyTraverseLayoutEffects (react-dom.development.js:22926:7)
    at commitLayoutEffectOnFiber (react-dom.development.js:21488:9)
    at recursivelyTraverseLayoutEffects (react-dom.development.js:22926:7)
    at commitLayoutEffectOnFiber (react-dom.development.js:21488:9)
    at recursivelyTraverseLayoutEffects (react-dom.development.js:22926:7)
    at commitLayoutEffectOnFiber (react-dom.development.js:21407:9)
    at recursivelyTraverseLayoutEffects (react-dom.development.js:22926:7)
    at commitLayoutEffectOnFiber (react-dom.development.js:21407:9)
    at recursivelyTraverseLayoutEffects (react-dom.development.js:22926:7)
    at commitLayoutEffectOnFiber (react-dom.development.js:21577:9)
    at recursivelyTraverseLayoutEffects (react-dom.development.js:22926:7)
    at commitLayoutEffectOnFiber (react-dom.development.js:21407:9)
    at recursivelyTraverseLayoutEffects (react-dom.development.js:22926:7)
    at commitLayoutEffectOnFiber (react-dom.development.js:21577:9)
    at recursivelyTraverseLayoutEffects (react-dom.development.js:22926:7)
    at commitLayoutEffectOnFiber (react-dom.development.js:21407:9)
    at recursivelyTraverseLayoutEffects (react-dom.development.js:22926:7)
    at commitLayoutEffectOnFiber (react-dom.development.js:21577:9)
    at recursivelyTraverseLayoutEffects (react-dom.development.js:22926:7)
    at commitLayoutEffectOnFiber (react-dom.development.js:21407:9)
    at recursivelyTraverseLayoutEffects (react-dom.development.js:22926:7)
    at commitLayoutEffectOnFiber (react-dom.development.js:21577:9)
    at recursivelyTraverseLayoutEffects (react-dom.development.js:22926:7)
    at commitLayoutEffectOnFiber (react-dom.development.js:21407:9)
    at recursivelyTraverseLayoutEffects (react-dom.development.js:22926:7)
    at commitLayoutEffectOnFiber (react-dom.development.js:21407:9)
    at recursivelyTraverseLayoutEffects (react-dom.development.js:22926:7)
    at commitLayoutEffectOnFiber (react-dom.development.js:21488:9)
    at recursivelyTraverseLayoutEffects (react-dom.development.js:22926:7)
    at commitLayoutEffectOnFiber (react-dom.development.js:21488:9)
    at recursivelyTraverseLayoutEffects (react-dom.development.js:22926:7)
    at commitLayoutEffectOnFiber (react-dom.development.js:21577:9)
    at recursivelyTraverseLayoutEffects (react-dom.development.js:22926:7)
    at commitLayoutEffectOnFiber (react-dom.development.js:21577:9)
    at recursivelyTraverseLayoutEffects (react-dom.development.js:22926:7)
    at commitLayoutEffectOnFiber (react-dom.development.js:21418:9)
    at recursivelyTraverseLayoutEffects (react-dom.development.js:22926:7)
    at commitLayoutEffectOnFiber (react-dom.development.js:21407:9)
    at recursivelyTraverseLayoutEffects (react-dom.development.js:22926:7)
attemptPlay @ CallModal.tsx:2971
ref @ CallModal.tsx:3009
commitAttachRef @ react-dom.development.js:21677
safelyAttachRef @ react-dom.development.js:20803
commitLayoutEffectOnFiber @ react-dom.development.js:21498
recursivelyTraverseLayoutEffects @ react-dom.development.js:22926
commitLayoutEffectOnFiber @ react-dom.development.js:21577
recursivelyTraverseLayoutEffects @ react-dom.development.js:22926
commitLayoutEffectOnFiber @ react-dom.development.js:21488
recursivelyTraverseLayoutEffects @ react-dom.development.js:22926
commitLayoutEffectOnFiber @ react-dom.development.js:21488
recursivelyTraverseLayoutEffects @ react-dom.development.js:22926
commitLayoutEffectOnFiber @ react-dom.development.js:21488
recursivelyTraverseLayoutEffects @ react-dom.development.js:22926
commitLayoutEffectOnFiber @ react-dom.development.js:21488
recursivelyTraverseLayoutEffects @ react-dom.development.js:22926
commitLayoutEffectOnFiber @ react-dom.development.js:21407
recursivelyTraverseLayoutEffects @ react-dom.development.js:22926
commitLayoutEffectOnFiber @ react-dom.development.js:21407
recursivelyTraverseLayoutEffects @ react-dom.development.js:22926
commitLayoutEffectOnFiber @ react-dom.development.js:21577
recursivelyTraverseLayoutEffects @ react-dom.development.js:22926
commitLayoutEffectOnFiber @ react-dom.development.js:21407
recursivelyTraverseLayoutEffects @ react-dom.development.js:22926
commitLayoutEffectOnFiber @ react-dom.development.js:21577
recursivelyTraverseLayoutEffects @ react-dom.development.js:22926
commitLayoutEffectOnFiber @ react-dom.development.js:21407
recursivelyTraverseLayoutEffects @ react-dom.development.js:22926
commitLayoutEffectOnFiber @ react-dom.development.js:21577
recursivelyTraverseLayoutEffects @ react-dom.development.js:22926
commitLayoutEffectOnFiber @ react-dom.development.js:21407
recursivelyTraverseLayoutEffects @ react-dom.development.js:22926
commitLayoutEffectOnFiber @ react-dom.development.js:21577
recursivelyTraverseLayoutEffects @ react-dom.development.js:22926
commitLayoutEffectOnFiber @ react-dom.development.js:21407
recursivelyTraverseLayoutEffects @ react-dom.development.js:22926
commitLayoutEffectOnFiber @ react-dom.development.js:21407
recursivelyTraverseLayoutEffects @ react-dom.development.js:22926
commitLayoutEffectOnFiber @ react-dom.development.js:21488
recursivelyTraverseLayoutEffects @ react-dom.development.js:22926
commitLayoutEffectOnFiber @ react-dom.development.js:21488
recursivelyTraverseLayoutEffects @ react-dom.development.js:22926
commitLayoutEffectOnFiber @ react-dom.development.js:21577
recursivelyTraverseLayoutEffects @ react-dom.development.js:22926
commitLayoutEffectOnFiber @ react-dom.development.js:21577
recursivelyTraverseLayoutEffects @ react-dom.development.js:22926
commitLayoutEffectOnFiber @ react-dom.development.js:21418
recursivelyTraverseLayoutEffects @ react-dom.development.js:22926
commitLayoutEffectOnFiber @ react-dom.development.js:21407
recursivelyTraverseLayoutEffects @ react-dom.development.js:22926
commitLayoutEffectOnFiber @ react-dom.development.js:21577
recursivelyTraverseLayoutEffects @ react-dom.development.js:22926
commitLayoutEffectOnFiber @ react-dom.development.js:21418
recursivelyTraverseLayoutEffects @ react-dom.development.js:22926
commitLayoutEffectOnFiber @ react-dom.development.js:21407
recursivelyTraverseLayoutEffects @ react-dom.development.js:22926
commitLayoutEffectOnFiber @ react-dom.development.js:21407
recursivelyTraverseLayoutEffects @ react-dom.development.js:22926
commitLayoutEffectOnFiber @ react-dom.development.js:21418
recursivelyTraverseLayoutEffects @ react-dom.development.js:22926
commitLayoutEffectOnFiber @ react-dom.development.js:21407
recursivelyTraverseLayoutEffects @ react-dom.development.js:22926
commitLayoutEffectOnFiber @ react-dom.development.js:21577
recursivelyTraverseLayoutEffects @ react-dom.development.js:22926
commitLayoutEffectOnFiber @ react-dom.development.js:21577
recursivelyTraverseLayoutEffects @ react-dom.development.js:22926
commitLayoutEffectOnFiber @ react-dom.development.js:21577
recursivelyTraverseLayoutEffects @ react-dom.development.js:22926
commitLayoutEffectOnFiber @ react-dom.development.js:21577
recursivelyTraverseLayoutEffects @ react-dom.development.js:22926
commitLayoutEffectOnFiber @ react-dom.development.js:21577
recursivelyTraverseLayoutEffects @ react-dom.development.js:22926
commitLayoutEffectOnFiber @ react-dom.development.js:21577
recursivelyTraverseLayoutEffects @ react-dom.development.js:22926
commitLayoutEffectOnFiber @ react-dom.development.js:21407
recursivelyTraverseLayoutEffects @ react-dom.development.js:22926
commitLayoutEffectOnFiber @ react-dom.development.js:21418
recursivelyTraverseLayoutEffects @ react-dom.development.js:22926
commitLayoutEffectOnFiber @ react-dom.development.js:21407
recursivelyTraverseLayoutEffects @ react-dom.development.js:22926
commitLayoutEffectOnFiber @ react-dom.development.js:21407
recursivelyTraverseLayoutEffects @ react-dom.development.js:22926
commitLayoutEffectOnFiber @ react-dom.development.js:21407
recursivelyTraverseLayoutEffects @ react-dom.development.js:22926
commitLayoutEffectOnFiber @ react-dom.development.js:21407
recursivelyTraverseLayoutEffects @ react-dom.development.js:22926
commitLayoutEffectOnFiber @ react-dom.development.js:21577
recursivelyTraverseLayoutEffects @ react-dom.development.js:22926
commitLayoutEffectOnFiber @ react-dom.development.js:21577
recursivelyTraverseLayoutEffects @ react-dom.development.js:22926
commitLayoutEffectOnFiber @ react-dom.development.js:21577
recursivelyTraverseLayoutEffects @ react-dom.development.js:22926
commitLayoutEffectOnFiber @ react-dom.development.js:21437
commitLayoutEffects @ react-dom.development.js:22912
commitRootImpl @ react-dom.development.js:26226
commitRoot @ react-dom.development.js:26077
commitRootWhenReady @ react-dom.development.js:24749
finishConcurrentRender @ react-dom.development.js:24714
performConcurrentWorkOnRoot @ react-dom.development.js:24559
workLoop @ scheduler.development.js:256
flushWork @ scheduler.development.js:225
performWorkUntilDeadline @ scheduler.development.js:534
10:20:29.536 CallModal.tsx:2975 [CallModal] 🔄 Waiting for stream to become active for cmeifml0h001okung0i95m8s6
10:20:29.574 CallModal.tsx:967 [CallModal] 🔍 WebRTC stream ready for participant: cmeifml0h001okung0i95m8s6
10:20:29.575 CallModal.tsx:968 [CallModal] 🔍 Our callId: call-1757384369155-78u7pu5k6 Event callId: call-1757384369155-78u7pu5k6
10:20:29.575 CallModal.tsx:969 [CallModal] 🔍 Our user ID: cmeumah180000kuygq63oa1qx
10:20:29.575 CallModal.tsx:970 [CallModal] 🔍 Current call state: ringing
10:20:29.575 CallModal.tsx:971 [CallModal] 🔍 Current participant states: {}
10:20:29.575 CallModal.tsx:987 [CallModal] ✅ Processing REMOTE stream ready event
10:20:29.575 CallModal.tsx:988 [CallModal] 🆔 Our session ID: cmeumah180000kuygq63oa1qx
10:20:29.575 CallModal.tsx:989 [CallModal] 🆔 Remote participant ID: cmeifml0h001okung0i95m8s6
10:20:29.575 CallModal.tsx:990 [CallModal] 🔍 Stream data: {callId: 'call-1757384369155-78u7pu5k6', participantId: 'cmeifml0h001okung0i95m8s6', streamId: '5996fd78-9403-4dcf-9a7d-d28299d2034c', hasAudio: true, hasVideo: false}
10:20:29.575 CallModal.tsx:998 [CallModal] 🚀 INITIATING PEER CONNECTION for remote participant: cmeifml0h001okung0i95m8s6
10:20:29.576 CallModal.tsx:999 [CallModal] 🚀 WebRTC service available: true
10:20:29.576 CallModal.tsx:1003 [CallModal] 🎥 Processing webrtc_stream_ready for REMOTE participant: cmeifml0h001okung0i95m8s6
10:20:29.576 CallModal.tsx:1010 [CallModal] 🔗 Active peer connections: []
10:20:29.576 CallModal.tsx:1011 [CallModal] 🔗 Has connection to cmeifml0h001okung0i95m8s6 : false
10:20:29.576 CallModal.tsx:1014 [CallModal] 🚀 Creating peer connection to cmeifml0h001okung0i95m8s6
10:20:29.576 webrtc.ts:432 [WebRTC] 📞 Safe creating offer for participant: cmeifml0h001okung0i95m8s6
10:20:29.576 webrtc.ts:413 [WebRTC] ⏳ Waiting for local stream to be ready...
10:20:29.576 webrtc.ts:401 [WebRTC] 🔍 hasLocalStream: {hasStream: true, streamActive: true, totalTracks: 1, liveTracks: 1, result: true}
10:20:29.577 webrtc.ts:419 [WebRTC] ✅ Local stream is ready!
10:20:29.577 webrtc.ts:516 [WebRTC] Creating peer connection for: cmeifml0h001okung0i95m8s6
10:20:29.577 webrtc.ts:566 [WebRTC] ✅ Local stream validation passed: {streamActive: true, liveTracks: 1, trackDetails: Array(1)}
10:20:29.580 webrtc.ts:575 [WebRTC] 🚀 Applying low-latency optimizations for peer connection: cmeifml0h001okung0i95m8s6
10:20:29.580 webrtc.ts:579 [WebRTC] Adding local tracks to peer connection: [{…}]
10:20:29.580 webrtc.ts:584 [WebRTC] Adding live track to peer connection: audio Microphone Array (Realtek(R) Audio)
10:20:29.581 webrtc.ts:588 [WebRTC] ✅ Track added successfully: audio sender: true
10:20:29.582 webrtc.ts:657 [WebRTC] ✅ Added 1 tracks with low-latency transceivers for: cmeifml0h001okung0i95m8s6
10:20:29.589 useVoiceActivity.ts:22 [VoiceActivity] Effect triggered: {hasStream: true, streamId: '22684b8b-e675-484e-8ba1-c9d3f02f2c18', audioTracks: 1, threshold: -40}
10:20:29.590 useVoiceActivity.ts:42 [VoiceActivity] Initializing for stream: 22684b8b-e675-484e-8ba1-c9d3f02f2c18 with 1 audio tracks
10:20:29.591 useVoiceActivity.ts:22 [VoiceActivity] Effect triggered: {hasStream: true, streamId: '22684b8b-e675-484e-8ba1-c9d3f02f2c18', audioTracks: 1, threshold: -40}
10:20:29.592 useVoiceActivity.ts:42 [VoiceActivity] Initializing for stream: 22684b8b-e675-484e-8ba1-c9d3f02f2c18 with 1 audio tracks
10:20:29.593 CallModal.tsx:62 [CallModal] Rendered - voice call opened
10:20:29.593 CallModal.tsx:62 [CallModal] Rendered - voice call opened
10:20:29.597 CallModal.tsx:3013 [CallModal] Audio loadeddata event for cmeifml0h001okung0i95m8s6
10:20:29.597 CallModal.tsx:2967 [CallModal] 🔄 Stream not ready, waiting...
10:20:29.597 CallModal.tsx:2971 [CallModal] ❌ Initial audio play failed for cmeifml0h001okung0i95m8s6: Error: Stream not ready
    at attemptPlay (CallModal.tsx:2968:37)
    at element.addEventListener.once (CallModal.tsx:3014:27)
attemptPlay @ CallModal.tsx:2971
element.addEventListener.once @ CallModal.tsx:3014
10:20:29.598 CallModal.tsx:2975 [CallModal] 🔄 Waiting for stream to become active for cmeifml0h001okung0i95m8s6
10:20:29.598 CallModal.tsx:3029 [CallModal] Audio can play for cmeifml0h001okung0i95m8s6
10:20:29.598 CallModal.tsx:3018 [CallModal] Audio canplay event for cmeifml0h001okung0i95m8s6
10:20:29.598 CallModal.tsx:2967 [CallModal] 🔄 Stream not ready, waiting...
10:20:29.599 CallModal.tsx:2971 [CallModal] ❌ Initial audio play failed for cmeifml0h001okung0i95m8s6: Error: Stream not ready
    at attemptPlay (CallModal.tsx:2968:37)
    at element.addEventListener.once (CallModal.tsx:3019:27)
attemptPlay @ CallModal.tsx:2971
element.addEventListener.once @ CallModal.tsx:3019
10:20:29.599 CallModal.tsx:2975 [CallModal] 🔄 Waiting for stream to become active for cmeifml0h001okung0i95m8s6
10:20:29.599 CallModal.tsx:3030 [CallModal] Audio is playing for cmeifml0h001okung0i95m8s6
10:20:29.600 webrtc.ts:640 [WebRTC] 🎵 Applied ultra-low latency constraints to live audio track
10:20:29.601 webrtc.ts:63 [WebRTC] 🚀 Optimizing SDP for ultra-low latency...
10:20:29.601 webrtc.ts:132 [WebRTC] ✅ SDP optimized for ultra-low latency
10:20:29.614 webrtc.ts:457 [WebRTC] 📡 Sending offer to participant: cmeifml0h001okung0i95m8s6
10:20:29.616 CallModal.tsx:1018 [CallModal] ✅ Peer connection offer created successfully
10:20:29.620 CallModal.tsx:1037 [CallModal] Retrieved remote stream for cmeifml0h001okung0i95m8s6 : false
10:20:29.620 CallModal.tsx:1051 [CallModal] ⏰ No remote stream found yet for participant: cmeifml0h001okung0i95m8s6 - WebRTC connection may still be establishing
10:20:29.620 CallModal.tsx:1054 [CallModal] 🔄 Scheduling retry for remote stream retrieval
10:20:29.621 webrtc.ts:763 [WebRTC] Sending ICE candidate to: cmeifml0h001okung0i95m8s6
10:20:29.622 webrtc.ts:763 [WebRTC] Sending ICE candidate to: cmeifml0h001okung0i95m8s6
10:20:29.623 webrtc.ts:763 [WebRTC] Sending ICE candidate to: cmeifml0h001okung0i95m8s6
10:20:29.653 useVoiceActivity.ts:81 [VoiceActivity] Volume analysis: {average: '7.8', volume: '-30.3', threshold: -50, speaking: false, streamActive: true, …}
10:20:29.670 webrtc.ts:763 [WebRTC] Sending ICE candidate to: cmeifml0h001okung0i95m8s6
10:20:29.695 webrtc.ts:601 [WebRTC] 🎵 Set ultra-low latency audio parameters
10:20:29.721 webrtc.ts:763 [WebRTC] Sending ICE candidate to: cmeifml0h001okung0i95m8s6
10:20:29.722 webrtc.ts:763 [WebRTC] Sending ICE candidate to: cmeifml0h001okung0i95m8s6
10:20:29.722 webrtc.ts:763 [WebRTC] Sending ICE candidate to: cmeifml0h001okung0i95m8s6
10:20:29.823 CallModal.tsx:1058 [CallModal] 🔄 Retry - Retrieved remote stream for cmeifml0h001okung0i95m8s6 : false
10:20:29.823 CallModal.tsx:1070 [CallModal] ❌ Retry failed - Remote stream still not available for: cmeifml0h001okung0i95m8s6
eval @ CallModal.tsx:1070
setTimeout
handleWebRTCStreamReady @ CallModal.tsx:1055
await in handleWebRTCStreamReady
Emitter.emit @ index.js:140
emitEvent @ socket.js:545
onevent @ socket.js:532
onpacket @ socket.js:502
Emitter.emit @ index.js:140
eval @ manager.js:219
Promise.then
eval @ globals.js:11
ondecoded @ manager.js:218
Emitter.emit @ index.js:140
add @ index.js:156
ondata @ manager.js:205
Emitter.emit @ index.js:140
_onPacket @ socket.js:272
Emitter.emit @ index.js:140
onPacket @ transport.js:108
callback @ polling.js:86
onData @ polling.js:89
Emitter.emit @ index.js:140
_onLoad @ polling-xhr.js:204
xhr.onreadystatechange @ polling-xhr.js:140
10:20:29.863 webrtc.ts:763 [WebRTC] Sending ICE candidate to: cmeifml0h001okung0i95m8s6
10:20:29.938 webrtc.ts:1296 [WebRTC] Received ICE candidate from: cmeifn5qp002dkunge64m0xss
10:20:29.938 webrtc.ts:1296 [WebRTC] Received ICE candidate from: cmeifn5qp002dkunge64m0xss
10:20:29.939 webrtc.ts:1300 [WebRTC] No peer connection found for ICE candidate, buffering for later: cmeifn5qp002dkunge64m0xss
10:20:29.939 webrtc.ts:1307 [WebRTC] Buffered ICE candidate for: cmeifn5qp002dkunge64m0xss Total buffered: 24
10:20:29.939 webrtc.ts:1296 [WebRTC] Received ICE candidate from: cmeifn5qp002dkunge64m0xss
10:20:29.939 webrtc.ts:1315 [WebRTC] Failed to add ICE candidate: InvalidStateError: Failed to execute 'addIceCandidate' on 'RTCPeerConnection': The remote description was null
window.console.error @ app-index.js:33
console.error @ hydration-error-info.js:63
handleRemoteIceCandidate @ webrtc.ts:1315
await in handleRemoteIceCandidate
Emitter.emit @ index.js:140
emitEvent @ socket.js:545
onevent @ socket.js:532
onpacket @ socket.js:502
Emitter.emit @ index.js:140
eval @ manager.js:219
Promise.then
eval @ globals.js:11
ondecoded @ manager.js:218
Emitter.emit @ index.js:140
add @ index.js:156
ondata @ manager.js:205
Emitter.emit @ index.js:140
_onPacket @ socket.js:272
Emitter.emit @ index.js:140
onPacket @ transport.js:108
callback @ polling.js:86
onData @ polling.js:89
Emitter.emit @ index.js:140
_onLoad @ polling-xhr.js:204
xhr.onreadystatechange @ polling-xhr.js:140
XMLHttpRequest.send
_create @ polling-xhr.js:150
Request @ polling-xhr.js:86
request @ polling-xhr.js:264
doPoll @ polling-xhr.js:63
_poll @ polling.js:66
onData @ polling.js:96
Emitter.emit @ index.js:140
_onLoad @ polling-xhr.js:204
xhr.onreadystatechange @ polling-xhr.js:140
10:20:29.940 webrtc.ts:1315 [WebRTC] Failed to add ICE candidate: InvalidStateError: Failed to execute 'addIceCandidate' on 'RTCPeerConnection': The remote description was null
window.console.error @ app-index.js:33
console.error @ hydration-error-info.js:63
handleRemoteIceCandidate @ webrtc.ts:1315
await in handleRemoteIceCandidate
Emitter.emit @ index.js:140
emitEvent @ socket.js:545
onevent @ socket.js:532
onpacket @ socket.js:502
Emitter.emit @ index.js:140
eval @ manager.js:219
Promise.then
eval @ globals.js:11
ondecoded @ manager.js:218
Emitter.emit @ index.js:140
add @ index.js:156
ondata @ manager.js:205
Emitter.emit @ index.js:140
_onPacket @ socket.js:272
Emitter.emit @ index.js:140
onPacket @ transport.js:108
callback @ polling.js:86
onData @ polling.js:89
Emitter.emit @ index.js:140
_onLoad @ polling-xhr.js:204
xhr.onreadystatechange @ polling-xhr.js:140
XMLHttpRequest.send
_create @ polling-xhr.js:150
Request @ polling-xhr.js:86
request @ polling-xhr.js:264
doPoll @ polling-xhr.js:63
_poll @ polling.js:66
onData @ polling.js:96
Emitter.emit @ index.js:140
_onLoad @ polling-xhr.js:204
xhr.onreadystatechange @ polling-xhr.js:140
10:20:29.943 webrtc.ts:1296 [WebRTC] Received ICE candidate from: cmeifn5qp002dkunge64m0xss
10:20:29.944 webrtc.ts:1296 [WebRTC] Received ICE candidate from: cmeifn5qp002dkunge64m0xss
10:20:29.944 webrtc.ts:1300 [WebRTC] No peer connection found for ICE candidate, buffering for later: cmeifn5qp002dkunge64m0xss
10:20:29.944 webrtc.ts:1307 [WebRTC] Buffered ICE candidate for: cmeifn5qp002dkunge64m0xss Total buffered: 25
10:20:29.944 webrtc.ts:1296 [WebRTC] Received ICE candidate from: cmeifn5qp002dkunge64m0xss
10:20:29.945 webrtc.ts:1296 [WebRTC] Received ICE candidate from: cmeifn5qp002dkunge64m0xss
10:20:29.946 webrtc.ts:1296 [WebRTC] Received ICE candidate from: cmeifn5qp002dkunge64m0xss
10:20:29.946 webrtc.ts:1300 [WebRTC] No peer connection found for ICE candidate, buffering for later: cmeifn5qp002dkunge64m0xss
10:20:29.946 webrtc.ts:1307 [WebRTC] Buffered ICE candidate for: cmeifn5qp002dkunge64m0xss Total buffered: 26
10:20:29.946 webrtc.ts:1296 [WebRTC] Received ICE candidate from: cmeifn5qp002dkunge64m0xss
10:20:29.947 webrtc.ts:1315 [WebRTC] Failed to add ICE candidate: InvalidStateError: Failed to execute 'addIceCandidate' on 'RTCPeerConnection': The remote description was null
window.console.error @ app-index.js:33
console.error @ hydration-error-info.js:63
handleRemoteIceCandidate @ webrtc.ts:1315
await in handleRemoteIceCandidate
Emitter.emit @ index.js:140
emitEvent @ socket.js:545
onevent @ socket.js:532
onpacket @ socket.js:502
Emitter.emit @ index.js:140
eval @ manager.js:219
Promise.then
eval @ globals.js:11
ondecoded @ manager.js:218
Emitter.emit @ index.js:140
add @ index.js:156
ondata @ manager.js:205
Emitter.emit @ index.js:140
_onPacket @ socket.js:272
Emitter.emit @ index.js:140
onPacket @ transport.js:108
callback @ polling.js:86
onData @ polling.js:89
Emitter.emit @ index.js:140
_onLoad @ polling-xhr.js:204
xhr.onreadystatechange @ polling-xhr.js:140
XMLHttpRequest.send
_create @ polling-xhr.js:150
Request @ polling-xhr.js:86
request @ polling-xhr.js:264
doPoll @ polling-xhr.js:63
_poll @ polling.js:66
onData @ polling.js:96
Emitter.emit @ index.js:140
_onLoad @ polling-xhr.js:204
xhr.onreadystatechange @ polling-xhr.js:140
XMLHttpRequest.send
_create @ polling-xhr.js:150
Request @ polling-xhr.js:86
request @ polling-xhr.js:264
doPoll @ polling-xhr.js:63
_poll @ polling.js:66
onData @ polling.js:96
Emitter.emit @ index.js:140
_onLoad @ polling-xhr.js:204
xhr.onreadystatechange @ polling-xhr.js:140
10:20:29.948 webrtc.ts:1315 [WebRTC] Failed to add ICE candidate: InvalidStateError: Failed to execute 'addIceCandidate' on 'RTCPeerConnection': The remote description was null
window.console.error @ app-index.js:33
console.error @ hydration-error-info.js:63
handleRemoteIceCandidate @ webrtc.ts:1315
await in handleRemoteIceCandidate
Emitter.emit @ index.js:140
emitEvent @ socket.js:545
onevent @ socket.js:532
onpacket @ socket.js:502
Emitter.emit @ index.js:140
eval @ manager.js:219
Promise.then
eval @ globals.js:11
ondecoded @ manager.js:218
Emitter.emit @ index.js:140
add @ index.js:156
ondata @ manager.js:205
Emitter.emit @ index.js:140
_onPacket @ socket.js:272
Emitter.emit @ index.js:140
onPacket @ transport.js:108
callback @ polling.js:86
onData @ polling.js:89
Emitter.emit @ index.js:140
_onLoad @ polling-xhr.js:204
xhr.onreadystatechange @ polling-xhr.js:140
XMLHttpRequest.send
_create @ polling-xhr.js:150
Request @ polling-xhr.js:86
request @ polling-xhr.js:264
doPoll @ polling-xhr.js:63
_poll @ polling.js:66
onData @ polling.js:96
Emitter.emit @ index.js:140
_onLoad @ polling-xhr.js:204
xhr.onreadystatechange @ polling-xhr.js:140
XMLHttpRequest.send
_create @ polling-xhr.js:150
Request @ polling-xhr.js:86
request @ polling-xhr.js:264
doPoll @ polling-xhr.js:63
_poll @ polling.js:66
onData @ polling.js:96
Emitter.emit @ index.js:140
_onLoad @ polling-xhr.js:204
xhr.onreadystatechange @ polling-xhr.js:140
10:20:29.948 webrtc.ts:1315 [WebRTC] Failed to add ICE candidate: InvalidStateError: Failed to execute 'addIceCandidate' on 'RTCPeerConnection': The remote description was null
window.console.error @ app-index.js:33
console.error @ hydration-error-info.js:63
handleRemoteIceCandidate @ webrtc.ts:1315
await in handleRemoteIceCandidate
Emitter.emit @ index.js:140
emitEvent @ socket.js:545
onevent @ socket.js:532
onpacket @ socket.js:502
Emitter.emit @ index.js:140
eval @ manager.js:219
Promise.then
eval @ globals.js:11
ondecoded @ manager.js:218
Emitter.emit @ index.js:140
add @ index.js:156
ondata @ manager.js:205
Emitter.emit @ index.js:140
_onPacket @ socket.js:272
Emitter.emit @ index.js:140
onPacket @ transport.js:108
callback @ polling.js:86
onData @ polling.js:89
Emitter.emit @ index.js:140
_onLoad @ polling-xhr.js:204
xhr.onreadystatechange @ polling-xhr.js:140
XMLHttpRequest.send
_create @ polling-xhr.js:150
Request @ polling-xhr.js:86
request @ polling-xhr.js:264
doPoll @ polling-xhr.js:63
_poll @ polling.js:66
onData @ polling.js:96
Emitter.emit @ index.js:140
_onLoad @ polling-xhr.js:204
xhr.onreadystatechange @ polling-xhr.js:140
XMLHttpRequest.send
_create @ polling-xhr.js:150
Request @ polling-xhr.js:86
request @ polling-xhr.js:264
doPoll @ polling-xhr.js:63
_poll @ polling.js:66
onData @ polling.js:96
Emitter.emit @ index.js:140
_onLoad @ polling-xhr.js:204
xhr.onreadystatechange @ polling-xhr.js:140
10:20:29.950 webrtc.ts:1315 [WebRTC] Failed to add ICE candidate: InvalidStateError: Failed to execute 'addIceCandidate' on 'RTCPeerConnection': The remote description was null
window.console.error @ app-index.js:33
console.error @ hydration-error-info.js:63
handleRemoteIceCandidate @ webrtc.ts:1315
await in handleRemoteIceCandidate
Emitter.emit @ index.js:140
emitEvent @ socket.js:545
onevent @ socket.js:532
onpacket @ socket.js:502
Emitter.emit @ index.js:140
eval @ manager.js:219
Promise.then
eval @ globals.js:11
ondecoded @ manager.js:218
Emitter.emit @ index.js:140
add @ index.js:156
ondata @ manager.js:205
Emitter.emit @ index.js:140
_onPacket @ socket.js:272
Emitter.emit @ index.js:140
onPacket @ transport.js:108
callback @ polling.js:86
onData @ polling.js:89
Emitter.emit @ index.js:140
_onLoad @ polling-xhr.js:204
xhr.onreadystatechange @ polling-xhr.js:140
XMLHttpRequest.send
_create @ polling-xhr.js:150
Request @ polling-xhr.js:86
request @ polling-xhr.js:264
doPoll @ polling-xhr.js:63
_poll @ polling.js:66
onData @ polling.js:96
Emitter.emit @ index.js:140
_onLoad @ polling-xhr.js:204
xhr.onreadystatechange @ polling-xhr.js:140
XMLHttpRequest.send
_create @ polling-xhr.js:150
Request @ polling-xhr.js:86
request @ polling-xhr.js:264
doPoll @ polling-xhr.js:63
_poll @ polling.js:66
onData @ polling.js:96
Emitter.emit @ index.js:140
_onLoad @ polling-xhr.js:204
xhr.onreadystatechange @ polling-xhr.js:140
10:20:29.959 webrtc.ts:891 [WebRTC] 🔍 Delayed readiness check after stable connection for: cmeifml0h001okung0i95m8s6
10:20:29.959 webrtc.ts:1929 [WebRTC] 🔍 DETAILED Call readiness check:
10:20:29.959 webrtc.ts:1930 [WebRTC]   Total peers: 2
10:20:29.959 webrtc.ts:1931 [WebRTC]   Connected peers: 1
10:20:29.959 webrtc.ts:1932 [WebRTC]   Peers with streams: 1
10:20:29.959 webrtc.ts:1933 [WebRTC]   Peer details: (2) [{…}, {…}]
10:20:29.959 webrtc.ts:1937 [WebRTC] ✅ Call is ready! Signaling server...
10:20:29.959 webrtc.ts:1938 [WebRTC] 📡 EMITTING webrtc_call_ready - peers: 1 streams: 1
10:20:30.048 webrtc.ts:1296 [WebRTC] Received ICE candidate from: cmeifn5qp002dkunge64m0xss
10:20:30.049 webrtc.ts:1296 [WebRTC] Received ICE candidate from: cmeifn5qp002dkunge64m0xss
10:20:30.049 webrtc.ts:1300 [WebRTC] No peer connection found for ICE candidate, buffering for later: cmeifn5qp002dkunge64m0xss
10:20:30.049 webrtc.ts:1307 [WebRTC] Buffered ICE candidate for: cmeifn5qp002dkunge64m0xss Total buffered: 27
10:20:30.049 webrtc.ts:1296 [WebRTC] Received ICE candidate from: cmeifn5qp002dkunge64m0xss
10:20:30.050 webrtc.ts:1315 [WebRTC] Failed to add ICE candidate: InvalidStateError: Failed to execute 'addIceCandidate' on 'RTCPeerConnection': The remote description was null
window.console.error @ app-index.js:33
console.error @ hydration-error-info.js:63
handleRemoteIceCandidate @ webrtc.ts:1315
await in handleRemoteIceCandidate
Emitter.emit @ index.js:140
emitEvent @ socket.js:545
onevent @ socket.js:532
onpacket @ socket.js:502
Emitter.emit @ index.js:140
eval @ manager.js:219
Promise.then
eval @ globals.js:11
ondecoded @ manager.js:218
Emitter.emit @ index.js:140
add @ index.js:156
ondata @ manager.js:205
Emitter.emit @ index.js:140
_onPacket @ socket.js:272
Emitter.emit @ index.js:140
onPacket @ transport.js:108
callback @ polling.js:86
onData @ polling.js:89
Emitter.emit @ index.js:140
_onLoad @ polling-xhr.js:204
xhr.onreadystatechange @ polling-xhr.js:140
XMLHttpRequest.send
_create @ polling-xhr.js:150
Request @ polling-xhr.js:86
request @ polling-xhr.js:264
doPoll @ polling-xhr.js:63
_poll @ polling.js:66
onData @ polling.js:96
Emitter.emit @ index.js:140
_onLoad @ polling-xhr.js:204
xhr.onreadystatechange @ polling-xhr.js:140
XMLHttpRequest.send
_create @ polling-xhr.js:150
Request @ polling-xhr.js:86
request @ polling-xhr.js:264
doPoll @ polling-xhr.js:63
_poll @ polling.js:66
onData @ polling.js:96
Emitter.emit @ index.js:140
_onLoad @ polling-xhr.js:204
xhr.onreadystatechange @ polling-xhr.js:140
XMLHttpRequest.send
_create @ polling-xhr.js:150
Request @ polling-xhr.js:86
request @ polling-xhr.js:264
doPoll @ polling-xhr.js:63
_poll @ polling.js:66
onData @ polling.js:96
Emitter.emit @ index.js:140
_onLoad @ polling-xhr.js:204
xhr.onreadystatechange @ polling-xhr.js:140
10:20:30.050 webrtc.ts:1315 [WebRTC] Failed to add ICE candidate: InvalidStateError: Failed to execute 'addIceCandidate' on 'RTCPeerConnection': The remote description was null
window.console.error @ app-index.js:33
console.error @ hydration-error-info.js:63
handleRemoteIceCandidate @ webrtc.ts:1315
await in handleRemoteIceCandidate
Emitter.emit @ index.js:140
emitEvent @ socket.js:545
onevent @ socket.js:532
onpacket @ socket.js:502
Emitter.emit @ index.js:140
eval @ manager.js:219
Promise.then
eval @ globals.js:11
ondecoded @ manager.js:218
Emitter.emit @ index.js:140
add @ index.js:156
ondata @ manager.js:205
Emitter.emit @ index.js:140
_onPacket @ socket.js:272
Emitter.emit @ index.js:140
onPacket @ transport.js:108
callback @ polling.js:86
onData @ polling.js:89
Emitter.emit @ index.js:140
_onLoad @ polling-xhr.js:204
xhr.onreadystatechange @ polling-xhr.js:140
XMLHttpRequest.send
_create @ polling-xhr.js:150
Request @ polling-xhr.js:86
request @ polling-xhr.js:264
doPoll @ polling-xhr.js:63
_poll @ polling.js:66
onData @ polling.js:96
Emitter.emit @ index.js:140
_onLoad @ polling-xhr.js:204
xhr.onreadystatechange @ polling-xhr.js:140
XMLHttpRequest.send
_create @ polling-xhr.js:150
Request @ polling-xhr.js:86
request @ polling-xhr.js:264
doPoll @ polling-xhr.js:63
_poll @ polling.js:66
onData @ polling.js:96
Emitter.emit @ index.js:140
_onLoad @ polling-xhr.js:204
xhr.onreadystatechange @ polling-xhr.js:140
XMLHttpRequest.send
_create @ polling-xhr.js:150
Request @ polling-xhr.js:86
request @ polling-xhr.js:264
doPoll @ polling-xhr.js:63
_poll @ polling.js:66
onData @ polling.js:96
Emitter.emit @ index.js:140
_onLoad @ polling-xhr.js:204
xhr.onreadystatechange @ polling-xhr.js:140
10:20:30.056 webrtc.ts:1296 [WebRTC] Received ICE candidate from: cmeifn5qp002dkunge64m0xss
10:20:30.057 webrtc.ts:1296 [WebRTC] Received ICE candidate from: cmeifn5qp002dkunge64m0xss
10:20:30.057 webrtc.ts:1300 [WebRTC] No peer connection found for ICE candidate, buffering for later: cmeifn5qp002dkunge64m0xss
10:20:30.057 webrtc.ts:1307 [WebRTC] Buffered ICE candidate for: cmeifn5qp002dkunge64m0xss Total buffered: 28
10:20:30.057 webrtc.ts:1296 [WebRTC] Received ICE candidate from: cmeifn5qp002dkunge64m0xss
10:20:30.057 webrtc.ts:1296 [WebRTC] Received ICE candidate from: cmeifn5qp002dkunge64m0xss
10:20:30.058 webrtc.ts:1296 [WebRTC] Received ICE candidate from: cmeifn5qp002dkunge64m0xss
10:20:30.058 webrtc.ts:1300 [WebRTC] No peer connection found for ICE candidate, buffering for later: cmeifn5qp002dkunge64m0xss
10:20:30.058 webrtc.ts:1307 [WebRTC] Buffered ICE candidate for: cmeifn5qp002dkunge64m0xss Total buffered: 29
10:20:30.059 webrtc.ts:1296 [WebRTC] Received ICE candidate from: cmeifn5qp002dkunge64m0xss
10:20:30.060 webrtc.ts:1315 [WebRTC] Failed to add ICE candidate: InvalidStateError: Failed to execute 'addIceCandidate' on 'RTCPeerConnection': The remote description was null
window.console.error @ app-index.js:33
console.error @ hydration-error-info.js:63
handleRemoteIceCandidate @ webrtc.ts:1315
await in handleRemoteIceCandidate
Emitter.emit @ index.js:140
emitEvent @ socket.js:545
onevent @ socket.js:532
onpacket @ socket.js:502
Emitter.emit @ index.js:140
eval @ manager.js:219
Promise.then
eval @ globals.js:11
ondecoded @ manager.js:218
Emitter.emit @ index.js:140
add @ index.js:156
ondata @ manager.js:205
Emitter.emit @ index.js:140
_onPacket @ socket.js:272
Emitter.emit @ index.js:140
onPacket @ transport.js:108
callback @ polling.js:86
onData @ polling.js:89
Emitter.emit @ index.js:140
_onLoad @ polling-xhr.js:204
xhr.onreadystatechange @ polling-xhr.js:140
XMLHttpRequest.send
_create @ polling-xhr.js:150
Request @ polling-xhr.js:86
request @ polling-xhr.js:264
doPoll @ polling-xhr.js:63
_poll @ polling.js:66
onData @ polling.js:96
Emitter.emit @ index.js:140
_onLoad @ polling-xhr.js:204
xhr.onreadystatechange @ polling-xhr.js:140
XMLHttpRequest.send
_create @ polling-xhr.js:150
Request @ polling-xhr.js:86
request @ polling-xhr.js:264
doPoll @ polling-xhr.js:63
_poll @ polling.js:66
onData @ polling.js:96
Emitter.emit @ index.js:140
_onLoad @ polling-xhr.js:204
xhr.onreadystatechange @ polling-xhr.js:140
XMLHttpRequest.send
_create @ polling-xhr.js:150
Request @ polling-xhr.js:86
request @ polling-xhr.js:264
doPoll @ polling-xhr.js:63
_poll @ polling.js:66
onData @ polling.js:96
Emitter.emit @ index.js:140
_onLoad @ polling-xhr.js:204
xhr.onreadystatechange @ polling-xhr.js:140
XMLHttpRequest.send
_create @ polling-xhr.js:150
Request @ polling-xhr.js:86
request @ polling-xhr.js:264
doPoll @ polling-xhr.js:63
_poll @ polling.js:66
onData @ polling.js:96
Emitter.emit @ index.js:140
_onLoad @ polling-xhr.js:204
xhr.onreadystatechange @ polling-xhr.js:140
10:20:30.060 webrtc.ts:1315 [WebRTC] Failed to add ICE candidate: InvalidStateError: Failed to execute 'addIceCandidate' on 'RTCPeerConnection': The remote description was null
window.console.error @ app-index.js:33
console.error @ hydration-error-info.js:63
handleRemoteIceCandidate @ webrtc.ts:1315
await in handleRemoteIceCandidate
Emitter.emit @ index.js:140
emitEvent @ socket.js:545
onevent @ socket.js:532
onpacket @ socket.js:502
Emitter.emit @ index.js:140
eval @ manager.js:219
Promise.then
eval @ globals.js:11
ondecoded @ manager.js:218
Emitter.emit @ index.js:140
add @ index.js:156
ondata @ manager.js:205
Emitter.emit @ index.js:140
_onPacket @ socket.js:272
Emitter.emit @ index.js:140
onPacket @ transport.js:108
callback @ polling.js:86
onData @ polling.js:89
Emitter.emit @ index.js:140
_onLoad @ polling-xhr.js:204
xhr.onreadystatechange @ polling-xhr.js:140
XMLHttpRequest.send
_create @ polling-xhr.js:150
Request @ polling-xhr.js:86
request @ polling-xhr.js:264
doPoll @ polling-xhr.js:63
_poll @ polling.js:66
onData @ polling.js:96
Emitter.emit @ index.js:140
_onLoad @ polling-xhr.js:204
xhr.onreadystatechange @ polling-xhr.js:140
XMLHttpRequest.send
_create @ polling-xhr.js:150
Request @ polling-xhr.js:86
request @ polling-xhr.js:264
doPoll @ polling-xhr.js:63
_poll @ polling.js:66
onData @ polling.js:96
Emitter.emit @ index.js:140
_onLoad @ polling-xhr.js:204
xhr.onreadystatechange @ polling-xhr.js:140
XMLHttpRequest.send
_create @ polling-xhr.js:150
Request @ polling-xhr.js:86
request @ polling-xhr.js:264
doPoll @ polling-xhr.js:63
_poll @ polling.js:66
onData @ polling.js:96
Emitter.emit @ index.js:140
_onLoad @ polling-xhr.js:204
xhr.onreadystatechange @ polling-xhr.js:140
XMLHttpRequest.send
_create @ polling-xhr.js:150
Request @ polling-xhr.js:86
request @ polling-xhr.js:264
doPoll @ polling-xhr.js:63
_poll @ polling.js:66
onData @ polling.js:96
Emitter.emit @ index.js:140
_onLoad @ polling-xhr.js:204
xhr.onreadystatechange @ polling-xhr.js:140
10:20:30.060 webrtc.ts:1315 [WebRTC] Failed to add ICE candidate: InvalidStateError: Failed to execute 'addIceCandidate' on 'RTCPeerConnection': The remote description was null
window.console.error @ app-index.js:33
console.error @ hydration-error-info.js:63
handleRemoteIceCandidate @ webrtc.ts:1315
await in handleRemoteIceCandidate
Emitter.emit @ index.js:140
emitEvent @ socket.js:545
onevent @ socket.js:532
onpacket @ socket.js:502
Emitter.emit @ index.js:140
eval @ manager.js:219
Promise.then
eval @ globals.js:11
ondecoded @ manager.js:218
Emitter.emit @ index.js:140
add @ index.js:156
ondata @ manager.js:205
Emitter.emit @ index.js:140
_onPacket @ socket.js:272
Emitter.emit @ index.js:140
onPacket @ transport.js:108
callback @ polling.js:86
onData @ polling.js:89
Emitter.emit @ index.js:140
_onLoad @ polling-xhr.js:204
xhr.onreadystatechange @ polling-xhr.js:140
XMLHttpRequest.send
_create @ polling-xhr.js:150
Request @ polling-xhr.js:86
request @ polling-xhr.js:264
doPoll @ polling-xhr.js:63
_poll @ polling.js:66
onData @ polling.js:96
Emitter.emit @ index.js:140
_onLoad @ polling-xhr.js:204
xhr.onreadystatechange @ polling-xhr.js:140
XMLHttpRequest.send
_create @ polling-xhr.js:150
Request @ polling-xhr.js:86
request @ polling-xhr.js:264
doPoll @ polling-xhr.js:63
_poll @ polling.js:66
onData @ polling.js:96
Emitter.emit @ index.js:140
_onLoad @ polling-xhr.js:204
xhr.onreadystatechange @ polling-xhr.js:140
XMLHttpRequest.send
_create @ polling-xhr.js:150
Request @ polling-xhr.js:86
request @ polling-xhr.js:264
doPoll @ polling-xhr.js:63
_poll @ polling.js:66
onData @ polling.js:96
Emitter.emit @ index.js:140
_onLoad @ polling-xhr.js:204
xhr.onreadystatechange @ polling-xhr.js:140
XMLHttpRequest.send
_create @ polling-xhr.js:150
Request @ polling-xhr.js:86
request @ polling-xhr.js:264
doPoll @ polling-xhr.js:63
_poll @ polling.js:66
onData @ polling.js:96
Emitter.emit @ index.js:140
_onLoad @ polling-xhr.js:204
xhr.onreadystatechange @ polling-xhr.js:140
10:20:30.061 webrtc.ts:1315 [WebRTC] Failed to add ICE candidate: InvalidStateError: Failed to execute 'addIceCandidate' on 'RTCPeerConnection': The remote description was null
window.console.error @ app-index.js:33
console.error @ hydration-error-info.js:63
handleRemoteIceCandidate @ webrtc.ts:1315
await in handleRemoteIceCandidate
Emitter.emit @ index.js:140
emitEvent @ socket.js:545
onevent @ socket.js:532
onpacket @ socket.js:502
Emitter.emit @ index.js:140
eval @ manager.js:219
Promise.then
eval @ globals.js:11
ondecoded @ manager.js:218
Emitter.emit @ index.js:140
add @ index.js:156
ondata @ manager.js:205
Emitter.emit @ index.js:140
_onPacket @ socket.js:272
Emitter.emit @ index.js:140
onPacket @ transport.js:108
callback @ polling.js:86
onData @ polling.js:89
Emitter.emit @ index.js:140
_onLoad @ polling-xhr.js:204
xhr.onreadystatechange @ polling-xhr.js:140
XMLHttpRequest.send
_create @ polling-xhr.js:150
Request @ polling-xhr.js:86
request @ polling-xhr.js:264
doPoll @ polling-xhr.js:63
_poll @ polling.js:66
onData @ polling.js:96
Emitter.emit @ index.js:140
_onLoad @ polling-xhr.js:204
xhr.onreadystatechange @ polling-xhr.js:140
XMLHttpRequest.send
_create @ polling-xhr.js:150
Request @ polling-xhr.js:86
request @ polling-xhr.js:264
doPoll @ polling-xhr.js:63
_poll @ polling.js:66
onData @ polling.js:96
Emitter.emit @ index.js:140
_onLoad @ polling-xhr.js:204
xhr.onreadystatechange @ polling-xhr.js:140
XMLHttpRequest.send
_create @ polling-xhr.js:150
Request @ polling-xhr.js:86
request @ polling-xhr.js:264
doPoll @ polling-xhr.js:63
_poll @ polling.js:66
onData @ polling.js:96
Emitter.emit @ index.js:140
_onLoad @ polling-xhr.js:204
xhr.onreadystatechange @ polling-xhr.js:140
XMLHttpRequest.send
_create @ polling-xhr.js:150
Request @ polling-xhr.js:86
request @ polling-xhr.js:264
doPoll @ polling-xhr.js:63
_poll @ polling.js:66
onData @ polling.js:96
Emitter.emit @ index.js:140
_onLoad @ polling-xhr.js:204
xhr.onreadystatechange @ polling-xhr.js:140
10:20:30.249 webrtc.ts:1296 [WebRTC] Received ICE candidate from: cmeifn5qp002dkunge64m0xss
10:20:30.249 webrtc.ts:1296 [WebRTC] Received ICE candidate from: cmeifn5qp002dkunge64m0xss
10:20:30.249 webrtc.ts:1300 [WebRTC] No peer connection found for ICE candidate, buffering for later: cmeifn5qp002dkunge64m0xss
10:20:30.249 webrtc.ts:1307 [WebRTC] Buffered ICE candidate for: cmeifn5qp002dkunge64m0xss Total buffered: 30
10:20:30.249 webrtc.ts:1296 [WebRTC] Received ICE candidate from: cmeifn5qp002dkunge64m0xss
10:20:30.250 webrtc.ts:1315 [WebRTC] Failed to add ICE candidate: InvalidStateError: Failed to execute 'addIceCandidate' on 'RTCPeerConnection': The remote description was null
window.console.error @ app-index.js:33
console.error @ hydration-error-info.js:63
handleRemoteIceCandidate @ webrtc.ts:1315
await in handleRemoteIceCandidate
Emitter.emit @ index.js:140
emitEvent @ socket.js:545
onevent @ socket.js:532
onpacket @ socket.js:502
Emitter.emit @ index.js:140
eval @ manager.js:219
Promise.then
eval @ globals.js:11
ondecoded @ manager.js:218
Emitter.emit @ index.js:140
add @ index.js:156
ondata @ manager.js:205
Emitter.emit @ index.js:140
_onPacket @ socket.js:272
Emitter.emit @ index.js:140
onPacket @ transport.js:108
callback @ polling.js:86
onData @ polling.js:89
Emitter.emit @ index.js:140
_onLoad @ polling-xhr.js:204
xhr.onreadystatechange @ polling-xhr.js:140
XMLHttpRequest.send
_create @ polling-xhr.js:150
Request @ polling-xhr.js:86
request @ polling-xhr.js:264
doPoll @ polling-xhr.js:63
_poll @ polling.js:66
onData @ polling.js:96
Emitter.emit @ index.js:140
_onLoad @ polling-xhr.js:204
xhr.onreadystatechange @ polling-xhr.js:140
XMLHttpRequest.send
_create @ polling-xhr.js:150
Request @ polling-xhr.js:86
request @ polling-xhr.js:264
doPoll @ polling-xhr.js:63
_poll @ polling.js:66
onData @ polling.js:96
Emitter.emit @ index.js:140
_onLoad @ polling-xhr.js:204
xhr.onreadystatechange @ polling-xhr.js:140
XMLHttpRequest.send
_create @ polling-xhr.js:150
Request @ polling-xhr.js:86
request @ polling-xhr.js:264
doPoll @ polling-xhr.js:63
_poll @ polling.js:66
onData @ polling.js:96
Emitter.emit @ index.js:140
_onLoad @ polling-xhr.js:204
xhr.onreadystatechange @ polling-xhr.js:140
XMLHttpRequest.send
_create @ polling-xhr.js:150
Request @ polling-xhr.js:86
request @ polling-xhr.js:264
doPoll @ polling-xhr.js:63
_poll @ polling.js:66
onData @ polling.js:96
Emitter.emit @ index.js:140
_onLoad @ polling-xhr.js:204
xhr.onreadystatechange @ polling-xhr.js:140
XMLHttpRequest.send
_create @ polling-xhr.js:150
Request @ polling-xhr.js:86
request @ polling-xhr.js:264
doPoll @ polling-xhr.js:63
_poll @ polling.js:66
onData @ polling.js:96
Emitter.emit @ index.js:140
_onLoad @ polling-xhr.js:204
xhr.onreadystatechange @ polling-xhr.js:140
10:20:30.251 webrtc.ts:1315 [WebRTC] Failed to add ICE candidate: InvalidStateError: Failed to execute 'addIceCandidate' on 'RTCPeerConnection': The remote description was null
window.console.error @ app-index.js:33
console.error @ hydration-error-info.js:63
handleRemoteIceCandidate @ webrtc.ts:1315
await in handleRemoteIceCandidate
Emitter.emit @ index.js:140
emitEvent @ socket.js:545
onevent @ socket.js:532
onpacket @ socket.js:502
Emitter.emit @ index.js:140
eval @ manager.js:219
Promise.then
eval @ globals.js:11
ondecoded @ manager.js:218
Emitter.emit @ index.js:140
add @ index.js:156
ondata @ manager.js:205
Emitter.emit @ index.js:140
_onPacket @ socket.js:272
Emitter.emit @ index.js:140
onPacket @ transport.js:108
callback @ polling.js:86
onData @ polling.js:89
Emitter.emit @ index.js:140
_onLoad @ polling-xhr.js:204
xhr.onreadystatechange @ polling-xhr.js:140
XMLHttpRequest.send
_create @ polling-xhr.js:150
Request @ polling-xhr.js:86
request @ polling-xhr.js:264
doPoll @ polling-xhr.js:63
_poll @ polling.js:66
onData @ polling.js:96
Emitter.emit @ index.js:140
_onLoad @ polling-xhr.js:204
xhr.onreadystatechange @ polling-xhr.js:140
XMLHttpRequest.send
_create @ polling-xhr.js:150
Request @ polling-xhr.js:86
request @ polling-xhr.js:264
doPoll @ polling-xhr.js:63
_poll @ polling.js:66
onData @ polling.js:96
Emitter.emit @ index.js:140
_onLoad @ polling-xhr.js:204
xhr.onreadystatechange @ polling-xhr.js:140
XMLHttpRequest.send
_create @ polling-xhr.js:150
Request @ polling-xhr.js:86
request @ polling-xhr.js:264
doPoll @ polling-xhr.js:63
_poll @ polling.js:66
onData @ polling.js:96
Emitter.emit @ index.js:140
_onLoad @ polling-xhr.js:204
xhr.onreadystatechange @ polling-xhr.js:140
XMLHttpRequest.send
_create @ polling-xhr.js:150
Request @ polling-xhr.js:86
request @ polling-xhr.js:264
doPoll @ polling-xhr.js:63
_poll @ polling.js:66
onData @ polling.js:96
Emitter.emit @ index.js:140
_onLoad @ polling-xhr.js:204
xhr.onreadystatechange @ polling-xhr.js:140
XMLHttpRequest.send
_create @ polling-xhr.js:150
Request @ polling-xhr.js:86
request @ polling-xhr.js:264
doPoll @ polling-xhr.js:63
_poll @ polling.js:66
onData @ polling.js:96
Emitter.emit @ index.js:140
_onLoad @ polling-xhr.js:204
xhr.onreadystatechange @ polling-xhr.js:140
10:20:30.302 CallModal.tsx:62 [CallModal] Rendered - voice call opened
10:20:30.303 CallModal.tsx:62 [CallModal] Rendered - voice call opened
10:20:30.303 CallModal.tsx:2603 [VoiceParticipant] Tester voice activity debug: {participantId: 'cmeifml0h001okung0i95m8s6', hasOriginalStream: true, hasLatestStream: true, streamActive: false, audioTracksCount: 1, …}
10:20:30.303 CallModal.tsx:2603 [VoiceParticipant] Tester voice activity debug: {participantId: 'cmeifml0h001okung0i95m8s6', hasOriginalStream: true, hasLatestStream: true, streamActive: false, audioTracksCount: 1, …}
10:20:30.304 CallModal.tsx:2917 [CallModal] 🔊 Setting up audio element for participant cmeifml0h001okung0i95m8s6
10:20:30.304 CallModal.tsx:2918 [CallModal] Stream details: {id: '22684b8b-e675-484e-8ba1-c9d3f02f2c18', active: false, audioTracks: Array(1)}
10:20:30.305 CallModal.tsx:2932 [CallModal] Previous audio element for cmeifml0h001okung0i95m8s6: false
10:20:30.308 CallModal.tsx:2941 [CallModal] Cleared previous srcObject for cmeifml0h001okung0i95m8s6
10:20:30.308 CallModal.tsx:2967 [CallModal] 🔄 Stream not ready, waiting...
10:20:30.309 CallModal.tsx:2971 [CallModal] ❌ Initial audio play failed for cmeifml0h001okung0i95m8s6: Error: Stream not ready
    at attemptPlay (CallModal.tsx:2968:37)
    at ref (CallModal.tsx:3009:25)
    at commitAttachRef (react-dom.development.js:21677:37)
    at safelyAttachRef (react-dom.development.js:20803:5)
    at commitLayoutEffectOnFiber (react-dom.development.js:21498:11)
    at recursivelyTraverseLayoutEffects (react-dom.development.js:22926:7)
    at commitLayoutEffectOnFiber (react-dom.development.js:21577:9)
    at recursivelyTraverseLayoutEffects (react-dom.development.js:22926:7)
    at commitLayoutEffectOnFiber (react-dom.development.js:21488:9)
    at recursivelyTraverseLayoutEffects (react-dom.development.js:22926:7)
    at commitLayoutEffectOnFiber (react-dom.development.js:21488:9)
    at recursivelyTraverseLayoutEffects (react-dom.development.js:22926:7)
    at commitLayoutEffectOnFiber (react-dom.development.js:21488:9)
    at recursivelyTraverseLayoutEffects (react-dom.development.js:22926:7)
    at commitLayoutEffectOnFiber (react-dom.development.js:21488:9)
    at recursivelyTraverseLayoutEffects (react-dom.development.js:22926:7)
    at commitLayoutEffectOnFiber (react-dom.development.js:21407:9)
    at recursivelyTraverseLayoutEffects (react-dom.development.js:22926:7)
    at commitLayoutEffectOnFiber (react-dom.development.js:21407:9)
    at recursivelyTraverseLayoutEffects (react-dom.development.js:22926:7)
    at commitLayoutEffectOnFiber (react-dom.development.js:21577:9)
    at recursivelyTraverseLayoutEffects (react-dom.development.js:22926:7)
    at commitLayoutEffectOnFiber (react-dom.development.js:21407:9)
    at recursivelyTraverseLayoutEffects (react-dom.development.js:22926:7)
    at commitLayoutEffectOnFiber (react-dom.development.js:21577:9)
    at recursivelyTraverseLayoutEffects (react-dom.development.js:22926:7)
    at commitLayoutEffectOnFiber (react-dom.development.js:21407:9)
    at recursivelyTraverseLayoutEffects (react-dom.development.js:22926:7)
    at commitLayoutEffectOnFiber (react-dom.development.js:21577:9)
    at recursivelyTraverseLayoutEffects (react-dom.development.js:22926:7)
    at commitLayoutEffectOnFiber (react-dom.development.js:21407:9)
    at recursivelyTraverseLayoutEffects (react-dom.development.js:22926:7)
    at commitLayoutEffectOnFiber (react-dom.development.js:21577:9)
    at recursivelyTraverseLayoutEffects (react-dom.development.js:22926:7)
    at commitLayoutEffectOnFiber (react-dom.development.js:21407:9)
    at recursivelyTraverseLayoutEffects (react-dom.development.js:22926:7)
    at commitLayoutEffectOnFiber (react-dom.development.js:21407:9)
    at recursivelyTraverseLayoutEffects (react-dom.development.js:22926:7)
    at commitLayoutEffectOnFiber (react-dom.development.js:21488:9)
    at recursivelyTraverseLayoutEffects (react-dom.development.js:22926:7)
    at commitLayoutEffectOnFiber (react-dom.development.js:21488:9)
    at recursivelyTraverseLayoutEffects (react-dom.development.js:22926:7)
    at commitLayoutEffectOnFiber (react-dom.development.js:21577:9)
    at recursivelyTraverseLayoutEffects (react-dom.development.js:22926:7)
    at commitLayoutEffectOnFiber (react-dom.development.js:21577:9)
    at recursivelyTraverseLayoutEffects (react-dom.development.js:22926:7)
    at commitLayoutEffectOnFiber (react-dom.development.js:21418:9)
    at recursivelyTraverseLayoutEffects (react-dom.development.js:22926:7)
    at commitLayoutEffectOnFiber (react-dom.development.js:21407:9)
    at recursivelyTraverseLayoutEffects (react-dom.development.js:22926:7)
attemptPlay @ CallModal.tsx:2971
ref @ CallModal.tsx:3009
commitAttachRef @ react-dom.development.js:21677
safelyAttachRef @ react-dom.development.js:20803
commitLayoutEffectOnFiber @ react-dom.development.js:21498
recursivelyTraverseLayoutEffects @ react-dom.development.js:22926
commitLayoutEffectOnFiber @ react-dom.development.js:21577
recursivelyTraverseLayoutEffects @ react-dom.development.js:22926
commitLayoutEffectOnFiber @ react-dom.development.js:21488
recursivelyTraverseLayoutEffects @ react-dom.development.js:22926
commitLayoutEffectOnFiber @ react-dom.development.js:21488
recursivelyTraverseLayoutEffects @ react-dom.development.js:22926
commitLayoutEffectOnFiber @ react-dom.development.js:21488
recursivelyTraverseLayoutEffects @ react-dom.development.js:22926
commitLayoutEffectOnFiber @ react-dom.development.js:21488
recursivelyTraverseLayoutEffects @ react-dom.development.js:22926
commitLayoutEffectOnFiber @ react-dom.development.js:21407
recursivelyTraverseLayoutEffects @ react-dom.development.js:22926
commitLayoutEffectOnFiber @ react-dom.development.js:21407
recursivelyTraverseLayoutEffects @ react-dom.development.js:22926
commitLayoutEffectOnFiber @ react-dom.development.js:21577
recursivelyTraverseLayoutEffects @ react-dom.development.js:22926
commitLayoutEffectOnFiber @ react-dom.development.js:21407
recursivelyTraverseLayoutEffects @ react-dom.development.js:22926
commitLayoutEffectOnFiber @ react-dom.development.js:21577
recursivelyTraverseLayoutEffects @ react-dom.development.js:22926
commitLayoutEffectOnFiber @ react-dom.development.js:21407
recursivelyTraverseLayoutEffects @ react-dom.development.js:22926
commitLayoutEffectOnFiber @ react-dom.development.js:21577
recursivelyTraverseLayoutEffects @ react-dom.development.js:22926
commitLayoutEffectOnFiber @ react-dom.development.js:21407
recursivelyTraverseLayoutEffects @ react-dom.development.js:22926
commitLayoutEffectOnFiber @ react-dom.development.js:21577
recursivelyTraverseLayoutEffects @ react-dom.development.js:22926
commitLayoutEffectOnFiber @ react-dom.development.js:21407
recursivelyTraverseLayoutEffects @ react-dom.development.js:22926
commitLayoutEffectOnFiber @ react-dom.development.js:21407
recursivelyTraverseLayoutEffects @ react-dom.development.js:22926
commitLayoutEffectOnFiber @ react-dom.development.js:21488
recursivelyTraverseLayoutEffects @ react-dom.development.js:22926
commitLayoutEffectOnFiber @ react-dom.development.js:21488
recursivelyTraverseLayoutEffects @ react-dom.development.js:22926
commitLayoutEffectOnFiber @ react-dom.development.js:21577
recursivelyTraverseLayoutEffects @ react-dom.development.js:22926
commitLayoutEffectOnFiber @ react-dom.development.js:21577
recursivelyTraverseLayoutEffects @ react-dom.development.js:22926
commitLayoutEffectOnFiber @ react-dom.development.js:21418
recursivelyTraverseLayoutEffects @ react-dom.development.js:22926
commitLayoutEffectOnFiber @ react-dom.development.js:21407
recursivelyTraverseLayoutEffects @ react-dom.development.js:22926
commitLayoutEffectOnFiber @ react-dom.development.js:21577
recursivelyTraverseLayoutEffects @ react-dom.development.js:22926
commitLayoutEffectOnFiber @ react-dom.development.js:21418
recursivelyTraverseLayoutEffects @ react-dom.development.js:22926
commitLayoutEffectOnFiber @ react-dom.development.js:21407
recursivelyTraverseLayoutEffects @ react-dom.development.js:22926
commitLayoutEffectOnFiber @ react-dom.development.js:21407
recursivelyTraverseLayoutEffects @ react-dom.development.js:22926
commitLayoutEffectOnFiber @ react-dom.development.js:21418
recursivelyTraverseLayoutEffects @ react-dom.development.js:22926
commitLayoutEffectOnFiber @ react-dom.development.js:21407
recursivelyTraverseLayoutEffects @ react-dom.development.js:22926
commitLayoutEffectOnFiber @ react-dom.development.js:21577
recursivelyTraverseLayoutEffects @ react-dom.development.js:22926
commitLayoutEffectOnFiber @ react-dom.development.js:21577
recursivelyTraverseLayoutEffects @ react-dom.development.js:22926
commitLayoutEffectOnFiber @ react-dom.development.js:21577
recursivelyTraverseLayoutEffects @ react-dom.development.js:22926
commitLayoutEffectOnFiber @ react-dom.development.js:21577
recursivelyTraverseLayoutEffects @ react-dom.development.js:22926
commitLayoutEffectOnFiber @ react-dom.development.js:21577
recursivelyTraverseLayoutEffects @ react-dom.development.js:22926
commitLayoutEffectOnFiber @ react-dom.development.js:21577
recursivelyTraverseLayoutEffects @ react-dom.development.js:22926
commitLayoutEffectOnFiber @ react-dom.development.js:21407
recursivelyTraverseLayoutEffects @ react-dom.development.js:22926
commitLayoutEffectOnFiber @ react-dom.development.js:21418
recursivelyTraverseLayoutEffects @ react-dom.development.js:22926
commitLayoutEffectOnFiber @ react-dom.development.js:21407
recursivelyTraverseLayoutEffects @ react-dom.development.js:22926
commitLayoutEffectOnFiber @ react-dom.development.js:21407
recursivelyTraverseLayoutEffects @ react-dom.development.js:22926
commitLayoutEffectOnFiber @ react-dom.development.js:21407
recursivelyTraverseLayoutEffects @ react-dom.development.js:22926
commitLayoutEffectOnFiber @ react-dom.development.js:21407
recursivelyTraverseLayoutEffects @ react-dom.development.js:22926
commitLayoutEffectOnFiber @ react-dom.development.js:21577
recursivelyTraverseLayoutEffects @ react-dom.development.js:22926
commitLayoutEffectOnFiber @ react-dom.development.js:21577
recursivelyTraverseLayoutEffects @ react-dom.development.js:22926
commitLayoutEffectOnFiber @ react-dom.development.js:21577
recursivelyTraverseLayoutEffects @ react-dom.development.js:22926
commitLayoutEffectOnFiber @ react-dom.development.js:21437
commitLayoutEffects @ react-dom.development.js:22912
commitRootImpl @ react-dom.development.js:26226
commitRoot @ react-dom.development.js:26077
commitRootWhenReady @ react-dom.development.js:24749
finishConcurrentRender @ react-dom.development.js:24714
performConcurrentWorkOnRoot @ react-dom.development.js:24559
workLoop @ scheduler.development.js:256
flushWork @ scheduler.development.js:225
performWorkUntilDeadline @ scheduler.development.js:534
10:20:30.309 CallModal.tsx:2975 [CallModal] 🔄 Waiting for stream to become active for cmeifml0h001okung0i95m8s6
10:20:30.405 useVoiceActivity.ts:22 [VoiceActivity] Effect triggered: {hasStream: true, streamId: '22684b8b-e675-484e-8ba1-c9d3f02f2c18', audioTracks: 1, threshold: -40}
10:20:30.406 useVoiceActivity.ts:42 [VoiceActivity] Initializing for stream: 22684b8b-e675-484e-8ba1-c9d3f02f2c18 with 1 audio tracks
10:20:30.460 useVoiceActivity.ts:81 [VoiceActivity] Volume analysis: {average: '0.0', volume: '-100.0', threshold: -40, speaking: false, streamActive: false, …}
10:20:30.461 useVoiceActivity.ts:22 [VoiceActivity] Effect triggered: {hasStream: true, streamId: '22684b8b-e675-484e-8ba1-c9d3f02f2c18', audioTracks: 1, threshold: -40}
10:20:30.461 useVoiceActivity.ts:42 [VoiceActivity] Initializing for stream: 22684b8b-e675-484e-8ba1-c9d3f02f2c18 with 1 audio tracks
10:20:30.463 webrtc.ts:1296 [WebRTC] Received ICE candidate from: cmeifn5qp002dkunge64m0xss
10:20:30.464 webrtc.ts:1296 [WebRTC] Received ICE candidate from: cmeifn5qp002dkunge64m0xss
10:20:30.464 webrtc.ts:1300 [WebRTC] No peer connection found for ICE candidate, buffering for later: cmeifn5qp002dkunge64m0xss
10:20:30.464 webrtc.ts:1307 [WebRTC] Buffered ICE candidate for: cmeifn5qp002dkunge64m0xss Total buffered: 31
10:20:30.464 webrtc.ts:1296 [WebRTC] Received ICE candidate from: cmeifn5qp002dkunge64m0xss
10:20:30.466 CallModal.tsx:3013 [CallModal] Audio loadeddata event for cmeifml0h001okung0i95m8s6
10:20:30.466 CallModal.tsx:2967 [CallModal] 🔄 Stream not ready, waiting...
10:20:30.466 CallModal.tsx:2971 [CallModal] ❌ Initial audio play failed for cmeifml0h001okung0i95m8s6: Error: Stream not ready
    at attemptPlay (CallModal.tsx:2968:37)
    at element.addEventListener.once (CallModal.tsx:3014:27)
attemptPlay @ CallModal.tsx:2971
element.addEventListener.once @ CallModal.tsx:3014
10:20:30.467 CallModal.tsx:2975 [CallModal] 🔄 Waiting for stream to become active for cmeifml0h001okung0i95m8s6
10:20:30.467 CallModal.tsx:3029 [CallModal] Audio can play for cmeifml0h001okung0i95m8s6
10:20:30.467 CallModal.tsx:3018 [CallModal] Audio canplay event for cmeifml0h001okung0i95m8s6
10:20:30.467 CallModal.tsx:2967 [CallModal] 🔄 Stream not ready, waiting...
10:20:30.467 CallModal.tsx:2971 [CallModal] ❌ Initial audio play failed for cmeifml0h001okung0i95m8s6: Error: Stream not ready
    at attemptPlay (CallModal.tsx:2968:37)
    at element.addEventListener.once (CallModal.tsx:3019:27)
attemptPlay @ CallModal.tsx:2971
element.addEventListener.once @ CallModal.tsx:3019
10:20:30.467 CallModal.tsx:2975 [CallModal] 🔄 Waiting for stream to become active for cmeifml0h001okung0i95m8s6
10:20:30.468 CallModal.tsx:3030 [CallModal] Audio is playing for cmeifml0h001okung0i95m8s6
10:20:30.470 CallModal.tsx:62 [CallModal] Rendered - voice call opened
10:20:30.472 CallModal.tsx:62 [CallModal] Rendered - voice call opened
10:20:30.475 CallModal.tsx:2603 [VoiceParticipant] Tester voice activity debug: {participantId: 'cmeifml0h001okung0i95m8s6', hasOriginalStream: true, hasLatestStream: true, streamActive: false, audioTracksCount: 1, …}
10:20:30.476 CallModal.tsx:2603 [VoiceParticipant] Tester voice activity debug: {participantId: 'cmeifml0h001okung0i95m8s6', hasOriginalStream: true, hasLatestStream: true, streamActive: false, audioTracksCount: 1, …}
10:20:30.477 CallModal.tsx:2917 [CallModal] 🔊 Setting up audio element for participant cmeifml0h001okung0i95m8s6
10:20:30.478 CallModal.tsx:2918 [CallModal] Stream details: {id: '22684b8b-e675-484e-8ba1-c9d3f02f2c18', active: false, audioTracks: Array(1)}
10:20:30.478 CallModal.tsx:2932 [CallModal] Previous audio element for cmeifml0h001okung0i95m8s6: false
10:20:30.480 CallModal.tsx:2941 [CallModal] Cleared previous srcObject for cmeifml0h001okung0i95m8s6
10:20:30.481 CallModal.tsx:2967 [CallModal] 🔄 Stream not ready, waiting...
10:20:30.481 CallModal.tsx:2971 [CallModal] ❌ Initial audio play failed for cmeifml0h001okung0i95m8s6: Error: Stream not ready
    at attemptPlay (CallModal.tsx:2968:37)
    at ref (CallModal.tsx:3009:25)
    at commitAttachRef (react-dom.development.js:21677:37)
    at safelyAttachRef (react-dom.development.js:20803:5)
    at commitLayoutEffectOnFiber (react-dom.development.js:21498:11)
    at recursivelyTraverseLayoutEffects (react-dom.development.js:22926:7)
    at commitLayoutEffectOnFiber (react-dom.development.js:21577:9)
    at recursivelyTraverseLayoutEffects (react-dom.development.js:22926:7)
    at commitLayoutEffectOnFiber (react-dom.development.js:21488:9)
    at recursivelyTraverseLayoutEffects (react-dom.development.js:22926:7)
    at commitLayoutEffectOnFiber (react-dom.development.js:21488:9)
    at recursivelyTraverseLayoutEffects (react-dom.development.js:22926:7)
    at commitLayoutEffectOnFiber (react-dom.development.js:21488:9)
    at recursivelyTraverseLayoutEffects (react-dom.development.js:22926:7)
    at commitLayoutEffectOnFiber (react-dom.development.js:21488:9)
    at recursivelyTraverseLayoutEffects (react-dom.development.js:22926:7)
    at commitLayoutEffectOnFiber (react-dom.development.js:21407:9)
    at recursivelyTraverseLayoutEffects (react-dom.development.js:22926:7)
    at commitLayoutEffectOnFiber (react-dom.development.js:21407:9)
    at recursivelyTraverseLayoutEffects (react-dom.development.js:22926:7)
    at commitLayoutEffectOnFiber (react-dom.development.js:21577:9)
    at recursivelyTraverseLayoutEffects (react-dom.development.js:22926:7)
    at commitLayoutEffectOnFiber (react-dom.development.js:21407:9)
    at recursivelyTraverseLayoutEffects (react-dom.development.js:22926:7)
    at commitLayoutEffectOnFiber (react-dom.development.js:21577:9)
    at recursivelyTraverseLayoutEffects (react-dom.development.js:22926:7)
    at commitLayoutEffectOnFiber (react-dom.development.js:21407:9)
    at recursivelyTraverseLayoutEffects (react-dom.development.js:22926:7)
    at commitLayoutEffectOnFiber (react-dom.development.js:21577:9)
    at recursivelyTraverseLayoutEffects (react-dom.development.js:22926:7)
    at commitLayoutEffectOnFiber (react-dom.development.js:21407:9)
    at recursivelyTraverseLayoutEffects (react-dom.development.js:22926:7)
    at commitLayoutEffectOnFiber (react-dom.development.js:21577:9)
    at recursivelyTraverseLayoutEffects (react-dom.development.js:22926:7)
    at commitLayoutEffectOnFiber (react-dom.development.js:21407:9)
    at recursivelyTraverseLayoutEffects (react-dom.development.js:22926:7)
    at commitLayoutEffectOnFiber (react-dom.development.js:21407:9)
    at recursivelyTraverseLayoutEffects (react-dom.development.js:22926:7)
    at commitLayoutEffectOnFiber (react-dom.development.js:21488:9)
    at recursivelyTraverseLayoutEffects (react-dom.development.js:22926:7)
    at commitLayoutEffectOnFiber (react-dom.development.js:21488:9)
    at recursivelyTraverseLayoutEffects (react-dom.development.js:22926:7)
    at commitLayoutEffectOnFiber (react-dom.development.js:21577:9)
    at recursivelyTraverseLayoutEffects (react-dom.development.js:22926:7)
    at commitLayoutEffectOnFiber (react-dom.development.js:21577:9)
    at recursivelyTraverseLayoutEffects (react-dom.development.js:22926:7)
    at commitLayoutEffectOnFiber (react-dom.development.js:21418:9)
    at recursivelyTraverseLayoutEffects (react-dom.development.js:22926:7)
    at commitLayoutEffectOnFiber (react-dom.development.js:21407:9)
    at recursivelyTraverseLayoutEffects (react-dom.development.js:22926:7)
attemptPlay @ CallModal.tsx:2971
ref @ CallModal.tsx:3009
commitAttachRef @ react-dom.development.js:21677
safelyAttachRef @ react-dom.development.js:20803
commitLayoutEffectOnFiber @ react-dom.development.js:21498
recursivelyTraverseLayoutEffects @ react-dom.development.js:22926
commitLayoutEffectOnFiber @ react-dom.development.js:21577
recursivelyTraverseLayoutEffects @ react-dom.development.js:22926
commitLayoutEffectOnFiber @ react-dom.development.js:21488
recursivelyTraverseLayoutEffects @ react-dom.development.js:22926
commitLayoutEffectOnFiber @ react-dom.development.js:21488
recursivelyTraverseLayoutEffects @ react-dom.development.js:22926
commitLayoutEffectOnFiber @ react-dom.development.js:21488
recursivelyTraverseLayoutEffects @ react-dom.development.js:22926
commitLayoutEffectOnFiber @ react-dom.development.js:21488
recursivelyTraverseLayoutEffects @ react-dom.development.js:22926
commitLayoutEffectOnFiber @ react-dom.development.js:21407
recursivelyTraverseLayoutEffects @ react-dom.development.js:22926
commitLayoutEffectOnFiber @ react-dom.development.js:21407
recursivelyTraverseLayoutEffects @ react-dom.development.js:22926
commitLayoutEffectOnFiber @ react-dom.development.js:21577
recursivelyTraverseLayoutEffects @ react-dom.development.js:22926
commitLayoutEffectOnFiber @ react-dom.development.js:21407
recursivelyTraverseLayoutEffects @ react-dom.development.js:22926
commitLayoutEffectOnFiber @ react-dom.development.js:21577
recursivelyTraverseLayoutEffects @ react-dom.development.js:22926
commitLayoutEffectOnFiber @ react-dom.development.js:21407
recursivelyTraverseLayoutEffects @ react-dom.development.js:22926
commitLayoutEffectOnFiber @ react-dom.development.js:21577
recursivelyTraverseLayoutEffects @ react-dom.development.js:22926
commitLayoutEffectOnFiber @ react-dom.development.js:21407
recursivelyTraverseLayoutEffects @ react-dom.development.js:22926
commitLayoutEffectOnFiber @ react-dom.development.js:21577
recursivelyTraverseLayoutEffects @ react-dom.development.js:22926
commitLayoutEffectOnFiber @ react-dom.development.js:21407
recursivelyTraverseLayoutEffects @ react-dom.development.js:22926
commitLayoutEffectOnFiber @ react-dom.development.js:21407
recursivelyTraverseLayoutEffects @ react-dom.development.js:22926
commitLayoutEffectOnFiber @ react-dom.development.js:21488
recursivelyTraverseLayoutEffects @ react-dom.development.js:22926
commitLayoutEffectOnFiber @ react-dom.development.js:21488
recursivelyTraverseLayoutEffects @ react-dom.development.js:22926
commitLayoutEffectOnFiber @ react-dom.development.js:21577
recursivelyTraverseLayoutEffects @ react-dom.development.js:22926
commitLayoutEffectOnFiber @ react-dom.development.js:21577
recursivelyTraverseLayoutEffects @ react-dom.development.js:22926
commitLayoutEffectOnFiber @ react-dom.development.js:21418
recursivelyTraverseLayoutEffects @ react-dom.development.js:22926
commitLayoutEffectOnFiber @ react-dom.development.js:21407
recursivelyTraverseLayoutEffects @ react-dom.development.js:22926
commitLayoutEffectOnFiber @ react-dom.development.js:21577
recursivelyTraverseLayoutEffects @ react-dom.development.js:22926
commitLayoutEffectOnFiber @ react-dom.development.js:21418
recursivelyTraverseLayoutEffects @ react-dom.development.js:22926
commitLayoutEffectOnFiber @ react-dom.development.js:21407
recursivelyTraverseLayoutEffects @ react-dom.development.js:22926
commitLayoutEffectOnFiber @ react-dom.development.js:21407
recursivelyTraverseLayoutEffects @ react-dom.development.js:22926
commitLayoutEffectOnFiber @ react-dom.development.js:21418
recursivelyTraverseLayoutEffects @ react-dom.development.js:22926
commitLayoutEffectOnFiber @ react-dom.development.js:21407
recursivelyTraverseLayoutEffects @ react-dom.development.js:22926
commitLayoutEffectOnFiber @ react-dom.development.js:21577
recursivelyTraverseLayoutEffects @ react-dom.development.js:22926
commitLayoutEffectOnFiber @ react-dom.development.js:21577
recursivelyTraverseLayoutEffects @ react-dom.development.js:22926
commitLayoutEffectOnFiber @ react-dom.development.js:21577
recursivelyTraverseLayoutEffects @ react-dom.development.js:22926
commitLayoutEffectOnFiber @ react-dom.development.js:21577
recursivelyTraverseLayoutEffects @ react-dom.development.js:22926
commitLayoutEffectOnFiber @ react-dom.development.js:21577
recursivelyTraverseLayoutEffects @ react-dom.development.js:22926
commitLayoutEffectOnFiber @ react-dom.development.js:21577
recursivelyTraverseLayoutEffects @ react-dom.development.js:22926
commitLayoutEffectOnFiber @ react-dom.development.js:21407
recursivelyTraverseLayoutEffects @ react-dom.development.js:22926
commitLayoutEffectOnFiber @ react-dom.development.js:21418
recursivelyTraverseLayoutEffects @ react-dom.development.js:22926
commitLayoutEffectOnFiber @ react-dom.development.js:21407
recursivelyTraverseLayoutEffects @ react-dom.development.js:22926
commitLayoutEffectOnFiber @ react-dom.development.js:21407
recursivelyTraverseLayoutEffects @ react-dom.development.js:22926
commitLayoutEffectOnFiber @ react-dom.development.js:21407
recursivelyTraverseLayoutEffects @ react-dom.development.js:22926
commitLayoutEffectOnFiber @ react-dom.development.js:21407
recursivelyTraverseLayoutEffects @ react-dom.development.js:22926
commitLayoutEffectOnFiber @ react-dom.development.js:21577
recursivelyTraverseLayoutEffects @ react-dom.development.js:22926
commitLayoutEffectOnFiber @ react-dom.development.js:21577
recursivelyTraverseLayoutEffects @ react-dom.development.js:22926
commitLayoutEffectOnFiber @ react-dom.development.js:21577
recursivelyTraverseLayoutEffects @ react-dom.development.js:22926
commitLayoutEffectOnFiber @ react-dom.development.js:21437
commitLayoutEffects @ react-dom.development.js:22912
commitRootImpl @ react-dom.development.js:26226
commitRoot @ react-dom.development.js:26077
commitRootWhenReady @ react-dom.development.js:24749
finishConcurrentRender @ react-dom.development.js:24714
performConcurrentWorkOnRoot @ react-dom.development.js:24559
workLoop @ scheduler.development.js:256
flushWork @ scheduler.development.js:225
performWorkUntilDeadline @ scheduler.development.js:534
10:20:30.482 CallModal.tsx:2975 [CallModal] 🔄 Waiting for stream to become active for cmeifml0h001okung0i95m8s6
10:20:30.482 webrtc.ts:1315 [WebRTC] Failed to add ICE candidate: InvalidStateError: Failed to execute 'addIceCandidate' on 'RTCPeerConnection': The remote description was null
window.console.error @ app-index.js:33
console.error @ hydration-error-info.js:63
handleRemoteIceCandidate @ webrtc.ts:1315
await in handleRemoteIceCandidate
Emitter.emit @ index.js:140
emitEvent @ socket.js:545
onevent @ socket.js:532
onpacket @ socket.js:502
Emitter.emit @ index.js:140
eval @ manager.js:219
Promise.then
eval @ globals.js:11
ondecoded @ manager.js:218
Emitter.emit @ index.js:140
add @ index.js:156
ondata @ manager.js:205
Emitter.emit @ index.js:140
_onPacket @ socket.js:272
Emitter.emit @ index.js:140
onPacket @ transport.js:108
callback @ polling.js:86
onData @ polling.js:89
Emitter.emit @ index.js:140
_onLoad @ polling-xhr.js:204
xhr.onreadystatechange @ polling-xhr.js:140
XMLHttpRequest.send
_create @ polling-xhr.js:150
Request @ polling-xhr.js:86
request @ polling-xhr.js:264
doPoll @ polling-xhr.js:63
_poll @ polling.js:66
onData @ polling.js:96
Emitter.emit @ index.js:140
_onLoad @ polling-xhr.js:204
xhr.onreadystatechange @ polling-xhr.js:140
XMLHttpRequest.send
_create @ polling-xhr.js:150
Request @ polling-xhr.js:86
request @ polling-xhr.js:264
doPoll @ polling-xhr.js:63
_poll @ polling.js:66
onData @ polling.js:96
Emitter.emit @ index.js:140
_onLoad @ polling-xhr.js:204
xhr.onreadystatechange @ polling-xhr.js:140
XMLHttpRequest.send
_create @ polling-xhr.js:150
Request @ polling-xhr.js:86
request @ polling-xhr.js:264
doPoll @ polling-xhr.js:63
_poll @ polling.js:66
onData @ polling.js:96
Emitter.emit @ index.js:140
_onLoad @ polling-xhr.js:204
xhr.onreadystatechange @ polling-xhr.js:140
XMLHttpRequest.send
_create @ polling-xhr.js:150
Request @ polling-xhr.js:86
request @ polling-xhr.js:264
doPoll @ polling-xhr.js:63
_poll @ polling.js:66
onData @ polling.js:96
Emitter.emit @ index.js:140
_onLoad @ polling-xhr.js:204
xhr.onreadystatechange @ polling-xhr.js:140
XMLHttpRequest.send
_create @ polling-xhr.js:150
Request @ polling-xhr.js:86
request @ polling-xhr.js:264
doPoll @ polling-xhr.js:63
_poll @ polling.js:66
onData @ polling.js:96
Emitter.emit @ index.js:140
_onLoad @ polling-xhr.js:204
xhr.onreadystatechange @ polling-xhr.js:140
XMLHttpRequest.send
_create @ polling-xhr.js:150
Request @ polling-xhr.js:86
request @ polling-xhr.js:264
doPoll @ polling-xhr.js:63
_poll @ polling.js:66
onData @ polling.js:96
Emitter.emit @ index.js:140
_onLoad @ polling-xhr.js:204
xhr.onreadystatechange @ polling-xhr.js:140
10:20:30.486 webrtc.ts:1315 [WebRTC] Failed to add ICE candidate: InvalidStateError: Failed to execute 'addIceCandidate' on 'RTCPeerConnection': The remote description was null
window.console.error @ app-index.js:33
console.error @ hydration-error-info.js:63
handleRemoteIceCandidate @ webrtc.ts:1315
await in handleRemoteIceCandidate
Emitter.emit @ index.js:140
emitEvent @ socket.js:545
onevent @ socket.js:532
onpacket @ socket.js:502
Emitter.emit @ index.js:140
eval @ manager.js:219
Promise.then
eval @ globals.js:11
ondecoded @ manager.js:218
Emitter.emit @ index.js:140
add @ index.js:156
ondata @ manager.js:205
Emitter.emit @ index.js:140
_onPacket @ socket.js:272
Emitter.emit @ index.js:140
onPacket @ transport.js:108
callback @ polling.js:86
onData @ polling.js:89
Emitter.emit @ index.js:140
_onLoad @ polling-xhr.js:204
xhr.onreadystatechange @ polling-xhr.js:140
XMLHttpRequest.send
_create @ polling-xhr.js:150
Request @ polling-xhr.js:86
request @ polling-xhr.js:264
doPoll @ polling-xhr.js:63
_poll @ polling.js:66
onData @ polling.js:96
Emitter.emit @ index.js:140
_onLoad @ polling-xhr.js:204
xhr.onreadystatechange @ polling-xhr.js:140
XMLHttpRequest.send
_create @ polling-xhr.js:150
Request @ polling-xhr.js:86
request @ polling-xhr.js:264
doPoll @ polling-xhr.js:63
_poll @ polling.js:66
onData @ polling.js:96
Emitter.emit @ index.js:140
_onLoad @ polling-xhr.js:204
xhr.onreadystatechange @ polling-xhr.js:140
XMLHttpRequest.send
_create @ polling-xhr.js:150
Request @ polling-xhr.js:86
request @ polling-xhr.js:264
doPoll @ polling-xhr.js:63
_poll @ polling.js:66
onData @ polling.js:96
Emitter.emit @ index.js:140
_onLoad @ polling-xhr.js:204
xhr.onreadystatechange @ polling-xhr.js:140
XMLHttpRequest.send
_create @ polling-xhr.js:150
Request @ polling-xhr.js:86
request @ polling-xhr.js:264
doPoll @ polling-xhr.js:63
_poll @ polling.js:66
onData @ polling.js:96
Emitter.emit @ index.js:140
_onLoad @ polling-xhr.js:204
xhr.onreadystatechange @ polling-xhr.js:140
XMLHttpRequest.send
_create @ polling-xhr.js:150
Request @ polling-xhr.js:86
request @ polling-xhr.js:264
doPoll @ polling-xhr.js:63
_poll @ polling.js:66
onData @ polling.js:96
Emitter.emit @ index.js:140
_onLoad @ polling-xhr.js:204
xhr.onreadystatechange @ polling-xhr.js:140
XMLHttpRequest.send
_create @ polling-xhr.js:150
Request @ polling-xhr.js:86
request @ polling-xhr.js:264
doPoll @ polling-xhr.js:63
_poll @ polling.js:66
onData @ polling.js:96
Emitter.emit @ index.js:140
_onLoad @ polling-xhr.js:204
xhr.onreadystatechange @ polling-xhr.js:140
10:20:30.665 useVoiceActivity.ts:22 [VoiceActivity] Effect triggered: {hasStream: true, streamId: '22684b8b-e675-484e-8ba1-c9d3f02f2c18', audioTracks: 1, threshold: -40}
10:20:30.665 useVoiceActivity.ts:42 [VoiceActivity] Initializing for stream: 22684b8b-e675-484e-8ba1-c9d3f02f2c18 with 1 audio tracks
10:20:30.666 useVoiceActivity.ts:22 [VoiceActivity] Effect triggered: {hasStream: true, streamId: '22684b8b-e675-484e-8ba1-c9d3f02f2c18', audioTracks: 1, threshold: -40}
10:20:30.666 useVoiceActivity.ts:42 [VoiceActivity] Initializing for stream: 22684b8b-e675-484e-8ba1-c9d3f02f2c18 with 1 audio tracks
10:20:30.667 CallModal.tsx:62 [CallModal] Rendered - voice call opened
10:20:30.667 CallModal.tsx:62 [CallModal] Rendered - voice call opened
10:20:30.668 CallModal.tsx:3013 [CallModal] Audio loadeddata event for cmeifml0h001okung0i95m8s6
10:20:30.668 CallModal.tsx:2967 [CallModal] 🔄 Stream not ready, waiting...
10:20:30.668 CallModal.tsx:2971 [CallModal] ❌ Initial audio play failed for cmeifml0h001okung0i95m8s6: Error: Stream not ready
    at attemptPlay (CallModal.tsx:2968:37)
    at element.addEventListener.once (CallModal.tsx:3014:27)
attemptPlay @ CallModal.tsx:2971
element.addEventListener.once @ CallModal.tsx:3014
10:20:30.669 CallModal.tsx:2975 [CallModal] 🔄 Waiting for stream to become active for cmeifml0h001okung0i95m8s6
10:20:30.669 CallModal.tsx:3029 [CallModal] Audio can play for cmeifml0h001okung0i95m8s6
10:20:30.669 CallModal.tsx:3018 [CallModal] Audio canplay event for cmeifml0h001okung0i95m8s6
10:20:30.669 CallModal.tsx:2967 [CallModal] 🔄 Stream not ready, waiting...
10:20:30.669 CallModal.tsx:2971 [CallModal] ❌ Initial audio play failed for cmeifml0h001okung0i95m8s6: Error: Stream not ready
    at attemptPlay (CallModal.tsx:2968:37)
    at element.addEventListener.once (CallModal.tsx:3019:27)
attemptPlay @ CallModal.tsx:2971
element.addEventListener.once @ CallModal.tsx:3019
10:20:30.669 CallModal.tsx:2975 [CallModal] 🔄 Waiting for stream to become active for cmeifml0h001okung0i95m8s6
10:20:30.669 CallModal.tsx:3030 [CallModal] Audio is playing for cmeifml0h001okung0i95m8s6
10:20:30.669 CallModal.tsx:228 [CallModal] Updated peer connections for performance monitoring: 2
10:20:30.669 CallModal.tsx:229 [CallModal] Peer connection participants: (2) ['cmeifn5qp002dkunge64m0xss', 'cmeifml0h001okung0i95m8s6']
10:20:30.670 CallModal.tsx:62 [CallModal] Rendered - voice call opened
10:20:30.670 CallModal.tsx:62 [CallModal] Rendered - voice call opened
10:20:30.671 CallModal.tsx:2603 [VoiceParticipant] Tester voice activity debug: {participantId: 'cmeifml0h001okung0i95m8s6', hasOriginalStream: true, hasLatestStream: true, streamActive: false, audioTracksCount: 1, …}
10:20:30.671 CallModal.tsx:2603 [VoiceParticipant] Tester voice activity debug: {participantId: 'cmeifml0h001okung0i95m8s6', hasOriginalStream: true, hasLatestStream: true, streamActive: false, audioTracksCount: 1, …}
10:20:30.671 CallModal.tsx:2917 [CallModal] 🔊 Setting up audio element for participant cmeifml0h001okung0i95m8s6
10:20:30.672 CallModal.tsx:2918 [CallModal] Stream details: {id: '22684b8b-e675-484e-8ba1-c9d3f02f2c18', active: false, audioTracks: Array(1)}
10:20:30.672 CallModal.tsx:2932 [CallModal] Previous audio element for cmeifml0h001okung0i95m8s6: false
10:20:30.673 CallModal.tsx:2941 [CallModal] Cleared previous srcObject for cmeifml0h001okung0i95m8s6
10:20:30.674 CallModal.tsx:2967 [CallModal] 🔄 Stream not ready, waiting...
10:20:30.674 CallModal.tsx:2971 [CallModal] ❌ Initial audio play failed for cmeifml0h001okung0i95m8s6: Error: Stream not ready
    at attemptPlay (CallModal.tsx:2968:37)
    at ref (CallModal.tsx:3009:25)
    at commitAttachRef (react-dom.development.js:21677:37)
    at safelyAttachRef (react-dom.development.js:20803:5)
    at commitLayoutEffectOnFiber (react-dom.development.js:21498:11)
    at recursivelyTraverseLayoutEffects (react-dom.development.js:22926:7)
    at commitLayoutEffectOnFiber (react-dom.development.js:21577:9)
    at recursivelyTraverseLayoutEffects (react-dom.development.js:22926:7)
    at commitLayoutEffectOnFiber (react-dom.development.js:21488:9)
    at recursivelyTraverseLayoutEffects (react-dom.development.js:22926:7)
    at commitLayoutEffectOnFiber (react-dom.development.js:21488:9)
    at recursivelyTraverseLayoutEffects (react-dom.development.js:22926:7)
    at commitLayoutEffectOnFiber (react-dom.development.js:21488:9)
    at recursivelyTraverseLayoutEffects (react-dom.development.js:22926:7)
    at commitLayoutEffectOnFiber (react-dom.development.js:21488:9)
    at recursivelyTraverseLayoutEffects (react-dom.development.js:22926:7)
    at commitLayoutEffectOnFiber (react-dom.development.js:21407:9)
    at recursivelyTraverseLayoutEffects (react-dom.development.js:22926:7)
    at commitLayoutEffectOnFiber (react-dom.development.js:21407:9)
    at recursivelyTraverseLayoutEffects (react-dom.development.js:22926:7)
    at commitLayoutEffectOnFiber (react-dom.development.js:21577:9)
    at recursivelyTraverseLayoutEffects (react-dom.development.js:22926:7)
    at commitLayoutEffectOnFiber (react-dom.development.js:21407:9)
    at recursivelyTraverseLayoutEffects (react-dom.development.js:22926:7)
    at commitLayoutEffectOnFiber (react-dom.development.js:21577:9)
    at recursivelyTraverseLayoutEffects (react-dom.development.js:22926:7)
    at commitLayoutEffectOnFiber (react-dom.development.js:21407:9)
    at recursivelyTraverseLayoutEffects (react-dom.development.js:22926:7)
    at commitLayoutEffectOnFiber (react-dom.development.js:21577:9)
    at recursivelyTraverseLayoutEffects (react-dom.development.js:22926:7)
    at commitLayoutEffectOnFiber (react-dom.development.js:21407:9)
    at recursivelyTraverseLayoutEffects (react-dom.development.js:22926:7)
    at commitLayoutEffectOnFiber (react-dom.development.js:21577:9)
    at recursivelyTraverseLayoutEffects (react-dom.development.js:22926:7)
    at commitLayoutEffectOnFiber (react-dom.development.js:21407:9)
    at recursivelyTraverseLayoutEffects (react-dom.development.js:22926:7)
    at commitLayoutEffectOnFiber (react-dom.development.js:21407:9)
    at recursivelyTraverseLayoutEffects (react-dom.development.js:22926:7)
    at commitLayoutEffectOnFiber (react-dom.development.js:21488:9)
    at recursivelyTraverseLayoutEffects (react-dom.development.js:22926:7)
    at commitLayoutEffectOnFiber (react-dom.development.js:21488:9)
    at recursivelyTraverseLayoutEffects (react-dom.development.js:22926:7)
    at commitLayoutEffectOnFiber (react-dom.development.js:21577:9)
    at recursivelyTraverseLayoutEffects (react-dom.development.js:22926:7)
    at commitLayoutEffectOnFiber (react-dom.development.js:21577:9)
    at recursivelyTraverseLayoutEffects (react-dom.development.js:22926:7)
    at commitLayoutEffectOnFiber (react-dom.development.js:21418:9)
    at recursivelyTraverseLayoutEffects (react-dom.development.js:22926:7)
    at commitLayoutEffectOnFiber (react-dom.development.js:21407:9)
    at recursivelyTraverseLayoutEffects (react-dom.development.js:22926:7)
attemptPlay @ CallModal.tsx:2971
ref @ CallModal.tsx:3009
commitAttachRef @ react-dom.development.js:21677
safelyAttachRef @ react-dom.development.js:20803
commitLayoutEffectOnFiber @ react-dom.development.js:21498
recursivelyTraverseLayoutEffects @ react-dom.development.js:22926
commitLayoutEffectOnFiber @ react-dom.development.js:21577
recursivelyTraverseLayoutEffects @ react-dom.development.js:22926
commitLayoutEffectOnFiber @ react-dom.development.js:21488
recursivelyTraverseLayoutEffects @ react-dom.development.js:22926
commitLayoutEffectOnFiber @ react-dom.development.js:21488
recursivelyTraverseLayoutEffects @ react-dom.development.js:22926
commitLayoutEffectOnFiber @ react-dom.development.js:21488
recursivelyTraverseLayoutEffects @ react-dom.development.js:22926
commitLayoutEffectOnFiber @ react-dom.development.js:21488
recursivelyTraverseLayoutEffects @ react-dom.development.js:22926
commitLayoutEffectOnFiber @ react-dom.development.js:21407
recursivelyTraverseLayoutEffects @ react-dom.development.js:22926
commitLayoutEffectOnFiber @ react-dom.development.js:21407
recursivelyTraverseLayoutEffects @ react-dom.development.js:22926
commitLayoutEffectOnFiber @ react-dom.development.js:21577
recursivelyTraverseLayoutEffects @ react-dom.development.js:22926
commitLayoutEffectOnFiber @ react-dom.development.js:21407
recursivelyTraverseLayoutEffects @ react-dom.development.js:22926
commitLayoutEffectOnFiber @ react-dom.development.js:21577
recursivelyTraverseLayoutEffects @ react-dom.development.js:22926
commitLayoutEffectOnFiber @ react-dom.development.js:21407
recursivelyTraverseLayoutEffects @ react-dom.development.js:22926
commitLayoutEffectOnFiber @ react-dom.development.js:21577
recursivelyTraverseLayoutEffects @ react-dom.development.js:22926
commitLayoutEffectOnFiber @ react-dom.development.js:21407
recursivelyTraverseLayoutEffects @ react-dom.development.js:22926
commitLayoutEffectOnFiber @ react-dom.development.js:21577
recursivelyTraverseLayoutEffects @ react-dom.development.js:22926
commitLayoutEffectOnFiber @ react-dom.development.js:21407
recursivelyTraverseLayoutEffects @ react-dom.development.js:22926
commitLayoutEffectOnFiber @ react-dom.development.js:21407
recursivelyTraverseLayoutEffects @ react-dom.development.js:22926
commitLayoutEffectOnFiber @ react-dom.development.js:21488
recursivelyTraverseLayoutEffects @ react-dom.development.js:22926
commitLayoutEffectOnFiber @ react-dom.development.js:21488
recursivelyTraverseLayoutEffects @ react-dom.development.js:22926
commitLayoutEffectOnFiber @ react-dom.development.js:21577
recursivelyTraverseLayoutEffects @ react-dom.development.js:22926
commitLayoutEffectOnFiber @ react-dom.development.js:21577
recursivelyTraverseLayoutEffects @ react-dom.development.js:22926
commitLayoutEffectOnFiber @ react-dom.development.js:21418
recursivelyTraverseLayoutEffects @ react-dom.development.js:22926
commitLayoutEffectOnFiber @ react-dom.development.js:21407
recursivelyTraverseLayoutEffects @ react-dom.development.js:22926
commitLayoutEffectOnFiber @ react-dom.development.js:21577
recursivelyTraverseLayoutEffects @ react-dom.development.js:22926
commitLayoutEffectOnFiber @ react-dom.development.js:21418
recursivelyTraverseLayoutEffects @ react-dom.development.js:22926
commitLayoutEffectOnFiber @ react-dom.development.js:21407
recursivelyTraverseLayoutEffects @ react-dom.development.js:22926
commitLayoutEffectOnFiber @ react-dom.development.js:21407
recursivelyTraverseLayoutEffects @ react-dom.development.js:22926
commitLayoutEffectOnFiber @ react-dom.development.js:21418
recursivelyTraverseLayoutEffects @ react-dom.development.js:22926
commitLayoutEffectOnFiber @ react-dom.development.js:21407
recursivelyTraverseLayoutEffects @ react-dom.development.js:22926
commitLayoutEffectOnFiber @ react-dom.development.js:21577
recursivelyTraverseLayoutEffects @ react-dom.development.js:22926
commitLayoutEffectOnFiber @ react-dom.development.js:21577
recursivelyTraverseLayoutEffects @ react-dom.development.js:22926
commitLayoutEffectOnFiber @ react-dom.development.js:21577
recursivelyTraverseLayoutEffects @ react-dom.development.js:22926
commitLayoutEffectOnFiber @ react-dom.development.js:21577
recursivelyTraverseLayoutEffects @ react-dom.development.js:22926
commitLayoutEffectOnFiber @ react-dom.development.js:21577
recursivelyTraverseLayoutEffects @ react-dom.development.js:22926
commitLayoutEffectOnFiber @ react-dom.development.js:21577
recursivelyTraverseLayoutEffects @ react-dom.development.js:22926
commitLayoutEffectOnFiber @ react-dom.development.js:21407
recursivelyTraverseLayoutEffects @ react-dom.development.js:22926
commitLayoutEffectOnFiber @ react-dom.development.js:21418
recursivelyTraverseLayoutEffects @ react-dom.development.js:22926
commitLayoutEffectOnFiber @ react-dom.development.js:21407
recursivelyTraverseLayoutEffects @ react-dom.development.js:22926
commitLayoutEffectOnFiber @ react-dom.development.js:21407
recursivelyTraverseLayoutEffects @ react-dom.development.js:22926
commitLayoutEffectOnFiber @ react-dom.development.js:21407
recursivelyTraverseLayoutEffects @ react-dom.development.js:22926
commitLayoutEffectOnFiber @ react-dom.development.js:21407
recursivelyTraverseLayoutEffects @ react-dom.development.js:22926
commitLayoutEffectOnFiber @ react-dom.development.js:21577
recursivelyTraverseLayoutEffects @ react-dom.development.js:22926
commitLayoutEffectOnFiber @ react-dom.development.js:21577
recursivelyTraverseLayoutEffects @ react-dom.development.js:22926
commitLayoutEffectOnFiber @ react-dom.development.js:21577
recursivelyTraverseLayoutEffects @ react-dom.development.js:22926
commitLayoutEffectOnFiber @ react-dom.development.js:21437
commitLayoutEffects @ react-dom.development.js:22912
commitRootImpl @ react-dom.development.js:26226
commitRoot @ react-dom.development.js:26077
commitRootWhenReady @ react-dom.development.js:24749
finishConcurrentRender @ react-dom.development.js:24714
performConcurrentWorkOnRoot @ react-dom.development.js:24559
workLoop @ scheduler.development.js:256
flushWork @ scheduler.development.js:225
performWorkUntilDeadline @ scheduler.development.js:534
10:20:30.675 CallModal.tsx:2975 [CallModal] 🔄 Waiting for stream to become active for cmeifml0h001okung0i95m8s6
10:20:30.837 useVoiceActivity.ts:22 [VoiceActivity] Effect triggered: {hasStream: true, streamId: '22684b8b-e675-484e-8ba1-c9d3f02f2c18', audioTracks: 1, threshold: -40}
10:20:30.838 useVoiceActivity.ts:42 [VoiceActivity] Initializing for stream: 22684b8b-e675-484e-8ba1-c9d3f02f2c18 with 1 audio tracks
10:20:30.839 useCallPerformance.ts:242 [useCallPerformance] Connection states: (2) [{…}, {…}]
10:20:30.839 useCallPerformance.ts:246 [useCallPerformance] Starting monitoring for 2 valid connections
10:20:30.840 useVoiceActivity.ts:22 [VoiceActivity] Effect triggered: {hasStream: true, streamId: '22684b8b-e675-484e-8ba1-c9d3f02f2c18', audioTracks: 1, threshold: -40}
10:20:30.840 useVoiceActivity.ts:42 [VoiceActivity] Initializing for stream: 22684b8b-e675-484e-8ba1-c9d3f02f2c18 with 1 audio tracks
10:20:30.841 CallModal.tsx:62 [CallModal] Rendered - voice call opened
10:20:30.841 CallModal.tsx:62 [CallModal] Rendered - voice call opened
10:20:30.846 CallModal.tsx:3013 [CallModal] Audio loadeddata event for cmeifml0h001okung0i95m8s6
10:20:30.846 CallModal.tsx:2967 [CallModal] 🔄 Stream not ready, waiting...
10:20:30.846 CallModal.tsx:2971 [CallModal] ❌ Initial audio play failed for cmeifml0h001okung0i95m8s6: Error: Stream not ready
    at attemptPlay (CallModal.tsx:2968:37)
    at element.addEventListener.once (CallModal.tsx:3014:27)
attemptPlay @ CallModal.tsx:2971
element.addEventListener.once @ CallModal.tsx:3014
10:20:30.846 CallModal.tsx:2975 [CallModal] 🔄 Waiting for stream to become active for cmeifml0h001okung0i95m8s6
10:20:30.847 CallModal.tsx:3029 [CallModal] Audio can play for cmeifml0h001okung0i95m8s6
10:20:30.847 CallModal.tsx:3018 [CallModal] Audio canplay event for cmeifml0h001okung0i95m8s6
10:20:30.847 CallModal.tsx:2967 [CallModal] 🔄 Stream not ready, waiting...
10:20:30.847 CallModal.tsx:2971 [CallModal] ❌ Initial audio play failed for cmeifml0h001okung0i95m8s6: Error: Stream not ready
    at attemptPlay (CallModal.tsx:2968:37)
    at element.addEventListener.once (CallModal.tsx:3019:27)
attemptPlay @ CallModal.tsx:2971
element.addEventListener.once @ CallModal.tsx:3019
10:20:30.847 CallModal.tsx:2975 [CallModal] 🔄 Waiting for stream to become active for cmeifml0h001okung0i95m8s6
10:20:30.848 CallModal.tsx:3030 [CallModal] Audio is playing for cmeifml0h001okung0i95m8s6
10:20:30.849 useCallPerformance.ts:37 [useCallPerformance] No valid network data yet, assuming good quality
10:20:30.850 useCallPerformance.ts:37 [useCallPerformance] No valid network data yet, assuming good quality
10:20:30.851 CallModal.tsx:62 [CallModal] Rendered - voice call opened
10:20:30.851 CallModal.tsx:62 [CallModal] Rendered - voice call opened
10:20:30.852 CallModal.tsx:2603 [VoiceParticipant] Tester voice activity debug: {participantId: 'cmeifml0h001okung0i95m8s6', hasOriginalStream: true, hasLatestStream: true, streamActive: false, audioTracksCount: 1, …}
10:20:30.852 CallModal.tsx:2603 [VoiceParticipant] Tester voice activity debug: {participantId: 'cmeifml0h001okung0i95m8s6', hasOriginalStream: true, hasLatestStream: true, streamActive: false, audioTracksCount: 1, …}
10:20:30.853 CallModal.tsx:2917 [CallModal] 🔊 Setting up audio element for participant cmeifml0h001okung0i95m8s6
10:20:30.853 CallModal.tsx:2918 [CallModal] Stream details: {id: '22684b8b-e675-484e-8ba1-c9d3f02f2c18', active: false, audioTracks: Array(1)}
10:20:30.854 CallModal.tsx:2932 [CallModal] Previous audio element for cmeifml0h001okung0i95m8s6: false
10:20:30.855 CallModal.tsx:2941 [CallModal] Cleared previous srcObject for cmeifml0h001okung0i95m8s6
10:20:30.856 CallModal.tsx:2967 [CallModal] 🔄 Stream not ready, waiting...
10:20:30.856 CallModal.tsx:2971 [CallModal] ❌ Initial audio play failed for cmeifml0h001okung0i95m8s6: Error: Stream not ready
    at attemptPlay (CallModal.tsx:2968:37)
    at ref (CallModal.tsx:3009:25)
    at commitAttachRef (react-dom.development.js:21677:37)
    at safelyAttachRef (react-dom.development.js:20803:5)
    at commitLayoutEffectOnFiber (react-dom.development.js:21498:11)
    at recursivelyTraverseLayoutEffects (react-dom.development.js:22926:7)
    at commitLayoutEffectOnFiber (react-dom.development.js:21577:9)
    at recursivelyTraverseLayoutEffects (react-dom.development.js:22926:7)
    at commitLayoutEffectOnFiber (react-dom.development.js:21488:9)
    at recursivelyTraverseLayoutEffects (react-dom.development.js:22926:7)
    at commitLayoutEffectOnFiber (react-dom.development.js:21488:9)
    at recursivelyTraverseLayoutEffects (react-dom.development.js:22926:7)
    at commitLayoutEffectOnFiber (react-dom.development.js:21488:9)
    at recursivelyTraverseLayoutEffects (react-dom.development.js:22926:7)
    at commitLayoutEffectOnFiber (react-dom.development.js:21488:9)
    at recursivelyTraverseLayoutEffects (react-dom.development.js:22926:7)
    at commitLayoutEffectOnFiber (react-dom.development.js:21407:9)
    at recursivelyTraverseLayoutEffects (react-dom.development.js:22926:7)
    at commitLayoutEffectOnFiber (react-dom.development.js:21407:9)
    at recursivelyTraverseLayoutEffects (react-dom.development.js:22926:7)
    at commitLayoutEffectOnFiber (react-dom.development.js:21577:9)
    at recursivelyTraverseLayoutEffects (react-dom.development.js:22926:7)
    at commitLayoutEffectOnFiber (react-dom.development.js:21407:9)
    at recursivelyTraverseLayoutEffects (react-dom.development.js:22926:7)
    at commitLayoutEffectOnFiber (react-dom.development.js:21577:9)
    at recursivelyTraverseLayoutEffects (react-dom.development.js:22926:7)
    at commitLayoutEffectOnFiber (react-dom.development.js:21407:9)
    at recursivelyTraverseLayoutEffects (react-dom.development.js:22926:7)
    at commitLayoutEffectOnFiber (react-dom.development.js:21577:9)
    at recursivelyTraverseLayoutEffects (react-dom.development.js:22926:7)
    at commitLayoutEffectOnFiber (react-dom.development.js:21407:9)
    at recursivelyTraverseLayoutEffects (react-dom.development.js:22926:7)
    at commitLayoutEffectOnFiber (react-dom.development.js:21577:9)
    at recursivelyTraverseLayoutEffects (react-dom.development.js:22926:7)
    at commitLayoutEffectOnFiber (react-dom.development.js:21407:9)
    at recursivelyTraverseLayoutEffects (react-dom.development.js:22926:7)
    at commitLayoutEffectOnFiber (react-dom.development.js:21407:9)
    at recursivelyTraverseLayoutEffects (react-dom.development.js:22926:7)
    at commitLayoutEffectOnFiber (react-dom.development.js:21488:9)
    at recursivelyTraverseLayoutEffects (react-dom.development.js:22926:7)
    at commitLayoutEffectOnFiber (react-dom.development.js:21488:9)
    at recursivelyTraverseLayoutEffects (react-dom.development.js:22926:7)
    at commitLayoutEffectOnFiber (react-dom.development.js:21577:9)
    at recursivelyTraverseLayoutEffects (react-dom.development.js:22926:7)
    at commitLayoutEffectOnFiber (react-dom.development.js:21577:9)
    at recursivelyTraverseLayoutEffects (react-dom.development.js:22926:7)
    at commitLayoutEffectOnFiber (react-dom.development.js:21418:9)
    at recursivelyTraverseLayoutEffects (react-dom.development.js:22926:7)
    at commitLayoutEffectOnFiber (react-dom.development.js:21407:9)
    at recursivelyTraverseLayoutEffects (react-dom.development.js:22926:7)
attemptPlay @ CallModal.tsx:2971
ref @ CallModal.tsx:3009
commitAttachRef @ react-dom.development.js:21677
safelyAttachRef @ react-dom.development.js:20803
commitLayoutEffectOnFiber @ react-dom.development.js:21498
recursivelyTraverseLayoutEffects @ react-dom.development.js:22926
commitLayoutEffectOnFiber @ react-dom.development.js:21577
recursivelyTraverseLayoutEffects @ react-dom.development.js:22926
commitLayoutEffectOnFiber @ react-dom.development.js:21488
recursivelyTraverseLayoutEffects @ react-dom.development.js:22926
commitLayoutEffectOnFiber @ react-dom.development.js:21488
recursivelyTraverseLayoutEffects @ react-dom.development.js:22926
commitLayoutEffectOnFiber @ react-dom.development.js:21488
recursivelyTraverseLayoutEffects @ react-dom.development.js:22926
commitLayoutEffectOnFiber @ react-dom.development.js:21488
recursivelyTraverseLayoutEffects @ react-dom.development.js:22926
commitLayoutEffectOnFiber @ react-dom.development.js:21407
recursivelyTraverseLayoutEffects @ react-dom.development.js:22926
commitLayoutEffectOnFiber @ react-dom.development.js:21407
recursivelyTraverseLayoutEffects @ react-dom.development.js:22926
commitLayoutEffectOnFiber @ react-dom.development.js:21577
recursivelyTraverseLayoutEffects @ react-dom.development.js:22926
commitLayoutEffectOnFiber @ react-dom.development.js:21407
recursivelyTraverseLayoutEffects @ react-dom.development.js:22926
commitLayoutEffectOnFiber @ react-dom.development.js:21577
recursivelyTraverseLayoutEffects @ react-dom.development.js:22926
commitLayoutEffectOnFiber @ react-dom.development.js:21407
recursivelyTraverseLayoutEffects @ react-dom.development.js:22926
commitLayoutEffectOnFiber @ react-dom.development.js:21577
recursivelyTraverseLayoutEffects @ react-dom.development.js:22926
commitLayoutEffectOnFiber @ react-dom.development.js:21407
recursivelyTraverseLayoutEffects @ react-dom.development.js:22926
commitLayoutEffectOnFiber @ react-dom.development.js:21577
recursivelyTraverseLayoutEffects @ react-dom.development.js:22926
commitLayoutEffectOnFiber @ react-dom.development.js:21407
recursivelyTraverseLayoutEffects @ react-dom.development.js:22926
commitLayoutEffectOnFiber @ react-dom.development.js:21407
recursivelyTraverseLayoutEffects @ react-dom.development.js:22926
commitLayoutEffectOnFiber @ react-dom.development.js:21488
recursivelyTraverseLayoutEffects @ react-dom.development.js:22926
commitLayoutEffectOnFiber @ react-dom.development.js:21488
recursivelyTraverseLayoutEffects @ react-dom.development.js:22926
commitLayoutEffectOnFiber @ react-dom.development.js:21577
recursivelyTraverseLayoutEffects @ react-dom.development.js:22926
commitLayoutEffectOnFiber @ react-dom.development.js:21577
recursivelyTraverseLayoutEffects @ react-dom.development.js:22926
commitLayoutEffectOnFiber @ react-dom.development.js:21418
recursivelyTraverseLayoutEffects @ react-dom.development.js:22926
commitLayoutEffectOnFiber @ react-dom.development.js:21407
recursivelyTraverseLayoutEffects @ react-dom.development.js:22926
commitLayoutEffectOnFiber @ react-dom.development.js:21577
recursivelyTraverseLayoutEffects @ react-dom.development.js:22926
commitLayoutEffectOnFiber @ react-dom.development.js:21418
recursivelyTraverseLayoutEffects @ react-dom.development.js:22926
commitLayoutEffectOnFiber @ react-dom.development.js:21407
recursivelyTraverseLayoutEffects @ react-dom.development.js:22926
commitLayoutEffectOnFiber @ react-dom.development.js:21407
recursivelyTraverseLayoutEffects @ react-dom.development.js:22926
commitLayoutEffectOnFiber @ react-dom.development.js:21418
recursivelyTraverseLayoutEffects @ react-dom.development.js:22926
commitLayoutEffectOnFiber @ react-dom.development.js:21407
recursivelyTraverseLayoutEffects @ react-dom.development.js:22926
commitLayoutEffectOnFiber @ react-dom.development.js:21577
recursivelyTraverseLayoutEffects @ react-dom.development.js:22926
commitLayoutEffectOnFiber @ react-dom.development.js:21577
recursivelyTraverseLayoutEffects @ react-dom.development.js:22926
commitLayoutEffectOnFiber @ react-dom.development.js:21577
recursivelyTraverseLayoutEffects @ react-dom.development.js:22926
commitLayoutEffectOnFiber @ react-dom.development.js:21577
recursivelyTraverseLayoutEffects @ react-dom.development.js:22926
commitLayoutEffectOnFiber @ react-dom.development.js:21577
recursivelyTraverseLayoutEffects @ react-dom.development.js:22926
commitLayoutEffectOnFiber @ react-dom.development.js:21577
recursivelyTraverseLayoutEffects @ react-dom.development.js:22926
commitLayoutEffectOnFiber @ react-dom.development.js:21407
recursivelyTraverseLayoutEffects @ react-dom.development.js:22926
commitLayoutEffectOnFiber @ react-dom.development.js:21418
recursivelyTraverseLayoutEffects @ react-dom.development.js:22926
commitLayoutEffectOnFiber @ react-dom.development.js:21407
recursivelyTraverseLayoutEffects @ react-dom.development.js:22926
commitLayoutEffectOnFiber @ react-dom.development.js:21407
recursivelyTraverseLayoutEffects @ react-dom.development.js:22926
commitLayoutEffectOnFiber @ react-dom.development.js:21407
recursivelyTraverseLayoutEffects @ react-dom.development.js:22926
commitLayoutEffectOnFiber @ react-dom.development.js:21407
recursivelyTraverseLayoutEffects @ react-dom.development.js:22926
commitLayoutEffectOnFiber @ react-dom.development.js:21577
recursivelyTraverseLayoutEffects @ react-dom.development.js:22926
commitLayoutEffectOnFiber @ react-dom.development.js:21577
recursivelyTraverseLayoutEffects @ react-dom.development.js:22926
commitLayoutEffectOnFiber @ react-dom.development.js:21577
recursivelyTraverseLayoutEffects @ react-dom.development.js:22926
commitLayoutEffectOnFiber @ react-dom.development.js:21437
commitLayoutEffects @ react-dom.development.js:22912
commitRootImpl @ react-dom.development.js:26226
commitRoot @ react-dom.development.js:26077
commitRootWhenReady @ react-dom.development.js:24749
finishConcurrentRender @ react-dom.development.js:24714
performConcurrentWorkOnRoot @ react-dom.development.js:24559
workLoop @ scheduler.development.js:256
flushWork @ scheduler.development.js:225
performWorkUntilDeadline @ scheduler.development.js:534
10:20:30.856 CallModal.tsx:2975 [CallModal] 🔄 Waiting for stream to become active for cmeifml0h001okung0i95m8s6
10:20:30.918 useVoiceActivity.ts:22 [VoiceActivity] Effect triggered: {hasStream: true, streamId: '22684b8b-e675-484e-8ba1-c9d3f02f2c18', audioTracks: 1, threshold: -40}
10:20:30.922 useVoiceActivity.ts:42 [VoiceActivity] Initializing for stream: 22684b8b-e675-484e-8ba1-c9d3f02f2c18 with 1 audio tracks
10:20:30.924 useVoiceActivity.ts:22 [VoiceActivity] Effect triggered: {hasStream: true, streamId: '22684b8b-e675-484e-8ba1-c9d3f02f2c18', audioTracks: 1, threshold: -40}
10:20:30.925 useVoiceActivity.ts:42 [VoiceActivity] Initializing for stream: 22684b8b-e675-484e-8ba1-c9d3f02f2c18 with 1 audio tracks
10:20:30.930 CallModal.tsx:3013 [CallModal] Audio loadeddata event for cmeifml0h001okung0i95m8s6
10:20:30.930 CallModal.tsx:2967 [CallModal] 🔄 Stream not ready, waiting...
10:20:30.930 CallModal.tsx:2971 [CallModal] ❌ Initial audio play failed for cmeifml0h001okung0i95m8s6: Error: Stream not ready
    at attemptPlay (CallModal.tsx:2968:37)
    at element.addEventListener.once (CallModal.tsx:3014:27)
attemptPlay @ CallModal.tsx:2971
element.addEventListener.once @ CallModal.tsx:3014
10:20:30.930 CallModal.tsx:2975 [CallModal] 🔄 Waiting for stream to become active for cmeifml0h001okung0i95m8s6
10:20:30.930 CallModal.tsx:3029 [CallModal] Audio can play for cmeifml0h001okung0i95m8s6
10:20:30.930 CallModal.tsx:3018 [CallModal] Audio canplay event for cmeifml0h001okung0i95m8s6
10:20:30.930 CallModal.tsx:2967 [CallModal] 🔄 Stream not ready, waiting...
10:20:30.930 CallModal.tsx:2971 [CallModal] ❌ Initial audio play failed for cmeifml0h001okung0i95m8s6: Error: Stream not ready
    at attemptPlay (CallModal.tsx:2968:37)
    at element.addEventListener.once (CallModal.tsx:3019:27)
attemptPlay @ CallModal.tsx:2971
element.addEventListener.once @ CallModal.tsx:3019
10:20:30.930 CallModal.tsx:2975 [CallModal] 🔄 Waiting for stream to become active for cmeifml0h001okung0i95m8s6
10:20:30.931 CallModal.tsx:3030 [CallModal] Audio is playing for cmeifml0h001okung0i95m8s6
10:20:30.931 CallModal.tsx:62 [CallModal] Rendered - voice call opened
10:20:30.931 CallModal.tsx:62 [CallModal] Rendered - voice call opened
10:20:30.933 webrtc.ts:1765 [WebRTC] Excellent network detected - restoring quality
10:20:30.934 webrtc.ts:1839 [WebRTC] Improved audio quality for: cmeifml0h001okung0i95m8s6
10:20:31.016 CallModal.tsx:62 [CallModal] Rendered - voice call opened
10:20:31.017 CallModal.tsx:62 [CallModal] Rendered - voice call opened
10:20:31.018 CallModal.tsx:2603 [VoiceParticipant] Tester voice activity debug: {participantId: 'cmeifml0h001okung0i95m8s6', hasOriginalStream: true, hasLatestStream: true, streamActive: false, audioTracksCount: 1, …}
10:20:31.018 CallModal.tsx:2603 [VoiceParticipant] Tester voice activity debug: {participantId: 'cmeifml0h001okung0i95m8s6', hasOriginalStream: true, hasLatestStream: true, streamActive: false, audioTracksCount: 1, …}
10:20:31.020 CallModal.tsx:2917 [CallModal] 🔊 Setting up audio element for participant cmeifml0h001okung0i95m8s6
10:20:31.020 CallModal.tsx:2918 [CallModal] Stream details: {id: '22684b8b-e675-484e-8ba1-c9d3f02f2c18', active: false, audioTracks: Array(1)}
10:20:31.021 CallModal.tsx:2932 [CallModal] Previous audio element for cmeifml0h001okung0i95m8s6: false
10:20:31.023 CallModal.tsx:2941 [CallModal] Cleared previous srcObject for cmeifml0h001okung0i95m8s6
10:20:31.024 CallModal.tsx:2967 [CallModal] 🔄 Stream not ready, waiting...
10:20:31.025 CallModal.tsx:2971 [CallModal] ❌ Initial audio play failed for cmeifml0h001okung0i95m8s6: Error: Stream not ready
    at attemptPlay (CallModal.tsx:2968:37)
    at ref (CallModal.tsx:3009:25)
    at commitAttachRef (react-dom.development.js:21677:37)
    at safelyAttachRef (react-dom.development.js:20803:5)
    at commitLayoutEffectOnFiber (react-dom.development.js:21498:11)
    at recursivelyTraverseLayoutEffects (react-dom.development.js:22926:7)
    at commitLayoutEffectOnFiber (react-dom.development.js:21577:9)
    at recursivelyTraverseLayoutEffects (react-dom.development.js:22926:7)
    at commitLayoutEffectOnFiber (react-dom.development.js:21488:9)
    at recursivelyTraverseLayoutEffects (react-dom.development.js:22926:7)
    at commitLayoutEffectOnFiber (react-dom.development.js:21488:9)
    at recursivelyTraverseLayoutEffects (react-dom.development.js:22926:7)
    at commitLayoutEffectOnFiber (react-dom.development.js:21488:9)
    at recursivelyTraverseLayoutEffects (react-dom.development.js:22926:7)
    at commitLayoutEffectOnFiber (react-dom.development.js:21488:9)
    at recursivelyTraverseLayoutEffects (react-dom.development.js:22926:7)
    at commitLayoutEffectOnFiber (react-dom.development.js:21407:9)
    at recursivelyTraverseLayoutEffects (react-dom.development.js:22926:7)
    at commitLayoutEffectOnFiber (react-dom.development.js:21407:9)
    at recursivelyTraverseLayoutEffects (react-dom.development.js:22926:7)
    at commitLayoutEffectOnFiber (react-dom.development.js:21577:9)
    at recursivelyTraverseLayoutEffects (react-dom.development.js:22926:7)
    at commitLayoutEffectOnFiber (react-dom.development.js:21407:9)
    at recursivelyTraverseLayoutEffects (react-dom.development.js:22926:7)
    at commitLayoutEffectOnFiber (react-dom.development.js:21577:9)
    at recursivelyTraverseLayoutEffects (react-dom.development.js:22926:7)
    at commitLayoutEffectOnFiber (react-dom.development.js:21407:9)
    at recursivelyTraverseLayoutEffects (react-dom.development.js:22926:7)
    at commitLayoutEffectOnFiber (react-dom.development.js:21577:9)
    at recursivelyTraverseLayoutEffects (react-dom.development.js:22926:7)
    at commitLayoutEffectOnFiber (react-dom.development.js:21407:9)
    at recursivelyTraverseLayoutEffects (react-dom.development.js:22926:7)
    at commitLayoutEffectOnFiber (react-dom.development.js:21577:9)
    at recursivelyTraverseLayoutEffects (react-dom.development.js:22926:7)
    at commitLayoutEffectOnFiber (react-dom.development.js:21407:9)
    at recursivelyTraverseLayoutEffects (react-dom.development.js:22926:7)
    at commitLayoutEffectOnFiber (react-dom.development.js:21407:9)
    at recursivelyTraverseLayoutEffects (react-dom.development.js:22926:7)
    at commitLayoutEffectOnFiber (react-dom.development.js:21488:9)
    at recursivelyTraverseLayoutEffects (react-dom.development.js:22926:7)
    at commitLayoutEffectOnFiber (react-dom.development.js:21488:9)
    at recursivelyTraverseLayoutEffects (react-dom.development.js:22926:7)
    at commitLayoutEffectOnFiber (react-dom.development.js:21577:9)
    at recursivelyTraverseLayoutEffects (react-dom.development.js:22926:7)
    at commitLayoutEffectOnFiber (react-dom.development.js:21577:9)
    at recursivelyTraverseLayoutEffects (react-dom.development.js:22926:7)
    at commitLayoutEffectOnFiber (react-dom.development.js:21418:9)
    at recursivelyTraverseLayoutEffects (react-dom.development.js:22926:7)
    at commitLayoutEffectOnFiber (react-dom.development.js:21407:9)
    at recursivelyTraverseLayoutEffects (react-dom.development.js:22926:7)
attemptPlay @ CallModal.tsx:2971
ref @ CallModal.tsx:3009
commitAttachRef @ react-dom.development.js:21677
safelyAttachRef @ react-dom.development.js:20803
commitLayoutEffectOnFiber @ react-dom.development.js:21498
recursivelyTraverseLayoutEffects @ react-dom.development.js:22926
commitLayoutEffectOnFiber @ react-dom.development.js:21577
recursivelyTraverseLayoutEffects @ react-dom.development.js:22926
commitLayoutEffectOnFiber @ react-dom.development.js:21488
recursivelyTraverseLayoutEffects @ react-dom.development.js:22926
commitLayoutEffectOnFiber @ react-dom.development.js:21488
recursivelyTraverseLayoutEffects @ react-dom.development.js:22926
commitLayoutEffectOnFiber @ react-dom.development.js:21488
recursivelyTraverseLayoutEffects @ react-dom.development.js:22926
commitLayoutEffectOnFiber @ react-dom.development.js:21488
recursivelyTraverseLayoutEffects @ react-dom.development.js:22926
commitLayoutEffectOnFiber @ react-dom.development.js:21407
recursivelyTraverseLayoutEffects @ react-dom.development.js:22926
commitLayoutEffectOnFiber @ react-dom.development.js:21407
recursivelyTraverseLayoutEffects @ react-dom.development.js:22926
commitLayoutEffectOnFiber @ react-dom.development.js:21577
recursivelyTraverseLayoutEffects @ react-dom.development.js:22926
commitLayoutEffectOnFiber @ react-dom.development.js:21407
recursivelyTraverseLayoutEffects @ react-dom.development.js:22926
commitLayoutEffectOnFiber @ react-dom.development.js:21577
recursivelyTraverseLayoutEffects @ react-dom.development.js:22926
commitLayoutEffectOnFiber @ react-dom.development.js:21407
recursivelyTraverseLayoutEffects @ react-dom.development.js:22926
commitLayoutEffectOnFiber @ react-dom.development.js:21577
recursivelyTraverseLayoutEffects @ react-dom.development.js:22926
commitLayoutEffectOnFiber @ react-dom.development.js:21407
recursivelyTraverseLayoutEffects @ react-dom.development.js:22926
commitLayoutEffectOnFiber @ react-dom.development.js:21577
recursivelyTraverseLayoutEffects @ react-dom.development.js:22926
commitLayoutEffectOnFiber @ react-dom.development.js:21407
recursivelyTraverseLayoutEffects @ react-dom.development.js:22926
commitLayoutEffectOnFiber @ react-dom.development.js:21407
recursivelyTraverseLayoutEffects @ react-dom.development.js:22926
commitLayoutEffectOnFiber @ react-dom.development.js:21488
recursivelyTraverseLayoutEffects @ react-dom.development.js:22926
commitLayoutEffectOnFiber @ react-dom.development.js:21488
recursivelyTraverseLayoutEffects @ react-dom.development.js:22926
commitLayoutEffectOnFiber @ react-dom.development.js:21577
recursivelyTraverseLayoutEffects @ react-dom.development.js:22926
commitLayoutEffectOnFiber @ react-dom.development.js:21577
recursivelyTraverseLayoutEffects @ react-dom.development.js:22926
commitLayoutEffectOnFiber @ react-dom.development.js:21418
recursivelyTraverseLayoutEffects @ react-dom.development.js:22926
commitLayoutEffectOnFiber @ react-dom.development.js:21407
recursivelyTraverseLayoutEffects @ react-dom.development.js:22926
commitLayoutEffectOnFiber @ react-dom.development.js:21577
recursivelyTraverseLayoutEffects @ react-dom.development.js:22926
commitLayoutEffectOnFiber @ react-dom.development.js:21418
recursivelyTraverseLayoutEffects @ react-dom.development.js:22926
commitLayoutEffectOnFiber @ react-dom.development.js:21407
recursivelyTraverseLayoutEffects @ react-dom.development.js:22926
commitLayoutEffectOnFiber @ react-dom.development.js:21407
recursivelyTraverseLayoutEffects @ react-dom.development.js:22926
commitLayoutEffectOnFiber @ react-dom.development.js:21418
recursivelyTraverseLayoutEffects @ react-dom.development.js:22926
commitLayoutEffectOnFiber @ react-dom.development.js:21407
recursivelyTraverseLayoutEffects @ react-dom.development.js:22926
commitLayoutEffectOnFiber @ react-dom.development.js:21577
recursivelyTraverseLayoutEffects @ react-dom.development.js:22926
commitLayoutEffectOnFiber @ react-dom.development.js:21577
recursivelyTraverseLayoutEffects @ react-dom.development.js:22926
commitLayoutEffectOnFiber @ react-dom.development.js:21577
recursivelyTraverseLayoutEffects @ react-dom.development.js:22926
commitLayoutEffectOnFiber @ react-dom.development.js:21577
recursivelyTraverseLayoutEffects @ react-dom.development.js:22926
commitLayoutEffectOnFiber @ react-dom.development.js:21577
recursivelyTraverseLayoutEffects @ react-dom.development.js:22926
commitLayoutEffectOnFiber @ react-dom.development.js:21577
recursivelyTraverseLayoutEffects @ react-dom.development.js:22926
commitLayoutEffectOnFiber @ react-dom.development.js:21407
recursivelyTraverseLayoutEffects @ react-dom.development.js:22926
commitLayoutEffectOnFiber @ react-dom.development.js:21418
recursivelyTraverseLayoutEffects @ react-dom.development.js:22926
commitLayoutEffectOnFiber @ react-dom.development.js:21407
recursivelyTraverseLayoutEffects @ react-dom.development.js:22926
commitLayoutEffectOnFiber @ react-dom.development.js:21407
recursivelyTraverseLayoutEffects @ react-dom.development.js:22926
commitLayoutEffectOnFiber @ react-dom.development.js:21407
recursivelyTraverseLayoutEffects @ react-dom.development.js:22926
commitLayoutEffectOnFiber @ react-dom.development.js:21407
recursivelyTraverseLayoutEffects @ react-dom.development.js:22926
commitLayoutEffectOnFiber @ react-dom.development.js:21577
recursivelyTraverseLayoutEffects @ react-dom.development.js:22926
commitLayoutEffectOnFiber @ react-dom.development.js:21577
recursivelyTraverseLayoutEffects @ react-dom.development.js:22926
commitLayoutEffectOnFiber @ react-dom.development.js:21577
recursivelyTraverseLayoutEffects @ react-dom.development.js:22926
commitLayoutEffectOnFiber @ react-dom.development.js:21437
commitLayoutEffects @ react-dom.development.js:22912
commitRootImpl @ react-dom.development.js:26226
commitRoot @ react-dom.development.js:26077
commitRootWhenReady @ react-dom.development.js:24749
finishConcurrentRender @ react-dom.development.js:24714
performConcurrentWorkOnRoot @ react-dom.development.js:24559
workLoop @ scheduler.development.js:256
flushWork @ scheduler.development.js:225
performWorkUntilDeadline @ scheduler.development.js:534
10:20:31.025 CallModal.tsx:2975 [CallModal] 🔄 Waiting for stream to become active for cmeifml0h001okung0i95m8s6
10:20:31.129 useVoiceActivity.ts:22 [VoiceActivity] Effect triggered: {hasStream: true, streamId: '22684b8b-e675-484e-8ba1-c9d3f02f2c18', audioTracks: 1, threshold: -40}
10:20:31.130 useVoiceActivity.ts:42 [VoiceActivity] Initializing for stream: 22684b8b-e675-484e-8ba1-c9d3f02f2c18 with 1 audio tracks
10:20:31.132 useVoiceActivity.ts:22 [VoiceActivity] Effect triggered: {hasStream: true, streamId: '22684b8b-e675-484e-8ba1-c9d3f02f2c18', audioTracks: 1, threshold: -40}
10:20:31.133 useVoiceActivity.ts:42 [VoiceActivity] Initializing for stream: 22684b8b-e675-484e-8ba1-c9d3f02f2c18 with 1 audio tracks
10:20:31.135 CallModal.tsx:3013 [CallModal] Audio loadeddata event for cmeifml0h001okung0i95m8s6
10:20:31.136 CallModal.tsx:2967 [CallModal] 🔄 Stream not ready, waiting...
10:20:31.136 CallModal.tsx:2971 [CallModal] ❌ Initial audio play failed for cmeifml0h001okung0i95m8s6: Error: Stream not ready
    at attemptPlay (CallModal.tsx:2968:37)
    at element.addEventListener.once (CallModal.tsx:3014:27)
attemptPlay @ CallModal.tsx:2971
element.addEventListener.once @ CallModal.tsx:3014
10:20:31.136 CallModal.tsx:2975 [CallModal] 🔄 Waiting for stream to become active for cmeifml0h001okung0i95m8s6
10:20:31.137 CallModal.tsx:3029 [CallModal] Audio can play for cmeifml0h001okung0i95m8s6
10:20:31.137 CallModal.tsx:3018 [CallModal] Audio canplay event for cmeifml0h001okung0i95m8s6
10:20:31.137  [CallModal] 🔄 Stream not ready, waiting...
10:20:31.137  [CallModal] ❌ Initial audio play failed for cmeifml0h001okung0i95m8s6: 
attemptPlay @ webpack-internal:///…/CallModal.tsx:3122
element.addEventListener.once @ webpack-internal:///…/CallModal.tsx:3166
10:20:31.138  [CallModal] 🔄 Waiting for stream to become active for cmeifml0h001okung0i95m8s6
10:20:31.138  [CallModal] Audio is playing for cmeifml0h001okung0i95m8s6
10:20:31.140  [CallModal] Rendered - voice call opened
10:20:31.140  [CallModal] Rendered - voice call opened
10:20:31.142  [VoiceParticipant] Tester voice activity debug: {participantId: 'cmeifml0h001okung0i95m8s6', hasOriginalStream: true, hasLatestStream: true, streamActive: false, audioTracksCount: 1, …}
10:20:31.142  [VoiceParticipant] Tester voice activity debug: {participantId: 'cmeifml0h001okung0i95m8s6', hasOriginalStream: true, hasLatestStream: true, streamActive: false, audioTracksCount: 1, …}
10:20:31.143  [CallModal] 🔊 Setting up audio element for participant cmeifml0h001okung0i95m8s6
10:20:31.144  [CallModal] Stream details: {id: '22684b8b-e675-484e-8ba1-c9d3f02f2c18', active: false, audioTracks: Array(1)}
10:20:31.145  [CallModal] Previous audio element for cmeifml0h001okung0i95m8s6: false
10:20:31.146  [CallModal] Cleared previous srcObject for cmeifml0h001okung0i95m8s6
10:20:31.147  [CallModal] 🔄 Stream not ready, waiting...
10:20:31.147  [CallModal] ❌ Initial audio play failed for cmeifml0h001okung0i95m8s6: 
attemptPlay @ webpack-internal:///…/CallModal.tsx:3122
ref @ webpack-internal:///…/CallModal.tsx:3156
commitAttachRef @ webpack-internal:///…evelopment.js:21677
safelyAttachRef @ webpack-internal:///…evelopment.js:20803
commitLayoutEffectOnFiber @ webpack-internal:///…evelopment.js:21498
recursivelyTraverseLayoutEffects @ webpack-internal:///…evelopment.js:22926
commitLayoutEffectOnFiber @ webpack-internal:///…evelopment.js:21577
recursivelyTraverseLayoutEffects @ webpack-internal:///…evelopment.js:22926
commitLayoutEffectOnFiber @ webpack-internal:///…evelopment.js:21488
recursivelyTraverseLayoutEffects @ webpack-internal:///…evelopment.js:22926
commitLayoutEffectOnFiber @ webpack-internal:///…evelopment.js:21488
recursivelyTraverseLayoutEffects @ webpack-internal:///…evelopment.js:22926
commitLayoutEffectOnFiber @ webpack-internal:///…evelopment.js:21488
recursivelyTraverseLayoutEffects @ webpack-internal:///…evelopment.js:22926
commitLayoutEffectOnFiber @ webpack-internal:///…evelopment.js:21488
recursivelyTraverseLayoutEffects @ webpack-internal:///…evelopment.js:22926
commitLayoutEffectOnFiber @ webpack-internal:///…evelopment.js:21407
recursivelyTraverseLayoutEffects @ webpack-internal:///…evelopment.js:22926
commitLayoutEffectOnFiber @ webpack-internal:///…evelopment.js:21407
recursivelyTraverseLayoutEffects @ webpack-internal:///…evelopment.js:22926
commitLayoutEffectOnFiber @ webpack-internal:///…evelopment.js:21577
recursivelyTraverseLayoutEffects @ webpack-internal:///…evelopment.js:22926
commitLayoutEffectOnFiber @ webpack-internal:///…evelopment.js:21407
recursivelyTraverseLayoutEffects @ webpack-internal:///…evelopment.js:22926
commitLayoutEffectOnFiber @ webpack-internal:///…evelopment.js:21577
recursivelyTraverseLayoutEffects @ webpack-internal:///…evelopment.js:22926
commitLayoutEffectOnFiber @ webpack-internal:///…evelopment.js:21407
recursivelyTraverseLayoutEffects @ webpack-internal:///…evelopment.js:22926
commitLayoutEffectOnFiber @ webpack-internal:///…evelopment.js:21577
recursivelyTraverseLayoutEffects @ webpack-internal:///…evelopment.js:22926
commitLayoutEffectOnFiber @ webpack-internal:///…evelopment.js:21407
recursivelyTraverseLayoutEffects @ webpack-internal:///…evelopment.js:22926
commitLayoutEffectOnFiber @ webpack-internal:///…evelopment.js:21577
recursivelyTraverseLayoutEffects @ webpack-internal:///…evelopment.js:22926
commitLayoutEffectOnFiber @ webpack-internal:///…evelopment.js:21407
recursivelyTraverseLayoutEffects @ webpack-internal:///…evelopment.js:22926
commitLayoutEffectOnFiber @ webpack-internal:///…evelopment.js:21407
recursivelyTraverseLayoutEffects @ webpack-internal:///…evelopment.js:22926
commitLayoutEffectOnFiber @ webpack-internal:///…evelopment.js:21488
recursivelyTraverseLayoutEffects @ webpack-internal:///…evelopment.js:22926
commitLayoutEffectOnFiber @ webpack-internal:///…evelopment.js:21488
recursivelyTraverseLayoutEffects @ webpack-internal:///…evelopment.js:22926
commitLayoutEffectOnFiber @ webpack-internal:///…evelopment.js:21577
recursivelyTraverseLayoutEffects @ webpack-internal:///…evelopment.js:22926
commitLayoutEffectOnFiber @ webpack-internal:///…evelopment.js:21577
recursivelyTraverseLayoutEffects @ webpack-internal:///…evelopment.js:22926
commitLayoutEffectOnFiber @ webpack-internal:///…evelopment.js:21418
recursivelyTraverseLayoutEffects @ webpack-internal:///…evelopment.js:22926
commitLayoutEffectOnFiber @ webpack-internal:///…evelopment.js:21407
recursivelyTraverseLayoutEffects @ webpack-internal:///…evelopment.js:22926
commitLayoutEffectOnFiber @ webpack-internal:///…evelopment.js:21577
recursivelyTraverseLayoutEffects @ webpack-internal:///…evelopment.js:22926
commitLayoutEffectOnFiber @ webpack-internal:///…evelopment.js:21418
recursivelyTraverseLayoutEffects @ webpack-internal:///…evelopment.js:22926
commitLayoutEffectOnFiber @ webpack-internal:///…evelopment.js:21407
recursivelyTraverseLayoutEffects @ webpack-internal:///…evelopment.js:22926
commitLayoutEffectOnFiber @ webpack-internal:///…evelopment.js:21407
recursivelyTraverseLayoutEffects @ webpack-internal:///…evelopment.js:22926
commitLayoutEffectOnFiber @ webpack-internal:///…evelopment.js:21418
recursivelyTraverseLayoutEffects @ webpack-internal:///…evelopment.js:22926
commitLayoutEffectOnFiber @ webpack-internal:///…evelopment.js:21407
recursivelyTraverseLayoutEffects @ webpack-internal:///…evelopment.js:22926
commitLayoutEffectOnFiber @ webpack-internal:///…evelopment.js:21577
recursivelyTraverseLayoutEffects @ webpack-internal:///…evelopment.js:22926
commitLayoutEffectOnFiber @ webpack-internal:///…evelopment.js:21577
recursivelyTraverseLayoutEffects @ webpack-internal:///…evelopment.js:22926
commitLayoutEffectOnFiber @ webpack-internal:///…evelopment.js:21577
recursivelyTraverseLayoutEffects @ webpack-internal:///…evelopment.js:22926
commitLayoutEffectOnFiber @ webpack-internal:///…evelopment.js:21577
recursivelyTraverseLayoutEffects @ webpack-internal:///…evelopment.js:22926
commitLayoutEffectOnFiber @ webpack-internal:///…evelopment.js:21577
recursivelyTraverseLayoutEffects @ webpack-internal:///…evelopment.js:22926
commitLayoutEffectOnFiber @ webpack-internal:///…evelopment.js:21577
recursivelyTraverseLayoutEffects @ webpack-internal:///…evelopment.js:22926
commitLayoutEffectOnFiber @ webpack-internal:///…evelopment.js:21407
recursivelyTraverseLayoutEffects @ webpack-internal:///…evelopment.js:22926
commitLayoutEffectOnFiber @ webpack-internal:///…evelopment.js:21418
recursivelyTraverseLayoutEffects @ webpack-internal:///…evelopment.js:22926
commitLayoutEffectOnFiber @ webpack-internal:///…evelopment.js:21407
recursivelyTraverseLayoutEffects @ webpack-internal:///…evelopment.js:22926
commitLayoutEffectOnFiber @ webpack-internal:///…evelopment.js:21407
recursivelyTraverseLayoutEffects @ webpack-internal:///…evelopment.js:22926
commitLayoutEffectOnFiber @ webpack-internal:///…evelopment.js:21407
recursivelyTraverseLayoutEffects @ webpack-internal:///…evelopment.js:22926
commitLayoutEffectOnFiber @ webpack-internal:///…evelopment.js:21407
recursivelyTraverseLayoutEffects @ webpack-internal:///…evelopment.js:22926
commitLayoutEffectOnFiber @ webpack-internal:///…evelopment.js:21577
recursivelyTraverseLayoutEffects @ webpack-internal:///…evelopment.js:22926
commitLayoutEffectOnFiber @ webpack-internal:///…evelopment.js:21577
recursivelyTraverseLayoutEffects @ webpack-internal:///…evelopment.js:22926
commitLayoutEffectOnFiber @ webpack-internal:///…evelopment.js:21577
recursivelyTraverseLayoutEffects @ webpack-internal:///…evelopment.js:22926
commitLayoutEffectOnFiber @ webpack-internal:///…evelopment.js:21437
commitLayoutEffects @ webpack-internal:///…evelopment.js:22912
commitRootImpl @ webpack-internal:///…evelopment.js:26226
commitRoot @ webpack-internal:///…evelopment.js:26077
commitRootWhenReady @ webpack-internal:///…evelopment.js:24749
finishConcurrentRender @ webpack-internal:///…evelopment.js:24714
performConcurrentWorkOnRoot @ webpack-internal:///…evelopment.js:24559
workLoop @ webpack-internal:///….development.js:256
flushWork @ webpack-internal:///….development.js:225
performWorkUntilDeadline @ webpack-internal:///….development.js:534
10:20:31.148  [CallModal] 🔄 Waiting for stream to become active for cmeifml0h001okung0i95m8s6
10:20:31.232  [VoiceActivity] Effect triggered: {hasStream: true, streamId: '22684b8b-e675-484e-8ba1-c9d3f02f2c18', audioTracks: 1, threshold: -40}
10:20:31.232  [VoiceActivity] Initializing for stream: 22684b8b-e675-484e-8ba1-c9d3f02f2c18 with 1 audio tracks
10:20:31.233  [VoiceActivity] Effect triggered: {hasStream: true, streamId: '22684b8b-e675-484e-8ba1-c9d3f02f2c18', audioTracks: 1, threshold: -40}
10:20:31.233  [VoiceActivity] Initializing for stream: 22684b8b-e675-484e-8ba1-c9d3f02f2c18 with 1 audio tracks
10:20:31.234  [CallModal] Rendered - voice call opened
10:20:31.234  [CallModal] Rendered - voice call opened
10:20:31.236  [CallModal] Audio loadeddata event for cmeifml0h001okung0i95m8s6
10:20:31.236  [CallModal] 🔄 Stream not ready, waiting...
10:20:31.236  [CallModal] ❌ Initial audio play failed for cmeifml0h001okung0i95m8s6: 
attemptPlay @ webpack-internal:///…/CallModal.tsx:3122
element.addEventListener.once @ webpack-internal:///…/CallModal.tsx:3160
10:20:31.236  [CallModal] 🔄 Waiting for stream to become active for cmeifml0h001okung0i95m8s6
10:20:31.236  [CallModal] Audio can play for cmeifml0h001okung0i95m8s6
10:20:31.237  [CallModal] Audio canplay event for cmeifml0h001okung0i95m8s6
10:20:31.237  [CallModal] 🔄 Stream not ready, waiting...
10:20:31.237  [CallModal] ❌ Initial audio play failed for cmeifml0h001okung0i95m8s6: 
attemptPlay @ webpack-internal:///…/CallModal.tsx:3122
element.addEventListener.once @ webpack-internal:///…/CallModal.tsx:3166
10:20:31.237  [CallModal] 🔄 Waiting for stream to become active for cmeifml0h001okung0i95m8s6
10:20:31.237  [CallModal] Audio is playing for cmeifml0h001okung0i95m8s6
10:20:31.316  [CallModal] Rendered - voice call opened
10:20:31.316  [CallModal] Rendered - voice call opened
10:20:31.317  [VoiceParticipant] Tester voice activity debug: {participantId: 'cmeifml0h001okung0i95m8s6', hasOriginalStream: true, hasLatestStream: true, streamActive: false, audioTracksCount: 1, …}
10:20:31.317  [VoiceParticipant] Tester voice activity debug: {participantId: 'cmeifml0h001okung0i95m8s6', hasOriginalStream: true, hasLatestStream: true, streamActive: false, audioTracksCount: 1, …}
10:20:31.318  [CallModal] 🔊 Setting up audio element for participant cmeifml0h001okung0i95m8s6
10:20:31.319  [CallModal] Stream details: {id: '22684b8b-e675-484e-8ba1-c9d3f02f2c18', active: false, audioTracks: Array(1)}
10:20:31.320  [CallModal] Previous audio element for cmeifml0h001okung0i95m8s6: false
10:20:31.322  [CallModal] Cleared previous srcObject for cmeifml0h001okung0i95m8s6
10:20:31.323  [CallModal] 🔄 Stream not ready, waiting...
10:20:31.323  [CallModal] ❌ Initial audio play failed for cmeifml0h001okung0i95m8s6: 
attemptPlay @ webpack-internal:///…/CallModal.tsx:3122
ref @ webpack-internal:///…/CallModal.tsx:3156
commitAttachRef @ webpack-internal:///…evelopment.js:21677
safelyAttachRef @ webpack-internal:///…evelopment.js:20803
commitLayoutEffectOnFiber @ webpack-internal:///…evelopment.js:21498
recursivelyTraverseLayoutEffects @ webpack-internal:///…evelopment.js:22926
commitLayoutEffectOnFiber @ webpack-internal:///…evelopment.js:21577
recursivelyTraverseLayoutEffects @ webpack-internal:///…evelopment.js:22926
commitLayoutEffectOnFiber @ webpack-internal:///…evelopment.js:21488
recursivelyTraverseLayoutEffects @ webpack-internal:///…evelopment.js:22926
commitLayoutEffectOnFiber @ webpack-internal:///…evelopment.js:21488
recursivelyTraverseLayoutEffects @ webpack-internal:///…evelopment.js:22926
commitLayoutEffectOnFiber @ webpack-internal:///…evelopment.js:21488
recursivelyTraverseLayoutEffects @ webpack-internal:///…evelopment.js:22926
commitLayoutEffectOnFiber @ webpack-internal:///…evelopment.js:21488
recursivelyTraverseLayoutEffects @ webpack-internal:///…evelopment.js:22926
commitLayoutEffectOnFiber @ webpack-internal:///…evelopment.js:21407
recursivelyTraverseLayoutEffects @ webpack-internal:///…evelopment.js:22926
commitLayoutEffectOnFiber @ webpack-internal:///…evelopment.js:21407
recursivelyTraverseLayoutEffects @ webpack-internal:///…evelopment.js:22926
commitLayoutEffectOnFiber @ webpack-internal:///…evelopment.js:21577
recursivelyTraverseLayoutEffects @ webpack-internal:///…evelopment.js:22926
commitLayoutEffectOnFiber @ webpack-internal:///…evelopment.js:21407
recursivelyTraverseLayoutEffects @ webpack-internal:///…evelopment.js:22926
commitLayoutEffectOnFiber @ webpack-internal:///…evelopment.js:21577
recursivelyTraverseLayoutEffects @ webpack-internal:///…evelopment.js:22926
commitLayoutEffectOnFiber @ webpack-internal:///…evelopment.js:21407
recursivelyTraverseLayoutEffects @ webpack-internal:///…evelopment.js:22926
commitLayoutEffectOnFiber @ webpack-internal:///…evelopment.js:21577
recursivelyTraverseLayoutEffects @ webpack-internal:///…evelopment.js:22926
commitLayoutEffectOnFiber @ webpack-internal:///…evelopment.js:21407
recursivelyTraverseLayoutEffects @ webpack-internal:///…evelopment.js:22926
commitLayoutEffectOnFiber @ webpack-internal:///…evelopment.js:21577
recursivelyTraverseLayoutEffects @ webpack-internal:///…evelopment.js:22926
commitLayoutEffectOnFiber @ webpack-internal:///…evelopment.js:21407
recursivelyTraverseLayoutEffects @ webpack-internal:///…evelopment.js:22926
commitLayoutEffectOnFiber @ webpack-internal:///…evelopment.js:21407
recursivelyTraverseLayoutEffects @ webpack-internal:///…evelopment.js:22926
commitLayoutEffectOnFiber @ webpack-internal:///…evelopment.js:21488
recursivelyTraverseLayoutEffects @ webpack-internal:///…evelopment.js:22926
commitLayoutEffectOnFiber @ webpack-internal:///…evelopment.js:21488
recursivelyTraverseLayoutEffects @ webpack-internal:///…evelopment.js:22926
commitLayoutEffectOnFiber @ webpack-internal:///…evelopment.js:21577
recursivelyTraverseLayoutEffects @ webpack-internal:///…evelopment.js:22926
commitLayoutEffectOnFiber @ webpack-internal:///…evelopment.js:21577
recursivelyTraverseLayoutEffects @ webpack-internal:///…evelopment.js:22926
commitLayoutEffectOnFiber @ webpack-internal:///…evelopment.js:21418
recursivelyTraverseLayoutEffects @ webpack-internal:///…evelopment.js:22926
commitLayoutEffectOnFiber @ webpack-internal:///…evelopment.js:21407
recursivelyTraverseLayoutEffects @ webpack-internal:///…evelopment.js:22926
commitLayoutEffectOnFiber @ webpack-internal:///…evelopment.js:21577
recursivelyTraverseLayoutEffects @ webpack-internal:///…evelopment.js:22926
commitLayoutEffectOnFiber @ webpack-internal:///…evelopment.js:21418
recursivelyTraverseLayoutEffects @ webpack-internal:///…evelopment.js:22926
commitLayoutEffectOnFiber @ webpack-internal:///…evelopment.js:21407
recursivelyTraverseLayoutEffects @ webpack-internal:///…evelopment.js:22926
commitLayoutEffectOnFiber @ webpack-internal:///…evelopment.js:21407
recursivelyTraverseLayoutEffects @ webpack-internal:///…evelopment.js:22926
commitLayoutEffectOnFiber @ webpack-internal:///…evelopment.js:21418
recursivelyTraverseLayoutEffects @ webpack-internal:///…evelopment.js:22926
commitLayoutEffectOnFiber @ webpack-internal:///…evelopment.js:21407
recursivelyTraverseLayoutEffects @ webpack-internal:///…evelopment.js:22926
commitLayoutEffectOnFiber @ webpack-internal:///…evelopment.js:21577
recursivelyTraverseLayoutEffects @ webpack-internal:///…evelopment.js:22926
commitLayoutEffectOnFiber @ webpack-internal:///…evelopment.js:21577
recursivelyTraverseLayoutEffects @ webpack-internal:///…evelopment.js:22926
commitLayoutEffectOnFiber @ webpack-internal:///…evelopment.js:21577
recursivelyTraverseLayoutEffects @ webpack-internal:///…evelopment.js:22926
commitLayoutEffectOnFiber @ webpack-internal:///…evelopment.js:21577
recursivelyTraverseLayoutEffects @ webpack-internal:///…evelopment.js:22926
commitLayoutEffectOnFiber @ webpack-internal:///…evelopment.js:21577
recursivelyTraverseLayoutEffects @ webpack-internal:///…evelopment.js:22926
commitLayoutEffectOnFiber @ webpack-internal:///…evelopment.js:21577
recursivelyTraverseLayoutEffects @ webpack-internal:///…evelopment.js:22926
commitLayoutEffectOnFiber @ webpack-internal:///…evelopment.js:21407
recursivelyTraverseLayoutEffects @ webpack-internal:///…evelopment.js:22926
commitLayoutEffectOnFiber @ webpack-internal:///…evelopment.js:21418
recursivelyTraverseLayoutEffects @ webpack-internal:///…evelopment.js:22926
commitLayoutEffectOnFiber @ webpack-internal:///…evelopment.js:21407
recursivelyTraverseLayoutEffects @ webpack-internal:///…evelopment.js:22926
commitLayoutEffectOnFiber @ webpack-internal:///…evelopment.js:21407
recursivelyTraverseLayoutEffects @ webpack-internal:///…evelopment.js:22926
commitLayoutEffectOnFiber @ webpack-internal:///…evelopment.js:21407
recursivelyTraverseLayoutEffects @ webpack-internal:///…evelopment.js:22926
commitLayoutEffectOnFiber @ webpack-internal:///…evelopment.js:21407
recursivelyTraverseLayoutEffects @ webpack-internal:///…evelopment.js:22926
commitLayoutEffectOnFiber @ webpack-internal:///…evelopment.js:21577
recursivelyTraverseLayoutEffects @ webpack-internal:///…evelopment.js:22926
commitLayoutEffectOnFiber @ webpack-internal:///…evelopment.js:21577
recursivelyTraverseLayoutEffects @ webpack-internal:///…evelopment.js:22926
commitLayoutEffectOnFiber @ webpack-internal:///…evelopment.js:21577
recursivelyTraverseLayoutEffects @ webpack-internal:///…evelopment.js:22926
commitLayoutEffectOnFiber @ webpack-internal:///…evelopment.js:21437
commitLayoutEffects @ webpack-internal:///…evelopment.js:22912
commitRootImpl @ webpack-internal:///…evelopment.js:26226
commitRoot @ webpack-internal:///…evelopment.js:26077
commitRootWhenReady @ webpack-internal:///…evelopment.js:24749
finishConcurrentRender @ webpack-internal:///…evelopment.js:24714
performConcurrentWorkOnRoot @ webpack-internal:///…evelopment.js:24559
workLoop @ webpack-internal:///….development.js:256
flushWork @ webpack-internal:///….development.js:225
performWorkUntilDeadline @ webpack-internal:///….development.js:534
10:20:31.324  [CallModal] 🔄 Waiting for stream to become active for cmeifml0h001okung0i95m8s6
10:20:31.366  [VoiceActivity] Effect triggered: {hasStream: true, streamId: '22684b8b-e675-484e-8ba1-c9d3f02f2c18', audioTracks: 1, threshold: -40}
10:20:31.367  [VoiceActivity] Initializing for stream: 22684b8b-e675-484e-8ba1-c9d3f02f2c18 with 1 audio tracks
10:20:31.368  [VoiceActivity] Effect triggered: {hasStream: true, streamId: '22684b8b-e675-484e-8ba1-c9d3f02f2c18', audioTracks: 1, threshold: -40}
10:20:31.368  [VoiceActivity] Initializing for stream: 22684b8b-e675-484e-8ba1-c9d3f02f2c18 with 1 audio tracks
10:20:31.369  [CallModal] Rendered - voice call opened
10:20:31.369  [CallModal] Rendered - voice call opened
10:20:31.371  [CallModal] Audio loadeddata event for cmeifml0h001okung0i95m8s6
10:20:31.371  [CallModal] 🔄 Stream not ready, waiting...
10:20:31.371  [CallModal] ❌ Initial audio play failed for cmeifml0h001okung0i95m8s6: 
attemptPlay @ webpack-internal:///…/CallModal.tsx:3122
element.addEventListener.once @ webpack-internal:///…/CallModal.tsx:3160
10:20:31.372  [CallModal] 🔄 Waiting for stream to become active for cmeifml0h001okung0i95m8s6
10:20:31.372  [CallModal] Audio can play for cmeifml0h001okung0i95m8s6
10:20:31.372  [CallModal] Audio canplay event for cmeifml0h001okung0i95m8s6
10:20:31.372  [CallModal] 🔄 Stream not ready, waiting...
10:20:31.372  [CallModal] ❌ Initial audio play failed for cmeifml0h001okung0i95m8s6: 
attemptPlay @ webpack-internal:///…/CallModal.tsx:3122
element.addEventListener.once @ webpack-internal:///…/CallModal.tsx:3166
10:20:31.372  [CallModal] 🔄 Waiting for stream to become active for cmeifml0h001okung0i95m8s6
10:20:31.372  [CallModal] Audio is playing for cmeifml0h001okung0i95m8s6
10:20:32.287  [CallModal] Rendered - voice call opened
10:20:32.288  [CallModal] Rendered - voice call opened
10:20:32.288  [VoiceParticipant] Tester voice activity debug: {participantId: 'cmeifml0h001okung0i95m8s6', hasOriginalStream: true, hasLatestStream: true, streamActive: false, audioTracksCount: 1, …}
10:20:32.289  [VoiceParticipant] Tester voice activity debug: {participantId: 'cmeifml0h001okung0i95m8s6', hasOriginalStream: true, hasLatestStream: true, streamActive: false, audioTracksCount: 1, …}
10:20:32.290  [CallModal] 🔊 Setting up audio element for participant cmeifml0h001okung0i95m8s6
10:20:32.290  [CallModal] Stream details: {id: '22684b8b-e675-484e-8ba1-c9d3f02f2c18', active: false, audioTracks: Array(1)}
10:20:32.290  [CallModal] Previous audio element for cmeifml0h001okung0i95m8s6: false
10:20:32.292  [CallModal] Cleared previous srcObject for cmeifml0h001okung0i95m8s6
10:20:32.293  [CallModal] 🔄 Stream not ready, waiting...
10:20:32.293  [CallModal] ❌ Initial audio play failed for cmeifml0h001okung0i95m8s6: 
attemptPlay @ webpack-internal:///…/CallModal.tsx:3122
ref @ webpack-internal:///…/CallModal.tsx:3156
commitAttachRef @ webpack-internal:///…evelopment.js:21677
safelyAttachRef @ webpack-internal:///…evelopment.js:20803
commitLayoutEffectOnFiber @ webpack-internal:///…evelopment.js:21498
recursivelyTraverseLayoutEffects @ webpack-internal:///…evelopment.js:22926
commitLayoutEffectOnFiber @ webpack-internal:///…evelopment.js:21577
recursivelyTraverseLayoutEffects @ webpack-internal:///…evelopment.js:22926
commitLayoutEffectOnFiber @ webpack-internal:///…evelopment.js:21488
recursivelyTraverseLayoutEffects @ webpack-internal:///…evelopment.js:22926
commitLayoutEffectOnFiber @ webpack-internal:///…evelopment.js:21488
recursivelyTraverseLayoutEffects @ webpack-internal:///…evelopment.js:22926
commitLayoutEffectOnFiber @ webpack-internal:///…evelopment.js:21488
recursivelyTraverseLayoutEffects @ webpack-internal:///…evelopment.js:22926
commitLayoutEffectOnFiber @ webpack-internal:///…evelopment.js:21488
recursivelyTraverseLayoutEffects @ webpack-internal:///…evelopment.js:22926
commitLayoutEffectOnFiber @ webpack-internal:///…evelopment.js:21407
recursivelyTraverseLayoutEffects @ webpack-internal:///…evelopment.js:22926
commitLayoutEffectOnFiber @ webpack-internal:///…evelopment.js:21407
recursivelyTraverseLayoutEffects @ webpack-internal:///…evelopment.js:22926
commitLayoutEffectOnFiber @ webpack-internal:///…evelopment.js:21577
recursivelyTraverseLayoutEffects @ webpack-internal:///…evelopment.js:22926
commitLayoutEffectOnFiber @ webpack-internal:///…evelopment.js:21407
recursivelyTraverseLayoutEffects @ webpack-internal:///…evelopment.js:22926
commitLayoutEffectOnFiber @ webpack-internal:///…evelopment.js:21577
recursivelyTraverseLayoutEffects @ webpack-internal:///…evelopment.js:22926
commitLayoutEffectOnFiber @ webpack-internal:///…evelopment.js:21407
recursivelyTraverseLayoutEffects @ webpack-internal:///…evelopment.js:22926
commitLayoutEffectOnFiber @ webpack-internal:///…evelopment.js:21577
recursivelyTraverseLayoutEffects @ webpack-internal:///…evelopment.js:22926
commitLayoutEffectOnFiber @ webpack-internal:///…evelopment.js:21407
recursivelyTraverseLayoutEffects @ webpack-internal:///…evelopment.js:22926
commitLayoutEffectOnFiber @ webpack-internal:///…evelopment.js:21577
recursivelyTraverseLayoutEffects @ webpack-internal:///…evelopment.js:22926
commitLayoutEffectOnFiber @ webpack-internal:///…evelopment.js:21407
recursivelyTraverseLayoutEffects @ webpack-internal:///…evelopment.js:22926
commitLayoutEffectOnFiber @ webpack-internal:///…evelopment.js:21407
recursivelyTraverseLayoutEffects @ webpack-internal:///…evelopment.js:22926
commitLayoutEffectOnFiber @ webpack-internal:///…evelopment.js:21488
recursivelyTraverseLayoutEffects @ webpack-internal:///…evelopment.js:22926
commitLayoutEffectOnFiber @ webpack-internal:///…evelopment.js:21488
recursivelyTraverseLayoutEffects @ webpack-internal:///…evelopment.js:22926
commitLayoutEffectOnFiber @ webpack-internal:///…evelopment.js:21577
recursivelyTraverseLayoutEffects @ webpack-internal:///…evelopment.js:22926
commitLayoutEffectOnFiber @ webpack-internal:///…evelopment.js:21577
recursivelyTraverseLayoutEffects @ webpack-internal:///…evelopment.js:22926
commitLayoutEffectOnFiber @ webpack-internal:///…evelopment.js:21418
recursivelyTraverseLayoutEffects @ webpack-internal:///…evelopment.js:22926
commitLayoutEffectOnFiber @ webpack-internal:///…evelopment.js:21407
recursivelyTraverseLayoutEffects @ webpack-internal:///…evelopment.js:22926
commitLayoutEffectOnFiber @ webpack-internal:///…evelopment.js:21577
recursivelyTraverseLayoutEffects @ webpack-internal:///…evelopment.js:22926
commitLayoutEffectOnFiber @ webpack-internal:///…evelopment.js:21418
recursivelyTraverseLayoutEffects @ webpack-internal:///…evelopment.js:22926
commitLayoutEffectOnFiber @ webpack-internal:///…evelopment.js:21407
recursivelyTraverseLayoutEffects @ webpack-internal:///…evelopment.js:22926
commitLayoutEffectOnFiber @ webpack-internal:///…evelopment.js:21407
recursivelyTraverseLayoutEffects @ webpack-internal:///…evelopment.js:22926
commitLayoutEffectOnFiber @ webpack-internal:///…evelopment.js:21418
recursivelyTraverseLayoutEffects @ webpack-internal:///…evelopment.js:22926
commitLayoutEffectOnFiber @ webpack-internal:///…evelopment.js:21407
recursivelyTraverseLayoutEffects @ webpack-internal:///…evelopment.js:22926
commitLayoutEffectOnFiber @ webpack-internal:///…evelopment.js:21577
recursivelyTraverseLayoutEffects @ webpack-internal:///…evelopment.js:22926
commitLayoutEffectOnFiber @ webpack-internal:///…evelopment.js:21577
recursivelyTraverseLayoutEffects @ webpack-internal:///…evelopment.js:22926
commitLayoutEffectOnFiber @ webpack-internal:///…evelopment.js:21577
recursivelyTraverseLayoutEffects @ webpack-internal:///…evelopment.js:22926
commitLayoutEffectOnFiber @ webpack-internal:///…evelopment.js:21577
recursivelyTraverseLayoutEffects @ webpack-internal:///…evelopment.js:22926
commitLayoutEffectOnFiber @ webpack-internal:///…evelopment.js:21577
recursivelyTraverseLayoutEffects @ webpack-internal:///…evelopment.js:22926
commitLayoutEffectOnFiber @ webpack-internal:///…evelopment.js:21577
recursivelyTraverseLayoutEffects @ webpack-internal:///…evelopment.js:22926
commitLayoutEffectOnFiber @ webpack-internal:///…evelopment.js:21407
recursivelyTraverseLayoutEffects @ webpack-internal:///…evelopment.js:22926
commitLayoutEffectOnFiber @ webpack-internal:///…evelopment.js:21418
recursivelyTraverseLayoutEffects @ webpack-internal:///…evelopment.js:22926
commitLayoutEffectOnFiber @ webpack-internal:///…evelopment.js:21407
recursivelyTraverseLayoutEffects @ webpack-internal:///…evelopment.js:22926
commitLayoutEffectOnFiber @ webpack-internal:///…evelopment.js:21407
recursivelyTraverseLayoutEffects @ webpack-internal:///…evelopment.js:22926
commitLayoutEffectOnFiber @ webpack-internal:///…evelopment.js:21407
recursivelyTraverseLayoutEffects @ webpack-internal:///…evelopment.js:22926
commitLayoutEffectOnFiber @ webpack-internal:///…evelopment.js:21407
recursivelyTraverseLayoutEffects @ webpack-internal:///…evelopment.js:22926
commitLayoutEffectOnFiber @ webpack-internal:///…evelopment.js:21577
recursivelyTraverseLayoutEffects @ webpack-internal:///…evelopment.js:22926
commitLayoutEffectOnFiber @ webpack-internal:///…evelopment.js:21577
recursivelyTraverseLayoutEffects @ webpack-internal:///…evelopment.js:22926
commitLayoutEffectOnFiber @ webpack-internal:///…evelopment.js:21577
recursivelyTraverseLayoutEffects @ webpack-internal:///…evelopment.js:22926
commitLayoutEffectOnFiber @ webpack-internal:///…evelopment.js:21437
commitLayoutEffects @ webpack-internal:///…evelopment.js:22912
commitRootImpl @ webpack-internal:///…evelopment.js:26226
commitRoot @ webpack-internal:///…evelopment.js:26077
commitRootWhenReady @ webpack-internal:///…evelopment.js:24749
finishConcurrentRender @ webpack-internal:///…evelopment.js:24714
performConcurrentWorkOnRoot @ webpack-internal:///…evelopment.js:24559
workLoop @ webpack-internal:///….development.js:256
flushWork @ webpack-internal:///….development.js:225
performWorkUntilDeadline @ webpack-internal:///….development.js:534
10:20:32.294  [CallModal] 🔄 Waiting for stream to become active for cmeifml0h001okung0i95m8s6
10:20:32.456  [VoiceActivity] Effect triggered: {hasStream: true, streamId: '22684b8b-e675-484e-8ba1-c9d3f02f2c18', audioTracks: 1, threshold: -40}
10:20:32.456  [VoiceActivity] Initializing for stream: 22684b8b-e675-484e-8ba1-c9d3f02f2c18 with 1 audio tracks
10:20:32.457  [VoiceActivity] Effect triggered: {hasStream: true, streamId: '22684b8b-e675-484e-8ba1-c9d3f02f2c18', audioTracks: 1, threshold: -40}
10:20:32.457  [VoiceActivity] Initializing for stream: 22684b8b-e675-484e-8ba1-c9d3f02f2c18 with 1 audio tracks
10:20:32.458  [CallModal] Rendered - voice call opened
10:20:32.458  [CallModal] Rendered - voice call opened
10:20:32.459  [CallModal] Audio loadeddata event for cmeifml0h001okung0i95m8s6
10:20:32.459  [CallModal] 🔄 Stream not ready, waiting...
10:20:32.459  [CallModal] ❌ Initial audio play failed for cmeifml0h001okung0i95m8s6: 
attemptPlay @ webpack-internal:///…/CallModal.tsx:3122
element.addEventListener.once @ webpack-internal:///…/CallModal.tsx:3160
10:20:32.459  [CallModal] 🔄 Waiting for stream to become active for cmeifml0h001okung0i95m8s6
10:20:32.459  [CallModal] Audio can play for cmeifml0h001okung0i95m8s6
10:20:32.459  [CallModal] Audio canplay event for cmeifml0h001okung0i95m8s6
10:20:32.459  [CallModal] 🔄 Stream not ready, waiting...
10:20:32.459  [CallModal] ❌ Initial audio play failed for cmeifml0h001okung0i95m8s6: 
attemptPlay @ webpack-internal:///…/CallModal.tsx:3122
element.addEventListener.once @ webpack-internal:///…/CallModal.tsx:3166
10:20:32.460  [CallModal] 🔄 Waiting for stream to become active for cmeifml0h001okung0i95m8s6
10:20:32.460  [CallModal] Audio is playing for cmeifml0h001okung0i95m8s6
10:20:32.461  [CallModal] Rendered - voice call opened
10:20:32.461  [CallModal] Rendered - voice call opened
10:20:32.462  [VoiceParticipant] Tester voice activity debug: {participantId: 'cmeifml0h001okung0i95m8s6', hasOriginalStream: true, hasLatestStream: true, streamActive: false, audioTracksCount: 1, …}
10:20:32.462  [VoiceParticipant] Tester voice activity debug: {participantId: 'cmeifml0h001okung0i95m8s6', hasOriginalStream: true, hasLatestStream: true, streamActive: false, audioTracksCount: 1, …}
10:20:32.462  [CallModal] 🔊 Setting up audio element for participant cmeifml0h001okung0i95m8s6
10:20:32.463  [CallModal] Stream details: {id: '22684b8b-e675-484e-8ba1-c9d3f02f2c18', active: false, audioTracks: Array(1)}
10:20:32.463  [CallModal] Previous audio element for cmeifml0h001okung0i95m8s6: false
10:20:32.464  [CallModal] Cleared previous srcObject for cmeifml0h001okung0i95m8s6
10:20:32.465  [CallModal] 🔄 Stream not ready, waiting...
10:20:32.465  [CallModal] ❌ Initial audio play failed for cmeifml0h001okung0i95m8s6: 
attemptPlay @ webpack-internal:///…/CallModal.tsx:3122
ref @ webpack-internal:///…/CallModal.tsx:3156
commitAttachRef @ webpack-internal:///…evelopment.js:21677
safelyAttachRef @ webpack-internal:///…evelopment.js:20803
commitLayoutEffectOnFiber @ webpack-internal:///…evelopment.js:21498
recursivelyTraverseLayoutEffects @ webpack-internal:///…evelopment.js:22926
commitLayoutEffectOnFiber @ webpack-internal:///…evelopment.js:21577
recursivelyTraverseLayoutEffects @ webpack-internal:///…evelopment.js:22926
commitLayoutEffectOnFiber @ webpack-internal:///…evelopment.js:21488
recursivelyTraverseLayoutEffects @ webpack-internal:///…evelopment.js:22926
commitLayoutEffectOnFiber @ webpack-internal:///…evelopment.js:21488
recursivelyTraverseLayoutEffects @ webpack-internal:///…evelopment.js:22926
commitLayoutEffectOnFiber @ webpack-internal:///…evelopment.js:21488
recursivelyTraverseLayoutEffects @ webpack-internal:///…evelopment.js:22926
commitLayoutEffectOnFiber @ webpack-internal:///…evelopment.js:21488
recursivelyTraverseLayoutEffects @ webpack-internal:///…evelopment.js:22926
commitLayoutEffectOnFiber @ webpack-internal:///…evelopment.js:21407
recursivelyTraverseLayoutEffects @ webpack-internal:///…evelopment.js:22926
commitLayoutEffectOnFiber @ webpack-internal:///…evelopment.js:21407
recursivelyTraverseLayoutEffects @ webpack-internal:///…evelopment.js:22926
commitLayoutEffectOnFiber @ webpack-internal:///…evelopment.js:21577
recursivelyTraverseLayoutEffects @ webpack-internal:///…evelopment.js:22926
commitLayoutEffectOnFiber @ webpack-internal:///…evelopment.js:21407
recursivelyTraverseLayoutEffects @ webpack-internal:///…evelopment.js:22926
commitLayoutEffectOnFiber @ webpack-internal:///…evelopment.js:21577
recursivelyTraverseLayoutEffects @ webpack-internal:///…evelopment.js:22926
commitLayoutEffectOnFiber @ webpack-internal:///…evelopment.js:21407
recursivelyTraverseLayoutEffects @ webpack-internal:///…evelopment.js:22926
commitLayoutEffectOnFiber @ webpack-internal:///…evelopment.js:21577
recursivelyTraverseLayoutEffects @ webpack-internal:///…evelopment.js:22926
commitLayoutEffectOnFiber @ webpack-internal:///…evelopment.js:21407
recursivelyTraverseLayoutEffects @ webpack-internal:///…evelopment.js:22926
commitLayoutEffectOnFiber @ webpack-internal:///…evelopment.js:21577
recursivelyTraverseLayoutEffects @ webpack-internal:///…evelopment.js:22926
commitLayoutEffectOnFiber @ webpack-internal:///…evelopment.js:21407
recursivelyTraverseLayoutEffects @ webpack-internal:///…evelopment.js:22926
commitLayoutEffectOnFiber @ webpack-internal:///…evelopment.js:21407
recursivelyTraverseLayoutEffects @ webpack-internal:///…evelopment.js:22926
commitLayoutEffectOnFiber @ webpack-internal:///…evelopment.js:21488
recursivelyTraverseLayoutEffects @ webpack-internal:///…evelopment.js:22926
commitLayoutEffectOnFiber @ webpack-internal:///…evelopment.js:21488
recursivelyTraverseLayoutEffects @ webpack-internal:///…evelopment.js:22926
commitLayoutEffectOnFiber @ webpack-internal:///…evelopment.js:21577
recursivelyTraverseLayoutEffects @ webpack-internal:///…evelopment.js:22926
commitLayoutEffectOnFiber @ webpack-internal:///…evelopment.js:21577
recursivelyTraverseLayoutEffects @ webpack-internal:///…evelopment.js:22926
commitLayoutEffectOnFiber @ webpack-internal:///…evelopment.js:21418
recursivelyTraverseLayoutEffects @ webpack-internal:///…evelopment.js:22926
commitLayoutEffectOnFiber @ webpack-internal:///…evelopment.js:21407
recursivelyTraverseLayoutEffects @ webpack-internal:///…evelopment.js:22926
commitLayoutEffectOnFiber @ webpack-internal:///…evelopment.js:21577
recursivelyTraverseLayoutEffects @ webpack-internal:///…evelopment.js:22926
commitLayoutEffectOnFiber @ webpack-internal:///…evelopment.js:21418
recursivelyTraverseLayoutEffects @ webpack-internal:///…evelopment.js:22926
commitLayoutEffectOnFiber @ webpack-internal:///…evelopment.js:21407
recursivelyTraverseLayoutEffects @ webpack-internal:///…evelopment.js:22926
commitLayoutEffectOnFiber @ webpack-internal:///…evelopment.js:21407
recursivelyTraverseLayoutEffects @ webpack-internal:///…evelopment.js:22926
commitLayoutEffectOnFiber @ webpack-internal:///…evelopment.js:21418
recursivelyTraverseLayoutEffects @ webpack-internal:///…evelopment.js:22926
commitLayoutEffectOnFiber @ webpack-internal:///…evelopment.js:21407
recursivelyTraverseLayoutEffects @ webpack-internal:///…evelopment.js:22926
commitLayoutEffectOnFiber @ webpack-internal:///…evelopment.js:21577
recursivelyTraverseLayoutEffects @ webpack-internal:///…evelopment.js:22926
commitLayoutEffectOnFiber @ webpack-internal:///…evelopment.js:21577
recursivelyTraverseLayoutEffects @ webpack-internal:///…evelopment.js:22926
commitLayoutEffectOnFiber @ webpack-internal:///…evelopment.js:21577
recursivelyTraverseLayoutEffects @ webpack-internal:///…evelopment.js:22926
commitLayoutEffectOnFiber @ webpack-internal:///…evelopment.js:21577
recursivelyTraverseLayoutEffects @ webpack-internal:///…evelopment.js:22926
commitLayoutEffectOnFiber @ webpack-internal:///…evelopment.js:21577
recursivelyTraverseLayoutEffects @ webpack-internal:///…evelopment.js:22926
commitLayoutEffectOnFiber @ webpack-internal:///…evelopment.js:21577
recursivelyTraverseLayoutEffects @ webpack-internal:///…evelopment.js:22926
commitLayoutEffectOnFiber @ webpack-internal:///…evelopment.js:21407
recursivelyTraverseLayoutEffects @ webpack-internal:///…evelopment.js:22926
commitLayoutEffectOnFiber @ webpack-internal:///…evelopment.js:21418
recursivelyTraverseLayoutEffects @ webpack-internal:///…evelopment.js:22926
commitLayoutEffectOnFiber @ webpack-internal:///…evelopment.js:21407
recursivelyTraverseLayoutEffects @ webpack-internal:///…evelopment.js:22926
commitLayoutEffectOnFiber @ webpack-internal:///…evelopment.js:21407
recursivelyTraverseLayoutEffects @ webpack-internal:///…evelopment.js:22926
commitLayoutEffectOnFiber @ webpack-internal:///…evelopment.js:21407
recursivelyTraverseLayoutEffects @ webpack-internal:///…evelopment.js:22926
commitLayoutEffectOnFiber @ webpack-internal:///…evelopment.js:21407
recursivelyTraverseLayoutEffects @ webpack-internal:///…evelopment.js:22926
commitLayoutEffectOnFiber @ webpack-internal:///…evelopment.js:21577
recursivelyTraverseLayoutEffects @ webpack-internal:///…evelopment.js:22926
commitLayoutEffectOnFiber @ webpack-internal:///…evelopment.js:21577
recursivelyTraverseLayoutEffects @ webpack-internal:///…evelopment.js:22926
commitLayoutEffectOnFiber @ webpack-internal:///…evelopment.js:21577
recursivelyTraverseLayoutEffects @ webpack-internal:///…evelopment.js:22926
commitLayoutEffectOnFiber @ webpack-internal:///…evelopment.js:21437
commitLayoutEffects @ webpack-internal:///…evelopment.js:22912
commitRootImpl @ webpack-internal:///…evelopment.js:26226
commitRoot @ webpack-internal:///…evelopment.js:26077
commitRootWhenReady @ webpack-internal:///…evelopment.js:24749
finishConcurrentRender @ webpack-internal:///…evelopment.js:24714
performConcurrentWorkOnRoot @ webpack-internal:///…evelopment.js:24559
workLoop @ webpack-internal:///….development.js:256
flushWork @ webpack-internal:///….development.js:225
performWorkUntilDeadline @ webpack-internal:///….development.js:534
10:20:32.465  [CallModal] 🔄 Waiting for stream to become active for cmeifml0h001okung0i95m8s6
10:20:32.658  [VoiceActivity] Effect triggered: {hasStream: true, streamId: '22684b8b-e675-484e-8ba1-c9d3f02f2c18', audioTracks: 1, threshold: -40}
10:20:32.659  [VoiceActivity] Initializing for stream: 22684b8b-e675-484e-8ba1-c9d3f02f2c18 with 1 audio tracks
10:20:32.660  [VoiceActivity] Effect triggered: {hasStream: true, streamId: '22684b8b-e675-484e-8ba1-c9d3f02f2c18', audioTracks: 1, threshold: -40}
10:20:32.660  [VoiceActivity] Initializing for stream: 22684b8b-e675-484e-8ba1-c9d3f02f2c18 with 1 audio tracks
10:20:32.661  [CallModal] Rendered - voice call opened
10:20:32.662  [CallModal] Rendered - voice call opened
10:20:32.664  [CallModal] Audio loadeddata event for cmeifml0h001okung0i95m8s6
10:20:32.664  [CallModal] 🔄 Stream not ready, waiting...
10:20:32.664  [CallModal] ❌ Initial audio play failed for cmeifml0h001okung0i95m8s6: 
attemptPlay @ webpack-internal:///…/CallModal.tsx:3122
element.addEventListener.once @ webpack-internal:///…/CallModal.tsx:3160
10:20:32.664  [CallModal] 🔄 Waiting for stream to become active for cmeifml0h001okung0i95m8s6
10:20:32.665  [CallModal] Audio can play for cmeifml0h001okung0i95m8s6
10:20:32.665  [CallModal] Audio canplay event for cmeifml0h001okung0i95m8s6
10:20:32.665  [CallModal] 🔄 Stream not ready, waiting...
10:20:32.665  [CallModal] ❌ Initial audio play failed for cmeifml0h001okung0i95m8s6: 
attemptPlay @ webpack-internal:///…/CallModal.tsx:3122
element.addEventListener.once @ webpack-internal:///…/CallModal.tsx:3166
10:20:32.665  [CallModal] 🔄 Waiting for stream to become active for cmeifml0h001okung0i95m8s6
10:20:32.665  [CallModal] Audio is playing for cmeifml0h001okung0i95m8s6
10:20:32.668  [CallModal] Updated peer connections for performance monitoring: 2
10:20:32.668  [CallModal] Peer connection participants: (2) ['cmeifn5qp002dkunge64m0xss', 'cmeifml0h001okung0i95m8s6']
10:20:32.669  [CallModal] Rendered - voice call opened
10:20:32.670  [CallModal] Rendered - voice call opened
10:20:32.670  [VoiceParticipant] Tester voice activity debug: {participantId: 'cmeifml0h001okung0i95m8s6', hasOriginalStream: true, hasLatestStream: true, streamActive: false, audioTracksCount: 1, …}
10:20:32.670  [VoiceParticipant] Tester voice activity debug: {participantId: 'cmeifml0h001okung0i95m8s6', hasOriginalStream: true, hasLatestStream: true, streamActive: false, audioTracksCount: 1, …}
10:20:32.673  [CallModal] 🔊 Setting up audio element for participant cmeifml0h001okung0i95m8s6
10:20:32.673  [CallModal] Stream details: {id: '22684b8b-e675-484e-8ba1-c9d3f02f2c18', active: false, audioTracks: Array(1)}
10:20:32.674  [CallModal] Previous audio element for cmeifml0h001okung0i95m8s6: false
10:20:32.675  [CallModal] Cleared previous srcObject for cmeifml0h001okung0i95m8s6
10:20:32.675  [CallModal] 🔄 Stream not ready, waiting...
10:20:32.676  [CallModal] ❌ Initial audio play failed for cmeifml0h001okung0i95m8s6: 
attemptPlay @ webpack-internal:///…/CallModal.tsx:3122
ref @ webpack-internal:///…/CallModal.tsx:3156
commitAttachRef @ webpack-internal:///…evelopment.js:21677
safelyAttachRef @ webpack-internal:///…evelopment.js:20803
commitLayoutEffectOnFiber @ webpack-internal:///…evelopment.js:21498
recursivelyTraverseLayoutEffects @ webpack-internal:///…evelopment.js:22926
commitLayoutEffectOnFiber @ webpack-internal:///…evelopment.js:21577
recursivelyTraverseLayoutEffects @ webpack-internal:///…evelopment.js:22926
commitLayoutEffectOnFiber @ webpack-internal:///…evelopment.js:21488
recursivelyTraverseLayoutEffects @ webpack-internal:///…evelopment.js:22926
commitLayoutEffectOnFiber @ webpack-internal:///…evelopment.js:21488
recursivelyTraverseLayoutEffects @ webpack-internal:///…evelopment.js:22926
commitLayoutEffectOnFiber @ webpack-internal:///…evelopment.js:21488
recursivelyTraverseLayoutEffects @ webpack-internal:///…evelopment.js:22926
commitLayoutEffectOnFiber @ webpack-internal:///…evelopment.js:21488
recursivelyTraverseLayoutEffects @ webpack-internal:///…evelopment.js:22926
commitLayoutEffectOnFiber @ webpack-internal:///…evelopment.js:21407
recursivelyTraverseLayoutEffects @ webpack-internal:///…evelopment.js:22926
commitLayoutEffectOnFiber @ webpack-internal:///…evelopment.js:21407
recursivelyTraverseLayoutEffects @ webpack-internal:///…evelopment.js:22926
commitLayoutEffectOnFiber @ webpack-internal:///…evelopment.js:21577
recursivelyTraverseLayoutEffects @ webpack-internal:///…evelopment.js:22926
commitLayoutEffectOnFiber @ webpack-internal:///…evelopment.js:21407
recursivelyTraverseLayoutEffects @ webpack-internal:///…evelopment.js:22926
commitLayoutEffectOnFiber @ webpack-internal:///…evelopment.js:21577
recursivelyTraverseLayoutEffects @ webpack-internal:///…evelopment.js:22926
commitLayoutEffectOnFiber @ webpack-internal:///…evelopment.js:21407
recursivelyTraverseLayoutEffects @ webpack-internal:///…evelopment.js:22926
commitLayoutEffectOnFiber @ webpack-internal:///…evelopment.js:21577
recursivelyTraverseLayoutEffects @ webpack-internal:///…evelopment.js:22926
commitLayoutEffectOnFiber @ webpack-internal:///…evelopment.js:21407
recursivelyTraverseLayoutEffects @ webpack-internal:///…evelopment.js:22926
commitLayoutEffectOnFiber @ webpack-internal:///…evelopment.js:21577
recursivelyTraverseLayoutEffects @ webpack-internal:///…evelopment.js:22926
commitLayoutEffectOnFiber @ webpack-internal:///…evelopment.js:21407
recursivelyTraverseLayoutEffects @ webpack-internal:///…evelopment.js:22926
commitLayoutEffectOnFiber @ webpack-internal:///…evelopment.js:21407
recursivelyTraverseLayoutEffects @ webpack-internal:///…evelopment.js:22926
commitLayoutEffectOnFiber @ webpack-internal:///…evelopment.js:21488
recursivelyTraverseLayoutEffects @ webpack-internal:///…evelopment.js:22926
commitLayoutEffectOnFiber @ webpack-internal:///…evelopment.js:21488
recursivelyTraverseLayoutEffects @ webpack-internal:///…evelopment.js:22926
commitLayoutEffectOnFiber @ webpack-internal:///…evelopment.js:21577
recursivelyTraverseLayoutEffects @ webpack-internal:///…evelopment.js:22926
commitLayoutEffectOnFiber @ webpack-internal:///…evelopment.js:21577
recursivelyTraverseLayoutEffects @ webpack-internal:///…evelopment.js:22926
commitLayoutEffectOnFiber @ webpack-internal:///…evelopment.js:21418
recursivelyTraverseLayoutEffects @ webpack-internal:///…evelopment.js:22926
commitLayoutEffectOnFiber @ webpack-internal:///…evelopment.js:21407
recursivelyTraverseLayoutEffects @ webpack-internal:///…evelopment.js:22926
commitLayoutEffectOnFiber @ webpack-internal:///…evelopment.js:21577
recursivelyTraverseLayoutEffects @ webpack-internal:///…evelopment.js:22926
commitLayoutEffectOnFiber @ webpack-internal:///…evelopment.js:21418
recursivelyTraverseLayoutEffects @ webpack-internal:///…evelopment.js:22926
commitLayoutEffectOnFiber @ webpack-internal:///…evelopment.js:21407
recursivelyTraverseLayoutEffects @ webpack-internal:///…evelopment.js:22926
commitLayoutEffectOnFiber @ webpack-internal:///…evelopment.js:21407
recursivelyTraverseLayoutEffects @ webpack-internal:///…evelopment.js:22926
commitLayoutEffectOnFiber @ webpack-internal:///…evelopment.js:21418
recursivelyTraverseLayoutEffects @ webpack-internal:///…evelopment.js:22926
commitLayoutEffectOnFiber @ webpack-internal:///…evelopment.js:21407
recursivelyTraverseLayoutEffects @ webpack-internal:///…evelopment.js:22926
commitLayoutEffectOnFiber @ webpack-internal:///…evelopment.js:21577
recursivelyTraverseLayoutEffects @ webpack-internal:///…evelopment.js:22926
commitLayoutEffectOnFiber @ webpack-internal:///…evelopment.js:21577
recursivelyTraverseLayoutEffects @ webpack-internal:///…evelopment.js:22926
commitLayoutEffectOnFiber @ webpack-internal:///…evelopment.js:21577
recursivelyTraverseLayoutEffects @ webpack-internal:///…evelopment.js:22926
commitLayoutEffectOnFiber @ webpack-internal:///…evelopment.js:21577
recursivelyTraverseLayoutEffects @ webpack-internal:///…evelopment.js:22926
commitLayoutEffectOnFiber @ webpack-internal:///…evelopment.js:21577
recursivelyTraverseLayoutEffects @ webpack-internal:///…evelopment.js:22926
commitLayoutEffectOnFiber @ webpack-internal:///…evelopment.js:21577
recursivelyTraverseLayoutEffects @ webpack-internal:///…evelopment.js:22926
commitLayoutEffectOnFiber @ webpack-internal:///…evelopment.js:21407
recursivelyTraverseLayoutEffects @ webpack-internal:///…evelopment.js:22926
commitLayoutEffectOnFiber @ webpack-internal:///…evelopment.js:21418
recursivelyTraverseLayoutEffects @ webpack-internal:///…evelopment.js:22926
commitLayoutEffectOnFiber @ webpack-internal:///…evelopment.js:21407
recursivelyTraverseLayoutEffects @ webpack-internal:///…evelopment.js:22926
commitLayoutEffectOnFiber @ webpack-internal:///…evelopment.js:21407
recursivelyTraverseLayoutEffects @ webpack-internal:///…evelopment.js:22926
commitLayoutEffectOnFiber @ webpack-internal:///…evelopment.js:21407
recursivelyTraverseLayoutEffects @ webpack-internal:///…evelopment.js:22926
commitLayoutEffectOnFiber @ webpack-internal:///…evelopment.js:21407
recursivelyTraverseLayoutEffects @ webpack-internal:///…evelopment.js:22926
commitLayoutEffectOnFiber @ webpack-internal:///…evelopment.js:21577
recursivelyTraverseLayoutEffects @ webpack-internal:///…evelopment.js:22926
commitLayoutEffectOnFiber @ webpack-internal:///…evelopment.js:21577
recursivelyTraverseLayoutEffects @ webpack-internal:///…evelopment.js:22926
commitLayoutEffectOnFiber @ webpack-internal:///…evelopment.js:21577
recursivelyTraverseLayoutEffects @ webpack-internal:///…evelopment.js:22926
commitLayoutEffectOnFiber @ webpack-internal:///…evelopment.js:21437
commitLayoutEffects @ webpack-internal:///…evelopment.js:22912
commitRootImpl @ webpack-internal:///…evelopment.js:26226
commitRoot @ webpack-internal:///…evelopment.js:26077
commitRootWhenReady @ webpack-internal:///…evelopment.js:24749
finishConcurrentRender @ webpack-internal:///…evelopment.js:24714
performConcurrentWorkOnRoot @ webpack-internal:///…evelopment.js:24559
workLoop @ webpack-internal:///….development.js:256
flushWork @ webpack-internal:///….development.js:225
performWorkUntilDeadline @ webpack-internal:///….development.js:534
10:20:32.676  [CallModal] 🔄 Waiting for stream to become active for cmeifml0h001okung0i95m8s6
10:20:32.826  [VoiceActivity] Effect triggered: {hasStream: true, streamId: '22684b8b-e675-484e-8ba1-c9d3f02f2c18', audioTracks: 1, threshold: -40}
10:20:32.826  [VoiceActivity] Initializing for stream: 22684b8b-e675-484e-8ba1-c9d3f02f2c18 with 1 audio tracks
10:20:32.828  [useCallPerformance] Connection states: (2) [{…}, {…}]
10:20:32.828  [useCallPerformance] Starting monitoring for 2 valid connections
10:20:32.830  [VoiceActivity] Effect triggered: {hasStream: true, streamId: '22684b8b-e675-484e-8ba1-c9d3f02f2c18', audioTracks: 1, threshold: -40}
10:20:32.830  [VoiceActivity] Initializing for stream: 22684b8b-e675-484e-8ba1-c9d3f02f2c18 with 1 audio tracks
10:20:32.835  [CallModal] Audio loadeddata event for cmeifml0h001okung0i95m8s6
10:20:32.836  [CallModal] 🔄 Stream not ready, waiting...
10:20:32.836  [CallModal] ❌ Initial audio play failed for cmeifml0h001okung0i95m8s6: 
attemptPlay @ webpack-internal:///…/CallModal.tsx:3122
element.addEventListener.once @ webpack-internal:///…/CallModal.tsx:3160
10:20:32.836  [CallModal] 🔄 Waiting for stream to become active for cmeifml0h001okung0i95m8s6
10:20:32.837  [CallModal] Audio can play for cmeifml0h001okung0i95m8s6
10:20:32.837  [CallModal] Audio canplay event for cmeifml0h001okung0i95m8s6
10:20:32.837  [CallModal] 🔄 Stream not ready, waiting...
10:20:32.837  [CallModal] ❌ Initial audio play failed for cmeifml0h001okung0i95m8s6: 
attemptPlay @ webpack-internal:///…/CallModal.tsx:3122
element.addEventListener.once @ webpack-internal:///…/CallModal.tsx:3166
10:20:32.837  [CallModal] 🔄 Waiting for stream to become active for cmeifml0h001okung0i95m8s6
10:20:32.838  [CallModal] Audio is playing for cmeifml0h001okung0i95m8s6
10:20:32.839  [useCallPerformance] No valid network data yet, assuming good quality
10:20:32.840  [CallModal] Rendered - voice call opened
10:20:32.841  [CallModal] Rendered - voice call opened
10:20:32.842  [useCallPerformance] No valid network data yet, assuming good quality
10:20:32.843  [CallModal] Rendered - voice call opened
10:20:32.844  [CallModal] Rendered - voice call opened
10:20:32.845  [VoiceParticipant] Tester voice activity debug: {participantId: 'cmeifml0h001okung0i95m8s6', hasOriginalStream: true, hasLatestStream: true, streamActive: false, audioTracksCount: 1, …}
10:20:32.845  [VoiceParticipant] Tester voice activity debug: {participantId: 'cmeifml0h001okung0i95m8s6', hasOriginalStream: true, hasLatestStream: true, streamActive: false, audioTracksCount: 1, …}
10:20:32.847  [CallModal] 🔊 Setting up audio element for participant cmeifml0h001okung0i95m8s6
10:20:32.848  [CallModal] Stream details: {id: '22684b8b-e675-484e-8ba1-c9d3f02f2c18', active: false, audioTracks: Array(1)}
10:20:32.848  [CallModal] Previous audio element for cmeifml0h001okung0i95m8s6: false
10:20:32.851  [CallModal] Cleared previous srcObject for cmeifml0h001okung0i95m8s6
10:20:32.852  [CallModal] 🔄 Stream not ready, waiting...
10:20:32.853  [CallModal] ❌ Initial audio play failed for cmeifml0h001okung0i95m8s6: 
attemptPlay @ webpack-internal:///…/CallModal.tsx:3122
ref @ webpack-internal:///…/CallModal.tsx:3156
commitAttachRef @ webpack-internal:///…evelopment.js:21677
safelyAttachRef @ webpack-internal:///…evelopment.js:20803
commitLayoutEffectOnFiber @ webpack-internal:///…evelopment.js:21498
recursivelyTraverseLayoutEffects @ webpack-internal:///…evelopment.js:22926
commitLayoutEffectOnFiber @ webpack-internal:///…evelopment.js:21577
recursivelyTraverseLayoutEffects @ webpack-internal:///…evelopment.js:22926
commitLayoutEffectOnFiber @ webpack-internal:///…evelopment.js:21488
recursivelyTraverseLayoutEffects @ webpack-internal:///…evelopment.js:22926
commitLayoutEffectOnFiber @ webpack-internal:///…evelopment.js:21488
recursivelyTraverseLayoutEffects @ webpack-internal:///…evelopment.js:22926
commitLayoutEffectOnFiber @ webpack-internal:///…evelopment.js:21488
recursivelyTraverseLayoutEffects @ webpack-internal:///…evelopment.js:22926
commitLayoutEffectOnFiber @ webpack-internal:///…evelopment.js:21488
recursivelyTraverseLayoutEffects @ webpack-internal:///…evelopment.js:22926
commitLayoutEffectOnFiber @ webpack-internal:///…evelopment.js:21407
recursivelyTraverseLayoutEffects @ webpack-internal:///…evelopment.js:22926
commitLayoutEffectOnFiber @ webpack-internal:///…evelopment.js:21407
recursivelyTraverseLayoutEffects @ webpack-internal:///…evelopment.js:22926
commitLayoutEffectOnFiber @ webpack-internal:///…evelopment.js:21577
recursivelyTraverseLayoutEffects @ webpack-internal:///…evelopment.js:22926
commitLayoutEffectOnFiber @ webpack-internal:///…evelopment.js:21407
recursivelyTraverseLayoutEffects @ webpack-internal:///…evelopment.js:22926
commitLayoutEffectOnFiber @ webpack-internal:///…evelopment.js:21577
recursivelyTraverseLayoutEffects @ webpack-internal:///…evelopment.js:22926
commitLayoutEffectOnFiber @ webpack-internal:///…evelopment.js:21407
recursivelyTraverseLayoutEffects @ webpack-internal:///…evelopment.js:22926
commitLayoutEffectOnFiber @ webpack-internal:///…evelopment.js:21577
recursivelyTraverseLayoutEffects @ webpack-internal:///…evelopment.js:22926
commitLayoutEffectOnFiber @ webpack-internal:///…evelopment.js:21407
recursivelyTraverseLayoutEffects @ webpack-internal:///…evelopment.js:22926
commitLayoutEffectOnFiber @ webpack-internal:///…evelopment.js:21577
recursivelyTraverseLayoutEffects @ webpack-internal:///…evelopment.js:22926
commitLayoutEffectOnFiber @ webpack-internal:///…evelopment.js:21407
recursivelyTraverseLayoutEffects @ webpack-internal:///…evelopment.js:22926
commitLayoutEffectOnFiber @ webpack-internal:///…evelopment.js:21407
recursivelyTraverseLayoutEffects @ webpack-internal:///…evelopment.js:22926
commitLayoutEffectOnFiber @ webpack-internal:///…evelopment.js:21488
recursivelyTraverseLayoutEffects @ webpack-internal:///…evelopment.js:22926
commitLayoutEffectOnFiber @ webpack-internal:///…evelopment.js:21488
recursivelyTraverseLayoutEffects @ webpack-internal:///…evelopment.js:22926
commitLayoutEffectOnFiber @ webpack-internal:///…evelopment.js:21577
recursivelyTraverseLayoutEffects @ webpack-internal:///…evelopment.js:22926
commitLayoutEffectOnFiber @ webpack-internal:///…evelopment.js:21577
recursivelyTraverseLayoutEffects @ webpack-internal:///…evelopment.js:22926
commitLayoutEffectOnFiber @ webpack-internal:///…evelopment.js:21418
recursivelyTraverseLayoutEffects @ webpack-internal:///…evelopment.js:22926
commitLayoutEffectOnFiber @ webpack-internal:///…evelopment.js:21407
recursivelyTraverseLayoutEffects @ webpack-internal:///…evelopment.js:22926
commitLayoutEffectOnFiber @ webpack-internal:///…evelopment.js:21577
recursivelyTraverseLayoutEffects @ webpack-internal:///…evelopment.js:22926
commitLayoutEffectOnFiber @ webpack-internal:///…evelopment.js:21418
recursivelyTraverseLayoutEffects @ webpack-internal:///…evelopment.js:22926
commitLayoutEffectOnFiber @ webpack-internal:///…evelopment.js:21407
recursivelyTraverseLayoutEffects @ webpack-internal:///…evelopment.js:22926
commitLayoutEffectOnFiber @ webpack-internal:///…evelopment.js:21407
recursivelyTraverseLayoutEffects @ webpack-internal:///…evelopment.js:22926
commitLayoutEffectOnFiber @ webpack-internal:///…evelopment.js:21418
recursivelyTraverseLayoutEffects @ webpack-internal:///…evelopment.js:22926
commitLayoutEffectOnFiber @ webpack-internal:///…evelopment.js:21407
recursivelyTraverseLayoutEffects @ webpack-internal:///…evelopment.js:22926
commitLayoutEffectOnFiber @ webpack-internal:///…evelopment.js:21577
recursivelyTraverseLayoutEffects @ webpack-internal:///…evelopment.js:22926
commitLayoutEffectOnFiber @ webpack-internal:///…evelopment.js:21577
recursivelyTraverseLayoutEffects @ webpack-internal:///…evelopment.js:22926
commitLayoutEffectOnFiber @ webpack-internal:///…evelopment.js:21577
recursivelyTraverseLayoutEffects @ webpack-internal:///…evelopment.js:22926
commitLayoutEffectOnFiber @ webpack-internal:///…evelopment.js:21577
recursivelyTraverseLayoutEffects @ webpack-internal:///…evelopment.js:22926
commitLayoutEffectOnFiber @ webpack-internal:///…evelopment.js:21577
recursivelyTraverseLayoutEffects @ webpack-internal:///…evelopment.js:22926
commitLayoutEffectOnFiber @ webpack-internal:///…evelopment.js:21577
recursivelyTraverseLayoutEffects @ webpack-internal:///…evelopment.js:22926
commitLayoutEffectOnFiber @ webpack-internal:///…evelopment.js:21407
recursivelyTraverseLayoutEffects @ webpack-internal:///…evelopment.js:22926
commitLayoutEffectOnFiber @ webpack-internal:///…evelopment.js:21418
recursivelyTraverseLayoutEffects @ webpack-internal:///…evelopment.js:22926
commitLayoutEffectOnFiber @ webpack-internal:///…evelopment.js:21407
recursivelyTraverseLayoutEffects @ webpack-internal:///…evelopment.js:22926
commitLayoutEffectOnFiber @ webpack-internal:///…evelopment.js:21407
recursivelyTraverseLayoutEffects @ webpack-internal:///…evelopment.js:22926
commitLayoutEffectOnFiber @ webpack-internal:///…evelopment.js:21407
recursivelyTraverseLayoutEffects @ webpack-internal:///…evelopment.js:22926
commitLayoutEffectOnFiber @ webpack-internal:///…evelopment.js:21407
recursivelyTraverseLayoutEffects @ webpack-internal:///…evelopment.js:22926
commitLayoutEffectOnFiber @ webpack-internal:///…evelopment.js:21577
recursivelyTraverseLayoutEffects @ webpack-internal:///…evelopment.js:22926
commitLayoutEffectOnFiber @ webpack-internal:///…evelopment.js:21577
recursivelyTraverseLayoutEffects @ webpack-internal:///…evelopment.js:22926
commitLayoutEffectOnFiber @ webpack-internal:///…evelopment.js:21577
recursivelyTraverseLayoutEffects @ webpack-internal:///…evelopment.js:22926
commitLayoutEffectOnFiber @ webpack-internal:///…evelopment.js:21437
commitLayoutEffects @ webpack-internal:///…evelopment.js:22912
commitRootImpl @ webpack-internal:///…evelopment.js:26226
commitRoot @ webpack-internal:///…evelopment.js:26077
commitRootWhenReady @ webpack-internal:///…evelopment.js:24749
finishConcurrentRender @ webpack-internal:///…evelopment.js:24714
performConcurrentWorkOnRoot @ webpack-internal:///…evelopment.js:24559
workLoop @ webpack-internal:///….development.js:256
flushWork @ webpack-internal:///….development.js:225
performWorkUntilDeadline @ webpack-internal:///….development.js:534
10:20:32.853  [CallModal] 🔄 Waiting for stream to become active for cmeifml0h001okung0i95m8s6
10:20:32.934  [VoiceActivity] Effect triggered: {hasStream: true, streamId: '22684b8b-e675-484e-8ba1-c9d3f02f2c18', audioTracks: 1, threshold: -40}
10:20:32.934  [VoiceActivity] Initializing for stream: 22684b8b-e675-484e-8ba1-c9d3f02f2c18 with 1 audio tracks
10:20:32.935  [VoiceActivity] Effect triggered: {hasStream: true, streamId: '22684b8b-e675-484e-8ba1-c9d3f02f2c18', audioTracks: 1, threshold: -40}
10:20:32.935  [VoiceActivity] Initializing for stream: 22684b8b-e675-484e-8ba1-c9d3f02f2c18 with 1 audio tracks
10:20:32.935  [CallModal] Rendered - voice call opened
10:20:32.936  [CallModal] Rendered - voice call opened
10:20:32.937  [CallModal] Audio loadeddata event for cmeifml0h001okung0i95m8s6
10:20:32.937  [CallModal] 🔄 Stream not ready, waiting...
10:20:32.937  [CallModal] ❌ Initial audio play failed for cmeifml0h001okung0i95m8s6: 
attemptPlay @ webpack-internal:///…/CallModal.tsx:3122
element.addEventListener.once @ webpack-internal:///…/CallModal.tsx:3160
10:20:32.937  [CallModal] 🔄 Waiting for stream to become active for cmeifml0h001okung0i95m8s6
10:20:32.938  [CallModal] Audio can play for cmeifml0h001okung0i95m8s6
10:20:32.938  [CallModal] Audio canplay event for cmeifml0h001okung0i95m8s6
10:20:32.938  [CallModal] 🔄 Stream not ready, waiting...
10:20:32.938  [CallModal] ❌ Initial audio play failed for cmeifml0h001okung0i95m8s6: 
attemptPlay @ webpack-internal:///…/CallModal.tsx:3122
element.addEventListener.once @ webpack-internal:///…/CallModal.tsx:3166
10:20:32.938  [CallModal] 🔄 Waiting for stream to become active for cmeifml0h001okung0i95m8s6
10:20:32.938  [CallModal] Audio is playing for cmeifml0h001okung0i95m8s6
10:20:33.049  [CallModal] Rendered - voice call opened
10:20:33.049  [CallModal] Rendered - voice call opened
10:20:33.050  [VoiceParticipant] Tester voice activity debug: {participantId: 'cmeifml0h001okung0i95m8s6', hasOriginalStream: true, hasLatestStream: true, streamActive: false, audioTracksCount: 1, …}
10:20:33.050  [VoiceParticipant] Tester voice activity debug: {participantId: 'cmeifml0h001okung0i95m8s6', hasOriginalStream: true, hasLatestStream: true, streamActive: false, audioTracksCount: 1, …}
10:20:33.051  [CallModal] 🔊 Setting up audio element for participant cmeifml0h001okung0i95m8s6
10:20:33.051  [CallModal] Stream details: {id: '22684b8b-e675-484e-8ba1-c9d3f02f2c18', active: false, audioTracks: Array(1)}
10:20:33.052  [CallModal] Previous audio element for cmeifml0h001okung0i95m8s6: false
10:20:33.053  [CallModal] Cleared previous srcObject for cmeifml0h001okung0i95m8s6
10:20:33.054  [CallModal] 🔄 Stream not ready, waiting...
10:20:33.055  [CallModal] ❌ Initial audio play failed for cmeifml0h001okung0i95m8s6: 
attemptPlay @ webpack-internal:///…/CallModal.tsx:3122
ref @ webpack-internal:///…/CallModal.tsx:3156
commitAttachRef @ webpack-internal:///…evelopment.js:21677
safelyAttachRef @ webpack-internal:///…evelopment.js:20803
commitLayoutEffectOnFiber @ webpack-internal:///…evelopment.js:21498
recursivelyTraverseLayoutEffects @ webpack-internal:///…evelopment.js:22926
commitLayoutEffectOnFiber @ webpack-internal:///…evelopment.js:21577
recursivelyTraverseLayoutEffects @ webpack-internal:///…evelopment.js:22926
commitLayoutEffectOnFiber @ webpack-internal:///…evelopment.js:21488
recursivelyTraverseLayoutEffects @ webpack-internal:///…evelopment.js:22926
commitLayoutEffectOnFiber @ webpack-internal:///…evelopment.js:21488
recursivelyTraverseLayoutEffects @ webpack-internal:///…evelopment.js:22926
commitLayoutEffectOnFiber @ webpack-internal:///…evelopment.js:21488
recursivelyTraverseLayoutEffects @ webpack-internal:///…evelopment.js:22926
commitLayoutEffectOnFiber @ webpack-internal:///…evelopment.js:21488
recursivelyTraverseLayoutEffects @ webpack-internal:///…evelopment.js:22926
commitLayoutEffectOnFiber @ webpack-internal:///…evelopment.js:21407
recursivelyTraverseLayoutEffects @ webpack-internal:///…evelopment.js:22926
commitLayoutEffectOnFiber @ webpack-internal:///…evelopment.js:21407
recursivelyTraverseLayoutEffects @ webpack-internal:///…evelopment.js:22926
commitLayoutEffectOnFiber @ webpack-internal:///…evelopment.js:21577
recursivelyTraverseLayoutEffects @ webpack-internal:///…evelopment.js:22926
commitLayoutEffectOnFiber @ webpack-internal:///…evelopment.js:21407
recursivelyTraverseLayoutEffects @ webpack-internal:///…evelopment.js:22926
commitLayoutEffectOnFiber @ webpack-internal:///…evelopment.js:21577
recursivelyTraverseLayoutEffects @ webpack-internal:///…evelopment.js:22926
commitLayoutEffectOnFiber @ webpack-internal:///…evelopment.js:21407
recursivelyTraverseLayoutEffects @ webpack-internal:///…evelopment.js:22926
commitLayoutEffectOnFiber @ webpack-internal:///…evelopment.js:21577
recursivelyTraverseLayoutEffects @ webpack-internal:///…evelopment.js:22926
commitLayoutEffectOnFiber @ webpack-internal:///…evelopment.js:21407
recursivelyTraverseLayoutEffects @ webpack-internal:///…evelopment.js:22926
commitLayoutEffectOnFiber @ webpack-internal:///…evelopment.js:21577
recursivelyTraverseLayoutEffects @ webpack-internal:///…evelopment.js:22926
commitLayoutEffectOnFiber @ webpack-internal:///…evelopment.js:21407
recursivelyTraverseLayoutEffects @ webpack-internal:///…evelopment.js:22926
commitLayoutEffectOnFiber @ webpack-internal:///…evelopment.js:21407
recursivelyTraverseLayoutEffects @ webpack-internal:///…evelopment.js:22926
commitLayoutEffectOnFiber @ webpack-internal:///…evelopment.js:21488
recursivelyTraverseLayoutEffects @ webpack-internal:///…evelopment.js:22926
commitLayoutEffectOnFiber @ webpack-internal:///…evelopment.js:21488
recursivelyTraverseLayoutEffects @ webpack-internal:///…evelopment.js:22926
commitLayoutEffectOnFiber @ webpack-internal:///…evelopment.js:21577
recursivelyTraverseLayoutEffects @ webpack-internal:///…evelopment.js:22926
commitLayoutEffectOnFiber @ webpack-internal:///…evelopment.js:21577
recursivelyTraverseLayoutEffects @ webpack-internal:///…evelopment.js:22926
commitLayoutEffectOnFiber @ webpack-internal:///…evelopment.js:21418
recursivelyTraverseLayoutEffects @ webpack-internal:///…evelopment.js:22926
commitLayoutEffectOnFiber @ webpack-internal:///…evelopment.js:21407
recursivelyTraverseLayoutEffects @ webpack-internal:///…evelopment.js:22926
commitLayoutEffectOnFiber @ webpack-internal:///…evelopment.js:21577
recursivelyTraverseLayoutEffects @ webpack-internal:///…evelopment.js:22926
commitLayoutEffectOnFiber @ webpack-internal:///…evelopment.js:21418
recursivelyTraverseLayoutEffects @ webpack-internal:///…evelopment.js:22926
commitLayoutEffectOnFiber @ webpack-internal:///…evelopment.js:21407
recursivelyTraverseLayoutEffects @ webpack-internal:///…evelopment.js:22926
commitLayoutEffectOnFiber @ webpack-internal:///…evelopment.js:21407
recursivelyTraverseLayoutEffects @ webpack-internal:///…evelopment.js:22926
commitLayoutEffectOnFiber @ webpack-internal:///…evelopment.js:21418
recursivelyTraverseLayoutEffects @ webpack-internal:///…evelopment.js:22926
commitLayoutEffectOnFiber @ webpack-internal:///…evelopment.js:21407
recursivelyTraverseLayoutEffects @ webpack-internal:///…evelopment.js:22926
commitLayoutEffectOnFiber @ webpack-internal:///…evelopment.js:21577
recursivelyTraverseLayoutEffects @ webpack-internal:///…evelopment.js:22926
commitLayoutEffectOnFiber @ webpack-internal:///…evelopment.js:21577
recursivelyTraverseLayoutEffects @ webpack-internal:///…evelopment.js:22926
commitLayoutEffectOnFiber @ webpack-internal:///…evelopment.js:21577
recursivelyTraverseLayoutEffects @ webpack-internal:///…evelopment.js:22926
commitLayoutEffectOnFiber @ webpack-internal:///…evelopment.js:21577
recursivelyTraverseLayoutEffects @ webpack-internal:///…evelopment.js:22926
commitLayoutEffectOnFiber @ webpack-internal:///…evelopment.js:21577
recursivelyTraverseLayoutEffects @ webpack-internal:///…evelopment.js:22926
commitLayoutEffectOnFiber @ webpack-internal:///…evelopment.js:21577
recursivelyTraverseLayoutEffects @ webpack-internal:///…evelopment.js:22926
commitLayoutEffectOnFiber @ webpack-internal:///…evelopment.js:21407
recursivelyTraverseLayoutEffects @ webpack-internal:///…evelopment.js:22926
commitLayoutEffectOnFiber @ webpack-internal:///…evelopment.js:21418
recursivelyTraverseLayoutEffects @ webpack-internal:///…evelopment.js:22926
commitLayoutEffectOnFiber @ webpack-internal:///…evelopment.js:21407
recursivelyTraverseLayoutEffects @ webpack-internal:///…evelopment.js:22926
commitLayoutEffectOnFiber @ webpack-internal:///…evelopment.js:21407
recursivelyTraverseLayoutEffects @ webpack-internal:///…evelopment.js:22926
commitLayoutEffectOnFiber @ webpack-internal:///…evelopment.js:21407
recursivelyTraverseLayoutEffects @ webpack-internal:///…evelopment.js:22926
commitLayoutEffectOnFiber @ webpack-internal:///…evelopment.js:21407
recursivelyTraverseLayoutEffects @ webpack-internal:///…evelopment.js:22926
commitLayoutEffectOnFiber @ webpack-internal:///…evelopment.js:21577
recursivelyTraverseLayoutEffects @ webpack-internal:///…evelopment.js:22926
commitLayoutEffectOnFiber @ webpack-internal:///…evelopment.js:21577
recursivelyTraverseLayoutEffects @ webpack-internal:///…evelopment.js:22926
commitLayoutEffectOnFiber @ webpack-internal:///…evelopment.js:21577
recursivelyTraverseLayoutEffects @ webpack-internal:///…evelopment.js:22926
commitLayoutEffectOnFiber @ webpack-internal:///…evelopment.js:21437
commitLayoutEffects @ webpack-internal:///…evelopment.js:22912
commitRootImpl @ webpack-internal:///…evelopment.js:26226
commitRoot @ webpack-internal:///…evelopment.js:26077
commitRootWhenReady @ webpack-internal:///…evelopment.js:24749
finishConcurrentRender @ webpack-internal:///…evelopment.js:24714
performConcurrentWorkOnRoot @ webpack-internal:///…evelopment.js:24559
workLoop @ webpack-internal:///….development.js:256
flushWork @ webpack-internal:///….development.js:225
performWorkUntilDeadline @ webpack-internal:///….development.js:534
10:20:33.055  [CallModal] 🔄 Waiting for stream to become active for cmeifml0h001okung0i95m8s6
10:20:33.155  [VoiceActivity] Effect triggered: {hasStream: true, streamId: '22684b8b-e675-484e-8ba1-c9d3f02f2c18', audioTracks: 1, threshold: -40}
10:20:33.156  [VoiceActivity] Initializing for stream: 22684b8b-e675-484e-8ba1-c9d3f02f2c18 with 1 audio tracks
10:20:33.157  [VoiceActivity] Effect triggered: {hasStream: true, streamId: '22684b8b-e675-484e-8ba1-c9d3f02f2c18', audioTracks: 1, threshold: -40}
10:20:33.157  [VoiceActivity] Initializing for stream: 22684b8b-e675-484e-8ba1-c9d3f02f2c18 with 1 audio tracks
10:20:33.158  [CallModal] Rendered - voice call opened
10:20:33.158  [CallModal] Rendered - voice call opened
10:20:33.160  [CallModal] Audio loadeddata event for cmeifml0h001okung0i95m8s6
10:20:33.160  [CallModal] 🔄 Stream not ready, waiting...
10:20:33.160  [CallModal] ❌ Initial audio play failed for cmeifml0h001okung0i95m8s6: 
attemptPlay @ webpack-internal:///…/CallModal.tsx:3122
element.addEventListener.once @ webpack-internal:///…/CallModal.tsx:3160
10:20:33.160  [CallModal] 🔄 Waiting for stream to become active for cmeifml0h001okung0i95m8s6
10:20:33.160  [CallModal] Audio can play for cmeifml0h001okung0i95m8s6
10:20:33.160  [CallModal] Audio canplay event for cmeifml0h001okung0i95m8s6
10:20:33.160  [CallModal] 🔄 Stream not ready, waiting...
10:20:33.160  [CallModal] ❌ Initial audio play failed for cmeifml0h001okung0i95m8s6: 
attemptPlay @ webpack-internal:///…/CallModal.tsx:3122
element.addEventListener.once @ webpack-internal:///…/CallModal.tsx:3166
10:20:33.161  [CallModal] 🔄 Waiting for stream to become active for cmeifml0h001okung0i95m8s6
10:20:33.161  [CallModal] Audio is playing for cmeifml0h001okung0i95m8s6
10:20:33.161  [CallModal] Rendered - voice call opened
10:20:33.161  [CallModal] Rendered - voice call opened
10:20:33.162  [VoiceParticipant] Tester voice activity debug: {participantId: 'cmeifml0h001okung0i95m8s6', hasOriginalStream: true, hasLatestStream: true, streamActive: false, audioTracksCount: 1, …}
10:20:33.162  [VoiceParticipant] Tester voice activity debug: {participantId: 'cmeifml0h001okung0i95m8s6', hasOriginalStream: true, hasLatestStream: true, streamActive: false, audioTracksCount: 1, …}
10:20:33.163  [CallModal] 🔊 Setting up audio element for participant cmeifml0h001okung0i95m8s6
10:20:33.164  [CallModal] Stream details: {id: '22684b8b-e675-484e-8ba1-c9d3f02f2c18', active: false, audioTracks: Array(1)}
10:20:33.164  [CallModal] Previous audio element for cmeifml0h001okung0i95m8s6: false
10:20:33.166  [CallModal] Cleared previous srcObject for cmeifml0h001okung0i95m8s6
10:20:33.166  [CallModal] 🔄 Stream not ready, waiting...
10:20:33.167  [CallModal] ❌ Initial audio play failed for cmeifml0h001okung0i95m8s6: 
attemptPlay @ webpack-internal:///…/CallModal.tsx:3122
ref @ webpack-internal:///…/CallModal.tsx:3156
commitAttachRef @ webpack-internal:///…evelopment.js:21677
safelyAttachRef @ webpack-internal:///…evelopment.js:20803
commitLayoutEffectOnFiber @ webpack-internal:///…evelopment.js:21498
recursivelyTraverseLayoutEffects @ webpack-internal:///…evelopment.js:22926
commitLayoutEffectOnFiber @ webpack-internal:///…evelopment.js:21577
recursivelyTraverseLayoutEffects @ webpack-internal:///…evelopment.js:22926
commitLayoutEffectOnFiber @ webpack-internal:///…evelopment.js:21488
recursivelyTraverseLayoutEffects @ webpack-internal:///…evelopment.js:22926
commitLayoutEffectOnFiber @ webpack-internal:///…evelopment.js:21488
recursivelyTraverseLayoutEffects @ webpack-internal:///…evelopment.js:22926
commitLayoutEffectOnFiber @ webpack-internal:///…evelopment.js:21488
recursivelyTraverseLayoutEffects @ webpack-internal:///…evelopment.js:22926
commitLayoutEffectOnFiber @ webpack-internal:///…evelopment.js:21488
recursivelyTraverseLayoutEffects @ webpack-internal:///…evelopment.js:22926
commitLayoutEffectOnFiber @ webpack-internal:///…evelopment.js:21407
recursivelyTraverseLayoutEffects @ webpack-internal:///…evelopment.js:22926
commitLayoutEffectOnFiber @ webpack-internal:///…evelopment.js:21407
recursivelyTraverseLayoutEffects @ webpack-internal:///…evelopment.js:22926
commitLayoutEffectOnFiber @ webpack-internal:///…evelopment.js:21577
recursivelyTraverseLayoutEffects @ webpack-internal:///…evelopment.js:22926
commitLayoutEffectOnFiber @ webpack-internal:///…evelopment.js:21407
recursivelyTraverseLayoutEffects @ webpack-internal:///…evelopment.js:22926
commitLayoutEffectOnFiber @ webpack-internal:///…evelopment.js:21577
recursivelyTraverseLayoutEffects @ webpack-internal:///…evelopment.js:22926
commitLayoutEffectOnFiber @ webpack-internal:///…evelopment.js:21407
recursivelyTraverseLayoutEffects @ webpack-internal:///…evelopment.js:22926
commitLayoutEffectOnFiber @ webpack-internal:///…evelopment.js:21577
recursivelyTraverseLayoutEffects @ webpack-internal:///…evelopment.js:22926
commitLayoutEffectOnFiber @ webpack-internal:///…evelopment.js:21407
recursivelyTraverseLayoutEffects @ webpack-internal:///…evelopment.js:22926
commitLayoutEffectOnFiber @ webpack-internal:///…evelopment.js:21577
recursivelyTraverseLayoutEffects @ webpack-internal:///…evelopment.js:22926
commitLayoutEffectOnFiber @ webpack-internal:///…evelopment.js:21407
recursivelyTraverseLayoutEffects @ webpack-internal:///…evelopment.js:22926
commitLayoutEffectOnFiber @ webpack-internal:///…evelopment.js:21407
recursivelyTraverseLayoutEffects @ webpack-internal:///…evelopment.js:22926
commitLayoutEffectOnFiber @ webpack-internal:///…evelopment.js:21488
recursivelyTraverseLayoutEffects @ webpack-internal:///…evelopment.js:22926
commitLayoutEffectOnFiber @ webpack-internal:///…evelopment.js:21488
recursivelyTraverseLayoutEffects @ webpack-internal:///…evelopment.js:22926
commitLayoutEffectOnFiber @ webpack-internal:///…evelopment.js:21577
recursivelyTraverseLayoutEffects @ webpack-internal:///…evelopment.js:22926
commitLayoutEffectOnFiber @ webpack-internal:///…evelopment.js:21577
recursivelyTraverseLayoutEffects @ webpack-internal:///…evelopment.js:22926
commitLayoutEffectOnFiber @ webpack-internal:///…evelopment.js:21418
recursivelyTraverseLayoutEffects @ webpack-internal:///…evelopment.js:22926
commitLayoutEffectOnFiber @ webpack-internal:///…evelopment.js:21407
recursivelyTraverseLayoutEffects @ webpack-internal:///…evelopment.js:22926
commitLayoutEffectOnFiber @ webpack-internal:///…evelopment.js:21577
recursivelyTraverseLayoutEffects @ webpack-internal:///…evelopment.js:22926
commitLayoutEffectOnFiber @ webpack-internal:///…evelopment.js:21418
recursivelyTraverseLayoutEffects @ webpack-internal:///…evelopment.js:22926
commitLayoutEffectOnFiber @ webpack-internal:///…evelopment.js:21407
recursivelyTraverseLayoutEffects @ webpack-internal:///…evelopment.js:22926
commitLayoutEffectOnFiber @ webpack-internal:///…evelopment.js:21407
recursivelyTraverseLayoutEffects @ webpack-internal:///…evelopment.js:22926
commitLayoutEffectOnFiber @ webpack-internal:///…evelopment.js:21418
recursivelyTraverseLayoutEffects @ webpack-internal:///…evelopment.js:22926
commitLayoutEffectOnFiber @ webpack-internal:///…evelopment.js:21407
recursivelyTraverseLayoutEffects @ webpack-internal:///…evelopment.js:22926
commitLayoutEffectOnFiber @ webpack-internal:///…evelopment.js:21577
recursivelyTraverseLayoutEffects @ webpack-internal:///…evelopment.js:22926
commitLayoutEffectOnFiber @ webpack-internal:///…evelopment.js:21577
recursivelyTraverseLayoutEffects @ webpack-internal:///…evelopment.js:22926
commitLayoutEffectOnFiber @ webpack-internal:///…evelopment.js:21577
recursivelyTraverseLayoutEffects @ webpack-internal:///…evelopment.js:22926
commitLayoutEffectOnFiber @ webpack-internal:///…evelopment.js:21577
recursivelyTraverseLayoutEffects @ webpack-internal:///…evelopment.js:22926
commitLayoutEffectOnFiber @ webpack-internal:///…evelopment.js:21577
recursivelyTraverseLayoutEffects @ webpack-internal:///…evelopment.js:22926
commitLayoutEffectOnFiber @ webpack-internal:///…evelopment.js:21577
recursivelyTraverseLayoutEffects @ webpack-internal:///…evelopment.js:22926
commitLayoutEffectOnFiber @ webpack-internal:///…evelopment.js:21407
recursivelyTraverseLayoutEffects @ webpack-internal:///…evelopment.js:22926
commitLayoutEffectOnFiber @ webpack-internal:///…evelopment.js:21418
recursivelyTraverseLayoutEffects @ webpack-internal:///…evelopment.js:22926
commitLayoutEffectOnFiber @ webpack-internal:///…evelopment.js:21407
recursivelyTraverseLayoutEffects @ webpack-internal:///…evelopment.js:22926
commitLayoutEffectOnFiber @ webpack-internal:///…evelopment.js:21407
recursivelyTraverseLayoutEffects @ webpack-internal:///…evelopment.js:22926
commitLayoutEffectOnFiber @ webpack-internal:///…evelopment.js:21407
recursivelyTraverseLayoutEffects @ webpack-internal:///…evelopment.js:22926
commitLayoutEffectOnFiber @ webpack-internal:///…evelopment.js:21407
recursivelyTraverseLayoutEffects @ webpack-internal:///…evelopment.js:22926
commitLayoutEffectOnFiber @ webpack-internal:///…evelopment.js:21577
recursivelyTraverseLayoutEffects @ webpack-internal:///…evelopment.js:22926
commitLayoutEffectOnFiber @ webpack-internal:///…evelopment.js:21577
recursivelyTraverseLayoutEffects @ webpack-internal:///…evelopment.js:22926
commitLayoutEffectOnFiber @ webpack-internal:///…evelopment.js:21577
recursivelyTraverseLayoutEffects @ webpack-internal:///…evelopment.js:22926
commitLayoutEffectOnFiber @ webpack-internal:///…evelopment.js:21437
commitLayoutEffects @ webpack-internal:///…evelopment.js:22912
commitRootImpl @ webpack-internal:///…evelopment.js:26226
commitRoot @ webpack-internal:///…evelopment.js:26077
commitRootWhenReady @ webpack-internal:///…evelopment.js:24749
finishConcurrentRender @ webpack-internal:///…evelopment.js:24714
performConcurrentWorkOnRoot @ webpack-internal:///…evelopment.js:24559
workLoop @ webpack-internal:///….development.js:256
flushWork @ webpack-internal:///….development.js:225
performWorkUntilDeadline @ webpack-internal:///….development.js:534
10:20:33.167  [CallModal] 🔄 Waiting for stream to become active for cmeifml0h001okung0i95m8s6
10:20:33.268  [VoiceActivity] Effect triggered: {hasStream: true, streamId: '22684b8b-e675-484e-8ba1-c9d3f02f2c18', audioTracks: 1, threshold: -40}
10:20:33.269  [VoiceActivity] Initializing for stream: 22684b8b-e675-484e-8ba1-c9d3f02f2c18 with 1 audio tracks
10:20:33.271  [VoiceActivity] Effect triggered: {hasStream: true, streamId: '22684b8b-e675-484e-8ba1-c9d3f02f2c18', audioTracks: 1, threshold: -40}
10:20:33.271  [VoiceActivity] Initializing for stream: 22684b8b-e675-484e-8ba1-c9d3f02f2c18 with 1 audio tracks
10:20:33.272  [CallModal] Rendered - voice call opened
10:20:33.272  [CallModal] Rendered - voice call opened
10:20:33.273  [CallModal] Audio loadeddata event for cmeifml0h001okung0i95m8s6
10:20:33.273  [CallModal] 🔄 Stream not ready, waiting...
10:20:33.273  [CallModal] ❌ Initial audio play failed for cmeifml0h001okung0i95m8s6: 
attemptPlay @ webpack-internal:///…/CallModal.tsx:3122
element.addEventListener.once @ webpack-internal:///…/CallModal.tsx:3160
10:20:33.273  [CallModal] 🔄 Waiting for stream to become active for cmeifml0h001okung0i95m8s6
10:20:33.274  [CallModal] Audio can play for cmeifml0h001okung0i95m8s6
10:20:33.274  [CallModal] Audio canplay event for cmeifml0h001okung0i95m8s6
10:20:33.274  [CallModal] 🔄 Stream not ready, waiting...
10:20:33.274  [CallModal] ❌ Initial audio play failed for cmeifml0h001okung0i95m8s6: 
attemptPlay @ webpack-internal:///…/CallModal.tsx:3122
element.addEventListener.once @ webpack-internal:///…/CallModal.tsx:3166
10:20:33.274  [CallModal] 🔄 Waiting for stream to become active for cmeifml0h001okung0i95m8s6
10:20:33.274  [CallModal] Audio is playing for cmeifml0h001okung0i95m8s6
10:20:33.302  [CallModal] Rendered - voice call opened
10:20:33.302  [CallModal] Rendered - voice call opened
10:20:33.303  [VoiceParticipant] Tester voice activity debug: {participantId: 'cmeifml0h001okung0i95m8s6', hasOriginalStream: true, hasLatestStream: true, streamActive: false, audioTracksCount: 1, …}
10:20:33.303  [VoiceParticipant] Tester voice activity debug: {participantId: 'cmeifml0h001okung0i95m8s6', hasOriginalStream: true, hasLatestStream: true, streamActive: false, audioTracksCount: 1, …}
10:20:33.304  [CallModal] 🔊 Setting up audio element for participant cmeifml0h001okung0i95m8s6
10:20:33.305  [CallModal] Stream details: {id: '22684b8b-e675-484e-8ba1-c9d3f02f2c18', active: false, audioTracks: Array(1)}
10:20:33.305  [CallModal] Previous audio element for cmeifml0h001okung0i95m8s6: false
10:20:33.307  [CallModal] Cleared previous srcObject for cmeifml0h001okung0i95m8s6
10:20:33.308  [CallModal] 🔄 Stream not ready, waiting...
10:20:33.309  [CallModal] ❌ Initial audio play failed for cmeifml0h001okung0i95m8s6: 
attemptPlay @ webpack-internal:///…/CallModal.tsx:3122
ref @ webpack-internal:///…/CallModal.tsx:3156
commitAttachRef @ webpack-internal:///…evelopment.js:21677
safelyAttachRef @ webpack-internal:///…evelopment.js:20803
commitLayoutEffectOnFiber @ webpack-internal:///…evelopment.js:21498
recursivelyTraverseLayoutEffects @ webpack-internal:///…evelopment.js:22926
commitLayoutEffectOnFiber @ webpack-internal:///…evelopment.js:21577
recursivelyTraverseLayoutEffects @ webpack-internal:///…evelopment.js:22926
commitLayoutEffectOnFiber @ webpack-internal:///…evelopment.js:21488
recursivelyTraverseLayoutEffects @ webpack-internal:///…evelopment.js:22926
commitLayoutEffectOnFiber @ webpack-internal:///…evelopment.js:21488
recursivelyTraverseLayoutEffects @ webpack-internal:///…evelopment.js:22926
commitLayoutEffectOnFiber @ webpack-internal:///…evelopment.js:21488
recursivelyTraverseLayoutEffects @ webpack-internal:///…evelopment.js:22926
commitLayoutEffectOnFiber @ webpack-internal:///…evelopment.js:21488
recursivelyTraverseLayoutEffects @ webpack-internal:///…evelopment.js:22926
commitLayoutEffectOnFiber @ webpack-internal:///…evelopment.js:21407
recursivelyTraverseLayoutEffects @ webpack-internal:///…evelopment.js:22926
commitLayoutEffectOnFiber @ webpack-internal:///…evelopment.js:21407
recursivelyTraverseLayoutEffects @ webpack-internal:///…evelopment.js:22926
commitLayoutEffectOnFiber @ webpack-internal:///…evelopment.js:21577
recursivelyTraverseLayoutEffects @ webpack-internal:///…evelopment.js:22926
commitLayoutEffectOnFiber @ webpack-internal:///…evelopment.js:21407
recursivelyTraverseLayoutEffects @ webpack-internal:///…evelopment.js:22926
commitLayoutEffectOnFiber @ webpack-internal:///…evelopment.js:21577
recursivelyTraverseLayoutEffects @ webpack-internal:///…evelopment.js:22926
commitLayoutEffectOnFiber @ webpack-internal:///…evelopment.js:21407
recursivelyTraverseLayoutEffects @ webpack-internal:///…evelopment.js:22926
commitLayoutEffectOnFiber @ webpack-internal:///…evelopment.js:21577
recursivelyTraverseLayoutEffects @ webpack-internal:///…evelopment.js:22926
commitLayoutEffectOnFiber @ webpack-internal:///…evelopment.js:21407
recursivelyTraverseLayoutEffects @ webpack-internal:///…evelopment.js:22926
commitLayoutEffectOnFiber @ webpack-internal:///…evelopment.js:21577
recursivelyTraverseLayoutEffects @ webpack-internal:///…evelopment.js:22926
commitLayoutEffectOnFiber @ webpack-internal:///…evelopment.js:21407
recursivelyTraverseLayoutEffects @ webpack-internal:///…evelopment.js:22926
commitLayoutEffectOnFiber @ webpack-internal:///…evelopment.js:21407
recursivelyTraverseLayoutEffects @ webpack-internal:///…evelopment.js:22926
commitLayoutEffectOnFiber @ webpack-internal:///…evelopment.js:21488
recursivelyTraverseLayoutEffects @ webpack-internal:///…evelopment.js:22926
commitLayoutEffectOnFiber @ webpack-internal:///…evelopment.js:21488
recursivelyTraverseLayoutEffects @ webpack-internal:///…evelopment.js:22926
commitLayoutEffectOnFiber @ webpack-internal:///…evelopment.js:21577
recursivelyTraverseLayoutEffects @ webpack-internal:///…evelopment.js:22926
commitLayoutEffectOnFiber @ webpack-internal:///…evelopment.js:21577
recursivelyTraverseLayoutEffects @ webpack-internal:///…evelopment.js:22926
commitLayoutEffectOnFiber @ webpack-internal:///…evelopment.js:21418
recursivelyTraverseLayoutEffects @ webpack-internal:///…evelopment.js:22926
commitLayoutEffectOnFiber @ webpack-internal:///…evelopment.js:21407
recursivelyTraverseLayoutEffects @ webpack-internal:///…evelopment.js:22926
commitLayoutEffectOnFiber @ webpack-internal:///…evelopment.js:21577
recursivelyTraverseLayoutEffects @ webpack-internal:///…evelopment.js:22926
commitLayoutEffectOnFiber @ webpack-internal:///…evelopment.js:21418
recursivelyTraverseLayoutEffects @ webpack-internal:///…evelopment.js:22926
commitLayoutEffectOnFiber @ webpack-internal:///…evelopment.js:21407
recursivelyTraverseLayoutEffects @ webpack-internal:///…evelopment.js:22926
commitLayoutEffectOnFiber @ webpack-internal:///…evelopment.js:21407
recursivelyTraverseLayoutEffects @ webpack-internal:///…evelopment.js:22926
commitLayoutEffectOnFiber @ webpack-internal:///…evelopment.js:21418
recursivelyTraverseLayoutEffects @ webpack-internal:///…evelopment.js:22926
commitLayoutEffectOnFiber @ webpack-internal:///…evelopment.js:21407
recursivelyTraverseLayoutEffects @ webpack-internal:///…evelopment.js:22926
commitLayoutEffectOnFiber @ webpack-internal:///…evelopment.js:21577
recursivelyTraverseLayoutEffects @ webpack-internal:///…evelopment.js:22926
commitLayoutEffectOnFiber @ webpack-internal:///…evelopment.js:21577
recursivelyTraverseLayoutEffects @ webpack-internal:///…evelopment.js:22926
commitLayoutEffectOnFiber @ webpack-internal:///…evelopment.js:21577
recursivelyTraverseLayoutEffects @ webpack-internal:///…evelopment.js:22926
commitLayoutEffectOnFiber @ webpack-internal:///…evelopment.js:21577
recursivelyTraverseLayoutEffects @ webpack-internal:///…evelopment.js:22926
commitLayoutEffectOnFiber @ webpack-internal:///…evelopment.js:21577
recursivelyTraverseLayoutEffects @ webpack-internal:///…evelopment.js:22926
commitLayoutEffectOnFiber @ webpack-internal:///…evelopment.js:21577
recursivelyTraverseLayoutEffects @ webpack-internal:///…evelopment.js:22926
commitLayoutEffectOnFiber @ webpack-internal:///…evelopment.js:21407
recursivelyTraverseLayoutEffects @ webpack-internal:///…evelopment.js:22926
commitLayoutEffectOnFiber @ webpack-internal:///…evelopment.js:21418
recursivelyTraverseLayoutEffects @ webpack-internal:///…evelopment.js:22926
commitLayoutEffectOnFiber @ webpack-internal:///…evelopment.js:21407
recursivelyTraverseLayoutEffects @ webpack-internal:///…evelopment.js:22926
commitLayoutEffectOnFiber @ webpack-internal:///…evelopment.js:21407
recursivelyTraverseLayoutEffects @ webpack-internal:///…evelopment.js:22926
commitLayoutEffectOnFiber @ webpack-internal:///…evelopment.js:21407
recursivelyTraverseLayoutEffects @ webpack-internal:///…evelopment.js:22926
commitLayoutEffectOnFiber @ webpack-internal:///…evelopment.js:21407
recursivelyTraverseLayoutEffects @ webpack-internal:///…evelopment.js:22926
commitLayoutEffectOnFiber @ webpack-internal:///…evelopment.js:21577
recursivelyTraverseLayoutEffects @ webpack-internal:///…evelopment.js:22926
commitLayoutEffectOnFiber @ webpack-internal:///…evelopment.js:21577
recursivelyTraverseLayoutEffects @ webpack-internal:///…evelopment.js:22926
commitLayoutEffectOnFiber @ webpack-internal:///…evelopment.js:21577
recursivelyTraverseLayoutEffects @ webpack-internal:///…evelopment.js:22926
commitLayoutEffectOnFiber @ webpack-internal:///…evelopment.js:21437
commitLayoutEffects @ webpack-internal:///…evelopment.js:22912
commitRootImpl @ webpack-internal:///…evelopment.js:26226
commitRoot @ webpack-internal:///…evelopment.js:26077
commitRootWhenReady @ webpack-internal:///…evelopment.js:24749
finishConcurrentRender @ webpack-internal:///…evelopment.js:24714
performConcurrentWorkOnRoot @ webpack-internal:///…evelopment.js:24559
workLoop @ webpack-internal:///….development.js:256
flushWork @ webpack-internal:///….development.js:225
performWorkUntilDeadline @ webpack-internal:///….development.js:534
10:20:33.309  [CallModal] 🔄 Waiting for stream to become active for cmeifml0h001okung0i95m8s6
10:20:33.371  [VoiceActivity] Effect triggered: {hasStream: true, streamId: '22684b8b-e675-484e-8ba1-c9d3f02f2c18', audioTracks: 1, threshold: -40}
10:20:33.372  [VoiceActivity] Initializing for stream: 22684b8b-e675-484e-8ba1-c9d3f02f2c18 with 1 audio tracks
10:20:33.374  [VoiceActivity] Effect triggered: {hasStream: true, streamId: '22684b8b-e675-484e-8ba1-c9d3f02f2c18', audioTracks: 1, threshold: -40}
10:20:33.374  [VoiceActivity] Initializing for stream: 22684b8b-e675-484e-8ba1-c9d3f02f2c18 with 1 audio tracks
10:20:33.375  [CallModal] Rendered - voice call opened
10:20:33.376  [CallModal] Rendered - voice call opened
10:20:33.378  [CallModal] Audio loadeddata event for cmeifml0h001okung0i95m8s6
10:20:33.378  [CallModal] 🔄 Stream not ready, waiting...
10:20:33.378  [CallModal] ❌ Initial audio play failed for cmeifml0h001okung0i95m8s6: 
attemptPlay @ webpack-internal:///…/CallModal.tsx:3122
element.addEventListener.once @ webpack-internal:///…/CallModal.tsx:3160
10:20:33.378  [CallModal] 🔄 Waiting for stream to become active for cmeifml0h001okung0i95m8s6
10:20:33.378  [CallModal] Audio can play for cmeifml0h001okung0i95m8s6
10:20:33.378  [CallModal] Audio canplay event for cmeifml0h001okung0i95m8s6
10:20:33.378  [CallModal] 🔄 Stream not ready, waiting...
10:20:33.378  [CallModal] ❌ Initial audio play failed for cmeifml0h001okung0i95m8s6: 
attemptPlay @ webpack-internal:///…/CallModal.tsx:3122
element.addEventListener.once @ webpack-internal:///…/CallModal.tsx:3166
10:20:33.378  [CallModal] 🔄 Waiting for stream to become active for cmeifml0h001okung0i95m8s6
10:20:33.379  [CallModal] Audio is playing for cmeifml0h001okung0i95m8s6
10:20:33.379  [CallModal] Rendered - voice call opened
10:20:33.379  [CallModal] Rendered - voice call opened
10:20:33.380  [VoiceParticipant] Tester voice activity debug: {participantId: 'cmeifml0h001okung0i95m8s6', hasOriginalStream: true, hasLatestStream: true, streamActive: false, audioTracksCount: 1, …}
10:20:33.380  [VoiceParticipant] Tester voice activity debug: {participantId: 'cmeifml0h001okung0i95m8s6', hasOriginalStream: true, hasLatestStream: true, streamActive: false, audioTracksCount: 1, …}
10:20:33.381  [CallModal] 🔊 Setting up audio element for participant cmeifml0h001okung0i95m8s6
10:20:33.382  [CallModal] Stream details: {id: '22684b8b-e675-484e-8ba1-c9d3f02f2c18', active: false, audioTracks: Array(1)}
10:20:33.382  [CallModal] Previous audio element for cmeifml0h001okung0i95m8s6: false
10:20:33.385  [CallModal] Cleared previous srcObject for cmeifml0h001okung0i95m8s6
10:20:33.386  [CallModal] 🔄 Stream not ready, waiting...
10:20:33.386  [CallModal] ❌ Initial audio play failed for cmeifml0h001okung0i95m8s6: 
attemptPlay @ webpack-internal:///…/CallModal.tsx:3122
ref @ webpack-internal:///…/CallModal.tsx:3156
commitAttachRef @ webpack-internal:///…evelopment.js:21677
safelyAttachRef @ webpack-internal:///…evelopment.js:20803
commitLayoutEffectOnFiber @ webpack-internal:///…evelopment.js:21498
recursivelyTraverseLayoutEffects @ webpack-internal:///…evelopment.js:22926
commitLayoutEffectOnFiber @ webpack-internal:///…evelopment.js:21577
recursivelyTraverseLayoutEffects @ webpack-internal:///…evelopment.js:22926
commitLayoutEffectOnFiber @ webpack-internal:///…evelopment.js:21488
recursivelyTraverseLayoutEffects @ webpack-internal:///…evelopment.js:22926
commitLayoutEffectOnFiber @ webpack-internal:///…evelopment.js:21488
recursivelyTraverseLayoutEffects @ webpack-internal:///…evelopment.js:22926
commitLayoutEffectOnFiber @ webpack-internal:///…evelopment.js:21488
recursivelyTraverseLayoutEffects @ webpack-internal:///…evelopment.js:22926
commitLayoutEffectOnFiber @ webpack-internal:///…evelopment.js:21488
recursivelyTraverseLayoutEffects @ webpack-internal:///…evelopment.js:22926
commitLayoutEffectOnFiber @ webpack-internal:///…evelopment.js:21407
recursivelyTraverseLayoutEffects @ webpack-internal:///…evelopment.js:22926
commitLayoutEffectOnFiber @ webpack-internal:///…evelopment.js:21407
recursivelyTraverseLayoutEffects @ webpack-internal:///…evelopment.js:22926
commitLayoutEffectOnFiber @ webpack-internal:///…evelopment.js:21577
recursivelyTraverseLayoutEffects @ webpack-internal:///…evelopment.js:22926
commitLayoutEffectOnFiber @ webpack-internal:///…evelopment.js:21407
recursivelyTraverseLayoutEffects @ webpack-internal:///…evelopment.js:22926
commitLayoutEffectOnFiber @ webpack-internal:///…evelopment.js:21577
recursivelyTraverseLayoutEffects @ webpack-internal:///…evelopment.js:22926
commitLayoutEffectOnFiber @ webpack-internal:///…evelopment.js:21407
recursivelyTraverseLayoutEffects @ webpack-internal:///…evelopment.js:22926
commitLayoutEffectOnFiber @ webpack-internal:///…evelopment.js:21577
recursivelyTraverseLayoutEffects @ webpack-internal:///…evelopment.js:22926
commitLayoutEffectOnFiber @ webpack-internal:///…evelopment.js:21407
recursivelyTraverseLayoutEffects @ webpack-internal:///…evelopment.js:22926
commitLayoutEffectOnFiber @ webpack-internal:///…evelopment.js:21577
recursivelyTraverseLayoutEffects @ webpack-internal:///…evelopment.js:22926
commitLayoutEffectOnFiber @ webpack-internal:///…evelopment.js:21407
recursivelyTraverseLayoutEffects @ webpack-internal:///…evelopment.js:22926
commitLayoutEffectOnFiber @ webpack-internal:///…evelopment.js:21407
recursivelyTraverseLayoutEffects @ webpack-internal:///…evelopment.js:22926
commitLayoutEffectOnFiber @ webpack-internal:///…evelopment.js:21488
recursivelyTraverseLayoutEffects @ webpack-internal:///…evelopment.js:22926
commitLayoutEffectOnFiber @ webpack-internal:///…evelopment.js:21488
recursivelyTraverseLayoutEffects @ webpack-internal:///…evelopment.js:22926
commitLayoutEffectOnFiber @ webpack-internal:///…evelopment.js:21577
recursivelyTraverseLayoutEffects @ webpack-internal:///…evelopment.js:22926
commitLayoutEffectOnFiber @ webpack-internal:///…evelopment.js:21577
recursivelyTraverseLayoutEffects @ webpack-internal:///…evelopment.js:22926
commitLayoutEffectOnFiber @ webpack-internal:///…evelopment.js:21418
recursivelyTraverseLayoutEffects @ webpack-internal:///…evelopment.js:22926
commitLayoutEffectOnFiber @ webpack-internal:///…evelopment.js:21407
recursivelyTraverseLayoutEffects @ webpack-internal:///…evelopment.js:22926
commitLayoutEffectOnFiber @ webpack-internal:///…evelopment.js:21577
recursivelyTraverseLayoutEffects @ webpack-internal:///…evelopment.js:22926
commitLayoutEffectOnFiber @ webpack-internal:///…evelopment.js:21418
recursivelyTraverseLayoutEffects @ webpack-internal:///…evelopment.js:22926
commitLayoutEffectOnFiber @ webpack-internal:///…evelopment.js:21407
recursivelyTraverseLayoutEffects @ webpack-internal:///…evelopment.js:22926
commitLayoutEffectOnFiber @ webpack-internal:///…evelopment.js:21407
recursivelyTraverseLayoutEffects @ webpack-internal:///…evelopment.js:22926
commitLayoutEffectOnFiber @ webpack-internal:///…evelopment.js:21418
recursivelyTraverseLayoutEffects @ webpack-internal:///…evelopment.js:22926
commitLayoutEffectOnFiber @ webpack-internal:///…evelopment.js:21407
recursivelyTraverseLayoutEffects @ webpack-internal:///…evelopment.js:22926
commitLayoutEffectOnFiber @ webpack-internal:///…evelopment.js:21577
recursivelyTraverseLayoutEffects @ webpack-internal:///…evelopment.js:22926
commitLayoutEffectOnFiber @ webpack-internal:///…evelopment.js:21577
recursivelyTraverseLayoutEffects @ webpack-internal:///…evelopment.js:22926
commitLayoutEffectOnFiber @ webpack-internal:///…evelopment.js:21577
recursivelyTraverseLayoutEffects @ webpack-internal:///…evelopment.js:22926
commitLayoutEffectOnFiber @ webpack-internal:///…evelopment.js:21577
recursivelyTraverseLayoutEffects @ webpack-internal:///…evelopment.js:22926
commitLayoutEffectOnFiber @ webpack-internal:///…evelopment.js:21577
recursivelyTraverseLayoutEffects @ webpack-internal:///…evelopment.js:22926
commitLayoutEffectOnFiber @ webpack-internal:///…evelopment.js:21577
recursivelyTraverseLayoutEffects @ webpack-internal:///…evelopment.js:22926
commitLayoutEffectOnFiber @ webpack-internal:///…evelopment.js:21407
recursivelyTraverseLayoutEffects @ webpack-internal:///…evelopment.js:22926
commitLayoutEffectOnFiber @ webpack-internal:///…evelopment.js:21418
recursivelyTraverseLayoutEffects @ webpack-internal:///…evelopment.js:22926
commitLayoutEffectOnFiber @ webpack-internal:///…evelopment.js:21407
recursivelyTraverseLayoutEffects @ webpack-internal:///…evelopment.js:22926
commitLayoutEffectOnFiber @ webpack-internal:///…evelopment.js:21407
recursivelyTraverseLayoutEffects @ webpack-internal:///…evelopment.js:22926
commitLayoutEffectOnFiber @ webpack-internal:///…evelopment.js:21407
recursivelyTraverseLayoutEffects @ webpack-internal:///…evelopment.js:22926
commitLayoutEffectOnFiber @ webpack-internal:///…evelopment.js:21407
recursivelyTraverseLayoutEffects @ webpack-internal:///…evelopment.js:22926
commitLayoutEffectOnFiber @ webpack-internal:///…evelopment.js:21577
recursivelyTraverseLayoutEffects @ webpack-internal:///…evelopment.js:22926
commitLayoutEffectOnFiber @ webpack-internal:///…evelopment.js:21577
recursivelyTraverseLayoutEffects @ webpack-internal:///…evelopment.js:22926
commitLayoutEffectOnFiber @ webpack-internal:///…evelopment.js:21577
recursivelyTraverseLayoutEffects @ webpack-internal:///…evelopment.js:22926
commitLayoutEffectOnFiber @ webpack-internal:///…evelopment.js:21437
commitLayoutEffects @ webpack-internal:///…evelopment.js:22912
commitRootImpl @ webpack-internal:///…evelopment.js:26226
commitRoot @ webpack-internal:///…evelopment.js:26077
commitRootWhenReady @ webpack-internal:///…evelopment.js:24749
finishConcurrentRender @ webpack-internal:///…evelopment.js:24714
performConcurrentWorkOnRoot @ webpack-internal:///…evelopment.js:24559
workLoop @ webpack-internal:///….development.js:256
flushWork @ webpack-internal:///….development.js:225
performWorkUntilDeadline @ webpack-internal:///….development.js:534
10:20:33.387  [CallModal] 🔄 Waiting for stream to become active for cmeifml0h001okung0i95m8s6
10:20:33.446  [VoiceActivity] Effect triggered: {hasStream: true, streamId: '22684b8b-e675-484e-8ba1-c9d3f02f2c18', audioTracks: 1, threshold: -40}
10:20:33.446  [VoiceActivity] Initializing for stream: 22684b8b-e675-484e-8ba1-c9d3f02f2c18 with 1 audio tracks
10:20:33.447  [VoiceActivity] Effect triggered: {hasStream: true, streamId: '22684b8b-e675-484e-8ba1-c9d3f02f2c18', audioTracks: 1, threshold: -40}
10:20:33.447  [VoiceActivity] Initializing for stream: 22684b8b-e675-484e-8ba1-c9d3f02f2c18 with 1 audio tracks
10:20:33.448  [CallModal] Rendered - voice call opened
10:20:33.448  [CallModal] Rendered - voice call opened
10:20:33.450  [CallModal] Audio loadeddata event for cmeifml0h001okung0i95m8s6
10:20:33.450  [CallModal] 🔄 Stream not ready, waiting...
10:20:33.450  [CallModal] ❌ Initial audio play failed for cmeifml0h001okung0i95m8s6: 
attemptPlay @ webpack-internal:///…/CallModal.tsx:3122
element.addEventListener.once @ webpack-internal:///…/CallModal.tsx:3160
10:20:33.450  [CallModal] 🔄 Waiting for stream to become active for cmeifml0h001okung0i95m8s6
10:20:33.451  [CallModal] Audio can play for cmeifml0h001okung0i95m8s6
10:20:33.451  [CallModal] Audio canplay event for cmeifml0h001okung0i95m8s6
10:20:33.451  [CallModal] 🔄 Stream not ready, waiting...
10:20:33.451  [CallModal] ❌ Initial audio play failed for cmeifml0h001okung0i95m8s6: 
attemptPlay @ webpack-internal:///…/CallModal.tsx:3122
element.addEventListener.once @ webpack-internal:///…/CallModal.tsx:3166
10:20:33.451  [CallModal] 🔄 Waiting for stream to become active for cmeifml0h001okung0i95m8s6
10:20:33.451  [CallModal] Audio is playing for cmeifml0h001okung0i95m8s6
10:20:33.580  [CallModal] Rendered - voice call opened
10:20:33.581  [CallModal] Rendered - voice call opened
10:20:33.581  [VoiceParticipant] Tester voice activity debug: {participantId: 'cmeifml0h001okung0i95m8s6', hasOriginalStream: true, hasLatestStream: true, streamActive: false, audioTracksCount: 1, …}
10:20:33.582  [VoiceParticipant] Tester voice activity debug: {participantId: 'cmeifml0h001okung0i95m8s6', hasOriginalStream: true, hasLatestStream: true, streamActive: false, audioTracksCount: 1, …}
10:20:33.583  [CallModal] 🔊 Setting up audio element for participant cmeifml0h001okung0i95m8s6
10:20:33.583  [CallModal] Stream details: {id: '22684b8b-e675-484e-8ba1-c9d3f02f2c18', active: false, audioTracks: Array(1)}
10:20:33.584  [CallModal] Previous audio element for cmeifml0h001okung0i95m8s6: false
10:20:33.586  [CallModal] Cleared previous srcObject for cmeifml0h001okung0i95m8s6
10:20:33.587  [CallModal] 🔄 Stream not ready, waiting...
10:20:33.587  [CallModal] ❌ Initial audio play failed for cmeifml0h001okung0i95m8s6: 
attemptPlay @ webpack-internal:///…/CallModal.tsx:3122
ref @ webpack-internal:///…/CallModal.tsx:3156
commitAttachRef @ webpack-internal:///…evelopment.js:21677
safelyAttachRef @ webpack-internal:///…evelopment.js:20803
commitLayoutEffectOnFiber @ webpack-internal:///…evelopment.js:21498
recursivelyTraverseLayoutEffects @ webpack-internal:///…evelopment.js:22926
commitLayoutEffectOnFiber @ webpack-internal:///…evelopment.js:21577
recursivelyTraverseLayoutEffects @ webpack-internal:///…evelopment.js:22926
commitLayoutEffectOnFiber @ webpack-internal:///…evelopment.js:21488
recursivelyTraverseLayoutEffects @ webpack-internal:///…evelopment.js:22926
commitLayoutEffectOnFiber @ webpack-internal:///…evelopment.js:21488
recursivelyTraverseLayoutEffects @ webpack-internal:///…evelopment.js:22926
commitLayoutEffectOnFiber @ webpack-internal:///…evelopment.js:21488
recursivelyTraverseLayoutEffects @ webpack-internal:///…evelopment.js:22926
commitLayoutEffectOnFiber @ webpack-internal:///…evelopment.js:21488
recursivelyTraverseLayoutEffects @ webpack-internal:///…evelopment.js:22926
commitLayoutEffectOnFiber @ webpack-internal:///…evelopment.js:21407
recursivelyTraverseLayoutEffects @ webpack-internal:///…evelopment.js:22926
commitLayoutEffectOnFiber @ webpack-internal:///…evelopment.js:21407
recursivelyTraverseLayoutEffects @ webpack-internal:///…evelopment.js:22926
commitLayoutEffectOnFiber @ webpack-internal:///…evelopment.js:21577
recursivelyTraverseLayoutEffects @ webpack-internal:///…evelopment.js:22926
commitLayoutEffectOnFiber @ webpack-internal:///…evelopment.js:21407
recursivelyTraverseLayoutEffects @ webpack-internal:///…evelopment.js:22926
commitLayoutEffectOnFiber @ webpack-internal:///…evelopment.js:21577
recursivelyTraverseLayoutEffects @ webpack-internal:///…evelopment.js:22926
commitLayoutEffectOnFiber @ webpack-internal:///…evelopment.js:21407
recursivelyTraverseLayoutEffects @ webpack-internal:///…evelopment.js:22926
commitLayoutEffectOnFiber @ webpack-internal:///…evelopment.js:21577
recursivelyTraverseLayoutEffects @ webpack-internal:///…evelopment.js:22926
commitLayoutEffectOnFiber @ webpack-internal:///…evelopment.js:21407
recursivelyTraverseLayoutEffects @ webpack-internal:///…evelopment.js:22926
commitLayoutEffectOnFiber @ webpack-internal:///…evelopment.js:21577
recursivelyTraverseLayoutEffects @ webpack-internal:///…evelopment.js:22926
commitLayoutEffectOnFiber @ webpack-internal:///…evelopment.js:21407
recursivelyTraverseLayoutEffects @ webpack-internal:///…evelopment.js:22926
commitLayoutEffectOnFiber @ webpack-internal:///…evelopment.js:21407
recursivelyTraverseLayoutEffects @ webpack-internal:///…evelopment.js:22926
commitLayoutEffectOnFiber @ webpack-internal:///…evelopment.js:21488
recursivelyTraverseLayoutEffects @ webpack-internal:///…evelopment.js:22926
commitLayoutEffectOnFiber @ webpack-internal:///…evelopment.js:21488
recursivelyTraverseLayoutEffects @ webpack-internal:///…evelopment.js:22926
commitLayoutEffectOnFiber @ webpack-internal:///…evelopment.js:21577
recursivelyTraverseLayoutEffects @ webpack-internal:///…evelopment.js:22926
commitLayoutEffectOnFiber @ webpack-internal:///…evelopment.js:21577
recursivelyTraverseLayoutEffects @ webpack-internal:///…evelopment.js:22926
commitLayoutEffectOnFiber @ webpack-internal:///…evelopment.js:21418
recursivelyTraverseLayoutEffects @ webpack-internal:///…evelopment.js:22926
commitLayoutEffectOnFiber @ webpack-internal:///…evelopment.js:21407
recursivelyTraverseLayoutEffects @ webpack-internal:///…evelopment.js:22926
commitLayoutEffectOnFiber @ webpack-internal:///…evelopment.js:21577
recursivelyTraverseLayoutEffects @ webpack-internal:///…evelopment.js:22926
commitLayoutEffectOnFiber @ webpack-internal:///…evelopment.js:21418
recursivelyTraverseLayoutEffects @ webpack-internal:///…evelopment.js:22926
commitLayoutEffectOnFiber @ webpack-internal:///…evelopment.js:21407
recursivelyTraverseLayoutEffects @ webpack-internal:///…evelopment.js:22926
commitLayoutEffectOnFiber @ webpack-internal:///…evelopment.js:21407
recursivelyTraverseLayoutEffects @ webpack-internal:///…evelopment.js:22926
commitLayoutEffectOnFiber @ webpack-internal:///…evelopment.js:21418
recursivelyTraverseLayoutEffects @ webpack-internal:///…evelopment.js:22926
commitLayoutEffectOnFiber @ webpack-internal:///…evelopment.js:21407
recursivelyTraverseLayoutEffects @ webpack-internal:///…evelopment.js:22926
commitLayoutEffectOnFiber @ webpack-internal:///…evelopment.js:21577
recursivelyTraverseLayoutEffects @ webpack-internal:///…evelopment.js:22926
commitLayoutEffectOnFiber @ webpack-internal:///…evelopment.js:21577
recursivelyTraverseLayoutEffects @ webpack-internal:///…evelopment.js:22926
commitLayoutEffectOnFiber @ webpack-internal:///…evelopment.js:21577
recursivelyTraverseLayoutEffects @ webpack-internal:///…evelopment.js:22926
commitLayoutEffectOnFiber @ webpack-internal:///…evelopment.js:21577
recursivelyTraverseLayoutEffects @ webpack-internal:///…evelopment.js:22926
commitLayoutEffectOnFiber @ webpack-internal:///…evelopment.js:21577
recursivelyTraverseLayoutEffects @ webpack-internal:///…evelopment.js:22926
commitLayoutEffectOnFiber @ webpack-internal:///…evelopment.js:21577
recursivelyTraverseLayoutEffects @ webpack-internal:///…evelopment.js:22926
commitLayoutEffectOnFiber @ webpack-internal:///…evelopment.js:21407
recursivelyTraverseLayoutEffects @ webpack-internal:///…evelopment.js:22926
commitLayoutEffectOnFiber @ webpack-internal:///…evelopment.js:21418
recursivelyTraverseLayoutEffects @ webpack-internal:///…evelopment.js:22926
commitLayoutEffectOnFiber @ webpack-internal:///…evelopment.js:21407
recursivelyTraverseLayoutEffects @ webpack-internal:///…evelopment.js:22926
commitLayoutEffectOnFiber @ webpack-internal:///…evelopment.js:21407
recursivelyTraverseLayoutEffects @ webpack-internal:///…evelopment.js:22926
commitLayoutEffectOnFiber @ webpack-internal:///…evelopment.js:21407
recursivelyTraverseLayoutEffects @ webpack-internal:///…evelopment.js:22926
commitLayoutEffectOnFiber @ webpack-internal:///…evelopment.js:21407
recursivelyTraverseLayoutEffects @ webpack-internal:///…evelopment.js:22926
commitLayoutEffectOnFiber @ webpack-internal:///…evelopment.js:21577
recursivelyTraverseLayoutEffects @ webpack-internal:///…evelopment.js:22926
commitLayoutEffectOnFiber @ webpack-internal:///…evelopment.js:21577
recursivelyTraverseLayoutEffects @ webpack-internal:///…evelopment.js:22926
commitLayoutEffectOnFiber @ webpack-internal:///…evelopment.js:21577
recursivelyTraverseLayoutEffects @ webpack-internal:///…evelopment.js:22926
commitLayoutEffectOnFiber @ webpack-internal:///…evelopment.js:21437
commitLayoutEffects @ webpack-internal:///…evelopment.js:22912
commitRootImpl @ webpack-internal:///…evelopment.js:26226
commitRoot @ webpack-internal:///…evelopment.js:26077
commitRootWhenReady @ webpack-internal:///…evelopment.js:24749
finishConcurrentRender @ webpack-internal:///…evelopment.js:24714
performConcurrentWorkOnRoot @ webpack-internal:///…evelopment.js:24559
workLoop @ webpack-internal:///….development.js:256
flushWork @ webpack-internal:///….development.js:225
performWorkUntilDeadline @ webpack-internal:///….development.js:534
10:20:33.588  [CallModal] 🔄 Waiting for stream to become active for cmeifml0h001okung0i95m8s6
10:20:33.683  [VoiceActivity] Volume analysis: {average: '9.1', volume: '-28.9', threshold: -50, speaking: false, streamActive: true, …}
10:20:33.687  [VoiceActivity] Effect triggered: {hasStream: true, streamId: '22684b8b-e675-484e-8ba1-c9d3f02f2c18', audioTracks: 1, threshold: -40}
10:20:33.688  [VoiceActivity] Initializing for stream: 22684b8b-e675-484e-8ba1-c9d3f02f2c18 with 1 audio tracks
10:20:33.689  [VoiceActivity] Effect triggered: {hasStream: true, streamId: '22684b8b-e675-484e-8ba1-c9d3f02f2c18', audioTracks: 1, threshold: -40}
10:20:33.690  [VoiceActivity] Initializing for stream: 22684b8b-e675-484e-8ba1-c9d3f02f2c18 with 1 audio tracks
10:20:33.691  [CallModal] Rendered - voice call opened
10:20:33.692  [CallModal] Rendered - voice call opened
10:20:33.693  [CallModal] Audio loadeddata event for cmeifml0h001okung0i95m8s6
10:20:33.693  [CallModal] 🔄 Stream not ready, waiting...
10:20:33.694  [CallModal] ❌ Initial audio play failed for cmeifml0h001okung0i95m8s6: 
attemptPlay @ webpack-internal:///…/CallModal.tsx:3122
element.addEventListener.once @ webpack-internal:///…/CallModal.tsx:3160
10:20:33.694  [CallModal] 🔄 Waiting for stream to become active for cmeifml0h001okung0i95m8s6
10:20:33.694  [CallModal] Audio can play for cmeifml0h001okung0i95m8s6
10:20:33.695  [CallModal] Audio canplay event for cmeifml0h001okung0i95m8s6
10:20:33.695  [CallModal] 🔄 Stream not ready, waiting...
10:20:33.695  [CallModal] ❌ Initial audio play failed for cmeifml0h001okung0i95m8s6: 
attemptPlay @ webpack-internal:///…/CallModal.tsx:3122
element.addEventListener.once @ webpack-internal:///…/CallModal.tsx:3166
10:20:33.695  [CallModal] 🔄 Waiting for stream to become active for cmeifml0h001okung0i95m8s6
10:20:33.695  [CallModal] Audio is playing for cmeifml0h001okung0i95m8s6
10:20:33.854  ChatSidebar: Filtered 4 -> 4 conversations
10:20:33.854  ChatSidebar: Final conversation list: (4) [{…}, {…}, {…}, {…}]
10:20:33.860  Updated online status for user cmeifn5qp002dkunge64m0xss in conversation cmew64hqq0008kud8i3zywuwd
10:20:33.860  🏠 ChatWindow mounted/re-rendered with conversationId: null
10:20:33.861  Updated online status for user cmeifn5qp002dkunge64m0xss in conversation cmfbwdnf60000kuzg41ovkra2
10:20:33.861  🏠 ChatWindow mounted/re-rendered with conversationId: null
10:20:33.862  [CallModal] Rendered - voice call opened
10:20:33.862  [CallModal] Rendered - voice call opened
10:20:33.863  [VoiceParticipant] Tester voice activity debug: {participantId: 'cmeifml0h001okung0i95m8s6', hasOriginalStream: true, hasLatestStream: true, streamActive: false, audioTracksCount: 1, …}
10:20:33.863  [VoiceParticipant] Tester voice activity debug: {participantId: 'cmeifml0h001okung0i95m8s6', hasOriginalStream: true, hasLatestStream: true, streamActive: false, audioTracksCount: 1, …}
10:20:33.866  [CallModal] 🔊 Setting up audio element for participant cmeifml0h001okung0i95m8s6
10:20:33.867  [CallModal] Stream details: {id: '22684b8b-e675-484e-8ba1-c9d3f02f2c18', active: false, audioTracks: Array(1)}
10:20:33.868  [CallModal] Previous audio element for cmeifml0h001okung0i95m8s6: false
10:20:33.873  [CallModal] Cleared previous srcObject for cmeifml0h001okung0i95m8s6
10:20:33.874  [CallModal] 🔄 Stream not ready, waiting...
10:20:33.875  [CallModal] ❌ Initial audio play failed for cmeifml0h001okung0i95m8s6: 
attemptPlay @ webpack-internal:///…/CallModal.tsx:3122
ref @ webpack-internal:///…/CallModal.tsx:3156
commitAttachRef @ webpack-internal:///…evelopment.js:21677
safelyAttachRef @ webpack-internal:///…evelopment.js:20803
commitLayoutEffectOnFiber @ webpack-internal:///…evelopment.js:21498
recursivelyTraverseLayoutEffects @ webpack-internal:///…evelopment.js:22926
commitLayoutEffectOnFiber @ webpack-internal:///…evelopment.js:21577
recursivelyTraverseLayoutEffects @ webpack-internal:///…evelopment.js:22926
commitLayoutEffectOnFiber @ webpack-internal:///…evelopment.js:21488
recursivelyTraverseLayoutEffects @ webpack-internal:///…evelopment.js:22926
commitLayoutEffectOnFiber @ webpack-internal:///…evelopment.js:21488
recursivelyTraverseLayoutEffects @ webpack-internal:///…evelopment.js:22926
commitLayoutEffectOnFiber @ webpack-internal:///…evelopment.js:21488
recursivelyTraverseLayoutEffects @ webpack-internal:///…evelopment.js:22926
commitLayoutEffectOnFiber @ webpack-internal:///…evelopment.js:21488
recursivelyTraverseLayoutEffects @ webpack-internal:///…evelopment.js:22926
commitLayoutEffectOnFiber @ webpack-internal:///…evelopment.js:21407
recursivelyTraverseLayoutEffects @ webpack-internal:///…evelopment.js:22926
commitLayoutEffectOnFiber @ webpack-internal:///…evelopment.js:21407
recursivelyTraverseLayoutEffects @ webpack-internal:///…evelopment.js:22926
commitLayoutEffectOnFiber @ webpack-internal:///…evelopment.js:21577
recursivelyTraverseLayoutEffects @ webpack-internal:///…evelopment.js:22926
commitLayoutEffectOnFiber @ webpack-internal:///…evelopment.js:21407
recursivelyTraverseLayoutEffects @ webpack-internal:///…evelopment.js:22926
commitLayoutEffectOnFiber @ webpack-internal:///…evelopment.js:21577
recursivelyTraverseLayoutEffects @ webpack-internal:///…evelopment.js:22926
commitLayoutEffectOnFiber @ webpack-internal:///…evelopment.js:21407
recursivelyTraverseLayoutEffects @ webpack-internal:///…evelopment.js:22926
commitLayoutEffectOnFiber @ webpack-internal:///…evelopment.js:21577
recursivelyTraverseLayoutEffects @ webpack-internal:///…evelopment.js:22926
commitLayoutEffectOnFiber @ webpack-internal:///…evelopment.js:21407
recursivelyTraverseLayoutEffects @ webpack-internal:///…evelopment.js:22926
commitLayoutEffectOnFiber @ webpack-internal:///…evelopment.js:21577
recursivelyTraverseLayoutEffects @ webpack-internal:///…evelopment.js:22926
commitLayoutEffectOnFiber @ webpack-internal:///…evelopment.js:21407
recursivelyTraverseLayoutEffects @ webpack-internal:///…evelopment.js:22926
commitLayoutEffectOnFiber @ webpack-internal:///…evelopment.js:21407
recursivelyTraverseLayoutEffects @ webpack-internal:///…evelopment.js:22926
commitLayoutEffectOnFiber @ webpack-internal:///…evelopment.js:21488
recursivelyTraverseLayoutEffects @ webpack-internal:///…evelopment.js:22926
commitLayoutEffectOnFiber @ webpack-internal:///…evelopment.js:21488
recursivelyTraverseLayoutEffects @ webpack-internal:///…evelopment.js:22926
commitLayoutEffectOnFiber @ webpack-internal:///…evelopment.js:21577
recursivelyTraverseLayoutEffects @ webpack-internal:///…evelopment.js:22926
commitLayoutEffectOnFiber @ webpack-internal:///…evelopment.js:21577
recursivelyTraverseLayoutEffects @ webpack-internal:///…evelopment.js:22926
commitLayoutEffectOnFiber @ webpack-internal:///…evelopment.js:21418
recursivelyTraverseLayoutEffects @ webpack-internal:///…evelopment.js:22926
commitLayoutEffectOnFiber @ webpack-internal:///…evelopment.js:21407
recursivelyTraverseLayoutEffects @ webpack-internal:///…evelopment.js:22926
commitLayoutEffectOnFiber @ webpack-internal:///…evelopment.js:21577
recursivelyTraverseLayoutEffects @ webpack-internal:///…evelopment.js:22926
commitLayoutEffectOnFiber @ webpack-internal:///…evelopment.js:21418
recursivelyTraverseLayoutEffects @ webpack-internal:///…evelopment.js:22926
commitLayoutEffectOnFiber @ webpack-internal:///…evelopment.js:21407
recursivelyTraverseLayoutEffects @ webpack-internal:///…evelopment.js:22926
commitLayoutEffectOnFiber @ webpack-internal:///…evelopment.js:21407
recursivelyTraverseLayoutEffects @ webpack-internal:///…evelopment.js:22926
commitLayoutEffectOnFiber @ webpack-internal:///…evelopment.js:21418
recursivelyTraverseLayoutEffects @ webpack-internal:///…evelopment.js:22926
commitLayoutEffectOnFiber @ webpack-internal:///…evelopment.js:21407
recursivelyTraverseLayoutEffects @ webpack-internal:///…evelopment.js:22926
commitLayoutEffectOnFiber @ webpack-internal:///…evelopment.js:21577
recursivelyTraverseLayoutEffects @ webpack-internal:///…evelopment.js:22926
commitLayoutEffectOnFiber @ webpack-internal:///…evelopment.js:21577
recursivelyTraverseLayoutEffects @ webpack-internal:///…evelopment.js:22926
commitLayoutEffectOnFiber @ webpack-internal:///…evelopment.js:21577
recursivelyTraverseLayoutEffects @ webpack-internal:///…evelopment.js:22926
commitLayoutEffectOnFiber @ webpack-internal:///…evelopment.js:21577
recursivelyTraverseLayoutEffects @ webpack-internal:///…evelopment.js:22926
commitLayoutEffectOnFiber @ webpack-internal:///…evelopment.js:21577
recursivelyTraverseLayoutEffects @ webpack-internal:///…evelopment.js:22926
commitLayoutEffectOnFiber @ webpack-internal:///…evelopment.js:21577
recursivelyTraverseLayoutEffects @ webpack-internal:///…evelopment.js:22926
commitLayoutEffectOnFiber @ webpack-internal:///…evelopment.js:21407
recursivelyTraverseLayoutEffects @ webpack-internal:///…evelopment.js:22926
commitLayoutEffectOnFiber @ webpack-internal:///…evelopment.js:21418
recursivelyTraverseLayoutEffects @ webpack-internal:///…evelopment.js:22926
commitLayoutEffectOnFiber @ webpack-internal:///…evelopment.js:21407
recursivelyTraverseLayoutEffects @ webpack-internal:///…evelopment.js:22926
commitLayoutEffectOnFiber @ webpack-internal:///…evelopment.js:21407
recursivelyTraverseLayoutEffects @ webpack-internal:///…evelopment.js:22926
commitLayoutEffectOnFiber @ webpack-internal:///…evelopment.js:21407
recursivelyTraverseLayoutEffects @ webpack-internal:///…evelopment.js:22926
commitLayoutEffectOnFiber @ webpack-internal:///…evelopment.js:21407
recursivelyTraverseLayoutEffects @ webpack-internal:///…evelopment.js:22926
commitLayoutEffectOnFiber @ webpack-internal:///…evelopment.js:21577
recursivelyTraverseLayoutEffects @ webpack-internal:///…evelopment.js:22926
commitLayoutEffectOnFiber @ webpack-internal:///…evelopment.js:21577
recursivelyTraverseLayoutEffects @ webpack-internal:///…evelopment.js:22926
commitLayoutEffectOnFiber @ webpack-internal:///…evelopment.js:21577
recursivelyTraverseLayoutEffects @ webpack-internal:///…evelopment.js:22926
commitLayoutEffectOnFiber @ webpack-internal:///…evelopment.js:21437
commitLayoutEffects @ webpack-internal:///…evelopment.js:22912
commitRootImpl @ webpack-internal:///…evelopment.js:26226
commitRoot @ webpack-internal:///…evelopment.js:26077
commitRootWhenReady @ webpack-internal:///…evelopment.js:24749
finishConcurrentRender @ webpack-internal:///…evelopment.js:24714
performConcurrentWorkOnRoot @ webpack-internal:///…evelopment.js:24559
workLoop @ webpack-internal:///….development.js:256
flushWork @ webpack-internal:///….development.js:225
performWorkUntilDeadline @ webpack-internal:///….development.js:534
10:20:33.876  [CallModal] 🔄 Waiting for stream to become active for cmeifml0h001okung0i95m8s6
10:20:33.931  ChatSidebar: Conversations updated, count: 4
10:20:33.932  ChatSidebar: Latest conversation: cmfbwdnf60000kuzg41ovkra2 last message: cmfbx8gcx0007kutn3b3m0jwd
10:20:33.933  [VoiceActivity] Effect triggered: {hasStream: true, streamId: '22684b8b-e675-484e-8ba1-c9d3f02f2c18', audioTracks: 1, threshold: -40}
10:20:33.933  [VoiceActivity] Initializing for stream: 22684b8b-e675-484e-8ba1-c9d3f02f2c18 with 1 audio tracks
10:20:33.935  [CallModal] Initialized active participants (excluding self): ['cmeifml0h001okung0i95m8s6']
10:20:33.936  [CallModal] Skipping connection verification - no WebRTC or participants
10:20:33.936  [VoiceActivity] Effect triggered: {hasStream: true, streamId: '22684b8b-e675-484e-8ba1-c9d3f02f2c18', audioTracks: 1, threshold: -40}
10:20:33.936  [VoiceActivity] Initializing for stream: 22684b8b-e675-484e-8ba1-c9d3f02f2c18 with 1 audio tracks
10:20:33.938  [CallModal] Audio loadeddata event for cmeifml0h001okung0i95m8s6
10:20:33.938  [CallModal] 🔄 Stream not ready, waiting...
10:20:33.938  [CallModal] ❌ Initial audio play failed for cmeifml0h001okung0i95m8s6: 
attemptPlay @ webpack-internal:///…/CallModal.tsx:3122
element.addEventListener.once @ webpack-internal:///…/CallModal.tsx:3160
10:20:33.938  [CallModal] 🔄 Waiting for stream to become active for cmeifml0h001okung0i95m8s6
10:20:33.939  [CallModal] Audio can play for cmeifml0h001okung0i95m8s6
10:20:33.939  [CallModal] Audio canplay event for cmeifml0h001okung0i95m8s6
10:20:33.939  [CallModal] 🔄 Stream not ready, waiting...
10:20:33.939  [CallModal] ❌ Initial audio play failed for cmeifml0h001okung0i95m8s6: 
attemptPlay @ webpack-internal:///…/CallModal.tsx:3122
element.addEventListener.once @ webpack-internal:///…/CallModal.tsx:3166
10:20:33.939  [CallModal] 🔄 Waiting for stream to become active for cmeifml0h001okung0i95m8s6
10:20:33.940  [CallModal] Audio is playing for cmeifml0h001okung0i95m8s6
10:20:33.940  [CallModal] Rendered - voice call opened
10:20:33.941  [CallModal] Rendered - voice call opened
10:20:33.941  [VoiceParticipant] Tester voice activity debug: {participantId: 'cmeifml0h001okung0i95m8s6', hasOriginalStream: true, hasLatestStream: true, streamActive: false, audioTracksCount: 1, …}
10:20:33.941  [VoiceParticipant] Tester voice activity debug: {participantId: 'cmeifml0h001okung0i95m8s6', hasOriginalStream: true, hasLatestStream: true, streamActive: false, audioTracksCount: 1, …}
10:20:33.942  [CallModal] 🔊 Setting up audio element for participant cmeifml0h001okung0i95m8s6
10:20:33.943  [CallModal] Stream details: {id: '22684b8b-e675-484e-8ba1-c9d3f02f2c18', active: false, audioTracks: Array(1)}
10:20:33.943  [CallModal] Previous audio element for cmeifml0h001okung0i95m8s6: false
10:20:33.945  [CallModal] Cleared previous srcObject for cmeifml0h001okung0i95m8s6
10:20:33.945  [CallModal] 🔄 Stream not ready, waiting...
10:20:33.946  [CallModal] ❌ Initial audio play failed for cmeifml0h001okung0i95m8s6: 
attemptPlay @ webpack-internal:///…/CallModal.tsx:3122
ref @ webpack-internal:///…/CallModal.tsx:3156
commitAttachRef @ webpack-internal:///…evelopment.js:21677
safelyAttachRef @ webpack-internal:///…evelopment.js:20803
commitLayoutEffectOnFiber @ webpack-internal:///…evelopment.js:21498
recursivelyTraverseLayoutEffects @ webpack-internal:///…evelopment.js:22926
commitLayoutEffectOnFiber @ webpack-internal:///…evelopment.js:21577
recursivelyTraverseLayoutEffects @ webpack-internal:///…evelopment.js:22926
commitLayoutEffectOnFiber @ webpack-internal:///…evelopment.js:21488
recursivelyTraverseLayoutEffects @ webpack-internal:///…evelopment.js:22926
commitLayoutEffectOnFiber @ webpack-internal:///…evelopment.js:21488
recursivelyTraverseLayoutEffects @ webpack-internal:///…evelopment.js:22926
commitLayoutEffectOnFiber @ webpack-internal:///…evelopment.js:21488
recursivelyTraverseLayoutEffects @ webpack-internal:///…evelopment.js:22926
commitLayoutEffectOnFiber @ webpack-internal:///…evelopment.js:21488
recursivelyTraverseLayoutEffects @ webpack-internal:///…evelopment.js:22926
commitLayoutEffectOnFiber @ webpack-internal:///…evelopment.js:21407
recursivelyTraverseLayoutEffects @ webpack-internal:///…evelopment.js:22926
commitLayoutEffectOnFiber @ webpack-internal:///…evelopment.js:21407
recursivelyTraverseLayoutEffects @ webpack-internal:///…evelopment.js:22926
commitLayoutEffectOnFiber @ webpack-internal:///…evelopment.js:21577
recursivelyTraverseLayoutEffects @ webpack-internal:///…evelopment.js:22926
commitLayoutEffectOnFiber @ webpack-internal:///…evelopment.js:21407
recursivelyTraverseLayoutEffects @ webpack-internal:///…evelopment.js:22926
commitLayoutEffectOnFiber @ webpack-internal:///…evelopment.js:21577
recursivelyTraverseLayoutEffects @ webpack-internal:///…evelopment.js:22926
commitLayoutEffectOnFiber @ webpack-internal:///…evelopment.js:21407
recursivelyTraverseLayoutEffects @ webpack-internal:///…evelopment.js:22926
commitLayoutEffectOnFiber @ webpack-internal:///…evelopment.js:21577
recursivelyTraverseLayoutEffects @ webpack-internal:///…evelopment.js:22926
commitLayoutEffectOnFiber @ webpack-internal:///…evelopment.js:21407
recursivelyTraverseLayoutEffects @ webpack-internal:///…evelopment.js:22926
commitLayoutEffectOnFiber @ webpack-internal:///…evelopment.js:21577
recursivelyTraverseLayoutEffects @ webpack-internal:///…evelopment.js:22926
commitLayoutEffectOnFiber @ webpack-internal:///…evelopment.js:21407
recursivelyTraverseLayoutEffects @ webpack-internal:///…evelopment.js:22926
commitLayoutEffectOnFiber @ webpack-internal:///…evelopment.js:21407
recursivelyTraverseLayoutEffects @ webpack-internal:///…evelopment.js:22926
commitLayoutEffectOnFiber @ webpack-internal:///…evelopment.js:21488
recursivelyTraverseLayoutEffects @ webpack-internal:///…evelopment.js:22926
commitLayoutEffectOnFiber @ webpack-internal:///…evelopment.js:21488
recursivelyTraverseLayoutEffects @ webpack-internal:///…evelopment.js:22926
commitLayoutEffectOnFiber @ webpack-internal:///…evelopment.js:21577
recursivelyTraverseLayoutEffects @ webpack-internal:///…evelopment.js:22926
commitLayoutEffectOnFiber @ webpack-internal:///…evelopment.js:21577
recursivelyTraverseLayoutEffects @ webpack-internal:///…evelopment.js:22926
commitLayoutEffectOnFiber @ webpack-internal:///…evelopment.js:21418
recursivelyTraverseLayoutEffects @ webpack-internal:///…evelopment.js:22926
commitLayoutEffectOnFiber @ webpack-internal:///…evelopment.js:21407
recursivelyTraverseLayoutEffects @ webpack-internal:///…evelopment.js:22926
commitLayoutEffectOnFiber @ webpack-internal:///…evelopment.js:21577
recursivelyTraverseLayoutEffects @ webpack-internal:///…evelopment.js:22926
commitLayoutEffectOnFiber @ webpack-internal:///…evelopment.js:21418
recursivelyTraverseLayoutEffects @ webpack-internal:///…evelopment.js:22926
commitLayoutEffectOnFiber @ webpack-internal:///…evelopment.js:21407
recursivelyTraverseLayoutEffects @ webpack-internal:///…evelopment.js:22926
commitLayoutEffectOnFiber @ webpack-internal:///…evelopment.js:21407
recursivelyTraverseLayoutEffects @ webpack-internal:///…evelopment.js:22926
commitLayoutEffectOnFiber @ webpack-internal:///…evelopment.js:21418
recursivelyTraverseLayoutEffects @ webpack-internal:///…evelopment.js:22926
commitLayoutEffectOnFiber @ webpack-internal:///…evelopment.js:21407
recursivelyTraverseLayoutEffects @ webpack-internal:///…evelopment.js:22926
commitLayoutEffectOnFiber @ webpack-internal:///…evelopment.js:21577
recursivelyTraverseLayoutEffects @ webpack-internal:///…evelopment.js:22926
commitLayoutEffectOnFiber @ webpack-internal:///…evelopment.js:21577
recursivelyTraverseLayoutEffects @ webpack-internal:///…evelopment.js:22926
commitLayoutEffectOnFiber @ webpack-internal:///…evelopment.js:21577
recursivelyTraverseLayoutEffects @ webpack-internal:///…evelopment.js:22926
commitLayoutEffectOnFiber @ webpack-internal:///…evelopment.js:21577
recursivelyTraverseLayoutEffects @ webpack-internal:///…evelopment.js:22926
commitLayoutEffectOnFiber @ webpack-internal:///…evelopment.js:21577
recursivelyTraverseLayoutEffects @ webpack-internal:///…evelopment.js:22926
commitLayoutEffectOnFiber @ webpack-internal:///…evelopment.js:21577
recursivelyTraverseLayoutEffects @ webpack-internal:///…evelopment.js:22926
commitLayoutEffectOnFiber @ webpack-internal:///…evelopment.js:21407
recursivelyTraverseLayoutEffects @ webpack-internal:///…evelopment.js:22926
commitLayoutEffectOnFiber @ webpack-internal:///…evelopment.js:21418
recursivelyTraverseLayoutEffects @ webpack-internal:///…evelopment.js:22926
commitLayoutEffectOnFiber @ webpack-internal:///…evelopment.js:21407
recursivelyTraverseLayoutEffects @ webpack-internal:///…evelopment.js:22926
commitLayoutEffectOnFiber @ webpack-internal:///…evelopment.js:21407
recursivelyTraverseLayoutEffects @ webpack-internal:///…evelopment.js:22926
commitLayoutEffectOnFiber @ webpack-internal:///…evelopment.js:21407
recursivelyTraverseLayoutEffects @ webpack-internal:///…evelopment.js:22926
commitLayoutEffectOnFiber @ webpack-internal:///…evelopment.js:21407
recursivelyTraverseLayoutEffects @ webpack-internal:///…evelopment.js:22926
commitLayoutEffectOnFiber @ webpack-internal:///…evelopment.js:21577
recursivelyTraverseLayoutEffects @ webpack-internal:///…evelopment.js:22926
commitLayoutEffectOnFiber @ webpack-internal:///…evelopment.js:21577
recursivelyTraverseLayoutEffects @ webpack-internal:///…evelopment.js:22926
commitLayoutEffectOnFiber @ webpack-internal:///…evelopment.js:21577
recursivelyTraverseLayoutEffects @ webpack-internal:///…evelopment.js:22926
commitLayoutEffectOnFiber @ webpack-internal:///…evelopment.js:21437
commitLayoutEffects @ webpack-internal:///…evelopment.js:22912
commitRootImpl @ webpack-internal:///…evelopment.js:26226
commitRoot @ webpack-internal:///…evelopment.js:26077
commitRootWhenReady @ webpack-internal:///…evelopment.js:24749
finishConcurrentRender @ webpack-internal:///…evelopment.js:24714
performConcurrentWorkOnRoot @ webpack-internal:///…evelopment.js:24559
workLoop @ webpack-internal:///….development.js:256
flushWork @ webpack-internal:///….development.js:225
performWorkUntilDeadline @ webpack-internal:///….development.js:534
10:20:33.946  [CallModal] 🔄 Waiting for stream to become active for cmeifml0h001okung0i95m8s6
10:20:33.947  [WebRTC] Excellent network detected - restoring quality
10:20:33.948  [WebRTC] Improved audio quality for: cmeifml0h001okung0i95m8s6
10:20:34.182  [VoiceActivity] Effect triggered: {hasStream: true, streamId: '22684b8b-e675-484e-8ba1-c9d3f02f2c18', audioTracks: 1, threshold: -40}
10:20:34.182  [VoiceActivity] Initializing for stream: 22684b8b-e675-484e-8ba1-c9d3f02f2c18 with 1 audio tracks
10:20:34.184  [CallModal] 🆘 EMERGENCY WebRTC RECOVERY - Call is connected but WebRTC needs help!
10:20:34.184  [CallModal] 🔧 Emergency details: {needsInit: false, needsConnectionRecovery: true, callState: 'connected', isIncoming: true, participants: Array(1), …}
10:20:34.185  [VoiceActivity] Effect triggered: {hasStream: true, streamId: '22684b8b-e675-484e-8ba1-c9d3f02f2c18', audioTracks: 1, threshold: -40}
10:20:34.185  [VoiceActivity] Initializing for stream: 22684b8b-e675-484e-8ba1-c9d3f02f2c18 with 1 audio tracks
10:20:34.186  [CallModal] Rendered - voice call opened
10:20:34.186  [CallModal] Rendered - voice call opened
10:20:34.190  [CallModal] Audio loadeddata event for cmeifml0h001okung0i95m8s6
10:20:34.190  [CallModal] 🔄 Stream not ready, waiting...
10:20:34.191  [CallModal] ❌ Initial audio play failed for cmeifml0h001okung0i95m8s6: 
attemptPlay @ webpack-internal:///…/CallModal.tsx:3122
element.addEventListener.once @ webpack-internal:///…/CallModal.tsx:3160
10:20:34.191  [CallModal] 🔄 Waiting for stream to become active for cmeifml0h001okung0i95m8s6
10:20:34.191  [CallModal] Audio can play for cmeifml0h001okung0i95m8s6
10:20:34.191  [CallModal] Audio canplay event for cmeifml0h001okung0i95m8s6
10:20:34.191  [CallModal] 🔄 Stream not ready, waiting...
10:20:34.191  [CallModal] ❌ Initial audio play failed for cmeifml0h001okung0i95m8s6: 
attemptPlay @ webpack-internal:///…/CallModal.tsx:3122
element.addEventListener.once @ webpack-internal:///…/CallModal.tsx:3166
10:20:34.191  [CallModal] 🔄 Waiting for stream to become active for cmeifml0h001okung0i95m8s6
10:20:34.192  [CallModal] Audio is playing for cmeifml0h001okung0i95m8s6
10:20:34.440  [VoiceActivity] Volume analysis: {average: '0.0', volume: '-100.0', threshold: -40, speaking: false, streamActive: false, …}
10:20:34.556  [CallModal] Rendered - voice call opened
10:20:34.556  [CallModal] Rendered - voice call opened
10:20:34.557  [VoiceParticipant] Tester voice activity debug: {participantId: 'cmeifml0h001okung0i95m8s6', hasOriginalStream: true, hasLatestStream: true, streamActive: false, audioTracksCount: 1, …}
10:20:34.557  [VoiceParticipant] Tester voice activity debug: {participantId: 'cmeifml0h001okung0i95m8s6', hasOriginalStream: true, hasLatestStream: true, streamActive: false, audioTracksCount: 1, …}
10:20:34.558  [CallModal] 🔊 Setting up audio element for participant cmeifml0h001okung0i95m8s6
10:20:34.558  [CallModal] Stream details: {id: '22684b8b-e675-484e-8ba1-c9d3f02f2c18', active: false, audioTracks: Array(1)}
10:20:34.558  [CallModal] Previous audio element for cmeifml0h001okung0i95m8s6: false
10:20:34.561  [CallModal] Cleared previous srcObject for cmeifml0h001okung0i95m8s6
10:20:34.561  [CallModal] 🔄 Stream not ready, waiting...
10:20:34.562  [CallModal] ❌ Initial audio play failed for cmeifml0h001okung0i95m8s6: 
attemptPlay @ webpack-internal:///…/CallModal.tsx:3122
ref @ webpack-internal:///…/CallModal.tsx:3156
commitAttachRef @ webpack-internal:///…evelopment.js:21677
safelyAttachRef @ webpack-internal:///…evelopment.js:20803
commitLayoutEffectOnFiber @ webpack-internal:///…evelopment.js:21498
recursivelyTraverseLayoutEffects @ webpack-internal:///…evelopment.js:22926
commitLayoutEffectOnFiber @ webpack-internal:///…evelopment.js:21577
recursivelyTraverseLayoutEffects @ webpack-internal:///…evelopment.js:22926
commitLayoutEffectOnFiber @ webpack-internal:///…evelopment.js:21488
recursivelyTraverseLayoutEffects @ webpack-internal:///…evelopment.js:22926
commitLayoutEffectOnFiber @ webpack-internal:///…evelopment.js:21488
recursivelyTraverseLayoutEffects @ webpack-internal:///…evelopment.js:22926
commitLayoutEffectOnFiber @ webpack-internal:///…evelopment.js:21488
recursivelyTraverseLayoutEffects @ webpack-internal:///…evelopment.js:22926
commitLayoutEffectOnFiber @ webpack-internal:///…evelopment.js:21488
recursivelyTraverseLayoutEffects @ webpack-internal:///…evelopment.js:22926
commitLayoutEffectOnFiber @ webpack-internal:///…evelopment.js:21407
recursivelyTraverseLayoutEffects @ webpack-internal:///…evelopment.js:22926
commitLayoutEffectOnFiber @ webpack-internal:///…evelopment.js:21407
recursivelyTraverseLayoutEffects @ webpack-internal:///…evelopment.js:22926
commitLayoutEffectOnFiber @ webpack-internal:///…evelopment.js:21577
recursivelyTraverseLayoutEffects @ webpack-internal:///…evelopment.js:22926
commitLayoutEffectOnFiber @ webpack-internal:///…evelopment.js:21407
recursivelyTraverseLayoutEffects @ webpack-internal:///…evelopment.js:22926
commitLayoutEffectOnFiber @ webpack-internal:///…evelopment.js:21577
recursivelyTraverseLayoutEffects @ webpack-internal:///…evelopment.js:22926
commitLayoutEffectOnFiber @ webpack-internal:///…evelopment.js:21407
recursivelyTraverseLayoutEffects @ webpack-internal:///…evelopment.js:22926
commitLayoutEffectOnFiber @ webpack-internal:///…evelopment.js:21577
recursivelyTraverseLayoutEffects @ webpack-internal:///…evelopment.js:22926
commitLayoutEffectOnFiber @ webpack-internal:///…evelopment.js:21407
recursivelyTraverseLayoutEffects @ webpack-internal:///…evelopment.js:22926
commitLayoutEffectOnFiber @ webpack-internal:///…evelopment.js:21577
recursivelyTraverseLayoutEffects @ webpack-internal:///…evelopment.js:22926
commitLayoutEffectOnFiber @ webpack-internal:///…evelopment.js:21407
recursivelyTraverseLayoutEffects @ webpack-internal:///…evelopment.js:22926
commitLayoutEffectOnFiber @ webpack-internal:///…evelopment.js:21407
recursivelyTraverseLayoutEffects @ webpack-internal:///…evelopment.js:22926
commitLayoutEffectOnFiber @ webpack-internal:///…evelopment.js:21488
recursivelyTraverseLayoutEffects @ webpack-internal:///…evelopment.js:22926
commitLayoutEffectOnFiber @ webpack-internal:///…evelopment.js:21488
recursivelyTraverseLayoutEffects @ webpack-internal:///…evelopment.js:22926
commitLayoutEffectOnFiber @ webpack-internal:///…evelopment.js:21577
recursivelyTraverseLayoutEffects @ webpack-internal:///…evelopment.js:22926
commitLayoutEffectOnFiber @ webpack-internal:///…evelopment.js:21577
recursivelyTraverseLayoutEffects @ webpack-internal:///…evelopment.js:22926
commitLayoutEffectOnFiber @ webpack-internal:///…evelopment.js:21418
recursivelyTraverseLayoutEffects @ webpack-internal:///…evelopment.js:22926
commitLayoutEffectOnFiber @ webpack-internal:///…evelopment.js:21407
recursivelyTraverseLayoutEffects @ webpack-internal:///…evelopment.js:22926
commitLayoutEffectOnFiber @ webpack-internal:///…evelopment.js:21577
recursivelyTraverseLayoutEffects @ webpack-internal:///…evelopment.js:22926
commitLayoutEffectOnFiber @ webpack-internal:///…evelopment.js:21418
recursivelyTraverseLayoutEffects @ webpack-internal:///…evelopment.js:22926
commitLayoutEffectOnFiber @ webpack-internal:///…evelopment.js:21407
recursivelyTraverseLayoutEffects @ webpack-internal:///…evelopment.js:22926
commitLayoutEffectOnFiber @ webpack-internal:///…evelopment.js:21407
recursivelyTraverseLayoutEffects @ webpack-internal:///…evelopment.js:22926
commitLayoutEffectOnFiber @ webpack-internal:///…evelopment.js:21418
recursivelyTraverseLayoutEffects @ webpack-internal:///…evelopment.js:22926
commitLayoutEffectOnFiber @ webpack-internal:///…evelopment.js:21407
recursivelyTraverseLayoutEffects @ webpack-internal:///…evelopment.js:22926
commitLayoutEffectOnFiber @ webpack-internal:///…evelopment.js:21577
recursivelyTraverseLayoutEffects @ webpack-internal:///…evelopment.js:22926
commitLayoutEffectOnFiber @ webpack-internal:///…evelopment.js:21577
recursivelyTraverseLayoutEffects @ webpack-internal:///…evelopment.js:22926
commitLayoutEffectOnFiber @ webpack-internal:///…evelopment.js:21577
recursivelyTraverseLayoutEffects @ webpack-internal:///…evelopment.js:22926
commitLayoutEffectOnFiber @ webpack-internal:///…evelopment.js:21577
recursivelyTraverseLayoutEffects @ webpack-internal:///…evelopment.js:22926
commitLayoutEffectOnFiber @ webpack-internal:///…evelopment.js:21577
recursivelyTraverseLayoutEffects @ webpack-internal:///…evelopment.js:22926
commitLayoutEffectOnFiber @ webpack-internal:///…evelopment.js:21577
recursivelyTraverseLayoutEffects @ webpack-internal:///…evelopment.js:22926
commitLayoutEffectOnFiber @ webpack-internal:///…evelopment.js:21407
recursivelyTraverseLayoutEffects @ webpack-internal:///…evelopment.js:22926
commitLayoutEffectOnFiber @ webpack-internal:///…evelopment.js:21418
recursivelyTraverseLayoutEffects @ webpack-internal:///…evelopment.js:22926
commitLayoutEffectOnFiber @ webpack-internal:///…evelopment.js:21407
recursivelyTraverseLayoutEffects @ webpack-internal:///…evelopment.js:22926
commitLayoutEffectOnFiber @ webpack-internal:///…evelopment.js:21407
recursivelyTraverseLayoutEffects @ webpack-internal:///…evelopment.js:22926
commitLayoutEffectOnFiber @ webpack-internal:///…evelopment.js:21407
recursivelyTraverseLayoutEffects @ webpack-internal:///…evelopment.js:22926
commitLayoutEffectOnFiber @ webpack-internal:///…evelopment.js:21407
recursivelyTraverseLayoutEffects @ webpack-internal:///…evelopment.js:22926
commitLayoutEffectOnFiber @ webpack-internal:///…evelopment.js:21577
recursivelyTraverseLayoutEffects @ webpack-internal:///…evelopment.js:22926
commitLayoutEffectOnFiber @ webpack-internal:///…evelopment.js:21577
recursivelyTraverseLayoutEffects @ webpack-internal:///…evelopment.js:22926
commitLayoutEffectOnFiber @ webpack-internal:///…evelopment.js:21577
recursivelyTraverseLayoutEffects @ webpack-internal:///…evelopment.js:22926
commitLayoutEffectOnFiber @ webpack-internal:///…evelopment.js:21437
commitLayoutEffects @ webpack-internal:///…evelopment.js:22912
commitRootImpl @ webpack-internal:///…evelopment.js:26226
commitRoot @ webpack-internal:///…evelopment.js:26077
commitRootWhenReady @ webpack-internal:///…evelopment.js:24749
finishConcurrentRender @ webpack-internal:///…evelopment.js:24714
performConcurrentWorkOnRoot @ webpack-internal:///…evelopment.js:24559
workLoop @ webpack-internal:///….development.js:256
flushWork @ webpack-internal:///….development.js:225
performWorkUntilDeadline @ webpack-internal:///….development.js:534
10:20:34.562  [CallModal] 🔄 Waiting for stream to become active for cmeifml0h001okung0i95m8s6
10:20:34.726  [VoiceActivity] Volume analysis: {average: '13.9', volume: '-25.3', threshold: -50, speaking: true, streamActive: true, …}
10:20:34.729  [VoiceActivity] Effect triggered: {hasStream: true, streamId: '22684b8b-e675-484e-8ba1-c9d3f02f2c18', audioTracks: 1, threshold: -40}
10:20:34.730  [VoiceActivity] Initializing for stream: 22684b8b-e675-484e-8ba1-c9d3f02f2c18 with 1 audio tracks
10:20:34.731  [VoiceActivity] Effect triggered: {hasStream: true, streamId: '22684b8b-e675-484e-8ba1-c9d3f02f2c18', audioTracks: 1, threshold: -40}
10:20:34.731  [VoiceActivity] Initializing for stream: 22684b8b-e675-484e-8ba1-c9d3f02f2c18 with 1 audio tracks
10:20:34.731  [CallModal] Rendered - voice call opened
10:20:34.732  [CallModal] Rendered - voice call opened
10:20:34.732  [CallModal] Audio loadeddata event for cmeifml0h001okung0i95m8s6
10:20:34.732  [CallModal] 🔄 Stream not ready, waiting...
10:20:34.732  [CallModal] ❌ Initial audio play failed for cmeifml0h001okung0i95m8s6: 
attemptPlay @ webpack-internal:///…/CallModal.tsx:3122
element.addEventListener.once @ webpack-internal:///…/CallModal.tsx:3160
10:20:34.732  [CallModal] 🔄 Waiting for stream to become active for cmeifml0h001okung0i95m8s6
10:20:34.733  [CallModal] Audio can play for cmeifml0h001okung0i95m8s6
10:20:34.733  [CallModal] Audio canplay event for cmeifml0h001okung0i95m8s6
10:20:34.733  [CallModal] 🔄 Stream not ready, waiting...
10:20:34.733  [CallModal] ❌ Initial audio play failed for cmeifml0h001okung0i95m8s6: 
attemptPlay @ webpack-internal:///…/CallModal.tsx:3122
element.addEventListener.once @ webpack-internal:///…/CallModal.tsx:3166
10:20:34.733  [CallModal] 🔄 Waiting for stream to become active for cmeifml0h001okung0i95m8s6
10:20:34.733  [CallModal] Audio is playing for cmeifml0h001okung0i95m8s6
10:20:34.733  [CallModal] Updated peer connections for performance monitoring: 2
10:20:34.733  [CallModal] Peer connection participants: (2) ['cmeifn5qp002dkunge64m0xss', 'cmeifml0h001okung0i95m8s6']
10:20:34.736  [CallModal] Rendered - voice call opened
10:20:34.736  [CallModal] Rendered - voice call opened
10:20:34.737  [VoiceParticipant] Tester voice activity debug: {participantId: 'cmeifml0h001okung0i95m8s6', hasOriginalStream: true, hasLatestStream: true, streamActive: false, audioTracksCount: 1, …}
10:20:34.737  [VoiceParticipant] Tester voice activity debug: {participantId: 'cmeifml0h001okung0i95m8s6', hasOriginalStream: true, hasLatestStream: true, streamActive: false, audioTracksCount: 1, …}
10:20:34.739  [CallModal] 🔊 Setting up audio element for participant cmeifml0h001okung0i95m8s6
10:20:34.739  [CallModal] Stream details: {id: '22684b8b-e675-484e-8ba1-c9d3f02f2c18', active: false, audioTracks: Array(1)}
10:20:34.739  [CallModal] Previous audio element for cmeifml0h001okung0i95m8s6: false
10:20:34.741  [CallModal] Cleared previous srcObject for cmeifml0h001okung0i95m8s6
10:20:34.742  [CallModal] 🔄 Stream not ready, waiting...
10:20:34.742  [CallModal] ❌ Initial audio play failed for cmeifml0h001okung0i95m8s6: 
attemptPlay @ webpack-internal:///…/CallModal.tsx:3122
ref @ webpack-internal:///…/CallModal.tsx:3156
commitAttachRef @ webpack-internal:///…evelopment.js:21677
safelyAttachRef @ webpack-internal:///…evelopment.js:20803
commitLayoutEffectOnFiber @ webpack-internal:///…evelopment.js:21498
recursivelyTraverseLayoutEffects @ webpack-internal:///…evelopment.js:22926
commitLayoutEffectOnFiber @ webpack-internal:///…evelopment.js:21577
recursivelyTraverseLayoutEffects @ webpack-internal:///…evelopment.js:22926
commitLayoutEffectOnFiber @ webpack-internal:///…evelopment.js:21488
recursivelyTraverseLayoutEffects @ webpack-internal:///…evelopment.js:22926
commitLayoutEffectOnFiber @ webpack-internal:///…evelopment.js:21488
recursivelyTraverseLayoutEffects @ webpack-internal:///…evelopment.js:22926
commitLayoutEffectOnFiber @ webpack-internal:///…evelopment.js:21488
recursivelyTraverseLayoutEffects @ webpack-internal:///…evelopment.js:22926
commitLayoutEffectOnFiber @ webpack-internal:///…evelopment.js:21488
recursivelyTraverseLayoutEffects @ webpack-internal:///…evelopment.js:22926
commitLayoutEffectOnFiber @ webpack-internal:///…evelopment.js:21407
recursivelyTraverseLayoutEffects @ webpack-internal:///…evelopment.js:22926
commitLayoutEffectOnFiber @ webpack-internal:///…evelopment.js:21407
recursivelyTraverseLayoutEffects @ webpack-internal:///…evelopment.js:22926
commitLayoutEffectOnFiber @ webpack-internal:///…evelopment.js:21577
recursivelyTraverseLayoutEffects @ webpack-internal:///…evelopment.js:22926
commitLayoutEffectOnFiber @ webpack-internal:///…evelopment.js:21407
recursivelyTraverseLayoutEffects @ webpack-internal:///…evelopment.js:22926
commitLayoutEffectOnFiber @ webpack-internal:///…evelopment.js:21577
recursivelyTraverseLayoutEffects @ webpack-internal:///…evelopment.js:22926
commitLayoutEffectOnFiber @ webpack-internal:///…evelopment.js:21407
recursivelyTraverseLayoutEffects @ webpack-internal:///…evelopment.js:22926
commitLayoutEffectOnFiber @ webpack-internal:///…evelopment.js:21577
recursivelyTraverseLayoutEffects @ webpack-internal:///…evelopment.js:22926
commitLayoutEffectOnFiber @ webpack-internal:///…evelopment.js:21407
recursivelyTraverseLayoutEffects @ webpack-internal:///…evelopment.js:22926
commitLayoutEffectOnFiber @ webpack-internal:///…evelopment.js:21577
recursivelyTraverseLayoutEffects @ webpack-internal:///…evelopment.js:22926
commitLayoutEffectOnFiber @ webpack-internal:///…evelopment.js:21407
recursivelyTraverseLayoutEffects @ webpack-internal:///…evelopment.js:22926
commitLayoutEffectOnFiber @ webpack-internal:///…evelopment.js:21407
recursivelyTraverseLayoutEffects @ webpack-internal:///…evelopment.js:22926
commitLayoutEffectOnFiber @ webpack-internal:///…evelopment.js:21488
recursivelyTraverseLayoutEffects @ webpack-internal:///…evelopment.js:22926
commitLayoutEffectOnFiber @ webpack-internal:///…evelopment.js:21488
recursivelyTraverseLayoutEffects @ webpack-internal:///…evelopment.js:22926
commitLayoutEffectOnFiber @ webpack-internal:///…evelopment.js:21577
recursivelyTraverseLayoutEffects @ webpack-internal:///…evelopment.js:22926
commitLayoutEffectOnFiber @ webpack-internal:///…evelopment.js:21577
recursivelyTraverseLayoutEffects @ webpack-internal:///…evelopment.js:22926
commitLayoutEffectOnFiber @ webpack-internal:///…evelopment.js:21418
recursivelyTraverseLayoutEffects @ webpack-internal:///…evelopment.js:22926
commitLayoutEffectOnFiber @ webpack-internal:///…evelopment.js:21407
recursivelyTraverseLayoutEffects @ webpack-internal:///…evelopment.js:22926
commitLayoutEffectOnFiber @ webpack-internal:///…evelopment.js:21577
recursivelyTraverseLayoutEffects @ webpack-internal:///…evelopment.js:22926
commitLayoutEffectOnFiber @ webpack-internal:///…evelopment.js:21418
recursivelyTraverseLayoutEffects @ webpack-internal:///…evelopment.js:22926
commitLayoutEffectOnFiber @ webpack-internal:///…evelopment.js:21407
recursivelyTraverseLayoutEffects @ webpack-internal:///…evelopment.js:22926
commitLayoutEffectOnFiber @ webpack-internal:///…evelopment.js:21407
recursivelyTraverseLayoutEffects @ webpack-internal:///…evelopment.js:22926
commitLayoutEffectOnFiber @ webpack-internal:///…evelopment.js:21418
recursivelyTraverseLayoutEffects @ webpack-internal:///…evelopment.js:22926
commitLayoutEffectOnFiber @ webpack-internal:///…evelopment.js:21407
recursivelyTraverseLayoutEffects @ webpack-internal:///…evelopment.js:22926
commitLayoutEffectOnFiber @ webpack-internal:///…evelopment.js:21577
recursivelyTraverseLayoutEffects @ webpack-internal:///…evelopment.js:22926
commitLayoutEffectOnFiber @ webpack-internal:///…evelopment.js:21577
recursivelyTraverseLayoutEffects @ webpack-internal:///…evelopment.js:22926
commitLayoutEffectOnFiber @ webpack-internal:///…evelopment.js:21577
recursivelyTraverseLayoutEffects @ webpack-internal:///…evelopment.js:22926
commitLayoutEffectOnFiber @ webpack-internal:///…evelopment.js:21577
recursivelyTraverseLayoutEffects @ webpack-internal:///…evelopment.js:22926
commitLayoutEffectOnFiber @ webpack-internal:///…evelopment.js:21577
recursivelyTraverseLayoutEffects @ webpack-internal:///…evelopment.js:22926
commitLayoutEffectOnFiber @ webpack-internal:///…evelopment.js:21577
recursivelyTraverseLayoutEffects @ webpack-internal:///…evelopment.js:22926
commitLayoutEffectOnFiber @ webpack-internal:///…evelopment.js:21407
recursivelyTraverseLayoutEffects @ webpack-internal:///…evelopment.js:22926
commitLayoutEffectOnFiber @ webpack-internal:///…evelopment.js:21418
recursivelyTraverseLayoutEffects @ webpack-internal:///…evelopment.js:22926
commitLayoutEffectOnFiber @ webpack-internal:///…evelopment.js:21407
recursivelyTraverseLayoutEffects @ webpack-internal:///…evelopment.js:22926
commitLayoutEffectOnFiber @ webpack-internal:///…evelopment.js:21407
recursivelyTraverseLayoutEffects @ webpack-internal:///…evelopment.js:22926
commitLayoutEffectOnFiber @ webpack-internal:///…evelopment.js:21407
recursivelyTraverseLayoutEffects @ webpack-internal:///…evelopment.js:22926
commitLayoutEffectOnFiber @ webpack-internal:///…evelopment.js:21407
recursivelyTraverseLayoutEffects @ webpack-internal:///…evelopment.js:22926
commitLayoutEffectOnFiber @ webpack-internal:///…evelopment.js:21577
recursivelyTraverseLayoutEffects @ webpack-internal:///…evelopment.js:22926
commitLayoutEffectOnFiber @ webpack-internal:///…evelopment.js:21577
recursivelyTraverseLayoutEffects @ webpack-internal:///…evelopment.js:22926
commitLayoutEffectOnFiber @ webpack-internal:///…evelopment.js:21577
recursivelyTraverseLayoutEffects @ webpack-internal:///…evelopment.js:22926
commitLayoutEffectOnFiber @ webpack-internal:///…evelopment.js:21437
commitLayoutEffects @ webpack-internal:///…evelopment.js:22912
commitRootImpl @ webpack-internal:///…evelopment.js:26226
commitRoot @ webpack-internal:///…evelopment.js:26077
commitRootWhenReady @ webpack-internal:///…evelopment.js:24749
finishConcurrentRender @ webpack-internal:///…evelopment.js:24714
performConcurrentWorkOnRoot @ webpack-internal:///…evelopment.js:24559
workLoop @ webpack-internal:///….development.js:256
flushWork @ webpack-internal:///….development.js:225
performWorkUntilDeadline @ webpack-internal:///….development.js:534
10:20:34.743  [CallModal] 🔄 Waiting for stream to become active for cmeifml0h001okung0i95m8s6
10:20:34.908  [VoiceActivity] Effect triggered: {hasStream: true, streamId: '22684b8b-e675-484e-8ba1-c9d3f02f2c18', audioTracks: 1, threshold: -40}
10:20:34.909  [VoiceActivity] Initializing for stream: 22684b8b-e675-484e-8ba1-c9d3f02f2c18 with 1 audio tracks
10:20:34.910  [useCallPerformance] Connection states: (2) [{…}, {…}]
10:20:34.911  [useCallPerformance] Starting monitoring for 2 valid connections
10:20:34.912  [VoiceActivity] Effect triggered: {hasStream: true, streamId: '22684b8b-e675-484e-8ba1-c9d3f02f2c18', audioTracks: 1, threshold: -40}
10:20:34.912  [VoiceActivity] Initializing for stream: 22684b8b-e675-484e-8ba1-c9d3f02f2c18 with 1 audio tracks
10:20:34.913  [CallModal] 🔗 Emergency connecting to participants: ['cmeifml0h001okung0i95m8s6']
10:20:34.913  [WebRTC] Initiating connections with participants: ['cmeifml0h001okung0i95m8s6']
10:20:34.914  [WebRTC] 📞 Creating offer for participant: cmeifml0h001okung0i95m8s6
10:20:34.914  [WebRTC] Creating peer connection for: cmeifml0h001okung0i95m8s6
10:20:34.914  [WebRTC] ⚠️ Peer connection already exists for: cmeifml0h001okung0i95m8s6 {connectionState: 'new', iceConnectionState: 'new', signalingState: 'have-local-offer'}
10:20:34.914  [WebRTC] 🔄 Existing connection unhealthy, creating new one for: cmeifml0h001okung0i95m8s6
10:20:34.920  [WebRTC] ✅ Local stream validation passed: {streamActive: true, liveTracks: 1, trackDetails: Array(1)}
10:20:34.923  [WebRTC] 🚀 Applying low-latency optimizations for peer connection: cmeifml0h001okung0i95m8s6
10:20:34.923  [WebRTC] Adding local tracks to peer connection: [{…}]
10:20:34.924  [WebRTC] Adding live track to peer connection: audio Microphone Array (Realtek(R) Audio)
10:20:34.925  [WebRTC] ✅ Track added successfully: audio sender: true
10:20:34.925  [WebRTC] ✅ Added 1 tracks with low-latency transceivers for: cmeifml0h001okung0i95m8s6
10:20:34.925  [WebRTC] Local stream verification - tracks: 1
10:20:34.925  [WebRTC] 🔍 Peer connection senders before offer: 1
10:20:34.925  [WebRTC]   Sender 0: {hasTrack: true, trackKind: 'audio', trackEnabled: true, trackReadyState: 'live'}
10:20:34.925  [WebRTC] Creating offer with low-latency options...
10:20:34.936  [CallModal] Audio loadeddata event for cmeifml0h001okung0i95m8s6
10:20:34.936  [CallModal] 🔄 Stream not ready, waiting...
10:20:34.936  [CallModal] ❌ Initial audio play failed for cmeifml0h001okung0i95m8s6: 
attemptPlay @ webpack-internal:///…/CallModal.tsx:3122
element.addEventListener.once @ webpack-internal:///…/CallModal.tsx:3160
10:20:34.936  [CallModal] 🔄 Waiting for stream to become active for cmeifml0h001okung0i95m8s6
10:20:34.937  [CallModal] Audio can play for cmeifml0h001okung0i95m8s6
10:20:34.937  [CallModal] Audio canplay event for cmeifml0h001okung0i95m8s6
10:20:34.937  [CallModal] 🔄 Stream not ready, waiting...
10:20:34.937  [CallModal] ❌ Initial audio play failed for cmeifml0h001okung0i95m8s6: 
attemptPlay @ webpack-internal:///…/CallModal.tsx:3122
element.addEventListener.once @ webpack-internal:///…/CallModal.tsx:3166
10:20:34.937  [CallModal] 🔄 Waiting for stream to become active for cmeifml0h001okung0i95m8s6
10:20:34.938  [CallModal] Audio is playing for cmeifml0h001okung0i95m8s6
10:20:34.939  [useCallPerformance] No valid network data yet, assuming good quality
10:20:34.939  [useCallPerformance] Skipping stats for cmeifml0h001okung0i95m8s6 - connection state: closed
eval @ webpack-internal:///…lPerformance.ts:102
await in eval
eval @ webpack-internal:///…lPerformance.ts:178
eval @ webpack-internal:///…lPerformance.ts:209
commitHookEffectListMount @ webpack-internal:///…evelopment.js:21102
commitHookPassiveMountEffects @ webpack-internal:///…evelopment.js:23154
commitPassiveMountOnFiber @ webpack-internal:///…evelopment.js:23259
recursivelyTraversePassiveMountEffects @ webpack-internal:///…evelopment.js:23237
commitPassiveMountOnFiber @ webpack-internal:///…evelopment.js:23256
recursivelyTraversePassiveMountEffects @ webpack-internal:///…evelopment.js:23237
commitPassiveMountOnFiber @ webpack-internal:///…evelopment.js:23370
recursivelyTraversePassiveMountEffects @ webpack-internal:///…evelopment.js:23237
commitPassiveMountOnFiber @ webpack-internal:///…evelopment.js:23256
recursivelyTraversePassiveMountEffects @ webpack-internal:///…evelopment.js:23237
commitPassiveMountOnFiber @ webpack-internal:///…evelopment.js:23370
recursivelyTraversePassiveMountEffects @ webpack-internal:///…evelopment.js:23237
commitPassiveMountOnFiber @ webpack-internal:///…evelopment.js:23256
recursivelyTraversePassiveMountEffects @ webpack-internal:///…evelopment.js:23237
commitPassiveMountOnFiber @ webpack-internal:///…evelopment.js:23370
recursivelyTraversePassiveMountEffects @ webpack-internal:///…evelopment.js:23237
commitPassiveMountOnFiber @ webpack-internal:///…evelopment.js:23256
recursivelyTraversePassiveMountEffects @ webpack-internal:///…evelopment.js:23237
commitPassiveMountOnFiber @ webpack-internal:///…evelopment.js:23370
recursivelyTraversePassiveMountEffects @ webpack-internal:///…evelopment.js:23237
commitPassiveMountOnFiber @ webpack-internal:///…evelopment.js:23256
recursivelyTraversePassiveMountEffects @ webpack-internal:///…evelopment.js:23237
commitPassiveMountOnFiber @ webpack-internal:///…evelopment.js:23256
recursivelyTraversePassiveMountEffects @ webpack-internal:///…evelopment.js:23237
commitPassiveMountOnFiber @ webpack-internal:///…evelopment.js:23370
recursivelyTraversePassiveMountEffects @ webpack-internal:///…evelopment.js:23237
commitPassiveMountOnFiber @ webpack-internal:///…evelopment.js:23370
recursivelyTraversePassiveMountEffects @ webpack-internal:///…evelopment.js:23237
commitPassiveMountOnFiber @ webpack-internal:///…evelopment.js:23370
recursivelyTraversePassiveMountEffects @ webpack-internal:///…evelopment.js:23237
commitPassiveMountOnFiber @ webpack-internal:///…evelopment.js:23370
recursivelyTraversePassiveMountEffects @ webpack-internal:///…evelopment.js:23237
commitPassiveMountOnFiber @ webpack-internal:///…evelopment.js:23370
recursivelyTraversePassiveMountEffects @ webpack-internal:///…evelopment.js:23237
commitPassiveMountOnFiber @ webpack-internal:///…evelopment.js:23256
recursivelyTraversePassiveMountEffects @ webpack-internal:///…evelopment.js:23237
commitPassiveMountOnFiber @ webpack-internal:///…evelopment.js:23370
recursivelyTraversePassiveMountEffects @ webpack-internal:///…evelopment.js:23237
commitPassiveMountOnFiber @ webpack-internal:///…evelopment.js:23370
recursivelyTraversePassiveMountEffects @ webpack-internal:///…evelopment.js:23237
commitPassiveMountOnFiber @ webpack-internal:///…evelopment.js:23256
recursivelyTraversePassiveMountEffects @ webpack-internal:///…evelopment.js:23237
commitPassiveMountOnFiber @ webpack-internal:///…evelopment.js:23256
recursivelyTraversePassiveMountEffects @ webpack-internal:///…evelopment.js:23237
commitPassiveMountOnFiber @ webpack-internal:///…evelopment.js:23370
recursivelyTraversePassiveMountEffects @ webpack-internal:///…evelopment.js:23237
commitPassiveMountOnFiber @ webpack-internal:///…evelopment.js:23256
recursivelyTraversePassiveMountEffects @ webpack-internal:///…evelopment.js:23237
commitPassiveMountOnFiber @ webpack-internal:///…evelopment.js:23370
recursivelyTraversePassiveMountEffects @ webpack-internal:///…evelopment.js:23237
commitPassiveMountOnFiber @ webpack-internal:///…evelopment.js:23370
recursivelyTraversePassiveMountEffects @ webpack-internal:///…evelopment.js:23237
commitPassiveMountOnFiber @ webpack-internal:///…evelopment.js:23370
recursivelyTraversePassiveMountEffects @ webpack-internal:///…evelopment.js:23237
commitPassiveMountOnFiber @ webpack-internal:///…evelopment.js:23370
recursivelyTraversePassiveMountEffects @ webpack-internal:///…evelopment.js:23237
commitPassiveMountOnFiber @ webpack-internal:///…evelopment.js:23370
recursivelyTraversePassiveMountEffects @ webpack-internal:///…evelopment.js:23237
commitPassiveMountOnFiber @ webpack-internal:///…evelopment.js:23370
recursivelyTraversePassiveMountEffects @ webpack-internal:///…evelopment.js:23237
commitPassiveMountOnFiber @ webpack-internal:///…evelopment.js:23256
recursivelyTraversePassiveMountEffects @ webpack-internal:///…evelopment.js:23237
commitPassiveMountOnFiber @ webpack-internal:///…evelopment.js:23370
recursivelyTraversePassiveMountEffects @ webpack-internal:///…evelopment.js:23237
commitPassiveMountOnFiber @ webpack-internal:///…evelopment.js:23256
recursivelyTraversePassiveMountEffects @ webpack-internal:///…evelopment.js:23237
commitPassiveMountOnFiber @ webpack-internal:///…evelopment.js:23256
recursivelyTraversePassiveMountEffects @ webpack-internal:///…evelopment.js:23237
commitPassiveMountOnFiber @ webpack-internal:///…evelopment.js:23256
recursivelyTraversePassiveMountEffects @ webpack-internal:///…evelopment.js:23237
commitPassiveMountOnFiber @ webpack-internal:///…evelopment.js:23256
recursivelyTraversePassiveMountEffects @ webpack-internal:///…evelopment.js:23237
commitPassiveMountOnFiber @ webpack-internal:///…evelopment.js:23370
recursivelyTraversePassiveMountEffects @ webpack-internal:///…evelopment.js:23237
commitPassiveMountOnFiber @ webpack-internal:///…evelopment.js:23370
recursivelyTraversePassiveMountEffects @ webpack-internal:///…evelopment.js:23237
commitPassiveMountOnFiber @ webpack-internal:///…evelopment.js:23370
recursivelyTraversePassiveMountEffects @ webpack-internal:///…evelopment.js:23237
commitPassiveMountOnFiber @ webpack-internal:///…evelopment.js:23267
commitPassiveMountEffects @ webpack-internal:///…evelopment.js:23225
flushPassiveEffectsImpl @ webpack-internal:///…evelopment.js:26497
flushPassiveEffects @ webpack-internal:///…evelopment.js:26438
eval @ webpack-internal:///…evelopment.js:26172
workLoop @ webpack-internal:///….development.js:256
flushWork @ webpack-internal:///….development.js:225
performWorkUntilDeadline @ webpack-internal:///….development.js:534
10:20:34.940  [CallModal] Rendered - voice call opened
10:20:34.941  [CallModal] Rendered - voice call opened
10:20:34.941  [VoiceParticipant] Tester voice activity debug: {participantId: 'cmeifml0h001okung0i95m8s6', hasOriginalStream: true, hasLatestStream: true, streamActive: false, audioTracksCount: 1, …}
10:20:34.941  [VoiceParticipant] Tester voice activity debug: {participantId: 'cmeifml0h001okung0i95m8s6', hasOriginalStream: true, hasLatestStream: true, streamActive: false, audioTracksCount: 1, …}
10:20:34.942  [CallModal] 🔊 Setting up audio element for participant cmeifml0h001okung0i95m8s6
10:20:34.943  [CallModal] Stream details: {id: '22684b8b-e675-484e-8ba1-c9d3f02f2c18', active: false, audioTracks: Array(1)}
10:20:34.943  [CallModal] Previous audio element for cmeifml0h001okung0i95m8s6: false
10:20:34.946  [CallModal] Cleared previous srcObject for cmeifml0h001okung0i95m8s6
10:20:34.947  [CallModal] 🔄 Stream not ready, waiting...
10:20:34.948  [CallModal] ❌ Initial audio play failed for cmeifml0h001okung0i95m8s6: 
attemptPlay @ webpack-internal:///…/CallModal.tsx:3122
ref @ webpack-internal:///…/CallModal.tsx:3156
commitAttachRef @ webpack-internal:///…evelopment.js:21677
safelyAttachRef @ webpack-internal:///…evelopment.js:20803
commitLayoutEffectOnFiber @ webpack-internal:///…evelopment.js:21498
recursivelyTraverseLayoutEffects @ webpack-internal:///…evelopment.js:22926
commitLayoutEffectOnFiber @ webpack-internal:///…evelopment.js:21577
recursivelyTraverseLayoutEffects @ webpack-internal:///…evelopment.js:22926
commitLayoutEffectOnFiber @ webpack-internal:///…evelopment.js:21488
recursivelyTraverseLayoutEffects @ webpack-internal:///…evelopment.js:22926
commitLayoutEffectOnFiber @ webpack-internal:///…evelopment.js:21488
recursivelyTraverseLayoutEffects @ webpack-internal:///…evelopment.js:22926
commitLayoutEffectOnFiber @ webpack-internal:///…evelopment.js:21488
recursivelyTraverseLayoutEffects @ webpack-internal:///…evelopment.js:22926
commitLayoutEffectOnFiber @ webpack-internal:///…evelopment.js:21488
recursivelyTraverseLayoutEffects @ webpack-internal:///…evelopment.js:22926
commitLayoutEffectOnFiber @ webpack-internal:///…evelopment.js:21407
recursivelyTraverseLayoutEffects @ webpack-internal:///…evelopment.js:22926
commitLayoutEffectOnFiber @ webpack-internal:///…evelopment.js:21407
recursivelyTraverseLayoutEffects @ webpack-internal:///…evelopment.js:22926
commitLayoutEffectOnFiber @ webpack-internal:///…evelopment.js:21577
recursivelyTraverseLayoutEffects @ webpack-internal:///…evelopment.js:22926
commitLayoutEffectOnFiber @ webpack-internal:///…evelopment.js:21407
recursivelyTraverseLayoutEffects @ webpack-internal:///…evelopment.js:22926
commitLayoutEffectOnFiber @ webpack-internal:///…evelopment.js:21577
recursivelyTraverseLayoutEffects @ webpack-internal:///…evelopment.js:22926
commitLayoutEffectOnFiber @ webpack-internal:///…evelopment.js:21407
recursivelyTraverseLayoutEffects @ webpack-internal:///…evelopment.js:22926
commitLayoutEffectOnFiber @ webpack-internal:///…evelopment.js:21577
recursivelyTraverseLayoutEffects @ webpack-internal:///…evelopment.js:22926
commitLayoutEffectOnFiber @ webpack-internal:///…evelopment.js:21407
recursivelyTraverseLayoutEffects @ webpack-internal:///…evelopment.js:22926
commitLayoutEffectOnFiber @ webpack-internal:///…evelopment.js:21577
recursivelyTraverseLayoutEffects @ webpack-internal:///…evelopment.js:22926
commitLayoutEffectOnFiber @ webpack-internal:///…evelopment.js:21407
recursivelyTraverseLayoutEffects @ webpack-internal:///…evelopment.js:22926
commitLayoutEffectOnFiber @ webpack-internal:///…evelopment.js:21407
recursivelyTraverseLayoutEffects @ webpack-internal:///…evelopment.js:22926
commitLayoutEffectOnFiber @ webpack-internal:///…evelopment.js:21488
recursivelyTraverseLayoutEffects @ webpack-internal:///…evelopment.js:22926
commitLayoutEffectOnFiber @ webpack-internal:///…evelopment.js:21488
recursivelyTraverseLayoutEffects @ webpack-internal:///…evelopment.js:22926
commitLayoutEffectOnFiber @ webpack-internal:///…evelopment.js:21577
recursivelyTraverseLayoutEffects @ webpack-internal:///…evelopment.js:22926
commitLayoutEffectOnFiber @ webpack-internal:///…evelopment.js:21577
recursivelyTraverseLayoutEffects @ webpack-internal:///…evelopment.js:22926
commitLayoutEffectOnFiber @ webpack-internal:///…evelopment.js:21418
recursivelyTraverseLayoutEffects @ webpack-internal:///…evelopment.js:22926
commitLayoutEffectOnFiber @ webpack-internal:///…evelopment.js:21407
recursivelyTraverseLayoutEffects @ webpack-internal:///…evelopment.js:22926
commitLayoutEffectOnFiber @ webpack-internal:///…evelopment.js:21577
recursivelyTraverseLayoutEffects @ webpack-internal:///…evelopment.js:22926
commitLayoutEffectOnFiber @ webpack-internal:///…evelopment.js:21418
recursivelyTraverseLayoutEffects @ webpack-internal:///…evelopment.js:22926
commitLayoutEffectOnFiber @ webpack-internal:///…evelopment.js:21407
recursivelyTraverseLayoutEffects @ webpack-internal:///…evelopment.js:22926
commitLayoutEffectOnFiber @ webpack-internal:///…evelopment.js:21407
recursivelyTraverseLayoutEffects @ webpack-internal:///…evelopment.js:22926
commitLayoutEffectOnFiber @ webpack-internal:///…evelopment.js:21418
recursivelyTraverseLayoutEffects @ webpack-internal:///…evelopment.js:22926
commitLayoutEffectOnFiber @ webpack-internal:///…evelopment.js:21407
recursivelyTraverseLayoutEffects @ webpack-internal:///…evelopment.js:22926
commitLayoutEffectOnFiber @ webpack-internal:///…evelopment.js:21577
recursivelyTraverseLayoutEffects @ webpack-internal:///…evelopment.js:22926
commitLayoutEffectOnFiber @ webpack-internal:///…evelopment.js:21577
recursivelyTraverseLayoutEffects @ webpack-internal:///…evelopment.js:22926
commitLayoutEffectOnFiber @ webpack-internal:///…evelopment.js:21577
recursivelyTraverseLayoutEffects @ webpack-internal:///…evelopment.js:22926
commitLayoutEffectOnFiber @ webpack-internal:///…evelopment.js:21577
recursivelyTraverseLayoutEffects @ webpack-internal:///…evelopment.js:22926
commitLayoutEffectOnFiber @ webpack-internal:///…evelopment.js:21577
recursivelyTraverseLayoutEffects @ webpack-internal:///…evelopment.js:22926
commitLayoutEffectOnFiber @ webpack-internal:///…evelopment.js:21577
recursivelyTraverseLayoutEffects @ webpack-internal:///…evelopment.js:22926
commitLayoutEffectOnFiber @ webpack-internal:///…evelopment.js:21407
recursivelyTraverseLayoutEffects @ webpack-internal:///…evelopment.js:22926
commitLayoutEffectOnFiber @ webpack-internal:///…evelopment.js:21418
recursivelyTraverseLayoutEffects @ webpack-internal:///…evelopment.js:22926
commitLayoutEffectOnFiber @ webpack-internal:///…evelopment.js:21407
recursivelyTraverseLayoutEffects @ webpack-internal:///…evelopment.js:22926
commitLayoutEffectOnFiber @ webpack-internal:///…evelopment.js:21407
recursivelyTraverseLayoutEffects @ webpack-internal:///…evelopment.js:22926
commitLayoutEffectOnFiber @ webpack-internal:///…evelopment.js:21407
recursivelyTraverseLayoutEffects @ webpack-internal:///…evelopment.js:22926
commitLayoutEffectOnFiber @ webpack-internal:///…evelopment.js:21407
recursivelyTraverseLayoutEffects @ webpack-internal:///…evelopment.js:22926
commitLayoutEffectOnFiber @ webpack-internal:///…evelopment.js:21577
recursivelyTraverseLayoutEffects @ webpack-internal:///…evelopment.js:22926
commitLayoutEffectOnFiber @ webpack-internal:///…evelopment.js:21577
recursivelyTraverseLayoutEffects @ webpack-internal:///…evelopment.js:22926
commitLayoutEffectOnFiber @ webpack-internal:///…evelopment.js:21577
recursivelyTraverseLayoutEffects @ webpack-internal:///…evelopment.js:22926
commitLayoutEffectOnFiber @ webpack-internal:///…evelopment.js:21437
commitLayoutEffects @ webpack-internal:///…evelopment.js:22912
commitRootImpl @ webpack-internal:///…evelopment.js:26226
commitRoot @ webpack-internal:///…evelopment.js:26077
commitRootWhenReady @ webpack-internal:///…evelopment.js:24749
finishConcurrentRender @ webpack-internal:///…evelopment.js:24714
performConcurrentWorkOnRoot @ webpack-internal:///…evelopment.js:24559
workLoop @ webpack-internal:///….development.js:256
flushWork @ webpack-internal:///….development.js:225
performWorkUntilDeadline @ webpack-internal:///….development.js:534
10:20:34.949  [CallModal] 🔄 Waiting for stream to become active for cmeifml0h001okung0i95m8s6
10:20:34.952  [WebRTC] 🎵 Applied ultra-low latency constraints to live audio track
10:20:34.953  [WebRTC] 🚀 Optimizing SDP for ultra-low latency...
10:20:34.953  [WebRTC] ✅ SDP optimized for ultra-low latency
10:20:34.953  [WebRTC] Offer created and SDP optimized, analyzing...
10:20:34.953  [WebRTC] 🔍 Offer SDP analysis: {hasAudio: true, hasVideo: true}
10:20:34.953  [WebRTC] Setting local description...
10:20:34.980  [VoiceActivity] Effect triggered: {hasStream: true, streamId: '22684b8b-e675-484e-8ba1-c9d3f02f2c18', audioTracks: 1, threshold: -40}
10:20:34.981  [VoiceActivity] Initializing for stream: 22684b8b-e675-484e-8ba1-c9d3f02f2c18 with 1 audio tracks
10:20:34.982  [VoiceActivity] Effect triggered: {hasStream: true, streamId: '22684b8b-e675-484e-8ba1-c9d3f02f2c18', audioTracks: 1, threshold: -40}
10:20:34.982  [VoiceActivity] Initializing for stream: 22684b8b-e675-484e-8ba1-c9d3f02f2c18 with 1 audio tracks
10:20:34.983  [CallModal] Rendered - voice call opened
10:20:34.983  [CallModal] Rendered - voice call opened
10:20:34.984  [VoiceParticipant] Tester voice activity debug: {participantId: 'cmeifml0h001okung0i95m8s6', hasOriginalStream: true, hasLatestStream: true, streamActive: false, audioTracksCount: 1, …}
10:20:34.984  [VoiceParticipant] Tester voice activity debug: {participantId: 'cmeifml0h001okung0i95m8s6', hasOriginalStream: true, hasLatestStream: true, streamActive: false, audioTracksCount: 1, …}
10:20:34.986  [CallModal] 🔊 Setting up audio element for participant cmeifml0h001okung0i95m8s6
10:20:34.987  [CallModal] Stream details: {id: '22684b8b-e675-484e-8ba1-c9d3f02f2c18', active: false, audioTracks: Array(1)}
10:20:34.987  [CallModal] Previous audio element for cmeifml0h001okung0i95m8s6: false
10:20:34.990  [CallModal] Cleared previous srcObject for cmeifml0h001okung0i95m8s6
10:20:34.991  [CallModal] 🔄 Stream not ready, waiting...
10:20:34.992  [CallModal] ❌ Initial audio play failed for cmeifml0h001okung0i95m8s6: 
attemptPlay @ webpack-internal:///…/CallModal.tsx:3122
ref @ webpack-internal:///…/CallModal.tsx:3156
commitAttachRef @ webpack-internal:///…evelopment.js:21677
safelyAttachRef @ webpack-internal:///…evelopment.js:20803
commitLayoutEffectOnFiber @ webpack-internal:///…evelopment.js:21498
recursivelyTraverseLayoutEffects @ webpack-internal:///…evelopment.js:22926
commitLayoutEffectOnFiber @ webpack-internal:///…evelopment.js:21577
recursivelyTraverseLayoutEffects @ webpack-internal:///…evelopment.js:22926
commitLayoutEffectOnFiber @ webpack-internal:///…evelopment.js:21488
recursivelyTraverseLayoutEffects @ webpack-internal:///…evelopment.js:22926
commitLayoutEffectOnFiber @ webpack-internal:///…evelopment.js:21488
recursivelyTraverseLayoutEffects @ webpack-internal:///…evelopment.js:22926
commitLayoutEffectOnFiber @ webpack-internal:///…evelopment.js:21488
recursivelyTraverseLayoutEffects @ webpack-internal:///…evelopment.js:22926
commitLayoutEffectOnFiber @ webpack-internal:///…evelopment.js:21488
recursivelyTraverseLayoutEffects @ webpack-internal:///…evelopment.js:22926
commitLayoutEffectOnFiber @ webpack-internal:///…evelopment.js:21407
recursivelyTraverseLayoutEffects @ webpack-internal:///…evelopment.js:22926
commitLayoutEffectOnFiber @ webpack-internal:///…evelopment.js:21407
recursivelyTraverseLayoutEffects @ webpack-internal:///…evelopment.js:22926
commitLayoutEffectOnFiber @ webpack-internal:///…evelopment.js:21577
recursivelyTraverseLayoutEffects @ webpack-internal:///…evelopment.js:22926
commitLayoutEffectOnFiber @ webpack-internal:///…evelopment.js:21407
recursivelyTraverseLayoutEffects @ webpack-internal:///…evelopment.js:22926
commitLayoutEffectOnFiber @ webpack-internal:///…evelopment.js:21577
recursivelyTraverseLayoutEffects @ webpack-internal:///…evelopment.js:22926
commitLayoutEffectOnFiber @ webpack-internal:///…evelopment.js:21407
recursivelyTraverseLayoutEffects @ webpack-internal:///…evelopment.js:22926
commitLayoutEffectOnFiber @ webpack-internal:///…evelopment.js:21577
recursivelyTraverseLayoutEffects @ webpack-internal:///…evelopment.js:22926
commitLayoutEffectOnFiber @ webpack-internal:///…evelopment.js:21407
recursivelyTraverseLayoutEffects @ webpack-internal:///…evelopment.js:22926
commitLayoutEffectOnFiber @ webpack-internal:///…evelopment.js:21577
recursivelyTraverseLayoutEffects @ webpack-internal:///…evelopment.js:22926
commitLayoutEffectOnFiber @ webpack-internal:///…evelopment.js:21407
recursivelyTraverseLayoutEffects @ webpack-internal:///…evelopment.js:22926
commitLayoutEffectOnFiber @ webpack-internal:///…evelopment.js:21407
recursivelyTraverseLayoutEffects @ webpack-internal:///…evelopment.js:22926
commitLayoutEffectOnFiber @ webpack-internal:///…evelopment.js:21488
recursivelyTraverseLayoutEffects @ webpack-internal:///…evelopment.js:22926
commitLayoutEffectOnFiber @ webpack-internal:///…evelopment.js:21488
recursivelyTraverseLayoutEffects @ webpack-internal:///…evelopment.js:22926
commitLayoutEffectOnFiber @ webpack-internal:///…evelopment.js:21577
recursivelyTraverseLayoutEffects @ webpack-internal:///…evelopment.js:22926
commitLayoutEffectOnFiber @ webpack-internal:///…evelopment.js:21577
recursivelyTraverseLayoutEffects @ webpack-internal:///…evelopment.js:22926
commitLayoutEffectOnFiber @ webpack-internal:///…evelopment.js:21418
recursivelyTraverseLayoutEffects @ webpack-internal:///…evelopment.js:22926
commitLayoutEffectOnFiber @ webpack-internal:///…evelopment.js:21407
recursivelyTraverseLayoutEffects @ webpack-internal:///…evelopment.js:22926
commitLayoutEffectOnFiber @ webpack-internal:///…evelopment.js:21577
recursivelyTraverseLayoutEffects @ webpack-internal:///…evelopment.js:22926
commitLayoutEffectOnFiber @ webpack-internal:///…evelopment.js:21418
recursivelyTraverseLayoutEffects @ webpack-internal:///…evelopment.js:22926
commitLayoutEffectOnFiber @ webpack-internal:///…evelopment.js:21407
recursivelyTraverseLayoutEffects @ webpack-internal:///…evelopment.js:22926
commitLayoutEffectOnFiber @ webpack-internal:///…evelopment.js:21407
recursivelyTraverseLayoutEffects @ webpack-internal:///…evelopment.js:22926
commitLayoutEffectOnFiber @ webpack-internal:///…evelopment.js:21418
recursivelyTraverseLayoutEffects @ webpack-internal:///…evelopment.js:22926
commitLayoutEffectOnFiber @ webpack-internal:///…evelopment.js:21407
recursivelyTraverseLayoutEffects @ webpack-internal:///…evelopment.js:22926
commitLayoutEffectOnFiber @ webpack-internal:///…evelopment.js:21577
recursivelyTraverseLayoutEffects @ webpack-internal:///…evelopment.js:22926
commitLayoutEffectOnFiber @ webpack-internal:///…evelopment.js:21577
recursivelyTraverseLayoutEffects @ webpack-internal:///…evelopment.js:22926
commitLayoutEffectOnFiber @ webpack-internal:///…evelopment.js:21577
recursivelyTraverseLayoutEffects @ webpack-internal:///…evelopment.js:22926
commitLayoutEffectOnFiber @ webpack-internal:///…evelopment.js:21577
recursivelyTraverseLayoutEffects @ webpack-internal:///…evelopment.js:22926
commitLayoutEffectOnFiber @ webpack-internal:///…evelopment.js:21577
recursivelyTraverseLayoutEffects @ webpack-internal:///…evelopment.js:22926
commitLayoutEffectOnFiber @ webpack-internal:///…evelopment.js:21577
recursivelyTraverseLayoutEffects @ webpack-internal:///…evelopment.js:22926
commitLayoutEffectOnFiber @ webpack-internal:///…evelopment.js:21407
recursivelyTraverseLayoutEffects @ webpack-internal:///…evelopment.js:22926
commitLayoutEffectOnFiber @ webpack-internal:///…evelopment.js:21418
recursivelyTraverseLayoutEffects @ webpack-internal:///…evelopment.js:22926
commitLayoutEffectOnFiber @ webpack-internal:///…evelopment.js:21407
recursivelyTraverseLayoutEffects @ webpack-internal:///…evelopment.js:22926
commitLayoutEffectOnFiber @ webpack-internal:///…evelopment.js:21407
recursivelyTraverseLayoutEffects @ webpack-internal:///…evelopment.js:22926
commitLayoutEffectOnFiber @ webpack-internal:///…evelopment.js:21407
recursivelyTraverseLayoutEffects @ webpack-internal:///…evelopment.js:22926
commitLayoutEffectOnFiber @ webpack-internal:///…evelopment.js:21407
recursivelyTraverseLayoutEffects @ webpack-internal:///…evelopment.js:22926
commitLayoutEffectOnFiber @ webpack-internal:///…evelopment.js:21577
recursivelyTraverseLayoutEffects @ webpack-internal:///…evelopment.js:22926
commitLayoutEffectOnFiber @ webpack-internal:///…evelopment.js:21577
recursivelyTraverseLayoutEffects @ webpack-internal:///…evelopment.js:22926
commitLayoutEffectOnFiber @ webpack-internal:///…evelopment.js:21577
recursivelyTraverseLayoutEffects @ webpack-internal:///…evelopment.js:22926
commitLayoutEffectOnFiber @ webpack-internal:///…evelopment.js:21437
commitLayoutEffects @ webpack-internal:///…evelopment.js:22912
commitRootImpl @ webpack-internal:///…evelopment.js:26226
commitRoot @ webpack-internal:///…evelopment.js:26077
commitRootWhenReady @ webpack-internal:///…evelopment.js:24749
finishConcurrentRender @ webpack-internal:///…evelopment.js:24714
performConcurrentWorkOnRoot @ webpack-internal:///…evelopment.js:24559
workLoop @ webpack-internal:///….development.js:256
flushWork @ webpack-internal:///….development.js:225
performWorkUntilDeadline @ webpack-internal:///….development.js:534
10:20:34.992  [CallModal] 🔄 Waiting for stream to become active for cmeifml0h001okung0i95m8s6
10:20:34.996  [WebRTC] 📡 Sending offer to participant: cmeifml0h001okung0i95m8s6
10:20:34.997  [WebRTC] ✅ Offer successfully sent to: cmeifml0h001okung0i95m8s6
10:20:35.065  [VoiceActivity] Effect triggered: {hasStream: true, streamId: '22684b8b-e675-484e-8ba1-c9d3f02f2c18', audioTracks: 1, threshold: -40}
10:20:35.066  [VoiceActivity] Initializing for stream: 22684b8b-e675-484e-8ba1-c9d3f02f2c18 with 1 audio tracks
10:20:35.067  [VoiceActivity] Effect triggered: {hasStream: true, streamId: '22684b8b-e675-484e-8ba1-c9d3f02f2c18', audioTracks: 1, threshold: -40}
10:20:35.067  [VoiceActivity] Initializing for stream: 22684b8b-e675-484e-8ba1-c9d3f02f2c18 with 1 audio tracks
10:20:35.068  [CallModal] Rendered - voice call opened
10:20:35.069  [CallModal] Rendered - voice call opened
10:20:35.072  [CallModal] Audio loadeddata event for cmeifml0h001okung0i95m8s6
10:20:35.072  [CallModal] 🔄 Stream not ready, waiting...
10:20:35.072  [CallModal] ❌ Initial audio play failed for cmeifml0h001okung0i95m8s6: 
attemptPlay @ webpack-internal:///…/CallModal.tsx:3122
element.addEventListener.once @ webpack-internal:///…/CallModal.tsx:3160
10:20:35.073  [CallModal] 🔄 Waiting for stream to become active for cmeifml0h001okung0i95m8s6
10:20:35.073  [CallModal] Audio loadeddata event for cmeifml0h001okung0i95m8s6
10:20:35.073  [CallModal] 🔄 Stream not ready, waiting...
10:20:35.073  [CallModal] ❌ Initial audio play failed for cmeifml0h001okung0i95m8s6: 
attemptPlay @ webpack-internal:///…/CallModal.tsx:3122
element.addEventListener.once @ webpack-internal:///…/CallModal.tsx:3160
10:20:35.073  [CallModal] 🔄 Waiting for stream to become active for cmeifml0h001okung0i95m8s6
10:20:35.073  [CallModal] Audio can play for cmeifml0h001okung0i95m8s6
10:20:35.074  [CallModal] Audio canplay event for cmeifml0h001okung0i95m8s6
10:20:35.074  [CallModal] 🔄 Stream not ready, waiting...
10:20:35.074  [CallModal] ❌ Initial audio play failed for cmeifml0h001okung0i95m8s6: 
attemptPlay @ webpack-internal:///…/CallModal.tsx:3122
element.addEventListener.once @ webpack-internal:///…/CallModal.tsx:3166
10:20:35.074  [CallModal] 🔄 Waiting for stream to become active for cmeifml0h001okung0i95m8s6
10:20:35.074  [CallModal] Audio canplay event for cmeifml0h001okung0i95m8s6
10:20:35.074  [CallModal] 🔄 Stream not ready, waiting...
10:20:35.074  [CallModal] ❌ Initial audio play failed for cmeifml0h001okung0i95m8s6: 
attemptPlay @ webpack-internal:///…/CallModal.tsx:3122
element.addEventListener.once @ webpack-internal:///…/CallModal.tsx:3166
10:20:35.074  [CallModal] 🔄 Waiting for stream to become active for cmeifml0h001okung0i95m8s6
10:20:35.074  [CallModal] Audio is playing for cmeifml0h001okung0i95m8s6
10:20:35.076  [WebRTC] 🎵 Set ultra-low latency audio parameters
10:20:35.110  [WebRTC] Sending ICE candidate to: cmeifml0h001okung0i95m8s6
10:20:35.111  [WebRTC] Sending ICE candidate to: cmeifml0h001okung0i95m8s6
10:20:35.112  [WebRTC] Sending ICE candidate to: cmeifml0h001okung0i95m8s6
10:20:35.128  [WebRTC] Sending ICE candidate to: cmeifml0h001okung0i95m8s6
10:20:35.128  [WebRTC] Sending ICE candidate to: cmeifml0h001okung0i95m8s6
10:20:35.128  [WebRTC] Sending ICE candidate to: cmeifml0h001okung0i95m8s6
10:20:35.150  [CallModal] Rendered - voice call opened
10:20:35.151  [CallModal] Rendered - voice call opened
10:20:35.152  [VoiceParticipant] Tester voice activity debug: {participantId: 'cmeifml0h001okung0i95m8s6', hasOriginalStream: true, hasLatestStream: true, streamActive: false, audioTracksCount: 1, …}
10:20:35.152  [VoiceParticipant] Tester voice activity debug: {participantId: 'cmeifml0h001okung0i95m8s6', hasOriginalStream: true, hasLatestStream: true, streamActive: false, audioTracksCount: 1, …}
10:20:35.154  [CallModal] 🔊 Setting up audio element for participant cmeifml0h001okung0i95m8s6
10:20:35.155  [CallModal] Stream details: {id: '22684b8b-e675-484e-8ba1-c9d3f02f2c18', active: false, audioTracks: Array(1)}
10:20:35.155  [CallModal] Previous audio element for cmeifml0h001okung0i95m8s6: false
10:20:35.158  [CallModal] Cleared previous srcObject for cmeifml0h001okung0i95m8s6
10:20:35.159  [CallModal] 🔄 Stream not ready, waiting...
10:20:35.159  [CallModal] ❌ Initial audio play failed for cmeifml0h001okung0i95m8s6: 
attemptPlay @ webpack-internal:///…/CallModal.tsx:3122
ref @ webpack-internal:///…/CallModal.tsx:3156
commitAttachRef @ webpack-internal:///…evelopment.js:21677
safelyAttachRef @ webpack-internal:///…evelopment.js:20803
commitLayoutEffectOnFiber @ webpack-internal:///…evelopment.js:21498
recursivelyTraverseLayoutEffects @ webpack-internal:///…evelopment.js:22926
commitLayoutEffectOnFiber @ webpack-internal:///…evelopment.js:21577
recursivelyTraverseLayoutEffects @ webpack-internal:///…evelopment.js:22926
commitLayoutEffectOnFiber @ webpack-internal:///…evelopment.js:21488
recursivelyTraverseLayoutEffects @ webpack-internal:///…evelopment.js:22926
commitLayoutEffectOnFiber @ webpack-internal:///…evelopment.js:21488
recursivelyTraverseLayoutEffects @ webpack-internal:///…evelopment.js:22926
commitLayoutEffectOnFiber @ webpack-internal:///…evelopment.js:21488
recursivelyTraverseLayoutEffects @ webpack-internal:///…evelopment.js:22926
commitLayoutEffectOnFiber @ webpack-internal:///…evelopment.js:21488
recursivelyTraverseLayoutEffects @ webpack-internal:///…evelopment.js:22926
commitLayoutEffectOnFiber @ webpack-internal:///…evelopment.js:21407
recursivelyTraverseLayoutEffects @ webpack-internal:///…evelopment.js:22926
commitLayoutEffectOnFiber @ webpack-internal:///…evelopment.js:21407
recursivelyTraverseLayoutEffects @ webpack-internal:///…evelopment.js:22926
commitLayoutEffectOnFiber @ webpack-internal:///…evelopment.js:21577
recursivelyTraverseLayoutEffects @ webpack-internal:///…evelopment.js:22926
commitLayoutEffectOnFiber @ webpack-internal:///…evelopment.js:21407
recursivelyTraverseLayoutEffects @ webpack-internal:///…evelopment.js:22926
commitLayoutEffectOnFiber @ webpack-internal:///…evelopment.js:21577
recursivelyTraverseLayoutEffects @ webpack-internal:///…evelopment.js:22926
commitLayoutEffectOnFiber @ webpack-internal:///…evelopment.js:21407
recursivelyTraverseLayoutEffects @ webpack-internal:///…evelopment.js:22926
commitLayoutEffectOnFiber @ webpack-internal:///…evelopment.js:21577
recursivelyTraverseLayoutEffects @ webpack-internal:///…evelopment.js:22926
commitLayoutEffectOnFiber @ webpack-internal:///…evelopment.js:21407
recursivelyTraverseLayoutEffects @ webpack-internal:///…evelopment.js:22926
commitLayoutEffectOnFiber @ webpack-internal:///…evelopment.js:21577
recursivelyTraverseLayoutEffects @ webpack-internal:///…evelopment.js:22926
commitLayoutEffectOnFiber @ webpack-internal:///…evelopment.js:21407
recursivelyTraverseLayoutEffects @ webpack-internal:///…evelopment.js:22926
commitLayoutEffectOnFiber @ webpack-internal:///…evelopment.js:21407
recursivelyTraverseLayoutEffects @ webpack-internal:///…evelopment.js:22926
commitLayoutEffectOnFiber @ webpack-internal:///…evelopment.js:21488
recursivelyTraverseLayoutEffects @ webpack-internal:///…evelopment.js:22926
commitLayoutEffectOnFiber @ webpack-internal:///…evelopment.js:21488
recursivelyTraverseLayoutEffects @ webpack-internal:///…evelopment.js:22926
commitLayoutEffectOnFiber @ webpack-internal:///…evelopment.js:21577
recursivelyTraverseLayoutEffects @ webpack-internal:///…evelopment.js:22926
commitLayoutEffectOnFiber @ webpack-internal:///…evelopment.js:21577
recursivelyTraverseLayoutEffects @ webpack-internal:///…evelopment.js:22926
commitLayoutEffectOnFiber @ webpack-internal:///…evelopment.js:21418
recursivelyTraverseLayoutEffects @ webpack-internal:///…evelopment.js:22926
commitLayoutEffectOnFiber @ webpack-internal:///…evelopment.js:21407
recursivelyTraverseLayoutEffects @ webpack-internal:///…evelopment.js:22926
commitLayoutEffectOnFiber @ webpack-internal:///…evelopment.js:21577
recursivelyTraverseLayoutEffects @ webpack-internal:///…evelopment.js:22926
commitLayoutEffectOnFiber @ webpack-internal:///…evelopment.js:21418
recursivelyTraverseLayoutEffects @ webpack-internal:///…evelopment.js:22926
commitLayoutEffectOnFiber @ webpack-internal:///…evelopment.js:21407
recursivelyTraverseLayoutEffects @ webpack-internal:///…evelopment.js:22926
commitLayoutEffectOnFiber @ webpack-internal:///…evelopment.js:21407
recursivelyTraverseLayoutEffects @ webpack-internal:///…evelopment.js:22926
commitLayoutEffectOnFiber @ webpack-internal:///…evelopment.js:21418
recursivelyTraverseLayoutEffects @ webpack-internal:///…evelopment.js:22926
commitLayoutEffectOnFiber @ webpack-internal:///…evelopment.js:21407
recursivelyTraverseLayoutEffects @ webpack-internal:///…evelopment.js:22926
commitLayoutEffectOnFiber @ webpack-internal:///…evelopment.js:21577
recursivelyTraverseLayoutEffects @ webpack-internal:///…evelopment.js:22926
commitLayoutEffectOnFiber @ webpack-internal:///…evelopment.js:21577
recursivelyTraverseLayoutEffects @ webpack-internal:///…evelopment.js:22926
commitLayoutEffectOnFiber @ webpack-internal:///…evelopment.js:21577
recursivelyTraverseLayoutEffects @ webpack-internal:///…evelopment.js:22926
commitLayoutEffectOnFiber @ webpack-internal:///…evelopment.js:21577
recursivelyTraverseLayoutEffects @ webpack-internal:///…evelopment.js:22926
commitLayoutEffectOnFiber @ webpack-internal:///…evelopment.js:21577
recursivelyTraverseLayoutEffects @ webpack-internal:///…evelopment.js:22926
commitLayoutEffectOnFiber @ webpack-internal:///…evelopment.js:21577
recursivelyTraverseLayoutEffects @ webpack-internal:///…evelopment.js:22926
commitLayoutEffectOnFiber @ webpack-internal:///…evelopment.js:21407
recursivelyTraverseLayoutEffects @ webpack-internal:///…evelopment.js:22926
commitLayoutEffectOnFiber @ webpack-internal:///…evelopment.js:21418
recursivelyTraverseLayoutEffects @ webpack-internal:///…evelopment.js:22926
commitLayoutEffectOnFiber @ webpack-internal:///…evelopment.js:21407
recursivelyTraverseLayoutEffects @ webpack-internal:///…evelopment.js:22926
commitLayoutEffectOnFiber @ webpack-internal:///…evelopment.js:21407
recursivelyTraverseLayoutEffects @ webpack-internal:///…evelopment.js:22926
commitLayoutEffectOnFiber @ webpack-internal:///…evelopment.js:21407
recursivelyTraverseLayoutEffects @ webpack-internal:///…evelopment.js:22926
commitLayoutEffectOnFiber @ webpack-internal:///…evelopment.js:21407
recursivelyTraverseLayoutEffects @ webpack-internal:///…evelopment.js:22926
commitLayoutEffectOnFiber @ webpack-internal:///…evelopment.js:21577
recursivelyTraverseLayoutEffects @ webpack-internal:///…evelopment.js:22926
commitLayoutEffectOnFiber @ webpack-internal:///…evelopment.js:21577
recursivelyTraverseLayoutEffects @ webpack-internal:///…evelopment.js:22926
commitLayoutEffectOnFiber @ webpack-internal:///…evelopment.js:21577
recursivelyTraverseLayoutEffects @ webpack-internal:///…evelopment.js:22926
commitLayoutEffectOnFiber @ webpack-internal:///…evelopment.js:21437
commitLayoutEffects @ webpack-internal:///…evelopment.js:22912
commitRootImpl @ webpack-internal:///…evelopment.js:26226
commitRoot @ webpack-internal:///…evelopment.js:26077
commitRootWhenReady @ webpack-internal:///…evelopment.js:24749
finishConcurrentRender @ webpack-internal:///…evelopment.js:24714
performConcurrentWorkOnRoot @ webpack-internal:///…evelopment.js:24559
workLoop @ webpack-internal:///….development.js:256
flushWork @ webpack-internal:///….development.js:225
performWorkUntilDeadline @ webpack-internal:///….development.js:534
10:20:35.160  [CallModal] 🔄 Waiting for stream to become active for cmeifml0h001okung0i95m8s6
10:20:35.161  [WebRTC] Sending ICE candidate to: cmeifml0h001okung0i95m8s6
10:20:35.190  [WebRTC] Received answer: {callId: 'call-1757384369155-78u7pu5k6', fromUserId: 'cmeifml0h001okung0i95m8s6', ourCallId: 'call-1757384369155-78u7pu5k6'}
10:20:35.190  [WebRTC] Processing answer from: cmeifml0h001okung0i95m8s6
10:20:35.190  [WebRTC] Current signaling state: stable
10:20:35.190  [WebRTC] Invalid signaling state for answer: stable Expected: have-local-offer
handleRemoteAnswer @ webpack-internal:///…/lib/webrtc.ts:1071
Emitter.emit @ webpack-internal:///…ib/esm/index.js:140
emitEvent @ webpack-internal:///…d/esm/socket.js:545
onevent @ webpack-internal:///…d/esm/socket.js:532
onpacket @ webpack-internal:///…d/esm/socket.js:502
Emitter.emit @ webpack-internal:///…ib/esm/index.js:140
eval @ webpack-internal:///…/esm/manager.js:219
Promise.then
eval @ webpack-internal:///…d/esm/globals.js:11
ondecoded @ webpack-internal:///…/esm/manager.js:218
Emitter.emit @ webpack-internal:///…ib/esm/index.js:140
add @ webpack-internal:///…ld/esm/index.js:156
ondata @ webpack-internal:///…/esm/manager.js:205
Emitter.emit @ webpack-internal:///…ib/esm/index.js:140
_onPacket @ webpack-internal:///…d/esm/socket.js:272
Emitter.emit @ webpack-internal:///…ib/esm/index.js:140
onPacket @ webpack-internal:///…sm/transport.js:108
callback @ webpack-internal:///…ports/polling.js:86
onData @ webpack-internal:///…ports/polling.js:89
Emitter.emit @ webpack-internal:///…ib/esm/index.js:140
_onLoad @ webpack-internal:///…/polling-xhr.js:204
xhr.onreadystatechange @ webpack-internal:///…/polling-xhr.js:140
XMLHttpRequest.send
_create @ webpack-internal:///…/polling-xhr.js:150
Request @ webpack-internal:///…s/polling-xhr.js:86
request @ webpack-internal:///…/polling-xhr.js:264
doPoll @ webpack-internal:///…s/polling-xhr.js:63
_poll @ webpack-internal:///…ports/polling.js:66
onData @ webpack-internal:///…ports/polling.js:96
Emitter.emit @ webpack-internal:///…ib/esm/index.js:140
_onLoad @ webpack-internal:///…/polling-xhr.js:204
xhr.onreadystatechange @ webpack-internal:///…/polling-xhr.js:140
XMLHttpRequest.send
_create @ webpack-internal:///…/polling-xhr.js:150
Request @ webpack-internal:///…s/polling-xhr.js:86
request @ webpack-internal:///…/polling-xhr.js:264
doPoll @ webpack-internal:///…s/polling-xhr.js:63
_poll @ webpack-internal:///…ports/polling.js:66
onData @ webpack-internal:///…ports/polling.js:96
Emitter.emit @ webpack-internal:///…ib/esm/index.js:140
_onLoad @ webpack-internal:///…/polling-xhr.js:204
xhr.onreadystatechange @ webpack-internal:///…/polling-xhr.js:140
XMLHttpRequest.send
_create @ webpack-internal:///…/polling-xhr.js:150
Request @ webpack-internal:///…s/polling-xhr.js:86
request @ webpack-internal:///…/polling-xhr.js:264
doPoll @ webpack-internal:///…s/polling-xhr.js:63
_poll @ webpack-internal:///…ports/polling.js:66
onData @ webpack-internal:///…ports/polling.js:96
Emitter.emit @ webpack-internal:///…ib/esm/index.js:140
_onLoad @ webpack-internal:///…/polling-xhr.js:204
xhr.onreadystatechange @ webpack-internal:///…/polling-xhr.js:140
XMLHttpRequest.send
_create @ webpack-internal:///…/polling-xhr.js:150
Request @ webpack-internal:///…s/polling-xhr.js:86
request @ webpack-internal:///…/polling-xhr.js:264
doPoll @ webpack-internal:///…s/polling-xhr.js:63
_poll @ webpack-internal:///…ports/polling.js:66
onData @ webpack-internal:///…ports/polling.js:96
Emitter.emit @ webpack-internal:///…ib/esm/index.js:140
_onLoad @ webpack-internal:///…/polling-xhr.js:204
xhr.onreadystatechange @ webpack-internal:///…/polling-xhr.js:140
XMLHttpRequest.send
_create @ webpack-internal:///…/polling-xhr.js:150
Request @ webpack-internal:///…s/polling-xhr.js:86
request @ webpack-internal:///…/polling-xhr.js:264
doPoll @ webpack-internal:///…s/polling-xhr.js:63
_poll @ webpack-internal:///…ports/polling.js:66
onData @ webpack-internal:///…ports/polling.js:96
Emitter.emit @ webpack-internal:///…ib/esm/index.js:140
_onLoad @ webpack-internal:///…/polling-xhr.js:204
xhr.onreadystatechange @ webpack-internal:///…/polling-xhr.js:140
XMLHttpRequest.send
_create @ webpack-internal:///…/polling-xhr.js:150
Request @ webpack-internal:///…s/polling-xhr.js:86
request @ webpack-internal:///…/polling-xhr.js:264
doPoll @ webpack-internal:///…s/polling-xhr.js:63
_poll @ webpack-internal:///…ports/polling.js:66
onData @ webpack-internal:///…ports/polling.js:96
Emitter.emit @ webpack-internal:///…ib/esm/index.js:140
_onLoad @ webpack-internal:///…/polling-xhr.js:204
xhr.onreadystatechange @ webpack-internal:///…/polling-xhr.js:140
XMLHttpRequest.send
_create @ webpack-internal:///…/polling-xhr.js:150
Request @ webpack-internal:///…s/polling-xhr.js:86
request @ webpack-internal:///…/polling-xhr.js:264
doPoll @ webpack-internal:///…s/polling-xhr.js:63
_poll @ webpack-internal:///…ports/polling.js:66
onData @ webpack-internal:///…ports/polling.js:96
Emitter.emit @ webpack-internal:///…ib/esm/index.js:140
_onLoad @ webpack-internal:///…/polling-xhr.js:204
xhr.onreadystatechange @ webpack-internal:///…/polling-xhr.js:140
XMLHttpRequest.send
_create @ webpack-internal:///…/polling-xhr.js:150
Request @ webpack-internal:///…s/polling-xhr.js:86
request @ webpack-internal:///…/polling-xhr.js:264
doPoll @ webpack-internal:///…s/polling-xhr.js:63
_poll @ webpack-internal:///…ports/polling.js:66
onData @ webpack-internal:///…ports/polling.js:96
Emitter.emit @ webpack-internal:///…ib/esm/index.js:140
_onLoad @ webpack-internal:///…/polling-xhr.js:204
xhr.onreadystatechange @ webpack-internal:///…/polling-xhr.js:140
XMLHttpRequest.send
_create @ webpack-internal:///…/polling-xhr.js:150
Request @ webpack-internal:///…s/polling-xhr.js:86
request @ webpack-internal:///…/polling-xhr.js:264
doPoll @ webpack-internal:///…s/polling-xhr.js:63
_poll @ webpack-internal:///…ports/polling.js:66
onData @ webpack-internal:///…ports/polling.js:96
Emitter.emit @ webpack-internal:///…ib/esm/index.js:140
_onLoad @ webpack-internal:///…/polling-xhr.js:204
xhr.onreadystatechange @ webpack-internal:///…/polling-xhr.js:140
10:20:35.191  [WebRTC] Attempting to recover by recreating peer connection
10:20:35.191  [WebRTC] 🔍 Connection closure requested for: cmeifml0h001okung0i95m8s6 {connectionState: 'connected', iceConnectionState: 'connected', signalingState: 'stable', localDescription: true, remoteDescription: true, …}
10:20:35.191  [WebRTC] ⚠️ PREVENTING closure of healthy connection for: cmeifml0h001okung0i95m8s6 State: connected ICE: connected
closePeerConnection @ webpack-internal:///…/lib/webrtc.ts:1138
handleRemoteAnswer @ webpack-internal:///…/lib/webrtc.ts:1074
Emitter.emit @ webpack-internal:///…ib/esm/index.js:140
emitEvent @ webpack-internal:///…d/esm/socket.js:545
onevent @ webpack-internal:///…d/esm/socket.js:532
onpacket @ webpack-internal:///…d/esm/socket.js:502
Emitter.emit @ webpack-internal:///…ib/esm/index.js:140
eval @ webpack-internal:///…/esm/manager.js:219
Promise.then
eval @ webpack-internal:///…d/esm/globals.js:11
ondecoded @ webpack-internal:///…/esm/manager.js:218
Emitter.emit @ webpack-internal:///…ib/esm/index.js:140
add @ webpack-internal:///…ld/esm/index.js:156
ondata @ webpack-internal:///…/esm/manager.js:205
Emitter.emit @ webpack-internal:///…ib/esm/index.js:140
_onPacket @ webpack-internal:///…d/esm/socket.js:272
Emitter.emit @ webpack-internal:///…ib/esm/index.js:140
onPacket @ webpack-internal:///…sm/transport.js:108
callback @ webpack-internal:///…ports/polling.js:86
onData @ webpack-internal:///…ports/polling.js:89
Emitter.emit @ webpack-internal:///…ib/esm/index.js:140
_onLoad @ webpack-internal:///…/polling-xhr.js:204
xhr.onreadystatechange @ webpack-internal:///…/polling-xhr.js:140
XMLHttpRequest.send
_create @ webpack-internal:///…/polling-xhr.js:150
Request @ webpack-internal:///…s/polling-xhr.js:86
request @ webpack-internal:///…/polling-xhr.js:264
doPoll @ webpack-internal:///…s/polling-xhr.js:63
_poll @ webpack-internal:///…ports/polling.js:66
onData @ webpack-internal:///…ports/polling.js:96
Emitter.emit @ webpack-internal:///…ib/esm/index.js:140
_onLoad @ webpack-internal:///…/polling-xhr.js:204
xhr.onreadystatechange @ webpack-internal:///…/polling-xhr.js:140
XMLHttpRequest.send
_create @ webpack-internal:///…/polling-xhr.js:150
Request @ webpack-internal:///…s/polling-xhr.js:86
request @ webpack-internal:///…/polling-xhr.js:264
doPoll @ webpack-internal:///…s/polling-xhr.js:63
_poll @ webpack-internal:///…ports/polling.js:66
onData @ webpack-internal:///…ports/polling.js:96
Emitter.emit @ webpack-internal:///…ib/esm/index.js:140
_onLoad @ webpack-internal:///…/polling-xhr.js:204
xhr.onreadystatechange @ webpack-internal:///…/polling-xhr.js:140
XMLHttpRequest.send
_create @ webpack-internal:///…/polling-xhr.js:150
Request @ webpack-internal:///…s/polling-xhr.js:86
request @ webpack-internal:///…/polling-xhr.js:264
doPoll @ webpack-internal:///…s/polling-xhr.js:63
_poll @ webpack-internal:///…ports/polling.js:66
onData @ webpack-internal:///…ports/polling.js:96
Emitter.emit @ webpack-internal:///…ib/esm/index.js:140
_onLoad @ webpack-internal:///…/polling-xhr.js:204
xhr.onreadystatechange @ webpack-internal:///…/polling-xhr.js:140
XMLHttpRequest.send
_create @ webpack-internal:///…/polling-xhr.js:150
Request @ webpack-internal:///…s/polling-xhr.js:86
request @ webpack-internal:///…/polling-xhr.js:264
doPoll @ webpack-internal:///…s/polling-xhr.js:63
_poll @ webpack-internal:///…ports/polling.js:66
onData @ webpack-internal:///…ports/polling.js:96
Emitter.emit @ webpack-internal:///…ib/esm/index.js:140
_onLoad @ webpack-internal:///…/polling-xhr.js:204
xhr.onreadystatechange @ webpack-internal:///…/polling-xhr.js:140
XMLHttpRequest.send
_create @ webpack-internal:///…/polling-xhr.js:150
Request @ webpack-internal:///…s/polling-xhr.js:86
request @ webpack-internal:///…/polling-xhr.js:264
doPoll @ webpack-internal:///…s/polling-xhr.js:63
_poll @ webpack-internal:///…ports/polling.js:66
onData @ webpack-internal:///…ports/polling.js:96
Emitter.emit @ webpack-internal:///…ib/esm/index.js:140
_onLoad @ webpack-internal:///…/polling-xhr.js:204
xhr.onreadystatechange @ webpack-internal:///…/polling-xhr.js:140
XMLHttpRequest.send
_create @ webpack-internal:///…/polling-xhr.js:150
Request @ webpack-internal:///…s/polling-xhr.js:86
request @ webpack-internal:///…/polling-xhr.js:264
doPoll @ webpack-internal:///…s/polling-xhr.js:63
_poll @ webpack-internal:///…ports/polling.js:66
onData @ webpack-internal:///…ports/polling.js:96
Emitter.emit @ webpack-internal:///…ib/esm/index.js:140
_onLoad @ webpack-internal:///…/polling-xhr.js:204
xhr.onreadystatechange @ webpack-internal:///…/polling-xhr.js:140
XMLHttpRequest.send
_create @ webpack-internal:///…/polling-xhr.js:150
Request @ webpack-internal:///…s/polling-xhr.js:86
request @ webpack-internal:///…/polling-xhr.js:264
doPoll @ webpack-internal:///…s/polling-xhr.js:63
_poll @ webpack-internal:///…ports/polling.js:66
onData @ webpack-internal:///…ports/polling.js:96
Emitter.emit @ webpack-internal:///…ib/esm/index.js:140
_onLoad @ webpack-internal:///…/polling-xhr.js:204
xhr.onreadystatechange @ webpack-internal:///…/polling-xhr.js:140
XMLHttpRequest.send
_create @ webpack-internal:///…/polling-xhr.js:150
Request @ webpack-internal:///…s/polling-xhr.js:86
request @ webpack-internal:///…/polling-xhr.js:264
doPoll @ webpack-internal:///…s/polling-xhr.js:63
_poll @ webpack-internal:///…ports/polling.js:66
onData @ webpack-internal:///…ports/polling.js:96
Emitter.emit @ webpack-internal:///…ib/esm/index.js:140
_onLoad @ webpack-internal:///…/polling-xhr.js:204
xhr.onreadystatechange @ webpack-internal:///…/polling-xhr.js:140
XMLHttpRequest.send
_create @ webpack-internal:///…/polling-xhr.js:150
Request @ webpack-internal:///…s/polling-xhr.js:86
request @ webpack-internal:///…/polling-xhr.js:264
doPoll @ webpack-internal:///…s/polling-xhr.js:63
_poll @ webpack-internal:///…ports/polling.js:66
onData @ webpack-internal:///…ports/polling.js:96
Emitter.emit @ webpack-internal:///…ib/esm/index.js:140
_onLoad @ webpack-internal:///…/polling-xhr.js:204
xhr.onreadystatechange @ webpack-internal:///…/polling-xhr.js:140
10:20:35.192  [WebRTC] ✅ Preserving healthy connection for: cmeifml0h001okung0i95m8s6
10:20:35.192  [WebRTC] Received answer: {callId: 'call-1757384369155-78u7pu5k6', fromUserId: 'cmeifml0h001okung0i95m8s6', ourCallId: 'call-1757384369155-78u7pu5k6'}
10:20:35.192  [WebRTC] Processing answer from: cmeifml0h001okung0i95m8s6
10:20:35.192  [WebRTC] Current signaling state: stable
10:20:35.192  [WebRTC] Invalid signaling state for answer: stable Expected: have-local-offer
handleRemoteAnswer @ webpack-internal:///…/lib/webrtc.ts:1071
Emitter.emit @ webpack-internal:///…ib/esm/index.js:140
emitEvent @ webpack-internal:///…d/esm/socket.js:545
onevent @ webpack-internal:///…d/esm/socket.js:532
onpacket @ webpack-internal:///…d/esm/socket.js:502
Emitter.emit @ webpack-internal:///…ib/esm/index.js:140
eval @ webpack-internal:///…/esm/manager.js:219
Promise.then
eval @ webpack-internal:///…d/esm/globals.js:11
ondecoded @ webpack-internal:///…/esm/manager.js:218
Emitter.emit @ webpack-internal:///…ib/esm/index.js:140
add @ webpack-internal:///…ld/esm/index.js:156
ondata @ webpack-internal:///…/esm/manager.js:205
Emitter.emit @ webpack-internal:///…ib/esm/index.js:140
_onPacket @ webpack-internal:///…d/esm/socket.js:272
Emitter.emit @ webpack-internal:///…ib/esm/index.js:140
onPacket @ webpack-internal:///…sm/transport.js:108
callback @ webpack-internal:///…ports/polling.js:86
onData @ webpack-internal:///…ports/polling.js:89
Emitter.emit @ webpack-internal:///…ib/esm/index.js:140
_onLoad @ webpack-internal:///…/polling-xhr.js:204
xhr.onreadystatechange @ webpack-internal:///…/polling-xhr.js:140
XMLHttpRequest.send
_create @ webpack-internal:///…/polling-xhr.js:150
Request @ webpack-internal:///…s/polling-xhr.js:86
request @ webpack-internal:///…/polling-xhr.js:264
doPoll @ webpack-internal:///…s/polling-xhr.js:63
_poll @ webpack-internal:///…ports/polling.js:66
onData @ webpack-internal:///…ports/polling.js:96
Emitter.emit @ webpack-internal:///…ib/esm/index.js:140
_onLoad @ webpack-internal:///…/polling-xhr.js:204
xhr.onreadystatechange @ webpack-internal:///…/polling-xhr.js:140
XMLHttpRequest.send
_create @ webpack-internal:///…/polling-xhr.js:150
Request @ webpack-internal:///…s/polling-xhr.js:86
request @ webpack-internal:///…/polling-xhr.js:264
doPoll @ webpack-internal:///…s/polling-xhr.js:63
_poll @ webpack-internal:///…ports/polling.js:66
onData @ webpack-internal:///…ports/polling.js:96
Emitter.emit @ webpack-internal:///…ib/esm/index.js:140
_onLoad @ webpack-internal:///…/polling-xhr.js:204
xhr.onreadystatechange @ webpack-internal:///…/polling-xhr.js:140
XMLHttpRequest.send
_create @ webpack-internal:///…/polling-xhr.js:150
Request @ webpack-internal:///…s/polling-xhr.js:86
request @ webpack-internal:///…/polling-xhr.js:264
doPoll @ webpack-internal:///…s/polling-xhr.js:63
_poll @ webpack-internal:///…ports/polling.js:66
onData @ webpack-internal:///…ports/polling.js:96
Emitter.emit @ webpack-internal:///…ib/esm/index.js:140
_onLoad @ webpack-internal:///…/polling-xhr.js:204
xhr.onreadystatechange @ webpack-internal:///…/polling-xhr.js:140
XMLHttpRequest.send
_create @ webpack-internal:///…/polling-xhr.js:150
Request @ webpack-internal:///…s/polling-xhr.js:86
request @ webpack-internal:///…/polling-xhr.js:264
doPoll @ webpack-internal:///…s/polling-xhr.js:63
_poll @ webpack-internal:///…ports/polling.js:66
onData @ webpack-internal:///…ports/polling.js:96
Emitter.emit @ webpack-internal:///…ib/esm/index.js:140
_onLoad @ webpack-internal:///…/polling-xhr.js:204
xhr.onreadystatechange @ webpack-internal:///…/polling-xhr.js:140
XMLHttpRequest.send
_create @ webpack-internal:///…/polling-xhr.js:150
Request @ webpack-internal:///…s/polling-xhr.js:86
request @ webpack-internal:///…/polling-xhr.js:264
doPoll @ webpack-internal:///…s/polling-xhr.js:63
_poll @ webpack-internal:///…ports/polling.js:66
onData @ webpack-internal:///…ports/polling.js:96
Emitter.emit @ webpack-internal:///…ib/esm/index.js:140
_onLoad @ webpack-internal:///…/polling-xhr.js:204
xhr.onreadystatechange @ webpack-internal:///…/polling-xhr.js:140
XMLHttpRequest.send
_create @ webpack-internal:///…/polling-xhr.js:150
Request @ webpack-internal:///…s/polling-xhr.js:86
request @ webpack-internal:///…/polling-xhr.js:264
doPoll @ webpack-internal:///…s/polling-xhr.js:63
_poll @ webpack-internal:///…ports/polling.js:66
onData @ webpack-internal:///…ports/polling.js:96
Emitter.emit @ webpack-internal:///…ib/esm/index.js:140
_onLoad @ webpack-internal:///…/polling-xhr.js:204
xhr.onreadystatechange @ webpack-internal:///…/polling-xhr.js:140
XMLHttpRequest.send
_create @ webpack-internal:///…/polling-xhr.js:150
Request @ webpack-internal:///…s/polling-xhr.js:86
request @ webpack-internal:///…/polling-xhr.js:264
doPoll @ webpack-internal:///…s/polling-xhr.js:63
_poll @ webpack-internal:///…ports/polling.js:66
onData @ webpack-internal:///…ports/polling.js:96
Emitter.emit @ webpack-internal:///…ib/esm/index.js:140
_onLoad @ webpack-internal:///…/polling-xhr.js:204
xhr.onreadystatechange @ webpack-internal:///…/polling-xhr.js:140
XMLHttpRequest.send
_create @ webpack-internal:///…/polling-xhr.js:150
Request @ webpack-internal:///…s/polling-xhr.js:86
request @ webpack-internal:///…/polling-xhr.js:264
doPoll @ webpack-internal:///…s/polling-xhr.js:63
_poll @ webpack-internal:///…ports/polling.js:66
onData @ webpack-internal:///…ports/polling.js:96
Emitter.emit @ webpack-internal:///…ib/esm/index.js:140
_onLoad @ webpack-internal:///…/polling-xhr.js:204
xhr.onreadystatechange @ webpack-internal:///…/polling-xhr.js:140
XMLHttpRequest.send
_create @ webpack-internal:///…/polling-xhr.js:150
Request @ webpack-internal:///…s/polling-xhr.js:86
request @ webpack-internal:///…/polling-xhr.js:264
doPoll @ webpack-internal:///…s/polling-xhr.js:63
_poll @ webpack-internal:///…ports/polling.js:66
onData @ webpack-internal:///…ports/polling.js:96
Emitter.emit @ webpack-internal:///…ib/esm/index.js:140
_onLoad @ webpack-internal:///…/polling-xhr.js:204
xhr.onreadystatechange @ webpack-internal:///…/polling-xhr.js:140
10:20:35.192  [WebRTC] Attempting to recover by recreating peer connection
10:20:35.192  [WebRTC] 🔍 Connection closure requested for: cmeifml0h001okung0i95m8s6 {connectionState: 'connecting', iceConnectionState: 'connected', signalingState: 'stable', localDescription: true, remoteDescription: true, …}
10:20:35.192  [WebRTC] ⚠️ PREVENTING closure of healthy connection for: cmeifml0h001okung0i95m8s6 State: connecting ICE: connected
closePeerConnection @ webpack-internal:///…/lib/webrtc.ts:1138
handleRemoteAnswer @ webpack-internal:///…/lib/webrtc.ts:1074
Emitter.emit @ webpack-internal:///…ib/esm/index.js:140
emitEvent @ webpack-internal:///…d/esm/socket.js:545
onevent @ webpack-internal:///…d/esm/socket.js:532
onpacket @ webpack-internal:///…d/esm/socket.js:502
Emitter.emit @ webpack-internal:///…ib/esm/index.js:140
eval @ webpack-internal:///…/esm/manager.js:219
Promise.then
eval @ webpack-internal:///…d/esm/globals.js:11
ondecoded @ webpack-internal:///…/esm/manager.js:218
Emitter.emit @ webpack-internal:///…ib/esm/index.js:140
add @ webpack-internal:///…ld/esm/index.js:156
ondata @ webpack-internal:///…/esm/manager.js:205
Emitter.emit @ webpack-internal:///…ib/esm/index.js:140
_onPacket @ webpack-internal:///…d/esm/socket.js:272
Emitter.emit @ webpack-internal:///…ib/esm/index.js:140
onPacket @ webpack-internal:///…sm/transport.js:108
callback @ webpack-internal:///…ports/polling.js:86
onData @ webpack-internal:///…ports/polling.js:89
Emitter.emit @ webpack-internal:///…ib/esm/index.js:140
_onLoad @ webpack-internal:///…/polling-xhr.js:204
xhr.onreadystatechange @ webpack-internal:///…/polling-xhr.js:140
XMLHttpRequest.send
_create @ webpack-internal:///…/polling-xhr.js:150
Request @ webpack-internal:///…s/polling-xhr.js:86
request @ webpack-internal:///…/polling-xhr.js:264
doPoll @ webpack-internal:///…s/polling-xhr.js:63
_poll @ webpack-internal:///…ports/polling.js:66
onData @ webpack-internal:///…ports/polling.js:96
Emitter.emit @ webpack-internal:///…ib/esm/index.js:140
_onLoad @ webpack-internal:///…/polling-xhr.js:204
xhr.onreadystatechange @ webpack-internal:///…/polling-xhr.js:140
XMLHttpRequest.send
_create @ webpack-internal:///…/polling-xhr.js:150
Request @ webpack-internal:///…s/polling-xhr.js:86
request @ webpack-internal:///…/polling-xhr.js:264
doPoll @ webpack-internal:///…s/polling-xhr.js:63
_poll @ webpack-internal:///…ports/polling.js:66
onData @ webpack-internal:///…ports/polling.js:96
Emitter.emit @ webpack-internal:///…ib/esm/index.js:140
_onLoad @ webpack-internal:///…/polling-xhr.js:204
xhr.onreadystatechange @ webpack-internal:///…/polling-xhr.js:140
XMLHttpRequest.send
_create @ webpack-internal:///…/polling-xhr.js:150
Request @ webpack-internal:///…s/polling-xhr.js:86
request @ webpack-internal:///…/polling-xhr.js:264
doPoll @ webpack-internal:///…s/polling-xhr.js:63
_poll @ webpack-internal:///…ports/polling.js:66
onData @ webpack-internal:///…ports/polling.js:96
Emitter.emit @ webpack-internal:///…ib/esm/index.js:140
_onLoad @ webpack-internal:///…/polling-xhr.js:204
xhr.onreadystatechange @ webpack-internal:///…/polling-xhr.js:140
XMLHttpRequest.send
_create @ webpack-internal:///…/polling-xhr.js:150
Request @ webpack-internal:///…s/polling-xhr.js:86
request @ webpack-internal:///…/polling-xhr.js:264
doPoll @ webpack-internal:///…s/polling-xhr.js:63
_poll @ webpack-internal:///…ports/polling.js:66
onData @ webpack-internal:///…ports/polling.js:96
Emitter.emit @ webpack-internal:///…ib/esm/index.js:140
_onLoad @ webpack-internal:///…/polling-xhr.js:204
xhr.onreadystatechange @ webpack-internal:///…/polling-xhr.js:140
XMLHttpRequest.send
_create @ webpack-internal:///…/polling-xhr.js:150
Request @ webpack-internal:///…s/polling-xhr.js:86
request @ webpack-internal:///…/polling-xhr.js:264
doPoll @ webpack-internal:///…s/polling-xhr.js:63
_poll @ webpack-internal:///…ports/polling.js:66
onData @ webpack-internal:///…ports/polling.js:96
Emitter.emit @ webpack-internal:///…ib/esm/index.js:140
_onLoad @ webpack-internal:///…/polling-xhr.js:204
xhr.onreadystatechange @ webpack-internal:///…/polling-xhr.js:140
XMLHttpRequest.send
_create @ webpack-internal:///…/polling-xhr.js:150
Request @ webpack-internal:///…s/polling-xhr.js:86
request @ webpack-internal:///…/polling-xhr.js:264
doPoll @ webpack-internal:///…s/polling-xhr.js:63
_poll @ webpack-internal:///…ports/polling.js:66
onData @ webpack-internal:///…ports/polling.js:96
Emitter.emit @ webpack-internal:///…ib/esm/index.js:140
_onLoad @ webpack-internal:///…/polling-xhr.js:204
xhr.onreadystatechange @ webpack-internal:///…/polling-xhr.js:140
XMLHttpRequest.send
_create @ webpack-internal:///…/polling-xhr.js:150
Request @ webpack-internal:///…s/polling-xhr.js:86
request @ webpack-internal:///…/polling-xhr.js:264
doPoll @ webpack-internal:///…s/polling-xhr.js:63
_poll @ webpack-internal:///…ports/polling.js:66
onData @ webpack-internal:///…ports/polling.js:96
Emitter.emit @ webpack-internal:///…ib/esm/index.js:140
_onLoad @ webpack-internal:///…/polling-xhr.js:204
xhr.onreadystatechange @ webpack-internal:///…/polling-xhr.js:140
XMLHttpRequest.send
_create @ webpack-internal:///…/polling-xhr.js:150
Request @ webpack-internal:///…s/polling-xhr.js:86
request @ webpack-internal:///…/polling-xhr.js:264
doPoll @ webpack-internal:///…s/polling-xhr.js:63
_poll @ webpack-internal:///…ports/polling.js:66
onData @ webpack-internal:///…ports/polling.js:96
Emitter.emit @ webpack-internal:///…ib/esm/index.js:140
_onLoad @ webpack-internal:///…/polling-xhr.js:204
xhr.onreadystatechange @ webpack-internal:///…/polling-xhr.js:140
XMLHttpRequest.send
_create @ webpack-internal:///…/polling-xhr.js:150
Request @ webpack-internal:///…s/polling-xhr.js:86
request @ webpack-internal:///…/polling-xhr.js:264
doPoll @ webpack-internal:///…s/polling-xhr.js:63
_poll @ webpack-internal:///…ports/polling.js:66
onData @ webpack-internal:///…ports/polling.js:96
Emitter.emit @ webpack-internal:///…ib/esm/index.js:140
_onLoad @ webpack-internal:///…/polling-xhr.js:204
xhr.onreadystatechange @ webpack-internal:///…/polling-xhr.js:140
10:20:35.193  [WebRTC] ✅ Preserving healthy connection for: cmeifml0h001okung0i95m8s6
10:20:35.193  [WebRTC] Received answer: {callId: 'call-1757384369155-78u7pu5k6', fromUserId: 'cmeifml0h001okung0i95m8s6', ourCallId: 'call-1757384369155-78u7pu5k6'}
10:20:35.193  [WebRTC] Processing answer from: cmeifml0h001okung0i95m8s6
10:20:35.193  [WebRTC] Current signaling state: have-local-offer
10:20:35.193  [WebRTC] Setting remote description from answer
10:20:35.198  [VoiceActivity] Effect triggered: {hasStream: true, streamId: '22684b8b-e675-484e-8ba1-c9d3f02f2c18', audioTracks: 1, threshold: -40}
10:20:35.198  [VoiceActivity] Initializing for stream: 22684b8b-e675-484e-8ba1-c9d3f02f2c18 with 1 audio tracks
10:20:35.205  [VoiceActivity] Effect triggered: {hasStream: true, streamId: '22684b8b-e675-484e-8ba1-c9d3f02f2c18', audioTracks: 1, threshold: -40}
10:20:35.205  [VoiceActivity] Initializing for stream: 22684b8b-e675-484e-8ba1-c9d3f02f2c18 with 1 audio tracks
10:20:35.207  [CallModal] Audio loadeddata event for cmeifml0h001okung0i95m8s6
10:20:35.207  [CallModal] 🔄 Stream not ready, waiting...
10:20:35.208  [CallModal] ❌ Initial audio play failed for cmeifml0h001okung0i95m8s6: 
attemptPlay @ webpack-internal:///…/CallModal.tsx:3122
element.addEventListener.once @ webpack-internal:///…/CallModal.tsx:3160
10:20:35.208  [CallModal] 🔄 Waiting for stream to become active for cmeifml0h001okung0i95m8s6
10:20:35.208  [CallModal] Audio can play for cmeifml0h001okung0i95m8s6
10:20:35.209  [CallModal] Audio canplay event for cmeifml0h001okung0i95m8s6
10:20:35.209  [CallModal] 🔄 Stream not ready, waiting...
10:20:35.209  [CallModal] ❌ Initial audio play failed for cmeifml0h001okung0i95m8s6: 
attemptPlay @ webpack-internal:///…/CallModal.tsx:3122
element.addEventListener.once @ webpack-internal:///…/CallModal.tsx:3166
10:20:35.209  [CallModal] 🔄 Waiting for stream to become active for cmeifml0h001okung0i95m8s6
10:20:35.210  [CallModal] Audio is playing for cmeifml0h001okung0i95m8s6
10:20:35.216  [WebRTC] Received ICE candidate from: cmeifml0h001okung0i95m8s6
10:20:35.217  [WebRTC] Received ICE candidate from: cmeifml0h001okung0i95m8s6
10:20:35.218  [WebRTC] Received ICE candidate from: cmeifml0h001okung0i95m8s6
10:20:35.219  [WebRTC] Received ICE candidate from: cmeifml0h001okung0i95m8s6
10:20:35.220  [WebRTC] Received ICE candidate from: cmeifml0h001okung0i95m8s6
10:20:35.220  [WebRTC] Received ICE candidate from: cmeifml0h001okung0i95m8s6
10:20:35.221  [WebRTC] Received ICE candidate from: cmeifml0h001okung0i95m8s6
10:20:35.221  [WebRTC] Received ICE candidate from: cmeifml0h001okung0i95m8s6
10:20:35.222  [WebRTC] Received ICE candidate from: cmeifml0h001okung0i95m8s6
10:20:35.223  [WebRTC] Received ICE candidate from: cmeifml0h001okung0i95m8s6
10:20:35.223  [WebRTC] Received ICE candidate from: cmeifml0h001okung0i95m8s6
10:20:35.224  [WebRTC] Received ICE candidate from: cmeifml0h001okung0i95m8s6
10:20:35.227  [WebRTC] 🎵 RECEIVED REMOTE TRACK: audio from: cmeifml0h001okung0i95m8s6
10:20:35.227  [WebRTC] Track state: {id: 'b04d865a-aec1-4875-b3de-2ea345a84d90', label: 'b04d865a-aec1-4875-b3de-2ea345a84d90', enabled: true, readyState: 'live', muted: true}
10:20:35.227  [WebRTC] 🔧 UNMUTING muted remote audio track from: cmeifml0h001okung0i95m8s6
10:20:35.227  [WebRTC] 🎵 Remote audio track configured for first call: {enabled: true, muted: true, readyState: 'live', participantId: 'cmeifml0h001okung0i95m8s6'}
10:20:35.228  [WebRTC] ✅ Using stream from event: 22684b8b-e675-484e-8ba1-c9d3f02f2c18
10:20:35.228  [WebRTC] 📊 Stream verification for cmeifml0h001okung0i95m8s6:
10:20:35.228  [WebRTC]   Audio tracks: 1 [{…}]
10:20:35.228  [WebRTC]   Video tracks: 0 []
10:20:35.228  [WebRTC]   Stream active: true
10:20:35.228  [WebRTC] 📡 Scheduling notification about remote stream for: cmeifml0h001okung0i95m8s6
10:20:35.228  [WebRTC] 🔍 Checking call readiness after receiving remote track
10:20:35.228  [WebRTC] 🔍 DETAILED Call readiness check:
10:20:35.228  [WebRTC]   Total peers: 2
10:20:35.228  [WebRTC]   Connected peers: 0
10:20:35.228  [WebRTC]   Peers with streams: 1
10:20:35.228  [WebRTC]   Peer details: (2) [{…}, {…}]
10:20:35.228  [WebRTC] ❌ Call NOT ready - Connected: 0 WithStreams: 1
10:20:35.229  [WebRTC] Remote description set, applying any buffered ICE candidates
10:20:35.229  [WebRTC] Remote description set successfully for: cmeifml0h001okung0i95m8s6
10:20:35.229  [WebRTC] Connection state: new
10:20:35.231  [CallModal] Rendered - voice call opened
10:20:35.231  [CallModal] Rendered - voice call opened
10:20:35.233  [WebRTC] ICE candidate added for: cmeifml0h001okung0i95m8s6
10:20:35.233  [WebRTC] ICE candidate added for: cmeifml0h001okung0i95m8s6
10:20:35.234  [WebRTC] ICE candidate added for: cmeifml0h001okung0i95m8s6
10:20:35.234  [WebRTC] 🧊 ICE connection state changed to: checking for cmeifml0h001okung0i95m8s6
10:20:35.234  [WebRTC] ICE diagnostics: {participantId: 'cmeifml0h001okung0i95m8s6', iceConnectionState: 'checking', connectionState: 'new', iceGatheringState: 'gathering', timestamp: 1757384435234}
10:20:35.235  [WebRTC] 🔍 ICE checking connectivity for cmeifml0h001okung0i95m8s6
10:20:35.236  [WebRTC] ICE candidate added for: cmeifml0h001okung0i95m8s6
10:20:35.236  [WebRTC] ICE candidate added for: cmeifml0h001okung0i95m8s6
10:20:35.237  [WebRTC] ICE candidate added for: cmeifml0h001okung0i95m8s6
10:20:35.238  [WebRTC] ICE candidate added for: cmeifml0h001okung0i95m8s6
10:20:35.239  [WebRTC] ICE candidate added for: cmeifml0h001okung0i95m8s6
10:20:35.240  [WebRTC] ICE candidate added for: cmeifml0h001okung0i95m8s6
10:20:35.243  [WebRTC] ICE candidate added for: cmeifml0h001okung0i95m8s6
10:20:35.244  [WebRTC] ICE candidate added for: cmeifml0h001okung0i95m8s6
10:20:35.244  [WebRTC] 🧊 ICE connection state changed to: connected for cmeifml0h001okung0i95m8s6
10:20:35.244  [WebRTC] ICE diagnostics: {participantId: 'cmeifml0h001okung0i95m8s6', iceConnectionState: 'connected', connectionState: 'new', iceGatheringState: 'gathering', timestamp: 1757384435244}
10:20:35.245  [WebRTC] ✅ ICE connection established for cmeifml0h001okung0i95m8s6 - media flow should be stable
10:20:35.245  [WebRTC] ICE candidate added for: cmeifml0h001okung0i95m8s6
10:20:35.247  [CallModal] 🔍 WebRTC stream ready for participant: cmeifml0h001okung0i95m8s6
10:20:35.248  [CallModal] 🔍 Our callId: call-1757384369155-78u7pu5k6 Event callId: call-1757384369155-78u7pu5k6
10:20:35.248  [CallModal] 🔍 Our user ID: cmeumah180000kuygq63oa1qx
10:20:35.248  [CallModal] 🔍 Current call state: ringing
10:20:35.248  [CallModal] 🔍 Current participant states: {}
10:20:35.248  [CallModal] ✅ Processing REMOTE stream ready event
10:20:35.248  [CallModal] 🆔 Our session ID: cmeumah180000kuygq63oa1qx
10:20:35.249  [CallModal] 🆔 Remote participant ID: cmeifml0h001okung0i95m8s6
10:20:35.249  [CallModal] 🔍 Stream data: {callId: 'call-1757384369155-78u7pu5k6', participantId: 'cmeifml0h001okung0i95m8s6', streamId: 'bc884001-458b-454b-890a-15ea46c82cad', hasAudio: true, hasVideo: false}
10:20:35.249  [CallModal] 🚀 INITIATING PEER CONNECTION for remote participant: cmeifml0h001okung0i95m8s6
10:20:35.249  [CallModal] 🚀 WebRTC service available: true
10:20:35.249  [CallModal] 🎥 Processing webrtc_stream_ready for REMOTE participant: cmeifml0h001okung0i95m8s6
10:20:35.250  [CallModal] 🔗 Active peer connections: []
10:20:35.250  [CallModal] 🔗 Has connection to cmeifml0h001okung0i95m8s6 : false
10:20:35.250  [CallModal] 🚀 Creating peer connection to cmeifml0h001okung0i95m8s6
10:20:35.251  [WebRTC] 📞 Safe creating offer for participant: cmeifml0h001okung0i95m8s6
10:20:35.251  [WebRTC] ⏳ Waiting for local stream to be ready...
10:20:35.252  [WebRTC] 🔍 hasLocalStream: {hasStream: true, streamActive: true, totalTracks: 1, liveTracks: 1, result: true}
10:20:35.252  [WebRTC] ✅ Local stream is ready!
10:20:35.252  [WebRTC] Creating peer connection for: cmeifml0h001okung0i95m8s6
10:20:35.252  [WebRTC] ⚠️ Peer connection already exists for: cmeifml0h001okung0i95m8s6 {connectionState: 'new', iceConnectionState: 'connected', signalingState: 'stable'}
10:20:35.253  [WebRTC] ✅ Reusing healthy existing connection for: cmeifml0h001okung0i95m8s6
10:20:35.260  [WebRTC] 🔊 Remote track unmuted: audio for: cmeifml0h001okung0i95m8s6
10:20:35.260  [WebRTC] 🔄 Connection state changed to: connecting for cmeifml0h001okung0i95m8s6
10:20:35.260  [WebRTC] 🔍 DEBUG - Full connection diagnostic: {participantId: 'cmeifml0h001okung0i95m8s6', connectionState: 'connecting', iceConnectionState: 'connected', iceGatheringState: 'gathering', signalingState: 'stable', …}
10:20:35.260  [WebRTC] 🔄 Connection state changed to: connected for cmeifml0h001okung0i95m8s6
10:20:35.261  [WebRTC] 🔍 DEBUG - Full connection diagnostic: {participantId: 'cmeifml0h001okung0i95m8s6', connectionState: 'connected', iceConnectionState: 'connected', iceGatheringState: 'complete', signalingState: 'stable', …}
10:20:35.261  [WebRTC] ✅ Connection ESTABLISHED for cmeifml0h001okung0i95m8s6 - call should work now
10:20:35.261  [WebRTC] Connection ESTABLISHED successfully for: cmeifml0h001okung0i95m8s6
10:20:35.264  [WebRTC] 🚀 Optimizing SDP for ultra-low latency...
10:20:35.265  [WebRTC] ✅ SDP optimized for ultra-low latency
10:20:35.276  [WebRTC] 📡 Sending offer to participant: cmeifml0h001okung0i95m8s6
10:20:35.277  [CallModal] ✅ Peer connection offer created successfully
10:20:35.278  [CallModal] Retrieved remote stream for cmeifml0h001okung0i95m8s6 : true
10:20:35.278  [CallModal] Remote stream tracks: [{…}]
10:20:35.279  [CallModal] Updated remote streams map, now has: ['cmeifml0h001okung0i95m8s6']
10:20:35.280  [CallModal] ✅ Remote stream added to state for VideoGrid
10:20:35.280  [CallModal] Rendered - voice call opened
10:20:35.281  [CallModal] Updated remote streams map, now has: ['cmeifml0h001okung0i95m8s6']
10:20:35.284  [CallModal] Rendered - voice call opened
10:20:35.286  [VoiceParticipant] Tester voice activity debug: {participantId: 'cmeifml0h001okung0i95m8s6', hasOriginalStream: true, hasLatestStream: true, streamActive: true, audioTracksCount: 1, …}
10:20:35.287  [VoiceParticipant] Tester voice activity debug: {participantId: 'cmeifml0h001okung0i95m8s6', hasOriginalStream: true, hasLatestStream: true, streamActive: true, audioTracksCount: 1, …}
10:20:35.289  [CallModal] 🔊 Setting up audio element for participant cmeifml0h001okung0i95m8s6
10:20:35.290  [CallModal] Stream details: {id: '22684b8b-e675-484e-8ba1-c9d3f02f2c18', active: true, audioTracks: Array(1)}
10:20:35.291  [CallModal] Previous audio element for cmeifml0h001okung0i95m8s6: false
10:20:35.294  [CallModal] Cleared previous srcObject for cmeifml0h001okung0i95m8s6
10:20:35.297  [WebRTC] Received ICE candidate from: cmeifml0h001okung0i95m8s6
10:20:35.298  [WebRTC] Received ICE candidate from: cmeifml0h001okung0i95m8s6
10:20:35.299  [WebRTC] Received ICE candidate from: cmeifml0h001okung0i95m8s6
10:20:35.335  [VoiceActivity] Effect triggered: {hasStream: true, streamId: '22684b8b-e675-484e-8ba1-c9d3f02f2c18', audioTracks: 1, threshold: -40}
10:20:35.336  [VoiceActivity] Initializing for stream: 22684b8b-e675-484e-8ba1-c9d3f02f2c18 with 1 audio tracks
10:20:35.337  [CallModal] Updated peer connections for performance monitoring: 2
10:20:35.338  [CallModal] Peer connection participants: (2) ['cmeifn5qp002dkunge64m0xss', 'cmeifml0h001okung0i95m8s6']
10:20:35.339  [VoiceActivity] Effect triggered: {hasStream: true, streamId: '22684b8b-e675-484e-8ba1-c9d3f02f2c18', audioTracks: 1, threshold: -40}
10:20:35.339  [VoiceActivity] Initializing for stream: 22684b8b-e675-484e-8ba1-c9d3f02f2c18 with 1 audio tracks
10:20:35.340  [WebRTC] ICE candidate added for: cmeifml0h001okung0i95m8s6
10:20:35.341  [WebRTC] ICE candidate added for: cmeifml0h001okung0i95m8s6
10:20:35.341  [WebRTC] ICE candidate added for: cmeifml0h001okung0i95m8s6
10:20:35.343  [WebRTC] Received ICE candidate from: cmeifml0h001okung0i95m8s6
10:20:35.344  [WebRTC] Received ICE candidate from: cmeifml0h001okung0i95m8s6
10:20:35.345  [WebRTC] Received ICE candidate from: cmeifml0h001okung0i95m8s6
10:20:35.345  [WebRTC] Received ICE candidate from: cmeifml0h001okung0i95m8s6
10:20:35.346  [WebRTC] Received ICE candidate from: cmeifml0h001okung0i95m8s6
10:20:35.346  [WebRTC] Received ICE candidate from: cmeifml0h001okung0i95m8s6
10:20:35.355  [CallModal] Audio loadeddata event for cmeifml0h001okung0i95m8s6
10:20:35.355  [CallModal] Audio can play for cmeifml0h001okung0i95m8s6
10:20:35.355  [CallModal] Audio canplay event for cmeifml0h001okung0i95m8s6
10:20:35.356  [CallModal] Audio is playing for cmeifml0h001okung0i95m8s6
10:20:35.356  [CallModal] ✅ Audio playing immediately for participant cmeifml0h001okung0i95m8s6
10:20:35.356  [CallModal] ✅ Audio playing immediately for participant cmeifml0h001okung0i95m8s6
10:20:35.356  [CallModal] ✅ Audio playing immediately for participant cmeifml0h001okung0i95m8s6
10:20:35.356  [CallModal] Rendered - voice call opened
10:20:35.357  [CallModal] Rendered - voice call opened
10:20:35.358  [VoiceParticipant] Tester voice activity debug: {participantId: 'cmeifml0h001okung0i95m8s6', hasOriginalStream: true, hasLatestStream: true, streamActive: true, audioTracksCount: 1, …}
10:20:35.358  [VoiceParticipant] Tester voice activity debug: {participantId: 'cmeifml0h001okung0i95m8s6', hasOriginalStream: true, hasLatestStream: true, streamActive: true, audioTracksCount: 1, …}
10:20:35.360  [CallModal] 🔊 Setting up audio element for participant cmeifml0h001okung0i95m8s6
10:20:35.360  [CallModal] Stream details: {id: '22684b8b-e675-484e-8ba1-c9d3f02f2c18', active: true, audioTracks: Array(1)}
10:20:35.360  [CallModal] Previous audio element for cmeifml0h001okung0i95m8s6: false
10:20:35.362  [CallModal] Cleared previous srcObject for cmeifml0h001okung0i95m8s6
10:20:35.363  [WebRTC] ICE candidate added for: cmeifml0h001okung0i95m8s6
10:20:35.364  [WebRTC] ICE candidate added for: cmeifml0h001okung0i95m8s6
10:20:35.364  [WebRTC] ICE candidate added for: cmeifml0h001okung0i95m8s6
10:20:35.364  [WebRTC] ICE candidate added for: cmeifml0h001okung0i95m8s6
10:20:35.365  [WebRTC] ICE candidate added for: cmeifml0h001okung0i95m8s6
10:20:35.365  [WebRTC] 📡 EMITTING webrtc_stream_ready after delay for: cmeifml0h001okung0i95m8s6
10:20:35.365  [WebRTC] ICE candidate added for: cmeifml0h001okung0i95m8s6
10:20:35.485  [VoiceActivity] Effect triggered: {hasStream: true, streamId: '22684b8b-e675-484e-8ba1-c9d3f02f2c18', audioTracks: 1, threshold: -40}
10:20:35.485  [VoiceActivity] Initializing for stream: 22684b8b-e675-484e-8ba1-c9d3f02f2c18 with 1 audio tracks
10:20:35.700  [useCallPerformance] Connection states: (2) [{…}, {…}]
10:20:35.701  [useCallPerformance] Starting monitoring for 2 valid connections
10:20:35.701  [VoiceActivity] Effect triggered: {hasStream: true, streamId: '22684b8b-e675-484e-8ba1-c9d3f02f2c18', audioTracks: 1, threshold: -40}
10:20:35.701  [VoiceActivity] Initializing for stream: 22684b8b-e675-484e-8ba1-c9d3f02f2c18 with 1 audio tracks
10:20:35.705  [CallModal] Audio loadeddata event for cmeifml0h001okung0i95m8s6
10:20:35.706  [CallModal] Audio can play for cmeifml0h001okung0i95m8s6
10:20:35.706  [CallModal] Audio canplay event for cmeifml0h001okung0i95m8s6
10:20:35.706  [CallModal] Audio is playing for cmeifml0h001okung0i95m8s6
10:20:35.706  [CallModal] ✅ Audio playing immediately for participant cmeifml0h001okung0i95m8s6
10:20:35.706  [CallModal] ✅ Audio playing immediately for participant cmeifml0h001okung0i95m8s6
10:20:35.706  [CallModal] ✅ Audio playing immediately for participant cmeifml0h001okung0i95m8s6
10:20:35.707  [useCallPerformance] No valid network data yet, assuming good quality
10:20:35.707  [CallModal] Rendered - voice call opened
10:20:35.708  [CallModal] Rendered - voice call opened
10:20:35.711  [useCallPerformance] Network metrics: {audioPacketLoss: 0, videoPacketLoss: 0, videoFrameRate: 0, latency: 2, callType: 'voice'}
10:20:35.714  [CallModal] Rendered - voice call opened
10:20:35.715  [CallModal] Rendered - voice call opened
10:20:35.716  [VoiceParticipant] Tester voice activity debug: {participantId: 'cmeifml0h001okung0i95m8s6', hasOriginalStream: true, hasLatestStream: true, streamActive: true, audioTracksCount: 1, …}
10:20:35.716  [VoiceParticipant] Tester voice activity debug: {participantId: 'cmeifml0h001okung0i95m8s6', hasOriginalStream: true, hasLatestStream: true, streamActive: true, audioTracksCount: 1, …}
10:20:35.717  [CallModal] 🔊 Setting up audio element for participant cmeifml0h001okung0i95m8s6
10:20:35.717  [CallModal] Stream details: {id: '22684b8b-e675-484e-8ba1-c9d3f02f2c18', active: true, audioTracks: Array(1)}
10:20:35.717  [CallModal] Previous audio element for cmeifml0h001okung0i95m8s6: false
10:20:35.720  [CallModal] Cleared previous srcObject for cmeifml0h001okung0i95m8s6
10:20:35.868  [VoiceActivity] Effect triggered: {hasStream: true, streamId: '22684b8b-e675-484e-8ba1-c9d3f02f2c18', audioTracks: 1, threshold: -40}
10:20:35.869  [VoiceActivity] Initializing for stream: 22684b8b-e675-484e-8ba1-c9d3f02f2c18 with 1 audio tracks
10:20:35.870  [VoiceActivity] Effect triggered: {hasStream: true, streamId: '22684b8b-e675-484e-8ba1-c9d3f02f2c18', audioTracks: 1, threshold: -40}
10:20:35.870  [VoiceActivity] Initializing for stream: 22684b8b-e675-484e-8ba1-c9d3f02f2c18 with 1 audio tracks
10:20:35.871  [CallModal] Rendered - voice call opened
10:20:35.872  [CallModal] Rendered - voice call opened
10:20:35.874  [CallModal] Audio loadeddata event for cmeifml0h001okung0i95m8s6
10:20:35.874  [CallModal] Audio can play for cmeifml0h001okung0i95m8s6
10:20:35.874  [CallModal] Audio canplay event for cmeifml0h001okung0i95m8s6
10:20:35.874  [CallModal] Audio is playing for cmeifml0h001okung0i95m8s6
10:20:35.875  [CallModal] ✅ Audio playing immediately for participant cmeifml0h001okung0i95m8s6
10:20:35.875  [CallModal] ✅ Audio playing immediately for participant cmeifml0h001okung0i95m8s6
10:20:35.875  [CallModal] ✅ Audio playing immediately for participant cmeifml0h001okung0i95m8s6
10:20:35.937  [CallModal] Skipping connection verification - no WebRTC or participants
10:20:35.937  [CallModal] Rendered - voice call opened
10:20:35.937  [CallModal] Rendered - voice call opened
10:20:35.938  [VoiceParticipant] Tester voice activity debug: {participantId: 'cmeifml0h001okung0i95m8s6', hasOriginalStream: true, hasLatestStream: true, streamActive: true, audioTracksCount: 1, …}
10:20:35.938  [VoiceParticipant] Tester voice activity debug: {participantId: 'cmeifml0h001okung0i95m8s6', hasOriginalStream: true, hasLatestStream: true, streamActive: true, audioTracksCount: 1, …}
10:20:35.939  [CallModal] 🔊 Setting up audio element for participant cmeifml0h001okung0i95m8s6
10:20:35.939  [CallModal] Stream details: {id: '22684b8b-e675-484e-8ba1-c9d3f02f2c18', active: true, audioTracks: Array(1)}
10:20:35.939  [CallModal] Previous audio element for cmeifml0h001okung0i95m8s6: false
10:20:35.941  [CallModal] Cleared previous srcObject for cmeifml0h001okung0i95m8s6
10:20:35.942  [VoiceActivity] Effect triggered: {hasStream: true, streamId: '22684b8b-e675-484e-8ba1-c9d3f02f2c18', audioTracks: 1, threshold: -40}
10:20:35.943  [VoiceActivity] Initializing for stream: 22684b8b-e675-484e-8ba1-c9d3f02f2c18 with 1 audio tracks
10:20:35.944  [VoiceActivity] Effect triggered: {hasStream: true, streamId: '22684b8b-e675-484e-8ba1-c9d3f02f2c18', audioTracks: 1, threshold: -40}
10:20:35.944  [VoiceActivity] Initializing for stream: 22684b8b-e675-484e-8ba1-c9d3f02f2c18 with 1 audio tracks
10:20:36.131  [WebRTC] Received ICE candidate from: cmeifn5qp002dkunge64m0xss
10:20:36.132  [WebRTC] Received ICE candidate from: cmeifn5qp002dkunge64m0xss
10:20:36.132  [WebRTC] No peer connection found for ICE candidate, buffering for later: cmeifn5qp002dkunge64m0xss
10:20:36.132  [WebRTC] Buffered ICE candidate for: cmeifn5qp002dkunge64m0xss Total buffered: 32
10:20:36.133  [WebRTC] Received ICE candidate from: cmeifn5qp002dkunge64m0xss
10:20:36.135  [CallModal] Audio loadeddata event for cmeifml0h001okung0i95m8s6
10:20:36.136  [CallModal] Audio can play for cmeifml0h001okung0i95m8s6
10:20:36.136  [CallModal] Audio canplay event for cmeifml0h001okung0i95m8s6
10:20:36.137  [CallModal] Audio is playing for cmeifml0h001okung0i95m8s6
10:20:36.137  [CallModal] ✅ Audio playing immediately for participant cmeifml0h001okung0i95m8s6
10:20:36.137  [CallModal] ✅ Audio playing immediately for participant cmeifml0h001okung0i95m8s6
10:20:36.137  [CallModal] ✅ Audio playing immediately for participant cmeifml0h001okung0i95m8s6
10:20:36.138  [CallModal] Rendered - voice call opened
10:20:36.139  [CallModal] Rendered - voice call opened
10:20:36.141  [WebRTC] Failed to add ICE candidate: 
window.console.error @ webpack-internal:///…ent/app-index.js:33
console.error @ webpack-internal:///…on-error-info.js:63
handleRemoteIceCandidate @ webpack-internal:///…/lib/webrtc.ts:1104
await in handleRemoteIceCandidate
Emitter.emit @ webpack-internal:///…ib/esm/index.js:140
emitEvent @ webpack-internal:///…d/esm/socket.js:545
onevent @ webpack-internal:///…d/esm/socket.js:532
onpacket @ webpack-internal:///…d/esm/socket.js:502
Emitter.emit @ webpack-internal:///…ib/esm/index.js:140
eval @ webpack-internal:///…/esm/manager.js:219
Promise.then
eval @ webpack-internal:///…d/esm/globals.js:11
ondecoded @ webpack-internal:///…/esm/manager.js:218
Emitter.emit @ webpack-internal:///…ib/esm/index.js:140
add @ webpack-internal:///…ld/esm/index.js:156
ondata @ webpack-internal:///…/esm/manager.js:205
Emitter.emit @ webpack-internal:///…ib/esm/index.js:140
_onPacket @ webpack-internal:///…d/esm/socket.js:272
Emitter.emit @ webpack-internal:///…ib/esm/index.js:140
onPacket @ webpack-internal:///…sm/transport.js:108
callback @ webpack-internal:///…ports/polling.js:86
onData @ webpack-internal:///…ports/polling.js:89
Emitter.emit @ webpack-internal:///…ib/esm/index.js:140
_onLoad @ webpack-internal:///…/polling-xhr.js:204
xhr.onreadystatechange @ webpack-internal:///…/polling-xhr.js:140
XMLHttpRequest.send
_create @ webpack-internal:///…/polling-xhr.js:150
Request @ webpack-internal:///…s/polling-xhr.js:86
request @ webpack-internal:///…/polling-xhr.js:264
doPoll @ webpack-internal:///…s/polling-xhr.js:63
_poll @ webpack-internal:///…ports/polling.js:66
onData @ webpack-internal:///…ports/polling.js:96
Emitter.emit @ webpack-internal:///…ib/esm/index.js:140
_onLoad @ webpack-internal:///…/polling-xhr.js:204
xhr.onreadystatechange @ webpack-internal:///…/polling-xhr.js:140
XMLHttpRequest.send
_create @ webpack-internal:///…/polling-xhr.js:150
Request @ webpack-internal:///…s/polling-xhr.js:86
request @ webpack-internal:///…/polling-xhr.js:264
doPoll @ webpack-internal:///…s/polling-xhr.js:63
_poll @ webpack-internal:///…ports/polling.js:66
onData @ webpack-internal:///…ports/polling.js:96
Emitter.emit @ webpack-internal:///…ib/esm/index.js:140
_onLoad @ webpack-internal:///…/polling-xhr.js:204
xhr.onreadystatechange @ webpack-internal:///…/polling-xhr.js:140
XMLHttpRequest.send
_create @ webpack-internal:///…/polling-xhr.js:150
Request @ webpack-internal:///…s/polling-xhr.js:86
request @ webpack-internal:///…/polling-xhr.js:264
doPoll @ webpack-internal:///…s/polling-xhr.js:63
_poll @ webpack-internal:///…ports/polling.js:66
onData @ webpack-internal:///…ports/polling.js:96
Emitter.emit @ webpack-internal:///…ib/esm/index.js:140
_onLoad @ webpack-internal:///…/polling-xhr.js:204
xhr.onreadystatechange @ webpack-internal:///…/polling-xhr.js:140
XMLHttpRequest.send
_create @ webpack-internal:///…/polling-xhr.js:150
Request @ webpack-internal:///…s/polling-xhr.js:86
request @ webpack-internal:///…/polling-xhr.js:264
doPoll @ webpack-internal:///…s/polling-xhr.js:63
_poll @ webpack-internal:///…ports/polling.js:66
onData @ webpack-internal:///…ports/polling.js:96
Emitter.emit @ webpack-internal:///…ib/esm/index.js:140
_onLoad @ webpack-internal:///…/polling-xhr.js:204
xhr.onreadystatechange @ webpack-internal:///…/polling-xhr.js:140
XMLHttpRequest.send
_create @ webpack-internal:///…/polling-xhr.js:150
Request @ webpack-internal:///…s/polling-xhr.js:86
request @ webpack-internal:///…/polling-xhr.js:264
doPoll @ webpack-internal:///…s/polling-xhr.js:63
_poll @ webpack-internal:///…ports/polling.js:66
onData @ webpack-internal:///…ports/polling.js:96
Emitter.emit @ webpack-internal:///…ib/esm/index.js:140
_onLoad @ webpack-internal:///…/polling-xhr.js:204
xhr.onreadystatechange @ webpack-internal:///…/polling-xhr.js:140
XMLHttpRequest.send
_create @ webpack-internal:///…/polling-xhr.js:150
Request @ webpack-internal:///…s/polling-xhr.js:86
request @ webpack-internal:///…/polling-xhr.js:264
doPoll @ webpack-internal:///…s/polling-xhr.js:63
_poll @ webpack-internal:///…ports/polling.js:66
onData @ webpack-internal:///…ports/polling.js:96
Emitter.emit @ webpack-internal:///…ib/esm/index.js:140
_onLoad @ webpack-internal:///…/polling-xhr.js:204
xhr.onreadystatechange @ webpack-internal:///…/polling-xhr.js:140
XMLHttpRequest.send
_create @ webpack-internal:///…/polling-xhr.js:150
Request @ webpack-internal:///…s/polling-xhr.js:86
request @ webpack-internal:///…/polling-xhr.js:264
doPoll @ webpack-internal:///…s/polling-xhr.js:63
_poll @ webpack-internal:///…ports/polling.js:66
onData @ webpack-internal:///…ports/polling.js:96
Emitter.emit @ webpack-internal:///…ib/esm/index.js:140
_onLoad @ webpack-internal:///…/polling-xhr.js:204
xhr.onreadystatechange @ webpack-internal:///…/polling-xhr.js:140
XMLHttpRequest.send
_create @ webpack-internal:///…/polling-xhr.js:150
Request @ webpack-internal:///…s/polling-xhr.js:86
request @ webpack-internal:///…/polling-xhr.js:264
doPoll @ webpack-internal:///…s/polling-xhr.js:63
_poll @ webpack-internal:///…ports/polling.js:66
onData @ webpack-internal:///…ports/polling.js:96
Emitter.emit @ webpack-internal:///…ib/esm/index.js:140
_onLoad @ webpack-internal:///…/polling-xhr.js:204
xhr.onreadystatechange @ webpack-internal:///…/polling-xhr.js:140
XMLHttpRequest.send
_create @ webpack-internal:///…/polling-xhr.js:150
Request @ webpack-internal:///…s/polling-xhr.js:86
request @ webpack-internal:///…/polling-xhr.js:264
doPoll @ webpack-internal:///…s/polling-xhr.js:63
_poll @ webpack-internal:///…ports/polling.js:66
onData @ webpack-internal:///…ports/polling.js:96
Emitter.emit @ webpack-internal:///…ib/esm/index.js:140
_onLoad @ webpack-internal:///…/polling-xhr.js:204
xhr.onreadystatechange @ webpack-internal:///…/polling-xhr.js:140
XMLHttpRequest.send
_create @ webpack-internal:///…/polling-xhr.js:150
Request @ webpack-internal:///…s/polling-xhr.js:86
request @ webpack-internal:///…/polling-xhr.js:264
doPoll @ webpack-internal:///…s/polling-xhr.js:63
_poll @ webpack-internal:///…ports/polling.js:66
onData @ webpack-internal:///…ports/polling.js:96
Emitter.emit @ webpack-internal:///…ib/esm/index.js:140
_onLoad @ webpack-internal:///…/polling-xhr.js:204
xhr.onreadystatechange @ webpack-internal:///…/polling-xhr.js:140
XMLHttpRequest.send
_create @ webpack-internal:///…/polling-xhr.js:150
Request @ webpack-internal:///…s/polling-xhr.js:86
request @ webpack-internal:///…/polling-xhr.js:264
doPoll @ webpack-internal:///…s/polling-xhr.js:63
_poll @ webpack-internal:///…ports/polling.js:66
onData @ webpack-internal:///…ports/polling.js:96
Emitter.emit @ webpack-internal:///…ib/esm/index.js:140
_onLoad @ webpack-internal:///…/polling-xhr.js:204
xhr.onreadystatechange @ webpack-internal:///…/polling-xhr.js:140
XMLHttpRequest.send
_create @ webpack-internal:///…/polling-xhr.js:150
Request @ webpack-internal:///…s/polling-xhr.js:86
request @ webpack-internal:///…/polling-xhr.js:264
doPoll @ webpack-internal:///…s/polling-xhr.js:63
_poll @ webpack-internal:///…ports/polling.js:66
onData @ webpack-internal:///…ports/polling.js:96
Emitter.emit @ webpack-internal:///…ib/esm/index.js:140
_onLoad @ webpack-internal:///…/polling-xhr.js:204
xhr.onreadystatechange @ webpack-internal:///…/polling-xhr.js:140
XMLHttpRequest.send
_create @ webpack-internal:///…/polling-xhr.js:150
Request @ webpack-internal:///…s/polling-xhr.js:86
request @ webpack-internal:///…/polling-xhr.js:264
doPoll @ webpack-internal:///…s/polling-xhr.js:63
_poll @ webpack-internal:///…ports/polling.js:66
onData @ webpack-internal:///…ports/polling.js:96
Emitter.emit @ webpack-internal:///…ib/esm/index.js:140
_onLoad @ webpack-internal:///…/polling-xhr.js:204
xhr.onreadystatechange @ webpack-internal:///…/polling-xhr.js:140
XMLHttpRequest.send
_create @ webpack-internal:///…/polling-xhr.js:150
Request @ webpack-internal:///…s/polling-xhr.js:86
request @ webpack-internal:///…/polling-xhr.js:264
doPoll @ webpack-internal:///…s/polling-xhr.js:63
_poll @ webpack-internal:///…ports/polling.js:66
onData @ webpack-internal:///…ports/polling.js:96
Emitter.emit @ webpack-internal:///…ib/esm/index.js:140
_onLoad @ webpack-internal:///…/polling-xhr.js:204
xhr.onreadystatechange @ webpack-internal:///…/polling-xhr.js:140
10:20:36.142  [WebRTC] Failed to add ICE candidate: 
window.console.error @ webpack-internal:///…ent/app-index.js:33
console.error @ webpack-internal:///…on-error-info.js:63
handleRemoteIceCandidate @ webpack-internal:///…/lib/webrtc.ts:1104
await in handleRemoteIceCandidate
Emitter.emit @ webpack-internal:///…ib/esm/index.js:140
emitEvent @ webpack-internal:///…d/esm/socket.js:545
onevent @ webpack-internal:///…d/esm/socket.js:532
onpacket @ webpack-internal:///…d/esm/socket.js:502
Emitter.emit @ webpack-internal:///…ib/esm/index.js:140
eval @ webpack-internal:///…/esm/manager.js:219
Promise.then
eval @ webpack-internal:///…d/esm/globals.js:11
ondecoded @ webpack-internal:///…/esm/manager.js:218
Emitter.emit @ webpack-internal:///…ib/esm/index.js:140
add @ webpack-internal:///…ld/esm/index.js:156
ondata @ webpack-internal:///…/esm/manager.js:205
Emitter.emit @ webpack-internal:///…ib/esm/index.js:140
_onPacket @ webpack-internal:///…d/esm/socket.js:272
Emitter.emit @ webpack-internal:///…ib/esm/index.js:140
onPacket @ webpack-internal:///…sm/transport.js:108
callback @ webpack-internal:///…ports/polling.js:86
onData @ webpack-internal:///…ports/polling.js:89
Emitter.emit @ webpack-internal:///…ib/esm/index.js:140
_onLoad @ webpack-internal:///…/polling-xhr.js:204
xhr.onreadystatechange @ webpack-internal:///…/polling-xhr.js:140
XMLHttpRequest.send
_create @ webpack-internal:///…/polling-xhr.js:150
Request @ webpack-internal:///…s/polling-xhr.js:86
request @ webpack-internal:///…/polling-xhr.js:264
doPoll @ webpack-internal:///…s/polling-xhr.js:63
_poll @ webpack-internal:///…ports/polling.js:66
onData @ webpack-internal:///…ports/polling.js:96
Emitter.emit @ webpack-internal:///…ib/esm/index.js:140
_onLoad @ webpack-internal:///…/polling-xhr.js:204
xhr.onreadystatechange @ webpack-internal:///…/polling-xhr.js:140
XMLHttpRequest.send
_create @ webpack-internal:///…/polling-xhr.js:150
Request @ webpack-internal:///…s/polling-xhr.js:86
request @ webpack-internal:///…/polling-xhr.js:264
doPoll @ webpack-internal:///…s/polling-xhr.js:63
_poll @ webpack-internal:///…ports/polling.js:66
onData @ webpack-internal:///…ports/polling.js:96
Emitter.emit @ webpack-internal:///…ib/esm/index.js:140
_onLoad @ webpack-internal:///…/polling-xhr.js:204
xhr.onreadystatechange @ webpack-internal:///…/polling-xhr.js:140
XMLHttpRequest.send
_create @ webpack-internal:///…/polling-xhr.js:150
Request @ webpack-internal:///…s/polling-xhr.js:86
request @ webpack-internal:///…/polling-xhr.js:264
doPoll @ webpack-internal:///…s/polling-xhr.js:63
_poll @ webpack-internal:///…ports/polling.js:66
onData @ webpack-internal:///…ports/polling.js:96
Emitter.emit @ webpack-internal:///…ib/esm/index.js:140
_onLoad @ webpack-internal:///…/polling-xhr.js:204
xhr.onreadystatechange @ webpack-internal:///…/polling-xhr.js:140
XMLHttpRequest.send
_create @ webpack-internal:///…/polling-xhr.js:150
Request @ webpack-internal:///…s/polling-xhr.js:86
request @ webpack-internal:///…/polling-xhr.js:264
doPoll @ webpack-internal:///…s/polling-xhr.js:63
_poll @ webpack-internal:///…ports/polling.js:66
onData @ webpack-internal:///…ports/polling.js:96
Emitter.emit @ webpack-internal:///…ib/esm/index.js:140
_onLoad @ webpack-internal:///…/polling-xhr.js:204
xhr.onreadystatechange @ webpack-internal:///…/polling-xhr.js:140
XMLHttpRequest.send
_create @ webpack-internal:///…/polling-xhr.js:150
Request @ webpack-internal:///…s/polling-xhr.js:86
request @ webpack-internal:///…/polling-xhr.js:264
doPoll @ webpack-internal:///…s/polling-xhr.js:63
_poll @ webpack-internal:///…ports/polling.js:66
onData @ webpack-internal:///…ports/polling.js:96
Emitter.emit @ webpack-internal:///…ib/esm/index.js:140
_onLoad @ webpack-internal:///…/polling-xhr.js:204
xhr.onreadystatechange @ webpack-internal:///…/polling-xhr.js:140
XMLHttpRequest.send
_create @ webpack-internal:///…/polling-xhr.js:150
Request @ webpack-internal:///…s/polling-xhr.js:86
request @ webpack-internal:///…/polling-xhr.js:264
doPoll @ webpack-internal:///…s/polling-xhr.js:63
_poll @ webpack-internal:///…ports/polling.js:66
onData @ webpack-internal:///…ports/polling.js:96
Emitter.emit @ webpack-internal:///…ib/esm/index.js:140
_onLoad @ webpack-internal:///…/polling-xhr.js:204
xhr.onreadystatechange @ webpack-internal:///…/polling-xhr.js:140
XMLHttpRequest.send
_create @ webpack-internal:///…/polling-xhr.js:150
Request @ webpack-internal:///…s/polling-xhr.js:86
request @ webpack-internal:///…/polling-xhr.js:264
doPoll @ webpack-internal:///…s/polling-xhr.js:63
_poll @ webpack-internal:///…ports/polling.js:66
onData @ webpack-internal:///…ports/polling.js:96
Emitter.emit @ webpack-internal:///…ib/esm/index.js:140
_onLoad @ webpack-internal:///…/polling-xhr.js:204
xhr.onreadystatechange @ webpack-internal:///…/polling-xhr.js:140
XMLHttpRequest.send
_create @ webpack-internal:///…/polling-xhr.js:150
Request @ webpack-internal:///…s/polling-xhr.js:86
request @ webpack-internal:///…/polling-xhr.js:264
doPoll @ webpack-internal:///…s/polling-xhr.js:63
_poll @ webpack-internal:///…ports/polling.js:66
onData @ webpack-internal:///…ports/polling.js:96
Emitter.emit @ webpack-internal:///…ib/esm/index.js:140
_onLoad @ webpack-internal:///…/polling-xhr.js:204
xhr.onreadystatechange @ webpack-internal:///…/polling-xhr.js:140
XMLHttpRequest.send
_create @ webpack-internal:///…/polling-xhr.js:150
Request @ webpack-internal:///…s/polling-xhr.js:86
request @ webpack-internal:///…/polling-xhr.js:264
doPoll @ webpack-internal:///…s/polling-xhr.js:63
_poll @ webpack-internal:///…ports/polling.js:66
onData @ webpack-internal:///…ports/polling.js:96
Emitter.emit @ webpack-internal:///…ib/esm/index.js:140
_onLoad @ webpack-internal:///…/polling-xhr.js:204
xhr.onreadystatechange @ webpack-internal:///…/polling-xhr.js:140
XMLHttpRequest.send
_create @ webpack-internal:///…/polling-xhr.js:150
Request @ webpack-internal:///…s/polling-xhr.js:86
request @ webpack-internal:///…/polling-xhr.js:264
doPoll @ webpack-internal:///…s/polling-xhr.js:63
_poll @ webpack-internal:///…ports/polling.js:66
onData @ webpack-internal:///…ports/polling.js:96
Emitter.emit @ webpack-internal:///…ib/esm/index.js:140
_onLoad @ webpack-internal:///…/polling-xhr.js:204
xhr.onreadystatechange @ webpack-internal:///…/polling-xhr.js:140
XMLHttpRequest.send
_create @ webpack-internal:///…/polling-xhr.js:150
Request @ webpack-internal:///…s/polling-xhr.js:86
request @ webpack-internal:///…/polling-xhr.js:264
doPoll @ webpack-internal:///…s/polling-xhr.js:63
_poll @ webpack-internal:///…ports/polling.js:66
onData @ webpack-internal:///…ports/polling.js:96
Emitter.emit @ webpack-internal:///…ib/esm/index.js:140
_onLoad @ webpack-internal:///…/polling-xhr.js:204
xhr.onreadystatechange @ webpack-internal:///…/polling-xhr.js:140
XMLHttpRequest.send
_create @ webpack-internal:///…/polling-xhr.js:150
Request @ webpack-internal:///…s/polling-xhr.js:86
request @ webpack-internal:///…/polling-xhr.js:264
doPoll @ webpack-internal:///…s/polling-xhr.js:63
_poll @ webpack-internal:///…ports/polling.js:66
onData @ webpack-internal:///…ports/polling.js:96
Emitter.emit @ webpack-internal:///…ib/esm/index.js:140
_onLoad @ webpack-internal:///…/polling-xhr.js:204
xhr.onreadystatechange @ webpack-internal:///…/polling-xhr.js:140
XMLHttpRequest.send
_create @ webpack-internal:///…/polling-xhr.js:150
Request @ webpack-internal:///…s/polling-xhr.js:86
request @ webpack-internal:///…/polling-xhr.js:264
doPoll @ webpack-internal:///…s/polling-xhr.js:63
_poll @ webpack-internal:///…ports/polling.js:66
onData @ webpack-internal:///…ports/polling.js:96
Emitter.emit @ webpack-internal:///…ib/esm/index.js:140
_onLoad @ webpack-internal:///…/polling-xhr.js:204
xhr.onreadystatechange @ webpack-internal:///…/polling-xhr.js:140
XMLHttpRequest.send
_create @ webpack-internal:///…/polling-xhr.js:150
Request @ webpack-internal:///…s/polling-xhr.js:86
request @ webpack-internal:///…/polling-xhr.js:264
doPoll @ webpack-internal:///…s/polling-xhr.js:63
_poll @ webpack-internal:///…ports/polling.js:66
onData @ webpack-internal:///…ports/polling.js:96
Emitter.emit @ webpack-internal:///…ib/esm/index.js:140
_onLoad @ webpack-internal:///…/polling-xhr.js:204
xhr.onreadystatechange @ webpack-internal:///…/polling-xhr.js:140
10:20:36.144  [WebRTC] 🔍 Post-offer state for cmeifml0h001okung0i95m8s6 : {connectionState: 'connected', signalingState: 'have-local-offer', iceConnectionState: 'connected', iceGatheringState: 'complete'}
10:20:36.146  [WebRTC] Received ICE candidate from: cmeifn5qp002dkunge64m0xss
10:20:36.147  [WebRTC] Received ICE candidate from: cmeifn5qp002dkunge64m0xss
10:20:36.147  [WebRTC] No peer connection found for ICE candidate, buffering for later: cmeifn5qp002dkunge64m0xss
10:20:36.147  [WebRTC] Buffered ICE candidate for: cmeifn5qp002dkunge64m0xss Total buffered: 33
10:20:36.147  [WebRTC] Received ICE candidate from: cmeifn5qp002dkunge64m0xss
10:20:36.148  [WebRTC] Received ICE candidate from: cmeifn5qp002dkunge64m0xss
10:20:36.149  [WebRTC] Received ICE candidate from: cmeifn5qp002dkunge64m0xss
10:20:36.149  [WebRTC] No peer connection found for ICE candidate, buffering for later: cmeifn5qp002dkunge64m0xss
10:20:36.149  [WebRTC] Buffered ICE candidate for: cmeifn5qp002dkunge64m0xss Total buffered: 34
10:20:36.149  [WebRTC] Received ICE candidate from: cmeifn5qp002dkunge64m0xss
10:20:36.150  [WebRTC] Received ICE candidate from: cmeifn5qp002dkunge64m0xss
10:20:36.151  [WebRTC] Received ICE candidate from: cmeifn5qp002dkunge64m0xss
10:20:36.151  [WebRTC] No peer connection found for ICE candidate, buffering for later: cmeifn5qp002dkunge64m0xss
10:20:36.151  [WebRTC] Buffered ICE candidate for: cmeifn5qp002dkunge64m0xss Total buffered: 35
10:20:36.151  [WebRTC] Received ICE candidate from: cmeifn5qp002dkunge64m0xss
10:20:36.152  [WebRTC] Failed to add ICE candidate: 
window.console.error @ webpack-internal:///…ent/app-index.js:33
console.error @ webpack-internal:///…on-error-info.js:63
handleRemoteIceCandidate @ webpack-internal:///…/lib/webrtc.ts:1104
await in handleRemoteIceCandidate
Emitter.emit @ webpack-internal:///…ib/esm/index.js:140
emitEvent @ webpack-internal:///…d/esm/socket.js:545
onevent @ webpack-internal:///…d/esm/socket.js:532
onpacket @ webpack-internal:///…d/esm/socket.js:502
Emitter.emit @ webpack-internal:///…ib/esm/index.js:140
eval @ webpack-internal:///…/esm/manager.js:219
Promise.then
eval @ webpack-internal:///…d/esm/globals.js:11
ondecoded @ webpack-internal:///…/esm/manager.js:218
Emitter.emit @ webpack-internal:///…ib/esm/index.js:140
add @ webpack-internal:///…ld/esm/index.js:156
ondata @ webpack-internal:///…/esm/manager.js:205
Emitter.emit @ webpack-internal:///…ib/esm/index.js:140
_onPacket @ webpack-internal:///…d/esm/socket.js:272
Emitter.emit @ webpack-internal:///…ib/esm/index.js:140
onPacket @ webpack-internal:///…sm/transport.js:108
callback @ webpack-internal:///…ports/polling.js:86
onData @ webpack-internal:///…ports/polling.js:89
Emitter.emit @ webpack-internal:///…ib/esm/index.js:140
_onLoad @ webpack-internal:///…/polling-xhr.js:204
xhr.onreadystatechange @ webpack-internal:///…/polling-xhr.js:140
XMLHttpRequest.send
_create @ webpack-internal:///…/polling-xhr.js:150
Request @ webpack-internal:///…s/polling-xhr.js:86
request @ webpack-internal:///…/polling-xhr.js:264
doPoll @ webpack-internal:///…s/polling-xhr.js:63
_poll @ webpack-internal:///…ports/polling.js:66
onData @ webpack-internal:///…ports/polling.js:96
Emitter.emit @ webpack-internal:///…ib/esm/index.js:140
_onLoad @ webpack-internal:///…/polling-xhr.js:204
xhr.onreadystatechange @ webpack-internal:///…/polling-xhr.js:140
XMLHttpRequest.send
_create @ webpack-internal:///…/polling-xhr.js:150
Request @ webpack-internal:///…s/polling-xhr.js:86
request @ webpack-internal:///…/polling-xhr.js:264
doPoll @ webpack-internal:///…s/polling-xhr.js:63
_poll @ webpack-internal:///…ports/polling.js:66
onData @ webpack-internal:///…ports/polling.js:96
Emitter.emit @ webpack-internal:///…ib/esm/index.js:140
_onLoad @ webpack-internal:///…/polling-xhr.js:204
xhr.onreadystatechange @ webpack-internal:///…/polling-xhr.js:140
XMLHttpRequest.send
_create @ webpack-internal:///…/polling-xhr.js:150
Request @ webpack-internal:///…s/polling-xhr.js:86
request @ webpack-internal:///…/polling-xhr.js:264
doPoll @ webpack-internal:///…s/polling-xhr.js:63
_poll @ webpack-internal:///…ports/polling.js:66
onData @ webpack-internal:///…ports/polling.js:96
Emitter.emit @ webpack-internal:///…ib/esm/index.js:140
_onLoad @ webpack-internal:///…/polling-xhr.js:204
xhr.onreadystatechange @ webpack-internal:///…/polling-xhr.js:140
XMLHttpRequest.send
_create @ webpack-internal:///…/polling-xhr.js:150
Request @ webpack-internal:///…s/polling-xhr.js:86
request @ webpack-internal:///…/polling-xhr.js:264
doPoll @ webpack-internal:///…s/polling-xhr.js:63
_poll @ webpack-internal:///…ports/polling.js:66
onData @ webpack-internal:///…ports/polling.js:96
Emitter.emit @ webpack-internal:///…ib/esm/index.js:140
_onLoad @ webpack-internal:///…/polling-xhr.js:204
xhr.onreadystatechange @ webpack-internal:///…/polling-xhr.js:140
XMLHttpRequest.send
_create @ webpack-internal:///…/polling-xhr.js:150
Request @ webpack-internal:///…s/polling-xhr.js:86
request @ webpack-internal:///…/polling-xhr.js:264
doPoll @ webpack-internal:///…s/polling-xhr.js:63
_poll @ webpack-internal:///…ports/polling.js:66
onData @ webpack-internal:///…ports/polling.js:96
Emitter.emit @ webpack-internal:///…ib/esm/index.js:140
_onLoad @ webpack-internal:///…/polling-xhr.js:204
xhr.onreadystatechange @ webpack-internal:///…/polling-xhr.js:140
XMLHttpRequest.send
_create @ webpack-internal:///…/polling-xhr.js:150
Request @ webpack-internal:///…s/polling-xhr.js:86
request @ webpack-internal:///…/polling-xhr.js:264
doPoll @ webpack-internal:///…s/polling-xhr.js:63
_poll @ webpack-internal:///…ports/polling.js:66
onData @ webpack-internal:///…ports/polling.js:96
Emitter.emit @ webpack-internal:///…ib/esm/index.js:140
_onLoad @ webpack-internal:///…/polling-xhr.js:204
xhr.onreadystatechange @ webpack-internal:///…/polling-xhr.js:140
XMLHttpRequest.send
_create @ webpack-internal:///…/polling-xhr.js:150
Request @ webpack-internal:///…s/polling-xhr.js:86
request @ webpack-internal:///…/polling-xhr.js:264
doPoll @ webpack-internal:///…s/polling-xhr.js:63
_poll @ webpack-internal:///…ports/polling.js:66
onData @ webpack-internal:///…ports/polling.js:96
Emitter.emit @ webpack-internal:///…ib/esm/index.js:140
_onLoad @ webpack-internal:///…/polling-xhr.js:204
xhr.onreadystatechange @ webpack-internal:///…/polling-xhr.js:140
XMLHttpRequest.send
_create @ webpack-internal:///…/polling-xhr.js:150
Request @ webpack-internal:///…s/polling-xhr.js:86
request @ webpack-internal:///…/polling-xhr.js:264
doPoll @ webpack-internal:///…s/polling-xhr.js:63
_poll @ webpack-internal:///…ports/polling.js:66
onData @ webpack-internal:///…ports/polling.js:96
Emitter.emit @ webpack-internal:///…ib/esm/index.js:140
_onLoad @ webpack-internal:///…/polling-xhr.js:204
xhr.onreadystatechange @ webpack-internal:///…/polling-xhr.js:140
XMLHttpRequest.send
_create @ webpack-internal:///…/polling-xhr.js:150
Request @ webpack-internal:///…s/polling-xhr.js:86
request @ webpack-internal:///…/polling-xhr.js:264
doPoll @ webpack-internal:///…s/polling-xhr.js:63
_poll @ webpack-internal:///…ports/polling.js:66
onData @ webpack-internal:///…ports/polling.js:96
Emitter.emit @ webpack-internal:///…ib/esm/index.js:140
_onLoad @ webpack-internal:///…/polling-xhr.js:204
xhr.onreadystatechange @ webpack-internal:///…/polling-xhr.js:140
XMLHttpRequest.send
_create @ webpack-internal:///…/polling-xhr.js:150
Request @ webpack-internal:///…s/polling-xhr.js:86
request @ webpack-internal:///…/polling-xhr.js:264
doPoll @ webpack-internal:///…s/polling-xhr.js:63
_poll @ webpack-internal:///…ports/polling.js:66
onData @ webpack-internal:///…ports/polling.js:96
Emitter.emit @ webpack-internal:///…ib/esm/index.js:140
_onLoad @ webpack-internal:///…/polling-xhr.js:204
xhr.onreadystatechange @ webpack-internal:///…/polling-xhr.js:140
XMLHttpRequest.send
_create @ webpack-internal:///…/polling-xhr.js:150
Request @ webpack-internal:///…s/polling-xhr.js:86
request @ webpack-internal:///…/polling-xhr.js:264
doPoll @ webpack-internal:///…s/polling-xhr.js:63
_poll @ webpack-internal:///…ports/polling.js:66
onData @ webpack-internal:///…ports/polling.js:96
Emitter.emit @ webpack-internal:///…ib/esm/index.js:140
_onLoad @ webpack-internal:///…/polling-xhr.js:204
xhr.onreadystatechange @ webpack-internal:///…/polling-xhr.js:140
XMLHttpRequest.send
_create @ webpack-internal:///…/polling-xhr.js:150
Request @ webpack-internal:///…s/polling-xhr.js:86
request @ webpack-internal:///…/polling-xhr.js:264
doPoll @ webpack-internal:///…s/polling-xhr.js:63
_poll @ webpack-internal:///…ports/polling.js:66
onData @ webpack-internal:///…ports/polling.js:96
Emitter.emit @ webpack-internal:///…ib/esm/index.js:140
_onLoad @ webpack-internal:///…/polling-xhr.js:204
xhr.onreadystatechange @ webpack-internal:///…/polling-xhr.js:140
XMLHttpRequest.send
_create @ webpack-internal:///…/polling-xhr.js:150
Request @ webpack-internal:///…s/polling-xhr.js:86
request @ webpack-internal:///…/polling-xhr.js:264
doPoll @ webpack-internal:///…s/polling-xhr.js:63
_poll @ webpack-internal:///…ports/polling.js:66
onData @ webpack-internal:///…ports/polling.js:96
Emitter.emit @ webpack-internal:///…ib/esm/index.js:140
_onLoad @ webpack-internal:///…/polling-xhr.js:204
xhr.onreadystatechange @ webpack-internal:///…/polling-xhr.js:140
XMLHttpRequest.send
_create @ webpack-internal:///…/polling-xhr.js:150
Request @ webpack-internal:///…s/polling-xhr.js:86
request @ webpack-internal:///…/polling-xhr.js:264
doPoll @ webpack-internal:///…s/polling-xhr.js:63
_poll @ webpack-internal:///…ports/polling.js:66
onData @ webpack-internal:///…ports/polling.js:96
Emitter.emit @ webpack-internal:///…ib/esm/index.js:140
_onLoad @ webpack-internal:///…/polling-xhr.js:204
xhr.onreadystatechange @ webpack-internal:///…/polling-xhr.js:140
XMLHttpRequest.send
_create @ webpack-internal:///…/polling-xhr.js:150
Request @ webpack-internal:///…s/polling-xhr.js:86
request @ webpack-internal:///…/polling-xhr.js:264
doPoll @ webpack-internal:///…s/polling-xhr.js:63
_poll @ webpack-internal:///…ports/polling.js:66
onData @ webpack-internal:///…ports/polling.js:96
Emitter.emit @ webpack-internal:///…ib/esm/index.js:140
_onLoad @ webpack-internal:///…/polling-xhr.js:204
xhr.onreadystatechange @ webpack-internal:///…/polling-xhr.js:140
10:20:36.153  [WebRTC] Failed to add ICE candidate: 
window.console.error @ webpack-internal:///…ent/app-index.js:33
console.error @ webpack-internal:///…on-error-info.js:63
handleRemoteIceCandidate @ webpack-internal:///…/lib/webrtc.ts:1104
await in handleRemoteIceCandidate
Emitter.emit @ webpack-internal:///…ib/esm/index.js:140
emitEvent @ webpack-internal:///…d/esm/socket.js:545
onevent @ webpack-internal:///…d/esm/socket.js:532
onpacket @ webpack-internal:///…d/esm/socket.js:502
Emitter.emit @ webpack-internal:///…ib/esm/index.js:140
eval @ webpack-internal:///…/esm/manager.js:219
Promise.then
eval @ webpack-internal:///…d/esm/globals.js:11
ondecoded @ webpack-internal:///…/esm/manager.js:218
Emitter.emit @ webpack-internal:///…ib/esm/index.js:140
add @ webpack-internal:///…ld/esm/index.js:156
ondata @ webpack-internal:///…/esm/manager.js:205
Emitter.emit @ webpack-internal:///…ib/esm/index.js:140
_onPacket @ webpack-internal:///…d/esm/socket.js:272
Emitter.emit @ webpack-internal:///…ib/esm/index.js:140
onPacket @ webpack-internal:///…sm/transport.js:108
callback @ webpack-internal:///…ports/polling.js:86
onData @ webpack-internal:///…ports/polling.js:89
Emitter.emit @ webpack-internal:///…ib/esm/index.js:140
_onLoad @ webpack-internal:///…/polling-xhr.js:204
xhr.onreadystatechange @ webpack-internal:///…/polling-xhr.js:140
XMLHttpRequest.send
_create @ webpack-internal:///…/polling-xhr.js:150
Request @ webpack-internal:///…s/polling-xhr.js:86
request @ webpack-internal:///…/polling-xhr.js:264
doPoll @ webpack-internal:///…s/polling-xhr.js:63
_poll @ webpack-internal:///…ports/polling.js:66
onData @ webpack-internal:///…ports/polling.js:96
Emitter.emit @ webpack-internal:///…ib/esm/index.js:140
_onLoad @ webpack-internal:///…/polling-xhr.js:204
xhr.onreadystatechange @ webpack-internal:///…/polling-xhr.js:140
XMLHttpRequest.send
_create @ webpack-internal:///…/polling-xhr.js:150
Request @ webpack-internal:///…s/polling-xhr.js:86
request @ webpack-internal:///…/polling-xhr.js:264
doPoll @ webpack-internal:///…s/polling-xhr.js:63
_poll @ webpack-internal:///…ports/polling.js:66
onData @ webpack-internal:///…ports/polling.js:96
Emitter.emit @ webpack-internal:///…ib/esm/index.js:140
_onLoad @ webpack-internal:///…/polling-xhr.js:204
xhr.onreadystatechange @ webpack-internal:///…/polling-xhr.js:140
XMLHttpRequest.send
_create @ webpack-internal:///…/polling-xhr.js:150
Request @ webpack-internal:///…s/polling-xhr.js:86
request @ webpack-internal:///…/polling-xhr.js:264
doPoll @ webpack-internal:///…s/polling-xhr.js:63
_poll @ webpack-internal:///…ports/polling.js:66
onData @ webpack-internal:///…ports/polling.js:96
Emitter.emit @ webpack-internal:///…ib/esm/index.js:140
_onLoad @ webpack-internal:///…/polling-xhr.js:204
xhr.onreadystatechange @ webpack-internal:///…/polling-xhr.js:140
XMLHttpRequest.send
_create @ webpack-internal:///…/polling-xhr.js:150
Request @ webpack-internal:///…s/polling-xhr.js:86
request @ webpack-internal:///…/polling-xhr.js:264
doPoll @ webpack-internal:///…s/polling-xhr.js:63
_poll @ webpack-internal:///…ports/polling.js:66
onData @ webpack-internal:///…ports/polling.js:96
Emitter.emit @ webpack-internal:///…ib/esm/index.js:140
_onLoad @ webpack-internal:///…/polling-xhr.js:204
xhr.onreadystatechange @ webpack-internal:///…/polling-xhr.js:140
XMLHttpRequest.send
_create @ webpack-internal:///…/polling-xhr.js:150
Request @ webpack-internal:///…s/polling-xhr.js:86
request @ webpack-internal:///…/polling-xhr.js:264
doPoll @ webpack-internal:///…s/polling-xhr.js:63
_poll @ webpack-internal:///…ports/polling.js:66
onData @ webpack-internal:///…ports/polling.js:96
Emitter.emit @ webpack-internal:///…ib/esm/index.js:140
_onLoad @ webpack-internal:///…/polling-xhr.js:204
xhr.onreadystatechange @ webpack-internal:///…/polling-xhr.js:140
XMLHttpRequest.send
_create @ webpack-internal:///…/polling-xhr.js:150
Request @ webpack-internal:///…s/polling-xhr.js:86
request @ webpack-internal:///…/polling-xhr.js:264
doPoll @ webpack-internal:///…s/polling-xhr.js:63
_poll @ webpack-internal:///…ports/polling.js:66
onData @ webpack-internal:///…ports/polling.js:96
Emitter.emit @ webpack-internal:///…ib/esm/index.js:140
_onLoad @ webpack-internal:///…/polling-xhr.js:204
xhr.onreadystatechange @ webpack-internal:///…/polling-xhr.js:140
XMLHttpRequest.send
_create @ webpack-internal:///…/polling-xhr.js:150
Request @ webpack-internal:///…s/polling-xhr.js:86
request @ webpack-internal:///…/polling-xhr.js:264
doPoll @ webpack-internal:///…s/polling-xhr.js:63
_poll @ webpack-internal:///…ports/polling.js:66
onData @ webpack-internal:///…ports/polling.js:96
Emitter.emit @ webpack-internal:///…ib/esm/index.js:140
_onLoad @ webpack-internal:///…/polling-xhr.js:204
xhr.onreadystatechange @ webpack-internal:///…/polling-xhr.js:140
XMLHttpRequest.send
_create @ webpack-internal:///…/polling-xhr.js:150
Request @ webpack-internal:///…s/polling-xhr.js:86
request @ webpack-internal:///…/polling-xhr.js:264
doPoll @ webpack-internal:///…s/polling-xhr.js:63
_poll @ webpack-internal:///…ports/polling.js:66
onData @ webpack-internal:///…ports/polling.js:96
Emitter.emit @ webpack-internal:///…ib/esm/index.js:140
_onLoad @ webpack-internal:///…/polling-xhr.js:204
xhr.onreadystatechange @ webpack-internal:///…/polling-xhr.js:140
XMLHttpRequest.send
_create @ webpack-internal:///…/polling-xhr.js:150
Request @ webpack-internal:///…s/polling-xhr.js:86
request @ webpack-internal:///…/polling-xhr.js:264
doPoll @ webpack-internal:///…s/polling-xhr.js:63
_poll @ webpack-internal:///…ports/polling.js:66
onData @ webpack-internal:///…ports/polling.js:96
Emitter.emit @ webpack-internal:///…ib/esm/index.js:140
_onLoad @ webpack-internal:///…/polling-xhr.js:204
xhr.onreadystatechange @ webpack-internal:///…/polling-xhr.js:140
XMLHttpRequest.send
_create @ webpack-internal:///…/polling-xhr.js:150
Request @ webpack-internal:///…s/polling-xhr.js:86
request @ webpack-internal:///…/polling-xhr.js:264
doPoll @ webpack-internal:///…s/polling-xhr.js:63
_poll @ webpack-internal:///…ports/polling.js:66
onData @ webpack-internal:///…ports/polling.js:96
Emitter.emit @ webpack-internal:///…ib/esm/index.js:140
_onLoad @ webpack-internal:///…/polling-xhr.js:204
xhr.onreadystatechange @ webpack-internal:///…/polling-xhr.js:140
XMLHttpRequest.send
_create @ webpack-internal:///…/polling-xhr.js:150
Request @ webpack-internal:///…s/polling-xhr.js:86
request @ webpack-internal:///…/polling-xhr.js:264
doPoll @ webpack-internal:///…s/polling-xhr.js:63
_poll @ webpack-internal:///…ports/polling.js:66
onData @ webpack-internal:///…ports/polling.js:96
Emitter.emit @ webpack-internal:///…ib/esm/index.js:140
_onLoad @ webpack-internal:///…/polling-xhr.js:204
xhr.onreadystatechange @ webpack-internal:///…/polling-xhr.js:140
XMLHttpRequest.send
_create @ webpack-internal:///…/polling-xhr.js:150
Request @ webpack-internal:///…s/polling-xhr.js:86
request @ webpack-internal:///…/polling-xhr.js:264
doPoll @ webpack-internal:///…s/polling-xhr.js:63
_poll @ webpack-internal:///…ports/polling.js:66
onData @ webpack-internal:///…ports/polling.js:96
Emitter.emit @ webpack-internal:///…ib/esm/index.js:140
_onLoad @ webpack-internal:///…/polling-xhr.js:204
xhr.onreadystatechange @ webpack-internal:///…/polling-xhr.js:140
XMLHttpRequest.send
_create @ webpack-internal:///…/polling-xhr.js:150
Request @ webpack-internal:///…s/polling-xhr.js:86
request @ webpack-internal:///…/polling-xhr.js:264
doPoll @ webpack-internal:///…s/polling-xhr.js:63
_poll @ webpack-internal:///…ports/polling.js:66
onData @ webpack-internal:///…ports/polling.js:96
Emitter.emit @ webpack-internal:///…ib/esm/index.js:140
_onLoad @ webpack-internal:///…/polling-xhr.js:204
xhr.onreadystatechange @ webpack-internal:///…/polling-xhr.js:140
XMLHttpRequest.send
_create @ webpack-internal:///…/polling-xhr.js:150
Request @ webpack-internal:///…s/polling-xhr.js:86
request @ webpack-internal:///…/polling-xhr.js:264
doPoll @ webpack-internal:///…s/polling-xhr.js:63
_poll @ webpack-internal:///…ports/polling.js:66
onData @ webpack-internal:///…ports/polling.js:96
Emitter.emit @ webpack-internal:///…ib/esm/index.js:140
_onLoad @ webpack-internal:///…/polling-xhr.js:204
xhr.onreadystatechange @ webpack-internal:///…/polling-xhr.js:140
XMLHttpRequest.send
_create @ webpack-internal:///…/polling-xhr.js:150
Request @ webpack-internal:///…s/polling-xhr.js:86
request @ webpack-internal:///…/polling-xhr.js:264
doPoll @ webpack-internal:///…s/polling-xhr.js:63
_poll @ webpack-internal:///…ports/polling.js:66
onData @ webpack-internal:///…ports/polling.js:96
Emitter.emit @ webpack-internal:///…ib/esm/index.js:140
_onLoad @ webpack-internal:///…/polling-xhr.js:204
xhr.onreadystatechange @ webpack-internal:///…/polling-xhr.js:140
10:20:36.154  [WebRTC] Failed to add ICE candidate: 
window.console.error @ webpack-internal:///…ent/app-index.js:33
console.error @ webpack-internal:///…on-error-info.js:63
handleRemoteIceCandidate @ webpack-internal:///…/lib/webrtc.ts:1104
await in handleRemoteIceCandidate
Emitter.emit @ webpack-internal:///…ib/esm/index.js:140
emitEvent @ webpack-internal:///…d/esm/socket.js:545
onevent @ webpack-internal:///…d/esm/socket.js:532
onpacket @ webpack-internal:///…d/esm/socket.js:502
Emitter.emit @ webpack-internal:///…ib/esm/index.js:140
eval @ webpack-internal:///…/esm/manager.js:219
Promise.then
eval @ webpack-internal:///…d/esm/globals.js:11
ondecoded @ webpack-internal:///…/esm/manager.js:218
Emitter.emit @ webpack-internal:///…ib/esm/index.js:140
add @ webpack-internal:///…ld/esm/index.js:156
ondata @ webpack-internal:///…/esm/manager.js:205
Emitter.emit @ webpack-internal:///…ib/esm/index.js:140
_onPacket @ webpack-internal:///…d/esm/socket.js:272
Emitter.emit @ webpack-internal:///…ib/esm/index.js:140
onPacket @ webpack-internal:///…sm/transport.js:108
callback @ webpack-internal:///…ports/polling.js:86
onData @ webpack-internal:///…ports/polling.js:89
Emitter.emit @ webpack-internal:///…ib/esm/index.js:140
_onLoad @ webpack-internal:///…/polling-xhr.js:204
xhr.onreadystatechange @ webpack-internal:///…/polling-xhr.js:140
XMLHttpRequest.send
_create @ webpack-internal:///…/polling-xhr.js:150
Request @ webpack-internal:///…s/polling-xhr.js:86
request @ webpack-internal:///…/polling-xhr.js:264
doPoll @ webpack-internal:///…s/polling-xhr.js:63
_poll @ webpack-internal:///…ports/polling.js:66
onData @ webpack-internal:///…ports/polling.js:96
Emitter.emit @ webpack-internal:///…ib/esm/index.js:140
_onLoad @ webpack-internal:///…/polling-xhr.js:204
xhr.onreadystatechange @ webpack-internal:///…/polling-xhr.js:140
XMLHttpRequest.send
_create @ webpack-internal:///…/polling-xhr.js:150
Request @ webpack-internal:///…s/polling-xhr.js:86
request @ webpack-internal:///…/polling-xhr.js:264
doPoll @ webpack-internal:///…s/polling-xhr.js:63
_poll @ webpack-internal:///…ports/polling.js:66
onData @ webpack-internal:///…ports/polling.js:96
Emitter.emit @ webpack-internal:///…ib/esm/index.js:140
_onLoad @ webpack-internal:///…/polling-xhr.js:204
xhr.onreadystatechange @ webpack-internal:///…/polling-xhr.js:140
XMLHttpRequest.send
_create @ webpack-internal:///…/polling-xhr.js:150
Request @ webpack-internal:///…s/polling-xhr.js:86
request @ webpack-internal:///…/polling-xhr.js:264
doPoll @ webpack-internal:///…s/polling-xhr.js:63
_poll @ webpack-internal:///…ports/polling.js:66
onData @ webpack-internal:///…ports/polling.js:96
Emitter.emit @ webpack-internal:///…ib/esm/index.js:140
_onLoad @ webpack-internal:///…/polling-xhr.js:204
xhr.onreadystatechange @ webpack-internal:///…/polling-xhr.js:140
XMLHttpRequest.send
_create @ webpack-internal:///…/polling-xhr.js:150
Request @ webpack-internal:///…s/polling-xhr.js:86
request @ webpack-internal:///…/polling-xhr.js:264
doPoll @ webpack-internal:///…s/polling-xhr.js:63
_poll @ webpack-internal:///…ports/polling.js:66
onData @ webpack-internal:///…ports/polling.js:96
Emitter.emit @ webpack-internal:///…ib/esm/index.js:140
_onLoad @ webpack-internal:///…/polling-xhr.js:204
xhr.onreadystatechange @ webpack-internal:///…/polling-xhr.js:140
XMLHttpRequest.send
_create @ webpack-internal:///…/polling-xhr.js:150
Request @ webpack-internal:///…s/polling-xhr.js:86
request @ webpack-internal:///…/polling-xhr.js:264
doPoll @ webpack-internal:///…s/polling-xhr.js:63
_poll @ webpack-internal:///…ports/polling.js:66
onData @ webpack-internal:///…ports/polling.js:96
Emitter.emit @ webpack-internal:///…ib/esm/index.js:140
_onLoad @ webpack-internal:///…/polling-xhr.js:204
xhr.onreadystatechange @ webpack-internal:///…/polling-xhr.js:140
XMLHttpRequest.send
_create @ webpack-internal:///…/polling-xhr.js:150
Request @ webpack-internal:///…s/polling-xhr.js:86
request @ webpack-internal:///…/polling-xhr.js:264
doPoll @ webpack-internal:///…s/polling-xhr.js:63
_poll @ webpack-internal:///…ports/polling.js:66
onData @ webpack-internal:///…ports/polling.js:96
Emitter.emit @ webpack-internal:///…ib/esm/index.js:140
_onLoad @ webpack-internal:///…/polling-xhr.js:204
xhr.onreadystatechange @ webpack-internal:///…/polling-xhr.js:140
XMLHttpRequest.send
_create @ webpack-internal:///…/polling-xhr.js:150
Request @ webpack-internal:///…s/polling-xhr.js:86
request @ webpack-internal:///…/polling-xhr.js:264
doPoll @ webpack-internal:///…s/polling-xhr.js:63
_poll @ webpack-internal:///…ports/polling.js:66
onData @ webpack-internal:///…ports/polling.js:96
Emitter.emit @ webpack-internal:///…ib/esm/index.js:140
_onLoad @ webpack-internal:///…/polling-xhr.js:204
xhr.onreadystatechange @ webpack-internal:///…/polling-xhr.js:140
XMLHttpRequest.send
_create @ webpack-internal:///…/polling-xhr.js:150
Request @ webpack-internal:///…s/polling-xhr.js:86
request @ webpack-internal:///…/polling-xhr.js:264
doPoll @ webpack-internal:///…s/polling-xhr.js:63
_poll @ webpack-internal:///…ports/polling.js:66
onData @ webpack-internal:///…ports/polling.js:96
Emitter.emit @ webpack-internal:///…ib/esm/index.js:140
_onLoad @ webpack-internal:///…/polling-xhr.js:204
xhr.onreadystatechange @ webpack-internal:///…/polling-xhr.js:140
XMLHttpRequest.send
_create @ webpack-internal:///…/polling-xhr.js:150
Request @ webpack-internal:///…s/polling-xhr.js:86
request @ webpack-internal:///…/polling-xhr.js:264
doPoll @ webpack-internal:///…s/polling-xhr.js:63
_poll @ webpack-internal:///…ports/polling.js:66
onData @ webpack-internal:///…ports/polling.js:96
Emitter.emit @ webpack-internal:///…ib/esm/index.js:140
_onLoad @ webpack-internal:///…/polling-xhr.js:204
xhr.onreadystatechange @ webpack-internal:///…/polling-xhr.js:140
XMLHttpRequest.send
_create @ webpack-internal:///…/polling-xhr.js:150
Request @ webpack-internal:///…s/polling-xhr.js:86
request @ webpack-internal:///…/polling-xhr.js:264
doPoll @ webpack-internal:///…s/polling-xhr.js:63
_poll @ webpack-internal:///…ports/polling.js:66
onData @ webpack-internal:///…ports/polling.js:96
Emitter.emit @ webpack-internal:///…ib/esm/index.js:140
_onLoad @ webpack-internal:///…/polling-xhr.js:204
xhr.onreadystatechange @ webpack-internal:///…/polling-xhr.js:140
XMLHttpRequest.send
_create @ webpack-internal:///…/polling-xhr.js:150
Request @ webpack-internal:///…s/polling-xhr.js:86
request @ webpack-internal:///…/polling-xhr.js:264
doPoll @ webpack-internal:///…s/polling-xhr.js:63
_poll @ webpack-internal:///…ports/polling.js:66
onData @ webpack-internal:///…ports/polling.js:96
Emitter.emit @ webpack-internal:///…ib/esm/index.js:140
_onLoad @ webpack-internal:///…/polling-xhr.js:204
xhr.onreadystatechange @ webpack-internal:///…/polling-xhr.js:140
XMLHttpRequest.send
_create @ webpack-internal:///…/polling-xhr.js:150
Request @ webpack-internal:///…s/polling-xhr.js:86
request @ webpack-internal:///…/polling-xhr.js:264
doPoll @ webpack-internal:///…s/polling-xhr.js:63
_poll @ webpack-internal:///…ports/polling.js:66
onData @ webpack-internal:///…ports/polling.js:96
Emitter.emit @ webpack-internal:///…ib/esm/index.js:140
_onLoad @ webpack-internal:///…/polling-xhr.js:204
xhr.onreadystatechange @ webpack-internal:///…/polling-xhr.js:140
XMLHttpRequest.send
_create @ webpack-internal:///…/polling-xhr.js:150
Request @ webpack-internal:///…s/polling-xhr.js:86
request @ webpack-internal:///…/polling-xhr.js:264
doPoll @ webpack-internal:///…s/polling-xhr.js:63
_poll @ webpack-internal:///…ports/polling.js:66
onData @ webpack-internal:///…ports/polling.js:96
Emitter.emit @ webpack-internal:///…ib/esm/index.js:140
_onLoad @ webpack-internal:///…/polling-xhr.js:204
xhr.onreadystatechange @ webpack-internal:///…/polling-xhr.js:140
XMLHttpRequest.send
_create @ webpack-internal:///…/polling-xhr.js:150
Request @ webpack-internal:///…s/polling-xhr.js:86
request @ webpack-internal:///…/polling-xhr.js:264
doPoll @ webpack-internal:///…s/polling-xhr.js:63
_poll @ webpack-internal:///…ports/polling.js:66
onData @ webpack-internal:///…ports/polling.js:96
Emitter.emit @ webpack-internal:///…ib/esm/index.js:140
_onLoad @ webpack-internal:///…/polling-xhr.js:204
xhr.onreadystatechange @ webpack-internal:///…/polling-xhr.js:140
XMLHttpRequest.send
_create @ webpack-internal:///…/polling-xhr.js:150
Request @ webpack-internal:///…s/polling-xhr.js:86
request @ webpack-internal:///…/polling-xhr.js:264
doPoll @ webpack-internal:///…s/polling-xhr.js:63
_poll @ webpack-internal:///…ports/polling.js:66
onData @ webpack-internal:///…ports/polling.js:96
Emitter.emit @ webpack-internal:///…ib/esm/index.js:140
_onLoad @ webpack-internal:///…/polling-xhr.js:204
xhr.onreadystatechange @ webpack-internal:///…/polling-xhr.js:140
10:20:36.154  [WebRTC] Failed to add ICE candidate: 
window.console.error @ webpack-internal:///…ent/app-index.js:33
console.error @ webpack-internal:///…on-error-info.js:63
handleRemoteIceCandidate @ webpack-internal:///…/lib/webrtc.ts:1104
await in handleRemoteIceCandidate
Emitter.emit @ webpack-internal:///…ib/esm/index.js:140
emitEvent @ webpack-internal:///…d/esm/socket.js:545
onevent @ webpack-internal:///…d/esm/socket.js:532
onpacket @ webpack-internal:///…d/esm/socket.js:502
Emitter.emit @ webpack-internal:///…ib/esm/index.js:140
eval @ webpack-internal:///…/esm/manager.js:219
Promise.then
eval @ webpack-internal:///…d/esm/globals.js:11
ondecoded @ webpack-internal:///…/esm/manager.js:218
Emitter.emit @ webpack-internal:///…ib/esm/index.js:140
add @ webpack-internal:///…ld/esm/index.js:156
ondata @ webpack-internal:///…/esm/manager.js:205
Emitter.emit @ webpack-internal:///…ib/esm/index.js:140
_onPacket @ webpack-internal:///…d/esm/socket.js:272
Emitter.emit @ webpack-internal:///…ib/esm/index.js:140
onPacket @ webpack-internal:///…sm/transport.js:108
callback @ webpack-internal:///…ports/polling.js:86
onData @ webpack-internal:///…ports/polling.js:89
Emitter.emit @ webpack-internal:///…ib/esm/index.js:140
_onLoad @ webpack-internal:///…/polling-xhr.js:204
xhr.onreadystatechange @ webpack-internal:///…/polling-xhr.js:140
XMLHttpRequest.send
_create @ webpack-internal:///…/polling-xhr.js:150
Request @ webpack-internal:///…s/polling-xhr.js:86
request @ webpack-internal:///…/polling-xhr.js:264
doPoll @ webpack-internal:///…s/polling-xhr.js:63
_poll @ webpack-internal:///…ports/polling.js:66
onData @ webpack-internal:///…ports/polling.js:96
Emitter.emit @ webpack-internal:///…ib/esm/index.js:140
_onLoad @ webpack-internal:///…/polling-xhr.js:204
xhr.onreadystatechange @ webpack-internal:///…/polling-xhr.js:140
XMLHttpRequest.send
_create @ webpack-internal:///…/polling-xhr.js:150
Request @ webpack-internal:///…s/polling-xhr.js:86
request @ webpack-internal:///…/polling-xhr.js:264
doPoll @ webpack-internal:///…s/polling-xhr.js:63
_poll @ webpack-internal:///…ports/polling.js:66
onData @ webpack-internal:///…ports/polling.js:96
Emitter.emit @ webpack-internal:///…ib/esm/index.js:140
_onLoad @ webpack-internal:///…/polling-xhr.js:204
xhr.onreadystatechange @ webpack-internal:///…/polling-xhr.js:140
XMLHttpRequest.send
_create @ webpack-internal:///…/polling-xhr.js:150
Request @ webpack-internal:///…s/polling-xhr.js:86
request @ webpack-internal:///…/polling-xhr.js:264
doPoll @ webpack-internal:///…s/polling-xhr.js:63
_poll @ webpack-internal:///…ports/polling.js:66
onData @ webpack-internal:///…ports/polling.js:96
Emitter.emit @ webpack-internal:///…ib/esm/index.js:140
_onLoad @ webpack-internal:///…/polling-xhr.js:204
xhr.onreadystatechange @ webpack-internal:///…/polling-xhr.js:140
XMLHttpRequest.send
_create @ webpack-internal:///…/polling-xhr.js:150
Request @ webpack-internal:///…s/polling-xhr.js:86
request @ webpack-internal:///…/polling-xhr.js:264
doPoll @ webpack-internal:///…s/polling-xhr.js:63
_poll @ webpack-internal:///…ports/polling.js:66
onData @ webpack-internal:///…ports/polling.js:96
Emitter.emit @ webpack-internal:///…ib/esm/index.js:140
_onLoad @ webpack-internal:///…/polling-xhr.js:204
xhr.onreadystatechange @ webpack-internal:///…/polling-xhr.js:140
XMLHttpRequest.send
_create @ webpack-internal:///…/polling-xhr.js:150
Request @ webpack-internal:///…s/polling-xhr.js:86
request @ webpack-internal:///…/polling-xhr.js:264
doPoll @ webpack-internal:///…s/polling-xhr.js:63
_poll @ webpack-internal:///…ports/polling.js:66
onData @ webpack-internal:///…ports/polling.js:96
Emitter.emit @ webpack-internal:///…ib/esm/index.js:140
_onLoad @ webpack-internal:///…/polling-xhr.js:204
xhr.onreadystatechange @ webpack-internal:///…/polling-xhr.js:140
XMLHttpRequest.send
_create @ webpack-internal:///…/polling-xhr.js:150
Request @ webpack-internal:///…s/polling-xhr.js:86
request @ webpack-internal:///…/polling-xhr.js:264
doPoll @ webpack-internal:///…s/polling-xhr.js:63
_poll @ webpack-internal:///…ports/polling.js:66
onData @ webpack-internal:///…ports/polling.js:96
Emitter.emit @ webpack-internal:///…ib/esm/index.js:140
_onLoad @ webpack-internal:///…/polling-xhr.js:204
xhr.onreadystatechange @ webpack-internal:///…/polling-xhr.js:140
XMLHttpRequest.send
_create @ webpack-internal:///…/polling-xhr.js:150
Request @ webpack-internal:///…s/polling-xhr.js:86
request @ webpack-internal:///…/polling-xhr.js:264
doPoll @ webpack-internal:///…s/polling-xhr.js:63
_poll @ webpack-internal:///…ports/polling.js:66
onData @ webpack-internal:///…ports/polling.js:96
Emitter.emit @ webpack-internal:///…ib/esm/index.js:140
_onLoad @ webpack-internal:///…/polling-xhr.js:204
xhr.onreadystatechange @ webpack-internal:///…/polling-xhr.js:140
XMLHttpRequest.send
_create @ webpack-internal:///…/polling-xhr.js:150
Request @ webpack-internal:///…s/polling-xhr.js:86
request @ webpack-internal:///…/polling-xhr.js:264
doPoll @ webpack-internal:///…s/polling-xhr.js:63
_poll @ webpack-internal:///…ports/polling.js:66
onData @ webpack-internal:///…ports/polling.js:96
Emitter.emit @ webpack-internal:///…ib/esm/index.js:140
_onLoad @ webpack-internal:///…/polling-xhr.js:204
xhr.onreadystatechange @ webpack-internal:///…/polling-xhr.js:140
XMLHttpRequest.send
_create @ webpack-internal:///…/polling-xhr.js:150
Request @ webpack-internal:///…s/polling-xhr.js:86
request @ webpack-internal:///…/polling-xhr.js:264
doPoll @ webpack-internal:///…s/polling-xhr.js:63
_poll @ webpack-internal:///…ports/polling.js:66
onData @ webpack-internal:///…ports/polling.js:96
Emitter.emit @ webpack-internal:///…ib/esm/index.js:140
_onLoad @ webpack-internal:///…/polling-xhr.js:204
xhr.onreadystatechange @ webpack-internal:///…/polling-xhr.js:140
XMLHttpRequest.send
_create @ webpack-internal:///…/polling-xhr.js:150
Request @ webpack-internal:///…s/polling-xhr.js:86
request @ webpack-internal:///…/polling-xhr.js:264
doPoll @ webpack-internal:///…s/polling-xhr.js:63
_poll @ webpack-internal:///…ports/polling.js:66
onData @ webpack-internal:///…ports/polling.js:96
Emitter.emit @ webpack-internal:///…ib/esm/index.js:140
_onLoad @ webpack-internal:///…/polling-xhr.js:204
xhr.onreadystatechange @ webpack-internal:///…/polling-xhr.js:140
XMLHttpRequest.send
_create @ webpack-internal:///…/polling-xhr.js:150
Request @ webpack-internal:///…s/polling-xhr.js:86
request @ webpack-internal:///…/polling-xhr.js:264
doPoll @ webpack-internal:///…s/polling-xhr.js:63
_poll @ webpack-internal:///…ports/polling.js:66
onData @ webpack-internal:///…ports/polling.js:96
Emitter.emit @ webpack-internal:///…ib/esm/index.js:140
_onLoad @ webpack-internal:///…/polling-xhr.js:204
xhr.onreadystatechange @ webpack-internal:///…/polling-xhr.js:140
XMLHttpRequest.send
_create @ webpack-internal:///…/polling-xhr.js:150
Request @ webpack-internal:///…s/polling-xhr.js:86
request @ webpack-internal:///…/polling-xhr.js:264
doPoll @ webpack-internal:///…s/polling-xhr.js:63
_poll @ webpack-internal:///…ports/polling.js:66
onData @ webpack-internal:///…ports/polling.js:96
Emitter.emit @ webpack-internal:///…ib/esm/index.js:140
_onLoad @ webpack-internal:///…/polling-xhr.js:204
xhr.onreadystatechange @ webpack-internal:///…/polling-xhr.js:140
XMLHttpRequest.send
_create @ webpack-internal:///…/polling-xhr.js:150
Request @ webpack-internal:///…s/polling-xhr.js:86
request @ webpack-internal:///…/polling-xhr.js:264
doPoll @ webpack-internal:///…s/polling-xhr.js:63
_poll @ webpack-internal:///…ports/polling.js:66
onData @ webpack-internal:///…ports/polling.js:96
Emitter.emit @ webpack-internal:///…ib/esm/index.js:140
_onLoad @ webpack-internal:///…/polling-xhr.js:204
xhr.onreadystatechange @ webpack-internal:///…/polling-xhr.js:140
XMLHttpRequest.send
_create @ webpack-internal:///…/polling-xhr.js:150
Request @ webpack-internal:///…s/polling-xhr.js:86
request @ webpack-internal:///…/polling-xhr.js:264
doPoll @ webpack-internal:///…s/polling-xhr.js:63
_poll @ webpack-internal:///…ports/polling.js:66
onData @ webpack-internal:///…ports/polling.js:96
Emitter.emit @ webpack-internal:///…ib/esm/index.js:140
_onLoad @ webpack-internal:///…/polling-xhr.js:204
xhr.onreadystatechange @ webpack-internal:///…/polling-xhr.js:140
XMLHttpRequest.send
_create @ webpack-internal:///…/polling-xhr.js:150
Request @ webpack-internal:///…s/polling-xhr.js:86
request @ webpack-internal:///…/polling-xhr.js:264
doPoll @ webpack-internal:///…s/polling-xhr.js:63
_poll @ webpack-internal:///…ports/polling.js:66
onData @ webpack-internal:///…ports/polling.js:96
Emitter.emit @ webpack-internal:///…ib/esm/index.js:140
_onLoad @ webpack-internal:///…/polling-xhr.js:204
xhr.onreadystatechange @ webpack-internal:///…/polling-xhr.js:140
10:20:36.155  [WebRTC] Failed to add ICE candidate: 
window.console.error @ webpack-internal:///…ent/app-index.js:33
console.error @ webpack-internal:///…on-error-info.js:63
handleRemoteIceCandidate @ webpack-internal:///…/lib/webrtc.ts:1104
await in handleRemoteIceCandidate
Emitter.emit @ webpack-internal:///…ib/esm/index.js:140
emitEvent @ webpack-internal:///…d/esm/socket.js:545
onevent @ webpack-internal:///…d/esm/socket.js:532
onpacket @ webpack-internal:///…d/esm/socket.js:502
Emitter.emit @ webpack-internal:///…ib/esm/index.js:140
eval @ webpack-internal:///…/esm/manager.js:219
Promise.then
eval @ webpack-internal:///…d/esm/globals.js:11
ondecoded @ webpack-internal:///…/esm/manager.js:218
Emitter.emit @ webpack-internal:///…ib/esm/index.js:140
add @ webpack-internal:///…ld/esm/index.js:156
ondata @ webpack-internal:///…/esm/manager.js:205
Emitter.emit @ webpack-internal:///…ib/esm/index.js:140
_onPacket @ webpack-internal:///…d/esm/socket.js:272
Emitter.emit @ webpack-internal:///…ib/esm/index.js:140
onPacket @ webpack-internal:///…sm/transport.js:108
callback @ webpack-internal:///…ports/polling.js:86
onData @ webpack-internal:///…ports/polling.js:89
Emitter.emit @ webpack-internal:///…ib/esm/index.js:140
_onLoad @ webpack-internal:///…/polling-xhr.js:204
xhr.onreadystatechange @ webpack-internal:///…/polling-xhr.js:140
XMLHttpRequest.send
_create @ webpack-internal:///…/polling-xhr.js:150
Request @ webpack-internal:///…s/polling-xhr.js:86
request @ webpack-internal:///…/polling-xhr.js:264
doPoll @ webpack-internal:///…s/polling-xhr.js:63
_poll @ webpack-internal:///…ports/polling.js:66
onData @ webpack-internal:///…ports/polling.js:96
Emitter.emit @ webpack-internal:///…ib/esm/index.js:140
_onLoad @ webpack-internal:///…/polling-xhr.js:204
xhr.onreadystatechange @ webpack-internal:///…/polling-xhr.js:140
XMLHttpRequest.send
_create @ webpack-internal:///…/polling-xhr.js:150
Request @ webpack-internal:///…s/polling-xhr.js:86
request @ webpack-internal:///…/polling-xhr.js:264
doPoll @ webpack-internal:///…s/polling-xhr.js:63
_poll @ webpack-internal:///…ports/polling.js:66
onData @ webpack-internal:///…ports/polling.js:96
Emitter.emit @ webpack-internal:///…ib/esm/index.js:140
_onLoad @ webpack-internal:///…/polling-xhr.js:204
xhr.onreadystatechange @ webpack-internal:///…/polling-xhr.js:140
XMLHttpRequest.send
_create @ webpack-internal:///…/polling-xhr.js:150
Request @ webpack-internal:///…s/polling-xhr.js:86
request @ webpack-internal:///…/polling-xhr.js:264
doPoll @ webpack-internal:///…s/polling-xhr.js:63
_poll @ webpack-internal:///…ports/polling.js:66
onData @ webpack-internal:///…ports/polling.js:96
Emitter.emit @ webpack-internal:///…ib/esm/index.js:140
_onLoad @ webpack-internal:///…/polling-xhr.js:204
xhr.onreadystatechange @ webpack-internal:///…/polling-xhr.js:140
XMLHttpRequest.send
_create @ webpack-internal:///…/polling-xhr.js:150
Request @ webpack-internal:///…s/polling-xhr.js:86
request @ webpack-internal:///…/polling-xhr.js:264
doPoll @ webpack-internal:///…s/polling-xhr.js:63
_poll @ webpack-internal:///…ports/polling.js:66
onData @ webpack-internal:///…ports/polling.js:96
Emitter.emit @ webpack-internal:///…ib/esm/index.js:140
_onLoad @ webpack-internal:///…/polling-xhr.js:204
xhr.onreadystatechange @ webpack-internal:///…/polling-xhr.js:140
XMLHttpRequest.send
_create @ webpack-internal:///…/polling-xhr.js:150
Request @ webpack-internal:///…s/polling-xhr.js:86
request @ webpack-internal:///…/polling-xhr.js:264
doPoll @ webpack-internal:///…s/polling-xhr.js:63
_poll @ webpack-internal:///…ports/polling.js:66
onData @ webpack-internal:///…ports/polling.js:96
Emitter.emit @ webpack-internal:///…ib/esm/index.js:140
_onLoad @ webpack-internal:///…/polling-xhr.js:204
xhr.onreadystatechange @ webpack-internal:///…/polling-xhr.js:140
XMLHttpRequest.send
_create @ webpack-internal:///…/polling-xhr.js:150
Request @ webpack-internal:///…s/polling-xhr.js:86
request @ webpack-internal:///…/polling-xhr.js:264
doPoll @ webpack-internal:///…s/polling-xhr.js:63
_poll @ webpack-internal:///…ports/polling.js:66
onData @ webpack-internal:///…ports/polling.js:96
Emitter.emit @ webpack-internal:///…ib/esm/index.js:140
_onLoad @ webpack-internal:///…/polling-xhr.js:204
xhr.onreadystatechange @ webpack-internal:///…/polling-xhr.js:140
XMLHttpRequest.send
_create @ webpack-internal:///…/polling-xhr.js:150
Request @ webpack-internal:///…s/polling-xhr.js:86
request @ webpack-internal:///…/polling-xhr.js:264
doPoll @ webpack-internal:///…s/polling-xhr.js:63
_poll @ webpack-internal:///…ports/polling.js:66
onData @ webpack-internal:///…ports/polling.js:96
Emitter.emit @ webpack-internal:///…ib/esm/index.js:140
_onLoad @ webpack-internal:///…/polling-xhr.js:204
xhr.onreadystatechange @ webpack-internal:///…/polling-xhr.js:140
XMLHttpRequest.send
_create @ webpack-internal:///…/polling-xhr.js:150
Request @ webpack-internal:///…s/polling-xhr.js:86
request @ webpack-internal:///…/polling-xhr.js:264
doPoll @ webpack-internal:///…s/polling-xhr.js:63
_poll @ webpack-internal:///…ports/polling.js:66
onData @ webpack-internal:///…ports/polling.js:96
Emitter.emit @ webpack-internal:///…ib/esm/index.js:140
_onLoad @ webpack-internal:///…/polling-xhr.js:204
xhr.onreadystatechange @ webpack-internal:///…/polling-xhr.js:140
XMLHttpRequest.send
_create @ webpack-internal:///…/polling-xhr.js:150
Request @ webpack-internal:///…s/polling-xhr.js:86
request @ webpack-internal:///…/polling-xhr.js:264
doPoll @ webpack-internal:///…s/polling-xhr.js:63
_poll @ webpack-internal:///…ports/polling.js:66
onData @ webpack-internal:///…ports/polling.js:96
Emitter.emit @ webpack-internal:///…ib/esm/index.js:140
_onLoad @ webpack-internal:///…/polling-xhr.js:204
xhr.onreadystatechange @ webpack-internal:///…/polling-xhr.js:140
XMLHttpRequest.send
_create @ webpack-internal:///…/polling-xhr.js:150
Request @ webpack-internal:///…s/polling-xhr.js:86
request @ webpack-internal:///…/polling-xhr.js:264
doPoll @ webpack-internal:///…s/polling-xhr.js:63
_poll @ webpack-internal:///…ports/polling.js:66
onData @ webpack-internal:///…ports/polling.js:96
Emitter.emit @ webpack-internal:///…ib/esm/index.js:140
_onLoad @ webpack-internal:///…/polling-xhr.js:204
xhr.onreadystatechange @ webpack-internal:///…/polling-xhr.js:140
XMLHttpRequest.send
_create @ webpack-internal:///…/polling-xhr.js:150
Request @ webpack-internal:///…s/polling-xhr.js:86
request @ webpack-internal:///…/polling-xhr.js:264
doPoll @ webpack-internal:///…s/polling-xhr.js:63
_poll @ webpack-internal:///…ports/polling.js:66
onData @ webpack-internal:///…ports/polling.js:96
Emitter.emit @ webpack-internal:///…ib/esm/index.js:140
_onLoad @ webpack-internal:///…/polling-xhr.js:204
xhr.onreadystatechange @ webpack-internal:///…/polling-xhr.js:140
XMLHttpRequest.send
_create @ webpack-internal:///…/polling-xhr.js:150
Request @ webpack-internal:///…s/polling-xhr.js:86
request @ webpack-internal:///…/polling-xhr.js:264
doPoll @ webpack-internal:///…s/polling-xhr.js:63
_poll @ webpack-internal:///…ports/polling.js:66
onData @ webpack-internal:///…ports/polling.js:96
Emitter.emit @ webpack-internal:///…ib/esm/index.js:140
_onLoad @ webpack-internal:///…/polling-xhr.js:204
xhr.onreadystatechange @ webpack-internal:///…/polling-xhr.js:140
XMLHttpRequest.send
_create @ webpack-internal:///…/polling-xhr.js:150
Request @ webpack-internal:///…s/polling-xhr.js:86
request @ webpack-internal:///…/polling-xhr.js:264
doPoll @ webpack-internal:///…s/polling-xhr.js:63
_poll @ webpack-internal:///…ports/polling.js:66
onData @ webpack-internal:///…ports/polling.js:96
Emitter.emit @ webpack-internal:///…ib/esm/index.js:140
_onLoad @ webpack-internal:///…/polling-xhr.js:204
xhr.onreadystatechange @ webpack-internal:///…/polling-xhr.js:140
XMLHttpRequest.send
_create @ webpack-internal:///…/polling-xhr.js:150
Request @ webpack-internal:///…s/polling-xhr.js:86
request @ webpack-internal:///…/polling-xhr.js:264
doPoll @ webpack-internal:///…s/polling-xhr.js:63
_poll @ webpack-internal:///…ports/polling.js:66
onData @ webpack-internal:///…ports/polling.js:96
Emitter.emit @ webpack-internal:///…ib/esm/index.js:140
_onLoad @ webpack-internal:///…/polling-xhr.js:204
xhr.onreadystatechange @ webpack-internal:///…/polling-xhr.js:140
XMLHttpRequest.send
_create @ webpack-internal:///…/polling-xhr.js:150
Request @ webpack-internal:///…s/polling-xhr.js:86
request @ webpack-internal:///…/polling-xhr.js:264
doPoll @ webpack-internal:///…s/polling-xhr.js:63
_poll @ webpack-internal:///…ports/polling.js:66
onData @ webpack-internal:///…ports/polling.js:96
Emitter.emit @ webpack-internal:///…ib/esm/index.js:140
_onLoad @ webpack-internal:///…/polling-xhr.js:204
xhr.onreadystatechange @ webpack-internal:///…/polling-xhr.js:140
10:20:36.155  [WebRTC] Failed to add ICE candidate: 
window.console.error @ webpack-internal:///…ent/app-index.js:33
console.error @ webpack-internal:///…on-error-info.js:63
handleRemoteIceCandidate @ webpack-internal:///…/lib/webrtc.ts:1104
await in handleRemoteIceCandidate
Emitter.emit @ webpack-internal:///…ib/esm/index.js:140
emitEvent @ webpack-internal:///…d/esm/socket.js:545
onevent @ webpack-internal:///…d/esm/socket.js:532
onpacket @ webpack-internal:///…d/esm/socket.js:502
Emitter.emit @ webpack-internal:///…ib/esm/index.js:140
eval @ webpack-internal:///…/esm/manager.js:219
Promise.then
eval @ webpack-internal:///…d/esm/globals.js:11
ondecoded @ webpack-internal:///…/esm/manager.js:218
Emitter.emit @ webpack-internal:///…ib/esm/index.js:140
add @ webpack-internal:///…ld/esm/index.js:156
ondata @ webpack-internal:///…/esm/manager.js:205
Emitter.emit @ webpack-internal:///…ib/esm/index.js:140
_onPacket @ webpack-internal:///…d/esm/socket.js:272
Emitter.emit @ webpack-internal:///…ib/esm/index.js:140
onPacket @ webpack-internal:///…sm/transport.js:108
callback @ webpack-internal:///…ports/polling.js:86
onData @ webpack-internal:///…ports/polling.js:89
Emitter.emit @ webpack-internal:///…ib/esm/index.js:140
_onLoad @ webpack-internal:///…/polling-xhr.js:204
xhr.onreadystatechange @ webpack-internal:///…/polling-xhr.js:140
XMLHttpRequest.send
_create @ webpack-internal:///…/polling-xhr.js:150
Request @ webpack-internal:///…s/polling-xhr.js:86
request @ webpack-internal:///…/polling-xhr.js:264
doPoll @ webpack-internal:///…s/polling-xhr.js:63
_poll @ webpack-internal:///…ports/polling.js:66
onData @ webpack-internal:///…ports/polling.js:96
Emitter.emit @ webpack-internal:///…ib/esm/index.js:140
_onLoad @ webpack-internal:///…/polling-xhr.js:204
xhr.onreadystatechange @ webpack-internal:///…/polling-xhr.js:140
XMLHttpRequest.send
_create @ webpack-internal:///…/polling-xhr.js:150
Request @ webpack-internal:///…s/polling-xhr.js:86
request @ webpack-internal:///…/polling-xhr.js:264
doPoll @ webpack-internal:///…s/polling-xhr.js:63
_poll @ webpack-internal:///…ports/polling.js:66
onData @ webpack-internal:///…ports/polling.js:96
Emitter.emit @ webpack-internal:///…ib/esm/index.js:140
_onLoad @ webpack-internal:///…/polling-xhr.js:204
xhr.onreadystatechange @ webpack-internal:///…/polling-xhr.js:140
XMLHttpRequest.send
_create @ webpack-internal:///…/polling-xhr.js:150
Request @ webpack-internal:///…s/polling-xhr.js:86
request @ webpack-internal:///…/polling-xhr.js:264
doPoll @ webpack-internal:///…s/polling-xhr.js:63
_poll @ webpack-internal:///…ports/polling.js:66
onData @ webpack-internal:///…ports/polling.js:96
Emitter.emit @ webpack-internal:///…ib/esm/index.js:140
_onLoad @ webpack-internal:///…/polling-xhr.js:204
xhr.onreadystatechange @ webpack-internal:///…/polling-xhr.js:140
XMLHttpRequest.send
_create @ webpack-internal:///…/polling-xhr.js:150
Request @ webpack-internal:///…s/polling-xhr.js:86
request @ webpack-internal:///…/polling-xhr.js:264
doPoll @ webpack-internal:///…s/polling-xhr.js:63
_poll @ webpack-internal:///…ports/polling.js:66
onData @ webpack-internal:///…ports/polling.js:96
Emitter.emit @ webpack-internal:///…ib/esm/index.js:140
_onLoad @ webpack-internal:///…/polling-xhr.js:204
xhr.onreadystatechange @ webpack-internal:///…/polling-xhr.js:140
XMLHttpRequest.send
_create @ webpack-internal:///…/polling-xhr.js:150
Request @ webpack-internal:///…s/polling-xhr.js:86
request @ webpack-internal:///…/polling-xhr.js:264
doPoll @ webpack-internal:///…s/polling-xhr.js:63
_poll @ webpack-internal:///…ports/polling.js:66
onData @ webpack-internal:///…ports/polling.js:96
Emitter.emit @ webpack-internal:///…ib/esm/index.js:140
_onLoad @ webpack-internal:///…/polling-xhr.js:204
xhr.onreadystatechange @ webpack-internal:///…/polling-xhr.js:140
XMLHttpRequest.send
_create @ webpack-internal:///…/polling-xhr.js:150
Request @ webpack-internal:///…s/polling-xhr.js:86
request @ webpack-internal:///…/polling-xhr.js:264
doPoll @ webpack-internal:///…s/polling-xhr.js:63
_poll @ webpack-internal:///…ports/polling.js:66
onData @ webpack-internal:///…ports/polling.js:96
Emitter.emit @ webpack-internal:///…ib/esm/index.js:140
_onLoad @ webpack-internal:///…/polling-xhr.js:204
xhr.onreadystatechange @ webpack-internal:///…/polling-xhr.js:140
XMLHttpRequest.send
_create @ webpack-internal:///…/polling-xhr.js:150
Request @ webpack-internal:///…s/polling-xhr.js:86
request @ webpack-internal:///…/polling-xhr.js:264
doPoll @ webpack-internal:///…s/polling-xhr.js:63
_poll @ webpack-internal:///…ports/polling.js:66
onData @ webpack-internal:///…ports/polling.js:96
Emitter.emit @ webpack-internal:///…ib/esm/index.js:140
_onLoad @ webpack-internal:///…/polling-xhr.js:204
xhr.onreadystatechange @ webpack-internal:///…/polling-xhr.js:140
XMLHttpRequest.send
_create @ webpack-internal:///…/polling-xhr.js:150
Request @ webpack-internal:///…s/polling-xhr.js:86
request @ webpack-internal:///…/polling-xhr.js:264
doPoll @ webpack-internal:///…s/polling-xhr.js:63
_poll @ webpack-internal:///…ports/polling.js:66
onData @ webpack-internal:///…ports/polling.js:96
Emitter.emit @ webpack-internal:///…ib/esm/index.js:140
_onLoad @ webpack-internal:///…/polling-xhr.js:204
xhr.onreadystatechange @ webpack-internal:///…/polling-xhr.js:140
XMLHttpRequest.send
_create @ webpack-internal:///…/polling-xhr.js:150
Request @ webpack-internal:///…s/polling-xhr.js:86
request @ webpack-internal:///…/polling-xhr.js:264
doPoll @ webpack-internal:///…s/polling-xhr.js:63
_poll @ webpack-internal:///…ports/polling.js:66
onData @ webpack-internal:///…ports/polling.js:96
Emitter.emit @ webpack-internal:///…ib/esm/index.js:140
_onLoad @ webpack-internal:///…/polling-xhr.js:204
xhr.onreadystatechange @ webpack-internal:///…/polling-xhr.js:140
XMLHttpRequest.send
_create @ webpack-internal:///…/polling-xhr.js:150
Request @ webpack-internal:///…s/polling-xhr.js:86
request @ webpack-internal:///…/polling-xhr.js:264
doPoll @ webpack-internal:///…s/polling-xhr.js:63
_poll @ webpack-internal:///…ports/polling.js:66
onData @ webpack-internal:///…ports/polling.js:96
Emitter.emit @ webpack-internal:///…ib/esm/index.js:140
_onLoad @ webpack-internal:///…/polling-xhr.js:204
xhr.onreadystatechange @ webpack-internal:///…/polling-xhr.js:140
XMLHttpRequest.send
_create @ webpack-internal:///…/polling-xhr.js:150
Request @ webpack-internal:///…s/polling-xhr.js:86
request @ webpack-internal:///…/polling-xhr.js:264
doPoll @ webpack-internal:///…s/polling-xhr.js:63
_poll @ webpack-internal:///…ports/polling.js:66
onData @ webpack-internal:///…ports/polling.js:96
Emitter.emit @ webpack-internal:///…ib/esm/index.js:140
_onLoad @ webpack-internal:///…/polling-xhr.js:204
xhr.onreadystatechange @ webpack-internal:///…/polling-xhr.js:140
XMLHttpRequest.send
_create @ webpack-internal:///…/polling-xhr.js:150
Request @ webpack-internal:///…s/polling-xhr.js:86
request @ webpack-internal:///…/polling-xhr.js:264
doPoll @ webpack-internal:///…s/polling-xhr.js:63
_poll @ webpack-internal:///…ports/polling.js:66
onData @ webpack-internal:///…ports/polling.js:96
Emitter.emit @ webpack-internal:///…ib/esm/index.js:140
_onLoad @ webpack-internal:///…/polling-xhr.js:204
xhr.onreadystatechange @ webpack-internal:///…/polling-xhr.js:140
XMLHttpRequest.send
_create @ webpack-internal:///…/polling-xhr.js:150
Request @ webpack-internal:///…s/polling-xhr.js:86
request @ webpack-internal:///…/polling-xhr.js:264
doPoll @ webpack-internal:///…s/polling-xhr.js:63
_poll @ webpack-internal:///…ports/polling.js:66
onData @ webpack-internal:///…ports/polling.js:96
Emitter.emit @ webpack-internal:///…ib/esm/index.js:140
_onLoad @ webpack-internal:///…/polling-xhr.js:204
xhr.onreadystatechange @ webpack-internal:///…/polling-xhr.js:140
XMLHttpRequest.send
_create @ webpack-internal:///…/polling-xhr.js:150
Request @ webpack-internal:///…s/polling-xhr.js:86
request @ webpack-internal:///…/polling-xhr.js:264
doPoll @ webpack-internal:///…s/polling-xhr.js:63
_poll @ webpack-internal:///…ports/polling.js:66
onData @ webpack-internal:///…ports/polling.js:96
Emitter.emit @ webpack-internal:///…ib/esm/index.js:140
_onLoad @ webpack-internal:///…/polling-xhr.js:204
xhr.onreadystatechange @ webpack-internal:///…/polling-xhr.js:140
XMLHttpRequest.send
_create @ webpack-internal:///…/polling-xhr.js:150
Request @ webpack-internal:///…s/polling-xhr.js:86
request @ webpack-internal:///…/polling-xhr.js:264
doPoll @ webpack-internal:///…s/polling-xhr.js:63
_poll @ webpack-internal:///…ports/polling.js:66
onData @ webpack-internal:///…ports/polling.js:96
Emitter.emit @ webpack-internal:///…ib/esm/index.js:140
_onLoad @ webpack-internal:///…/polling-xhr.js:204
xhr.onreadystatechange @ webpack-internal:///…/polling-xhr.js:140
10:20:36.167  [WebRTC] Received ICE candidate from: cmeifn5qp002dkunge64m0xss
10:20:36.168  [WebRTC] Received ICE candidate from: cmeifn5qp002dkunge64m0xss
10:20:36.168  [WebRTC] No peer connection found for ICE candidate, buffering for later: cmeifn5qp002dkunge64m0xss
10:20:36.168  [WebRTC] Buffered ICE candidate for: cmeifn5qp002dkunge64m0xss Total buffered: 36
10:20:36.168  [WebRTC] Received ICE candidate from: cmeifn5qp002dkunge64m0xss
10:20:36.169  [WebRTC] Failed to add ICE candidate: 
window.console.error @ webpack-internal:///…ent/app-index.js:33
console.error @ webpack-internal:///…on-error-info.js:63
handleRemoteIceCandidate @ webpack-internal:///…/lib/webrtc.ts:1104
await in handleRemoteIceCandidate
Emitter.emit @ webpack-internal:///…ib/esm/index.js:140
emitEvent @ webpack-internal:///…d/esm/socket.js:545
onevent @ webpack-internal:///…d/esm/socket.js:532
onpacket @ webpack-internal:///…d/esm/socket.js:502
Emitter.emit @ webpack-internal:///…ib/esm/index.js:140
eval @ webpack-internal:///…/esm/manager.js:219
Promise.then
eval @ webpack-internal:///…d/esm/globals.js:11
ondecoded @ webpack-internal:///…/esm/manager.js:218
Emitter.emit @ webpack-internal:///…ib/esm/index.js:140
add @ webpack-internal:///…ld/esm/index.js:156
ondata @ webpack-internal:///…/esm/manager.js:205
Emitter.emit @ webpack-internal:///…ib/esm/index.js:140
_onPacket @ webpack-internal:///…d/esm/socket.js:272
Emitter.emit @ webpack-internal:///…ib/esm/index.js:140
onPacket @ webpack-internal:///…sm/transport.js:108
callback @ webpack-internal:///…ports/polling.js:86
onData @ webpack-internal:///…ports/polling.js:89
Emitter.emit @ webpack-internal:///…ib/esm/index.js:140
_onLoad @ webpack-internal:///…/polling-xhr.js:204
xhr.onreadystatechange @ webpack-internal:///…/polling-xhr.js:140
XMLHttpRequest.send
_create @ webpack-internal:///…/polling-xhr.js:150
Request @ webpack-internal:///…s/polling-xhr.js:86
request @ webpack-internal:///…/polling-xhr.js:264
doPoll @ webpack-internal:///…s/polling-xhr.js:63
_poll @ webpack-internal:///…ports/polling.js:66
onData @ webpack-internal:///…ports/polling.js:96
Emitter.emit @ webpack-internal:///…ib/esm/index.js:140
_onLoad @ webpack-internal:///…/polling-xhr.js:204
xhr.onreadystatechange @ webpack-internal:///…/polling-xhr.js:140
XMLHttpRequest.send
_create @ webpack-internal:///…/polling-xhr.js:150
Request @ webpack-internal:///…s/polling-xhr.js:86
request @ webpack-internal:///…/polling-xhr.js:264
doPoll @ webpack-internal:///…s/polling-xhr.js:63
_poll @ webpack-internal:///…ports/polling.js:66
onData @ webpack-internal:///…ports/polling.js:96
Emitter.emit @ webpack-internal:///…ib/esm/index.js:140
_onLoad @ webpack-internal:///…/polling-xhr.js:204
xhr.onreadystatechange @ webpack-internal:///…/polling-xhr.js:140
XMLHttpRequest.send
_create @ webpack-internal:///…/polling-xhr.js:150
Request @ webpack-internal:///…s/polling-xhr.js:86
request @ webpack-internal:///…/polling-xhr.js:264
doPoll @ webpack-internal:///…s/polling-xhr.js:63
_poll @ webpack-internal:///…ports/polling.js:66
onData @ webpack-internal:///…ports/polling.js:96
Emitter.emit @ webpack-internal:///…ib/esm/index.js:140
_onLoad @ webpack-internal:///…/polling-xhr.js:204
xhr.onreadystatechange @ webpack-internal:///…/polling-xhr.js:140
XMLHttpRequest.send
_create @ webpack-internal:///…/polling-xhr.js:150
Request @ webpack-internal:///…s/polling-xhr.js:86
request @ webpack-internal:///…/polling-xhr.js:264
doPoll @ webpack-internal:///…s/polling-xhr.js:63
_poll @ webpack-internal:///…ports/polling.js:66
onData @ webpack-internal:///…ports/polling.js:96
Emitter.emit @ webpack-internal:///…ib/esm/index.js:140
_onLoad @ webpack-internal:///…/polling-xhr.js:204
xhr.onreadystatechange @ webpack-internal:///…/polling-xhr.js:140
XMLHttpRequest.send
_create @ webpack-internal:///…/polling-xhr.js:150
Request @ webpack-internal:///…s/polling-xhr.js:86
request @ webpack-internal:///…/polling-xhr.js:264
doPoll @ webpack-internal:///…s/polling-xhr.js:63
_poll @ webpack-internal:///…ports/polling.js:66
onData @ webpack-internal:///…ports/polling.js:96
Emitter.emit @ webpack-internal:///…ib/esm/index.js:140
_onLoad @ webpack-internal:///…/polling-xhr.js:204
xhr.onreadystatechange @ webpack-internal:///…/polling-xhr.js:140
XMLHttpRequest.send
_create @ webpack-internal:///…/polling-xhr.js:150
Request @ webpack-internal:///…s/polling-xhr.js:86
request @ webpack-internal:///…/polling-xhr.js:264
doPoll @ webpack-internal:///…s/polling-xhr.js:63
_poll @ webpack-internal:///…ports/polling.js:66
onData @ webpack-internal:///…ports/polling.js:96
Emitter.emit @ webpack-internal:///…ib/esm/index.js:140
_onLoad @ webpack-internal:///…/polling-xhr.js:204
xhr.onreadystatechange @ webpack-internal:///…/polling-xhr.js:140
XMLHttpRequest.send
_create @ webpack-internal:///…/polling-xhr.js:150
Request @ webpack-internal:///…s/polling-xhr.js:86
request @ webpack-internal:///…/polling-xhr.js:264
doPoll @ webpack-internal:///…s/polling-xhr.js:63
_poll @ webpack-internal:///…ports/polling.js:66
onData @ webpack-internal:///…ports/polling.js:96
Emitter.emit @ webpack-internal:///…ib/esm/index.js:140
_onLoad @ webpack-internal:///…/polling-xhr.js:204
xhr.onreadystatechange @ webpack-internal:///…/polling-xhr.js:140
XMLHttpRequest.send
_create @ webpack-internal:///…/polling-xhr.js:150
Request @ webpack-internal:///…s/polling-xhr.js:86
request @ webpack-internal:///…/polling-xhr.js:264
doPoll @ webpack-internal:///…s/polling-xhr.js:63
_poll @ webpack-internal:///…ports/polling.js:66
onData @ webpack-internal:///…ports/polling.js:96
Emitter.emit @ webpack-internal:///…ib/esm/index.js:140
_onLoad @ webpack-internal:///…/polling-xhr.js:204
xhr.onreadystatechange @ webpack-internal:///…/polling-xhr.js:140
XMLHttpRequest.send
_create @ webpack-internal:///…/polling-xhr.js:150
Request @ webpack-internal:///…s/polling-xhr.js:86
request @ webpack-internal:///…/polling-xhr.js:264
doPoll @ webpack-internal:///…s/polling-xhr.js:63
_poll @ webpack-internal:///…ports/polling.js:66
onData @ webpack-internal:///…ports/polling.js:96
Emitter.emit @ webpack-internal:///…ib/esm/index.js:140
_onLoad @ webpack-internal:///…/polling-xhr.js:204
xhr.onreadystatechange @ webpack-internal:///…/polling-xhr.js:140
XMLHttpRequest.send
_create @ webpack-internal:///…/polling-xhr.js:150
Request @ webpack-internal:///…s/polling-xhr.js:86
request @ webpack-internal:///…/polling-xhr.js:264
doPoll @ webpack-internal:///…s/polling-xhr.js:63
_poll @ webpack-internal:///…ports/polling.js:66
onData @ webpack-internal:///…ports/polling.js:96
Emitter.emit @ webpack-internal:///…ib/esm/index.js:140
_onLoad @ webpack-internal:///…/polling-xhr.js:204
xhr.onreadystatechange @ webpack-internal:///…/polling-xhr.js:140
XMLHttpRequest.send
_create @ webpack-internal:///…/polling-xhr.js:150
Request @ webpack-internal:///…s/polling-xhr.js:86
request @ webpack-internal:///…/polling-xhr.js:264
doPoll @ webpack-internal:///…s/polling-xhr.js:63
_poll @ webpack-internal:///…ports/polling.js:66
onData @ webpack-internal:///…ports/polling.js:96
Emitter.emit @ webpack-internal:///…ib/esm/index.js:140
_onLoad @ webpack-internal:///…/polling-xhr.js:204
xhr.onreadystatechange @ webpack-internal:///…/polling-xhr.js:140
XMLHttpRequest.send
_create @ webpack-internal:///…/polling-xhr.js:150
Request @ webpack-internal:///…s/polling-xhr.js:86
request @ webpack-internal:///…/polling-xhr.js:264
doPoll @ webpack-internal:///…s/polling-xhr.js:63
_poll @ webpack-internal:///…ports/polling.js:66
onData @ webpack-internal:///…ports/polling.js:96
Emitter.emit @ webpack-internal:///…ib/esm/index.js:140
_onLoad @ webpack-internal:///…/polling-xhr.js:204
xhr.onreadystatechange @ webpack-internal:///…/polling-xhr.js:140
XMLHttpRequest.send
_create @ webpack-internal:///…/polling-xhr.js:150
Request @ webpack-internal:///…s/polling-xhr.js:86
request @ webpack-internal:///…/polling-xhr.js:264
doPoll @ webpack-internal:///…s/polling-xhr.js:63
_poll @ webpack-internal:///…ports/polling.js:66
onData @ webpack-internal:///…ports/polling.js:96
Emitter.emit @ webpack-internal:///…ib/esm/index.js:140
_onLoad @ webpack-internal:///…/polling-xhr.js:204
xhr.onreadystatechange @ webpack-internal:///…/polling-xhr.js:140
XMLHttpRequest.send
_create @ webpack-internal:///…/polling-xhr.js:150
Request @ webpack-internal:///…s/polling-xhr.js:86
request @ webpack-internal:///…/polling-xhr.js:264
doPoll @ webpack-internal:///…s/polling-xhr.js:63
_poll @ webpack-internal:///…ports/polling.js:66
onData @ webpack-internal:///…ports/polling.js:96
Emitter.emit @ webpack-internal:///…ib/esm/index.js:140
_onLoad @ webpack-internal:///…/polling-xhr.js:204
xhr.onreadystatechange @ webpack-internal:///…/polling-xhr.js:140
XMLHttpRequest.send
_create @ webpack-internal:///…/polling-xhr.js:150
Request @ webpack-internal:///…s/polling-xhr.js:86
request @ webpack-internal:///…/polling-xhr.js:264
doPoll @ webpack-internal:///…s/polling-xhr.js:63
_poll @ webpack-internal:///…ports/polling.js:66
onData @ webpack-internal:///…ports/polling.js:96
Emitter.emit @ webpack-internal:///…ib/esm/index.js:140
_onLoad @ webpack-internal:///…/polling-xhr.js:204
xhr.onreadystatechange @ webpack-internal:///…/polling-xhr.js:140
XMLHttpRequest.send
_create @ webpack-internal:///…/polling-xhr.js:150
Request @ webpack-internal:///…s/polling-xhr.js:86
request @ webpack-internal:///…/polling-xhr.js:264
doPoll @ webpack-internal:///…s/polling-xhr.js:63
_poll @ webpack-internal:///…ports/polling.js:66
onData @ webpack-internal:///…ports/polling.js:96
Emitter.emit @ webpack-internal:///…ib/esm/index.js:140
_onLoad @ webpack-internal:///…/polling-xhr.js:204
xhr.onreadystatechange @ webpack-internal:///…/polling-xhr.js:140
10:20:36.170  [WebRTC] Failed to add ICE candidate: 
window.console.error @ webpack-internal:///…ent/app-index.js:33
console.error @ webpack-internal:///…on-error-info.js:63
handleRemoteIceCandidate @ webpack-internal:///…/lib/webrtc.ts:1104
await in handleRemoteIceCandidate
Emitter.emit @ webpack-internal:///…ib/esm/index.js:140
emitEvent @ webpack-internal:///…d/esm/socket.js:545
onevent @ webpack-internal:///…d/esm/socket.js:532
onpacket @ webpack-internal:///…d/esm/socket.js:502
Emitter.emit @ webpack-internal:///…ib/esm/index.js:140
eval @ webpack-internal:///…/esm/manager.js:219
Promise.then
eval @ webpack-internal:///…d/esm/globals.js:11
ondecoded @ webpack-internal:///…/esm/manager.js:218
Emitter.emit @ webpack-internal:///…ib/esm/index.js:140
add @ webpack-internal:///…ld/esm/index.js:156
ondata @ webpack-internal:///…/esm/manager.js:205
Emitter.emit @ webpack-internal:///…ib/esm/index.js:140
_onPacket @ webpack-internal:///…d/esm/socket.js:272
Emitter.emit @ webpack-internal:///…ib/esm/index.js:140
onPacket @ webpack-internal:///…sm/transport.js:108
callback @ webpack-internal:///…ports/polling.js:86
onData @ webpack-internal:///…ports/polling.js:89
Emitter.emit @ webpack-internal:///…ib/esm/index.js:140
_onLoad @ webpack-internal:///…/polling-xhr.js:204
xhr.onreadystatechange @ webpack-internal:///…/polling-xhr.js:140
XMLHttpRequest.send
_create @ webpack-internal:///…/polling-xhr.js:150
Request @ webpack-internal:///…s/polling-xhr.js:86
request @ webpack-internal:///…/polling-xhr.js:264
doPoll @ webpack-internal:///…s/polling-xhr.js:63
_poll @ webpack-internal:///…ports/polling.js:66
onData @ webpack-internal:///…ports/polling.js:96
Emitter.emit @ webpack-internal:///…ib/esm/index.js:140
_onLoad @ webpack-internal:///…/polling-xhr.js:204
xhr.onreadystatechange @ webpack-internal:///…/polling-xhr.js:140
XMLHttpRequest.send
_create @ webpack-internal:///…/polling-xhr.js:150
Request @ webpack-internal:///…s/polling-xhr.js:86
request @ webpack-internal:///…/polling-xhr.js:264
doPoll @ webpack-internal:///…s/polling-xhr.js:63
_poll @ webpack-internal:///…ports/polling.js:66
onData @ webpack-internal:///…ports/polling.js:96
Emitter.emit @ webpack-internal:///…ib/esm/index.js:140
_onLoad @ webpack-internal:///…/polling-xhr.js:204
xhr.onreadystatechange @ webpack-internal:///…/polling-xhr.js:140
XMLHttpRequest.send
_create @ webpack-internal:///…/polling-xhr.js:150
Request @ webpack-internal:///…s/polling-xhr.js:86
request @ webpack-internal:///…/polling-xhr.js:264
doPoll @ webpack-internal:///…s/polling-xhr.js:63
_poll @ webpack-internal:///…ports/polling.js:66
onData @ webpack-internal:///…ports/polling.js:96
Emitter.emit @ webpack-internal:///…ib/esm/index.js:140
_onLoad @ webpack-internal:///…/polling-xhr.js:204
xhr.onreadystatechange @ webpack-internal:///…/polling-xhr.js:140
XMLHttpRequest.send
_create @ webpack-internal:///…/polling-xhr.js:150
Request @ webpack-internal:///…s/polling-xhr.js:86
request @ webpack-internal:///…/polling-xhr.js:264
doPoll @ webpack-internal:///…s/polling-xhr.js:63
_poll @ webpack-internal:///…ports/polling.js:66
onData @ webpack-internal:///…ports/polling.js:96
Emitter.emit @ webpack-internal:///…ib/esm/index.js:140
_onLoad @ webpack-internal:///…/polling-xhr.js:204
xhr.onreadystatechange @ webpack-internal:///…/polling-xhr.js:140
XMLHttpRequest.send
_create @ webpack-internal:///…/polling-xhr.js:150
Request @ webpack-internal:///…s/polling-xhr.js:86
request @ webpack-internal:///…/polling-xhr.js:264
doPoll @ webpack-internal:///…s/polling-xhr.js:63
_poll @ webpack-internal:///…ports/polling.js:66
onData @ webpack-internal:///…ports/polling.js:96
Emitter.emit @ webpack-internal:///…ib/esm/index.js:140
_onLoad @ webpack-internal:///…/polling-xhr.js:204
xhr.onreadystatechange @ webpack-internal:///…/polling-xhr.js:140
XMLHttpRequest.send
_create @ webpack-internal:///…/polling-xhr.js:150
Request @ webpack-internal:///…s/polling-xhr.js:86
request @ webpack-internal:///…/polling-xhr.js:264
doPoll @ webpack-internal:///…s/polling-xhr.js:63
_poll @ webpack-internal:///…ports/polling.js:66
onData @ webpack-internal:///…ports/polling.js:96
Emitter.emit @ webpack-internal:///…ib/esm/index.js:140
_onLoad @ webpack-internal:///…/polling-xhr.js:204
xhr.onreadystatechange @ webpack-internal:///…/polling-xhr.js:140
XMLHttpRequest.send
_create @ webpack-internal:///…/polling-xhr.js:150
Request @ webpack-internal:///…s/polling-xhr.js:86
request @ webpack-internal:///…/polling-xhr.js:264
doPoll @ webpack-internal:///…s/polling-xhr.js:63
_poll @ webpack-internal:///…ports/polling.js:66
onData @ webpack-internal:///…ports/polling.js:96
Emitter.emit @ webpack-internal:///…ib/esm/index.js:140
_onLoad @ webpack-internal:///…/polling-xhr.js:204
xhr.onreadystatechange @ webpack-internal:///…/polling-xhr.js:140
XMLHttpRequest.send
_create @ webpack-internal:///…/polling-xhr.js:150
Request @ webpack-internal:///…s/polling-xhr.js:86
request @ webpack-internal:///…/polling-xhr.js:264
doPoll @ webpack-internal:///…s/polling-xhr.js:63
_poll @ webpack-internal:///…ports/polling.js:66
onData @ webpack-internal:///…ports/polling.js:96
Emitter.emit @ webpack-internal:///…ib/esm/index.js:140
_onLoad @ webpack-internal:///…/polling-xhr.js:204
xhr.onreadystatechange @ webpack-internal:///…/polling-xhr.js:140
XMLHttpRequest.send
_create @ webpack-internal:///…/polling-xhr.js:150
Request @ webpack-internal:///…s/polling-xhr.js:86
request @ webpack-internal:///…/polling-xhr.js:264
doPoll @ webpack-internal:///…s/polling-xhr.js:63
_poll @ webpack-internal:///…ports/polling.js:66
onData @ webpack-internal:///…ports/polling.js:96
Emitter.emit @ webpack-internal:///…ib/esm/index.js:140
_onLoad @ webpack-internal:///…/polling-xhr.js:204
xhr.onreadystatechange @ webpack-internal:///…/polling-xhr.js:140
XMLHttpRequest.send
_create @ webpack-internal:///…/polling-xhr.js:150
Request @ webpack-internal:///…s/polling-xhr.js:86
request @ webpack-internal:///…/polling-xhr.js:264
doPoll @ webpack-internal:///…s/polling-xhr.js:63
_poll @ webpack-internal:///…ports/polling.js:66
onData @ webpack-internal:///…ports/polling.js:96
Emitter.emit @ webpack-internal:///…ib/esm/index.js:140
_onLoad @ webpack-internal:///…/polling-xhr.js:204
xhr.onreadystatechange @ webpack-internal:///…/polling-xhr.js:140
XMLHttpRequest.send
_create @ webpack-internal:///…/polling-xhr.js:150
Request @ webpack-internal:///…s/polling-xhr.js:86
request @ webpack-internal:///…/polling-xhr.js:264
doPoll @ webpack-internal:///…s/polling-xhr.js:63
_poll @ webpack-internal:///…ports/polling.js:66
onData @ webpack-internal:///…ports/polling.js:96
Emitter.emit @ webpack-internal:///…ib/esm/index.js:140
_onLoad @ webpack-internal:///…/polling-xhr.js:204
xhr.onreadystatechange @ webpack-internal:///…/polling-xhr.js:140
XMLHttpRequest.send
_create @ webpack-internal:///…/polling-xhr.js:150
Request @ webpack-internal:///…s/polling-xhr.js:86
request @ webpack-internal:///…/polling-xhr.js:264
doPoll @ webpack-internal:///…s/polling-xhr.js:63
_poll @ webpack-internal:///…ports/polling.js:66
onData @ webpack-internal:///…ports/polling.js:96
Emitter.emit @ webpack-internal:///…ib/esm/index.js:140
_onLoad @ webpack-internal:///…/polling-xhr.js:204
xhr.onreadystatechange @ webpack-internal:///…/polling-xhr.js:140
XMLHttpRequest.send
_create @ webpack-internal:///…/polling-xhr.js:150
Request @ webpack-internal:///…s/polling-xhr.js:86
request @ webpack-internal:///…/polling-xhr.js:264
doPoll @ webpack-internal:///…s/polling-xhr.js:63
_poll @ webpack-internal:///…ports/polling.js:66
onData @ webpack-internal:///…ports/polling.js:96
Emitter.emit @ webpack-internal:///…ib/esm/index.js:140
_onLoad @ webpack-internal:///…/polling-xhr.js:204
xhr.onreadystatechange @ webpack-internal:///…/polling-xhr.js:140
XMLHttpRequest.send
_create @ webpack-internal:///…/polling-xhr.js:150
Request @ webpack-internal:///…s/polling-xhr.js:86
request @ webpack-internal:///…/polling-xhr.js:264
doPoll @ webpack-internal:///…s/polling-xhr.js:63
_poll @ webpack-internal:///…ports/polling.js:66
onData @ webpack-internal:///…ports/polling.js:96
Emitter.emit @ webpack-internal:///…ib/esm/index.js:140
_onLoad @ webpack-internal:///…/polling-xhr.js:204
xhr.onreadystatechange @ webpack-internal:///…/polling-xhr.js:140
XMLHttpRequest.send
_create @ webpack-internal:///…/polling-xhr.js:150
Request @ webpack-internal:///…s/polling-xhr.js:86
request @ webpack-internal:///…/polling-xhr.js:264
doPoll @ webpack-internal:///…s/polling-xhr.js:63
_poll @ webpack-internal:///…ports/polling.js:66
onData @ webpack-internal:///…ports/polling.js:96
Emitter.emit @ webpack-internal:///…ib/esm/index.js:140
_onLoad @ webpack-internal:///…/polling-xhr.js:204
xhr.onreadystatechange @ webpack-internal:///…/polling-xhr.js:140
XMLHttpRequest.send
_create @ webpack-internal:///…/polling-xhr.js:150
Request @ webpack-internal:///…s/polling-xhr.js:86
request @ webpack-internal:///…/polling-xhr.js:264
doPoll @ webpack-internal:///…s/polling-xhr.js:63
_poll @ webpack-internal:///…ports/polling.js:66
onData @ webpack-internal:///…ports/polling.js:96
Emitter.emit @ webpack-internal:///…ib/esm/index.js:140
_onLoad @ webpack-internal:///…/polling-xhr.js:204
xhr.onreadystatechange @ webpack-internal:///…/polling-xhr.js:140
10:20:36.175  [WebRTC] Received ICE candidate from: cmeifn5qp002dkunge64m0xss
10:20:36.176  [WebRTC] Received ICE candidate from: cmeifn5qp002dkunge64m0xss
10:20:36.176  [WebRTC] No peer connection found for ICE candidate, buffering for later: cmeifn5qp002dkunge64m0xss
10:20:36.176  [WebRTC] Buffered ICE candidate for: cmeifn5qp002dkunge64m0xss Total buffered: 37
10:20:36.176  [WebRTC] Received ICE candidate from: cmeifn5qp002dkunge64m0xss
10:20:36.176  [WebRTC] Received ICE candidate from: cmeifn5qp002dkunge64m0xss
10:20:36.176  [WebRTC] Received ICE candidate from: cmeifn5qp002dkunge64m0xss
10:20:36.176  [WebRTC] No peer connection found for ICE candidate, buffering for later: cmeifn5qp002dkunge64m0xss
10:20:36.177  [WebRTC] Buffered ICE candidate for: cmeifn5qp002dkunge64m0xss Total buffered: 38
10:20:36.177  [WebRTC] Received ICE candidate from: cmeifn5qp002dkunge64m0xss
10:20:36.177  [WebRTC] Failed to add ICE candidate: 
window.console.error @ webpack-internal:///…ent/app-index.js:33
console.error @ webpack-internal:///…on-error-info.js:63
handleRemoteIceCandidate @ webpack-internal:///…/lib/webrtc.ts:1104
await in handleRemoteIceCandidate
Emitter.emit @ webpack-internal:///…ib/esm/index.js:140
emitEvent @ webpack-internal:///…d/esm/socket.js:545
onevent @ webpack-internal:///…d/esm/socket.js:532
onpacket @ webpack-internal:///…d/esm/socket.js:502
Emitter.emit @ webpack-internal:///…ib/esm/index.js:140
eval @ webpack-internal:///…/esm/manager.js:219
Promise.then
eval @ webpack-internal:///…d/esm/globals.js:11
ondecoded @ webpack-internal:///…/esm/manager.js:218
Emitter.emit @ webpack-internal:///…ib/esm/index.js:140
add @ webpack-internal:///…ld/esm/index.js:156
ondata @ webpack-internal:///…/esm/manager.js:205
Emitter.emit @ webpack-internal:///…ib/esm/index.js:140
_onPacket @ webpack-internal:///…d/esm/socket.js:272
Emitter.emit @ webpack-internal:///…ib/esm/index.js:140
onPacket @ webpack-internal:///…sm/transport.js:108
callback @ webpack-internal:///…ports/polling.js:86
onData @ webpack-internal:///…ports/polling.js:89
Emitter.emit @ webpack-internal:///…ib/esm/index.js:140
_onLoad @ webpack-internal:///…/polling-xhr.js:204
xhr.onreadystatechange @ webpack-internal:///…/polling-xhr.js:140
XMLHttpRequest.send
_create @ webpack-internal:///…/polling-xhr.js:150
Request @ webpack-internal:///…s/polling-xhr.js:86
request @ webpack-internal:///…/polling-xhr.js:264
doPoll @ webpack-internal:///…s/polling-xhr.js:63
_poll @ webpack-internal:///…ports/polling.js:66
onData @ webpack-internal:///…ports/polling.js:96
Emitter.emit @ webpack-internal:///…ib/esm/index.js:140
_onLoad @ webpack-internal:///…/polling-xhr.js:204
xhr.onreadystatechange @ webpack-internal:///…/polling-xhr.js:140
XMLHttpRequest.send
_create @ webpack-internal:///…/polling-xhr.js:150
Request @ webpack-internal:///…s/polling-xhr.js:86
request @ webpack-internal:///…/polling-xhr.js:264
doPoll @ webpack-internal:///…s/polling-xhr.js:63
_poll @ webpack-internal:///…ports/polling.js:66
onData @ webpack-internal:///…ports/polling.js:96
Emitter.emit @ webpack-internal:///…ib/esm/index.js:140
_onLoad @ webpack-internal:///…/polling-xhr.js:204
xhr.onreadystatechange @ webpack-internal:///…/polling-xhr.js:140
XMLHttpRequest.send
_create @ webpack-internal:///…/polling-xhr.js:150
Request @ webpack-internal:///…s/polling-xhr.js:86
request @ webpack-internal:///…/polling-xhr.js:264
doPoll @ webpack-internal:///…s/polling-xhr.js:63
_poll @ webpack-internal:///…ports/polling.js:66
onData @ webpack-internal:///…ports/polling.js:96
Emitter.emit @ webpack-internal:///…ib/esm/index.js:140
_onLoad @ webpack-internal:///…/polling-xhr.js:204
xhr.onreadystatechange @ webpack-internal:///…/polling-xhr.js:140
XMLHttpRequest.send
_create @ webpack-internal:///…/polling-xhr.js:150
Request @ webpack-internal:///…s/polling-xhr.js:86
request @ webpack-internal:///…/polling-xhr.js:264
doPoll @ webpack-internal:///…s/polling-xhr.js:63
_poll @ webpack-internal:///…ports/polling.js:66
onData @ webpack-internal:///…ports/polling.js:96
Emitter.emit @ webpack-internal:///…ib/esm/index.js:140
_onLoad @ webpack-internal:///…/polling-xhr.js:204
xhr.onreadystatechange @ webpack-internal:///…/polling-xhr.js:140
XMLHttpRequest.send
_create @ webpack-internal:///…/polling-xhr.js:150
Request @ webpack-internal:///…s/polling-xhr.js:86
request @ webpack-internal:///…/polling-xhr.js:264
doPoll @ webpack-internal:///…s/polling-xhr.js:63
_poll @ webpack-internal:///…ports/polling.js:66
onData @ webpack-internal:///…ports/polling.js:96
Emitter.emit @ webpack-internal:///…ib/esm/index.js:140
_onLoad @ webpack-internal:///…/polling-xhr.js:204
xhr.onreadystatechange @ webpack-internal:///…/polling-xhr.js:140
XMLHttpRequest.send
_create @ webpack-internal:///…/polling-xhr.js:150
Request @ webpack-internal:///…s/polling-xhr.js:86
request @ webpack-internal:///…/polling-xhr.js:264
doPoll @ webpack-internal:///…s/polling-xhr.js:63
_poll @ webpack-internal:///…ports/polling.js:66
onData @ webpack-internal:///…ports/polling.js:96
Emitter.emit @ webpack-internal:///…ib/esm/index.js:140
_onLoad @ webpack-internal:///…/polling-xhr.js:204
xhr.onreadystatechange @ webpack-internal:///…/polling-xhr.js:140
XMLHttpRequest.send
_create @ webpack-internal:///…/polling-xhr.js:150
Request @ webpack-internal:///…s/polling-xhr.js:86
request @ webpack-internal:///…/polling-xhr.js:264
doPoll @ webpack-internal:///…s/polling-xhr.js:63
_poll @ webpack-internal:///…ports/polling.js:66
onData @ webpack-internal:///…ports/polling.js:96
Emitter.emit @ webpack-internal:///…ib/esm/index.js:140
_onLoad @ webpack-internal:///…/polling-xhr.js:204
xhr.onreadystatechange @ webpack-internal:///…/polling-xhr.js:140
XMLHttpRequest.send
_create @ webpack-internal:///…/polling-xhr.js:150
Request @ webpack-internal:///…s/polling-xhr.js:86
request @ webpack-internal:///…/polling-xhr.js:264
doPoll @ webpack-internal:///…s/polling-xhr.js:63
_poll @ webpack-internal:///…ports/polling.js:66
onData @ webpack-internal:///…ports/polling.js:96
Emitter.emit @ webpack-internal:///…ib/esm/index.js:140
_onLoad @ webpack-internal:///…/polling-xhr.js:204
xhr.onreadystatechange @ webpack-internal:///…/polling-xhr.js:140
XMLHttpRequest.send
_create @ webpack-internal:///…/polling-xhr.js:150
Request @ webpack-internal:///…s/polling-xhr.js:86
request @ webpack-internal:///…/polling-xhr.js:264
doPoll @ webpack-internal:///…s/polling-xhr.js:63
_poll @ webpack-internal:///…ports/polling.js:66
onData @ webpack-internal:///…ports/polling.js:96
Emitter.emit @ webpack-internal:///…ib/esm/index.js:140
_onLoad @ webpack-internal:///…/polling-xhr.js:204
xhr.onreadystatechange @ webpack-internal:///…/polling-xhr.js:140
XMLHttpRequest.send
_create @ webpack-internal:///…/polling-xhr.js:150
Request @ webpack-internal:///…s/polling-xhr.js:86
request @ webpack-internal:///…/polling-xhr.js:264
doPoll @ webpack-internal:///…s/polling-xhr.js:63
_poll @ webpack-internal:///…ports/polling.js:66
onData @ webpack-internal:///…ports/polling.js:96
Emitter.emit @ webpack-internal:///…ib/esm/index.js:140
_onLoad @ webpack-internal:///…/polling-xhr.js:204
xhr.onreadystatechange @ webpack-internal:///…/polling-xhr.js:140
XMLHttpRequest.send
_create @ webpack-internal:///…/polling-xhr.js:150
Request @ webpack-internal:///…s/polling-xhr.js:86
request @ webpack-internal:///…/polling-xhr.js:264
doPoll @ webpack-internal:///…s/polling-xhr.js:63
_poll @ webpack-internal:///…ports/polling.js:66
onData @ webpack-internal:///…ports/polling.js:96
Emitter.emit @ webpack-internal:///…ib/esm/index.js:140
_onLoad @ webpack-internal:///…/polling-xhr.js:204
xhr.onreadystatechange @ webpack-internal:///…/polling-xhr.js:140
XMLHttpRequest.send
_create @ webpack-internal:///…/polling-xhr.js:150
Request @ webpack-internal:///…s/polling-xhr.js:86
request @ webpack-internal:///…/polling-xhr.js:264
doPoll @ webpack-internal:///…s/polling-xhr.js:63
_poll @ webpack-internal:///…ports/polling.js:66
onData @ webpack-internal:///…ports/polling.js:96
Emitter.emit @ webpack-internal:///…ib/esm/index.js:140
_onLoad @ webpack-internal:///…/polling-xhr.js:204
xhr.onreadystatechange @ webpack-internal:///…/polling-xhr.js:140
XMLHttpRequest.send
_create @ webpack-internal:///…/polling-xhr.js:150
Request @ webpack-internal:///…s/polling-xhr.js:86
request @ webpack-internal:///…/polling-xhr.js:264
doPoll @ webpack-internal:///…s/polling-xhr.js:63
_poll @ webpack-internal:///…ports/polling.js:66
onData @ webpack-internal:///…ports/polling.js:96
Emitter.emit @ webpack-internal:///…ib/esm/index.js:140
_onLoad @ webpack-internal:///…/polling-xhr.js:204
xhr.onreadystatechange @ webpack-internal:///…/polling-xhr.js:140
XMLHttpRequest.send
_create @ webpack-internal:///…/polling-xhr.js:150
Request @ webpack-internal:///…s/polling-xhr.js:86
request @ webpack-internal:///…/polling-xhr.js:264
doPoll @ webpack-internal:///…s/polling-xhr.js:63
_poll @ webpack-internal:///…ports/polling.js:66
onData @ webpack-internal:///…ports/polling.js:96
Emitter.emit @ webpack-internal:///…ib/esm/index.js:140
_onLoad @ webpack-internal:///…/polling-xhr.js:204
xhr.onreadystatechange @ webpack-internal:///…/polling-xhr.js:140
XMLHttpRequest.send
_create @ webpack-internal:///…/polling-xhr.js:150
Request @ webpack-internal:///…s/polling-xhr.js:86
request @ webpack-internal:///…/polling-xhr.js:264
doPoll @ webpack-internal:///…s/polling-xhr.js:63
_poll @ webpack-internal:///…ports/polling.js:66
onData @ webpack-internal:///…ports/polling.js:96
Emitter.emit @ webpack-internal:///…ib/esm/index.js:140
_onLoad @ webpack-internal:///…/polling-xhr.js:204
xhr.onreadystatechange @ webpack-internal:///…/polling-xhr.js:140
XMLHttpRequest.send
_create @ webpack-internal:///…/polling-xhr.js:150
Request @ webpack-internal:///…s/polling-xhr.js:86
request @ webpack-internal:///…/polling-xhr.js:264
doPoll @ webpack-internal:///…s/polling-xhr.js:63
_poll @ webpack-internal:///…ports/polling.js:66
onData @ webpack-internal:///…ports/polling.js:96
Emitter.emit @ webpack-internal:///…ib/esm/index.js:140
_onLoad @ webpack-internal:///…/polling-xhr.js:204
xhr.onreadystatechange @ webpack-internal:///…/polling-xhr.js:140
XMLHttpRequest.send
_create @ webpack-internal:///…/polling-xhr.js:150
Request @ webpack-internal:///…s/polling-xhr.js:86
request @ webpack-internal:///…/polling-xhr.js:264
doPoll @ webpack-internal:///…s/polling-xhr.js:63
_poll @ webpack-internal:///…ports/polling.js:66
onData @ webpack-internal:///…ports/polling.js:96
Emitter.emit @ webpack-internal:///…ib/esm/index.js:140
_onLoad @ webpack-internal:///…/polling-xhr.js:204
xhr.onreadystatechange @ webpack-internal:///…/polling-xhr.js:140
10:20:36.178  [WebRTC] Failed to add ICE candidate: 
window.console.error @ webpack-internal:///…ent/app-index.js:33
console.error @ webpack-internal:///…on-error-info.js:63
handleRemoteIceCandidate @ webpack-internal:///…/lib/webrtc.ts:1104
await in handleRemoteIceCandidate
Emitter.emit @ webpack-internal:///…ib/esm/index.js:140
emitEvent @ webpack-internal:///…d/esm/socket.js:545
onevent @ webpack-internal:///…d/esm/socket.js:532
onpacket @ webpack-internal:///…d/esm/socket.js:502
Emitter.emit @ webpack-internal:///…ib/esm/index.js:140
eval @ webpack-internal:///…/esm/manager.js:219
Promise.then
eval @ webpack-internal:///…d/esm/globals.js:11
ondecoded @ webpack-internal:///…/esm/manager.js:218
Emitter.emit @ webpack-internal:///…ib/esm/index.js:140
add @ webpack-internal:///…ld/esm/index.js:156
ondata @ webpack-internal:///…/esm/manager.js:205
Emitter.emit @ webpack-internal:///…ib/esm/index.js:140
_onPacket @ webpack-internal:///…d/esm/socket.js:272
Emitter.emit @ webpack-internal:///…ib/esm/index.js:140
onPacket @ webpack-internal:///…sm/transport.js:108
callback @ webpack-internal:///…ports/polling.js:86
onData @ webpack-internal:///…ports/polling.js:89
Emitter.emit @ webpack-internal:///…ib/esm/index.js:140
_onLoad @ webpack-internal:///…/polling-xhr.js:204
xhr.onreadystatechange @ webpack-internal:///…/polling-xhr.js:140
XMLHttpRequest.send
_create @ webpack-internal:///…/polling-xhr.js:150
Request @ webpack-internal:///…s/polling-xhr.js:86
request @ webpack-internal:///…/polling-xhr.js:264
doPoll @ webpack-internal:///…s/polling-xhr.js:63
_poll @ webpack-internal:///…ports/polling.js:66
onData @ webpack-internal:///…ports/polling.js:96
Emitter.emit @ webpack-internal:///…ib/esm/index.js:140
_onLoad @ webpack-internal:///…/polling-xhr.js:204
xhr.onreadystatechange @ webpack-internal:///…/polling-xhr.js:140
XMLHttpRequest.send
_create @ webpack-internal:///…/polling-xhr.js:150
Request @ webpack-internal:///…s/polling-xhr.js:86
request @ webpack-internal:///…/polling-xhr.js:264
doPoll @ webpack-internal:///…s/polling-xhr.js:63
_poll @ webpack-internal:///…ports/polling.js:66
onData @ webpack-internal:///…ports/polling.js:96
Emitter.emit @ webpack-internal:///…ib/esm/index.js:140
_onLoad @ webpack-internal:///…/polling-xhr.js:204
xhr.onreadystatechange @ webpack-internal:///…/polling-xhr.js:140
XMLHttpRequest.send
_create @ webpack-internal:///…/polling-xhr.js:150
Request @ webpack-internal:///…s/polling-xhr.js:86
request @ webpack-internal:///…/polling-xhr.js:264
doPoll @ webpack-internal:///…s/polling-xhr.js:63
_poll @ webpack-internal:///…ports/polling.js:66
onData @ webpack-internal:///…ports/polling.js:96
Emitter.emit @ webpack-internal:///…ib/esm/index.js:140
_onLoad @ webpack-internal:///…/polling-xhr.js:204
xhr.onreadystatechange @ webpack-internal:///…/polling-xhr.js:140
XMLHttpRequest.send
_create @ webpack-internal:///…/polling-xhr.js:150
Request @ webpack-internal:///…s/polling-xhr.js:86
request @ webpack-internal:///…/polling-xhr.js:264
doPoll @ webpack-internal:///…s/polling-xhr.js:63
_poll @ webpack-internal:///…ports/polling.js:66
onData @ webpack-internal:///…ports/polling.js:96
Emitter.emit @ webpack-internal:///…ib/esm/index.js:140
_onLoad @ webpack-internal:///…/polling-xhr.js:204
xhr.onreadystatechange @ webpack-internal:///…/polling-xhr.js:140
XMLHttpRequest.send
_create @ webpack-internal:///…/polling-xhr.js:150
Request @ webpack-internal:///…s/polling-xhr.js:86
request @ webpack-internal:///…/polling-xhr.js:264
doPoll @ webpack-internal:///…s/polling-xhr.js:63
_poll @ webpack-internal:///…ports/polling.js:66
onData @ webpack-internal:///…ports/polling.js:96
Emitter.emit @ webpack-internal:///…ib/esm/index.js:140
_onLoad @ webpack-internal:///…/polling-xhr.js:204
xhr.onreadystatechange @ webpack-internal:///…/polling-xhr.js:140
XMLHttpRequest.send
_create @ webpack-internal:///…/polling-xhr.js:150
Request @ webpack-internal:///…s/polling-xhr.js:86
request @ webpack-internal:///…/polling-xhr.js:264
doPoll @ webpack-internal:///…s/polling-xhr.js:63
_poll @ webpack-internal:///…ports/polling.js:66
onData @ webpack-internal:///…ports/polling.js:96
Emitter.emit @ webpack-internal:///…ib/esm/index.js:140
_onLoad @ webpack-internal:///…/polling-xhr.js:204
xhr.onreadystatechange @ webpack-internal:///…/polling-xhr.js:140
XMLHttpRequest.send
_create @ webpack-internal:///…/polling-xhr.js:150
Request @ webpack-internal:///…s/polling-xhr.js:86
request @ webpack-internal:///…/polling-xhr.js:264
doPoll @ webpack-internal:///…s/polling-xhr.js:63
_poll @ webpack-internal:///…ports/polling.js:66
onData @ webpack-internal:///…ports/polling.js:96
Emitter.emit @ webpack-internal:///…ib/esm/index.js:140
_onLoad @ webpack-internal:///…/polling-xhr.js:204
xhr.onreadystatechange @ webpack-internal:///…/polling-xhr.js:140
XMLHttpRequest.send
_create @ webpack-internal:///…/polling-xhr.js:150
Request @ webpack-internal:///…s/polling-xhr.js:86
request @ webpack-internal:///…/polling-xhr.js:264
doPoll @ webpack-internal:///…s/polling-xhr.js:63
_poll @ webpack-internal:///…ports/polling.js:66
onData @ webpack-internal:///…ports/polling.js:96
Emitter.emit @ webpack-internal:///…ib/esm/index.js:140
_onLoad @ webpack-internal:///…/polling-xhr.js:204
xhr.onreadystatechange @ webpack-internal:///…/polling-xhr.js:140
XMLHttpRequest.send
_create @ webpack-internal:///…/polling-xhr.js:150
Request @ webpack-internal:///…s/polling-xhr.js:86
request @ webpack-internal:///…/polling-xhr.js:264
doPoll @ webpack-internal:///…s/polling-xhr.js:63
_poll @ webpack-internal:///…ports/polling.js:66
onData @ webpack-internal:///…ports/polling.js:96
Emitter.emit @ webpack-internal:///…ib/esm/index.js:140
_onLoad @ webpack-internal:///…/polling-xhr.js:204
xhr.onreadystatechange @ webpack-internal:///…/polling-xhr.js:140
XMLHttpRequest.send
_create @ webpack-internal:///…/polling-xhr.js:150
Request @ webpack-internal:///…s/polling-xhr.js:86
request @ webpack-internal:///…/polling-xhr.js:264
doPoll @ webpack-internal:///…s/polling-xhr.js:63
_poll @ webpack-internal:///…ports/polling.js:66
onData @ webpack-internal:///…ports/polling.js:96
Emitter.emit @ webpack-internal:///…ib/esm/index.js:140
_onLoad @ webpack-internal:///…/polling-xhr.js:204
xhr.onreadystatechange @ webpack-internal:///…/polling-xhr.js:140
XMLHttpRequest.send
_create @ webpack-internal:///…/polling-xhr.js:150
Request @ webpack-internal:///…s/polling-xhr.js:86
request @ webpack-internal:///…/polling-xhr.js:264
doPoll @ webpack-internal:///…s/polling-xhr.js:63
_poll @ webpack-internal:///…ports/polling.js:66
onData @ webpack-internal:///…ports/polling.js:96
Emitter.emit @ webpack-internal:///…ib/esm/index.js:140
_onLoad @ webpack-internal:///…/polling-xhr.js:204
xhr.onreadystatechange @ webpack-internal:///…/polling-xhr.js:140
XMLHttpRequest.send
_create @ webpack-internal:///…/polling-xhr.js:150
Request @ webpack-internal:///…s/polling-xhr.js:86
request @ webpack-internal:///…/polling-xhr.js:264
doPoll @ webpack-internal:///…s/polling-xhr.js:63
_poll @ webpack-internal:///…ports/polling.js:66
onData @ webpack-internal:///…ports/polling.js:96
Emitter.emit @ webpack-internal:///…ib/esm/index.js:140
_onLoad @ webpack-internal:///…/polling-xhr.js:204
xhr.onreadystatechange @ webpack-internal:///…/polling-xhr.js:140
XMLHttpRequest.send
_create @ webpack-internal:///…/polling-xhr.js:150
Request @ webpack-internal:///…s/polling-xhr.js:86
request @ webpack-internal:///…/polling-xhr.js:264
doPoll @ webpack-internal:///…s/polling-xhr.js:63
_poll @ webpack-internal:///…ports/polling.js:66
onData @ webpack-internal:///…ports/polling.js:96
Emitter.emit @ webpack-internal:///…ib/esm/index.js:140
_onLoad @ webpack-internal:///…/polling-xhr.js:204
xhr.onreadystatechange @ webpack-internal:///…/polling-xhr.js:140
XMLHttpRequest.send
_create @ webpack-internal:///…/polling-xhr.js:150
Request @ webpack-internal:///…s/polling-xhr.js:86
request @ webpack-internal:///…/polling-xhr.js:264
doPoll @ webpack-internal:///…s/polling-xhr.js:63
_poll @ webpack-internal:///…ports/polling.js:66
onData @ webpack-internal:///…ports/polling.js:96
Emitter.emit @ webpack-internal:///…ib/esm/index.js:140
_onLoad @ webpack-internal:///…/polling-xhr.js:204
xhr.onreadystatechange @ webpack-internal:///…/polling-xhr.js:140
XMLHttpRequest.send
_create @ webpack-internal:///…/polling-xhr.js:150
Request @ webpack-internal:///…s/polling-xhr.js:86
request @ webpack-internal:///…/polling-xhr.js:264
doPoll @ webpack-internal:///…s/polling-xhr.js:63
_poll @ webpack-internal:///…ports/polling.js:66
onData @ webpack-internal:///…ports/polling.js:96
Emitter.emit @ webpack-internal:///…ib/esm/index.js:140
_onLoad @ webpack-internal:///…/polling-xhr.js:204
xhr.onreadystatechange @ webpack-internal:///…/polling-xhr.js:140
XMLHttpRequest.send
_create @ webpack-internal:///…/polling-xhr.js:150
Request @ webpack-internal:///…s/polling-xhr.js:86
request @ webpack-internal:///…/polling-xhr.js:264
doPoll @ webpack-internal:///…s/polling-xhr.js:63
_poll @ webpack-internal:///…ports/polling.js:66
onData @ webpack-internal:///…ports/polling.js:96
Emitter.emit @ webpack-internal:///…ib/esm/index.js:140
_onLoad @ webpack-internal:///…/polling-xhr.js:204
xhr.onreadystatechange @ webpack-internal:///…/polling-xhr.js:140
XMLHttpRequest.send
_create @ webpack-internal:///…/polling-xhr.js:150
Request @ webpack-internal:///…s/polling-xhr.js:86
request @ webpack-internal:///…/polling-xhr.js:264
doPoll @ webpack-internal:///…s/polling-xhr.js:63
_poll @ webpack-internal:///…ports/polling.js:66
onData @ webpack-internal:///…ports/polling.js:96
Emitter.emit @ webpack-internal:///…ib/esm/index.js:140
_onLoad @ webpack-internal:///…/polling-xhr.js:204
xhr.onreadystatechange @ webpack-internal:///…/polling-xhr.js:140
10:20:36.178  [WebRTC] Failed to add ICE candidate: 
window.console.error @ webpack-internal:///…ent/app-index.js:33
console.error @ webpack-internal:///…on-error-info.js:63
handleRemoteIceCandidate @ webpack-internal:///…/lib/webrtc.ts:1104
await in handleRemoteIceCandidate
Emitter.emit @ webpack-internal:///…ib/esm/index.js:140
emitEvent @ webpack-internal:///…d/esm/socket.js:545
onevent @ webpack-internal:///…d/esm/socket.js:532
onpacket @ webpack-internal:///…d/esm/socket.js:502
Emitter.emit @ webpack-internal:///…ib/esm/index.js:140
eval @ webpack-internal:///…/esm/manager.js:219
Promise.then
eval @ webpack-internal:///…d/esm/globals.js:11
ondecoded @ webpack-internal:///…/esm/manager.js:218
Emitter.emit @ webpack-internal:///…ib/esm/index.js:140
add @ webpack-internal:///…ld/esm/index.js:156
ondata @ webpack-internal:///…/esm/manager.js:205
Emitter.emit @ webpack-internal:///…ib/esm/index.js:140
_onPacket @ webpack-internal:///…d/esm/socket.js:272
Emitter.emit @ webpack-internal:///…ib/esm/index.js:140
onPacket @ webpack-internal:///…sm/transport.js:108
callback @ webpack-internal:///…ports/polling.js:86
onData @ webpack-internal:///…ports/polling.js:89
Emitter.emit @ webpack-internal:///…ib/esm/index.js:140
_onLoad @ webpack-internal:///…/polling-xhr.js:204
xhr.onreadystatechange @ webpack-internal:///…/polling-xhr.js:140
XMLHttpRequest.send
_create @ webpack-internal:///…/polling-xhr.js:150
Request @ webpack-internal:///…s/polling-xhr.js:86
request @ webpack-internal:///…/polling-xhr.js:264
doPoll @ webpack-internal:///…s/polling-xhr.js:63
_poll @ webpack-internal:///…ports/polling.js:66
onData @ webpack-internal:///…ports/polling.js:96
Emitter.emit @ webpack-internal:///…ib/esm/index.js:140
_onLoad @ webpack-internal:///…/polling-xhr.js:204
xhr.onreadystatechange @ webpack-internal:///…/polling-xhr.js:140
XMLHttpRequest.send
_create @ webpack-internal:///…/polling-xhr.js:150
Request @ webpack-internal:///…s/polling-xhr.js:86
request @ webpack-internal:///…/polling-xhr.js:264
doPoll @ webpack-internal:///…s/polling-xhr.js:63
_poll @ webpack-internal:///…ports/polling.js:66
onData @ webpack-internal:///…ports/polling.js:96
Emitter.emit @ webpack-internal:///…ib/esm/index.js:140
_onLoad @ webpack-internal:///…/polling-xhr.js:204
xhr.onreadystatechange @ webpack-internal:///…/polling-xhr.js:140
XMLHttpRequest.send
_create @ webpack-internal:///…/polling-xhr.js:150
Request @ webpack-internal:///…s/polling-xhr.js:86
request @ webpack-internal:///…/polling-xhr.js:264
doPoll @ webpack-internal:///…s/polling-xhr.js:63
_poll @ webpack-internal:///…ports/polling.js:66
onData @ webpack-internal:///…ports/polling.js:96
Emitter.emit @ webpack-internal:///…ib/esm/index.js:140
_onLoad @ webpack-internal:///…/polling-xhr.js:204
xhr.onreadystatechange @ webpack-internal:///…/polling-xhr.js:140
XMLHttpRequest.send
_create @ webpack-internal:///…/polling-xhr.js:150
Request @ webpack-internal:///…s/polling-xhr.js:86
request @ webpack-internal:///…/polling-xhr.js:264
doPoll @ webpack-internal:///…s/polling-xhr.js:63
_poll @ webpack-internal:///…ports/polling.js:66
onData @ webpack-internal:///…ports/polling.js:96
Emitter.emit @ webpack-internal:///…ib/esm/index.js:140
_onLoad @ webpack-internal:///…/polling-xhr.js:204
xhr.onreadystatechange @ webpack-internal:///…/polling-xhr.js:140
XMLHttpRequest.send
_create @ webpack-internal:///…/polling-xhr.js:150
Request @ webpack-internal:///…s/polling-xhr.js:86
request @ webpack-internal:///…/polling-xhr.js:264
doPoll @ webpack-internal:///…s/polling-xhr.js:63
_poll @ webpack-internal:///…ports/polling.js:66
onData @ webpack-internal:///…ports/polling.js:96
Emitter.emit @ webpack-internal:///…ib/esm/index.js:140
_onLoad @ webpack-internal:///…/polling-xhr.js:204
xhr.onreadystatechange @ webpack-internal:///…/polling-xhr.js:140
XMLHttpRequest.send
_create @ webpack-internal:///…/polling-xhr.js:150
Request @ webpack-internal:///…s/polling-xhr.js:86
request @ webpack-internal:///…/polling-xhr.js:264
doPoll @ webpack-internal:///…s/polling-xhr.js:63
_poll @ webpack-internal:///…ports/polling.js:66
onData @ webpack-internal:///…ports/polling.js:96
Emitter.emit @ webpack-internal:///…ib/esm/index.js:140
_onLoad @ webpack-internal:///…/polling-xhr.js:204
xhr.onreadystatechange @ webpack-internal:///…/polling-xhr.js:140
XMLHttpRequest.send
_create @ webpack-internal:///…/polling-xhr.js:150
Request @ webpack-internal:///…s/polling-xhr.js:86
request @ webpack-internal:///…/polling-xhr.js:264
doPoll @ webpack-internal:///…s/polling-xhr.js:63
_poll @ webpack-internal:///…ports/polling.js:66
onData @ webpack-internal:///…ports/polling.js:96
Emitter.emit @ webpack-internal:///…ib/esm/index.js:140
_onLoad @ webpack-internal:///…/polling-xhr.js:204
xhr.onreadystatechange @ webpack-internal:///…/polling-xhr.js:140
XMLHttpRequest.send
_create @ webpack-internal:///…/polling-xhr.js:150
Request @ webpack-internal:///…s/polling-xhr.js:86
request @ webpack-internal:///…/polling-xhr.js:264
doPoll @ webpack-internal:///…s/polling-xhr.js:63
_poll @ webpack-internal:///…ports/polling.js:66
onData @ webpack-internal:///…ports/polling.js:96
Emitter.emit @ webpack-internal:///…ib/esm/index.js:140
_onLoad @ webpack-internal:///…/polling-xhr.js:204
xhr.onreadystatechange @ webpack-internal:///…/polling-xhr.js:140
XMLHttpRequest.send
_create @ webpack-internal:///…/polling-xhr.js:150
Request @ webpack-internal:///…s/polling-xhr.js:86
request @ webpack-internal:///…/polling-xhr.js:264
doPoll @ webpack-internal:///…s/polling-xhr.js:63
_poll @ webpack-internal:///…ports/polling.js:66
onData @ webpack-internal:///…ports/polling.js:96
Emitter.emit @ webpack-internal:///…ib/esm/index.js:140
_onLoad @ webpack-internal:///…/polling-xhr.js:204
xhr.onreadystatechange @ webpack-internal:///…/polling-xhr.js:140
XMLHttpRequest.send
_create @ webpack-internal:///…/polling-xhr.js:150
Request @ webpack-internal:///…s/polling-xhr.js:86
request @ webpack-internal:///…/polling-xhr.js:264
doPoll @ webpack-internal:///…s/polling-xhr.js:63
_poll @ webpack-internal:///…ports/polling.js:66
onData @ webpack-internal:///…ports/polling.js:96
Emitter.emit @ webpack-internal:///…ib/esm/index.js:140
_onLoad @ webpack-internal:///…/polling-xhr.js:204
xhr.onreadystatechange @ webpack-internal:///…/polling-xhr.js:140
XMLHttpRequest.send
_create @ webpack-internal:///…/polling-xhr.js:150
Request @ webpack-internal:///…s/polling-xhr.js:86
request @ webpack-internal:///…/polling-xhr.js:264
doPoll @ webpack-internal:///…s/polling-xhr.js:63
_poll @ webpack-internal:///…ports/polling.js:66
onData @ webpack-internal:///…ports/polling.js:96
Emitter.emit @ webpack-internal:///…ib/esm/index.js:140
_onLoad @ webpack-internal:///…/polling-xhr.js:204
xhr.onreadystatechange @ webpack-internal:///…/polling-xhr.js:140
XMLHttpRequest.send
_create @ webpack-internal:///…/polling-xhr.js:150
Request @ webpack-internal:///…s/polling-xhr.js:86
request @ webpack-internal:///…/polling-xhr.js:264
doPoll @ webpack-internal:///…s/polling-xhr.js:63
_poll @ webpack-internal:///…ports/polling.js:66
onData @ webpack-internal:///…ports/polling.js:96
Emitter.emit @ webpack-internal:///…ib/esm/index.js:140
_onLoad @ webpack-internal:///…/polling-xhr.js:204
xhr.onreadystatechange @ webpack-internal:///…/polling-xhr.js:140
XMLHttpRequest.send
_create @ webpack-internal:///…/polling-xhr.js:150
Request @ webpack-internal:///…s/polling-xhr.js:86
request @ webpack-internal:///…/polling-xhr.js:264
doPoll @ webpack-internal:///…s/polling-xhr.js:63
_poll @ webpack-internal:///…ports/polling.js:66
onData @ webpack-internal:///…ports/polling.js:96
Emitter.emit @ webpack-internal:///…ib/esm/index.js:140
_onLoad @ webpack-internal:///…/polling-xhr.js:204
xhr.onreadystatechange @ webpack-internal:///…/polling-xhr.js:140
XMLHttpRequest.send
_create @ webpack-internal:///…/polling-xhr.js:150
Request @ webpack-internal:///…s/polling-xhr.js:86
request @ webpack-internal:///…/polling-xhr.js:264
doPoll @ webpack-internal:///…s/polling-xhr.js:63
_poll @ webpack-internal:///…ports/polling.js:66
onData @ webpack-internal:///…ports/polling.js:96
Emitter.emit @ webpack-internal:///…ib/esm/index.js:140
_onLoad @ webpack-internal:///…/polling-xhr.js:204
xhr.onreadystatechange @ webpack-internal:///…/polling-xhr.js:140
XMLHttpRequest.send
_create @ webpack-internal:///…/polling-xhr.js:150
Request @ webpack-internal:///…s/polling-xhr.js:86
request @ webpack-internal:///…/polling-xhr.js:264
doPoll @ webpack-internal:///…s/polling-xhr.js:63
_poll @ webpack-internal:///…ports/polling.js:66
onData @ webpack-internal:///…ports/polling.js:96
Emitter.emit @ webpack-internal:///…ib/esm/index.js:140
_onLoad @ webpack-internal:///…/polling-xhr.js:204
xhr.onreadystatechange @ webpack-internal:///…/polling-xhr.js:140
XMLHttpRequest.send
_create @ webpack-internal:///…/polling-xhr.js:150
Request @ webpack-internal:///…s/polling-xhr.js:86
request @ webpack-internal:///…/polling-xhr.js:264
doPoll @ webpack-internal:///…s/polling-xhr.js:63
_poll @ webpack-internal:///…ports/polling.js:66
onData @ webpack-internal:///…ports/polling.js:96
Emitter.emit @ webpack-internal:///…ib/esm/index.js:140
_onLoad @ webpack-internal:///…/polling-xhr.js:204
xhr.onreadystatechange @ webpack-internal:///…/polling-xhr.js:140
XMLHttpRequest.send
_create @ webpack-internal:///…/polling-xhr.js:150
Request @ webpack-internal:///…s/polling-xhr.js:86
request @ webpack-internal:///…/polling-xhr.js:264
doPoll @ webpack-internal:///…s/polling-xhr.js:63
_poll @ webpack-internal:///…ports/polling.js:66
onData @ webpack-internal:///…ports/polling.js:96
Emitter.emit @ webpack-internal:///…ib/esm/index.js:140
_onLoad @ webpack-internal:///…/polling-xhr.js:204
xhr.onreadystatechange @ webpack-internal:///…/polling-xhr.js:140
10:20:36.179  [WebRTC] Failed to add ICE candidate: 
window.console.error @ webpack-internal:///…ent/app-index.js:33
console.error @ webpack-internal:///…on-error-info.js:63
handleRemoteIceCandidate @ webpack-internal:///…/lib/webrtc.ts:1104
await in handleRemoteIceCandidate
Emitter.emit @ webpack-internal:///…ib/esm/index.js:140
emitEvent @ webpack-internal:///…d/esm/socket.js:545
onevent @ webpack-internal:///…d/esm/socket.js:532
onpacket @ webpack-internal:///…d/esm/socket.js:502
Emitter.emit @ webpack-internal:///…ib/esm/index.js:140
eval @ webpack-internal:///…/esm/manager.js:219
Promise.then
eval @ webpack-internal:///…d/esm/globals.js:11
ondecoded @ webpack-internal:///…/esm/manager.js:218
Emitter.emit @ webpack-internal:///…ib/esm/index.js:140
add @ webpack-internal:///…ld/esm/index.js:156
ondata @ webpack-internal:///…/esm/manager.js:205
Emitter.emit @ webpack-internal:///…ib/esm/index.js:140
_onPacket @ webpack-internal:///…d/esm/socket.js:272
Emitter.emit @ webpack-internal:///…ib/esm/index.js:140
onPacket @ webpack-internal:///…sm/transport.js:108
callback @ webpack-internal:///…ports/polling.js:86
onData @ webpack-internal:///…ports/polling.js:89
Emitter.emit @ webpack-internal:///…ib/esm/index.js:140
_onLoad @ webpack-internal:///…/polling-xhr.js:204
xhr.onreadystatechange @ webpack-internal:///…/polling-xhr.js:140
XMLHttpRequest.send
_create @ webpack-internal:///…/polling-xhr.js:150
Request @ webpack-internal:///…s/polling-xhr.js:86
request @ webpack-internal:///…/polling-xhr.js:264
doPoll @ webpack-internal:///…s/polling-xhr.js:63
_poll @ webpack-internal:///…ports/polling.js:66
onData @ webpack-internal:///…ports/polling.js:96
Emitter.emit @ webpack-internal:///…ib/esm/index.js:140
_onLoad @ webpack-internal:///…/polling-xhr.js:204
xhr.onreadystatechange @ webpack-internal:///…/polling-xhr.js:140
XMLHttpRequest.send
_create @ webpack-internal:///…/polling-xhr.js:150
Request @ webpack-internal:///…s/polling-xhr.js:86
request @ webpack-internal:///…/polling-xhr.js:264
doPoll @ webpack-internal:///…s/polling-xhr.js:63
_poll @ webpack-internal:///…ports/polling.js:66
onData @ webpack-internal:///…ports/polling.js:96
Emitter.emit @ webpack-internal:///…ib/esm/index.js:140
_onLoad @ webpack-internal:///…/polling-xhr.js:204
xhr.onreadystatechange @ webpack-internal:///…/polling-xhr.js:140
XMLHttpRequest.send
_create @ webpack-internal:///…/polling-xhr.js:150
Request @ webpack-internal:///…s/polling-xhr.js:86
request @ webpack-internal:///…/polling-xhr.js:264
doPoll @ webpack-internal:///…s/polling-xhr.js:63
_poll @ webpack-internal:///…ports/polling.js:66
onData @ webpack-internal:///…ports/polling.js:96
Emitter.emit @ webpack-internal:///…ib/esm/index.js:140
_onLoad @ webpack-internal:///…/polling-xhr.js:204
xhr.onreadystatechange @ webpack-internal:///…/polling-xhr.js:140
XMLHttpRequest.send
_create @ webpack-internal:///…/polling-xhr.js:150
Request @ webpack-internal:///…s/polling-xhr.js:86
request @ webpack-internal:///…/polling-xhr.js:264
doPoll @ webpack-internal:///…s/polling-xhr.js:63
_poll @ webpack-internal:///…ports/polling.js:66
onData @ webpack-internal:///…ports/polling.js:96
Emitter.emit @ webpack-internal:///…ib/esm/index.js:140
_onLoad @ webpack-internal:///…/polling-xhr.js:204
xhr.onreadystatechange @ webpack-internal:///…/polling-xhr.js:140
XMLHttpRequest.send
_create @ webpack-internal:///…/polling-xhr.js:150
Request @ webpack-internal:///…s/polling-xhr.js:86
request @ webpack-internal:///…/polling-xhr.js:264
doPoll @ webpack-internal:///…s/polling-xhr.js:63
_poll @ webpack-internal:///…ports/polling.js:66
onData @ webpack-internal:///…ports/polling.js:96
Emitter.emit @ webpack-internal:///…ib/esm/index.js:140
_onLoad @ webpack-internal:///…/polling-xhr.js:204
xhr.onreadystatechange @ webpack-internal:///…/polling-xhr.js:140
XMLHttpRequest.send
_create @ webpack-internal:///…/polling-xhr.js:150
Request @ webpack-internal:///…s/polling-xhr.js:86
request @ webpack-internal:///…/polling-xhr.js:264
doPoll @ webpack-internal:///…s/polling-xhr.js:63
_poll @ webpack-internal:///…ports/polling.js:66
onData @ webpack-internal:///…ports/polling.js:96
Emitter.emit @ webpack-internal:///…ib/esm/index.js:140
_onLoad @ webpack-internal:///…/polling-xhr.js:204
xhr.onreadystatechange @ webpack-internal:///…/polling-xhr.js:140
XMLHttpRequest.send
_create @ webpack-internal:///…/polling-xhr.js:150
Request @ webpack-internal:///…s/polling-xhr.js:86
request @ webpack-internal:///…/polling-xhr.js:264
doPoll @ webpack-internal:///…s/polling-xhr.js:63
_poll @ webpack-internal:///…ports/polling.js:66
onData @ webpack-internal:///…ports/polling.js:96
Emitter.emit @ webpack-internal:///…ib/esm/index.js:140
_onLoad @ webpack-internal:///…/polling-xhr.js:204
xhr.onreadystatechange @ webpack-internal:///…/polling-xhr.js:140
XMLHttpRequest.send
_create @ webpack-internal:///…/polling-xhr.js:150
Request @ webpack-internal:///…s/polling-xhr.js:86
request @ webpack-internal:///…/polling-xhr.js:264
doPoll @ webpack-internal:///…s/polling-xhr.js:63
_poll @ webpack-internal:///…ports/polling.js:66
onData @ webpack-internal:///…ports/polling.js:96
Emitter.emit @ webpack-internal:///…ib/esm/index.js:140
_onLoad @ webpack-internal:///…/polling-xhr.js:204
xhr.onreadystatechange @ webpack-internal:///…/polling-xhr.js:140
XMLHttpRequest.send
_create @ webpack-internal:///…/polling-xhr.js:150
Request @ webpack-internal:///…s/polling-xhr.js:86
request @ webpack-internal:///…/polling-xhr.js:264
doPoll @ webpack-internal:///…s/polling-xhr.js:63
_poll @ webpack-internal:///…ports/polling.js:66
onData @ webpack-internal:///…ports/polling.js:96
Emitter.emit @ webpack-internal:///…ib/esm/index.js:140
_onLoad @ webpack-internal:///…/polling-xhr.js:204
xhr.onreadystatechange @ webpack-internal:///…/polling-xhr.js:140
XMLHttpRequest.send
_create @ webpack-internal:///…/polling-xhr.js:150
Request @ webpack-internal:///…s/polling-xhr.js:86
request @ webpack-internal:///…/polling-xhr.js:264
doPoll @ webpack-internal:///…s/polling-xhr.js:63
_poll @ webpack-internal:///…ports/polling.js:66
onData @ webpack-internal:///…ports/polling.js:96
Emitter.emit @ webpack-internal:///…ib/esm/index.js:140
_onLoad @ webpack-internal:///…/polling-xhr.js:204
xhr.onreadystatechange @ webpack-internal:///…/polling-xhr.js:140
XMLHttpRequest.send
_create @ webpack-internal:///…/polling-xhr.js:150
Request @ webpack-internal:///…s/polling-xhr.js:86
request @ webpack-internal:///…/polling-xhr.js:264
doPoll @ webpack-internal:///…s/polling-xhr.js:63
_poll @ webpack-internal:///…ports/polling.js:66
onData @ webpack-internal:///…ports/polling.js:96
Emitter.emit @ webpack-internal:///…ib/esm/index.js:140
_onLoad @ webpack-internal:///…/polling-xhr.js:204
xhr.onreadystatechange @ webpack-internal:///…/polling-xhr.js:140
XMLHttpRequest.send
_create @ webpack-internal:///…/polling-xhr.js:150
Request @ webpack-internal:///…s/polling-xhr.js:86
request @ webpack-internal:///…/polling-xhr.js:264
doPoll @ webpack-internal:///…s/polling-xhr.js:63
_poll @ webpack-internal:///…ports/polling.js:66
onData @ webpack-internal:///…ports/polling.js:96
Emitter.emit @ webpack-internal:///…ib/esm/index.js:140
_onLoad @ webpack-internal:///…/polling-xhr.js:204
xhr.onreadystatechange @ webpack-internal:///…/polling-xhr.js:140
XMLHttpRequest.send
_create @ webpack-internal:///…/polling-xhr.js:150
Request @ webpack-internal:///…s/polling-xhr.js:86
request @ webpack-internal:///…/polling-xhr.js:264
doPoll @ webpack-internal:///…s/polling-xhr.js:63
_poll @ webpack-internal:///…ports/polling.js:66
onData @ webpack-internal:///…ports/polling.js:96
Emitter.emit @ webpack-internal:///…ib/esm/index.js:140
_onLoad @ webpack-internal:///…/polling-xhr.js:204
xhr.onreadystatechange @ webpack-internal:///…/polling-xhr.js:140
XMLHttpRequest.send
_create @ webpack-internal:///…/polling-xhr.js:150
Request @ webpack-internal:///…s/polling-xhr.js:86
request @ webpack-internal:///…/polling-xhr.js:264
doPoll @ webpack-internal:///…s/polling-xhr.js:63
_poll @ webpack-internal:///…ports/polling.js:66
onData @ webpack-internal:///…ports/polling.js:96
Emitter.emit @ webpack-internal:///…ib/esm/index.js:140
_onLoad @ webpack-internal:///…/polling-xhr.js:204
xhr.onreadystatechange @ webpack-internal:///…/polling-xhr.js:140
XMLHttpRequest.send
_create @ webpack-internal:///…/polling-xhr.js:150
Request @ webpack-internal:///…s/polling-xhr.js:86
request @ webpack-internal:///…/polling-xhr.js:264
doPoll @ webpack-internal:///…s/polling-xhr.js:63
_poll @ webpack-internal:///…ports/polling.js:66
onData @ webpack-internal:///…ports/polling.js:96
Emitter.emit @ webpack-internal:///…ib/esm/index.js:140
_onLoad @ webpack-internal:///…/polling-xhr.js:204
xhr.onreadystatechange @ webpack-internal:///…/polling-xhr.js:140
XMLHttpRequest.send
_create @ webpack-internal:///…/polling-xhr.js:150
Request @ webpack-internal:///…s/polling-xhr.js:86
request @ webpack-internal:///…/polling-xhr.js:264
doPoll @ webpack-internal:///…s/polling-xhr.js:63
_poll @ webpack-internal:///…ports/polling.js:66
onData @ webpack-internal:///…ports/polling.js:96
Emitter.emit @ webpack-internal:///…ib/esm/index.js:140
_onLoad @ webpack-internal:///…/polling-xhr.js:204
xhr.onreadystatechange @ webpack-internal:///…/polling-xhr.js:140
XMLHttpRequest.send
_create @ webpack-internal:///…/polling-xhr.js:150
Request @ webpack-internal:///…s/polling-xhr.js:86
request @ webpack-internal:///…/polling-xhr.js:264
doPoll @ webpack-internal:///…s/polling-xhr.js:63
_poll @ webpack-internal:///…ports/polling.js:66
onData @ webpack-internal:///…ports/polling.js:96
Emitter.emit @ webpack-internal:///…ib/esm/index.js:140
_onLoad @ webpack-internal:///…/polling-xhr.js:204
xhr.onreadystatechange @ webpack-internal:///…/polling-xhr.js:140
10:20:36.233  [VoiceActivity] Volume analysis: {average: '0.0', volume: '-100.0', threshold: -40, speaking: false, streamActive: true, …}
10:20:36.298  [WebRTC] Received ICE candidate from: cmeifn5qp002dkunge64m0xss
10:20:36.298  [WebRTC] Received ICE candidate from: cmeifn5qp002dkunge64m0xss
10:20:36.298  [WebRTC] No peer connection found for ICE candidate, buffering for later: cmeifn5qp002dkunge64m0xss
10:20:36.298  [WebRTC] Buffered ICE candidate for: cmeifn5qp002dkunge64m0xss Total buffered: 39
10:20:36.298  [WebRTC] Received ICE candidate from: cmeifn5qp002dkunge64m0xss
10:20:36.299  [WebRTC] Failed to add ICE candidate: 
window.console.error @ webpack-internal:///…ent/app-index.js:33
console.error @ webpack-internal:///…on-error-info.js:63
handleRemoteIceCandidate @ webpack-internal:///…/lib/webrtc.ts:1104
await in handleRemoteIceCandidate
Emitter.emit @ webpack-internal:///…ib/esm/index.js:140
emitEvent @ webpack-internal:///…d/esm/socket.js:545
onevent @ webpack-internal:///…d/esm/socket.js:532
onpacket @ webpack-internal:///…d/esm/socket.js:502
Emitter.emit @ webpack-internal:///…ib/esm/index.js:140
eval @ webpack-internal:///…/esm/manager.js:219
Promise.then
eval @ webpack-internal:///…d/esm/globals.js:11
ondecoded @ webpack-internal:///…/esm/manager.js:218
Emitter.emit @ webpack-internal:///…ib/esm/index.js:140
add @ webpack-internal:///…ld/esm/index.js:156
ondata @ webpack-internal:///…/esm/manager.js:205
Emitter.emit @ webpack-internal:///…ib/esm/index.js:140
_onPacket @ webpack-internal:///…d/esm/socket.js:272
Emitter.emit @ webpack-internal:///…ib/esm/index.js:140
onPacket @ webpack-internal:///…sm/transport.js:108
callback @ webpack-internal:///…ports/polling.js:86
onData @ webpack-internal:///…ports/polling.js:89
Emitter.emit @ webpack-internal:///…ib/esm/index.js:140
_onLoad @ webpack-internal:///…/polling-xhr.js:204
xhr.onreadystatechange @ webpack-internal:///…/polling-xhr.js:140
XMLHttpRequest.send
_create @ webpack-internal:///…/polling-xhr.js:150
Request @ webpack-internal:///…s/polling-xhr.js:86
request @ webpack-internal:///…/polling-xhr.js:264
doPoll @ webpack-internal:///…s/polling-xhr.js:63
_poll @ webpack-internal:///…ports/polling.js:66
onData @ webpack-internal:///…ports/polling.js:96
Emitter.emit @ webpack-internal:///…ib/esm/index.js:140
_onLoad @ webpack-internal:///…/polling-xhr.js:204
xhr.onreadystatechange @ webpack-internal:///…/polling-xhr.js:140
XMLHttpRequest.send
_create @ webpack-internal:///…/polling-xhr.js:150
Request @ webpack-internal:///…s/polling-xhr.js:86
request @ webpack-internal:///…/polling-xhr.js:264
doPoll @ webpack-internal:///…s/polling-xhr.js:63
_poll @ webpack-internal:///…ports/polling.js:66
onData @ webpack-internal:///…ports/polling.js:96
Emitter.emit @ webpack-internal:///…ib/esm/index.js:140
_onLoad @ webpack-internal:///…/polling-xhr.js:204
xhr.onreadystatechange @ webpack-internal:///…/polling-xhr.js:140
XMLHttpRequest.send
_create @ webpack-internal:///…/polling-xhr.js:150
Request @ webpack-internal:///…s/polling-xhr.js:86
request @ webpack-internal:///…/polling-xhr.js:264
doPoll @ webpack-internal:///…s/polling-xhr.js:63
_poll @ webpack-internal:///…ports/polling.js:66
onData @ webpack-internal:///…ports/polling.js:96
Emitter.emit @ webpack-internal:///…ib/esm/index.js:140
_onLoad @ webpack-internal:///…/polling-xhr.js:204
xhr.onreadystatechange @ webpack-internal:///…/polling-xhr.js:140
XMLHttpRequest.send
_create @ webpack-internal:///…/polling-xhr.js:150
Request @ webpack-internal:///…s/polling-xhr.js:86
request @ webpack-internal:///…/polling-xhr.js:264
doPoll @ webpack-internal:///…s/polling-xhr.js:63
_poll @ webpack-internal:///…ports/polling.js:66
onData @ webpack-internal:///…ports/polling.js:96
Emitter.emit @ webpack-internal:///…ib/esm/index.js:140
_onLoad @ webpack-internal:///…/polling-xhr.js:204
xhr.onreadystatechange @ webpack-internal:///…/polling-xhr.js:140
XMLHttpRequest.send
_create @ webpack-internal:///…/polling-xhr.js:150
Request @ webpack-internal:///…s/polling-xhr.js:86
request @ webpack-internal:///…/polling-xhr.js:264
doPoll @ webpack-internal:///…s/polling-xhr.js:63
_poll @ webpack-internal:///…ports/polling.js:66
onData @ webpack-internal:///…ports/polling.js:96
Emitter.emit @ webpack-internal:///…ib/esm/index.js:140
_onLoad @ webpack-internal:///…/polling-xhr.js:204
xhr.onreadystatechange @ webpack-internal:///…/polling-xhr.js:140
XMLHttpRequest.send
_create @ webpack-internal:///…/polling-xhr.js:150
Request @ webpack-internal:///…s/polling-xhr.js:86
request @ webpack-internal:///…/polling-xhr.js:264
doPoll @ webpack-internal:///…s/polling-xhr.js:63
_poll @ webpack-internal:///…ports/polling.js:66
onData @ webpack-internal:///…ports/polling.js:96
Emitter.emit @ webpack-internal:///…ib/esm/index.js:140
_onLoad @ webpack-internal:///…/polling-xhr.js:204
xhr.onreadystatechange @ webpack-internal:///…/polling-xhr.js:140
XMLHttpRequest.send
_create @ webpack-internal:///…/polling-xhr.js:150
Request @ webpack-internal:///…s/polling-xhr.js:86
request @ webpack-internal:///…/polling-xhr.js:264
doPoll @ webpack-internal:///…s/polling-xhr.js:63
_poll @ webpack-internal:///…ports/polling.js:66
onData @ webpack-internal:///…ports/polling.js:96
Emitter.emit @ webpack-internal:///…ib/esm/index.js:140
_onLoad @ webpack-internal:///…/polling-xhr.js:204
xhr.onreadystatechange @ webpack-internal:///…/polling-xhr.js:140
XMLHttpRequest.send
_create @ webpack-internal:///…/polling-xhr.js:150
Request @ webpack-internal:///…s/polling-xhr.js:86
request @ webpack-internal:///…/polling-xhr.js:264
doPoll @ webpack-internal:///…s/polling-xhr.js:63
_poll @ webpack-internal:///…ports/polling.js:66
onData @ webpack-internal:///…ports/polling.js:96
Emitter.emit @ webpack-internal:///…ib/esm/index.js:140
_onLoad @ webpack-internal:///…/polling-xhr.js:204
xhr.onreadystatechange @ webpack-internal:///…/polling-xhr.js:140
XMLHttpRequest.send
_create @ webpack-internal:///…/polling-xhr.js:150
Request @ webpack-internal:///…s/polling-xhr.js:86
request @ webpack-internal:///…/polling-xhr.js:264
doPoll @ webpack-internal:///…s/polling-xhr.js:63
_poll @ webpack-internal:///…ports/polling.js:66
onData @ webpack-internal:///…ports/polling.js:96
Emitter.emit @ webpack-internal:///…ib/esm/index.js:140
_onLoad @ webpack-internal:///…/polling-xhr.js:204
xhr.onreadystatechange @ webpack-internal:///…/polling-xhr.js:140
XMLHttpRequest.send
_create @ webpack-internal:///…/polling-xhr.js:150
Request @ webpack-internal:///…s/polling-xhr.js:86
request @ webpack-internal:///…/polling-xhr.js:264
doPoll @ webpack-internal:///…s/polling-xhr.js:63
_poll @ webpack-internal:///…ports/polling.js:66
onData @ webpack-internal:///…ports/polling.js:96
Emitter.emit @ webpack-internal:///…ib/esm/index.js:140
_onLoad @ webpack-internal:///…/polling-xhr.js:204
xhr.onreadystatechange @ webpack-internal:///…/polling-xhr.js:140
XMLHttpRequest.send
_create @ webpack-internal:///…/polling-xhr.js:150
Request @ webpack-internal:///…s/polling-xhr.js:86
request @ webpack-internal:///…/polling-xhr.js:264
doPoll @ webpack-internal:///…s/polling-xhr.js:63
_poll @ webpack-internal:///…ports/polling.js:66
onData @ webpack-internal:///…ports/polling.js:96
Emitter.emit @ webpack-internal:///…ib/esm/index.js:140
_onLoad @ webpack-internal:///…/polling-xhr.js:204
xhr.onreadystatechange @ webpack-internal:///…/polling-xhr.js:140
XMLHttpRequest.send
_create @ webpack-internal:///…/polling-xhr.js:150
Request @ webpack-internal:///…s/polling-xhr.js:86
request @ webpack-internal:///…/polling-xhr.js:264
doPoll @ webpack-internal:///…s/polling-xhr.js:63
_poll @ webpack-internal:///…ports/polling.js:66
onData @ webpack-internal:///…ports/polling.js:96
Emitter.emit @ webpack-internal:///…ib/esm/index.js:140
_onLoad @ webpack-internal:///…/polling-xhr.js:204
xhr.onreadystatechange @ webpack-internal:///…/polling-xhr.js:140
XMLHttpRequest.send
_create @ webpack-internal:///…/polling-xhr.js:150
Request @ webpack-internal:///…s/polling-xhr.js:86
request @ webpack-internal:///…/polling-xhr.js:264
doPoll @ webpack-internal:///…s/polling-xhr.js:63
_poll @ webpack-internal:///…ports/polling.js:66
onData @ webpack-internal:///…ports/polling.js:96
Emitter.emit @ webpack-internal:///…ib/esm/index.js:140
_onLoad @ webpack-internal:///…/polling-xhr.js:204
xhr.onreadystatechange @ webpack-internal:///…/polling-xhr.js:140
XMLHttpRequest.send
_create @ webpack-internal:///…/polling-xhr.js:150
Request @ webpack-internal:///…s/polling-xhr.js:86
request @ webpack-internal:///…/polling-xhr.js:264
doPoll @ webpack-internal:///…s/polling-xhr.js:63
_poll @ webpack-internal:///…ports/polling.js:66
onData @ webpack-internal:///…ports/polling.js:96
Emitter.emit @ webpack-internal:///…ib/esm/index.js:140
_onLoad @ webpack-internal:///…/polling-xhr.js:204
xhr.onreadystatechange @ webpack-internal:///…/polling-xhr.js:140
XMLHttpRequest.send
_create @ webpack-internal:///…/polling-xhr.js:150
Request @ webpack-internal:///…s/polling-xhr.js:86
request @ webpack-internal:///…/polling-xhr.js:264
doPoll @ webpack-internal:///…s/polling-xhr.js:63
_poll @ webpack-internal:///…ports/polling.js:66
onData @ webpack-internal:///…ports/polling.js:96
Emitter.emit @ webpack-internal:///…ib/esm/index.js:140
_onLoad @ webpack-internal:///…/polling-xhr.js:204
xhr.onreadystatechange @ webpack-internal:///…/polling-xhr.js:140
XMLHttpRequest.send
_create @ webpack-internal:///…/polling-xhr.js:150
Request @ webpack-internal:///…s/polling-xhr.js:86
request @ webpack-internal:///…/polling-xhr.js:264
doPoll @ webpack-internal:///…s/polling-xhr.js:63
_poll @ webpack-internal:///…ports/polling.js:66
onData @ webpack-internal:///…ports/polling.js:96
Emitter.emit @ webpack-internal:///…ib/esm/index.js:140
_onLoad @ webpack-internal:///…/polling-xhr.js:204
xhr.onreadystatechange @ webpack-internal:///…/polling-xhr.js:140
XMLHttpRequest.send
_create @ webpack-internal:///…/polling-xhr.js:150
Request @ webpack-internal:///…s/polling-xhr.js:86
request @ webpack-internal:///…/polling-xhr.js:264
doPoll @ webpack-internal:///…s/polling-xhr.js:63
_poll @ webpack-internal:///…ports/polling.js:66
onData @ webpack-internal:///…ports/polling.js:96
Emitter.emit @ webpack-internal:///…ib/esm/index.js:140
_onLoad @ webpack-internal:///…/polling-xhr.js:204
xhr.onreadystatechange @ webpack-internal:///…/polling-xhr.js:140
XMLHttpRequest.send
_create @ webpack-internal:///…/polling-xhr.js:150
Request @ webpack-internal:///…s/polling-xhr.js:86
request @ webpack-internal:///…/polling-xhr.js:264
doPoll @ webpack-internal:///…s/polling-xhr.js:63
_poll @ webpack-internal:///…ports/polling.js:66
onData @ webpack-internal:///…ports/polling.js:96
Emitter.emit @ webpack-internal:///…ib/esm/index.js:140
_onLoad @ webpack-internal:///…/polling-xhr.js:204
xhr.onreadystatechange @ webpack-internal:///…/polling-xhr.js:140
10:20:36.301  [WebRTC] Failed to add ICE candidate: 
window.console.error @ webpack-internal:///…ent/app-index.js:33
console.error @ webpack-internal:///…on-error-info.js:63
handleRemoteIceCandidate @ webpack-internal:///…/lib/webrtc.ts:1104
await in handleRemoteIceCandidate
Emitter.emit @ webpack-internal:///…ib/esm/index.js:140
emitEvent @ webpack-internal:///…d/esm/socket.js:545
onevent @ webpack-internal:///…d/esm/socket.js:532
onpacket @ webpack-internal:///…d/esm/socket.js:502
Emitter.emit @ webpack-internal:///…ib/esm/index.js:140
eval @ webpack-internal:///…/esm/manager.js:219
Promise.then
eval @ webpack-internal:///…d/esm/globals.js:11
ondecoded @ webpack-internal:///…/esm/manager.js:218
Emitter.emit @ webpack-internal:///…ib/esm/index.js:140
add @ webpack-internal:///…ld/esm/index.js:156
ondata @ webpack-internal:///…/esm/manager.js:205
Emitter.emit @ webpack-internal:///…ib/esm/index.js:140
_onPacket @ webpack-internal:///…d/esm/socket.js:272
Emitter.emit @ webpack-internal:///…ib/esm/index.js:140
onPacket @ webpack-internal:///…sm/transport.js:108
callback @ webpack-internal:///…ports/polling.js:86
onData @ webpack-internal:///…ports/polling.js:89
Emitter.emit @ webpack-internal:///…ib/esm/index.js:140
_onLoad @ webpack-internal:///…/polling-xhr.js:204
xhr.onreadystatechange @ webpack-internal:///…/polling-xhr.js:140
XMLHttpRequest.send
_create @ webpack-internal:///…/polling-xhr.js:150
Request @ webpack-internal:///…s/polling-xhr.js:86
request @ webpack-internal:///…/polling-xhr.js:264
doPoll @ webpack-internal:///…s/polling-xhr.js:63
_poll @ webpack-internal:///…ports/polling.js:66
onData @ webpack-internal:///…ports/polling.js:96
Emitter.emit @ webpack-internal:///…ib/esm/index.js:140
_onLoad @ webpack-internal:///…/polling-xhr.js:204
xhr.onreadystatechange @ webpack-internal:///…/polling-xhr.js:140
XMLHttpRequest.send
_create @ webpack-internal:///…/polling-xhr.js:150
Request @ webpack-internal:///…s/polling-xhr.js:86
request @ webpack-internal:///…/polling-xhr.js:264
doPoll @ webpack-internal:///…s/polling-xhr.js:63
_poll @ webpack-internal:///…ports/polling.js:66
onData @ webpack-internal:///…ports/polling.js:96
Emitter.emit @ webpack-internal:///…ib/esm/index.js:140
_onLoad @ webpack-internal:///…/polling-xhr.js:204
xhr.onreadystatechange @ webpack-internal:///…/polling-xhr.js:140
XMLHttpRequest.send
_create @ webpack-internal:///…/polling-xhr.js:150
Request @ webpack-internal:///…s/polling-xhr.js:86
request @ webpack-internal:///…/polling-xhr.js:264
doPoll @ webpack-internal:///…s/polling-xhr.js:63
_poll @ webpack-internal:///…ports/polling.js:66
onData @ webpack-internal:///…ports/polling.js:96
Emitter.emit @ webpack-internal:///…ib/esm/index.js:140
_onLoad @ webpack-internal:///…/polling-xhr.js:204
xhr.onreadystatechange @ webpack-internal:///…/polling-xhr.js:140
XMLHttpRequest.send
_create @ webpack-internal:///…/polling-xhr.js:150
Request @ webpack-internal:///…s/polling-xhr.js:86
request @ webpack-internal:///…/polling-xhr.js:264
doPoll @ webpack-internal:///…s/polling-xhr.js:63
_poll @ webpack-internal:///…ports/polling.js:66
onData @ webpack-internal:///…ports/polling.js:96
Emitter.emit @ webpack-internal:///…ib/esm/index.js:140
_onLoad @ webpack-internal:///…/polling-xhr.js:204
xhr.onreadystatechange @ webpack-internal:///…/polling-xhr.js:140
XMLHttpRequest.send
_create @ webpack-internal:///…/polling-xhr.js:150
Request @ webpack-internal:///…s/polling-xhr.js:86
request @ webpack-internal:///…/polling-xhr.js:264
doPoll @ webpack-internal:///…s/polling-xhr.js:63
_poll @ webpack-internal:///…ports/polling.js:66
onData @ webpack-internal:///…ports/polling.js:96
Emitter.emit @ webpack-internal:///…ib/esm/index.js:140
_onLoad @ webpack-internal:///…/polling-xhr.js:204
xhr.onreadystatechange @ webpack-internal:///…/polling-xhr.js:140
XMLHttpRequest.send
_create @ webpack-internal:///…/polling-xhr.js:150
Request @ webpack-internal:///…s/polling-xhr.js:86
request @ webpack-internal:///…/polling-xhr.js:264
doPoll @ webpack-internal:///…s/polling-xhr.js:63
_poll @ webpack-internal:///…ports/polling.js:66
onData @ webpack-internal:///…ports/polling.js:96
Emitter.emit @ webpack-internal:///…ib/esm/index.js:140
_onLoad @ webpack-internal:///…/polling-xhr.js:204
xhr.onreadystatechange @ webpack-internal:///…/polling-xhr.js:140
XMLHttpRequest.send
_create @ webpack-internal:///…/polling-xhr.js:150
Request @ webpack-internal:///…s/polling-xhr.js:86
request @ webpack-internal:///…/polling-xhr.js:264
doPoll @ webpack-internal:///…s/polling-xhr.js:63
_poll @ webpack-internal:///…ports/polling.js:66
onData @ webpack-internal:///…ports/polling.js:96
Emitter.emit @ webpack-internal:///…ib/esm/index.js:140
_onLoad @ webpack-internal:///…/polling-xhr.js:204
xhr.onreadystatechange @ webpack-internal:///…/polling-xhr.js:140
XMLHttpRequest.send
_create @ webpack-internal:///…/polling-xhr.js:150
Request @ webpack-internal:///…s/polling-xhr.js:86
request @ webpack-internal:///…/polling-xhr.js:264
doPoll @ webpack-internal:///…s/polling-xhr.js:63
_poll @ webpack-internal:///…ports/polling.js:66
onData @ webpack-internal:///…ports/polling.js:96
Emitter.emit @ webpack-internal:///…ib/esm/index.js:140
_onLoad @ webpack-internal:///…/polling-xhr.js:204
xhr.onreadystatechange @ webpack-internal:///…/polling-xhr.js:140
XMLHttpRequest.send
_create @ webpack-internal:///…/polling-xhr.js:150
Request @ webpack-internal:///…s/polling-xhr.js:86
request @ webpack-internal:///…/polling-xhr.js:264
doPoll @ webpack-internal:///…s/polling-xhr.js:63
_poll @ webpack-internal:///…ports/polling.js:66
onData @ webpack-internal:///…ports/polling.js:96
Emitter.emit @ webpack-internal:///…ib/esm/index.js:140
_onLoad @ webpack-internal:///…/polling-xhr.js:204
xhr.onreadystatechange @ webpack-internal:///…/polling-xhr.js:140
XMLHttpRequest.send
_create @ webpack-internal:///…/polling-xhr.js:150
Request @ webpack-internal:///…s/polling-xhr.js:86
request @ webpack-internal:///…/polling-xhr.js:264
doPoll @ webpack-internal:///…s/polling-xhr.js:63
_poll @ webpack-internal:///…ports/polling.js:66
onData @ webpack-internal:///…ports/polling.js:96
Emitter.emit @ webpack-internal:///…ib/esm/index.js:140
_onLoad @ webpack-internal:///…/polling-xhr.js:204
xhr.onreadystatechange @ webpack-internal:///…/polling-xhr.js:140
XMLHttpRequest.send
_create @ webpack-internal:///…/polling-xhr.js:150
Request @ webpack-internal:///…s/polling-xhr.js:86
request @ webpack-internal:///…/polling-xhr.js:264
doPoll @ webpack-internal:///…s/polling-xhr.js:63
_poll @ webpack-internal:///…ports/polling.js:66
onData @ webpack-internal:///…ports/polling.js:96
Emitter.emit @ webpack-internal:///…ib/esm/index.js:140
_onLoad @ webpack-internal:///…/polling-xhr.js:204
xhr.onreadystatechange @ webpack-internal:///…/polling-xhr.js:140
XMLHttpRequest.send
_create @ webpack-internal:///…/polling-xhr.js:150
Request @ webpack-internal:///…s/polling-xhr.js:86
request @ webpack-internal:///…/polling-xhr.js:264
doPoll @ webpack-internal:///…s/polling-xhr.js:63
_poll @ webpack-internal:///…ports/polling.js:66
onData @ webpack-internal:///…ports/polling.js:96
Emitter.emit @ webpack-internal:///…ib/esm/index.js:140
_onLoad @ webpack-internal:///…/polling-xhr.js:204
xhr.onreadystatechange @ webpack-internal:///…/polling-xhr.js:140
XMLHttpRequest.send
_create @ webpack-internal:///…/polling-xhr.js:150
Request @ webpack-internal:///…s/polling-xhr.js:86
request @ webpack-internal:///…/polling-xhr.js:264
doPoll @ webpack-internal:///…s/polling-xhr.js:63
_poll @ webpack-internal:///…ports/polling.js:66
onData @ webpack-internal:///…ports/polling.js:96
Emitter.emit @ webpack-internal:///…ib/esm/index.js:140
_onLoad @ webpack-internal:///…/polling-xhr.js:204
xhr.onreadystatechange @ webpack-internal:///…/polling-xhr.js:140
XMLHttpRequest.send
_create @ webpack-internal:///…/polling-xhr.js:150
Request @ webpack-internal:///…s/polling-xhr.js:86
request @ webpack-internal:///…/polling-xhr.js:264
doPoll @ webpack-internal:///…s/polling-xhr.js:63
_poll @ webpack-internal:///…ports/polling.js:66
onData @ webpack-internal:///…ports/polling.js:96
Emitter.emit @ webpack-internal:///…ib/esm/index.js:140
_onLoad @ webpack-internal:///…/polling-xhr.js:204
xhr.onreadystatechange @ webpack-internal:///…/polling-xhr.js:140
XMLHttpRequest.send
_create @ webpack-internal:///…/polling-xhr.js:150
Request @ webpack-internal:///…s/polling-xhr.js:86
request @ webpack-internal:///…/polling-xhr.js:264
doPoll @ webpack-internal:///…s/polling-xhr.js:63
_poll @ webpack-internal:///…ports/polling.js:66
onData @ webpack-internal:///…ports/polling.js:96
Emitter.emit @ webpack-internal:///…ib/esm/index.js:140
_onLoad @ webpack-internal:///…/polling-xhr.js:204
xhr.onreadystatechange @ webpack-internal:///…/polling-xhr.js:140
XMLHttpRequest.send
_create @ webpack-internal:///…/polling-xhr.js:150
Request @ webpack-internal:///…s/polling-xhr.js:86
request @ webpack-internal:///…/polling-xhr.js:264
doPoll @ webpack-internal:///…s/polling-xhr.js:63
_poll @ webpack-internal:///…ports/polling.js:66
onData @ webpack-internal:///…ports/polling.js:96
Emitter.emit @ webpack-internal:///…ib/esm/index.js:140
_onLoad @ webpack-internal:///…/polling-xhr.js:204
xhr.onreadystatechange @ webpack-internal:///…/polling-xhr.js:140
XMLHttpRequest.send
_create @ webpack-internal:///…/polling-xhr.js:150
Request @ webpack-internal:///…s/polling-xhr.js:86
request @ webpack-internal:///…/polling-xhr.js:264
doPoll @ webpack-internal:///…s/polling-xhr.js:63
_poll @ webpack-internal:///…ports/polling.js:66
onData @ webpack-internal:///…ports/polling.js:96
Emitter.emit @ webpack-internal:///…ib/esm/index.js:140
_onLoad @ webpack-internal:///…/polling-xhr.js:204
xhr.onreadystatechange @ webpack-internal:///…/polling-xhr.js:140
XMLHttpRequest.send
_create @ webpack-internal:///…/polling-xhr.js:150
Request @ webpack-internal:///…s/polling-xhr.js:86
request @ webpack-internal:///…/polling-xhr.js:264
doPoll @ webpack-internal:///…s/polling-xhr.js:63
_poll @ webpack-internal:///…ports/polling.js:66
onData @ webpack-internal:///…ports/polling.js:96
Emitter.emit @ webpack-internal:///…ib/esm/index.js:140
_onLoad @ webpack-internal:///…/polling-xhr.js:204
xhr.onreadystatechange @ webpack-internal:///…/polling-xhr.js:140
10:20:36.524  [CallModal] Rendered - voice call opened
10:20:36.524  [CallModal] Rendered - voice call opened
10:20:36.525  [VoiceParticipant] Tester voice activity debug: {participantId: 'cmeifml0h001okung0i95m8s6', hasOriginalStream: true, hasLatestStream: true, streamActive: true, audioTracksCount: 1, …}
10:20:36.525  [VoiceParticipant] Tester voice activity debug: {participantId: 'cmeifml0h001okung0i95m8s6', hasOriginalStream: true, hasLatestStream: true, streamActive: true, audioTracksCount: 1, …}
10:20:36.525  [CallModal] 🔊 Setting up audio element for participant cmeifml0h001okung0i95m8s6
10:20:36.526  [CallModal] Stream details: {id: '22684b8b-e675-484e-8ba1-c9d3f02f2c18', active: true, audioTracks: Array(1)}
