15:54:57.179  The AudioContext was not allowed to start. It must be resumed (or created) after a user gesture on the page. https://developer.chrome.com/blog/autoplay/#web_audio
eval @ webpack-internal:///…ationContext.tsx:67
15:55:18.044  The AudioContext was not allowed to start. It must be resumed (or created) after a user gesture on the page. https://developer.chrome.com/blog/autoplay/#web_audio
eval @ webpack-internal:///…lCallManager.tsx:77
15:55:18.047  The AudioContext was not allowed to start. It must be resumed (or created) after a user gesture on the page. https://developer.chrome.com/blog/autoplay/#web_audio
eval @ webpack-internal:///…lCallManager.tsx:77
15:55:18.048  The AudioContext was not allowed to start. It must be resumed (or created) after a user gesture on the page. https://developer.chrome.com/blog/autoplay/#web_audio
eval @ webpack-internal:///…lCallManager.tsx:77
15:56:12.264  [CallModal] Rendered - voice call opened
15:56:12.264  [VoiceParticipant] Tester voice activity debug: Object
15:56:12.267  [CallModal] 🔊 Setting up audio element for participant cmeifml0h001okung0i95m8s6
15:56:12.267  [CallModal] Stream details: Object
15:56:12.267  [CallModal] Previous audio element for cmeifml0h001okung0i95m8s6: false
15:56:12.267  [CallModal] Cleared previous srcObject for cmeifml0h001okung0i95m8s6
15:56:12.267  [CallModal] 🔄 Stream not ready, waiting...
15:56:12.267  [CallModal] ❌ Initial audio play failed for cmeifml0h001okung0i95m8s6: 
attemptPlay @ webpack-internal:///…/CallModal.tsx:3124
15:56:12.267  [CallModal] 🔄 Waiting for stream to become active for cmeifml0h001okung0i95m8s6
15:56:12.268  [VoiceActivity] Effect triggered: Object
15:56:12.268  [VoiceActivity] No audio tracks in stream, cleaning up
15:56:12.268  [VoiceActivity] Effect triggered: Object
15:56:12.268  [VoiceActivity] No audio tracks in stream, cleaning up
15:56:12.618  Updated online status for user cmeifml0h001okung0i95m8s6 in conversation cmfbwdnf60000kuzg41ovkra2
15:56:12.618  ChatSidebar: Group conversation cmew64hqq0008kud8i3zywuwd (Test) - members: 3
15:56:12.620  🏠 ChatWindow mounted/re-rendered with conversationId: null
15:56:12.620  🏠 ChatWindow mounted/re-rendered with conversationId: null
15:56:12.620  [CallModal] Rendered - voice call opened
15:56:12.621  [CallModal] Rendered - voice call opened
15:56:12.621  [VoiceParticipant] Tester voice activity debug: Object
15:56:12.623  [CallModal] 🔊 Setting up audio element for participant cmeifml0h001okung0i95m8s6
15:56:12.623  [CallModal] Stream details: Object
15:56:12.623  [CallModal] Previous audio element for cmeifml0h001okung0i95m8s6: false
15:56:12.624  [CallModal] Cleared previous srcObject for cmeifml0h001okung0i95m8s6
15:56:12.624  [CallModal] 🔄 Stream not ready, waiting...
15:56:12.624  [CallModal] ❌ Initial audio play failed for cmeifml0h001okung0i95m8s6: 
attemptPlay @ webpack-internal:///…/CallModal.tsx:3124
15:56:12.624  [CallModal] 🔄 Waiting for stream to become active for cmeifml0h001okung0i95m8s6
15:56:12.624  ChatSidebar: Conversations updated, count: 4
15:56:12.624  ChatSidebar: Latest conversation: cmfbwdnf60000kuzg41ovkra2 last message: cmfc8zta3000bkulfrpl6vutn
15:56:12.624  [VoiceActivity] Effect triggered: Object
15:56:12.624  [VoiceActivity] No audio tracks in stream, cleaning up
15:56:12.624  [CallModal] Initialized active participants (excluding self): Array(1)
15:56:12.624  [CallModal] Skipping connection verification - no WebRTC or participants
15:56:12.624  [VoiceActivity] Effect triggered: Object
15:56:12.624  [VoiceActivity] No audio tracks in stream, cleaning up
15:56:12.625  [CallModal] Rendered - voice call opened
15:56:12.625  [CallModal] Rendered - voice call opened
15:56:12.626  [VoiceParticipant] Tester voice activity debug: Object
15:56:12.628  [CallModal] 🔊 Setting up audio element for participant cmeifml0h001okung0i95m8s6
15:56:12.628  [CallModal] Stream details: Object
15:56:12.628  [CallModal] Previous audio element for cmeifml0h001okung0i95m8s6: false
15:56:12.628  [CallModal] Cleared previous srcObject for cmeifml0h001okung0i95m8s6
15:56:12.629  [CallModal] 🔄 Stream not ready, waiting...
15:56:12.629  [CallModal] ❌ Initial audio play failed for cmeifml0h001okung0i95m8s6: 
attemptPlay @ webpack-internal:///…/CallModal.tsx:3124
15:56:12.629  [CallModal] 🔄 Waiting for stream to become active for cmeifml0h001okung0i95m8s6
15:56:12.629  [VoiceActivity] Effect triggered: Object
15:56:12.629  [VoiceActivity] No audio tracks in stream, cleaning up
15:56:12.629  [VoiceActivity] Effect triggered: Object
15:56:12.629  [VoiceActivity] No audio tracks in stream, cleaning up
15:56:12.946  [CallModal] Updated peer connections for performance monitoring: 2
15:56:12.947  [CallModal] Peer connection participants: Array(2)
15:56:12.947  [CallModal] Rendered - voice call opened
15:56:12.947  [CallModal] Rendered - voice call opened
15:56:12.948  [VoiceParticipant] Tester voice activity debug: Object
15:56:12.949  [CallModal] 🔊 Setting up audio element for participant cmeifml0h001okung0i95m8s6
15:56:12.949  [CallModal] Stream details: Object
15:56:12.949  [CallModal] Previous audio element for cmeifml0h001okung0i95m8s6: false
15:56:12.949  [CallModal] Cleared previous srcObject for cmeifml0h001okung0i95m8s6
15:56:12.949  [CallModal] 🔄 Stream not ready, waiting...
15:56:12.949  [CallModal] ❌ Initial audio play failed for cmeifml0h001okung0i95m8s6: 
attemptPlay @ webpack-internal:///…/CallModal.tsx:3124
15:56:12.950  [CallModal] 🔄 Waiting for stream to become active for cmeifml0h001okung0i95m8s6
15:56:12.950  [VoiceActivity] Effect triggered: Object
15:56:12.950  [VoiceActivity] No audio tracks in stream, cleaning up
15:56:12.950  [useCallPerformance] Connection states: Array(2)
15:56:12.950  [useCallPerformance] Starting monitoring for 2 valid connections
15:56:12.950  [VoiceActivity] Effect triggered: Object
15:56:12.950  [VoiceActivity] No audio tracks in stream, cleaning up
15:56:12.951  [useCallPerformance] Network metrics: Object
15:56:12.952  [useCallPerformance] No valid network data yet, assuming good quality
15:56:12.952  [CallModal] Rendered - voice call opened
15:56:12.952  [CallModal] Rendered - voice call opened
15:56:12.952  [VoiceParticipant] Tester voice activity debug: Object
15:56:12.953  [CallModal] 🔊 Setting up audio element for participant cmeifml0h001okung0i95m8s6
15:56:12.953  [CallModal] Stream details: Object
15:56:12.953  [CallModal] Previous audio element for cmeifml0h001okung0i95m8s6: false
15:56:12.953  [CallModal] Cleared previous srcObject for cmeifml0h001okung0i95m8s6
15:56:12.953  [CallModal] 🔄 Stream not ready, waiting...
15:56:12.953  [CallModal] ❌ Initial audio play failed for cmeifml0h001okung0i95m8s6: 
attemptPlay @ webpack-internal:///…/CallModal.tsx:3124
15:56:12.953  [CallModal] 🔄 Waiting for stream to become active for cmeifml0h001okung0i95m8s6
15:56:12.953  [VoiceActivity] Effect triggered: Object
15:56:12.953  [VoiceActivity] No audio tracks in stream, cleaning up
15:56:12.953  [VoiceActivity] Effect triggered: Object
15:56:12.953  [VoiceActivity] No audio tracks in stream, cleaning up
15:56:13.189  User status update received: Object
15:56:13.190  ChatSidebar: Filtering conversations Object
15:56:13.190  🏠 ChatWindow mounted/re-rendered with conversationId: null
15:56:13.190  🏠 ChatWindow mounted/re-rendered with conversationId: null
15:56:13.190  [CallModal] Rendered - voice call opened
15:56:13.190  [CallModal] Rendered - voice call opened
15:56:13.191  [VoiceParticipant] Tester voice activity debug: Object
15:56:13.191  [CallModal] 🔊 Setting up audio element for participant cmeifml0h001okung0i95m8s6
15:56:13.191  [CallModal] Stream details: Object
15:56:13.191  [CallModal] Previous audio element for cmeifml0h001okung0i95m8s6: false
15:56:13.192  [CallModal] Cleared previous srcObject for cmeifml0h001okung0i95m8s6
15:56:13.192  [CallModal] 🔄 Stream not ready, waiting...
15:56:13.192  [CallModal] ❌ Initial audio play failed for cmeifml0h001okung0i95m8s6: 
attemptPlay @ webpack-internal:///…/CallModal.tsx:3124
15:56:13.192  [CallModal] 🔄 Waiting for stream to become active for cmeifml0h001okung0i95m8s6
15:56:13.192  ChatSidebar: Conversations updated, count: 4
15:56:13.192  ChatSidebar: Latest conversation: cmfbwdnf60000kuzg41ovkra2 last message: cmfc8zta3000bkulfrpl6vutn
15:56:13.192  [VoiceActivity] Effect triggered: Object
15:56:13.192  [VoiceActivity] No audio tracks in stream, cleaning up
15:56:13.193  [CallModal] Initialized active participants (excluding self): Array(1)
15:56:13.193  [CallModal] Skipping connection verification - no WebRTC or participants
15:56:13.193  [VoiceActivity] Effect triggered: Object
15:56:13.193  [VoiceActivity] No audio tracks in stream, cleaning up
15:56:13.193  [CallModal] Rendered - voice call opened
15:56:13.193  [CallModal] Rendered - voice call opened
15:56:13.193  [VoiceParticipant] Tester voice activity debug: Object
15:56:13.194  [CallModal] 🔊 Setting up audio element for participant cmeifml0h001okung0i95m8s6
15:56:13.194  [CallModal] Stream details: Object
15:56:13.194  [CallModal] Previous audio element for cmeifml0h001okung0i95m8s6: false
15:56:13.194  [CallModal] Cleared previous srcObject for cmeifml0h001okung0i95m8s6
15:56:13.194  [CallModal] 🔄 Stream not ready, waiting...
15:56:13.194  [CallModal] ❌ Initial audio play failed for cmeifml0h001okung0i95m8s6: 
attemptPlay @ webpack-internal:///…/CallModal.tsx:3124
15:56:13.194  [CallModal] 🔄 Waiting for stream to become active for cmeifml0h001okung0i95m8s6
15:56:13.194  [VoiceActivity] Effect triggered: Object
15:56:13.195  [VoiceActivity] No audio tracks in stream, cleaning up
15:56:13.195  [VoiceActivity] Effect triggered: Object
15:56:13.195  [VoiceActivity] No audio tracks in stream, cleaning up
15:56:13.280  User status update received: Object
15:56:13.281  ChatSidebar: Filtering conversations Object
15:56:13.281  ChatSidebar: Group conversation cmfbwdnf60000kuzg41ovkra2 (New Group) - members: 3
15:56:13.282  🏠 ChatWindow mounted/re-rendered with conversationId: null
15:56:13.282  Updated online status for user cmeifn5qp002dkunge64m0xss in conversation cmew64hqq0008kud8i3zywuwd
15:56:13.282  🏠 ChatWindow mounted/re-rendered with conversationId: null
15:56:13.282  [CallModal] Rendered - voice call opened
15:56:13.282  [CallModal] Rendered - voice call opened
15:56:13.283  [VoiceParticipant] Tester voice activity debug: Object
15:56:13.284  [CallModal] 🔊 Setting up audio element for participant cmeifml0h001okung0i95m8s6
15:56:13.284  [CallModal] Stream details: Object
15:56:13.284  [CallModal] Previous audio element for cmeifml0h001okung0i95m8s6: false
15:56:13.285  [CallModal] Cleared previous srcObject for cmeifml0h001okung0i95m8s6
15:56:13.285  [CallModal] 🔄 Stream not ready, waiting...
15:56:13.285  [CallModal] ❌ Initial audio play failed for cmeifml0h001okung0i95m8s6: 
attemptPlay @ webpack-internal:///…/CallModal.tsx:3124
15:56:13.285  [CallModal] 🔄 Waiting for stream to become active for cmeifml0h001okung0i95m8s6
15:56:13.285  ChatSidebar: Conversations updated, count: 4
15:56:13.285  ChatSidebar: Latest conversation: cmfbwdnf60000kuzg41ovkra2 last message: cmfc8zta3000bkulfrpl6vutn
15:56:13.285  [VoiceActivity] Effect triggered: Object
15:56:13.285  [VoiceActivity] No audio tracks in stream, cleaning up
15:56:13.285  [CallModal] Initialized active participants (excluding self): Array(1)
15:56:13.285  [CallModal] Skipping connection verification - no WebRTC or participants
15:56:13.285  [VoiceActivity] Effect triggered: Object
15:56:13.285  [VoiceActivity] No audio tracks in stream, cleaning up
15:56:13.286  User status update received: Object
15:56:13.287  ChatSidebar: Group conversation cmfbwdnf60000kuzg41ovkra2 (New Group) - members: 3
15:56:13.288  🏠 ChatWindow mounted/re-rendered with conversationId: null
15:56:13.288  Updated online status for user cmeifn5qp002dkunge64m0xss in conversation cmfbwdnf60000kuzg41ovkra2
15:56:13.288  🏠 ChatWindow mounted/re-rendered with conversationId: null
15:56:13.288  Updated online status for user cmeifn5qp002dkunge64m0xss in conversation cmfbwdnf60000kuzg41ovkra2
15:56:13.288  Updated online status for user cmeifn5qp002dkunge64m0xss in conversation cmfbwdnf60000kuzg41ovkra2
15:56:13.288  [CallModal] Rendered - voice call opened
15:56:13.288  [CallModal] Rendered - voice call opened
15:56:13.291  [VoiceParticipant] Tester voice activity debug: Object
15:56:13.294  [CallModal] 🔊 Setting up audio element for participant cmeifml0h001okung0i95m8s6
15:56:13.294  [CallModal] Stream details: Object
15:56:13.294  [CallModal] Previous audio element for cmeifml0h001okung0i95m8s6: false
15:56:13.294  [CallModal] Cleared previous srcObject for cmeifml0h001okung0i95m8s6
15:56:13.294  [CallModal] 🔄 Stream not ready, waiting...
15:56:13.294  [CallModal] ❌ Initial audio play failed for cmeifml0h001okung0i95m8s6: 
attemptPlay @ webpack-internal:///…/CallModal.tsx:3124
15:56:13.294  [CallModal] 🔄 Waiting for stream to become active for cmeifml0h001okung0i95m8s6
15:56:13.296  ChatSidebar: Conversations updated, count: 4
15:56:13.296  ChatSidebar: Latest conversation: cmfbwdnf60000kuzg41ovkra2 last message: cmfc8zta3000bkulfrpl6vutn
15:56:13.296  [VoiceActivity] Effect triggered: Object
15:56:13.296  [VoiceActivity] No audio tracks in stream, cleaning up
15:56:13.296  [CallModal] Initialized active participants (excluding self): Array(1)
15:56:13.296  [CallModal] Skipping connection verification - no WebRTC or participants
15:56:13.297  [VoiceActivity] Effect triggered: Object
15:56:13.297  [VoiceActivity] No audio tracks in stream, cleaning up
15:56:13.298  [CallModal] Rendered - voice call opened
15:56:13.298  [CallModal] Rendered - voice call opened
15:56:13.299  [VoiceParticipant] Tester voice activity debug: Object
15:56:13.300  [CallModal] 🔊 Setting up audio element for participant cmeifml0h001okung0i95m8s6
15:56:13.300  [CallModal] Stream details: Object
15:56:13.300  [CallModal] Previous audio element for cmeifml0h001okung0i95m8s6: false
15:56:13.300  [CallModal] Cleared previous srcObject for cmeifml0h001okung0i95m8s6
15:56:13.300  [CallModal] 🔄 Stream not ready, waiting...
15:56:13.300  [CallModal] ❌ Initial audio play failed for cmeifml0h001okung0i95m8s6: 
attemptPlay @ webpack-internal:///…/CallModal.tsx:3124
15:56:13.300  [CallModal] 🔄 Waiting for stream to become active for cmeifml0h001okung0i95m8s6
15:56:13.300  [VoiceActivity] Effect triggered: Object
15:56:13.300  [VoiceActivity] No audio tracks in stream, cleaning up
15:56:13.300  [VoiceActivity] Effect triggered: Object
15:56:13.300  [VoiceActivity] No audio tracks in stream, cleaning up
15:56:14.299  [CallModal] Rendered - voice call opened
15:56:14.299  [CallModal] Rendered - voice call opened
15:56:14.300  [VoiceParticipant] Tester voice activity debug: Object
15:56:14.301  [CallModal] 🔊 Setting up audio element for participant cmeifml0h001okung0i95m8s6
15:56:14.301  [CallModal] Stream details: Object
15:56:14.301  [CallModal] Previous audio element for cmeifml0h001okung0i95m8s6: false
15:56:14.301  [CallModal] Cleared previous srcObject for cmeifml0h001okung0i95m8s6
15:56:14.301  [CallModal] 🔄 Stream not ready, waiting...
15:56:14.301  [CallModal] ❌ Initial audio play failed for cmeifml0h001okung0i95m8s6: 
attemptPlay @ webpack-internal:///…/CallModal.tsx:3124
15:56:14.302  [CallModal] 🔄 Waiting for stream to become active for cmeifml0h001okung0i95m8s6
15:56:14.302  [VoiceActivity] Effect triggered: Object
15:56:14.302  [VoiceActivity] No audio tracks in stream, cleaning up
15:56:14.302  [VoiceActivity] Effect triggered: Object
15:56:14.302  [VoiceActivity] No audio tracks in stream, cleaning up
15:56:14.410  User status update received: Object
15:56:14.414  🏠 ChatWindow mounted/re-rendered with conversationId: null
15:56:14.414  🏠 ChatWindow mounted/re-rendered with conversationId: null
15:56:14.415  [CallModal] Rendered - voice call opened
15:56:14.415  [CallModal] Rendered - voice call opened
15:56:14.415  [VoiceParticipant] Tester voice activity debug: Object
15:56:14.417  [CallModal] 🔊 Setting up audio element for participant cmeifml0h001okung0i95m8s6
15:56:14.417  [CallModal] Stream details: Object
15:56:14.417  [CallModal] Previous audio element for cmeifml0h001okung0i95m8s6: false
15:56:14.417  [CallModal] Cleared previous srcObject for cmeifml0h001okung0i95m8s6
15:56:14.418  [CallModal] 🔄 Stream not ready, waiting...
15:56:14.418  [CallModal] ❌ Initial audio play failed for cmeifml0h001okung0i95m8s6: 
attemptPlay @ webpack-internal:///…/CallModal.tsx:3124
15:56:14.418  [CallModal] 🔄 Waiting for stream to become active for cmeifml0h001okung0i95m8s6
15:56:14.418  ChatSidebar: Conversations updated, count: 4
15:56:14.418  ChatSidebar: Latest conversation: cmfbwdnf60000kuzg41ovkra2 last message: cmfc8zta3000bkulfrpl6vutn
15:56:14.418  [VoiceActivity] Effect triggered: Object
15:56:14.418  [VoiceActivity] No audio tracks in stream, cleaning up
15:56:14.418  [CallModal] Initialized active participants (excluding self): Array(1)
15:56:14.418  [CallModal] Skipping connection verification - no WebRTC or participants
15:56:14.418  [VoiceActivity] Effect triggered: Object
15:56:14.418  [VoiceActivity] No audio tracks in stream, cleaning up
15:56:14.419  [CallModal] Rendered - voice call opened
15:56:14.419  [CallModal] Rendered - voice call opened
15:56:14.419  [VoiceParticipant] Tester voice activity debug: Object
15:56:14.421  [CallModal] 🔊 Setting up audio element for participant cmeifml0h001okung0i95m8s6
15:56:14.421  [CallModal] Stream details: Object
15:56:14.421  [CallModal] Previous audio element for cmeifml0h001okung0i95m8s6: false
15:56:14.421  [CallModal] Cleared previous srcObject for cmeifml0h001okung0i95m8s6
15:56:14.421  [CallModal] 🔄 Stream not ready, waiting...
15:56:14.421  [CallModal] ❌ Initial audio play failed for cmeifml0h001okung0i95m8s6: 
attemptPlay @ webpack-internal:///…/CallModal.tsx:3124
15:56:14.421  [CallModal] 🔄 Waiting for stream to become active for cmeifml0h001okung0i95m8s6
15:56:14.421  [VoiceActivity] Effect triggered: Object
15:56:14.421  [VoiceActivity] No audio tracks in stream, cleaning up
15:56:14.421  [VoiceActivity] Effect triggered: Object
15:56:14.421  [VoiceActivity] No audio tracks in stream, cleaning up
15:56:14.433  User status update received: Object
15:56:14.433  User status update received: Object
15:56:14.436  🏠 ChatWindow mounted/re-rendered with conversationId: null
15:56:14.436  🏠 ChatWindow mounted/re-rendered with conversationId: null
15:56:14.438  [CallModal] Rendered - voice call opened
15:56:14.438  [CallModal] Rendered - voice call opened
15:56:14.439  [VoiceParticipant] Tester voice activity debug: Object
15:56:14.440  [CallModal] 🔊 Setting up audio element for participant cmeifml0h001okung0i95m8s6
15:56:14.440  [CallModal] Stream details: Object
15:56:14.440  [CallModal] Previous audio element for cmeifml0h001okung0i95m8s6: false
15:56:14.441  [CallModal] Cleared previous srcObject for cmeifml0h001okung0i95m8s6
15:56:14.441  [CallModal] 🔄 Stream not ready, waiting...
15:56:14.441  [CallModal] ❌ Initial audio play failed for cmeifml0h001okung0i95m8s6: 
attemptPlay @ webpack-internal:///…/CallModal.tsx:3124
15:56:14.441  [CallModal] 🔄 Waiting for stream to become active for cmeifml0h001okung0i95m8s6
15:56:14.442  ChatSidebar: Conversations updated, count: 4
15:56:14.442  ChatSidebar: Latest conversation: cmfbwdnf60000kuzg41ovkra2 last message: cmfc8zta3000bkulfrpl6vutn
15:56:14.442  [VoiceActivity] Effect triggered: Object
15:56:14.442  [VoiceActivity] No audio tracks in stream, cleaning up
15:56:14.442  [CallModal] Initialized active participants (excluding self): Array(1)
15:56:14.442  [CallModal] Skipping connection verification - no WebRTC or participants
15:56:14.442  [VoiceActivity] Effect triggered: Object
15:56:14.442  [VoiceActivity] No audio tracks in stream, cleaning up
15:56:14.443  [CallModal] Rendered - voice call opened
15:56:14.443  [CallModal] Rendered - voice call opened
15:56:14.444  [VoiceParticipant] Tester voice activity debug: Object
15:56:14.445  [CallModal] 🔊 Setting up audio element for participant cmeifml0h001okung0i95m8s6
15:56:14.445  [CallModal] Stream details: Object
15:56:14.445  [CallModal] Previous audio element for cmeifml0h001okung0i95m8s6: false
15:56:14.446  [CallModal] Cleared previous srcObject for cmeifml0h001okung0i95m8s6
15:56:14.446  [CallModal] 🔄 Stream not ready, waiting...
15:56:14.446  [CallModal] ❌ Initial audio play failed for cmeifml0h001okung0i95m8s6: 
attemptPlay @ webpack-internal:///…/CallModal.tsx:3124
15:56:14.446  [CallModal] 🔄 Waiting for stream to become active for cmeifml0h001okung0i95m8s6
15:56:14.446  [VoiceActivity] Effect triggered: Object
15:56:14.446  [VoiceActivity] No audio tracks in stream, cleaning up
15:56:14.446  [VoiceActivity] Effect triggered: Object
15:56:14.446  [VoiceActivity] No audio tracks in stream, cleaning up
15:56:14.632  [CallModal] Skipping connection verification - no WebRTC or participants
15:56:14.936  [CallModal] Updated peer connections for performance monitoring: 2
15:56:14.936  [CallModal] Peer connection participants: Array(2)
15:56:14.936  [CallModal] Rendered - voice call opened
15:56:14.937  [CallModal] Rendered - voice call opened
15:56:14.937  [VoiceParticipant] Tester voice activity debug: Object
15:56:14.938  [CallModal] 🔊 Setting up audio element for participant cmeifml0h001okung0i95m8s6
15:56:14.938  [CallModal] Stream details: Object
15:56:14.938  [CallModal] Previous audio element for cmeifml0h001okung0i95m8s6: false
15:56:14.938  [CallModal] Cleared previous srcObject for cmeifml0h001okung0i95m8s6
15:56:14.938  [CallModal] 🔄 Stream not ready, waiting...
15:56:14.938  [CallModal] ❌ Initial audio play failed for cmeifml0h001okung0i95m8s6: 
attemptPlay @ webpack-internal:///…/CallModal.tsx:3124
15:56:14.938  [CallModal] 🔄 Waiting for stream to become active for cmeifml0h001okung0i95m8s6
15:56:14.938  [VoiceActivity] Effect triggered: Object
15:56:14.938  [VoiceActivity] No audio tracks in stream, cleaning up
15:56:14.938  [useCallPerformance] Connection states: Array(2)
15:56:14.938  [useCallPerformance] Starting monitoring for 2 valid connections
15:56:14.938  [VoiceActivity] Effect triggered: Object
15:56:14.938  [VoiceActivity] No audio tracks in stream, cleaning up
15:56:14.939  [useCallPerformance] Network metrics: Object
15:56:14.939  [useCallPerformance] No valid network data yet, assuming good quality
15:56:14.939  [CallModal] Rendered - voice call opened
15:56:14.940  [CallModal] Rendered - voice call opened
15:56:14.940  [VoiceParticipant] Tester voice activity debug: Object
15:56:14.941  [CallModal] 🔊 Setting up audio element for participant cmeifml0h001okung0i95m8s6
15:56:14.941  [CallModal] Stream details: Object
15:56:14.941  [CallModal] Previous audio element for cmeifml0h001okung0i95m8s6: false
15:56:14.941  [CallModal] Cleared previous srcObject for cmeifml0h001okung0i95m8s6
15:56:14.941  [CallModal] 🔄 Stream not ready, waiting...
15:56:14.941  [CallModal] ❌ Initial audio play failed for cmeifml0h001okung0i95m8s6: 
attemptPlay @ webpack-internal:///…/CallModal.tsx:3124
15:56:14.941  [CallModal] 🔄 Waiting for stream to become active for cmeifml0h001okung0i95m8s6
15:56:14.941  [VoiceActivity] Effect triggered: Object
15:56:14.941  [VoiceActivity] No audio tracks in stream, cleaning up
15:56:14.941  [VoiceActivity] Effect triggered: Object
15:56:14.941  [VoiceActivity] No audio tracks in stream, cleaning up
15:56:15.194  [CallModal] Skipping connection verification - no WebRTC or participants
15:56:15.286  [CallModal] Skipping connection verification - no WebRTC or participants
15:56:15.298  [CallModal] Skipping connection verification - no WebRTC or participants
15:56:15.444  [CallModal] Rendered - voice call opened
15:56:15.444  [CallModal] Rendered - voice call opened
15:56:15.445  [VoiceParticipant] Tester voice activity debug: Object
15:56:15.445  [CallModal] 🔊 Setting up audio element for participant cmeifml0h001okung0i95m8s6
15:56:15.445  [CallModal] Stream details: Object
15:56:15.446  [CallModal] Previous audio element for cmeifml0h001okung0i95m8s6: false
15:56:15.446  [CallModal] Cleared previous srcObject for cmeifml0h001okung0i95m8s6
15:56:15.446  [CallModal] 🔄 Stream not ready, waiting...
15:56:15.446  [CallModal] ❌ Initial audio play failed for cmeifml0h001okung0i95m8s6: 
attemptPlay @ webpack-internal:///…/CallModal.tsx:3124
15:56:15.446  [CallModal] 🔄 Waiting for stream to become active for cmeifml0h001okung0i95m8s6
15:56:15.446  [VoiceActivity] Effect triggered: Object
15:56:15.446  [VoiceActivity] No audio tracks in stream, cleaning up
15:56:15.446  [VoiceActivity] Effect triggered: Object
15:56:15.446  [VoiceActivity] No audio tracks in stream, cleaning up
15:56:16.158  Updated online status for user cmeifn5qp002dkunge64m0xss in conversation cmew64hqq0008kud8i3zywuwd
15:56:16.158  🏠 ChatWindow mounted/re-rendered with conversationId: null
15:56:16.158  🏠 ChatWindow mounted/re-rendered with conversationId: null
15:56:16.158  [CallModal] Rendered - voice call opened
15:56:16.158  [CallModal] Rendered - voice call opened
15:56:16.158  [VoiceParticipant] Tester voice activity debug: Object
15:56:16.159  [CallModal] 🔊 Setting up audio element for participant cmeifml0h001okung0i95m8s6
15:56:16.159  [CallModal] Stream details: Object
15:56:16.159  [CallModal] Previous audio element for cmeifml0h001okung0i95m8s6: false
15:56:16.159  [CallModal] Cleared previous srcObject for cmeifml0h001okung0i95m8s6
15:56:16.159  [CallModal] 🔄 Stream not ready, waiting...
15:56:16.159  [CallModal] ❌ Initial audio play failed for cmeifml0h001okung0i95m8s6: 
attemptPlay @ webpack-internal:///…/CallModal.tsx:3124
15:56:16.159  [CallModal] 🔄 Waiting for stream to become active for cmeifml0h001okung0i95m8s6
15:56:16.159  ChatSidebar: Conversations updated, count: 4
15:56:16.159  ChatSidebar: Latest conversation: cmfbwdnf60000kuzg41ovkra2 last message: cmfc8zta3000bkulfrpl6vutn
15:56:16.159  [VoiceActivity] Effect triggered: Object
15:56:16.159  [VoiceActivity] No audio tracks in stream, cleaning up
15:56:16.159  [CallModal] Initialized active participants (excluding self): Array(1)
15:56:16.159  [CallModal] Skipping connection verification - no WebRTC or participants
15:56:16.159  [VoiceActivity] Effect triggered: Object
15:56:16.159  [VoiceActivity] No audio tracks in stream, cleaning up
15:56:16.160  [CallModal] Rendered - voice call opened
15:56:16.160  [CallModal] Rendered - voice call opened
15:56:16.160  [VoiceParticipant] Tester voice activity debug: Object
15:56:16.160  [CallModal] 🔊 Setting up audio element for participant cmeifml0h001okung0i95m8s6
15:56:16.160  [CallModal] Stream details: Object
15:56:16.160  [CallModal] Previous audio element for cmeifml0h001okung0i95m8s6: false
15:56:16.161  [CallModal] Cleared previous srcObject for cmeifml0h001okung0i95m8s6
15:56:16.161  [CallModal] 🔄 Stream not ready, waiting...
15:56:16.161  [CallModal] ❌ Initial audio play failed for cmeifml0h001okung0i95m8s6: 
attemptPlay @ webpack-internal:///…/CallModal.tsx:3124
15:56:16.161  [CallModal] 🔄 Waiting for stream to become active for cmeifml0h001okung0i95m8s6
15:56:16.161  [VoiceActivity] Effect triggered: Object
15:56:16.161  [VoiceActivity] No audio tracks in stream, cleaning up
15:56:16.161  [VoiceActivity] Effect triggered: Object
15:56:16.161  [VoiceActivity] No audio tracks in stream, cleaning up
15:56:16.419  [CallModal] Skipping connection verification - no WebRTC or participants
15:56:16.444  [CallModal] Skipping connection verification - no WebRTC or participants
15:56:16.933  [CallModal] Updated peer connections for performance monitoring: 2
15:56:16.933  [CallModal] Peer connection participants: Array(2)
15:56:16.934  [CallModal] Rendered - voice call opened
15:56:16.935  [CallModal] Rendered - voice call opened
15:56:16.935  [VoiceParticipant] Tester voice activity debug: Object
15:56:16.938  [CallModal] 🔊 Setting up audio element for participant cmeifml0h001okung0i95m8s6
15:56:16.938  [CallModal] Stream details: Object
15:56:16.938  [CallModal] Previous audio element for cmeifml0h001okung0i95m8s6: false
15:56:16.938  [CallModal] Cleared previous srcObject for cmeifml0h001okung0i95m8s6
15:56:16.939  [CallModal] 🔄 Stream not ready, waiting...
15:56:16.939  [CallModal] ❌ Initial audio play failed for cmeifml0h001okung0i95m8s6: 
attemptPlay @ webpack-internal:///…/CallModal.tsx:3124
15:56:16.939  [CallModal] 🔄 Waiting for stream to become active for cmeifml0h001okung0i95m8s6
15:56:16.939  [VoiceActivity] Effect triggered: Object
15:56:16.939  [VoiceActivity] No audio tracks in stream, cleaning up
15:56:16.939  [useCallPerformance] Connection states: Array(2)
15:56:16.939  [useCallPerformance] Starting monitoring for 2 valid connections
15:56:16.939  [VoiceActivity] Effect triggered: Object
15:56:16.939  [VoiceActivity] No audio tracks in stream, cleaning up
15:56:16.940  [useCallPerformance] Network metrics: Object
15:56:16.940  [useCallPerformance] No valid network data yet, assuming good quality
15:56:16.940  [CallModal] Rendered - voice call opened
15:56:16.940  [CallModal] Rendered - voice call opened
15:56:16.941  [VoiceParticipant] Tester voice activity debug: Object
15:56:16.941  [CallModal] 🔊 Setting up audio element for participant cmeifml0h001okung0i95m8s6
15:56:16.941  [CallModal] Stream details: Object
15:56:16.941  [CallModal] Previous audio element for cmeifml0h001okung0i95m8s6: false
15:56:16.941  [CallModal] Cleared previous srcObject for cmeifml0h001okung0i95m8s6
15:56:16.941  [CallModal] 🔄 Stream not ready, waiting...
15:56:16.942  [CallModal] ❌ Initial audio play failed for cmeifml0h001okung0i95m8s6: 
attemptPlay @ webpack-internal:///…/CallModal.tsx:3124
15:56:16.942  [CallModal] 🔄 Waiting for stream to become active for cmeifml0h001okung0i95m8s6
15:56:16.942  [VoiceActivity] Effect triggered: Object
15:56:16.942  [VoiceActivity] No audio tracks in stream, cleaning up
15:56:16.942  [VoiceActivity] Effect triggered: Object
15:56:16.942  [VoiceActivity] No audio tracks in stream, cleaning up
15:56:16.989  SocketContext: Heartbeat sent successfully
15:56:17.160  [CallModal] Rendered - voice call opened
15:56:17.161  [CallModal] Rendered - voice call opened
15:56:17.161  [VoiceParticipant] Tester voice activity debug: Object
15:56:17.162  [CallModal] 🔊 Setting up audio element for participant cmeifml0h001okung0i95m8s6
15:56:17.162  [CallModal] Stream details: Object
15:56:17.162  [CallModal] Previous audio element for cmeifml0h001okung0i95m8s6: false
15:56:17.162  [CallModal] Cleared previous srcObject for cmeifml0h001okung0i95m8s6
15:56:17.162  [CallModal] 🔄 Stream not ready, waiting...
15:56:17.162  [CallModal] ❌ Initial audio play failed for cmeifml0h001okung0i95m8s6: 
attemptPlay @ webpack-internal:///…/CallModal.tsx:3124
15:56:17.162  [CallModal] 🔄 Waiting for stream to become active for cmeifml0h001okung0i95m8s6
15:56:17.162  [VoiceActivity] Effect triggered: Object
15:56:17.162  [VoiceActivity] No audio tracks in stream, cleaning up
15:56:17.162  [VoiceActivity] Effect triggered: Object
15:56:17.162  [VoiceActivity] No audio tracks in stream, cleaning up
15:56:18.166  [CallModal] Skipping connection verification - no WebRTC or participants
15:56:18.166  [CallModal] Rendered - voice call opened
15:56:18.167  [CallModal] Rendered - voice call opened
15:56:18.168  [VoiceParticipant] Tester voice activity debug: Object
15:56:18.170  [CallModal] 🔊 Setting up audio element for participant cmeifml0h001okung0i95m8s6
15:56:18.170  [CallModal] Stream details: Object
15:56:18.170  [CallModal] Previous audio element for cmeifml0h001okung0i95m8s6: false
15:56:18.171  [CallModal] Cleared previous srcObject for cmeifml0h001okung0i95m8s6
15:56:18.171  [CallModal] 🔄 Stream not ready, waiting...
15:56:18.171  [CallModal] ❌ Initial audio play failed for cmeifml0h001okung0i95m8s6: 
attemptPlay @ webpack-internal:///…/CallModal.tsx:3124
15:56:18.171  [CallModal] 🔄 Waiting for stream to become active for cmeifml0h001okung0i95m8s6
15:56:18.171  [VoiceActivity] Effect triggered: Object
15:56:18.171  [VoiceActivity] No audio tracks in stream, cleaning up
15:56:18.171  [VoiceActivity] Effect triggered: Object
15:56:18.171  [VoiceActivity] No audio tracks in stream, cleaning up
15:56:18.939  [CallModal] Updated peer connections for performance monitoring: 2
15:56:18.939  [CallModal] Peer connection participants: Array(2)
15:56:18.939  [CallModal] Rendered - voice call opened
15:56:18.940  [CallModal] Rendered - voice call opened
15:56:18.940  [VoiceParticipant] Tester voice activity debug: Object
15:56:18.941  [CallModal] 🔊 Setting up audio element for participant cmeifml0h001okung0i95m8s6
15:56:18.941  [CallModal] Stream details: Object
15:56:18.941  [CallModal] Previous audio element for cmeifml0h001okung0i95m8s6: false
15:56:18.942  [CallModal] Cleared previous srcObject for cmeifml0h001okung0i95m8s6
15:56:18.942  [CallModal] 🔄 Stream not ready, waiting...
15:56:18.942  [CallModal] ❌ Initial audio play failed for cmeifml0h001okung0i95m8s6: 
attemptPlay @ webpack-internal:///…/CallModal.tsx:3124
15:56:18.942  [CallModal] 🔄 Waiting for stream to become active for cmeifml0h001okung0i95m8s6
15:56:18.942  [VoiceActivity] Effect triggered: Object
15:56:18.942  [VoiceActivity] No audio tracks in stream, cleaning up
15:56:18.942  [useCallPerformance] Connection states: Array(2)
15:56:18.942  [useCallPerformance] Starting monitoring for 2 valid connections
15:56:18.942  [VoiceActivity] Effect triggered: Object
15:56:18.942  [VoiceActivity] No audio tracks in stream, cleaning up
15:56:18.943  [useCallPerformance] Network metrics: Object
15:56:18.944  [useCallPerformance] No valid network data yet, assuming good quality
15:56:18.944  [CallModal] Rendered - voice call opened
15:56:18.944  [CallModal] Rendered - voice call opened
15:56:18.944  [VoiceParticipant] Tester voice activity debug: Object
15:56:18.945  [CallModal] 🔊 Setting up audio element for participant cmeifml0h001okung0i95m8s6
15:56:18.945  [CallModal] Stream details: Object
15:56:18.945  [CallModal] Previous audio element for cmeifml0h001okung0i95m8s6: false
15:56:18.945  [CallModal] Cleared previous srcObject for cmeifml0h001okung0i95m8s6
15:56:18.946  [CallModal] 🔄 Stream not ready, waiting...
15:56:18.946  [CallModal] ❌ Initial audio play failed for cmeifml0h001okung0i95m8s6: 
attemptPlay @ webpack-internal:///…/CallModal.tsx:3124
15:56:18.946  [CallModal] 🔄 Waiting for stream to become active for cmeifml0h001okung0i95m8s6
15:56:18.946  [VoiceActivity] Effect triggered: Object
15:56:18.946  [VoiceActivity] No audio tracks in stream, cleaning up
15:56:18.946  [VoiceActivity] Effect triggered: Object
15:56:18.946  [VoiceActivity] No audio tracks in stream, cleaning up
15:56:19.160  [CallModal] Rendered - voice call opened
15:56:19.160  [CallModal] Rendered - voice call opened
15:56:19.160  [VoiceParticipant] Tester voice activity debug: Object
15:56:19.161  [CallModal] 🔊 Setting up audio element for participant cmeifml0h001okung0i95m8s6
15:56:19.161  [CallModal] Stream details: Object
15:56:19.161  [CallModal] Previous audio element for cmeifml0h001okung0i95m8s6: false
15:56:19.162  [CallModal] Cleared previous srcObject for cmeifml0h001okung0i95m8s6
15:56:19.162  [CallModal] 🔄 Stream not ready, waiting...
15:56:19.162  [CallModal] ❌ Initial audio play failed for cmeifml0h001okung0i95m8s6: 
attemptPlay @ webpack-internal:///…/CallModal.tsx:3124
15:56:19.162  [CallModal] 🔄 Waiting for stream to become active for cmeifml0h001okung0i95m8s6
15:56:19.162  [VoiceActivity] Effect triggered: Object
15:56:19.162  [VoiceActivity] No audio tracks in stream, cleaning up
15:56:19.162  [VoiceActivity] Effect triggered: Object
15:56:19.162  [VoiceActivity] No audio tracks in stream, cleaning up
15:56:20.160  [CallModal] Rendered - voice call opened
15:56:20.161  [CallModal] Rendered - voice call opened
15:56:20.161  [VoiceParticipant] Tester voice activity debug: Object
15:56:20.162  [CallModal] 🔊 Setting up audio element for participant cmeifml0h001okung0i95m8s6
15:56:20.162  [CallModal] Stream details: Object
15:56:20.162  [CallModal] Previous audio element for cmeifml0h001okung0i95m8s6: false
15:56:20.162  [CallModal] Cleared previous srcObject for cmeifml0h001okung0i95m8s6
15:56:20.162  [CallModal] 🔄 Stream not ready, waiting...
15:56:20.162  [CallModal] ❌ Initial audio play failed for cmeifml0h001okung0i95m8s6: 
attemptPlay @ webpack-internal:///…/CallModal.tsx:3124
15:56:20.162  [CallModal] 🔄 Waiting for stream to become active for cmeifml0h001okung0i95m8s6
15:56:20.162  [VoiceActivity] Effect triggered: Object
15:56:20.162  [VoiceActivity] No audio tracks in stream, cleaning up
15:56:20.162  [VoiceActivity] Effect triggered: Object
15:56:20.162  [VoiceActivity] No audio tracks in stream, cleaning up
15:56:20.933  [CallModal] Updated peer connections for performance monitoring: 2
15:56:20.933  [CallModal] Peer connection participants: Array(2)
15:56:20.934  [CallModal] Rendered - voice call opened
15:56:20.934  [CallModal] Rendered - voice call opened
15:56:20.934  [VoiceParticipant] Tester voice activity debug: Object
15:56:20.935  [CallModal] 🔊 Setting up audio element for participant cmeifml0h001okung0i95m8s6
15:56:20.935  [CallModal] Stream details: Object
15:56:20.935  [CallModal] Previous audio element for cmeifml0h001okung0i95m8s6: false
15:56:20.935  [CallModal] Cleared previous srcObject for cmeifml0h001okung0i95m8s6
15:56:20.935  [CallModal] 🔄 Stream not ready, waiting...
15:56:20.936  [CallModal] ❌ Initial audio play failed for cmeifml0h001okung0i95m8s6: 
attemptPlay @ webpack-internal:///…/CallModal.tsx:3124
15:56:20.936  [CallModal] 🔄 Waiting for stream to become active for cmeifml0h001okung0i95m8s6
15:56:20.936  [VoiceActivity] Effect triggered: Object
15:56:20.936  [VoiceActivity] No audio tracks in stream, cleaning up
15:56:20.936  [useCallPerformance] Connection states: Array(2)
15:56:20.936  [useCallPerformance] Starting monitoring for 2 valid connections
15:56:20.936  [VoiceActivity] Effect triggered: Object
15:56:20.936  [VoiceActivity] No audio tracks in stream, cleaning up
15:56:20.937  [useCallPerformance] Network metrics: Object
15:56:20.937  [useCallPerformance] No valid network data yet, assuming good quality
15:56:20.937  [CallModal] Rendered - voice call opened
15:56:20.937  [CallModal] Rendered - voice call opened
15:56:20.939  [VoiceParticipant] Tester voice activity debug: Object
15:56:20.939  [CallModal] 🔊 Setting up audio element for participant cmeifml0h001okung0i95m8s6
15:56:20.939  [CallModal] Stream details: Object
15:56:20.939  [CallModal] Previous audio element for cmeifml0h001okung0i95m8s6: false
15:56:20.939  [CallModal] Cleared previous srcObject for cmeifml0h001okung0i95m8s6
15:56:20.939  [CallModal] 🔄 Stream not ready, waiting...
15:56:20.939  [CallModal] ❌ Initial audio play failed for cmeifml0h001okung0i95m8s6: 
attemptPlay @ webpack-internal:///…/CallModal.tsx:3124
15:56:20.939  [CallModal] 🔄 Waiting for stream to become active for cmeifml0h001okung0i95m8s6
15:56:20.940  [VoiceActivity] Effect triggered: Object
15:56:20.940  [VoiceActivity] No audio tracks in stream, cleaning up
15:56:20.940  [VoiceActivity] Effect triggered: Object
15:56:20.940  [VoiceActivity] No audio tracks in stream, cleaning up
15:56:21.175  [CallModal] Rendered - voice call opened
15:56:21.175  [CallModal] Rendered - voice call opened
15:56:21.176  [VoiceParticipant] Tester voice activity debug: Object
15:56:21.176  [CallModal] 🔊 Setting up audio element for participant cmeifml0h001okung0i95m8s6
15:56:21.176  [CallModal] Stream details: Object
15:56:21.176  [CallModal] Previous audio element for cmeifml0h001okung0i95m8s6: false
15:56:21.177  [CallModal] Cleared previous srcObject for cmeifml0h001okung0i95m8s6
15:56:21.177  [CallModal] 🔄 Stream not ready, waiting...
15:56:21.177  [CallModal] ❌ Initial audio play failed for cmeifml0h001okung0i95m8s6: 
attemptPlay @ webpack-internal:///…/CallModal.tsx:3124
15:56:21.177  [CallModal] 🔄 Waiting for stream to become active for cmeifml0h001okung0i95m8s6
15:56:21.177  [VoiceActivity] Effect triggered: Object
15:56:21.177  [VoiceActivity] No audio tracks in stream, cleaning up
15:56:21.177  [VoiceActivity] Effect triggered: Object
15:56:21.177  [VoiceActivity] No audio tracks in stream, cleaning up
15:56:22.170  [CallModal] Rendered - voice call opened
15:56:22.171  [CallModal] Rendered - voice call opened
15:56:22.172  [VoiceParticipant] Tester voice activity debug: Object
15:56:22.173  [CallModal] 🔊 Setting up audio element for participant cmeifml0h001okung0i95m8s6
15:56:22.173  [CallModal] Stream details: Object
15:56:22.173  [CallModal] Previous audio element for cmeifml0h001okung0i95m8s6: false
15:56:22.173  [CallModal] Cleared previous srcObject for cmeifml0h001okung0i95m8s6
15:56:22.173  [CallModal] 🔄 Stream not ready, waiting...
15:56:22.174  [CallModal] ❌ Initial audio play failed for cmeifml0h001okung0i95m8s6: 
attemptPlay @ webpack-internal:///…/CallModal.tsx:3124
15:56:22.174  [CallModal] 🔄 Waiting for stream to become active for cmeifml0h001okung0i95m8s6
15:56:22.174  [VoiceActivity] Effect triggered: Object
15:56:22.174  [VoiceActivity] No audio tracks in stream, cleaning up
15:56:22.174  [VoiceActivity] Effect triggered: Object
15:56:22.174  [VoiceActivity] No audio tracks in stream, cleaning up
15:56:22.519  ChatSidebar: Group conversation cmfbwdnf60000kuzg41ovkra2 (New Group) - members: 3
15:56:22.520  Updated online status for user cmeifml0h001okung0i95m8s6 in conversation cmfbwdnf60000kuzg41ovkra2
15:56:22.521  🏠 ChatWindow mounted/re-rendered with conversationId: null
15:56:22.521  🏠 ChatWindow mounted/re-rendered with conversationId: null
15:56:22.521  Updated online status for user cmeifml0h001okung0i95m8s6 in conversation cmew64hqq0008kud8i3zywuwd
15:56:22.521  [CallModal] Rendered - voice call opened
15:56:22.521  [CallModal] Rendered - voice call opened
15:56:22.522  [VoiceParticipant] Tester voice activity debug: Object
15:56:22.523  [CallModal] 🔊 Setting up audio element for participant cmeifml0h001okung0i95m8s6
15:56:22.523  [CallModal] Stream details: Object
15:56:22.523  [CallModal] Previous audio element for cmeifml0h001okung0i95m8s6: false
15:56:22.523  [CallModal] Cleared previous srcObject for cmeifml0h001okung0i95m8s6
15:56:22.523  [CallModal] 🔄 Stream not ready, waiting...
15:56:22.524  [CallModal] ❌ Initial audio play failed for cmeifml0h001okung0i95m8s6: 
attemptPlay @ webpack-internal:///…/CallModal.tsx:3124
15:56:22.524  [CallModal] 🔄 Waiting for stream to become active for cmeifml0h001okung0i95m8s6
15:56:22.524  ChatSidebar: Conversations updated, count: 4
15:56:22.524  ChatSidebar: Latest conversation: cmfbwdnf60000kuzg41ovkra2 last message: cmfc8zta3000bkulfrpl6vutn
15:56:22.524  [VoiceActivity] Effect triggered: Object
15:56:22.524  [VoiceActivity] No audio tracks in stream, cleaning up
15:56:22.524  [CallModal] Initialized active participants (excluding self): Array(1)
15:56:22.524  [CallModal] Skipping connection verification - no WebRTC or participants
15:56:22.524  [VoiceActivity] Effect triggered: Object
15:56:22.524  [VoiceActivity] No audio tracks in stream, cleaning up
15:56:22.524  [CallModal] Rendered - voice call opened
15:56:22.524  [CallModal] Rendered - voice call opened
15:56:22.525  [VoiceParticipant] Tester voice activity debug: Object
15:56:22.526  [CallModal] 🔊 Setting up audio element for participant cmeifml0h001okung0i95m8s6
15:56:22.526  [CallModal] Stream details: Object
15:56:22.526  [CallModal] Previous audio element for cmeifml0h001okung0i95m8s6: false
15:56:22.526  [CallModal] Cleared previous srcObject for cmeifml0h001okung0i95m8s6
15:56:22.526  [CallModal] 🔄 Stream not ready, waiting...
15:56:22.526  [CallModal] ❌ Initial audio play failed for cmeifml0h001okung0i95m8s6: 
attemptPlay @ webpack-internal:///…/CallModal.tsx:3124
15:56:22.526  [CallModal] 🔄 Waiting for stream to become active for cmeifml0h001okung0i95m8s6
15:56:22.526  [VoiceActivity] Effect triggered: Object
15:56:22.526  [VoiceActivity] No audio tracks in stream, cleaning up
15:56:22.527  [CallModal] 🆘 EMERGENCY WebRTC RECOVERY - Call is connected but WebRTC needs help!
15:56:22.527  [CallModal] 🔧 Emergency details: Object
15:56:22.527  [VoiceActivity] Effect triggered: Object
15:56:22.527  [VoiceActivity] No audio tracks in stream, cleaning up
15:56:22.558  User status update received: Object
15:56:22.558  Updated online status for user cmeifml0h001okung0i95m8s6 in conversation cmfbwdnf60000kuzg41ovkra2
15:56:22.559  Updated online status for user cmeifml0h001okung0i95m8s6 in conversation cmew64hqq0008kud8i3zywuwd
15:56:22.559  🏠 ChatWindow mounted/re-rendered with conversationId: null
15:56:22.559  🏠 ChatWindow mounted/re-rendered with conversationId: null
15:56:22.560  [CallModal] Rendered - voice call opened
15:56:22.560  [CallModal] Rendered - voice call opened
15:56:22.561  [VoiceParticipant] Tester voice activity debug: Object
15:56:22.563  [CallModal] 🔊 Setting up audio element for participant cmeifml0h001okung0i95m8s6
15:56:22.563  [CallModal] Stream details: Object
15:56:22.563  [CallModal] Previous audio element for cmeifml0h001okung0i95m8s6: false
15:56:22.563  [CallModal] Cleared previous srcObject for cmeifml0h001okung0i95m8s6
15:56:22.563  [CallModal] 🔄 Stream not ready, waiting...
15:56:22.564  [CallModal] ❌ Initial audio play failed for cmeifml0h001okung0i95m8s6: 
attemptPlay @ webpack-internal:///…/CallModal.tsx:3124
15:56:22.564  [CallModal] 🔄 Waiting for stream to become active for cmeifml0h001okung0i95m8s6
15:56:22.565  ChatSidebar: Conversations updated, count: 4
15:56:22.565  ChatSidebar: Latest conversation: cmfbwdnf60000kuzg41ovkra2 last message: cmfc8zta3000bkulfrpl6vutn
15:56:22.565  [VoiceActivity] Effect triggered: Object
15:56:22.565  [VoiceActivity] No audio tracks in stream, cleaning up
15:56:22.565  [CallModal] Initialized active participants (excluding self): Array(1)
15:56:22.565  [CallModal] Skipping connection verification - no WebRTC or participants
15:56:22.565  [VoiceActivity] Effect triggered: Object
15:56:22.565  [VoiceActivity] No audio tracks in stream, cleaning up
15:56:22.566  [CallModal] Rendered - voice call opened
15:56:22.566  [CallModal] Rendered - voice call opened
15:56:22.567  [VoiceParticipant] Tester voice activity debug: Object
15:56:22.569  [CallModal] 🔊 Setting up audio element for participant cmeifml0h001okung0i95m8s6
15:56:22.569  [CallModal] Stream details: Object
15:56:22.569  [CallModal] Previous audio element for cmeifml0h001okung0i95m8s6: false
15:56:22.569  [CallModal] Cleared previous srcObject for cmeifml0h001okung0i95m8s6
15:56:22.569  [CallModal] 🔄 Stream not ready, waiting...
15:56:22.569  [CallModal] ❌ Initial audio play failed for cmeifml0h001okung0i95m8s6: 
attemptPlay @ webpack-internal:///…/CallModal.tsx:3124
15:56:22.569  [CallModal] 🔄 Waiting for stream to become active for cmeifml0h001okung0i95m8s6
15:56:22.569  [VoiceActivity] Effect triggered: Object
15:56:22.569  [VoiceActivity] No audio tracks in stream, cleaning up
15:56:22.569  [VoiceActivity] Effect triggered: Object
15:56:22.569  [VoiceActivity] No audio tracks in stream, cleaning up
15:56:22.933  [CallModal] Updated peer connections for performance monitoring: 2
15:56:22.933  [CallModal] Peer connection participants: Array(2)
15:56:22.933  [CallModal] Rendered - voice call opened
15:56:22.933  [CallModal] Rendered - voice call opened
15:56:22.933  [VoiceParticipant] Tester voice activity debug: Object
15:56:22.934  [CallModal] 🔊 Setting up audio element for participant cmeifml0h001okung0i95m8s6
15:56:22.934  [CallModal] Stream details: Object
15:56:22.934  [CallModal] Previous audio element for cmeifml0h001okung0i95m8s6: false
15:56:22.934  [CallModal] Cleared previous srcObject for cmeifml0h001okung0i95m8s6
15:56:22.934  [CallModal] 🔄 Stream not ready, waiting...
15:56:22.934  [CallModal] ❌ Initial audio play failed for cmeifml0h001okung0i95m8s6: 
attemptPlay @ webpack-internal:///…/CallModal.tsx:3124
15:56:22.934  [CallModal] 🔄 Waiting for stream to become active for cmeifml0h001okung0i95m8s6
15:56:22.934  [VoiceActivity] Effect triggered: Object
15:56:22.934  [VoiceActivity] No audio tracks in stream, cleaning up
15:56:22.934  [useCallPerformance] Connection states: Array(2)
15:56:22.934  [useCallPerformance] Starting monitoring for 2 valid connections
15:56:22.935  [VoiceActivity] Effect triggered: Object
15:56:22.935  [VoiceActivity] No audio tracks in stream, cleaning up
15:56:22.935  [useCallPerformance] Network metrics: Object
15:56:22.936  [useCallPerformance] No valid network data yet, assuming good quality
15:56:22.936  [CallModal] Rendered - voice call opened
15:56:22.936  [CallModal] Rendered - voice call opened
15:56:22.936  [VoiceParticipant] Tester voice activity debug: Object
15:56:22.937  [CallModal] 🔊 Setting up audio element for participant cmeifml0h001okung0i95m8s6
15:56:22.937  [CallModal] Stream details: Object
15:56:22.937  [CallModal] Previous audio element for cmeifml0h001okung0i95m8s6: false
15:56:22.937  [CallModal] Cleared previous srcObject for cmeifml0h001okung0i95m8s6
15:56:22.937  [CallModal] 🔄 Stream not ready, waiting...
15:56:22.937  [CallModal] ❌ Initial audio play failed for cmeifml0h001okung0i95m8s6: 
attemptPlay @ webpack-internal:///…/CallModal.tsx:3124
15:56:22.937  [CallModal] 🔄 Waiting for stream to become active for cmeifml0h001okung0i95m8s6
15:56:22.937  [VoiceActivity] Effect triggered: Object
15:56:22.937  [VoiceActivity] No audio tracks in stream, cleaning up
15:56:22.937  [VoiceActivity] Effect triggered: Object
15:56:22.937  [VoiceActivity] No audio tracks in stream, cleaning up
15:56:23.576  [CallModal] Rendered - voice call opened
15:56:23.576  [CallModal] Rendered - voice call opened
15:56:23.576  [VoiceParticipant] Tester voice activity debug: Object
15:56:23.577  [CallModal] 🔊 Setting up audio element for participant cmeifml0h001okung0i95m8s6
15:56:23.577  [CallModal] Stream details: Object
15:56:23.577  [CallModal] Previous audio element for cmeifml0h001okung0i95m8s6: false
15:56:23.577  [CallModal] Cleared previous srcObject for cmeifml0h001okung0i95m8s6
15:56:23.577  [CallModal] 🔄 Stream not ready, waiting...
15:56:23.577  [CallModal] ❌ Initial audio play failed for cmeifml0h001okung0i95m8s6: 
attemptPlay @ webpack-internal:///…/CallModal.tsx:3124
15:56:23.578  [CallModal] 🔄 Waiting for stream to become active for cmeifml0h001okung0i95m8s6
15:56:23.578  [VoiceActivity] Effect triggered: Object
15:56:23.578  [VoiceActivity] No audio tracks in stream, cleaning up
15:56:23.578  [VoiceActivity] Effect triggered: Object
15:56:23.578  [VoiceActivity] No audio tracks in stream, cleaning up
15:56:24.396  User status update received: Object
15:56:24.396  ChatSidebar: Group conversation cmew64hqq0008kud8i3zywuwd (Test) - members: 3
15:56:24.397  🏠 ChatWindow mounted/re-rendered with conversationId: null
15:56:24.397  Updated online status for user cmeifn5qp002dkunge64m0xss in conversation cmfbwdnf60000kuzg41ovkra2
15:56:24.397  Updated online status for user cmeifn5qp002dkunge64m0xss in conversation cmew64hqq0008kud8i3zywuwd
15:56:24.397  🏠 ChatWindow mounted/re-rendered with conversationId: null
15:56:24.397  Updated online status for user cmeifn5qp002dkunge64m0xss in conversation cmew64hqq0008kud8i3zywuwd
15:56:24.397  [CallModal] Rendered - voice call opened
15:56:24.398  [CallModal] Rendered - voice call opened
15:56:24.398  [VoiceParticipant] Tester voice activity debug: Object
15:56:24.400  [CallModal] 🔊 Setting up audio element for participant cmeifml0h001okung0i95m8s6
15:56:24.400  [CallModal] Stream details: Object
15:56:24.400  [CallModal] Previous audio element for cmeifml0h001okung0i95m8s6: false
15:56:24.401  [CallModal] Cleared previous srcObject for cmeifml0h001okung0i95m8s6
15:56:24.401  [CallModal] 🔄 Stream not ready, waiting...
15:56:24.401  [CallModal] ❌ Initial audio play failed for cmeifml0h001okung0i95m8s6: 
attemptPlay @ webpack-internal:///…/CallModal.tsx:3124
15:56:24.401  [CallModal] 🔄 Waiting for stream to become active for cmeifml0h001okung0i95m8s6
15:56:24.402  ChatSidebar: Conversations updated, count: 4
15:56:24.402  ChatSidebar: Latest conversation: cmfbwdnf60000kuzg41ovkra2 last message: cmfc8zta3000bkulfrpl6vutn
15:56:24.402  [VoiceActivity] Effect triggered: Object
15:56:24.402  [VoiceActivity] No audio tracks in stream, cleaning up
15:56:24.402  [CallModal] Initialized active participants (excluding self): Array(1)
15:56:24.402  [CallModal] Skipping connection verification - no WebRTC or participants
15:56:24.402  [VoiceActivity] Effect triggered: Object
15:56:24.402  [VoiceActivity] No audio tracks in stream, cleaning up
15:56:24.402  [CallModal] Rendered - voice call opened
15:56:24.403  [CallModal] Rendered - voice call opened
15:56:24.403  [VoiceParticipant] Tester voice activity debug: Object
15:56:24.404  [CallModal] 🔊 Setting up audio element for participant cmeifml0h001okung0i95m8s6
15:56:24.404  [CallModal] Stream details: Object
15:56:24.404  [CallModal] Previous audio element for cmeifml0h001okung0i95m8s6: false
15:56:24.404  [CallModal] Cleared previous srcObject for cmeifml0h001okung0i95m8s6
15:56:24.404  [CallModal] 🔄 Stream not ready, waiting...
15:56:24.405  [CallModal] ❌ Initial audio play failed for cmeifml0h001okung0i95m8s6: 
attemptPlay @ webpack-internal:///…/CallModal.tsx:3124
15:56:24.405  [CallModal] 🔄 Waiting for stream to become active for cmeifml0h001okung0i95m8s6
15:56:24.405  [VoiceActivity] Effect triggered: Object
15:56:24.405  [VoiceActivity] No audio tracks in stream, cleaning up
15:56:24.405  [VoiceActivity] Effect triggered: Object
15:56:24.405  [VoiceActivity] No audio tracks in stream, cleaning up
15:56:24.525  [CallModal] Skipping connection verification - no WebRTC or participants
15:56:24.566  [CallModal] Skipping connection verification - no WebRTC or participants
15:56:24.944  [CallModal] Updated peer connections for performance monitoring: 2
15:56:24.944  [CallModal] Peer connection participants: Array(2)
15:56:24.944  [CallModal] Rendered - voice call opened
15:56:24.945  [CallModal] Rendered - voice call opened
15:56:24.945  [VoiceParticipant] Tester voice activity debug: Object
15:56:24.946  [CallModal] 🔊 Setting up audio element for participant cmeifml0h001okung0i95m8s6
15:56:24.946  [CallModal] Stream details: Object
15:56:24.946  [CallModal] Previous audio element for cmeifml0h001okung0i95m8s6: false
15:56:24.946  [CallModal] Cleared previous srcObject for cmeifml0h001okung0i95m8s6
15:56:24.946  [CallModal] 🔄 Stream not ready, waiting...
15:56:24.946  [CallModal] ❌ Initial audio play failed for cmeifml0h001okung0i95m8s6: 
attemptPlay @ webpack-internal:///…/CallModal.tsx:3124
15:56:24.946  [CallModal] 🔄 Waiting for stream to become active for cmeifml0h001okung0i95m8s6
15:56:24.946  [VoiceActivity] Effect triggered: Object
15:56:24.946  [VoiceActivity] No audio tracks in stream, cleaning up
15:56:24.946  [useCallPerformance] Connection states: Array(2)
15:56:24.946  [useCallPerformance] Starting monitoring for 2 valid connections
15:56:24.946  [VoiceActivity] Effect triggered: Object
15:56:24.946  [VoiceActivity] No audio tracks in stream, cleaning up
15:56:24.947  [useCallPerformance] Network metrics: Object
15:56:24.947  [useCallPerformance] No valid network data yet, assuming good quality
15:56:24.947  [CallModal] Rendered - voice call opened
15:56:24.947  [CallModal] Rendered - voice call opened
15:56:24.947  [VoiceParticipant] Tester voice activity debug: Object
15:56:24.948  [CallModal] 🔊 Setting up audio element for participant cmeifml0h001okung0i95m8s6
15:56:24.948  [CallModal] Stream details: Object
15:56:24.948  [CallModal] Previous audio element for cmeifml0h001okung0i95m8s6: false
15:56:24.948  [CallModal] Cleared previous srcObject for cmeifml0h001okung0i95m8s6
15:56:24.948  [CallModal] 🔄 Stream not ready, waiting...
15:56:24.948  [CallModal] ❌ Initial audio play failed for cmeifml0h001okung0i95m8s6: 
attemptPlay @ webpack-internal:///…/CallModal.tsx:3124
15:56:24.948  [CallModal] 🔄 Waiting for stream to become active for cmeifml0h001okung0i95m8s6
15:56:24.948  [VoiceActivity] Effect triggered: Object
15:56:24.948  [VoiceActivity] No audio tracks in stream, cleaning up
15:56:24.948  [VoiceActivity] Effect triggered: Object
15:56:24.948  [VoiceActivity] No audio tracks in stream, cleaning up
15:56:25.404  [CallModal] Rendered - voice call opened
15:56:25.404  [CallModal] Rendered - voice call opened
15:56:25.405  [VoiceParticipant] Tester voice activity debug: Object
15:56:25.406  [CallModal] 🔊 Setting up audio element for participant cmeifml0h001okung0i95m8s6
15:56:25.406  [CallModal] Stream details: Object
15:56:25.406  [CallModal] Previous audio element for cmeifml0h001okung0i95m8s6: false
15:56:25.407  [CallModal] Cleared previous srcObject for cmeifml0h001okung0i95m8s6
15:56:25.407  [CallModal] 🔄 Stream not ready, waiting...
15:56:25.407  [CallModal] ❌ Initial audio play failed for cmeifml0h001okung0i95m8s6: 
attemptPlay @ webpack-internal:///…/CallModal.tsx:3124
15:56:25.407  [CallModal] 🔄 Waiting for stream to become active for cmeifml0h001okung0i95m8s6
15:56:25.407  [VoiceActivity] Effect triggered: Object
15:56:25.407  [VoiceActivity] No audio tracks in stream, cleaning up
15:56:25.407  [VoiceActivity] Effect triggered: Object
15:56:25.407  [VoiceActivity] No audio tracks in stream, cleaning up
15:56:26.418  [CallModal] Skipping connection verification - no WebRTC or participants
15:56:26.419  [CallModal] Rendered - voice call opened
15:56:26.420  [CallModal] Rendered - voice call opened
15:56:26.421  [VoiceParticipant] Tester voice activity debug: Object
15:56:26.422  [CallModal] 🔊 Setting up audio element for participant cmeifml0h001okung0i95m8s6
15:56:26.422  [CallModal] Stream details: Object
15:56:26.422  [CallModal] Previous audio element for cmeifml0h001okung0i95m8s6: false
15:56:26.422  [CallModal] Cleared previous srcObject for cmeifml0h001okung0i95m8s6
15:56:26.422  [CallModal] 🔄 Stream not ready, waiting...
15:56:26.422  [CallModal] ❌ Initial audio play failed for cmeifml0h001okung0i95m8s6: 
attemptPlay @ webpack-internal:///…/CallModal.tsx:3124
15:56:26.422  [CallModal] 🔄 Waiting for stream to become active for cmeifml0h001okung0i95m8s6
15:56:26.422  [VoiceActivity] Effect triggered: Object
15:56:26.422  [VoiceActivity] No audio tracks in stream, cleaning up
15:56:26.422  [VoiceActivity] Effect triggered: Object
15:56:26.422  [VoiceActivity] No audio tracks in stream, cleaning up
15:56:26.946  [CallModal] Updated peer connections for performance monitoring: 2
15:56:26.946  [CallModal] Peer connection participants: Array(2)
15:56:26.947  [CallModal] Rendered - voice call opened
15:56:26.947  [CallModal] Rendered - voice call opened
15:56:26.949  [VoiceParticipant] Tester voice activity debug: Object
15:56:26.952  [CallModal] 🔊 Setting up audio element for participant cmeifml0h001okung0i95m8s6
15:56:26.952  [CallModal] Stream details: Object
15:56:26.952  [CallModal] Previous audio element for cmeifml0h001okung0i95m8s6: false
15:56:26.953  [CallModal] Cleared previous srcObject for cmeifml0h001okung0i95m8s6
15:56:26.953  [CallModal] 🔄 Stream not ready, waiting...
15:56:26.953  [CallModal] ❌ Initial audio play failed for cmeifml0h001okung0i95m8s6: 
attemptPlay @ webpack-internal:///…/CallModal.tsx:3124
15:56:26.953  [CallModal] 🔄 Waiting for stream to become active for cmeifml0h001okung0i95m8s6
15:56:26.954  [VoiceActivity] Effect triggered: Object
15:56:26.954  [VoiceActivity] No audio tracks in stream, cleaning up
15:56:26.954  [useCallPerformance] Connection states: Array(2)
15:56:26.954  [useCallPerformance] Starting monitoring for 2 valid connections
15:56:26.955  [VoiceActivity] Effect triggered: Object
15:56:26.955  [VoiceActivity] No audio tracks in stream, cleaning up
15:56:26.956  [useCallPerformance] Network metrics: Object
15:56:26.957  [useCallPerformance] No valid network data yet, assuming good quality
15:56:26.957  [CallModal] Rendered - voice call opened
15:56:26.958  [CallModal] Rendered - voice call opened
15:56:26.959  [VoiceParticipant] Tester voice activity debug: Object
15:56:26.961  [CallModal] 🔊 Setting up audio element for participant cmeifml0h001okung0i95m8s6
15:56:26.961  [CallModal] Stream details: Object
15:56:26.961  [CallModal] Previous audio element for cmeifml0h001okung0i95m8s6: false
15:56:26.962  [CallModal] Cleared previous srcObject for cmeifml0h001okung0i95m8s6
15:56:26.962  [CallModal] 🔄 Stream not ready, waiting...
15:56:26.962  [CallModal] ❌ Initial audio play failed for cmeifml0h001okung0i95m8s6: 
attemptPlay @ webpack-internal:///…/CallModal.tsx:3124
15:56:26.962  [CallModal] 🔄 Waiting for stream to become active for cmeifml0h001okung0i95m8s6
15:56:26.963  [VoiceActivity] Effect triggered: Object
15:56:26.963  [VoiceActivity] No audio tracks in stream, cleaning up
15:56:26.963  [VoiceActivity] Effect triggered: Object
15:56:26.963  [VoiceActivity] No audio tracks in stream, cleaning up
15:56:26.977  SocketContext: Idle heartbeat sent (visibility: hidden )
15:56:26.977  SocketContext: Background heartbeat sent for hidden tab
15:56:27.412  [CallModal] Rendered - voice call opened
15:56:27.412  [CallModal] Rendered - voice call opened
15:56:27.412  [VoiceParticipant] Tester voice activity debug: Object
15:56:27.413  [CallModal] 🔊 Setting up audio element for participant cmeifml0h001okung0i95m8s6
15:56:27.413  [CallModal] Stream details: Object
15:56:27.413  [CallModal] Previous audio element for cmeifml0h001okung0i95m8s6: false
15:56:27.413  [CallModal] Cleared previous srcObject for cmeifml0h001okung0i95m8s6
15:56:27.413  [CallModal] 🔄 Stream not ready, waiting...
15:56:27.413  [CallModal] ❌ Initial audio play failed for cmeifml0h001okung0i95m8s6: 
attemptPlay @ webpack-internal:///…/CallModal.tsx:3124
15:56:27.413  [CallModal] 🔄 Waiting for stream to become active for cmeifml0h001okung0i95m8s6
15:56:27.413  [VoiceActivity] Effect triggered: Object
15:56:27.413  [VoiceActivity] No audio tracks in stream, cleaning up
15:56:27.413  [VoiceActivity] Effect triggered: Object
15:56:27.413  [VoiceActivity] No audio tracks in stream, cleaning up
15:56:27.889  NotificationContext: Window focused
15:56:27.895  🏠 ChatWindow mounted/re-rendered with conversationId: null
15:56:27.896  🏠 ChatWindow mounted/re-rendered with conversationId: null
15:56:27.897  🧹 GlobalNotificationListener: Cleaning up socket listener for new-notification
15:56:27.898  🌐 GlobalNotificationListener: useEffect triggered Object
15:56:27.898  🚀 GlobalNotificationListener: Setting up global socket listeners for user: cmeumah180000kuygq63oa1qx
15:56:27.899  🔄 GlobalNotificationListener: Re-emitted join-user-room for safety
15:56:27.899  ✅ GlobalNotificationListener: Socket listener registered for new-notification events
15:56:27.899  SocketContext: Window focused, refreshing connection
15:56:27.909  NotificationContext: Page visibility changed to: true
15:56:27.910  SocketContext: Tab became visible, re-establishing connection
15:56:27.911  🏠 ChatWindow mounted/re-rendered with conversationId: null
15:56:27.911  🏠 ChatWindow mounted/re-rendered with conversationId: null
15:56:27.911  🧹 GlobalNotificationListener: Cleaning up socket listener for new-notification
15:56:27.911  🌐 GlobalNotificationListener: useEffect triggered Object
15:56:27.911  🚀 GlobalNotificationListener: Setting up global socket listeners for user: cmeumah180000kuygq63oa1qx
15:56:27.911  🔄 GlobalNotificationListener: Re-emitted join-user-room for safety
15:56:27.911  ✅ GlobalNotificationListener: Socket listener registered for new-notification events
15:56:27.914  [CallModal] Rendered - voice call opened
15:56:27.915  [CallModal] Rendered - voice call opened
15:56:27.953  🏠 ChatWindow mounted/re-rendered with conversationId: null
15:56:27.953  🏠 ChatWindow mounted/re-rendered with conversationId: null
15:56:27.953  [CallModal] Rendered - voice call opened
15:56:27.954  [CallModal] Rendered - voice call opened
15:56:27.954  [VoiceParticipant] Tester voice activity debug: Object
15:56:27.956  [CallModal] 🔊 Setting up audio element for participant cmeifml0h001okung0i95m8s6
15:56:27.956  [CallModal] Stream details: Object
15:56:27.956  [CallModal] Previous audio element for cmeifml0h001okung0i95m8s6: false
15:56:27.957  [CallModal] Cleared previous srcObject for cmeifml0h001okung0i95m8s6
15:56:27.957  [CallModal] 🔄 Stream not ready, waiting...
15:56:27.957  [CallModal] ❌ Initial audio play failed for cmeifml0h001okung0i95m8s6: 
attemptPlay @ webpack-internal:///…/CallModal.tsx:3124
15:56:27.957  [CallModal] 🔄 Waiting for stream to become active for cmeifml0h001okung0i95m8s6
15:56:27.957  🧹 GlobalNotificationListener: Cleaning up socket listener for new-notification
15:56:27.957  🌐 GlobalNotificationListener: useEffect triggered Object
15:56:27.957  🚀 GlobalNotificationListener: Setting up global socket listeners for user: cmeumah180000kuygq63oa1qx
15:56:27.957  🔄 GlobalNotificationListener: Re-emitted join-user-room for safety
15:56:27.957  ✅ GlobalNotificationListener: Socket listener registered for new-notification events
15:56:27.958  [VoiceActivity] Effect triggered: Object
15:56:27.958  [VoiceActivity] No audio tracks in stream, cleaning up
15:56:27.958  [CallModal] Initialized active participants (excluding self): Array(1)
15:56:27.958  [CallModal] Skipping connection verification - no WebRTC or participants
15:56:27.958  [VoiceActivity] Effect triggered: Object
15:56:27.958  [VoiceActivity] No audio tracks in stream, cleaning up
15:56:27.958  [CallModal] Rendered - voice call opened
15:56:27.958  [CallModal] Rendered - voice call opened
15:56:27.959  [VoiceParticipant] Tester voice activity debug: Object
15:56:27.960  [CallModal] 🔊 Setting up audio element for participant cmeifml0h001okung0i95m8s6
15:56:27.960  [CallModal] Stream details: Object
15:56:27.960  [CallModal] Previous audio element for cmeifml0h001okung0i95m8s6: false
15:56:27.960  [CallModal] Cleared previous srcObject for cmeifml0h001okung0i95m8s6
15:56:27.960  [CallModal] 🔄 Stream not ready, waiting...
15:56:27.961  [CallModal] ❌ Initial audio play failed for cmeifml0h001okung0i95m8s6: 
attemptPlay @ webpack-internal:///…/CallModal.tsx:3124
15:56:27.961  [CallModal] 🔄 Waiting for stream to become active for cmeifml0h001okung0i95m8s6
15:56:27.961  [VoiceActivity] Effect triggered: Object
15:56:27.961  [VoiceActivity] No audio tracks in stream, cleaning up
15:56:27.961  [VoiceActivity] Effect triggered: Object
15:56:27.961  [VoiceActivity] No audio tracks in stream, cleaning up
15:56:27.966  [CallModal] Rendered - voice call opened
15:56:27.966  [CallModal] Rendered - voice call opened
15:56:27.990  User status update received: Object
15:56:27.990  User status update received: Object
15:56:27.993  🏠 ChatWindow mounted/re-rendered with conversationId: null
15:56:27.993  🏠 ChatWindow mounted/re-rendered with conversationId: null
15:56:27.993  [CallModal] Rendered - voice call opened
15:56:27.994  [CallModal] Rendered - voice call opened
15:56:27.994  [VoiceParticipant] Tester voice activity debug: Object
15:56:27.995  [CallModal] 🔊 Setting up audio element for participant cmeifml0h001okung0i95m8s6
15:56:27.995  [CallModal] Stream details: Object
15:56:27.995  [CallModal] Previous audio element for cmeifml0h001okung0i95m8s6: false
15:56:27.998  [CallModal] Cleared previous srcObject for cmeifml0h001okung0i95m8s6
15:56:27.998 CallModal.tsx:2957 [CallModal] 🔄 Stream not ready, waiting...
15:56:27.998 CallModal.tsx:2961 [CallModal] ❌ Initial audio play failed for cmeifml0h001okung0i95m8s6: Error: Stream not ready
    at attemptPlay (CallModal.tsx:2958:37)
    at ref (CallModal.tsx:2999:25)
    at commitAttachRef (react-dom.development.js:21677:37)
    at safelyAttachRef (react-dom.development.js:20803:5)
    at commitLayoutEffectOnFiber (react-dom.development.js:21498:11)
    at recursivelyTraverseLayoutEffects (react-dom.development.js:22926:7)
    at commitLayoutEffectOnFiber (react-dom.development.js:21577:9)
    at recursivelyTraverseLayoutEffects (react-dom.development.js:22926:7)
    at commitLayoutEffectOnFiber (react-dom.development.js:21488:9)
    at recursivelyTraverseLayoutEffects (react-dom.development.js:22926:7)
    at commitLayoutEffectOnFiber (react-dom.development.js:21488:9)
    at recursivelyTraverseLayoutEffects (react-dom.development.js:22926:7)
    at commitLayoutEffectOnFiber (react-dom.development.js:21488:9)
    at recursivelyTraverseLayoutEffects (react-dom.development.js:22926:7)
    at commitLayoutEffectOnFiber (react-dom.development.js:21488:9)
    at recursivelyTraverseLayoutEffects (react-dom.development.js:22926:7)
    at commitLayoutEffectOnFiber (react-dom.development.js:21407:9)
    at recursivelyTraverseLayoutEffects (react-dom.development.js:22926:7)
    at commitLayoutEffectOnFiber (react-dom.development.js:21407:9)
    at recursivelyTraverseLayoutEffects (react-dom.development.js:22926:7)
    at commitLayoutEffectOnFiber (react-dom.development.js:21577:9)
    at recursivelyTraverseLayoutEffects (react-dom.development.js:22926:7)
    at commitLayoutEffectOnFiber (react-dom.development.js:21407:9)
    at recursivelyTraverseLayoutEffects (react-dom.development.js:22926:7)
    at commitLayoutEffectOnFiber (react-dom.development.js:21577:9)
    at recursivelyTraverseLayoutEffects (react-dom.development.js:22926:7)
    at commitLayoutEffectOnFiber (react-dom.development.js:21407:9)
    at recursivelyTraverseLayoutEffects (react-dom.development.js:22926:7)
    at commitLayoutEffectOnFiber (react-dom.development.js:21577:9)
    at recursivelyTraverseLayoutEffects (react-dom.development.js:22926:7)
    at commitLayoutEffectOnFiber (react-dom.development.js:21407:9)
    at recursivelyTraverseLayoutEffects (react-dom.development.js:22926:7)
    at commitLayoutEffectOnFiber (react-dom.development.js:21577:9)
    at recursivelyTraverseLayoutEffects (react-dom.development.js:22926:7)
    at commitLayoutEffectOnFiber (react-dom.development.js:21407:9)
    at recursivelyTraverseLayoutEffects (react-dom.development.js:22926:7)
    at commitLayoutEffectOnFiber (react-dom.development.js:21407:9)
    at recursivelyTraverseLayoutEffects (react-dom.development.js:22926:7)
    at commitLayoutEffectOnFiber (react-dom.development.js:21488:9)
    at recursivelyTraverseLayoutEffects (react-dom.development.js:22926:7)
    at commitLayoutEffectOnFiber (react-dom.development.js:21488:9)
    at recursivelyTraverseLayoutEffects (react-dom.development.js:22926:7)
    at commitLayoutEffectOnFiber (react-dom.development.js:21577:9)
    at recursivelyTraverseLayoutEffects (react-dom.development.js:22926:7)
    at commitLayoutEffectOnFiber (react-dom.development.js:21577:9)
    at recursivelyTraverseLayoutEffects (react-dom.development.js:22926:7)
    at commitLayoutEffectOnFiber (react-dom.development.js:21418:9)
    at recursivelyTraverseLayoutEffects (react-dom.development.js:22926:7)
    at commitLayoutEffectOnFiber (react-dom.development.js:21407:9)
    at recursivelyTraverseLayoutEffects (react-dom.development.js:22926:7)
attemptPlay @ CallModal.tsx:2961
15:56:27.998 CallModal.tsx:2965 [CallModal] 🔄 Waiting for stream to become active for cmeifml0h001okung0i95m8s6
15:56:27.998 ChatSidebar.tsx:155 ChatSidebar: Conversations updated, count: 4
15:56:27.998 ChatSidebar.tsx:157 ChatSidebar: Latest conversation: cmfbwdnf60000kuzg41ovkra2 last message: cmfc8zta3000bkulfrpl6vutn
15:56:27.998 useVoiceActivity.ts:22 [VoiceActivity] Effect triggered: Object
15:56:27.998 useVoiceActivity.ts:37 [VoiceActivity] No audio tracks in stream, cleaning up
15:56:27.998 CallModal.tsx:86 [CallModal] Initialized active participants (excluding self): Array(1)
15:56:27.998 CallModal.tsx:1425 [CallModal] Skipping connection verification - no WebRTC or participants
15:56:27.998 useVoiceActivity.ts:22 [VoiceActivity] Effect triggered: Object
15:56:27.998 useVoiceActivity.ts:37 [VoiceActivity] No audio tracks in stream, cleaning up
15:56:27.999 CallModal.tsx:62 [CallModal] Rendered - voice call opened
15:56:27.999 CallModal.tsx:62 [CallModal] Rendered - voice call opened
15:56:27.999 CallModal.tsx:2611 [VoiceParticipant] Tester voice activity debug: Object
15:56:28.000 CallModal.tsx:2907 [CallModal] 🔊 Setting up audio element for participant cmeifml0h001okung0i95m8s6
15:56:28.000 CallModal.tsx:2908 [CallModal] Stream details: Object
15:56:28.000 CallModal.tsx:2922 [CallModal] Previous audio element for cmeifml0h001okung0i95m8s6: false
15:56:28.001 CallModal.tsx:2931 [CallModal] Cleared previous srcObject for cmeifml0h001okung0i95m8s6
15:56:28.001 CallModal.tsx:2957 [CallModal] 🔄 Stream not ready, waiting...
15:56:28.001 CallModal.tsx:2961 [CallModal] ❌ Initial audio play failed for cmeifml0h001okung0i95m8s6: Error: Stream not ready
    at attemptPlay (CallModal.tsx:2958:37)
    at ref (CallModal.tsx:2999:25)
    at commitAttachRef (react-dom.development.js:21677:37)
    at safelyAttachRef (react-dom.development.js:20803:5)
    at commitLayoutEffectOnFiber (react-dom.development.js:21498:11)
    at recursivelyTraverseLayoutEffects (react-dom.development.js:22926:7)
    at commitLayoutEffectOnFiber (react-dom.development.js:21577:9)
    at recursivelyTraverseLayoutEffects (react-dom.development.js:22926:7)
    at commitLayoutEffectOnFiber (react-dom.development.js:21488:9)
    at recursivelyTraverseLayoutEffects (react-dom.development.js:22926:7)
    at commitLayoutEffectOnFiber (react-dom.development.js:21488:9)
    at recursivelyTraverseLayoutEffects (react-dom.development.js:22926:7)
    at commitLayoutEffectOnFiber (react-dom.development.js:21488:9)
    at recursivelyTraverseLayoutEffects (react-dom.development.js:22926:7)
    at commitLayoutEffectOnFiber (react-dom.development.js:21488:9)
    at recursivelyTraverseLayoutEffects (react-dom.development.js:22926:7)
    at commitLayoutEffectOnFiber (react-dom.development.js:21407:9)
    at recursivelyTraverseLayoutEffects (react-dom.development.js:22926:7)
    at commitLayoutEffectOnFiber (react-dom.development.js:21407:9)
    at recursivelyTraverseLayoutEffects (react-dom.development.js:22926:7)
    at commitLayoutEffectOnFiber (react-dom.development.js:21577:9)
    at recursivelyTraverseLayoutEffects (react-dom.development.js:22926:7)
    at commitLayoutEffectOnFiber (react-dom.development.js:21407:9)
    at recursivelyTraverseLayoutEffects (react-dom.development.js:22926:7)
    at commitLayoutEffectOnFiber (react-dom.development.js:21577:9)
    at recursivelyTraverseLayoutEffects (react-dom.development.js:22926:7)
    at commitLayoutEffectOnFiber (react-dom.development.js:21407:9)
    at recursivelyTraverseLayoutEffects (react-dom.development.js:22926:7)
    at commitLayoutEffectOnFiber (react-dom.development.js:21577:9)
    at recursivelyTraverseLayoutEffects (react-dom.development.js:22926:7)
    at commitLayoutEffectOnFiber (react-dom.development.js:21407:9)
    at recursivelyTraverseLayoutEffects (react-dom.development.js:22926:7)
    at commitLayoutEffectOnFiber (react-dom.development.js:21577:9)
    at recursivelyTraverseLayoutEffects (react-dom.development.js:22926:7)
    at commitLayoutEffectOnFiber (react-dom.development.js:21407:9)
    at recursivelyTraverseLayoutEffects (react-dom.development.js:22926:7)
    at commitLayoutEffectOnFiber (react-dom.development.js:21407:9)
    at recursivelyTraverseLayoutEffects (react-dom.development.js:22926:7)
    at commitLayoutEffectOnFiber (react-dom.development.js:21488:9)
    at recursivelyTraverseLayoutEffects (react-dom.development.js:22926:7)
    at commitLayoutEffectOnFiber (react-dom.development.js:21488:9)
    at recursivelyTraverseLayoutEffects (react-dom.development.js:22926:7)
    at commitLayoutEffectOnFiber (react-dom.development.js:21577:9)
    at recursivelyTraverseLayoutEffects (react-dom.development.js:22926:7)
    at commitLayoutEffectOnFiber (react-dom.development.js:21577:9)
    at recursivelyTraverseLayoutEffects (react-dom.development.js:22926:7)
    at commitLayoutEffectOnFiber (react-dom.development.js:21418:9)
    at recursivelyTraverseLayoutEffects (react-dom.development.js:22926:7)
    at commitLayoutEffectOnFiber (react-dom.development.js:21407:9)
    at recursivelyTraverseLayoutEffects (react-dom.development.js:22926:7)
attemptPlay @ CallModal.tsx:2961
15:56:28.001 CallModal.tsx:2965 [CallModal] 🔄 Waiting for stream to become active for cmeifml0h001okung0i95m8s6
15:56:28.001 useVoiceActivity.ts:22 [VoiceActivity] Effect triggered: Object
15:56:28.001 useVoiceActivity.ts:37 [VoiceActivity] No audio tracks in stream, cleaning up
15:56:28.001 useVoiceActivity.ts:22 [VoiceActivity] Effect triggered: Object
15:56:28.001 useVoiceActivity.ts:37 [VoiceActivity] No audio tracks in stream, cleaning up
15:56:28.010 CallModal.tsx:62 [CallModal] Rendered - voice call opened
15:56:28.010 CallModal.tsx:62 [CallModal] Rendered - voice call opened
15:56:28.439 useVoiceActivity.ts:81 [VoiceActivity] Volume analysis: Object
15:56:28.838 useVoiceActivity.ts:81 [VoiceActivity] Volume analysis: Object
15:56:28.912 SocketContext.tsx:371 SocketContext: Additional heartbeat sent after becoming visible
15:56:28.932 CallModal.tsx:227 [CallModal] Updated peer connections for performance monitoring: 2
15:56:28.932 CallModal.tsx:228 [CallModal] Peer connection participants: Array(2)
15:56:28.933 CallModal.tsx:62 [CallModal] Rendered - voice call opened
15:56:28.934 CallModal.tsx:62 [CallModal] Rendered - voice call opened
15:56:28.934 CallModal.tsx:2611 [VoiceParticipant] Tester voice activity debug: Object
15:56:28.936 CallModal.tsx:2907 [CallModal] 🔊 Setting up audio element for participant cmeifml0h001okung0i95m8s6
15:56:28.936 CallModal.tsx:2908 [CallModal] Stream details: Object
15:56:28.936 CallModal.tsx:2922 [CallModal] Previous audio element for cmeifml0h001okung0i95m8s6: false
15:56:28.936 CallModal.tsx:2931 [CallModal] Cleared previous srcObject for cmeifml0h001okung0i95m8s6
15:56:28.936 CallModal.tsx:2957 [CallModal] 🔄 Stream not ready, waiting...
15:56:28.936 CallModal.tsx:2961 [CallModal] ❌ Initial audio play failed for cmeifml0h001okung0i95m8s6: Error: Stream not ready
    at attemptPlay (CallModal.tsx:2958:37)
    at ref (CallModal.tsx:2999:25)
    at commitAttachRef (react-dom.development.js:21677:37)
    at safelyAttachRef (react-dom.development.js:20803:5)
    at commitLayoutEffectOnFiber (react-dom.development.js:21498:11)
    at recursivelyTraverseLayoutEffects (react-dom.development.js:22926:7)
    at commitLayoutEffectOnFiber (react-dom.development.js:21577:9)
    at recursivelyTraverseLayoutEffects (react-dom.development.js:22926:7)
    at commitLayoutEffectOnFiber (react-dom.development.js:21488:9)
    at recursivelyTraverseLayoutEffects (react-dom.development.js:22926:7)
    at commitLayoutEffectOnFiber (react-dom.development.js:21488:9)
    at recursivelyTraverseLayoutEffects (react-dom.development.js:22926:7)
    at commitLayoutEffectOnFiber (react-dom.development.js:21488:9)
    at recursivelyTraverseLayoutEffects (react-dom.development.js:22926:7)
    at commitLayoutEffectOnFiber (react-dom.development.js:21488:9)
    at recursivelyTraverseLayoutEffects (react-dom.development.js:22926:7)
    at commitLayoutEffectOnFiber (react-dom.development.js:21407:9)
    at recursivelyTraverseLayoutEffects (react-dom.development.js:22926:7)
    at commitLayoutEffectOnFiber (react-dom.development.js:21407:9)
    at recursivelyTraverseLayoutEffects (react-dom.development.js:22926:7)
    at commitLayoutEffectOnFiber (react-dom.development.js:21577:9)
    at recursivelyTraverseLayoutEffects (react-dom.development.js:22926:7)
    at commitLayoutEffectOnFiber (react-dom.development.js:21407:9)
    at recursivelyTraverseLayoutEffects (react-dom.development.js:22926:7)
    at commitLayoutEffectOnFiber (react-dom.development.js:21577:9)
    at recursivelyTraverseLayoutEffects (react-dom.development.js:22926:7)
    at commitLayoutEffectOnFiber (react-dom.development.js:21407:9)
    at recursivelyTraverseLayoutEffects (react-dom.development.js:22926:7)
    at commitLayoutEffectOnFiber (react-dom.development.js:21577:9)
    at recursivelyTraverseLayoutEffects (react-dom.development.js:22926:7)
    at commitLayoutEffectOnFiber (react-dom.development.js:21407:9)
    at recursivelyTraverseLayoutEffects (react-dom.development.js:22926:7)
    at commitLayoutEffectOnFiber (react-dom.development.js:21577:9)
    at recursivelyTraverseLayoutEffects (react-dom.development.js:22926:7)
    at commitLayoutEffectOnFiber (react-dom.development.js:21407:9)
    at recursivelyTraverseLayoutEffects (react-dom.development.js:22926:7)
    at commitLayoutEffectOnFiber (react-dom.development.js:21407:9)
    at recursivelyTraverseLayoutEffects (react-dom.development.js:22926:7)
    at commitLayoutEffectOnFiber (react-dom.development.js:21488:9)
    at recursivelyTraverseLayoutEffects (react-dom.development.js:22926:7)
    at commitLayoutEffectOnFiber (react-dom.development.js:21488:9)
    at recursivelyTraverseLayoutEffects (react-dom.development.js:22926:7)
    at commitLayoutEffectOnFiber (react-dom.development.js:21577:9)
    at recursivelyTraverseLayoutEffects (react-dom.development.js:22926:7)
    at commitLayoutEffectOnFiber (react-dom.development.js:21577:9)
    at recursivelyTraverseLayoutEffects (react-dom.development.js:22926:7)
    at commitLayoutEffectOnFiber (react-dom.development.js:21418:9)
    at recursivelyTraverseLayoutEffects (react-dom.development.js:22926:7)
    at commitLayoutEffectOnFiber (react-dom.development.js:21407:9)
    at recursivelyTraverseLayoutEffects (react-dom.development.js:22926:7)
attemptPlay @ CallModal.tsx:2961
15:56:28.936 CallModal.tsx:2965 [CallModal] 🔄 Waiting for stream to become active for cmeifml0h001okung0i95m8s6
15:56:28.937 useVoiceActivity.ts:22 [VoiceActivity] Effect triggered: Object
15:56:28.937 useVoiceActivity.ts:37 [VoiceActivity] No audio tracks in stream, cleaning up
15:56:28.937 useCallPerformance.ts:242 [useCallPerformance] Connection states: Array(2)
15:56:28.937 useCallPerformance.ts:246 [useCallPerformance] Starting monitoring for 2 valid connections
15:56:28.937 useVoiceActivity.ts:22 [VoiceActivity] Effect triggered: Object
15:56:28.937 useVoiceActivity.ts:37 [VoiceActivity] No audio tracks in stream, cleaning up
15:56:28.944 CallModal.tsx:62 [CallModal] Rendered - voice call opened
15:56:28.945 CallModal.tsx:62 [CallModal] Rendered - voice call opened
15:56:28.946 useCallPerformance.ts:41 [useCallPerformance] Network metrics: Object
15:56:28.947 useCallPerformance.ts:37 [useCallPerformance] No valid network data yet, assuming good quality
15:56:28.948 CallModal.tsx:62 [CallModal] Rendered - voice call opened
15:56:28.949 CallModal.tsx:62 [CallModal] Rendered - voice call opened
15:56:28.950 CallModal.tsx:2611 [VoiceParticipant] Tester voice activity debug: Object
15:56:28.952 CallModal.tsx:2907 [CallModal] 🔊 Setting up audio element for participant cmeifml0h001okung0i95m8s6
15:56:28.952 CallModal.tsx:2908 [CallModal] Stream details: Object
15:56:28.952 CallModal.tsx:2922 [CallModal] Previous audio element for cmeifml0h001okung0i95m8s6: false
15:56:28.954 CallModal.tsx:2931 [CallModal] Cleared previous srcObject for cmeifml0h001okung0i95m8s6
15:56:28.954 CallModal.tsx:2957 [CallModal] 🔄 Stream not ready, waiting...
15:56:28.954 CallModal.tsx:2961 [CallModal] ❌ Initial audio play failed for cmeifml0h001okung0i95m8s6: Error: Stream not ready
    at attemptPlay (CallModal.tsx:2958:37)
    at ref (CallModal.tsx:2999:25)
    at commitAttachRef (react-dom.development.js:21677:37)
    at safelyAttachRef (react-dom.development.js:20803:5)
    at commitLayoutEffectOnFiber (react-dom.development.js:21498:11)
    at recursivelyTraverseLayoutEffects (react-dom.development.js:22926:7)
    at commitLayoutEffectOnFiber (react-dom.development.js:21577:9)
    at recursivelyTraverseLayoutEffects (react-dom.development.js:22926:7)
    at commitLayoutEffectOnFiber (react-dom.development.js:21488:9)
    at recursivelyTraverseLayoutEffects (react-dom.development.js:22926:7)
    at commitLayoutEffectOnFiber (react-dom.development.js:21488:9)
    at recursivelyTraverseLayoutEffects (react-dom.development.js:22926:7)
    at commitLayoutEffectOnFiber (react-dom.development.js:21488:9)
    at recursivelyTraverseLayoutEffects (react-dom.development.js:22926:7)
    at commitLayoutEffectOnFiber (react-dom.development.js:21488:9)
    at recursivelyTraverseLayoutEffects (react-dom.development.js:22926:7)
    at commitLayoutEffectOnFiber (react-dom.development.js:21407:9)
    at recursivelyTraverseLayoutEffects (react-dom.development.js:22926:7)
    at commitLayoutEffectOnFiber (react-dom.development.js:21407:9)
    at recursivelyTraverseLayoutEffects (react-dom.development.js:22926:7)
    at commitLayoutEffectOnFiber (react-dom.development.js:21577:9)
    at recursivelyTraverseLayoutEffects (react-dom.development.js:22926:7)
    at commitLayoutEffectOnFiber (react-dom.development.js:21407:9)
    at recursivelyTraverseLayoutEffects (react-dom.development.js:22926:7)
    at commitLayoutEffectOnFiber (react-dom.development.js:21577:9)
    at recursivelyTraverseLayoutEffects (react-dom.development.js:22926:7)
    at commitLayoutEffectOnFiber (react-dom.development.js:21407:9)
    at recursivelyTraverseLayoutEffects (react-dom.development.js:22926:7)
    at commitLayoutEffectOnFiber (react-dom.development.js:21577:9)
    at recursivelyTraverseLayoutEffects (react-dom.development.js:22926:7)
    at commitLayoutEffectOnFiber (react-dom.development.js:21407:9)
    at recursivelyTraverseLayoutEffects (react-dom.development.js:22926:7)
    at commitLayoutEffectOnFiber (react-dom.development.js:21577:9)
    at recursivelyTraverseLayoutEffects (react-dom.development.js:22926:7)
    at commitLayoutEffectOnFiber (react-dom.development.js:21407:9)
    at recursivelyTraverseLayoutEffects (react-dom.development.js:22926:7)
    at commitLayoutEffectOnFiber (react-dom.development.js:21407:9)
    at recursivelyTraverseLayoutEffects (react-dom.development.js:22926:7)
    at commitLayoutEffectOnFiber (react-dom.development.js:21488:9)
    at recursivelyTraverseLayoutEffects (react-dom.development.js:22926:7)
    at commitLayoutEffectOnFiber (react-dom.development.js:21488:9)
    at recursivelyTraverseLayoutEffects (react-dom.development.js:22926:7)
    at commitLayoutEffectOnFiber (react-dom.development.js:21577:9)
    at recursivelyTraverseLayoutEffects (react-dom.development.js:22926:7)
    at commitLayoutEffectOnFiber (react-dom.development.js:21577:9)
    at recursivelyTraverseLayoutEffects (react-dom.development.js:22926:7)
    at commitLayoutEffectOnFiber (react-dom.development.js:21418:9)
    at recursivelyTraverseLayoutEffects (react-dom.development.js:22926:7)
    at commitLayoutEffectOnFiber (react-dom.development.js:21407:9)
    at recursivelyTraverseLayoutEffects (react-dom.development.js:22926:7)
attemptPlay @ CallModal.tsx:2961
15:56:28.954 CallModal.tsx:2965 [CallModal] 🔄 Waiting for stream to become active for cmeifml0h001okung0i95m8s6
15:56:28.956 useVoiceActivity.ts:22 [VoiceActivity] Effect triggered: Object
15:56:28.956 useVoiceActivity.ts:37 [VoiceActivity] No audio tracks in stream, cleaning up
15:56:28.956 useVoiceActivity.ts:22 [VoiceActivity] Effect triggered: Object
15:56:28.956 useVoiceActivity.ts:37 [VoiceActivity] No audio tracks in stream, cleaning up
15:56:28.956 CallModal.tsx:62 [CallModal] Rendered - voice call opened
15:56:28.957 CallModal.tsx:62 [CallModal] Rendered - voice call opened
15:56:29.001 CallModal.tsx:62 [CallModal] Rendered - voice call opened
15:56:29.002 CallModal.tsx:62 [CallModal] Rendered - voice call opened
15:56:29.003 CallModal.tsx:2611 [VoiceParticipant] Tester voice activity debug: Object
15:56:29.006 CallModal.tsx:2907 [CallModal] 🔊 Setting up audio element for participant cmeifml0h001okung0i95m8s6
15:56:29.006 CallModal.tsx:2908 [CallModal] Stream details: Object
15:56:29.006 CallModal.tsx:2922 [CallModal] Previous audio element for cmeifml0h001okung0i95m8s6: false
15:56:29.007 CallModal.tsx:2931 [CallModal] Cleared previous srcObject for cmeifml0h001okung0i95m8s6
15:56:29.007 CallModal.tsx:2957 [CallModal] 🔄 Stream not ready, waiting...
15:56:29.007 CallModal.tsx:2961 [CallModal] ❌ Initial audio play failed for cmeifml0h001okung0i95m8s6: Error: Stream not ready
    at attemptPlay (CallModal.tsx:2958:37)
    at ref (CallModal.tsx:2999:25)
    at commitAttachRef (react-dom.development.js:21677:37)
    at safelyAttachRef (react-dom.development.js:20803:5)
    at commitLayoutEffectOnFiber (react-dom.development.js:21498:11)
    at recursivelyTraverseLayoutEffects (react-dom.development.js:22926:7)
    at commitLayoutEffectOnFiber (react-dom.development.js:21577:9)
    at recursivelyTraverseLayoutEffects (react-dom.development.js:22926:7)
    at commitLayoutEffectOnFiber (react-dom.development.js:21488:9)
    at recursivelyTraverseLayoutEffects (react-dom.development.js:22926:7)
    at commitLayoutEffectOnFiber (react-dom.development.js:21488:9)
    at recursivelyTraverseLayoutEffects (react-dom.development.js:22926:7)
    at commitLayoutEffectOnFiber (react-dom.development.js:21488:9)
    at recursivelyTraverseLayoutEffects (react-dom.development.js:22926:7)
    at commitLayoutEffectOnFiber (react-dom.development.js:21488:9)
    at recursivelyTraverseLayoutEffects (react-dom.development.js:22926:7)
    at commitLayoutEffectOnFiber (react-dom.development.js:21407:9)
    at recursivelyTraverseLayoutEffects (react-dom.development.js:22926:7)
    at commitLayoutEffectOnFiber (react-dom.development.js:21407:9)
    at recursivelyTraverseLayoutEffects (react-dom.development.js:22926:7)
    at commitLayoutEffectOnFiber (react-dom.development.js:21577:9)
    at recursivelyTraverseLayoutEffects (react-dom.development.js:22926:7)
    at commitLayoutEffectOnFiber (react-dom.development.js:21407:9)
    at recursivelyTraverseLayoutEffects (react-dom.development.js:22926:7)
    at commitLayoutEffectOnFiber (react-dom.development.js:21577:9)
    at recursivelyTraverseLayoutEffects (react-dom.development.js:22926:7)
    at commitLayoutEffectOnFiber (react-dom.development.js:21407:9)
    at recursivelyTraverseLayoutEffects (react-dom.development.js:22926:7)
    at commitLayoutEffectOnFiber (react-dom.development.js:21577:9)
    at recursivelyTraverseLayoutEffects (react-dom.development.js:22926:7)
    at commitLayoutEffectOnFiber (react-dom.development.js:21407:9)
    at recursivelyTraverseLayoutEffects (react-dom.development.js:22926:7)
    at commitLayoutEffectOnFiber (react-dom.development.js:21577:9)
    at recursivelyTraverseLayoutEffects (react-dom.development.js:22926:7)
    at commitLayoutEffectOnFiber (react-dom.development.js:21407:9)
    at recursivelyTraverseLayoutEffects (react-dom.development.js:22926:7)
    at commitLayoutEffectOnFiber (react-dom.development.js:21407:9)
    at recursivelyTraverseLayoutEffects (react-dom.development.js:22926:7)
    at commitLayoutEffectOnFiber (react-dom.development.js:21488:9)
    at recursivelyTraverseLayoutEffects (react-dom.development.js:22926:7)
    at commitLayoutEffectOnFiber (react-dom.development.js:21488:9)
    at recursivelyTraverseLayoutEffects (react-dom.development.js:22926:7)
    at commitLayoutEffectOnFiber (react-dom.development.js:21577:9)
    at recursivelyTraverseLayoutEffects (react-dom.development.js:22926:7)
    at commitLayoutEffectOnFiber (react-dom.development.js:21577:9)
    at recursivelyTraverseLayoutEffects (react-dom.development.js:22926:7)
    at commitLayoutEffectOnFiber (react-dom.development.js:21418:9)
    at recursivelyTraverseLayoutEffects (react-dom.development.js:22926:7)
    at commitLayoutEffectOnFiber (react-dom.development.js:21407:9)
    at recursivelyTraverseLayoutEffects (react-dom.development.js:22926:7)
attemptPlay @ CallModal.tsx:2961
15:56:29.007 CallModal.tsx:2965 [CallModal] 🔄 Waiting for stream to become active for cmeifml0h001okung0i95m8s6
15:56:29.013 useVoiceActivity.ts:22 [VoiceActivity] Effect triggered: Object
15:56:29.013 useVoiceActivity.ts:37 [VoiceActivity] No audio tracks in stream, cleaning up
15:56:29.013 useVoiceActivity.ts:22 [VoiceActivity] Effect triggered: Object
15:56:29.013 useVoiceActivity.ts:37 [VoiceActivity] No audio tracks in stream, cleaning up
15:56:29.013 CallModal.tsx:62 [CallModal] Rendered - voice call opened
15:56:29.014 CallModal.tsx:62 [CallModal] Rendered - voice call opened
15:56:29.244 NotificationContext.tsx:213 NotificationContext: Window blurred
15:56:29.246 ChatWindow.tsx:92 🏠 ChatWindow mounted/re-rendered with conversationId: null
15:56:29.247 ChatWindow.tsx:92 🏠 ChatWindow mounted/re-rendered with conversationId: null
15:56:29.247 GlobalNotificationListener.tsx:173 🧹 GlobalNotificationListener: Cleaning up socket listener for new-notification
15:56:29.247 GlobalNotificationListener.tsx:26 🌐 GlobalNotificationListener: useEffect triggered Object
15:56:29.247 GlobalNotificationListener.tsx:43 🚀 GlobalNotificationListener: Setting up global socket listeners for user: cmeumah180000kuygq63oa1qx
15:56:29.248 GlobalNotificationListener.tsx:48 🔄 GlobalNotificationListener: Re-emitted join-user-room for safety
15:56:29.248 GlobalNotificationListener.tsx:170 ✅ GlobalNotificationListener: Socket listener registered for new-notification events
15:56:29.248 SocketContext.tsx:399 SocketContext: Window blurred, sending pre-blur heartbeat
15:56:29.250 useVoiceActivity.ts:81 [VoiceActivity] Volume analysis: Object
15:56:29.421 CallModal.tsx:62 [CallModal] Rendered - voice call opened
15:56:29.421 CallModal.tsx:62 [CallModal] Rendered - voice call opened
15:56:29.422 CallModal.tsx:2611 [VoiceParticipant] Tester voice activity debug: Object
15:56:29.424 CallModal.tsx:2907 [CallModal] 🔊 Setting up audio element for participant cmeifml0h001okung0i95m8s6
15:56:29.424 CallModal.tsx:2908 [CallModal] Stream details: Object
15:56:29.424 CallModal.tsx:2922 [CallModal] Previous audio element for cmeifml0h001okung0i95m8s6: false
15:56:29.425 CallModal.tsx:2931 [CallModal] Cleared previous srcObject for cmeifml0h001okung0i95m8s6
15:56:29.425 CallModal.tsx:2957 [CallModal] 🔄 Stream not ready, waiting...
15:56:29.425 CallModal.tsx:2961 [CallModal] ❌ Initial audio play failed for cmeifml0h001okung0i95m8s6: Error: Stream not ready
    at attemptPlay (CallModal.tsx:2958:37)
    at ref (CallModal.tsx:2999:25)
    at commitAttachRef (react-dom.development.js:21677:37)
    at safelyAttachRef (react-dom.development.js:20803:5)
    at commitLayoutEffectOnFiber (react-dom.development.js:21498:11)
    at recursivelyTraverseLayoutEffects (react-dom.development.js:22926:7)
    at commitLayoutEffectOnFiber (react-dom.development.js:21577:9)
    at recursivelyTraverseLayoutEffects (react-dom.development.js:22926:7)
    at commitLayoutEffectOnFiber (react-dom.development.js:21488:9)
    at recursivelyTraverseLayoutEffects (react-dom.development.js:22926:7)
    at commitLayoutEffectOnFiber (react-dom.development.js:21488:9)
    at recursivelyTraverseLayoutEffects (react-dom.development.js:22926:7)
    at commitLayoutEffectOnFiber (react-dom.development.js:21488:9)
    at recursivelyTraverseLayoutEffects (react-dom.development.js:22926:7)
    at commitLayoutEffectOnFiber (react-dom.development.js:21488:9)
    at recursivelyTraverseLayoutEffects (react-dom.development.js:22926:7)
    at commitLayoutEffectOnFiber (react-dom.development.js:21407:9)
    at recursivelyTraverseLayoutEffects (react-dom.development.js:22926:7)
    at commitLayoutEffectOnFiber (react-dom.development.js:21407:9)
    at recursivelyTraverseLayoutEffects (react-dom.development.js:22926:7)
    at commitLayoutEffectOnFiber (react-dom.development.js:21577:9)
    at recursivelyTraverseLayoutEffects (react-dom.development.js:22926:7)
    at commitLayoutEffectOnFiber (react-dom.development.js:21407:9)
    at recursivelyTraverseLayoutEffects (react-dom.development.js:22926:7)
    at commitLayoutEffectOnFiber (react-dom.development.js:21577:9)
    at recursivelyTraverseLayoutEffects (react-dom.development.js:22926:7)
    at commitLayoutEffectOnFiber (react-dom.development.js:21407:9)
    at recursivelyTraverseLayoutEffects (react-dom.development.js:22926:7)
    at commitLayoutEffectOnFiber (react-dom.development.js:21577:9)
    at recursivelyTraverseLayoutEffects (react-dom.development.js:22926:7)
    at commitLayoutEffectOnFiber (react-dom.development.js:21407:9)
    at recursivelyTraverseLayoutEffects (react-dom.development.js:22926:7)
    at commitLayoutEffectOnFiber (react-dom.development.js:21577:9)
    at recursivelyTraverseLayoutEffects (react-dom.development.js:22926:7)
    at commitLayoutEffectOnFiber (react-dom.development.js:21407:9)
    at recursivelyTraverseLayoutEffects (react-dom.development.js:22926:7)
    at commitLayoutEffectOnFiber (react-dom.development.js:21407:9)
    at recursivelyTraverseLayoutEffects (react-dom.development.js:22926:7)
    at commitLayoutEffectOnFiber (react-dom.development.js:21488:9)
    at recursivelyTraverseLayoutEffects (react-dom.development.js:22926:7)
    at commitLayoutEffectOnFiber (react-dom.development.js:21488:9)
    at recursivelyTraverseLayoutEffects (react-dom.development.js:22926:7)
    at commitLayoutEffectOnFiber (react-dom.development.js:21577:9)
    at recursivelyTraverseLayoutEffects (react-dom.development.js:22926:7)
    at commitLayoutEffectOnFiber (react-dom.development.js:21577:9)
    at recursivelyTraverseLayoutEffects (react-dom.development.js:22926:7)
    at commitLayoutEffectOnFiber (react-dom.development.js:21418:9)
    at recursivelyTraverseLayoutEffects (react-dom.development.js:22926:7)
    at commitLayoutEffectOnFiber (react-dom.development.js:21407:9)
    at recursivelyTraverseLayoutEffects (react-dom.development.js:22926:7)
attemptPlay @ CallModal.tsx:2961
15:56:29.425 CallModal.tsx:2965 [CallModal] 🔄 Waiting for stream to become active for cmeifml0h001okung0i95m8s6
15:56:29.425 useVoiceActivity.ts:22 [VoiceActivity] Effect triggered: Object
15:56:29.425 useVoiceActivity.ts:37 [VoiceActivity] No audio tracks in stream, cleaning up
15:56:29.425 useVoiceActivity.ts:22 [VoiceActivity] Effect triggered: Object
15:56:29.426 useVoiceActivity.ts:37 [VoiceActivity] No audio tracks in stream, cleaning up
15:56:29.954 CallModal.tsx:62 [CallModal] Rendered - voice call opened
15:56:29.954 CallModal.tsx:62 [CallModal] Rendered - voice call opened
15:56:29.955 CallModal.tsx:2611 [VoiceParticipant] Tester voice activity debug: {participantId: 'cmeifml0h001okung0i95m8s6', hasOriginalStream: true, hasLatestStream: true, streamActive: false, audioTracksCount: 0, …}
15:56:29.957 CallModal.tsx:2907 [CallModal] 🔊 Setting up audio element for participant cmeifml0h001okung0i95m8s6
15:56:29.957 CallModal.tsx:2908 [CallModal] Stream details: {id: '34fa4aea-da9c-415d-afda-d1f0034b119c', active: false, audioTracks: Array(0)}
15:56:29.957 CallModal.tsx:2922 [CallModal] Previous audio element for cmeifml0h001okung0i95m8s6: false
15:56:29.958 CallModal.tsx:2931 [CallModal] Cleared previous srcObject for cmeifml0h001okung0i95m8s6
15:56:29.959 CallModal.tsx:2957 [CallModal] 🔄 Stream not ready, waiting...
15:56:29.959 CallModal.tsx:2961 [CallModal] ❌ Initial audio play failed for cmeifml0h001okung0i95m8s6: Error: Stream not ready
    at attemptPlay (CallModal.tsx:2958:37)
    at ref (CallModal.tsx:2999:25)
    at commitAttachRef (react-dom.development.js:21677:37)
    at safelyAttachRef (react-dom.development.js:20803:5)
    at commitLayoutEffectOnFiber (react-dom.development.js:21498:11)
    at recursivelyTraverseLayoutEffects (react-dom.development.js:22926:7)
    at commitLayoutEffectOnFiber (react-dom.development.js:21577:9)
    at recursivelyTraverseLayoutEffects (react-dom.development.js:22926:7)
    at commitLayoutEffectOnFiber (react-dom.development.js:21488:9)
    at recursivelyTraverseLayoutEffects (react-dom.development.js:22926:7)
    at commitLayoutEffectOnFiber (react-dom.development.js:21488:9)
    at recursivelyTraverseLayoutEffects (react-dom.development.js:22926:7)
    at commitLayoutEffectOnFiber (react-dom.development.js:21488:9)
    at recursivelyTraverseLayoutEffects (react-dom.development.js:22926:7)
    at commitLayoutEffectOnFiber (react-dom.development.js:21488:9)
    at recursivelyTraverseLayoutEffects (react-dom.development.js:22926:7)
    at commitLayoutEffectOnFiber (react-dom.development.js:21407:9)
    at recursivelyTraverseLayoutEffects (react-dom.development.js:22926:7)
    at commitLayoutEffectOnFiber (react-dom.development.js:21407:9)
    at recursivelyTraverseLayoutEffects (react-dom.development.js:22926:7)
    at commitLayoutEffectOnFiber (react-dom.development.js:21577:9)
    at recursivelyTraverseLayoutEffects (react-dom.development.js:22926:7)
    at commitLayoutEffectOnFiber (react-dom.development.js:21407:9)
    at recursivelyTraverseLayoutEffects (react-dom.development.js:22926:7)
    at commitLayoutEffectOnFiber (react-dom.development.js:21577:9)
    at recursivelyTraverseLayoutEffects (react-dom.development.js:22926:7)
    at commitLayoutEffectOnFiber (react-dom.development.js:21407:9)
    at recursivelyTraverseLayoutEffects (react-dom.development.js:22926:7)
    at commitLayoutEffectOnFiber (react-dom.development.js:21577:9)
    at recursivelyTraverseLayoutEffects (react-dom.development.js:22926:7)
    at commitLayoutEffectOnFiber (react-dom.development.js:21407:9)
    at recursivelyTraverseLayoutEffects (react-dom.development.js:22926:7)
    at commitLayoutEffectOnFiber (react-dom.development.js:21577:9)
    at recursivelyTraverseLayoutEffects (react-dom.development.js:22926:7)
    at commitLayoutEffectOnFiber (react-dom.development.js:21407:9)
    at recursivelyTraverseLayoutEffects (react-dom.development.js:22926:7)
    at commitLayoutEffectOnFiber (react-dom.development.js:21407:9)
    at recursivelyTraverseLayoutEffects (react-dom.development.js:22926:7)
    at commitLayoutEffectOnFiber (react-dom.development.js:21488:9)
    at recursivelyTraverseLayoutEffects (react-dom.development.js:22926:7)
    at commitLayoutEffectOnFiber (react-dom.development.js:21488:9)
    at recursivelyTraverseLayoutEffects (react-dom.development.js:22926:7)
    at commitLayoutEffectOnFiber (react-dom.development.js:21577:9)
    at recursivelyTraverseLayoutEffects (react-dom.development.js:22926:7)
    at commitLayoutEffectOnFiber (react-dom.development.js:21577:9)
    at recursivelyTraverseLayoutEffects (react-dom.development.js:22926:7)
    at commitLayoutEffectOnFiber (react-dom.development.js:21418:9)
    at recursivelyTraverseLayoutEffects (react-dom.development.js:22926:7)
    at commitLayoutEffectOnFiber (react-dom.development.js:21407:9)
    at recursivelyTraverseLayoutEffects (react-dom.development.js:22926:7)
attemptPlay @ CallModal.tsx:2961
ref @ CallModal.tsx:2999
commitAttachRef @ react-dom.development.js:21677
safelyAttachRef @ react-dom.development.js:20803
commitLayoutEffectOnFiber @ react-dom.development.js:21498
recursivelyTraverseLayoutEffects @ react-dom.development.js:22926
commitLayoutEffectOnFiber @ react-dom.development.js:21577
recursivelyTraverseLayoutEffects @ react-dom.development.js:22926
commitLayoutEffectOnFiber @ react-dom.development.js:21488
recursivelyTraverseLayoutEffects @ react-dom.development.js:22926
commitLayoutEffectOnFiber @ react-dom.development.js:21488
recursivelyTraverseLayoutEffects @ react-dom.development.js:22926
commitLayoutEffectOnFiber @ react-dom.development.js:21488
recursivelyTraverseLayoutEffects @ react-dom.development.js:22926
commitLayoutEffectOnFiber @ react-dom.development.js:21488
recursivelyTraverseLayoutEffects @ react-dom.development.js:22926
commitLayoutEffectOnFiber @ react-dom.development.js:21407
recursivelyTraverseLayoutEffects @ react-dom.development.js:22926
commitLayoutEffectOnFiber @ react-dom.development.js:21407
recursivelyTraverseLayoutEffects @ react-dom.development.js:22926
commitLayoutEffectOnFiber @ react-dom.development.js:21577
recursivelyTraverseLayoutEffects @ react-dom.development.js:22926
commitLayoutEffectOnFiber @ react-dom.development.js:21407
recursivelyTraverseLayoutEffects @ react-dom.development.js:22926
commitLayoutEffectOnFiber @ react-dom.development.js:21577
recursivelyTraverseLayoutEffects @ react-dom.development.js:22926
commitLayoutEffectOnFiber @ react-dom.development.js:21407
recursivelyTraverseLayoutEffects @ react-dom.development.js:22926
commitLayoutEffectOnFiber @ react-dom.development.js:21577
recursivelyTraverseLayoutEffects @ react-dom.development.js:22926
commitLayoutEffectOnFiber @ react-dom.development.js:21407
recursivelyTraverseLayoutEffects @ react-dom.development.js:22926
commitLayoutEffectOnFiber @ react-dom.development.js:21577
recursivelyTraverseLayoutEffects @ react-dom.development.js:22926
commitLayoutEffectOnFiber @ react-dom.development.js:21407
recursivelyTraverseLayoutEffects @ react-dom.development.js:22926
commitLayoutEffectOnFiber @ react-dom.development.js:21407
recursivelyTraverseLayoutEffects @ react-dom.development.js:22926
commitLayoutEffectOnFiber @ react-dom.development.js:21488
recursivelyTraverseLayoutEffects @ react-dom.development.js:22926
commitLayoutEffectOnFiber @ react-dom.development.js:21488
recursivelyTraverseLayoutEffects @ react-dom.development.js:22926
commitLayoutEffectOnFiber @ react-dom.development.js:21577
recursivelyTraverseLayoutEffects @ react-dom.development.js:22926
commitLayoutEffectOnFiber @ react-dom.development.js:21577
recursivelyTraverseLayoutEffects @ react-dom.development.js:22926
commitLayoutEffectOnFiber @ react-dom.development.js:21418
recursivelyTraverseLayoutEffects @ react-dom.development.js:22926
commitLayoutEffectOnFiber @ react-dom.development.js:21407
recursivelyTraverseLayoutEffects @ react-dom.development.js:22926
commitLayoutEffectOnFiber @ react-dom.development.js:21577
recursivelyTraverseLayoutEffects @ react-dom.development.js:22926
commitLayoutEffectOnFiber @ react-dom.development.js:21418
recursivelyTraverseLayoutEffects @ react-dom.development.js:22926
commitLayoutEffectOnFiber @ react-dom.development.js:21407
recursivelyTraverseLayoutEffects @ react-dom.development.js:22926
commitLayoutEffectOnFiber @ react-dom.development.js:21407
recursivelyTraverseLayoutEffects @ react-dom.development.js:22926
commitLayoutEffectOnFiber @ react-dom.development.js:21418
recursivelyTraverseLayoutEffects @ react-dom.development.js:22926
commitLayoutEffectOnFiber @ react-dom.development.js:21407
recursivelyTraverseLayoutEffects @ react-dom.development.js:22926
commitLayoutEffectOnFiber @ react-dom.development.js:21577
recursivelyTraverseLayoutEffects @ react-dom.development.js:22926
commitLayoutEffectOnFiber @ react-dom.development.js:21577
recursivelyTraverseLayoutEffects @ react-dom.development.js:22926
commitLayoutEffectOnFiber @ react-dom.development.js:21577
recursivelyTraverseLayoutEffects @ react-dom.development.js:22926
commitLayoutEffectOnFiber @ react-dom.development.js:21577
recursivelyTraverseLayoutEffects @ react-dom.development.js:22926
commitLayoutEffectOnFiber @ react-dom.development.js:21577
recursivelyTraverseLayoutEffects @ react-dom.development.js:22926
commitLayoutEffectOnFiber @ react-dom.development.js:21577
recursivelyTraverseLayoutEffects @ react-dom.development.js:22926
commitLayoutEffectOnFiber @ react-dom.development.js:21407
recursivelyTraverseLayoutEffects @ react-dom.development.js:22926
commitLayoutEffectOnFiber @ react-dom.development.js:21418
recursivelyTraverseLayoutEffects @ react-dom.development.js:22926
commitLayoutEffectOnFiber @ react-dom.development.js:21407
recursivelyTraverseLayoutEffects @ react-dom.development.js:22926
commitLayoutEffectOnFiber @ react-dom.development.js:21407
recursivelyTraverseLayoutEffects @ react-dom.development.js:22926
commitLayoutEffectOnFiber @ react-dom.development.js:21407
recursivelyTraverseLayoutEffects @ react-dom.development.js:22926
commitLayoutEffectOnFiber @ react-dom.development.js:21407
recursivelyTraverseLayoutEffects @ react-dom.development.js:22926
commitLayoutEffectOnFiber @ react-dom.development.js:21577
recursivelyTraverseLayoutEffects @ react-dom.development.js:22926
commitLayoutEffectOnFiber @ react-dom.development.js:21577
recursivelyTraverseLayoutEffects @ react-dom.development.js:22926
commitLayoutEffectOnFiber @ react-dom.development.js:21577
recursivelyTraverseLayoutEffects @ react-dom.development.js:22926
commitLayoutEffectOnFiber @ react-dom.development.js:21437
commitLayoutEffects @ react-dom.development.js:22912
commitRootImpl @ react-dom.development.js:26226
commitRoot @ react-dom.development.js:26077
commitRootWhenReady @ react-dom.development.js:24749
finishConcurrentRender @ react-dom.development.js:24714
performConcurrentWorkOnRoot @ react-dom.development.js:24559
workLoop @ scheduler.development.js:256
flushWork @ scheduler.development.js:225
performWorkUntilDeadline @ scheduler.development.js:534
15:56:29.960 CallModal.tsx:2965 [CallModal] 🔄 Waiting for stream to become active for cmeifml0h001okung0i95m8s6
15:56:29.972 useVoiceActivity.ts:22 [VoiceActivity] Effect triggered: {hasStream: true, streamId: '34fa4aea-da9c-415d-afda-d1f0034b119c', audioTracks: 0, threshold: -40}
15:56:29.972 useVoiceActivity.ts:37 [VoiceActivity] No audio tracks in stream, cleaning up
15:56:29.973 useVoiceActivity.ts:22 [VoiceActivity] Effect triggered: {hasStream: true, streamId: '34fa4aea-da9c-415d-afda-d1f0034b119c', audioTracks: 0, threshold: -40}
15:56:29.973 useVoiceActivity.ts:37 [VoiceActivity] No audio tracks in stream, cleaning up
15:56:29.975 CallModal.tsx:1425 [CallModal] Skipping connection verification - no WebRTC or participants
15:56:29.986 CallModal.tsx:62 [CallModal] Rendered - voice call opened
15:56:29.987 CallModal.tsx:62 [CallModal] Rendered - voice call opened
15:56:29.999 CallModal.tsx:62 [CallModal] Rendered - voice call opened
15:56:30.000 CallModal.tsx:62 [CallModal] Rendered - voice call opened
15:56:30.001 CallModal.tsx:2611 [VoiceParticipant] Tester voice activity debug: {participantId: 'cmeifml0h001okung0i95m8s6', hasOriginalStream: true, hasLatestStream: true, streamActive: false, audioTracksCount: 0, …}
15:56:30.002 CallModal.tsx:2907 [CallModal] 🔊 Setting up audio element for participant cmeifml0h001okung0i95m8s6
15:56:30.003 CallModal.tsx:2908 [CallModal] Stream details: {id: '34fa4aea-da9c-415d-afda-d1f0034b119c', active: false, audioTracks: Array(0)}
15:56:30.003 CallModal.tsx:2922 [CallModal] Previous audio element for cmeifml0h001okung0i95m8s6: false
15:56:30.004 CallModal.tsx:2931 [CallModal] Cleared previous srcObject for cmeifml0h001okung0i95m8s6
15:56:30.005 CallModal.tsx:2957 [CallModal] 🔄 Stream not ready, waiting...
15:56:30.006 CallModal.tsx:2961 [CallModal] ❌ Initial audio play failed for cmeifml0h001okung0i95m8s6: Error: Stream not ready
    at attemptPlay (CallModal.tsx:2958:37)
    at ref (CallModal.tsx:2999:25)
    at commitAttachRef (react-dom.development.js:21677:37)
    at safelyAttachRef (react-dom.development.js:20803:5)
    at commitLayoutEffectOnFiber (react-dom.development.js:21498:11)
    at recursivelyTraverseLayoutEffects (react-dom.development.js:22926:7)
    at commitLayoutEffectOnFiber (react-dom.development.js:21577:9)
    at recursivelyTraverseLayoutEffects (react-dom.development.js:22926:7)
    at commitLayoutEffectOnFiber (react-dom.development.js:21488:9)
    at recursivelyTraverseLayoutEffects (react-dom.development.js:22926:7)
    at commitLayoutEffectOnFiber (react-dom.development.js:21488:9)
    at recursivelyTraverseLayoutEffects (react-dom.development.js:22926:7)
    at commitLayoutEffectOnFiber (react-dom.development.js:21488:9)
    at recursivelyTraverseLayoutEffects (react-dom.development.js:22926:7)
    at commitLayoutEffectOnFiber (react-dom.development.js:21488:9)
    at recursivelyTraverseLayoutEffects (react-dom.development.js:22926:7)
    at commitLayoutEffectOnFiber (react-dom.development.js:21407:9)
    at recursivelyTraverseLayoutEffects (react-dom.development.js:22926:7)
    at commitLayoutEffectOnFiber (react-dom.development.js:21407:9)
    at recursivelyTraverseLayoutEffects (react-dom.development.js:22926:7)
    at commitLayoutEffectOnFiber (react-dom.development.js:21577:9)
    at recursivelyTraverseLayoutEffects (react-dom.development.js:22926:7)
    at commitLayoutEffectOnFiber (react-dom.development.js:21407:9)
    at recursivelyTraverseLayoutEffects (react-dom.development.js:22926:7)
    at commitLayoutEffectOnFiber (react-dom.development.js:21577:9)
    at recursivelyTraverseLayoutEffects (react-dom.development.js:22926:7)
    at commitLayoutEffectOnFiber (react-dom.development.js:21407:9)
    at recursivelyTraverseLayoutEffects (react-dom.development.js:22926:7)
    at commitLayoutEffectOnFiber (react-dom.development.js:21577:9)
    at recursivelyTraverseLayoutEffects (react-dom.development.js:22926:7)
    at commitLayoutEffectOnFiber (react-dom.development.js:21407:9)
    at recursivelyTraverseLayoutEffects (react-dom.development.js:22926:7)
    at commitLayoutEffectOnFiber (react-dom.development.js:21577:9)
    at recursivelyTraverseLayoutEffects (react-dom.development.js:22926:7)
    at commitLayoutEffectOnFiber (react-dom.development.js:21407:9)
    at recursivelyTraverseLayoutEffects (react-dom.development.js:22926:7)
    at commitLayoutEffectOnFiber (react-dom.development.js:21407:9)
    at recursivelyTraverseLayoutEffects (react-dom.development.js:22926:7)
    at commitLayoutEffectOnFiber (react-dom.development.js:21488:9)
    at recursivelyTraverseLayoutEffects (react-dom.development.js:22926:7)
    at commitLayoutEffectOnFiber (react-dom.development.js:21488:9)
    at recursivelyTraverseLayoutEffects (react-dom.development.js:22926:7)
    at commitLayoutEffectOnFiber (react-dom.development.js:21577:9)
    at recursivelyTraverseLayoutEffects (react-dom.development.js:22926:7)
    at commitLayoutEffectOnFiber (react-dom.development.js:21577:9)
    at recursivelyTraverseLayoutEffects (react-dom.development.js:22926:7)
    at commitLayoutEffectOnFiber (react-dom.development.js:21418:9)
    at recursivelyTraverseLayoutEffects (react-dom.development.js:22926:7)
    at commitLayoutEffectOnFiber (react-dom.development.js:21407:9)
    at recursivelyTraverseLayoutEffects (react-dom.development.js:22926:7)
attemptPlay @ CallModal.tsx:2961
ref @ CallModal.tsx:2999
commitAttachRef @ react-dom.development.js:21677
safelyAttachRef @ react-dom.development.js:20803
commitLayoutEffectOnFiber @ react-dom.development.js:21498
recursivelyTraverseLayoutEffects @ react-dom.development.js:22926
commitLayoutEffectOnFiber @ react-dom.development.js:21577
recursivelyTraverseLayoutEffects @ react-dom.development.js:22926
commitLayoutEffectOnFiber @ react-dom.development.js:21488
recursivelyTraverseLayoutEffects @ react-dom.development.js:22926
commitLayoutEffectOnFiber @ react-dom.development.js:21488
recursivelyTraverseLayoutEffects @ react-dom.development.js:22926
commitLayoutEffectOnFiber @ react-dom.development.js:21488
recursivelyTraverseLayoutEffects @ react-dom.development.js:22926
commitLayoutEffectOnFiber @ react-dom.development.js:21488
recursivelyTraverseLayoutEffects @ react-dom.development.js:22926
commitLayoutEffectOnFiber @ react-dom.development.js:21407
recursivelyTraverseLayoutEffects @ react-dom.development.js:22926
commitLayoutEffectOnFiber @ react-dom.development.js:21407
recursivelyTraverseLayoutEffects @ react-dom.development.js:22926
commitLayoutEffectOnFiber @ react-dom.development.js:21577
recursivelyTraverseLayoutEffects @ react-dom.development.js:22926
commitLayoutEffectOnFiber @ react-dom.development.js:21407
recursivelyTraverseLayoutEffects @ react-dom.development.js:22926
commitLayoutEffectOnFiber @ react-dom.development.js:21577
recursivelyTraverseLayoutEffects @ react-dom.development.js:22926
commitLayoutEffectOnFiber @ react-dom.development.js:21407
recursivelyTraverseLayoutEffects @ react-dom.development.js:22926
commitLayoutEffectOnFiber @ react-dom.development.js:21577
recursivelyTraverseLayoutEffects @ react-dom.development.js:22926
commitLayoutEffectOnFiber @ react-dom.development.js:21407
recursivelyTraverseLayoutEffects @ react-dom.development.js:22926
commitLayoutEffectOnFiber @ react-dom.development.js:21577
recursivelyTraverseLayoutEffects @ react-dom.development.js:22926
commitLayoutEffectOnFiber @ react-dom.development.js:21407
recursivelyTraverseLayoutEffects @ react-dom.development.js:22926
commitLayoutEffectOnFiber @ react-dom.development.js:21407
recursivelyTraverseLayoutEffects @ react-dom.development.js:22926
commitLayoutEffectOnFiber @ react-dom.development.js:21488
recursivelyTraverseLayoutEffects @ react-dom.development.js:22926
commitLayoutEffectOnFiber @ react-dom.development.js:21488
recursivelyTraverseLayoutEffects @ react-dom.development.js:22926
commitLayoutEffectOnFiber @ react-dom.development.js:21577
recursivelyTraverseLayoutEffects @ react-dom.development.js:22926
commitLayoutEffectOnFiber @ react-dom.development.js:21577
recursivelyTraverseLayoutEffects @ react-dom.development.js:22926
commitLayoutEffectOnFiber @ react-dom.development.js:21418
recursivelyTraverseLayoutEffects @ react-dom.development.js:22926
commitLayoutEffectOnFiber @ react-dom.development.js:21407
recursivelyTraverseLayoutEffects @ react-dom.development.js:22926
commitLayoutEffectOnFiber @ react-dom.development.js:21577
recursivelyTraverseLayoutEffects @ react-dom.development.js:22926
commitLayoutEffectOnFiber @ react-dom.development.js:21418
recursivelyTraverseLayoutEffects @ react-dom.development.js:22926
commitLayoutEffectOnFiber @ react-dom.development.js:21407
recursivelyTraverseLayoutEffects @ react-dom.development.js:22926
commitLayoutEffectOnFiber @ react-dom.development.js:21407
recursivelyTraverseLayoutEffects @ react-dom.development.js:22926
commitLayoutEffectOnFiber @ react-dom.development.js:21418
recursivelyTraverseLayoutEffects @ react-dom.development.js:22926
commitLayoutEffectOnFiber @ react-dom.development.js:21407
recursivelyTraverseLayoutEffects @ react-dom.development.js:22926
commitLayoutEffectOnFiber @ react-dom.development.js:21577
recursivelyTraverseLayoutEffects @ react-dom.development.js:22926
commitLayoutEffectOnFiber @ react-dom.development.js:21577
recursivelyTraverseLayoutEffects @ react-dom.development.js:22926
commitLayoutEffectOnFiber @ react-dom.development.js:21577
recursivelyTraverseLayoutEffects @ react-dom.development.js:22926
commitLayoutEffectOnFiber @ react-dom.development.js:21577
recursivelyTraverseLayoutEffects @ react-dom.development.js:22926
commitLayoutEffectOnFiber @ react-dom.development.js:21577
recursivelyTraverseLayoutEffects @ react-dom.development.js:22926
commitLayoutEffectOnFiber @ react-dom.development.js:21577
recursivelyTraverseLayoutEffects @ react-dom.development.js:22926
commitLayoutEffectOnFiber @ react-dom.development.js:21407
recursivelyTraverseLayoutEffects @ react-dom.development.js:22926
commitLayoutEffectOnFiber @ react-dom.development.js:21418
recursivelyTraverseLayoutEffects @ react-dom.development.js:22926
commitLayoutEffectOnFiber @ react-dom.development.js:21407
recursivelyTraverseLayoutEffects @ react-dom.development.js:22926
commitLayoutEffectOnFiber @ react-dom.development.js:21407
recursivelyTraverseLayoutEffects @ react-dom.development.js:22926
commitLayoutEffectOnFiber @ react-dom.development.js:21407
recursivelyTraverseLayoutEffects @ react-dom.development.js:22926
commitLayoutEffectOnFiber @ react-dom.development.js:21407
recursivelyTraverseLayoutEffects @ react-dom.development.js:22926
commitLayoutEffectOnFiber @ react-dom.development.js:21577
recursivelyTraverseLayoutEffects @ react-dom.development.js:22926
commitLayoutEffectOnFiber @ react-dom.development.js:21577
recursivelyTraverseLayoutEffects @ react-dom.development.js:22926
commitLayoutEffectOnFiber @ react-dom.development.js:21577
recursivelyTraverseLayoutEffects @ react-dom.development.js:22926
commitLayoutEffectOnFiber @ react-dom.development.js:21437
commitLayoutEffects @ react-dom.development.js:22912
commitRootImpl @ react-dom.development.js:26226
commitRoot @ react-dom.development.js:26077
commitRootWhenReady @ react-dom.development.js:24749
finishConcurrentRender @ react-dom.development.js:24714
performConcurrentWorkOnRoot @ react-dom.development.js:24559
workLoop @ scheduler.development.js:256
flushWork @ scheduler.development.js:225
performWorkUntilDeadline @ scheduler.development.js:534
15:56:30.006 CallModal.tsx:2965 [CallModal] 🔄 Waiting for stream to become active for cmeifml0h001okung0i95m8s6
15:56:30.007 CallModal.tsx:1425 [CallModal] Skipping connection verification - no WebRTC or participants
15:56:30.012 useVoiceActivity.ts:22 [VoiceActivity] Effect triggered: {hasStream: true, streamId: '34fa4aea-da9c-415d-afda-d1f0034b119c', audioTracks: 0, threshold: -40}
15:56:30.012 useVoiceActivity.ts:37 [VoiceActivity] No audio tracks in stream, cleaning up
15:56:30.012 useVoiceActivity.ts:22 [VoiceActivity] Effect triggered: {hasStream: true, streamId: '34fa4aea-da9c-415d-afda-d1f0034b119c', audioTracks: 0, threshold: -40}
15:56:30.013 useVoiceActivity.ts:37 [VoiceActivity] No audio tracks in stream, cleaning up
15:56:30.013 CallModal.tsx:62 [CallModal] Rendered - voice call opened
15:56:30.013 CallModal.tsx:62 [CallModal] Rendered - voice call opened
15:56:30.681 useVoiceActivity.ts:81 [VoiceActivity] Volume analysis: {average: '4.5', volume: '-35.1', threshold: -50, speaking: false, streamActive: true, …}
15:56:30.759 useVoiceActivity.ts:81 [VoiceActivity] Volume analysis: {average: '4.7', volume: '-34.8', threshold: -50, speaking: false, streamActive: true, …}
15:56:30.933 CallModal.tsx:227 [CallModal] Updated peer connections for performance monitoring: 2
15:56:30.933 CallModal.tsx:228 [CallModal] Peer connection participants: (2) ['cmeifml0h001okung0i95m8s6', 'cmeifn5qp002dkunge64m0xss']
15:56:30.933 CallModal.tsx:62 [CallModal] Rendered - voice call opened
15:56:30.934 CallModal.tsx:62 [CallModal] Rendered - voice call opened
15:56:30.934 CallModal.tsx:2611 [VoiceParticipant] Tester voice activity debug: {participantId: 'cmeifml0h001okung0i95m8s6', hasOriginalStream: true, hasLatestStream: true, streamActive: false, audioTracksCount: 0, …}
15:56:30.936 CallModal.tsx:2907 [CallModal] 🔊 Setting up audio element for participant cmeifml0h001okung0i95m8s6
15:56:30.936 CallModal.tsx:2908 [CallModal] Stream details: {id: '34fa4aea-da9c-415d-afda-d1f0034b119c', active: false, audioTracks: Array(0)}
15:56:30.937 CallModal.tsx:2922 [CallModal] Previous audio element for cmeifml0h001okung0i95m8s6: false
15:56:30.937 CallModal.tsx:2931 [CallModal] Cleared previous srcObject for cmeifml0h001okung0i95m8s6
15:56:30.938 CallModal.tsx:2957 [CallModal] 🔄 Stream not ready, waiting...
15:56:30.938 CallModal.tsx:2961 [CallModal] ❌ Initial audio play failed for cmeifml0h001okung0i95m8s6: Error: Stream not ready
    at attemptPlay (CallModal.tsx:2958:37)
    at ref (CallModal.tsx:2999:25)
    at commitAttachRef (react-dom.development.js:21677:37)
    at safelyAttachRef (react-dom.development.js:20803:5)
    at commitLayoutEffectOnFiber (react-dom.development.js:21498:11)
    at recursivelyTraverseLayoutEffects (react-dom.development.js:22926:7)
    at commitLayoutEffectOnFiber (react-dom.development.js:21577:9)
    at recursivelyTraverseLayoutEffects (react-dom.development.js:22926:7)
    at commitLayoutEffectOnFiber (react-dom.development.js:21488:9)
    at recursivelyTraverseLayoutEffects (react-dom.development.js:22926:7)
    at commitLayoutEffectOnFiber (react-dom.development.js:21488:9)
    at recursivelyTraverseLayoutEffects (react-dom.development.js:22926:7)
    at commitLayoutEffectOnFiber (react-dom.development.js:21488:9)
    at recursivelyTraverseLayoutEffects (react-dom.development.js:22926:7)
    at commitLayoutEffectOnFiber (react-dom.development.js:21488:9)
    at recursivelyTraverseLayoutEffects (react-dom.development.js:22926:7)
    at commitLayoutEffectOnFiber (react-dom.development.js:21407:9)
    at recursivelyTraverseLayoutEffects (react-dom.development.js:22926:7)
    at commitLayoutEffectOnFiber (react-dom.development.js:21407:9)
    at recursivelyTraverseLayoutEffects (react-dom.development.js:22926:7)
    at commitLayoutEffectOnFiber (react-dom.development.js:21577:9)
    at recursivelyTraverseLayoutEffects (react-dom.development.js:22926:7)
    at commitLayoutEffectOnFiber (react-dom.development.js:21407:9)
    at recursivelyTraverseLayoutEffects (react-dom.development.js:22926:7)
    at commitLayoutEffectOnFiber (react-dom.development.js:21577:9)
    at recursivelyTraverseLayoutEffects (react-dom.development.js:22926:7)
    at commitLayoutEffectOnFiber (react-dom.development.js:21407:9)
    at recursivelyTraverseLayoutEffects (react-dom.development.js:22926:7)
    at commitLayoutEffectOnFiber (react-dom.development.js:21577:9)
    at recursivelyTraverseLayoutEffects (react-dom.development.js:22926:7)
    at commitLayoutEffectOnFiber (react-dom.development.js:21407:9)
    at recursivelyTraverseLayoutEffects (react-dom.development.js:22926:7)
    at commitLayoutEffectOnFiber (react-dom.development.js:21577:9)
    at recursivelyTraverseLayoutEffects (react-dom.development.js:22926:7)
    at commitLayoutEffectOnFiber (react-dom.development.js:21407:9)
    at recursivelyTraverseLayoutEffects (react-dom.development.js:22926:7)
    at commitLayoutEffectOnFiber (react-dom.development.js:21407:9)
    at recursivelyTraverseLayoutEffects (react-dom.development.js:22926:7)
    at commitLayoutEffectOnFiber (react-dom.development.js:21488:9)
    at recursivelyTraverseLayoutEffects (react-dom.development.js:22926:7)
    at commitLayoutEffectOnFiber (react-dom.development.js:21488:9)
    at recursivelyTraverseLayoutEffects (react-dom.development.js:22926:7)
    at commitLayoutEffectOnFiber (react-dom.development.js:21577:9)
    at recursivelyTraverseLayoutEffects (react-dom.development.js:22926:7)
    at commitLayoutEffectOnFiber (react-dom.development.js:21577:9)
    at recursivelyTraverseLayoutEffects (react-dom.development.js:22926:7)
    at commitLayoutEffectOnFiber (react-dom.development.js:21418:9)
    at recursivelyTraverseLayoutEffects (react-dom.development.js:22926:7)
    at commitLayoutEffectOnFiber (react-dom.development.js:21407:9)
    at recursivelyTraverseLayoutEffects (react-dom.development.js:22926:7)
attemptPlay @ CallModal.tsx:2961
ref @ CallModal.tsx:2999
commitAttachRef @ react-dom.development.js:21677
safelyAttachRef @ react-dom.development.js:20803
commitLayoutEffectOnFiber @ react-dom.development.js:21498
recursivelyTraverseLayoutEffects @ react-dom.development.js:22926
commitLayoutEffectOnFiber @ react-dom.development.js:21577
recursivelyTraverseLayoutEffects @ react-dom.development.js:22926
commitLayoutEffectOnFiber @ react-dom.development.js:21488
recursivelyTraverseLayoutEffects @ react-dom.development.js:22926
commitLayoutEffectOnFiber @ react-dom.development.js:21488
recursivelyTraverseLayoutEffects @ react-dom.development.js:22926
commitLayoutEffectOnFiber @ react-dom.development.js:21488
recursivelyTraverseLayoutEffects @ react-dom.development.js:22926
commitLayoutEffectOnFiber @ react-dom.development.js:21488
recursivelyTraverseLayoutEffects @ react-dom.development.js:22926
commitLayoutEffectOnFiber @ react-dom.development.js:21407
recursivelyTraverseLayoutEffects @ react-dom.development.js:22926
commitLayoutEffectOnFiber @ react-dom.development.js:21407
recursivelyTraverseLayoutEffects @ react-dom.development.js:22926
commitLayoutEffectOnFiber @ react-dom.development.js:21577
recursivelyTraverseLayoutEffects @ react-dom.development.js:22926
commitLayoutEffectOnFiber @ react-dom.development.js:21407
recursivelyTraverseLayoutEffects @ react-dom.development.js:22926
commitLayoutEffectOnFiber @ react-dom.development.js:21577
recursivelyTraverseLayoutEffects @ react-dom.development.js:22926
commitLayoutEffectOnFiber @ react-dom.development.js:21407
recursivelyTraverseLayoutEffects @ react-dom.development.js:22926
commitLayoutEffectOnFiber @ react-dom.development.js:21577
recursivelyTraverseLayoutEffects @ react-dom.development.js:22926
commitLayoutEffectOnFiber @ react-dom.development.js:21407
recursivelyTraverseLayoutEffects @ react-dom.development.js:22926
commitLayoutEffectOnFiber @ react-dom.development.js:21577
recursivelyTraverseLayoutEffects @ react-dom.development.js:22926
commitLayoutEffectOnFiber @ react-dom.development.js:21407
recursivelyTraverseLayoutEffects @ react-dom.development.js:22926
commitLayoutEffectOnFiber @ react-dom.development.js:21407
recursivelyTraverseLayoutEffects @ react-dom.development.js:22926
commitLayoutEffectOnFiber @ react-dom.development.js:21488
recursivelyTraverseLayoutEffects @ react-dom.development.js:22926
commitLayoutEffectOnFiber @ react-dom.development.js:21488
recursivelyTraverseLayoutEffects @ react-dom.development.js:22926
commitLayoutEffectOnFiber @ react-dom.development.js:21577
recursivelyTraverseLayoutEffects @ react-dom.development.js:22926
commitLayoutEffectOnFiber @ react-dom.development.js:21577
recursivelyTraverseLayoutEffects @ react-dom.development.js:22926
commitLayoutEffectOnFiber @ react-dom.development.js:21418
recursivelyTraverseLayoutEffects @ react-dom.development.js:22926
commitLayoutEffectOnFiber @ react-dom.development.js:21407
recursivelyTraverseLayoutEffects @ react-dom.development.js:22926
commitLayoutEffectOnFiber @ react-dom.development.js:21577
recursivelyTraverseLayoutEffects @ react-dom.development.js:22926
commitLayoutEffectOnFiber @ react-dom.development.js:21418
recursivelyTraverseLayoutEffects @ react-dom.development.js:22926
commitLayoutEffectOnFiber @ react-dom.development.js:21407
recursivelyTraverseLayoutEffects @ react-dom.development.js:22926
commitLayoutEffectOnFiber @ react-dom.development.js:21407
recursivelyTraverseLayoutEffects @ react-dom.development.js:22926
commitLayoutEffectOnFiber @ react-dom.development.js:21418
recursivelyTraverseLayoutEffects @ react-dom.development.js:22926
commitLayoutEffectOnFiber @ react-dom.development.js:21407
recursivelyTraverseLayoutEffects @ react-dom.development.js:22926
commitLayoutEffectOnFiber @ react-dom.development.js:21577
recursivelyTraverseLayoutEffects @ react-dom.development.js:22926
commitLayoutEffectOnFiber @ react-dom.development.js:21577
recursivelyTraverseLayoutEffects @ react-dom.development.js:22926
commitLayoutEffectOnFiber @ react-dom.development.js:21577
recursivelyTraverseLayoutEffects @ react-dom.development.js:22926
commitLayoutEffectOnFiber @ react-dom.development.js:21577
recursivelyTraverseLayoutEffects @ react-dom.development.js:22926
commitLayoutEffectOnFiber @ react-dom.development.js:21577
recursivelyTraverseLayoutEffects @ react-dom.development.js:22926
commitLayoutEffectOnFiber @ react-dom.development.js:21577
recursivelyTraverseLayoutEffects @ react-dom.development.js:22926
commitLayoutEffectOnFiber @ react-dom.development.js:21407
recursivelyTraverseLayoutEffects @ react-dom.development.js:22926
commitLayoutEffectOnFiber @ react-dom.development.js:21418
recursivelyTraverseLayoutEffects @ react-dom.development.js:22926
commitLayoutEffectOnFiber @ react-dom.development.js:21407
recursivelyTraverseLayoutEffects @ react-dom.development.js:22926
commitLayoutEffectOnFiber @ react-dom.development.js:21407
recursivelyTraverseLayoutEffects @ react-dom.development.js:22926
commitLayoutEffectOnFiber @ react-dom.development.js:21407
recursivelyTraverseLayoutEffects @ react-dom.development.js:22926
commitLayoutEffectOnFiber @ react-dom.development.js:21407
recursivelyTraverseLayoutEffects @ react-dom.development.js:22926
commitLayoutEffectOnFiber @ react-dom.development.js:21577
recursivelyTraverseLayoutEffects @ react-dom.development.js:22926
commitLayoutEffectOnFiber @ react-dom.development.js:21577
recursivelyTraverseLayoutEffects @ react-dom.development.js:22926
commitLayoutEffectOnFiber @ react-dom.development.js:21577
recursivelyTraverseLayoutEffects @ react-dom.development.js:22926
commitLayoutEffectOnFiber @ react-dom.development.js:21437
commitLayoutEffects @ react-dom.development.js:22912
commitRootImpl @ react-dom.development.js:26226
commitRoot @ react-dom.development.js:26077
commitRootWhenReady @ react-dom.development.js:24749
finishConcurrentRender @ react-dom.development.js:24714
performConcurrentWorkOnRoot @ react-dom.development.js:24559
workLoop @ scheduler.development.js:256
flushWork @ scheduler.development.js:225
performWorkUntilDeadline @ scheduler.development.js:534
15:56:30.939 CallModal.tsx:2965 [CallModal] 🔄 Waiting for stream to become active for cmeifml0h001okung0i95m8s6
15:56:30.940 useVoiceActivity.ts:22 [VoiceActivity] Effect triggered: {hasStream: true, streamId: '34fa4aea-da9c-415d-afda-d1f0034b119c', audioTracks: 0, threshold: -40}
15:56:30.940 useVoiceActivity.ts:37 [VoiceActivity] No audio tracks in stream, cleaning up
15:56:30.941 useCallPerformance.ts:242 [useCallPerformance] Connection states: (2) [{…}, {…}]
15:56:30.941 useCallPerformance.ts:246 [useCallPerformance] Starting monitoring for 2 valid connections
15:56:30.941  [VoiceActivity] Effect triggered: {hasStream: true, streamId: '34fa4aea-da9c-415d-afda-d1f0034b119c', audioTracks: 0, threshold: -40}
15:56:30.941  [VoiceActivity] No audio tracks in stream, cleaning up
15:56:30.941  [CallModal] Rendered - voice call opened
15:56:30.942  [CallModal] Rendered - voice call opened
15:56:30.943  [useCallPerformance] Network metrics: {audioPacketLoss: 0, videoPacketLoss: 0, videoFrameRate: 0, latency: 1, callType: 'voice'}
15:56:30.943  [useCallPerformance] No valid network data yet, assuming good quality
15:56:30.943  [CallModal] Rendered - voice call opened
15:56:30.944  [CallModal] Rendered - voice call opened
15:56:30.944  [VoiceParticipant] Tester voice activity debug: {participantId: 'cmeifml0h001okung0i95m8s6', hasOriginalStream: true, hasLatestStream: true, streamActive: false, audioTracksCount: 0, …}
15:56:30.945  [CallModal] 🔊 Setting up audio element for participant cmeifml0h001okung0i95m8s6
15:56:30.945  [CallModal] Stream details: {id: '34fa4aea-da9c-415d-afda-d1f0034b119c', active: false, audioTracks: Array(0)}
15:56:30.946  [CallModal] Previous audio element for cmeifml0h001okung0i95m8s6: false
15:56:30.947  [CallModal] Cleared previous srcObject for cmeifml0h001okung0i95m8s6
15:56:30.947  [CallModal] 🔄 Stream not ready, waiting...
15:56:30.948  [CallModal] ❌ Initial audio play failed for cmeifml0h001okung0i95m8s6: 
attemptPlay @ webpack-internal:///…/CallModal.tsx:3124
ref @ webpack-internal:///…/CallModal.tsx:3158
commitAttachRef @ webpack-internal:///…evelopment.js:21677
safelyAttachRef @ webpack-internal:///…evelopment.js:20803
commitLayoutEffectOnFiber @ webpack-internal:///…evelopment.js:21498
recursivelyTraverseLayoutEffects @ webpack-internal:///…evelopment.js:22926
commitLayoutEffectOnFiber @ webpack-internal:///…evelopment.js:21577
recursivelyTraverseLayoutEffects @ webpack-internal:///…evelopment.js:22926
commitLayoutEffectOnFiber @ webpack-internal:///…evelopment.js:21488
recursivelyTraverseLayoutEffects @ webpack-internal:///…evelopment.js:22926
commitLayoutEffectOnFiber @ webpack-internal:///…evelopment.js:21488
recursivelyTraverseLayoutEffects @ webpack-internal:///…evelopment.js:22926
commitLayoutEffectOnFiber @ webpack-internal:///…evelopment.js:21488
recursivelyTraverseLayoutEffects @ webpack-internal:///…evelopment.js:22926
commitLayoutEffectOnFiber @ webpack-internal:///…evelopment.js:21488
recursivelyTraverseLayoutEffects @ webpack-internal:///…evelopment.js:22926
commitLayoutEffectOnFiber @ webpack-internal:///…evelopment.js:21407
recursivelyTraverseLayoutEffects @ webpack-internal:///…evelopment.js:22926
commitLayoutEffectOnFiber @ webpack-internal:///…evelopment.js:21407
recursivelyTraverseLayoutEffects @ webpack-internal:///…evelopment.js:22926
commitLayoutEffectOnFiber @ webpack-internal:///…evelopment.js:21577
recursivelyTraverseLayoutEffects @ webpack-internal:///…evelopment.js:22926
commitLayoutEffectOnFiber @ webpack-internal:///…evelopment.js:21407
recursivelyTraverseLayoutEffects @ webpack-internal:///…evelopment.js:22926
commitLayoutEffectOnFiber @ webpack-internal:///…evelopment.js:21577
recursivelyTraverseLayoutEffects @ webpack-internal:///…evelopment.js:22926
commitLayoutEffectOnFiber @ webpack-internal:///…evelopment.js:21407
recursivelyTraverseLayoutEffects @ webpack-internal:///…evelopment.js:22926
commitLayoutEffectOnFiber @ webpack-internal:///…evelopment.js:21577
recursivelyTraverseLayoutEffects @ webpack-internal:///…evelopment.js:22926
commitLayoutEffectOnFiber @ webpack-internal:///…evelopment.js:21407
recursivelyTraverseLayoutEffects @ webpack-internal:///…evelopment.js:22926
commitLayoutEffectOnFiber @ webpack-internal:///…evelopment.js:21577
recursivelyTraverseLayoutEffects @ webpack-internal:///…evelopment.js:22926
commitLayoutEffectOnFiber @ webpack-internal:///…evelopment.js:21407
recursivelyTraverseLayoutEffects @ webpack-internal:///…evelopment.js:22926
commitLayoutEffectOnFiber @ webpack-internal:///…evelopment.js:21407
recursivelyTraverseLayoutEffects @ webpack-internal:///…evelopment.js:22926
commitLayoutEffectOnFiber @ webpack-internal:///…evelopment.js:21488
recursivelyTraverseLayoutEffects @ webpack-internal:///…evelopment.js:22926
commitLayoutEffectOnFiber @ webpack-internal:///…evelopment.js:21488
recursivelyTraverseLayoutEffects @ webpack-internal:///…evelopment.js:22926
commitLayoutEffectOnFiber @ webpack-internal:///…evelopment.js:21577
recursivelyTraverseLayoutEffects @ webpack-internal:///…evelopment.js:22926
commitLayoutEffectOnFiber @ webpack-internal:///…evelopment.js:21577
recursivelyTraverseLayoutEffects @ webpack-internal:///…evelopment.js:22926
commitLayoutEffectOnFiber @ webpack-internal:///…evelopment.js:21418
recursivelyTraverseLayoutEffects @ webpack-internal:///…evelopment.js:22926
commitLayoutEffectOnFiber @ webpack-internal:///…evelopment.js:21407
recursivelyTraverseLayoutEffects @ webpack-internal:///…evelopment.js:22926
commitLayoutEffectOnFiber @ webpack-internal:///…evelopment.js:21577
recursivelyTraverseLayoutEffects @ webpack-internal:///…evelopment.js:22926
commitLayoutEffectOnFiber @ webpack-internal:///…evelopment.js:21418
recursivelyTraverseLayoutEffects @ webpack-internal:///…evelopment.js:22926
commitLayoutEffectOnFiber @ webpack-internal:///…evelopment.js:21407
recursivelyTraverseLayoutEffects @ webpack-internal:///…evelopment.js:22926
commitLayoutEffectOnFiber @ webpack-internal:///…evelopment.js:21407
recursivelyTraverseLayoutEffects @ webpack-internal:///…evelopment.js:22926
commitLayoutEffectOnFiber @ webpack-internal:///…evelopment.js:21418
recursivelyTraverseLayoutEffects @ webpack-internal:///…evelopment.js:22926
commitLayoutEffectOnFiber @ webpack-internal:///…evelopment.js:21407
recursivelyTraverseLayoutEffects @ webpack-internal:///…evelopment.js:22926
commitLayoutEffectOnFiber @ webpack-internal:///…evelopment.js:21577
recursivelyTraverseLayoutEffects @ webpack-internal:///…evelopment.js:22926
commitLayoutEffectOnFiber @ webpack-internal:///…evelopment.js:21577
recursivelyTraverseLayoutEffects @ webpack-internal:///…evelopment.js:22926
commitLayoutEffectOnFiber @ webpack-internal:///…evelopment.js:21577
recursivelyTraverseLayoutEffects @ webpack-internal:///…evelopment.js:22926
commitLayoutEffectOnFiber @ webpack-internal:///…evelopment.js:21577
recursivelyTraverseLayoutEffects @ webpack-internal:///…evelopment.js:22926
commitLayoutEffectOnFiber @ webpack-internal:///…evelopment.js:21577
recursivelyTraverseLayoutEffects @ webpack-internal:///…evelopment.js:22926
commitLayoutEffectOnFiber @ webpack-internal:///…evelopment.js:21577
recursivelyTraverseLayoutEffects @ webpack-internal:///…evelopment.js:22926
commitLayoutEffectOnFiber @ webpack-internal:///…evelopment.js:21407
recursivelyTraverseLayoutEffects @ webpack-internal:///…evelopment.js:22926
commitLayoutEffectOnFiber @ webpack-internal:///…evelopment.js:21418
recursivelyTraverseLayoutEffects @ webpack-internal:///…evelopment.js:22926
commitLayoutEffectOnFiber @ webpack-internal:///…evelopment.js:21407
recursivelyTraverseLayoutEffects @ webpack-internal:///…evelopment.js:22926
commitLayoutEffectOnFiber @ webpack-internal:///…evelopment.js:21407
recursivelyTraverseLayoutEffects @ webpack-internal:///…evelopment.js:22926
commitLayoutEffectOnFiber @ webpack-internal:///…evelopment.js:21407
recursivelyTraverseLayoutEffects @ webpack-internal:///…evelopment.js:22926
commitLayoutEffectOnFiber @ webpack-internal:///…evelopment.js:21407
recursivelyTraverseLayoutEffects @ webpack-internal:///…evelopment.js:22926
commitLayoutEffectOnFiber @ webpack-internal:///…evelopment.js:21577
recursivelyTraverseLayoutEffects @ webpack-internal:///…evelopment.js:22926
commitLayoutEffectOnFiber @ webpack-internal:///…evelopment.js:21577
recursivelyTraverseLayoutEffects @ webpack-internal:///…evelopment.js:22926
commitLayoutEffectOnFiber @ webpack-internal:///…evelopment.js:21577
recursivelyTraverseLayoutEffects @ webpack-internal:///…evelopment.js:22926
commitLayoutEffectOnFiber @ webpack-internal:///…evelopment.js:21437
commitLayoutEffects @ webpack-internal:///…evelopment.js:22912
commitRootImpl @ webpack-internal:///…evelopment.js:26226
commitRoot @ webpack-internal:///…evelopment.js:26077
commitRootWhenReady @ webpack-internal:///…evelopment.js:24749
finishConcurrentRender @ webpack-internal:///…evelopment.js:24714
performConcurrentWorkOnRoot @ webpack-internal:///…evelopment.js:24559
workLoop @ webpack-internal:///….development.js:256
flushWork @ webpack-internal:///….development.js:225
performWorkUntilDeadline @ webpack-internal:///….development.js:534
15:56:30.948  [CallModal] 🔄 Waiting for stream to become active for cmeifml0h001okung0i95m8s6
15:56:30.951  [VoiceActivity] Effect triggered: {hasStream: true, streamId: '34fa4aea-da9c-415d-afda-d1f0034b119c', audioTracks: 0, threshold: -40}
15:56:30.951  [VoiceActivity] No audio tracks in stream, cleaning up
15:56:30.951  [VoiceActivity] Effect triggered: {hasStream: true, streamId: '34fa4aea-da9c-415d-afda-d1f0034b119c', audioTracks: 0, threshold: -40}
15:56:30.951  [VoiceActivity] No audio tracks in stream, cleaning up
15:56:30.952  [CallModal] Rendered - voice call opened
15:56:30.952  [CallModal] Rendered - voice call opened
15:56:31.000  [CallModal] Rendered - voice call opened
15:56:31.000  [CallModal] Rendered - voice call opened
15:56:31.001  [VoiceParticipant] Tester voice activity debug: {participantId: 'cmeifml0h001okung0i95m8s6', hasOriginalStream: true, hasLatestStream: true, streamActive: false, audioTracksCount: 0, …}
15:56:31.002  [CallModal] 🔊 Setting up audio element for participant cmeifml0h001okung0i95m8s6
15:56:31.002  [CallModal] Stream details: {id: '34fa4aea-da9c-415d-afda-d1f0034b119c', active: false, audioTracks: Array(0)}
15:56:31.003  [CallModal] Previous audio element for cmeifml0h001okung0i95m8s6: false
15:56:31.003  [CallModal] Cleared previous srcObject for cmeifml0h001okung0i95m8s6
15:56:31.004  [CallModal] 🔄 Stream not ready, waiting...
15:56:31.004  [CallModal] ❌ Initial audio play failed for cmeifml0h001okung0i95m8s6: 
attemptPlay @ webpack-internal:///…/CallModal.tsx:3124
ref @ webpack-internal:///…/CallModal.tsx:3158
commitAttachRef @ webpack-internal:///…evelopment.js:21677
safelyAttachRef @ webpack-internal:///…evelopment.js:20803
commitLayoutEffectOnFiber @ webpack-internal:///…evelopment.js:21498
recursivelyTraverseLayoutEffects @ webpack-internal:///…evelopment.js:22926
commitLayoutEffectOnFiber @ webpack-internal:///…evelopment.js:21577
recursivelyTraverseLayoutEffects @ webpack-internal:///…evelopment.js:22926
commitLayoutEffectOnFiber @ webpack-internal:///…evelopment.js:21488
recursivelyTraverseLayoutEffects @ webpack-internal:///…evelopment.js:22926
commitLayoutEffectOnFiber @ webpack-internal:///…evelopment.js:21488
recursivelyTraverseLayoutEffects @ webpack-internal:///…evelopment.js:22926
commitLayoutEffectOnFiber @ webpack-internal:///…evelopment.js:21488
recursivelyTraverseLayoutEffects @ webpack-internal:///…evelopment.js:22926
commitLayoutEffectOnFiber @ webpack-internal:///…evelopment.js:21488
recursivelyTraverseLayoutEffects @ webpack-internal:///…evelopment.js:22926
commitLayoutEffectOnFiber @ webpack-internal:///…evelopment.js:21407
recursivelyTraverseLayoutEffects @ webpack-internal:///…evelopment.js:22926
commitLayoutEffectOnFiber @ webpack-internal:///…evelopment.js:21407
recursivelyTraverseLayoutEffects @ webpack-internal:///…evelopment.js:22926
commitLayoutEffectOnFiber @ webpack-internal:///…evelopment.js:21577
recursivelyTraverseLayoutEffects @ webpack-internal:///…evelopment.js:22926
commitLayoutEffectOnFiber @ webpack-internal:///…evelopment.js:21407
recursivelyTraverseLayoutEffects @ webpack-internal:///…evelopment.js:22926
commitLayoutEffectOnFiber @ webpack-internal:///…evelopment.js:21577
recursivelyTraverseLayoutEffects @ webpack-internal:///…evelopment.js:22926
commitLayoutEffectOnFiber @ webpack-internal:///…evelopment.js:21407
recursivelyTraverseLayoutEffects @ webpack-internal:///…evelopment.js:22926
commitLayoutEffectOnFiber @ webpack-internal:///…evelopment.js:21577
recursivelyTraverseLayoutEffects @ webpack-internal:///…evelopment.js:22926
commitLayoutEffectOnFiber @ webpack-internal:///…evelopment.js:21407
recursivelyTraverseLayoutEffects @ webpack-internal:///…evelopment.js:22926
commitLayoutEffectOnFiber @ webpack-internal:///…evelopment.js:21577
recursivelyTraverseLayoutEffects @ webpack-internal:///…evelopment.js:22926
commitLayoutEffectOnFiber @ webpack-internal:///…evelopment.js:21407
recursivelyTraverseLayoutEffects @ webpack-internal:///…evelopment.js:22926
commitLayoutEffectOnFiber @ webpack-internal:///…evelopment.js:21407
recursivelyTraverseLayoutEffects @ webpack-internal:///…evelopment.js:22926
commitLayoutEffectOnFiber @ webpack-internal:///…evelopment.js:21488
recursivelyTraverseLayoutEffects @ webpack-internal:///…evelopment.js:22926
commitLayoutEffectOnFiber @ webpack-internal:///…evelopment.js:21488
recursivelyTraverseLayoutEffects @ webpack-internal:///…evelopment.js:22926
commitLayoutEffectOnFiber @ webpack-internal:///…evelopment.js:21577
recursivelyTraverseLayoutEffects @ webpack-internal:///…evelopment.js:22926
commitLayoutEffectOnFiber @ webpack-internal:///…evelopment.js:21577
recursivelyTraverseLayoutEffects @ webpack-internal:///…evelopment.js:22926
commitLayoutEffectOnFiber @ webpack-internal:///…evelopment.js:21418
recursivelyTraverseLayoutEffects @ webpack-internal:///…evelopment.js:22926
commitLayoutEffectOnFiber @ webpack-internal:///…evelopment.js:21407
recursivelyTraverseLayoutEffects @ webpack-internal:///…evelopment.js:22926
commitLayoutEffectOnFiber @ webpack-internal:///…evelopment.js:21577
recursivelyTraverseLayoutEffects @ webpack-internal:///…evelopment.js:22926
commitLayoutEffectOnFiber @ webpack-internal:///…evelopment.js:21418
recursivelyTraverseLayoutEffects @ webpack-internal:///…evelopment.js:22926
commitLayoutEffectOnFiber @ webpack-internal:///…evelopment.js:21407
recursivelyTraverseLayoutEffects @ webpack-internal:///…evelopment.js:22926
commitLayoutEffectOnFiber @ webpack-internal:///…evelopment.js:21407
recursivelyTraverseLayoutEffects @ webpack-internal:///…evelopment.js:22926
commitLayoutEffectOnFiber @ webpack-internal:///…evelopment.js:21418
recursivelyTraverseLayoutEffects @ webpack-internal:///…evelopment.js:22926
commitLayoutEffectOnFiber @ webpack-internal:///…evelopment.js:21407
recursivelyTraverseLayoutEffects @ webpack-internal:///…evelopment.js:22926
commitLayoutEffectOnFiber @ webpack-internal:///…evelopment.js:21577
recursivelyTraverseLayoutEffects @ webpack-internal:///…evelopment.js:22926
commitLayoutEffectOnFiber @ webpack-internal:///…evelopment.js:21577
recursivelyTraverseLayoutEffects @ webpack-internal:///…evelopment.js:22926
commitLayoutEffectOnFiber @ webpack-internal:///…evelopment.js:21577
recursivelyTraverseLayoutEffects @ webpack-internal:///…evelopment.js:22926
commitLayoutEffectOnFiber @ webpack-internal:///…evelopment.js:21577
recursivelyTraverseLayoutEffects @ webpack-internal:///…evelopment.js:22926
commitLayoutEffectOnFiber @ webpack-internal:///…evelopment.js:21577
recursivelyTraverseLayoutEffects @ webpack-internal:///…evelopment.js:22926
commitLayoutEffectOnFiber @ webpack-internal:///…evelopment.js:21577
recursivelyTraverseLayoutEffects @ webpack-internal:///…evelopment.js:22926
commitLayoutEffectOnFiber @ webpack-internal:///…evelopment.js:21407
recursivelyTraverseLayoutEffects @ webpack-internal:///…evelopment.js:22926
commitLayoutEffectOnFiber @ webpack-internal:///…evelopment.js:21418
recursivelyTraverseLayoutEffects @ webpack-internal:///…evelopment.js:22926
commitLayoutEffectOnFiber @ webpack-internal:///…evelopment.js:21407
recursivelyTraverseLayoutEffects @ webpack-internal:///…evelopment.js:22926
commitLayoutEffectOnFiber @ webpack-internal:///…evelopment.js:21407
recursivelyTraverseLayoutEffects @ webpack-internal:///…evelopment.js:22926
commitLayoutEffectOnFiber @ webpack-internal:///…evelopment.js:21407
recursivelyTraverseLayoutEffects @ webpack-internal:///…evelopment.js:22926
commitLayoutEffectOnFiber @ webpack-internal:///…evelopment.js:21407
recursivelyTraverseLayoutEffects @ webpack-internal:///…evelopment.js:22926
commitLayoutEffectOnFiber @ webpack-internal:///…evelopment.js:21577
recursivelyTraverseLayoutEffects @ webpack-internal:///…evelopment.js:22926
commitLayoutEffectOnFiber @ webpack-internal:///…evelopment.js:21577
recursivelyTraverseLayoutEffects @ webpack-internal:///…evelopment.js:22926
commitLayoutEffectOnFiber @ webpack-internal:///…evelopment.js:21577
recursivelyTraverseLayoutEffects @ webpack-internal:///…evelopment.js:22926
commitLayoutEffectOnFiber @ webpack-internal:///…evelopment.js:21437
commitLayoutEffects @ webpack-internal:///…evelopment.js:22912
commitRootImpl @ webpack-internal:///…evelopment.js:26226
commitRoot @ webpack-internal:///…evelopment.js:26077
commitRootWhenReady @ webpack-internal:///…evelopment.js:24749
finishConcurrentRender @ webpack-internal:///…evelopment.js:24714
performConcurrentWorkOnRoot @ webpack-internal:///…evelopment.js:24559
workLoop @ webpack-internal:///….development.js:256
flushWork @ webpack-internal:///….development.js:225
performWorkUntilDeadline @ webpack-internal:///….development.js:534
15:56:31.005  [CallModal] 🔄 Waiting for stream to become active for cmeifml0h001okung0i95m8s6
15:56:31.008  [VoiceActivity] Effect triggered: {hasStream: true, streamId: '34fa4aea-da9c-415d-afda-d1f0034b119c', audioTracks: 0, threshold: -40}
15:56:31.009  [VoiceActivity] No audio tracks in stream, cleaning up
15:56:31.009  [VoiceActivity] Effect triggered: {hasStream: true, streamId: '34fa4aea-da9c-415d-afda-d1f0034b119c', audioTracks: 0, threshold: -40}
15:56:31.009  [VoiceActivity] No audio tracks in stream, cleaning up
15:56:31.010  [CallModal] Rendered - voice call opened
15:56:31.010  [CallModal] Rendered - voice call opened
15:56:31.196  [VoiceActivity] Volume analysis: {average: '5.0', volume: '-34.1', threshold: -50, speaking: false, streamActive: true, …}
15:56:31.219  [VoiceActivity] Volume analysis: {average: '4.9', volume: '-34.3', threshold: -50, speaking: false, streamActive: true, …}
15:56:31.584  [VoiceActivity] Volume analysis: {average: '5.0', volume: '-34.1', threshold: -50, speaking: false, streamActive: true, …}
15:56:31.940  [VoiceActivity] Volume analysis: {average: '6.0', volume: '-32.5', threshold: -50, speaking: false, streamActive: true, …}
15:56:32.001  [CallModal] Rendered - voice call opened
15:56:32.002  [CallModal] Rendered - voice call opened
15:56:32.002  [VoiceParticipant] Tester voice activity debug: {participantId: 'cmeifml0h001okung0i95m8s6', hasOriginalStream: true, hasLatestStream: true, streamActive: false, audioTracksCount: 0, …}
15:56:32.004  [CallModal] 🔊 Setting up audio element for participant cmeifml0h001okung0i95m8s6
15:56:32.005  [CallModal] Stream details: {id: '34fa4aea-da9c-415d-afda-d1f0034b119c', active: false, audioTracks: Array(0)}
15:56:32.005  [CallModal] Previous audio element for cmeifml0h001okung0i95m8s6: false
15:56:32.007  [CallModal] Cleared previous srcObject for cmeifml0h001okung0i95m8s6
15:56:32.007  [CallModal] 🔄 Stream not ready, waiting...
15:56:32.007  [CallModal] ❌ Initial audio play failed for cmeifml0h001okung0i95m8s6: 
attemptPlay @ webpack-internal:///…/CallModal.tsx:3124
ref @ webpack-internal:///…/CallModal.tsx:3158
commitAttachRef @ webpack-internal:///…evelopment.js:21677
safelyAttachRef @ webpack-internal:///…evelopment.js:20803
commitLayoutEffectOnFiber @ webpack-internal:///…evelopment.js:21498
recursivelyTraverseLayoutEffects @ webpack-internal:///…evelopment.js:22926
commitLayoutEffectOnFiber @ webpack-internal:///…evelopment.js:21577
recursivelyTraverseLayoutEffects @ webpack-internal:///…evelopment.js:22926
commitLayoutEffectOnFiber @ webpack-internal:///…evelopment.js:21488
recursivelyTraverseLayoutEffects @ webpack-internal:///…evelopment.js:22926
commitLayoutEffectOnFiber @ webpack-internal:///…evelopment.js:21488
recursivelyTraverseLayoutEffects @ webpack-internal:///…evelopment.js:22926
commitLayoutEffectOnFiber @ webpack-internal:///…evelopment.js:21488
recursivelyTraverseLayoutEffects @ webpack-internal:///…evelopment.js:22926
commitLayoutEffectOnFiber @ webpack-internal:///…evelopment.js:21488
recursivelyTraverseLayoutEffects @ webpack-internal:///…evelopment.js:22926
commitLayoutEffectOnFiber @ webpack-internal:///…evelopment.js:21407
recursivelyTraverseLayoutEffects @ webpack-internal:///…evelopment.js:22926
commitLayoutEffectOnFiber @ webpack-internal:///…evelopment.js:21407
recursivelyTraverseLayoutEffects @ webpack-internal:///…evelopment.js:22926
commitLayoutEffectOnFiber @ webpack-internal:///…evelopment.js:21577
recursivelyTraverseLayoutEffects @ webpack-internal:///…evelopment.js:22926
commitLayoutEffectOnFiber @ webpack-internal:///…evelopment.js:21407
recursivelyTraverseLayoutEffects @ webpack-internal:///…evelopment.js:22926
commitLayoutEffectOnFiber @ webpack-internal:///…evelopment.js:21577
recursivelyTraverseLayoutEffects @ webpack-internal:///…evelopment.js:22926
commitLayoutEffectOnFiber @ webpack-internal:///…evelopment.js:21407
recursivelyTraverseLayoutEffects @ webpack-internal:///…evelopment.js:22926
commitLayoutEffectOnFiber @ webpack-internal:///…evelopment.js:21577
recursivelyTraverseLayoutEffects @ webpack-internal:///…evelopment.js:22926
commitLayoutEffectOnFiber @ webpack-internal:///…evelopment.js:21407
recursivelyTraverseLayoutEffects @ webpack-internal:///…evelopment.js:22926
commitLayoutEffectOnFiber @ webpack-internal:///…evelopment.js:21577
recursivelyTraverseLayoutEffects @ webpack-internal:///…evelopment.js:22926
commitLayoutEffectOnFiber @ webpack-internal:///…evelopment.js:21407
recursivelyTraverseLayoutEffects @ webpack-internal:///…evelopment.js:22926
commitLayoutEffectOnFiber @ webpack-internal:///…evelopment.js:21407
recursivelyTraverseLayoutEffects @ webpack-internal:///…evelopment.js:22926
commitLayoutEffectOnFiber @ webpack-internal:///…evelopment.js:21488
recursivelyTraverseLayoutEffects @ webpack-internal:///…evelopment.js:22926
commitLayoutEffectOnFiber @ webpack-internal:///…evelopment.js:21488
recursivelyTraverseLayoutEffects @ webpack-internal:///…evelopment.js:22926
commitLayoutEffectOnFiber @ webpack-internal:///…evelopment.js:21577
recursivelyTraverseLayoutEffects @ webpack-internal:///…evelopment.js:22926
commitLayoutEffectOnFiber @ webpack-internal:///…evelopment.js:21577
recursivelyTraverseLayoutEffects @ webpack-internal:///…evelopment.js:22926
commitLayoutEffectOnFiber @ webpack-internal:///…evelopment.js:21418
recursivelyTraverseLayoutEffects @ webpack-internal:///…evelopment.js:22926
commitLayoutEffectOnFiber @ webpack-internal:///…evelopment.js:21407
recursivelyTraverseLayoutEffects @ webpack-internal:///…evelopment.js:22926
commitLayoutEffectOnFiber @ webpack-internal:///…evelopment.js:21577
recursivelyTraverseLayoutEffects @ webpack-internal:///…evelopment.js:22926
commitLayoutEffectOnFiber @ webpack-internal:///…evelopment.js:21418
recursivelyTraverseLayoutEffects @ webpack-internal:///…evelopment.js:22926
commitLayoutEffectOnFiber @ webpack-internal:///…evelopment.js:21407
recursivelyTraverseLayoutEffects @ webpack-internal:///…evelopment.js:22926
commitLayoutEffectOnFiber @ webpack-internal:///…evelopment.js:21407
recursivelyTraverseLayoutEffects @ webpack-internal:///…evelopment.js:22926
commitLayoutEffectOnFiber @ webpack-internal:///…evelopment.js:21418
recursivelyTraverseLayoutEffects @ webpack-internal:///…evelopment.js:22926
commitLayoutEffectOnFiber @ webpack-internal:///…evelopment.js:21407
recursivelyTraverseLayoutEffects @ webpack-internal:///…evelopment.js:22926
commitLayoutEffectOnFiber @ webpack-internal:///…evelopment.js:21577
recursivelyTraverseLayoutEffects @ webpack-internal:///…evelopment.js:22926
commitLayoutEffectOnFiber @ webpack-internal:///…evelopment.js:21577
recursivelyTraverseLayoutEffects @ webpack-internal:///…evelopment.js:22926
commitLayoutEffectOnFiber @ webpack-internal:///…evelopment.js:21577
recursivelyTraverseLayoutEffects @ webpack-internal:///…evelopment.js:22926
commitLayoutEffectOnFiber @ webpack-internal:///…evelopment.js:21577
recursivelyTraverseLayoutEffects @ webpack-internal:///…evelopment.js:22926
commitLayoutEffectOnFiber @ webpack-internal:///…evelopment.js:21577
recursivelyTraverseLayoutEffects @ webpack-internal:///…evelopment.js:22926
commitLayoutEffectOnFiber @ webpack-internal:///…evelopment.js:21577
recursivelyTraverseLayoutEffects @ webpack-internal:///…evelopment.js:22926
commitLayoutEffectOnFiber @ webpack-internal:///…evelopment.js:21407
recursivelyTraverseLayoutEffects @ webpack-internal:///…evelopment.js:22926
commitLayoutEffectOnFiber @ webpack-internal:///…evelopment.js:21418
recursivelyTraverseLayoutEffects @ webpack-internal:///…evelopment.js:22926
commitLayoutEffectOnFiber @ webpack-internal:///…evelopment.js:21407
recursivelyTraverseLayoutEffects @ webpack-internal:///…evelopment.js:22926
commitLayoutEffectOnFiber @ webpack-internal:///…evelopment.js:21407
recursivelyTraverseLayoutEffects @ webpack-internal:///…evelopment.js:22926
commitLayoutEffectOnFiber @ webpack-internal:///…evelopment.js:21407
recursivelyTraverseLayoutEffects @ webpack-internal:///…evelopment.js:22926
commitLayoutEffectOnFiber @ webpack-internal:///…evelopment.js:21407
recursivelyTraverseLayoutEffects @ webpack-internal:///…evelopment.js:22926
commitLayoutEffectOnFiber @ webpack-internal:///…evelopment.js:21577
recursivelyTraverseLayoutEffects @ webpack-internal:///…evelopment.js:22926
commitLayoutEffectOnFiber @ webpack-internal:///…evelopment.js:21577
recursivelyTraverseLayoutEffects @ webpack-internal:///…evelopment.js:22926
commitLayoutEffectOnFiber @ webpack-internal:///…evelopment.js:21577
recursivelyTraverseLayoutEffects @ webpack-internal:///…evelopment.js:22926
commitLayoutEffectOnFiber @ webpack-internal:///…evelopment.js:21437
commitLayoutEffects @ webpack-internal:///…evelopment.js:22912
commitRootImpl @ webpack-internal:///…evelopment.js:26226
commitRoot @ webpack-internal:///…evelopment.js:26077
commitRootWhenReady @ webpack-internal:///…evelopment.js:24749
finishConcurrentRender @ webpack-internal:///…evelopment.js:24714
performConcurrentWorkOnRoot @ webpack-internal:///…evelopment.js:24559
workLoop @ webpack-internal:///….development.js:256
flushWork @ webpack-internal:///….development.js:225
performWorkUntilDeadline @ webpack-internal:///….development.js:534
15:56:32.008  [CallModal] 🔄 Waiting for stream to become active for cmeifml0h001okung0i95m8s6
15:56:32.012  [VoiceActivity] Effect triggered: {hasStream: true, streamId: '34fa4aea-da9c-415d-afda-d1f0034b119c', audioTracks: 0, threshold: -40}
15:56:32.012  [VoiceActivity] No audio tracks in stream, cleaning up
15:56:32.013  [VoiceActivity] Effect triggered: {hasStream: true, streamId: '34fa4aea-da9c-415d-afda-d1f0034b119c', audioTracks: 0, threshold: -40}
15:56:32.013  [VoiceActivity] No audio tracks in stream, cleaning up
15:56:32.013  [CallModal] Rendered - voice call opened
15:56:32.013  [CallModal] Rendered - voice call opened
15:56:32.503  Updated online status for user cmeifml0h001okung0i95m8s6 in conversation cmew64hqq0008kud8i3zywuwd
15:56:32.505  🏠 ChatWindow mounted/re-rendered with conversationId: null
15:56:32.506  🏠 ChatWindow mounted/re-rendered with conversationId: null
15:56:32.506  [CallModal] Rendered - voice call opened
15:56:32.507  [CallModal] Rendered - voice call opened
15:56:32.507  [VoiceParticipant] Tester voice activity debug: {participantId: 'cmeifml0h001okung0i95m8s6', hasOriginalStream: true, hasLatestStream: true, streamActive: false, audioTracksCount: 0, …}
15:56:32.510  [CallModal] 🔊 Setting up audio element for participant cmeifml0h001okung0i95m8s6
15:56:32.511  [CallModal] Stream details: {id: '34fa4aea-da9c-415d-afda-d1f0034b119c', active: false, audioTracks: Array(0)}
15:56:32.512  [CallModal] Previous audio element for cmeifml0h001okung0i95m8s6: false
15:56:32.513  [CallModal] Cleared previous srcObject for cmeifml0h001okung0i95m8s6
15:56:32.513  [CallModal] 🔄 Stream not ready, waiting...
15:56:32.514  [CallModal] ❌ Initial audio play failed for cmeifml0h001okung0i95m8s6: 
attemptPlay @ webpack-internal:///…/CallModal.tsx:3124
ref @ webpack-internal:///…/CallModal.tsx:3158
commitAttachRef @ webpack-internal:///…evelopment.js:21677
safelyAttachRef @ webpack-internal:///…evelopment.js:20803
commitLayoutEffectOnFiber @ webpack-internal:///…evelopment.js:21498
recursivelyTraverseLayoutEffects @ webpack-internal:///…evelopment.js:22926
commitLayoutEffectOnFiber @ webpack-internal:///…evelopment.js:21577
recursivelyTraverseLayoutEffects @ webpack-internal:///…evelopment.js:22926
commitLayoutEffectOnFiber @ webpack-internal:///…evelopment.js:21488
recursivelyTraverseLayoutEffects @ webpack-internal:///…evelopment.js:22926
commitLayoutEffectOnFiber @ webpack-internal:///…evelopment.js:21488
recursivelyTraverseLayoutEffects @ webpack-internal:///…evelopment.js:22926
commitLayoutEffectOnFiber @ webpack-internal:///…evelopment.js:21488
recursivelyTraverseLayoutEffects @ webpack-internal:///…evelopment.js:22926
commitLayoutEffectOnFiber @ webpack-internal:///…evelopment.js:21488
recursivelyTraverseLayoutEffects @ webpack-internal:///…evelopment.js:22926
commitLayoutEffectOnFiber @ webpack-internal:///…evelopment.js:21407
recursivelyTraverseLayoutEffects @ webpack-internal:///…evelopment.js:22926
commitLayoutEffectOnFiber @ webpack-internal:///…evelopment.js:21407
recursivelyTraverseLayoutEffects @ webpack-internal:///…evelopment.js:22926
commitLayoutEffectOnFiber @ webpack-internal:///…evelopment.js:21577
recursivelyTraverseLayoutEffects @ webpack-internal:///…evelopment.js:22926
commitLayoutEffectOnFiber @ webpack-internal:///…evelopment.js:21407
recursivelyTraverseLayoutEffects @ webpack-internal:///…evelopment.js:22926
commitLayoutEffectOnFiber @ webpack-internal:///…evelopment.js:21577
recursivelyTraverseLayoutEffects @ webpack-internal:///…evelopment.js:22926
commitLayoutEffectOnFiber @ webpack-internal:///…evelopment.js:21407
recursivelyTraverseLayoutEffects @ webpack-internal:///…evelopment.js:22926
commitLayoutEffectOnFiber @ webpack-internal:///…evelopment.js:21577
recursivelyTraverseLayoutEffects @ webpack-internal:///…evelopment.js:22926
commitLayoutEffectOnFiber @ webpack-internal:///…evelopment.js:21407
recursivelyTraverseLayoutEffects @ webpack-internal:///…evelopment.js:22926
commitLayoutEffectOnFiber @ webpack-internal:///…evelopment.js:21577
recursivelyTraverseLayoutEffects @ webpack-internal:///…evelopment.js:22926
commitLayoutEffectOnFiber @ webpack-internal:///…evelopment.js:21407
recursivelyTraverseLayoutEffects @ webpack-internal:///…evelopment.js:22926
commitLayoutEffectOnFiber @ webpack-internal:///…evelopment.js:21407
recursivelyTraverseLayoutEffects @ webpack-internal:///…evelopment.js:22926
commitLayoutEffectOnFiber @ webpack-internal:///…evelopment.js:21488
recursivelyTraverseLayoutEffects @ webpack-internal:///…evelopment.js:22926
commitLayoutEffectOnFiber @ webpack-internal:///…evelopment.js:21488
recursivelyTraverseLayoutEffects @ webpack-internal:///…evelopment.js:22926
commitLayoutEffectOnFiber @ webpack-internal:///…evelopment.js:21577
recursivelyTraverseLayoutEffects @ webpack-internal:///…evelopment.js:22926
commitLayoutEffectOnFiber @ webpack-internal:///…evelopment.js:21577
recursivelyTraverseLayoutEffects @ webpack-internal:///…evelopment.js:22926
commitLayoutEffectOnFiber @ webpack-internal:///…evelopment.js:21418
recursivelyTraverseLayoutEffects @ webpack-internal:///…evelopment.js:22926
commitLayoutEffectOnFiber @ webpack-internal:///…evelopment.js:21407
recursivelyTraverseLayoutEffects @ webpack-internal:///…evelopment.js:22926
commitLayoutEffectOnFiber @ webpack-internal:///…evelopment.js:21577
recursivelyTraverseLayoutEffects @ webpack-internal:///…evelopment.js:22926
commitLayoutEffectOnFiber @ webpack-internal:///…evelopment.js:21418
recursivelyTraverseLayoutEffects @ webpack-internal:///…evelopment.js:22926
commitLayoutEffectOnFiber @ webpack-internal:///…evelopment.js:21407
recursivelyTraverseLayoutEffects @ webpack-internal:///…evelopment.js:22926
commitLayoutEffectOnFiber @ webpack-internal:///…evelopment.js:21407
recursivelyTraverseLayoutEffects @ webpack-internal:///…evelopment.js:22926
commitLayoutEffectOnFiber @ webpack-internal:///…evelopment.js:21418
recursivelyTraverseLayoutEffects @ webpack-internal:///…evelopment.js:22926
commitLayoutEffectOnFiber @ webpack-internal:///…evelopment.js:21407
recursivelyTraverseLayoutEffects @ webpack-internal:///…evelopment.js:22926
commitLayoutEffectOnFiber @ webpack-internal:///…evelopment.js:21577
recursivelyTraverseLayoutEffects @ webpack-internal:///…evelopment.js:22926
commitLayoutEffectOnFiber @ webpack-internal:///…evelopment.js:21577
recursivelyTraverseLayoutEffects @ webpack-internal:///…evelopment.js:22926
commitLayoutEffectOnFiber @ webpack-internal:///…evelopment.js:21577
recursivelyTraverseLayoutEffects @ webpack-internal:///…evelopment.js:22926
commitLayoutEffectOnFiber @ webpack-internal:///…evelopment.js:21577
recursivelyTraverseLayoutEffects @ webpack-internal:///…evelopment.js:22926
commitLayoutEffectOnFiber @ webpack-internal:///…evelopment.js:21577
recursivelyTraverseLayoutEffects @ webpack-internal:///…evelopment.js:22926
commitLayoutEffectOnFiber @ webpack-internal:///…evelopment.js:21577
recursivelyTraverseLayoutEffects @ webpack-internal:///…evelopment.js:22926
commitLayoutEffectOnFiber @ webpack-internal:///…evelopment.js:21407
recursivelyTraverseLayoutEffects @ webpack-internal:///…evelopment.js:22926
commitLayoutEffectOnFiber @ webpack-internal:///…evelopment.js:21418
recursivelyTraverseLayoutEffects @ webpack-internal:///…evelopment.js:22926
commitLayoutEffectOnFiber @ webpack-internal:///…evelopment.js:21407
recursivelyTraverseLayoutEffects @ webpack-internal:///…evelopment.js:22926
commitLayoutEffectOnFiber @ webpack-internal:///…evelopment.js:21407
recursivelyTraverseLayoutEffects @ webpack-internal:///…evelopment.js:22926
commitLayoutEffectOnFiber @ webpack-internal:///…evelopment.js:21407
recursivelyTraverseLayoutEffects @ webpack-internal:///…evelopment.js:22926
commitLayoutEffectOnFiber @ webpack-internal:///…evelopment.js:21407
recursivelyTraverseLayoutEffects @ webpack-internal:///…evelopment.js:22926
commitLayoutEffectOnFiber @ webpack-internal:///…evelopment.js:21577
recursivelyTraverseLayoutEffects @ webpack-internal:///…evelopment.js:22926
commitLayoutEffectOnFiber @ webpack-internal:///…evelopment.js:21577
recursivelyTraverseLayoutEffects @ webpack-internal:///…evelopment.js:22926
commitLayoutEffectOnFiber @ webpack-internal:///…evelopment.js:21577
recursivelyTraverseLayoutEffects @ webpack-internal:///…evelopment.js:22926
commitLayoutEffectOnFiber @ webpack-internal:///…evelopment.js:21437
commitLayoutEffects @ webpack-internal:///…evelopment.js:22912
commitRootImpl @ webpack-internal:///…evelopment.js:26226
commitRoot @ webpack-internal:///…evelopment.js:26077
commitRootWhenReady @ webpack-internal:///…evelopment.js:24749
finishConcurrentRender @ webpack-internal:///…evelopment.js:24714
performConcurrentWorkOnRoot @ webpack-internal:///…evelopment.js:24559
workLoop @ webpack-internal:///….development.js:256
flushWork @ webpack-internal:///….development.js:225
performWorkUntilDeadline @ webpack-internal:///….development.js:534
15:56:32.515  [CallModal] 🔄 Waiting for stream to become active for cmeifml0h001okung0i95m8s6
15:56:32.522  ChatSidebar: Conversations updated, count: 4
15:56:32.523  ChatSidebar: Latest conversation: cmfbwdnf60000kuzg41ovkra2 last message: cmfc8zta3000bkulfrpl6vutn
15:56:32.523  [VoiceActivity] Effect triggered: {hasStream: true, streamId: '34fa4aea-da9c-415d-afda-d1f0034b119c', audioTracks: 0, threshold: -40}
15:56:32.524  [VoiceActivity] No audio tracks in stream, cleaning up
15:56:32.524  [CallModal] Initialized active participants (excluding self): ['cmeifml0h001okung0i95m8s6']
15:56:32.525  [CallModal] Skipping connection verification - no WebRTC or participants
15:56:32.525  [VoiceActivity] Effect triggered: {hasStream: true, streamId: '34fa4aea-da9c-415d-afda-d1f0034b119c', audioTracks: 0, threshold: -40}
15:56:32.526  [VoiceActivity] No audio tracks in stream, cleaning up
15:56:32.527  [CallModal] Rendered - voice call opened
15:56:32.528  [CallModal] Rendered - voice call opened
15:56:32.529  [VoiceParticipant] Tester voice activity debug: {participantId: 'cmeifml0h001okung0i95m8s6', hasOriginalStream: true, hasLatestStream: true, streamActive: false, audioTracksCount: 0, …}
15:56:32.533  [CallModal] 🔊 Setting up audio element for participant cmeifml0h001okung0i95m8s6
15:56:32.533  [CallModal] Stream details: {id: '34fa4aea-da9c-415d-afda-d1f0034b119c', active: false, audioTracks: Array(0)}
15:56:32.534  [CallModal] Previous audio element for cmeifml0h001okung0i95m8s6: false
15:56:32.535  [CallModal] Cleared previous srcObject for cmeifml0h001okung0i95m8s6
15:56:32.536  [CallModal] 🔄 Stream not ready, waiting...
15:56:32.536  [CallModal] ❌ Initial audio play failed for cmeifml0h001okung0i95m8s6: 
attemptPlay @ webpack-internal:///…/CallModal.tsx:3124
ref @ webpack-internal:///…/CallModal.tsx:3158
commitAttachRef @ webpack-internal:///…evelopment.js:21677
safelyAttachRef @ webpack-internal:///…evelopment.js:20803
commitLayoutEffectOnFiber @ webpack-internal:///…evelopment.js:21498
recursivelyTraverseLayoutEffects @ webpack-internal:///…evelopment.js:22926
commitLayoutEffectOnFiber @ webpack-internal:///…evelopment.js:21577
recursivelyTraverseLayoutEffects @ webpack-internal:///…evelopment.js:22926
commitLayoutEffectOnFiber @ webpack-internal:///…evelopment.js:21488
recursivelyTraverseLayoutEffects @ webpack-internal:///…evelopment.js:22926
commitLayoutEffectOnFiber @ webpack-internal:///…evelopment.js:21488
recursivelyTraverseLayoutEffects @ webpack-internal:///…evelopment.js:22926
commitLayoutEffectOnFiber @ webpack-internal:///…evelopment.js:21488
recursivelyTraverseLayoutEffects @ webpack-internal:///…evelopment.js:22926
commitLayoutEffectOnFiber @ webpack-internal:///…evelopment.js:21488
recursivelyTraverseLayoutEffects @ webpack-internal:///…evelopment.js:22926
commitLayoutEffectOnFiber @ webpack-internal:///…evelopment.js:21407
recursivelyTraverseLayoutEffects @ webpack-internal:///…evelopment.js:22926
commitLayoutEffectOnFiber @ webpack-internal:///…evelopment.js:21407
recursivelyTraverseLayoutEffects @ webpack-internal:///…evelopment.js:22926
commitLayoutEffectOnFiber @ webpack-internal:///…evelopment.js:21577
recursivelyTraverseLayoutEffects @ webpack-internal:///…evelopment.js:22926
commitLayoutEffectOnFiber @ webpack-internal:///…evelopment.js:21407
recursivelyTraverseLayoutEffects @ webpack-internal:///…evelopment.js:22926
commitLayoutEffectOnFiber @ webpack-internal:///…evelopment.js:21577
recursivelyTraverseLayoutEffects @ webpack-internal:///…evelopment.js:22926
commitLayoutEffectOnFiber @ webpack-internal:///…evelopment.js:21407
recursivelyTraverseLayoutEffects @ webpack-internal:///…evelopment.js:22926
commitLayoutEffectOnFiber @ webpack-internal:///…evelopment.js:21577
recursivelyTraverseLayoutEffects @ webpack-internal:///…evelopment.js:22926
commitLayoutEffectOnFiber @ webpack-internal:///…evelopment.js:21407
recursivelyTraverseLayoutEffects @ webpack-internal:///…evelopment.js:22926
commitLayoutEffectOnFiber @ webpack-internal:///…evelopment.js:21577
recursivelyTraverseLayoutEffects @ webpack-internal:///…evelopment.js:22926
commitLayoutEffectOnFiber @ webpack-internal:///…evelopment.js:21407
recursivelyTraverseLayoutEffects @ webpack-internal:///…evelopment.js:22926
commitLayoutEffectOnFiber @ webpack-internal:///…evelopment.js:21407
recursivelyTraverseLayoutEffects @ webpack-internal:///…evelopment.js:22926
commitLayoutEffectOnFiber @ webpack-internal:///…evelopment.js:21488
recursivelyTraverseLayoutEffects @ webpack-internal:///…evelopment.js:22926
commitLayoutEffectOnFiber @ webpack-internal:///…evelopment.js:21488
recursivelyTraverseLayoutEffects @ webpack-internal:///…evelopment.js:22926
commitLayoutEffectOnFiber @ webpack-internal:///…evelopment.js:21577
recursivelyTraverseLayoutEffects @ webpack-internal:///…evelopment.js:22926
commitLayoutEffectOnFiber @ webpack-internal:///…evelopment.js:21577
recursivelyTraverseLayoutEffects @ webpack-internal:///…evelopment.js:22926
commitLayoutEffectOnFiber @ webpack-internal:///…evelopment.js:21418
recursivelyTraverseLayoutEffects @ webpack-internal:///…evelopment.js:22926
commitLayoutEffectOnFiber @ webpack-internal:///…evelopment.js:21407
recursivelyTraverseLayoutEffects @ webpack-internal:///…evelopment.js:22926
commitLayoutEffectOnFiber @ webpack-internal:///…evelopment.js:21577
recursivelyTraverseLayoutEffects @ webpack-internal:///…evelopment.js:22926
commitLayoutEffectOnFiber @ webpack-internal:///…evelopment.js:21418
recursivelyTraverseLayoutEffects @ webpack-internal:///…evelopment.js:22926
commitLayoutEffectOnFiber @ webpack-internal:///…evelopment.js:21407
recursivelyTraverseLayoutEffects @ webpack-internal:///…evelopment.js:22926
commitLayoutEffectOnFiber @ webpack-internal:///…evelopment.js:21407
recursivelyTraverseLayoutEffects @ webpack-internal:///…evelopment.js:22926
commitLayoutEffectOnFiber @ webpack-internal:///…evelopment.js:21418
recursivelyTraverseLayoutEffects @ webpack-internal:///…evelopment.js:22926
commitLayoutEffectOnFiber @ webpack-internal:///…evelopment.js:21407
recursivelyTraverseLayoutEffects @ webpack-internal:///…evelopment.js:22926
commitLayoutEffectOnFiber @ webpack-internal:///…evelopment.js:21577
recursivelyTraverseLayoutEffects @ webpack-internal:///…evelopment.js:22926
commitLayoutEffectOnFiber @ webpack-internal:///…evelopment.js:21577
recursivelyTraverseLayoutEffects @ webpack-internal:///…evelopment.js:22926
commitLayoutEffectOnFiber @ webpack-internal:///…evelopment.js:21577
recursivelyTraverseLayoutEffects @ webpack-internal:///…evelopment.js:22926
commitLayoutEffectOnFiber @ webpack-internal:///…evelopment.js:21577
recursivelyTraverseLayoutEffects @ webpack-internal:///…evelopment.js:22926
commitLayoutEffectOnFiber @ webpack-internal:///…evelopment.js:21577
recursivelyTraverseLayoutEffects @ webpack-internal:///…evelopment.js:22926
commitLayoutEffectOnFiber @ webpack-internal:///…evelopment.js:21577
recursivelyTraverseLayoutEffects @ webpack-internal:///…evelopment.js:22926
commitLayoutEffectOnFiber @ webpack-internal:///…evelopment.js:21407
recursivelyTraverseLayoutEffects @ webpack-internal:///…evelopment.js:22926
commitLayoutEffectOnFiber @ webpack-internal:///…evelopment.js:21418
recursivelyTraverseLayoutEffects @ webpack-internal:///…evelopment.js:22926
commitLayoutEffectOnFiber @ webpack-internal:///…evelopment.js:21407
recursivelyTraverseLayoutEffects @ webpack-internal:///…evelopment.js:22926
commitLayoutEffectOnFiber @ webpack-internal:///…evelopment.js:21407
recursivelyTraverseLayoutEffects @ webpack-internal:///…evelopment.js:22926
commitLayoutEffectOnFiber @ webpack-internal:///…evelopment.js:21407
recursivelyTraverseLayoutEffects @ webpack-internal:///…evelopment.js:22926
commitLayoutEffectOnFiber @ webpack-internal:///…evelopment.js:21407
recursivelyTraverseLayoutEffects @ webpack-internal:///…evelopment.js:22926
commitLayoutEffectOnFiber @ webpack-internal:///…evelopment.js:21577
recursivelyTraverseLayoutEffects @ webpack-internal:///…evelopment.js:22926
commitLayoutEffectOnFiber @ webpack-internal:///…evelopment.js:21577
recursivelyTraverseLayoutEffects @ webpack-internal:///…evelopment.js:22926
commitLayoutEffectOnFiber @ webpack-internal:///…evelopment.js:21577
recursivelyTraverseLayoutEffects @ webpack-internal:///…evelopment.js:22926
commitLayoutEffectOnFiber @ webpack-internal:///…evelopment.js:21437
commitLayoutEffects @ webpack-internal:///…evelopment.js:22912
commitRootImpl @ webpack-internal:///…evelopment.js:26226
commitRoot @ webpack-internal:///…evelopment.js:26077
commitRootWhenReady @ webpack-internal:///…evelopment.js:24749
finishConcurrentRender @ webpack-internal:///…evelopment.js:24714
performConcurrentWorkOnRoot @ webpack-internal:///…evelopment.js:24559
workLoop @ webpack-internal:///….development.js:256
flushWork @ webpack-internal:///….development.js:225
performWorkUntilDeadline @ webpack-internal:///….development.js:534
15:56:32.537  [CallModal] 🔄 Waiting for stream to become active for cmeifml0h001okung0i95m8s6
15:56:32.540  [VoiceActivity] Effect triggered: {hasStream: true, streamId: '34fa4aea-da9c-415d-afda-d1f0034b119c', audioTracks: 0, threshold: -40}
15:56:32.540  [VoiceActivity] No audio tracks in stream, cleaning up
15:56:32.541  [CallModal] 🆘 EMERGENCY WebRTC RECOVERY - Call is connected but WebRTC needs help!
15:56:32.541  [CallModal] 🔧 Emergency details: {needsInit: false, needsConnectionRecovery: true, callState: 'connected', isIncoming: true, participants: Array(1), …}
15:56:32.541  [VoiceActivity] Effect triggered: {hasStream: true, streamId: '34fa4aea-da9c-415d-afda-d1f0034b119c', audioTracks: 0, threshold: -40}
15:56:32.542  [VoiceActivity] No audio tracks in stream, cleaning up
15:56:32.542  [CallModal] Rendered - voice call opened
15:56:32.542  [CallModal] Rendered - voice call opened
15:56:32.934  [CallModal] Updated peer connections for performance monitoring: 2
15:56:32.934  [CallModal] Peer connection participants: (2) ['cmeifml0h001okung0i95m8s6', 'cmeifn5qp002dkunge64m0xss']
15:56:32.935  [CallModal] Rendered - voice call opened
15:56:32.936  [CallModal] Rendered - voice call opened
15:56:32.936  [VoiceParticipant] Tester voice activity debug: {participantId: 'cmeifml0h001okung0i95m8s6', hasOriginalStream: true, hasLatestStream: true, streamActive: false, audioTracksCount: 0, …}
15:56:32.937  [CallModal] 🔊 Setting up audio element for participant cmeifml0h001okung0i95m8s6
15:56:32.937  [CallModal] Stream details: {id: '34fa4aea-da9c-415d-afda-d1f0034b119c', active: false, audioTracks: Array(0)}
15:56:32.938  [CallModal] Previous audio element for cmeifml0h001okung0i95m8s6: false
15:56:32.938  [CallModal] Cleared previous srcObject for cmeifml0h001okung0i95m8s6
15:56:32.939  [CallModal] 🔄 Stream not ready, waiting...
15:56:32.939  [CallModal] ❌ Initial audio play failed for cmeifml0h001okung0i95m8s6: 
attemptPlay @ webpack-internal:///…/CallModal.tsx:3124
ref @ webpack-internal:///…/CallModal.tsx:3158
commitAttachRef @ webpack-internal:///…evelopment.js:21677
safelyAttachRef @ webpack-internal:///…evelopment.js:20803
commitLayoutEffectOnFiber @ webpack-internal:///…evelopment.js:21498
recursivelyTraverseLayoutEffects @ webpack-internal:///…evelopment.js:22926
commitLayoutEffectOnFiber @ webpack-internal:///…evelopment.js:21577
recursivelyTraverseLayoutEffects @ webpack-internal:///…evelopment.js:22926
commitLayoutEffectOnFiber @ webpack-internal:///…evelopment.js:21488
recursivelyTraverseLayoutEffects @ webpack-internal:///…evelopment.js:22926
commitLayoutEffectOnFiber @ webpack-internal:///…evelopment.js:21488
recursivelyTraverseLayoutEffects @ webpack-internal:///…evelopment.js:22926
commitLayoutEffectOnFiber @ webpack-internal:///…evelopment.js:21488
recursivelyTraverseLayoutEffects @ webpack-internal:///…evelopment.js:22926
commitLayoutEffectOnFiber @ webpack-internal:///…evelopment.js:21488
recursivelyTraverseLayoutEffects @ webpack-internal:///…evelopment.js:22926
commitLayoutEffectOnFiber @ webpack-internal:///…evelopment.js:21407
recursivelyTraverseLayoutEffects @ webpack-internal:///…evelopment.js:22926
commitLayoutEffectOnFiber @ webpack-internal:///…evelopment.js:21407
recursivelyTraverseLayoutEffects @ webpack-internal:///…evelopment.js:22926
commitLayoutEffectOnFiber @ webpack-internal:///…evelopment.js:21577
recursivelyTraverseLayoutEffects @ webpack-internal:///…evelopment.js:22926
commitLayoutEffectOnFiber @ webpack-internal:///…evelopment.js:21407
recursivelyTraverseLayoutEffects @ webpack-internal:///…evelopment.js:22926
commitLayoutEffectOnFiber @ webpack-internal:///…evelopment.js:21577
recursivelyTraverseLayoutEffects @ webpack-internal:///…evelopment.js:22926
commitLayoutEffectOnFiber @ webpack-internal:///…evelopment.js:21407
recursivelyTraverseLayoutEffects @ webpack-internal:///…evelopment.js:22926
commitLayoutEffectOnFiber @ webpack-internal:///…evelopment.js:21577
recursivelyTraverseLayoutEffects @ webpack-internal:///…evelopment.js:22926
commitLayoutEffectOnFiber @ webpack-internal:///…evelopment.js:21407
recursivelyTraverseLayoutEffects @ webpack-internal:///…evelopment.js:22926
commitLayoutEffectOnFiber @ webpack-internal:///…evelopment.js:21577
recursivelyTraverseLayoutEffects @ webpack-internal:///…evelopment.js:22926
commitLayoutEffectOnFiber @ webpack-internal:///…evelopment.js:21407
recursivelyTraverseLayoutEffects @ webpack-internal:///…evelopment.js:22926
commitLayoutEffectOnFiber @ webpack-internal:///…evelopment.js:21407
recursivelyTraverseLayoutEffects @ webpack-internal:///…evelopment.js:22926
commitLayoutEffectOnFiber @ webpack-internal:///…evelopment.js:21488
recursivelyTraverseLayoutEffects @ webpack-internal:///…evelopment.js:22926
commitLayoutEffectOnFiber @ webpack-internal:///…evelopment.js:21488
recursivelyTraverseLayoutEffects @ webpack-internal:///…evelopment.js:22926
commitLayoutEffectOnFiber @ webpack-internal:///…evelopment.js:21577
recursivelyTraverseLayoutEffects @ webpack-internal:///…evelopment.js:22926
commitLayoutEffectOnFiber @ webpack-internal:///…evelopment.js:21577
recursivelyTraverseLayoutEffects @ webpack-internal:///…evelopment.js:22926
commitLayoutEffectOnFiber @ webpack-internal:///…evelopment.js:21418
recursivelyTraverseLayoutEffects @ webpack-internal:///…evelopment.js:22926
commitLayoutEffectOnFiber @ webpack-internal:///…evelopment.js:21407
recursivelyTraverseLayoutEffects @ webpack-internal:///…evelopment.js:22926
commitLayoutEffectOnFiber @ webpack-internal:///…evelopment.js:21577
recursivelyTraverseLayoutEffects @ webpack-internal:///…evelopment.js:22926
commitLayoutEffectOnFiber @ webpack-internal:///…evelopment.js:21418
recursivelyTraverseLayoutEffects @ webpack-internal:///…evelopment.js:22926
commitLayoutEffectOnFiber @ webpack-internal:///…evelopment.js:21407
recursivelyTraverseLayoutEffects @ webpack-internal:///…evelopment.js:22926
commitLayoutEffectOnFiber @ webpack-internal:///…evelopment.js:21407
recursivelyTraverseLayoutEffects @ webpack-internal:///…evelopment.js:22926
commitLayoutEffectOnFiber @ webpack-internal:///…evelopment.js:21418
recursivelyTraverseLayoutEffects @ webpack-internal:///…evelopment.js:22926
commitLayoutEffectOnFiber @ webpack-internal:///…evelopment.js:21407
recursivelyTraverseLayoutEffects @ webpack-internal:///…evelopment.js:22926
commitLayoutEffectOnFiber @ webpack-internal:///…evelopment.js:21577
recursivelyTraverseLayoutEffects @ webpack-internal:///…evelopment.js:22926
commitLayoutEffectOnFiber @ webpack-internal:///…evelopment.js:21577
recursivelyTraverseLayoutEffects @ webpack-internal:///…evelopment.js:22926
commitLayoutEffectOnFiber @ webpack-internal:///…evelopment.js:21577
recursivelyTraverseLayoutEffects @ webpack-internal:///…evelopment.js:22926
commitLayoutEffectOnFiber @ webpack-internal:///…evelopment.js:21577
recursivelyTraverseLayoutEffects @ webpack-internal:///…evelopment.js:22926
commitLayoutEffectOnFiber @ webpack-internal:///…evelopment.js:21577
recursivelyTraverseLayoutEffects @ webpack-internal:///…evelopment.js:22926
commitLayoutEffectOnFiber @ webpack-internal:///…evelopment.js:21577
recursivelyTraverseLayoutEffects @ webpack-internal:///…evelopment.js:22926
commitLayoutEffectOnFiber @ webpack-internal:///…evelopment.js:21407
recursivelyTraverseLayoutEffects @ webpack-internal:///…evelopment.js:22926
commitLayoutEffectOnFiber @ webpack-internal:///…evelopment.js:21418
recursivelyTraverseLayoutEffects @ webpack-internal:///…evelopment.js:22926
commitLayoutEffectOnFiber @ webpack-internal:///…evelopment.js:21407
recursivelyTraverseLayoutEffects @ webpack-internal:///…evelopment.js:22926
commitLayoutEffectOnFiber @ webpack-internal:///…evelopment.js:21407
recursivelyTraverseLayoutEffects @ webpack-internal:///…evelopment.js:22926
commitLayoutEffectOnFiber @ webpack-internal:///…evelopment.js:21407
recursivelyTraverseLayoutEffects @ webpack-internal:///…evelopment.js:22926
commitLayoutEffectOnFiber @ webpack-internal:///…evelopment.js:21407
recursivelyTraverseLayoutEffects @ webpack-internal:///…evelopment.js:22926
commitLayoutEffectOnFiber @ webpack-internal:///…evelopment.js:21577
recursivelyTraverseLayoutEffects @ webpack-internal:///…evelopment.js:22926
commitLayoutEffectOnFiber @ webpack-internal:///…evelopment.js:21577
recursivelyTraverseLayoutEffects @ webpack-internal:///…evelopment.js:22926
commitLayoutEffectOnFiber @ webpack-internal:///…evelopment.js:21577
recursivelyTraverseLayoutEffects @ webpack-internal:///…evelopment.js:22926
commitLayoutEffectOnFiber @ webpack-internal:///…evelopment.js:21437
commitLayoutEffects @ webpack-internal:///…evelopment.js:22912
commitRootImpl @ webpack-internal:///…evelopment.js:26226
commitRoot @ webpack-internal:///…evelopment.js:26077
commitRootWhenReady @ webpack-internal:///…evelopment.js:24749
finishConcurrentRender @ webpack-internal:///…evelopment.js:24714
performConcurrentWorkOnRoot @ webpack-internal:///…evelopment.js:24559
workLoop @ webpack-internal:///….development.js:256
flushWork @ webpack-internal:///….development.js:225
performWorkUntilDeadline @ webpack-internal:///….development.js:534
15:56:32.939  [CallModal] 🔄 Waiting for stream to become active for cmeifml0h001okung0i95m8s6
15:56:32.940  [VoiceActivity] Effect triggered: {hasStream: true, streamId: '34fa4aea-da9c-415d-afda-d1f0034b119c', audioTracks: 0, threshold: -40}
15:56:32.940  [VoiceActivity] No audio tracks in stream, cleaning up
15:56:32.941  [useCallPerformance] Connection states: (2) [{…}, {…}]
15:56:32.941  [useCallPerformance] Starting monitoring for 2 valid connections
15:56:32.941  [VoiceActivity] Effect triggered: {hasStream: true, streamId: '34fa4aea-da9c-415d-afda-d1f0034b119c', audioTracks: 0, threshold: -40}
15:56:32.941  [VoiceActivity] No audio tracks in stream, cleaning up
15:56:32.944  [useCallPerformance] Network metrics: {audioPacketLoss: 0, videoPacketLoss: 0, videoFrameRate: 0, latency: 1, callType: 'voice'}
15:56:32.945  [CallModal] Rendered - voice call opened
15:56:32.945  [CallModal] Rendered - voice call opened
15:56:32.946  [useCallPerformance] No valid network data yet, assuming good quality
15:56:32.947  [CallModal] Rendered - voice call opened
15:56:32.947  [CallModal] Rendered - voice call opened
15:56:32.947  [VoiceParticipant] Tester voice activity debug: {participantId: 'cmeifml0h001okung0i95m8s6', hasOriginalStream: true, hasLatestStream: true, streamActive: false, audioTracksCount: 0, …}
15:56:32.949  [CallModal] 🔊 Setting up audio element for participant cmeifml0h001okung0i95m8s6
15:56:32.949  [CallModal] Stream details: {id: '34fa4aea-da9c-415d-afda-d1f0034b119c', active: false, audioTracks: Array(0)}
15:56:32.949  [CallModal] Previous audio element for cmeifml0h001okung0i95m8s6: false
15:56:32.950  [CallModal] Cleared previous srcObject for cmeifml0h001okung0i95m8s6
15:56:32.951  [CallModal] 🔄 Stream not ready, waiting...
15:56:32.951  [CallModal] ❌ Initial audio play failed for cmeifml0h001okung0i95m8s6: 
attemptPlay @ webpack-internal:///…/CallModal.tsx:3124
ref @ webpack-internal:///…/CallModal.tsx:3158
commitAttachRef @ webpack-internal:///…evelopment.js:21677
safelyAttachRef @ webpack-internal:///…evelopment.js:20803
commitLayoutEffectOnFiber @ webpack-internal:///…evelopment.js:21498
recursivelyTraverseLayoutEffects @ webpack-internal:///…evelopment.js:22926
commitLayoutEffectOnFiber @ webpack-internal:///…evelopment.js:21577
recursivelyTraverseLayoutEffects @ webpack-internal:///…evelopment.js:22926
commitLayoutEffectOnFiber @ webpack-internal:///…evelopment.js:21488
recursivelyTraverseLayoutEffects @ webpack-internal:///…evelopment.js:22926
commitLayoutEffectOnFiber @ webpack-internal:///…evelopment.js:21488
recursivelyTraverseLayoutEffects @ webpack-internal:///…evelopment.js:22926
commitLayoutEffectOnFiber @ webpack-internal:///…evelopment.js:21488
recursivelyTraverseLayoutEffects @ webpack-internal:///…evelopment.js:22926
commitLayoutEffectOnFiber @ webpack-internal:///…evelopment.js:21488
recursivelyTraverseLayoutEffects @ webpack-internal:///…evelopment.js:22926
commitLayoutEffectOnFiber @ webpack-internal:///…evelopment.js:21407
recursivelyTraverseLayoutEffects @ webpack-internal:///…evelopment.js:22926
commitLayoutEffectOnFiber @ webpack-internal:///…evelopment.js:21407
recursivelyTraverseLayoutEffects @ webpack-internal:///…evelopment.js:22926
commitLayoutEffectOnFiber @ webpack-internal:///…evelopment.js:21577
recursivelyTraverseLayoutEffects @ webpack-internal:///…evelopment.js:22926
commitLayoutEffectOnFiber @ webpack-internal:///…evelopment.js:21407
recursivelyTraverseLayoutEffects @ webpack-internal:///…evelopment.js:22926
commitLayoutEffectOnFiber @ webpack-internal:///…evelopment.js:21577
recursivelyTraverseLayoutEffects @ webpack-internal:///…evelopment.js:22926
commitLayoutEffectOnFiber @ webpack-internal:///…evelopment.js:21407
recursivelyTraverseLayoutEffects @ webpack-internal:///…evelopment.js:22926
commitLayoutEffectOnFiber @ webpack-internal:///…evelopment.js:21577
recursivelyTraverseLayoutEffects @ webpack-internal:///…evelopment.js:22926
commitLayoutEffectOnFiber @ webpack-internal:///…evelopment.js:21407
recursivelyTraverseLayoutEffects @ webpack-internal:///…evelopment.js:22926
commitLayoutEffectOnFiber @ webpack-internal:///…evelopment.js:21577
recursivelyTraverseLayoutEffects @ webpack-internal:///…evelopment.js:22926
commitLayoutEffectOnFiber @ webpack-internal:///…evelopment.js:21407
recursivelyTraverseLayoutEffects @ webpack-internal:///…evelopment.js:22926
commitLayoutEffectOnFiber @ webpack-internal:///…evelopment.js:21407
recursivelyTraverseLayoutEffects @ webpack-internal:///…evelopment.js:22926
commitLayoutEffectOnFiber @ webpack-internal:///…evelopment.js:21488
recursivelyTraverseLayoutEffects @ webpack-internal:///…evelopment.js:22926
commitLayoutEffectOnFiber @ webpack-internal:///…evelopment.js:21488
recursivelyTraverseLayoutEffects @ webpack-internal:///…evelopment.js:22926
commitLayoutEffectOnFiber @ webpack-internal:///…evelopment.js:21577
recursivelyTraverseLayoutEffects @ webpack-internal:///…evelopment.js:22926
commitLayoutEffectOnFiber @ webpack-internal:///…evelopment.js:21577
recursivelyTraverseLayoutEffects @ webpack-internal:///…evelopment.js:22926
commitLayoutEffectOnFiber @ webpack-internal:///…evelopment.js:21418
recursivelyTraverseLayoutEffects @ webpack-internal:///…evelopment.js:22926
commitLayoutEffectOnFiber @ webpack-internal:///…evelopment.js:21407
recursivelyTraverseLayoutEffects @ webpack-internal:///…evelopment.js:22926
commitLayoutEffectOnFiber @ webpack-internal:///…evelopment.js:21577
recursivelyTraverseLayoutEffects @ webpack-internal:///…evelopment.js:22926
commitLayoutEffectOnFiber @ webpack-internal:///…evelopment.js:21418
recursivelyTraverseLayoutEffects @ webpack-internal:///…evelopment.js:22926
commitLayoutEffectOnFiber @ webpack-internal:///…evelopment.js:21407
recursivelyTraverseLayoutEffects @ webpack-internal:///…evelopment.js:22926
commitLayoutEffectOnFiber @ webpack-internal:///…evelopment.js:21407
recursivelyTraverseLayoutEffects @ webpack-internal:///…evelopment.js:22926
commitLayoutEffectOnFiber @ webpack-internal:///…evelopment.js:21418
recursivelyTraverseLayoutEffects @ webpack-internal:///…evelopment.js:22926
commitLayoutEffectOnFiber @ webpack-internal:///…evelopment.js:21407
recursivelyTraverseLayoutEffects @ webpack-internal:///…evelopment.js:22926
commitLayoutEffectOnFiber @ webpack-internal:///…evelopment.js:21577
recursivelyTraverseLayoutEffects @ webpack-internal:///…evelopment.js:22926
commitLayoutEffectOnFiber @ webpack-internal:///…evelopment.js:21577
recursivelyTraverseLayoutEffects @ webpack-internal:///…evelopment.js:22926
commitLayoutEffectOnFiber @ webpack-internal:///…evelopment.js:21577
recursivelyTraverseLayoutEffects @ webpack-internal:///…evelopment.js:22926
commitLayoutEffectOnFiber @ webpack-internal:///…evelopment.js:21577
recursivelyTraverseLayoutEffects @ webpack-internal:///…evelopment.js:22926
commitLayoutEffectOnFiber @ webpack-internal:///…evelopment.js:21577
recursivelyTraverseLayoutEffects @ webpack-internal:///…evelopment.js:22926
commitLayoutEffectOnFiber @ webpack-internal:///…evelopment.js:21577
recursivelyTraverseLayoutEffects @ webpack-internal:///…evelopment.js:22926
commitLayoutEffectOnFiber @ webpack-internal:///…evelopment.js:21407
recursivelyTraverseLayoutEffects @ webpack-internal:///…evelopment.js:22926
commitLayoutEffectOnFiber @ webpack-internal:///…evelopment.js:21418
recursivelyTraverseLayoutEffects @ webpack-internal:///…evelopment.js:22926
commitLayoutEffectOnFiber @ webpack-internal:///…evelopment.js:21407
recursivelyTraverseLayoutEffects @ webpack-internal:///…evelopment.js:22926
commitLayoutEffectOnFiber @ webpack-internal:///…evelopment.js:21407
recursivelyTraverseLayoutEffects @ webpack-internal:///…evelopment.js:22926
commitLayoutEffectOnFiber @ webpack-internal:///…evelopment.js:21407
recursivelyTraverseLayoutEffects @ webpack-internal:///…evelopment.js:22926
commitLayoutEffectOnFiber @ webpack-internal:///…evelopment.js:21407
recursivelyTraverseLayoutEffects @ webpack-internal:///…evelopment.js:22926
commitLayoutEffectOnFiber @ webpack-internal:///…evelopment.js:21577
recursivelyTraverseLayoutEffects @ webpack-internal:///…evelopment.js:22926
commitLayoutEffectOnFiber @ webpack-internal:///…evelopment.js:21577
recursivelyTraverseLayoutEffects @ webpack-internal:///…evelopment.js:22926
commitLayoutEffectOnFiber @ webpack-internal:///…evelopment.js:21577
recursivelyTraverseLayoutEffects @ webpack-internal:///…evelopment.js:22926
commitLayoutEffectOnFiber @ webpack-internal:///…evelopment.js:21437
commitLayoutEffects @ webpack-internal:///…evelopment.js:22912
commitRootImpl @ webpack-internal:///…evelopment.js:26226
commitRoot @ webpack-internal:///…evelopment.js:26077
commitRootWhenReady @ webpack-internal:///…evelopment.js:24749
finishConcurrentRender @ webpack-internal:///…evelopment.js:24714
performConcurrentWorkOnRoot @ webpack-internal:///…evelopment.js:24559
workLoop @ webpack-internal:///….development.js:256
flushWork @ webpack-internal:///….development.js:225
performWorkUntilDeadline @ webpack-internal:///….development.js:534
15:56:32.951  [CallModal] 🔄 Waiting for stream to become active for cmeifml0h001okung0i95m8s6
15:56:32.953  [VoiceActivity] Effect triggered: {hasStream: true, streamId: '34fa4aea-da9c-415d-afda-d1f0034b119c', audioTracks: 0, threshold: -40}
15:56:32.953  [VoiceActivity] No audio tracks in stream, cleaning up
15:56:32.953  [VoiceActivity] Effect triggered: {hasStream: true, streamId: '34fa4aea-da9c-415d-afda-d1f0034b119c', audioTracks: 0, threshold: -40}
15:56:32.953  [VoiceActivity] No audio tracks in stream, cleaning up
15:56:32.956  [CallModal] Rendered - voice call opened
15:56:32.956  [CallModal] Rendered - voice call opened
15:56:33.043  [CallModal] 🔗 Emergency connecting to participants: ['cmeifml0h001okung0i95m8s6']
15:56:33.044  [WebRTC] Initiating connections with participants: ['cmeifml0h001okung0i95m8s6']
15:56:33.044  [WebRTC] 📞 Creating offer for participant: cmeifml0h001okung0i95m8s6
15:56:33.044  [WebRTC] Creating peer connection for: cmeifml0h001okung0i95m8s6
15:56:33.044  [WebRTC] ⚠️ Peer connection already exists for: cmeifml0h001okung0i95m8s6 {connectionState: 'connecting', iceConnectionState: 'connected', signalingState: 'stable'}
15:56:33.044  [WebRTC] ✅ Reusing healthy existing connection for: cmeifml0h001okung0i95m8s6
15:56:33.044  [WebRTC] Local stream verification - tracks: 1
15:56:33.044  [WebRTC] 🔍 Peer connection senders before offer: 2
15:56:33.044  [WebRTC]   Sender 0: {hasTrack: true, trackKind: 'audio', trackEnabled: true, trackReadyState: 'live'}
15:56:33.044  [WebRTC]   Sender 1: {hasTrack: false, trackKind: undefined, trackEnabled: undefined, trackReadyState: undefined}
15:56:33.045  [WebRTC] Creating offer with low-latency options...
15:56:33.050  [WebRTC] 🚀 Optimizing SDP for ultra-low latency...
15:56:33.050  [WebRTC] ✅ SDP optimized for ultra-low latency
15:56:33.050  [WebRTC] Offer created and SDP optimized, analyzing...
15:56:33.050  [WebRTC] 🔍 Offer SDP analysis: {hasAudio: true, hasVideo: true}
15:56:33.050  [WebRTC] Setting local description...
15:56:33.056  [WebRTC] 📡 Sending offer to participant: cmeifml0h001okung0i95m8s6
15:56:33.057  [WebRTC] ✅ Offer successfully sent to: cmeifml0h001okung0i95m8s6
15:56:33.122  [VoiceActivity] Volume analysis: {average: '4.8', volume: '-34.5', threshold: -50, speaking: false, streamActive: true, …}
15:56:33.174  [WebRTC] Received answer: {callId: 'call-1757490917990-56d0d1cqo', fromUserId: 'cmeifml0h001okung0i95m8s6', ourCallId: 'call-1757490917990-56d0d1cqo'}
15:56:33.174  [WebRTC] Processing answer from: cmeifml0h001okung0i95m8s6
15:56:33.174  [WebRTC] Current signaling state: have-local-offer
15:56:33.174  [WebRTC] Setting remote description from answer
15:56:33.177  [WebRTC] Received answer: {callId: 'call-1757490917990-56d0d1cqo', fromUserId: 'cmeifml0h001okung0i95m8s6', ourCallId: 'call-1757490917990-56d0d1cqo'}
15:56:33.178  [WebRTC] Processing answer from: cmeifml0h001okung0i95m8s6
15:56:33.178  [WebRTC] Current signaling state: have-local-offer
15:56:33.178  [WebRTC] Setting remote description from answer
15:56:33.180  [WebRTC] Remote description set, applying any buffered ICE candidates
15:56:33.180  [WebRTC] Remote description set successfully for: cmeifml0h001okung0i95m8s6
15:56:33.180  [WebRTC] Connection state: connecting
15:56:33.181  [WebRTC] Failed to set remote description: 
window.console.error @ webpack-internal:///…ent/app-index.js:33
console.error @ webpack-internal:///…on-error-info.js:63
handleRemoteAnswer @ webpack-internal:///…/lib/webrtc.ts:1123
await in handleRemoteAnswer
Emitter.emit @ webpack-internal:///…ib/esm/index.js:140
emitEvent @ webpack-internal:///…d/esm/socket.js:545
onevent @ webpack-internal:///…d/esm/socket.js:532
onpacket @ webpack-internal:///…d/esm/socket.js:502
Emitter.emit @ webpack-internal:///…ib/esm/index.js:140
eval @ webpack-internal:///…/esm/manager.js:219
Promise.then
eval @ webpack-internal:///…d/esm/globals.js:11
ondecoded @ webpack-internal:///…/esm/manager.js:218
Emitter.emit @ webpack-internal:///…ib/esm/index.js:140
add @ webpack-internal:///…ld/esm/index.js:156
ondata @ webpack-internal:///…/esm/manager.js:205
Emitter.emit @ webpack-internal:///…ib/esm/index.js:140
_onPacket @ webpack-internal:///…d/esm/socket.js:272
Emitter.emit @ webpack-internal:///…ib/esm/index.js:140
onPacket @ webpack-internal:///…sm/transport.js:108
callback @ webpack-internal:///…ports/polling.js:86
onData @ webpack-internal:///…ports/polling.js:89
Emitter.emit @ webpack-internal:///…ib/esm/index.js:140
_onLoad @ webpack-internal:///…/polling-xhr.js:204
xhr.onreadystatechange @ webpack-internal:///…/polling-xhr.js:140
XMLHttpRequest.send
_create @ webpack-internal:///…/polling-xhr.js:150
Request @ webpack-internal:///…s/polling-xhr.js:86
request @ webpack-internal:///…/polling-xhr.js:264
doPoll @ webpack-internal:///…s/polling-xhr.js:63
_poll @ webpack-internal:///…ports/polling.js:66
onData @ webpack-internal:///…ports/polling.js:96
Emitter.emit @ webpack-internal:///…ib/esm/index.js:140
_onLoad @ webpack-internal:///…/polling-xhr.js:204
xhr.onreadystatechange @ webpack-internal:///…/polling-xhr.js:140
XMLHttpRequest.send
_create @ webpack-internal:///…/polling-xhr.js:150
Request @ webpack-internal:///…s/polling-xhr.js:86
request @ webpack-internal:///…/polling-xhr.js:264
doPoll @ webpack-internal:///…s/polling-xhr.js:63
_poll @ webpack-internal:///…ports/polling.js:66
onData @ webpack-internal:///…ports/polling.js:96
Emitter.emit @ webpack-internal:///…ib/esm/index.js:140
_onLoad @ webpack-internal:///…/polling-xhr.js:204
xhr.onreadystatechange @ webpack-internal:///…/polling-xhr.js:140
15:56:33.181  [WebRTC] InvalidStateError detected, attempting recovery
15:56:33.182  [WebRTC] 🔍 Connection closure requested for: cmeifml0h001okung0i95m8s6 {connectionState: 'connecting', iceConnectionState: 'connected', signalingState: 'stable', localDescription: true, remoteDescription: true, …}
15:56:33.182  [WebRTC] ⚠️ PREVENTING closure of healthy connection for: cmeifml0h001okung0i95m8s6 State: connecting ICE: connected
closePeerConnection @ webpack-internal:///…/lib/webrtc.ts:1183
handleRemoteAnswer @ webpack-internal:///…/lib/webrtc.ts:1127
await in handleRemoteAnswer
Emitter.emit @ webpack-internal:///…ib/esm/index.js:140
emitEvent @ webpack-internal:///…d/esm/socket.js:545
onevent @ webpack-internal:///…d/esm/socket.js:532
onpacket @ webpack-internal:///…d/esm/socket.js:502
Emitter.emit @ webpack-internal:///…ib/esm/index.js:140
eval @ webpack-internal:///…/esm/manager.js:219
Promise.then
eval @ webpack-internal:///…d/esm/globals.js:11
ondecoded @ webpack-internal:///…/esm/manager.js:218
Emitter.emit @ webpack-internal:///…ib/esm/index.js:140
add @ webpack-internal:///…ld/esm/index.js:156
ondata @ webpack-internal:///…/esm/manager.js:205
Emitter.emit @ webpack-internal:///…ib/esm/index.js:140
_onPacket @ webpack-internal:///…d/esm/socket.js:272
Emitter.emit @ webpack-internal:///…ib/esm/index.js:140
onPacket @ webpack-internal:///…sm/transport.js:108
callback @ webpack-internal:///…ports/polling.js:86
onData @ webpack-internal:///…ports/polling.js:89
Emitter.emit @ webpack-internal:///…ib/esm/index.js:140
_onLoad @ webpack-internal:///…/polling-xhr.js:204
xhr.onreadystatechange @ webpack-internal:///…/polling-xhr.js:140
XMLHttpRequest.send
_create @ webpack-internal:///…/polling-xhr.js:150
Request @ webpack-internal:///…s/polling-xhr.js:86
request @ webpack-internal:///…/polling-xhr.js:264
doPoll @ webpack-internal:///…s/polling-xhr.js:63
_poll @ webpack-internal:///…ports/polling.js:66
onData @ webpack-internal:///…ports/polling.js:96
Emitter.emit @ webpack-internal:///…ib/esm/index.js:140
_onLoad @ webpack-internal:///…/polling-xhr.js:204
xhr.onreadystatechange @ webpack-internal:///…/polling-xhr.js:140
XMLHttpRequest.send
_create @ webpack-internal:///…/polling-xhr.js:150
Request @ webpack-internal:///…s/polling-xhr.js:86
request @ webpack-internal:///…/polling-xhr.js:264
doPoll @ webpack-internal:///…s/polling-xhr.js:63
_poll @ webpack-internal:///…ports/polling.js:66
onData @ webpack-internal:///…ports/polling.js:96
Emitter.emit @ webpack-internal:///…ib/esm/index.js:140
_onLoad @ webpack-internal:///…/polling-xhr.js:204
xhr.onreadystatechange @ webpack-internal:///…/polling-xhr.js:140
15:56:33.182  [WebRTC] ✅ Preserving healthy connection for: cmeifml0h001okung0i95m8s6
15:56:33.255  [VoiceActivity] Volume analysis: {average: '4.8', volume: '-34.5', threshold: -50, speaking: false, streamActive: true, …}
15:56:33.491  [VoiceActivity] Volume analysis: {average: '4.7', volume: '-34.7', threshold: -50, speaking: false, streamActive: true, …}
15:56:33.528  [CallModal] Rendered - voice call opened
15:56:33.529  [CallModal] Rendered - voice call opened
15:56:33.529  [VoiceParticipant] Tester voice activity debug: {participantId: 'cmeifml0h001okung0i95m8s6', hasOriginalStream: true, hasLatestStream: true, streamActive: false, audioTracksCount: 0, …}
15:56:33.531  [CallModal] 🔊 Setting up audio element for participant cmeifml0h001okung0i95m8s6
15:56:33.531  [CallModal] Stream details: {id: '34fa4aea-da9c-415d-afda-d1f0034b119c', active: false, audioTracks: Array(0)}
15:56:33.531  [CallModal] Previous audio element for cmeifml0h001okung0i95m8s6: false
15:56:33.532  [CallModal] Cleared previous srcObject for cmeifml0h001okung0i95m8s6
15:56:33.532  [CallModal] 🔄 Stream not ready, waiting...
15:56:33.532  [CallModal] ❌ Initial audio play failed for cmeifml0h001okung0i95m8s6: 
attemptPlay @ webpack-internal:///…/CallModal.tsx:3124
ref @ webpack-internal:///…/CallModal.tsx:3158
commitAttachRef @ webpack-internal:///…evelopment.js:21677
safelyAttachRef @ webpack-internal:///…evelopment.js:20803
commitLayoutEffectOnFiber @ webpack-internal:///…evelopment.js:21498
recursivelyTraverseLayoutEffects @ webpack-internal:///…evelopment.js:22926
commitLayoutEffectOnFiber @ webpack-internal:///…evelopment.js:21577
recursivelyTraverseLayoutEffects @ webpack-internal:///…evelopment.js:22926
commitLayoutEffectOnFiber @ webpack-internal:///…evelopment.js:21488
recursivelyTraverseLayoutEffects @ webpack-internal:///…evelopment.js:22926
commitLayoutEffectOnFiber @ webpack-internal:///…evelopment.js:21488
recursivelyTraverseLayoutEffects @ webpack-internal:///…evelopment.js:22926
commitLayoutEffectOnFiber @ webpack-internal:///…evelopment.js:21488
recursivelyTraverseLayoutEffects @ webpack-internal:///…evelopment.js:22926
commitLayoutEffectOnFiber @ webpack-internal:///…evelopment.js:21488
recursivelyTraverseLayoutEffects @ webpack-internal:///…evelopment.js:22926
commitLayoutEffectOnFiber @ webpack-internal:///…evelopment.js:21407
recursivelyTraverseLayoutEffects @ webpack-internal:///…evelopment.js:22926
commitLayoutEffectOnFiber @ webpack-internal:///…evelopment.js:21407
recursivelyTraverseLayoutEffects @ webpack-internal:///…evelopment.js:22926
commitLayoutEffectOnFiber @ webpack-internal:///…evelopment.js:21577
recursivelyTraverseLayoutEffects @ webpack-internal:///…evelopment.js:22926
commitLayoutEffectOnFiber @ webpack-internal:///…evelopment.js:21407
recursivelyTraverseLayoutEffects @ webpack-internal:///…evelopment.js:22926
commitLayoutEffectOnFiber @ webpack-internal:///…evelopment.js:21577
recursivelyTraverseLayoutEffects @ webpack-internal:///…evelopment.js:22926
commitLayoutEffectOnFiber @ webpack-internal:///…evelopment.js:21407
recursivelyTraverseLayoutEffects @ webpack-internal:///…evelopment.js:22926
commitLayoutEffectOnFiber @ webpack-internal:///…evelopment.js:21577
recursivelyTraverseLayoutEffects @ webpack-internal:///…evelopment.js:22926
commitLayoutEffectOnFiber @ webpack-internal:///…evelopment.js:21407
recursivelyTraverseLayoutEffects @ webpack-internal:///…evelopment.js:22926
commitLayoutEffectOnFiber @ webpack-internal:///…evelopment.js:21577
recursivelyTraverseLayoutEffects @ webpack-internal:///…evelopment.js:22926
commitLayoutEffectOnFiber @ webpack-internal:///…evelopment.js:21407
recursivelyTraverseLayoutEffects @ webpack-internal:///…evelopment.js:22926
commitLayoutEffectOnFiber @ webpack-internal:///…evelopment.js:21407
recursivelyTraverseLayoutEffects @ webpack-internal:///…evelopment.js:22926
commitLayoutEffectOnFiber @ webpack-internal:///…evelopment.js:21488
recursivelyTraverseLayoutEffects @ webpack-internal:///…evelopment.js:22926
commitLayoutEffectOnFiber @ webpack-internal:///…evelopment.js:21488
recursivelyTraverseLayoutEffects @ webpack-internal:///…evelopment.js:22926
commitLayoutEffectOnFiber @ webpack-internal:///…evelopment.js:21577
recursivelyTraverseLayoutEffects @ webpack-internal:///…evelopment.js:22926
commitLayoutEffectOnFiber @ webpack-internal:///…evelopment.js:21577
recursivelyTraverseLayoutEffects @ webpack-internal:///…evelopment.js:22926
commitLayoutEffectOnFiber @ webpack-internal:///…evelopment.js:21418
recursivelyTraverseLayoutEffects @ webpack-internal:///…evelopment.js:22926
commitLayoutEffectOnFiber @ webpack-internal:///…evelopment.js:21407
recursivelyTraverseLayoutEffects @ webpack-internal:///…evelopment.js:22926
commitLayoutEffectOnFiber @ webpack-internal:///…evelopment.js:21577
recursivelyTraverseLayoutEffects @ webpack-internal:///…evelopment.js:22926
commitLayoutEffectOnFiber @ webpack-internal:///…evelopment.js:21418
recursivelyTraverseLayoutEffects @ webpack-internal:///…evelopment.js:22926
commitLayoutEffectOnFiber @ webpack-internal:///…evelopment.js:21407
recursivelyTraverseLayoutEffects @ webpack-internal:///…evelopment.js:22926
commitLayoutEffectOnFiber @ webpack-internal:///…evelopment.js:21407
recursivelyTraverseLayoutEffects @ webpack-internal:///…evelopment.js:22926
commitLayoutEffectOnFiber @ webpack-internal:///…evelopment.js:21418
recursivelyTraverseLayoutEffects @ webpack-internal:///…evelopment.js:22926
commitLayoutEffectOnFiber @ webpack-internal:///…evelopment.js:21407
recursivelyTraverseLayoutEffects @ webpack-internal:///…evelopment.js:22926
commitLayoutEffectOnFiber @ webpack-internal:///…evelopment.js:21577
recursivelyTraverseLayoutEffects @ webpack-internal:///…evelopment.js:22926
commitLayoutEffectOnFiber @ webpack-internal:///…evelopment.js:21577
recursivelyTraverseLayoutEffects @ webpack-internal:///…evelopment.js:22926
commitLayoutEffectOnFiber @ webpack-internal:///…evelopment.js:21577
recursivelyTraverseLayoutEffects @ webpack-internal:///…evelopment.js:22926
commitLayoutEffectOnFiber @ webpack-internal:///…evelopment.js:21577
recursivelyTraverseLayoutEffects @ webpack-internal:///…evelopment.js:22926
commitLayoutEffectOnFiber @ webpack-internal:///…evelopment.js:21577
recursivelyTraverseLayoutEffects @ webpack-internal:///…evelopment.js:22926
commitLayoutEffectOnFiber @ webpack-internal:///…evelopment.js:21577
recursivelyTraverseLayoutEffects @ webpack-internal:///…evelopment.js:22926
commitLayoutEffectOnFiber @ webpack-internal:///…evelopment.js:21407
recursivelyTraverseLayoutEffects @ webpack-internal:///…evelopment.js:22926
commitLayoutEffectOnFiber @ webpack-internal:///…evelopment.js:21418
recursivelyTraverseLayoutEffects @ webpack-internal:///…evelopment.js:22926
commitLayoutEffectOnFiber @ webpack-internal:///…evelopment.js:21407
recursivelyTraverseLayoutEffects @ webpack-internal:///…evelopment.js:22926
commitLayoutEffectOnFiber @ webpack-internal:///…evelopment.js:21407
recursivelyTraverseLayoutEffects @ webpack-internal:///…evelopment.js:22926
commitLayoutEffectOnFiber @ webpack-internal:///…evelopment.js:21407
recursivelyTraverseLayoutEffects @ webpack-internal:///…evelopment.js:22926
commitLayoutEffectOnFiber @ webpack-internal:///…evelopment.js:21407
recursivelyTraverseLayoutEffects @ webpack-internal:///…evelopment.js:22926
commitLayoutEffectOnFiber @ webpack-internal:///…evelopment.js:21577
recursivelyTraverseLayoutEffects @ webpack-internal:///…evelopment.js:22926
commitLayoutEffectOnFiber @ webpack-internal:///…evelopment.js:21577
recursivelyTraverseLayoutEffects @ webpack-internal:///…evelopment.js:22926
commitLayoutEffectOnFiber @ webpack-internal:///…evelopment.js:21577
recursivelyTraverseLayoutEffects @ webpack-internal:///…evelopment.js:22926
commitLayoutEffectOnFiber @ webpack-internal:///…evelopment.js:21437
commitLayoutEffects @ webpack-internal:///…evelopment.js:22912
commitRootImpl @ webpack-internal:///…evelopment.js:26226
commitRoot @ webpack-internal:///…evelopment.js:26077
commitRootWhenReady @ webpack-internal:///…evelopment.js:24749
finishConcurrentRender @ webpack-internal:///…evelopment.js:24714
performConcurrentWorkOnRoot @ webpack-internal:///…evelopment.js:24559
workLoop @ webpack-internal:///….development.js:256
flushWork @ webpack-internal:///….development.js:225
performWorkUntilDeadline @ webpack-internal:///….development.js:534
15:56:33.533  [CallModal] 🔄 Waiting for stream to become active for cmeifml0h001okung0i95m8s6
15:56:33.533  [VoiceActivity] Effect triggered: {hasStream: true, streamId: '34fa4aea-da9c-415d-afda-d1f0034b119c', audioTracks: 0, threshold: -40}
15:56:33.533  [VoiceActivity] No audio tracks in stream, cleaning up
15:56:33.534  [VoiceActivity] Effect triggered: {hasStream: true, streamId: '34fa4aea-da9c-415d-afda-d1f0034b119c', audioTracks: 0, threshold: -40}
15:56:33.534  [VoiceActivity] No audio tracks in stream, cleaning up
15:56:33.536  [CallModal] Rendered - voice call opened
15:56:33.536  [CallModal] Rendered - voice call opened
15:56:34.062  [WebRTC] 🔍 Post-offer state for cmeifml0h001okung0i95m8s6 : {connectionState: 'connecting', signalingState: 'stable', iceConnectionState: 'connected', iceGatheringState: 'complete'}
15:56:34.525  [CallModal] Rendered - voice call opened
15:56:34.526  [CallModal] Rendered - voice call opened
15:56:34.527  [VoiceParticipant] Tester voice activity debug: {participantId: 'cmeifml0h001okung0i95m8s6', hasOriginalStream: true, hasLatestStream: true, streamActive: false, audioTracksCount: 0, …}
15:56:34.529  [CallModal] 🔊 Setting up audio element for participant cmeifml0h001okung0i95m8s6
15:56:34.530  [CallModal] Stream details: {id: '34fa4aea-da9c-415d-afda-d1f0034b119c', active: false, audioTracks: Array(0)}
15:56:34.530  [CallModal] Previous audio element for cmeifml0h001okung0i95m8s6: false
15:56:34.531  [CallModal] Cleared previous srcObject for cmeifml0h001okung0i95m8s6
15:56:34.532  [CallModal] 🔄 Stream not ready, waiting...
15:56:34.532  [CallModal] ❌ Initial audio play failed for cmeifml0h001okung0i95m8s6: 
attemptPlay @ webpack-internal:///…/CallModal.tsx:3124
ref @ webpack-internal:///…/CallModal.tsx:3158
commitAttachRef @ webpack-internal:///…evelopment.js:21677
safelyAttachRef @ webpack-internal:///…evelopment.js:20803
commitLayoutEffectOnFiber @ webpack-internal:///…evelopment.js:21498
recursivelyTraverseLayoutEffects @ webpack-internal:///…evelopment.js:22926
commitLayoutEffectOnFiber @ webpack-internal:///…evelopment.js:21577
recursivelyTraverseLayoutEffects @ webpack-internal:///…evelopment.js:22926
commitLayoutEffectOnFiber @ webpack-internal:///…evelopment.js:21488
recursivelyTraverseLayoutEffects @ webpack-internal:///…evelopment.js:22926
commitLayoutEffectOnFiber @ webpack-internal:///…evelopment.js:21488
recursivelyTraverseLayoutEffects @ webpack-internal:///…evelopment.js:22926
commitLayoutEffectOnFiber @ webpack-internal:///…evelopment.js:21488
recursivelyTraverseLayoutEffects @ webpack-internal:///…evelopment.js:22926
commitLayoutEffectOnFiber @ webpack-internal:///…evelopment.js:21488
recursivelyTraverseLayoutEffects @ webpack-internal:///…evelopment.js:22926
commitLayoutEffectOnFiber @ webpack-internal:///…evelopment.js:21407
recursivelyTraverseLayoutEffects @ webpack-internal:///…evelopment.js:22926
commitLayoutEffectOnFiber @ webpack-internal:///…evelopment.js:21407
recursivelyTraverseLayoutEffects @ webpack-internal:///…evelopment.js:22926
commitLayoutEffectOnFiber @ webpack-internal:///…evelopment.js:21577
recursivelyTraverseLayoutEffects @ webpack-internal:///…evelopment.js:22926
commitLayoutEffectOnFiber @ webpack-internal:///…evelopment.js:21407
recursivelyTraverseLayoutEffects @ webpack-internal:///…evelopment.js:22926
commitLayoutEffectOnFiber @ webpack-internal:///…evelopment.js:21577
recursivelyTraverseLayoutEffects @ webpack-internal:///…evelopment.js:22926
commitLayoutEffectOnFiber @ webpack-internal:///…evelopment.js:21407
recursivelyTraverseLayoutEffects @ webpack-internal:///…evelopment.js:22926
commitLayoutEffectOnFiber @ webpack-internal:///…evelopment.js:21577
recursivelyTraverseLayoutEffects @ webpack-internal:///…evelopment.js:22926
commitLayoutEffectOnFiber @ webpack-internal:///…evelopment.js:21407
recursivelyTraverseLayoutEffects @ webpack-internal:///…evelopment.js:22926
commitLayoutEffectOnFiber @ webpack-internal:///…evelopment.js:21577
recursivelyTraverseLayoutEffects @ webpack-internal:///…evelopment.js:22926
commitLayoutEffectOnFiber @ webpack-internal:///…evelopment.js:21407
recursivelyTraverseLayoutEffects @ webpack-internal:///…evelopment.js:22926
commitLayoutEffectOnFiber @ webpack-internal:///…evelopment.js:21407
recursivelyTraverseLayoutEffects @ webpack-internal:///…evelopment.js:22926
commitLayoutEffectOnFiber @ webpack-internal:///…evelopment.js:21488
recursivelyTraverseLayoutEffects @ webpack-internal:///…evelopment.js:22926
commitLayoutEffectOnFiber @ webpack-internal:///…evelopment.js:21488
recursivelyTraverseLayoutEffects @ webpack-internal:///…evelopment.js:22926
commitLayoutEffectOnFiber @ webpack-internal:///…evelopment.js:21577
recursivelyTraverseLayoutEffects @ webpack-internal:///…evelopment.js:22926
commitLayoutEffectOnFiber @ webpack-internal:///…evelopment.js:21577
recursivelyTraverseLayoutEffects @ webpack-internal:///…evelopment.js:22926
commitLayoutEffectOnFiber @ webpack-internal:///…evelopment.js:21418
recursivelyTraverseLayoutEffects @ webpack-internal:///…evelopment.js:22926
commitLayoutEffectOnFiber @ webpack-internal:///…evelopment.js:21407
recursivelyTraverseLayoutEffects @ webpack-internal:///…evelopment.js:22926
commitLayoutEffectOnFiber @ webpack-internal:///…evelopment.js:21577
recursivelyTraverseLayoutEffects @ webpack-internal:///…evelopment.js:22926
commitLayoutEffectOnFiber @ webpack-internal:///…evelopment.js:21418
recursivelyTraverseLayoutEffects @ webpack-internal:///…evelopment.js:22926
commitLayoutEffectOnFiber @ webpack-internal:///…evelopment.js:21407
recursivelyTraverseLayoutEffects @ webpack-internal:///…evelopment.js:22926
commitLayoutEffectOnFiber @ webpack-internal:///…evelopment.js:21407
recursivelyTraverseLayoutEffects @ webpack-internal:///…evelopment.js:22926
commitLayoutEffectOnFiber @ webpack-internal:///…evelopment.js:21418
recursivelyTraverseLayoutEffects @ webpack-internal:///…evelopment.js:22926
commitLayoutEffectOnFiber @ webpack-internal:///…evelopment.js:21407
recursivelyTraverseLayoutEffects @ webpack-internal:///…evelopment.js:22926
commitLayoutEffectOnFiber @ webpack-internal:///…evelopment.js:21577
recursivelyTraverseLayoutEffects @ webpack-internal:///…evelopment.js:22926
commitLayoutEffectOnFiber @ webpack-internal:///…evelopment.js:21577
recursivelyTraverseLayoutEffects @ webpack-internal:///…evelopment.js:22926
commitLayoutEffectOnFiber @ webpack-internal:///…evelopment.js:21577
recursivelyTraverseLayoutEffects @ webpack-internal:///…evelopment.js:22926
commitLayoutEffectOnFiber @ webpack-internal:///…evelopment.js:21577
recursivelyTraverseLayoutEffects @ webpack-internal:///…evelopment.js:22926
commitLayoutEffectOnFiber @ webpack-internal:///…evelopment.js:21577
recursivelyTraverseLayoutEffects @ webpack-internal:///…evelopment.js:22926
commitLayoutEffectOnFiber @ webpack-internal:///…evelopment.js:21577
recursivelyTraverseLayoutEffects @ webpack-internal:///…evelopment.js:22926
commitLayoutEffectOnFiber @ webpack-internal:///…evelopment.js:21407
recursivelyTraverseLayoutEffects @ webpack-internal:///…evelopment.js:22926
commitLayoutEffectOnFiber @ webpack-internal:///…evelopment.js:21418
recursivelyTraverseLayoutEffects @ webpack-internal:///…evelopment.js:22926
commitLayoutEffectOnFiber @ webpack-internal:///…evelopment.js:21407
recursivelyTraverseLayoutEffects @ webpack-internal:///…evelopment.js:22926
commitLayoutEffectOnFiber @ webpack-internal:///…evelopment.js:21407
recursivelyTraverseLayoutEffects @ webpack-internal:///…evelopment.js:22926
commitLayoutEffectOnFiber @ webpack-internal:///…evelopment.js:21407
recursivelyTraverseLayoutEffects @ webpack-internal:///…evelopment.js:22926
commitLayoutEffectOnFiber @ webpack-internal:///…evelopment.js:21407
recursivelyTraverseLayoutEffects @ webpack-internal:///…evelopment.js:22926
commitLayoutEffectOnFiber @ webpack-internal:///…evelopment.js:21577
recursivelyTraverseLayoutEffects @ webpack-internal:///…evelopment.js:22926
commitLayoutEffectOnFiber @ webpack-internal:///…evelopment.js:21577
recursivelyTraverseLayoutEffects @ webpack-internal:///…evelopment.js:22926
commitLayoutEffectOnFiber @ webpack-internal:///…evelopment.js:21577
recursivelyTraverseLayoutEffects @ webpack-internal:///…evelopment.js:22926
commitLayoutEffectOnFiber @ webpack-internal:///…evelopment.js:21437
commitLayoutEffects @ webpack-internal:///…evelopment.js:22912
commitRootImpl @ webpack-internal:///…evelopment.js:26226
commitRoot @ webpack-internal:///…evelopment.js:26077
commitRootWhenReady @ webpack-internal:///…evelopment.js:24749
finishConcurrentRender @ webpack-internal:///…evelopment.js:24714
performConcurrentWorkOnRoot @ webpack-internal:///…evelopment.js:24559
workLoop @ webpack-internal:///….development.js:256
flushWork @ webpack-internal:///….development.js:225
performWorkUntilDeadline @ webpack-internal:///….development.js:534
15:56:34.532  [CallModal] 🔄 Waiting for stream to become active for cmeifml0h001okung0i95m8s6
15:56:34.533  [CallModal] Skipping connection verification - no WebRTC or participants
15:56:34.537  [VoiceActivity] Effect triggered: {hasStream: true, streamId: '34fa4aea-da9c-415d-afda-d1f0034b119c', audioTracks: 0, threshold: -40}
15:56:34.537  [VoiceActivity] No audio tracks in stream, cleaning up
15:56:34.538  [VoiceActivity] Effect triggered: {hasStream: true, streamId: '34fa4aea-da9c-415d-afda-d1f0034b119c', audioTracks: 0, threshold: -40}
15:56:34.538  [VoiceActivity] No audio tracks in stream, cleaning up
15:56:34.539  [CallModal] Rendered - voice call opened
15:56:34.539  [CallModal] Rendered - voice call opened
15:56:34.553  [VoiceActivity] Volume analysis: {average: '4.6', volume: '-34.9', threshold: -50, speaking: false, streamActive: true, …}
15:56:34.934  [CallModal] Updated peer connections for performance monitoring: 2
15:56:34.934  [CallModal] Peer connection participants: (2) ['cmeifml0h001okung0i95m8s6', 'cmeifn5qp002dkunge64m0xss']
15:56:34.934  [CallModal] Rendered - voice call opened
15:56:34.935  [CallModal] Rendered - voice call opened
15:56:34.935  [VoiceParticipant] Tester voice activity debug: {participantId: 'cmeifml0h001okung0i95m8s6', hasOriginalStream: true, hasLatestStream: true, streamActive: false, audioTracksCount: 0, …}
15:56:34.936  [CallModal] 🔊 Setting up audio element for participant cmeifml0h001okung0i95m8s6
15:56:34.937  [CallModal] Stream details: {id: '34fa4aea-da9c-415d-afda-d1f0034b119c', active: false, audioTracks: Array(0)}
15:56:34.937  [CallModal] Previous audio element for cmeifml0h001okung0i95m8s6: false
15:56:34.938  [CallModal] Cleared previous srcObject for cmeifml0h001okung0i95m8s6
15:56:34.938  [CallModal] 🔄 Stream not ready, waiting...
15:56:34.939  [CallModal] ❌ Initial audio play failed for cmeifml0h001okung0i95m8s6: 
attemptPlay @ webpack-internal:///…/CallModal.tsx:3124
ref @ webpack-internal:///…/CallModal.tsx:3158
commitAttachRef @ webpack-internal:///…evelopment.js:21677
safelyAttachRef @ webpack-internal:///…evelopment.js:20803
commitLayoutEffectOnFiber @ webpack-internal:///…evelopment.js:21498
recursivelyTraverseLayoutEffects @ webpack-internal:///…evelopment.js:22926
commitLayoutEffectOnFiber @ webpack-internal:///…evelopment.js:21577
recursivelyTraverseLayoutEffects @ webpack-internal:///…evelopment.js:22926
commitLayoutEffectOnFiber @ webpack-internal:///…evelopment.js:21488
recursivelyTraverseLayoutEffects @ webpack-internal:///…evelopment.js:22926
commitLayoutEffectOnFiber @ webpack-internal:///…evelopment.js:21488
recursivelyTraverseLayoutEffects @ webpack-internal:///…evelopment.js:22926
commitLayoutEffectOnFiber @ webpack-internal:///…evelopment.js:21488
recursivelyTraverseLayoutEffects @ webpack-internal:///…evelopment.js:22926
commitLayoutEffectOnFiber @ webpack-internal:///…evelopment.js:21488
recursivelyTraverseLayoutEffects @ webpack-internal:///…evelopment.js:22926
commitLayoutEffectOnFiber @ webpack-internal:///…evelopment.js:21407
recursivelyTraverseLayoutEffects @ webpack-internal:///…evelopment.js:22926
commitLayoutEffectOnFiber @ webpack-internal:///…evelopment.js:21407
recursivelyTraverseLayoutEffects @ webpack-internal:///…evelopment.js:22926
commitLayoutEffectOnFiber @ webpack-internal:///…evelopment.js:21577
recursivelyTraverseLayoutEffects @ webpack-internal:///…evelopment.js:22926
commitLayoutEffectOnFiber @ webpack-internal:///…evelopment.js:21407
recursivelyTraverseLayoutEffects @ webpack-internal:///…evelopment.js:22926
commitLayoutEffectOnFiber @ webpack-internal:///…evelopment.js:21577
recursivelyTraverseLayoutEffects @ webpack-internal:///…evelopment.js:22926
commitLayoutEffectOnFiber @ webpack-internal:///…evelopment.js:21407
recursivelyTraverseLayoutEffects @ webpack-internal:///…evelopment.js:22926
commitLayoutEffectOnFiber @ webpack-internal:///…evelopment.js:21577
recursivelyTraverseLayoutEffects @ webpack-internal:///…evelopment.js:22926
commitLayoutEffectOnFiber @ webpack-internal:///…evelopment.js:21407
recursivelyTraverseLayoutEffects @ webpack-internal:///…evelopment.js:22926
commitLayoutEffectOnFiber @ webpack-internal:///…evelopment.js:21577
recursivelyTraverseLayoutEffects @ webpack-internal:///…evelopment.js:22926
commitLayoutEffectOnFiber @ webpack-internal:///…evelopment.js:21407
recursivelyTraverseLayoutEffects @ webpack-internal:///…evelopment.js:22926
commitLayoutEffectOnFiber @ webpack-internal:///…evelopment.js:21407
recursivelyTraverseLayoutEffects @ webpack-internal:///…evelopment.js:22926
commitLayoutEffectOnFiber @ webpack-internal:///…evelopment.js:21488
recursivelyTraverseLayoutEffects @ webpack-internal:///…evelopment.js:22926
commitLayoutEffectOnFiber @ webpack-internal:///…evelopment.js:21488
recursivelyTraverseLayoutEffects @ webpack-internal:///…evelopment.js:22926
commitLayoutEffectOnFiber @ webpack-internal:///…evelopment.js:21577
recursivelyTraverseLayoutEffects @ webpack-internal:///…evelopment.js:22926
commitLayoutEffectOnFiber @ webpack-internal:///…evelopment.js:21577
recursivelyTraverseLayoutEffects @ webpack-internal:///…evelopment.js:22926
commitLayoutEffectOnFiber @ webpack-internal:///…evelopment.js:21418
recursivelyTraverseLayoutEffects @ webpack-internal:///…evelopment.js:22926
commitLayoutEffectOnFiber @ webpack-internal:///…evelopment.js:21407
recursivelyTraverseLayoutEffects @ webpack-internal:///…evelopment.js:22926
commitLayoutEffectOnFiber @ webpack-internal:///…evelopment.js:21577
recursivelyTraverseLayoutEffects @ webpack-internal:///…evelopment.js:22926
commitLayoutEffectOnFiber @ webpack-internal:///…evelopment.js:21418
recursivelyTraverseLayoutEffects @ webpack-internal:///…evelopment.js:22926
commitLayoutEffectOnFiber @ webpack-internal:///…evelopment.js:21407
recursivelyTraverseLayoutEffects @ webpack-internal:///…evelopment.js:22926
commitLayoutEffectOnFiber @ webpack-internal:///…evelopment.js:21407
recursivelyTraverseLayoutEffects @ webpack-internal:///…evelopment.js:22926
commitLayoutEffectOnFiber @ webpack-internal:///…evelopment.js:21418
recursivelyTraverseLayoutEffects @ webpack-internal:///…evelopment.js:22926
commitLayoutEffectOnFiber @ webpack-internal:///…evelopment.js:21407
recursivelyTraverseLayoutEffects @ webpack-internal:///…evelopment.js:22926
commitLayoutEffectOnFiber @ webpack-internal:///…evelopment.js:21577
recursivelyTraverseLayoutEffects @ webpack-internal:///…evelopment.js:22926
commitLayoutEffectOnFiber @ webpack-internal:///…evelopment.js:21577
recursivelyTraverseLayoutEffects @ webpack-internal:///…evelopment.js:22926
commitLayoutEffectOnFiber @ webpack-internal:///…evelopment.js:21577
recursivelyTraverseLayoutEffects @ webpack-internal:///…evelopment.js:22926
commitLayoutEffectOnFiber @ webpack-internal:///…evelopment.js:21577
recursivelyTraverseLayoutEffects @ webpack-internal:///…evelopment.js:22926
commitLayoutEffectOnFiber @ webpack-internal:///…evelopment.js:21577
recursivelyTraverseLayoutEffects @ webpack-internal:///…evelopment.js:22926
commitLayoutEffectOnFiber @ webpack-internal:///…evelopment.js:21577
recursivelyTraverseLayoutEffects @ webpack-internal:///…evelopment.js:22926
commitLayoutEffectOnFiber @ webpack-internal:///…evelopment.js:21407
recursivelyTraverseLayoutEffects @ webpack-internal:///…evelopment.js:22926
commitLayoutEffectOnFiber @ webpack-internal:///…evelopment.js:21418
recursivelyTraverseLayoutEffects @ webpack-internal:///…evelopment.js:22926
commitLayoutEffectOnFiber @ webpack-internal:///…evelopment.js:21407
recursivelyTraverseLayoutEffects @ webpack-internal:///…evelopment.js:22926
commitLayoutEffectOnFiber @ webpack-internal:///…evelopment.js:21407
recursivelyTraverseLayoutEffects @ webpack-internal:///…evelopment.js:22926
commitLayoutEffectOnFiber @ webpack-internal:///…evelopment.js:21407
recursivelyTraverseLayoutEffects @ webpack-internal:///…evelopment.js:22926
commitLayoutEffectOnFiber @ webpack-internal:///…evelopment.js:21407
recursivelyTraverseLayoutEffects @ webpack-internal:///…evelopment.js:22926
commitLayoutEffectOnFiber @ webpack-internal:///…evelopment.js:21577
recursivelyTraverseLayoutEffects @ webpack-internal:///…evelopment.js:22926
commitLayoutEffectOnFiber @ webpack-internal:///…evelopment.js:21577
recursivelyTraverseLayoutEffects @ webpack-internal:///…evelopment.js:22926
commitLayoutEffectOnFiber @ webpack-internal:///…evelopment.js:21577
recursivelyTraverseLayoutEffects @ webpack-internal:///…evelopment.js:22926
commitLayoutEffectOnFiber @ webpack-internal:///…evelopment.js:21437
commitLayoutEffects @ webpack-internal:///…evelopment.js:22912
commitRootImpl @ webpack-internal:///…evelopment.js:26226
commitRoot @ webpack-internal:///…evelopment.js:26077
commitRootWhenReady @ webpack-internal:///…evelopment.js:24749
finishConcurrentRender @ webpack-internal:///…evelopment.js:24714
performConcurrentWorkOnRoot @ webpack-internal:///…evelopment.js:24559
workLoop @ webpack-internal:///….development.js:256
flushWork @ webpack-internal:///….development.js:225
performWorkUntilDeadline @ webpack-internal:///….development.js:534
15:56:34.940  [CallModal] 🔄 Waiting for stream to become active for cmeifml0h001okung0i95m8s6
15:56:34.942  [VoiceActivity] Effect triggered: {hasStream: true, streamId: '34fa4aea-da9c-415d-afda-d1f0034b119c', audioTracks: 0, threshold: -40}
15:56:34.942  [VoiceActivity] No audio tracks in stream, cleaning up
15:56:34.943  [useCallPerformance] Connection states: (2) [{…}, {…}]
15:56:34.943  [useCallPerformance] Starting monitoring for 2 valid connections
15:56:34.943  [VoiceActivity] Effect triggered: {hasStream: true, streamId: '34fa4aea-da9c-415d-afda-d1f0034b119c', audioTracks: 0, threshold: -40}
15:56:34.944  [VoiceActivity] No audio tracks in stream, cleaning up
15:56:34.944  [CallModal] Rendered - voice call opened
15:56:34.944  [CallModal] Rendered - voice call opened
15:56:34.945  [useCallPerformance] Network metrics: {audioPacketLoss: 0, videoPacketLoss: 0, videoFrameRate: 0, latency: 1, callType: 'voice'}
15:56:34.946  [useCallPerformance] No valid network data yet, assuming good quality
15:56:34.947  [CallModal] Rendered - voice call opened
15:56:34.947  [CallModal] Rendered - voice call opened
15:56:34.949  [VoiceParticipant] Tester voice activity debug: {participantId: 'cmeifml0h001okung0i95m8s6', hasOriginalStream: true, hasLatestStream: true, streamActive: false, audioTracksCount: 0, …}
15:56:34.950  [CallModal] 🔊 Setting up audio element for participant cmeifml0h001okung0i95m8s6
15:56:34.950  [CallModal] Stream details: {id: '34fa4aea-da9c-415d-afda-d1f0034b119c', active: false, audioTracks: Array(0)}
15:56:34.951  [CallModal] Previous audio element for cmeifml0h001okung0i95m8s6: false
15:56:34.952  [CallModal] Cleared previous srcObject for cmeifml0h001okung0i95m8s6
15:56:34.952  [CallModal] 🔄 Stream not ready, waiting...
15:56:34.952  [CallModal] ❌ Initial audio play failed for cmeifml0h001okung0i95m8s6: 
attemptPlay @ webpack-internal:///…/CallModal.tsx:3124
ref @ webpack-internal:///…/CallModal.tsx:3158
commitAttachRef @ webpack-internal:///…evelopment.js:21677
safelyAttachRef @ webpack-internal:///…evelopment.js:20803
commitLayoutEffectOnFiber @ webpack-internal:///…evelopment.js:21498
recursivelyTraverseLayoutEffects @ webpack-internal:///…evelopment.js:22926
commitLayoutEffectOnFiber @ webpack-internal:///…evelopment.js:21577
recursivelyTraverseLayoutEffects @ webpack-internal:///…evelopment.js:22926
commitLayoutEffectOnFiber @ webpack-internal:///…evelopment.js:21488
recursivelyTraverseLayoutEffects @ webpack-internal:///…evelopment.js:22926
commitLayoutEffectOnFiber @ webpack-internal:///…evelopment.js:21488
recursivelyTraverseLayoutEffects @ webpack-internal:///…evelopment.js:22926
commitLayoutEffectOnFiber @ webpack-internal:///…evelopment.js:21488
recursivelyTraverseLayoutEffects @ webpack-internal:///…evelopment.js:22926
commitLayoutEffectOnFiber @ webpack-internal:///…evelopment.js:21488
recursivelyTraverseLayoutEffects @ webpack-internal:///…evelopment.js:22926
commitLayoutEffectOnFiber @ webpack-internal:///…evelopment.js:21407
recursivelyTraverseLayoutEffects @ webpack-internal:///…evelopment.js:22926
commitLayoutEffectOnFiber @ webpack-internal:///…evelopment.js:21407
recursivelyTraverseLayoutEffects @ webpack-internal:///…evelopment.js:22926
commitLayoutEffectOnFiber @ webpack-internal:///…evelopment.js:21577
recursivelyTraverseLayoutEffects @ webpack-internal:///…evelopment.js:22926
commitLayoutEffectOnFiber @ webpack-internal:///…evelopment.js:21407
recursivelyTraverseLayoutEffects @ webpack-internal:///…evelopment.js:22926
commitLayoutEffectOnFiber @ webpack-internal:///…evelopment.js:21577
recursivelyTraverseLayoutEffects @ webpack-internal:///…evelopment.js:22926
commitLayoutEffectOnFiber @ webpack-internal:///…evelopment.js:21407
recursivelyTraverseLayoutEffects @ webpack-internal:///…evelopment.js:22926
commitLayoutEffectOnFiber @ webpack-internal:///…evelopment.js:21577
recursivelyTraverseLayoutEffects @ webpack-internal:///…evelopment.js:22926
commitLayoutEffectOnFiber @ webpack-internal:///…evelopment.js:21407
recursivelyTraverseLayoutEffects @ webpack-internal:///…evelopment.js:22926
commitLayoutEffectOnFiber @ webpack-internal:///…evelopment.js:21577
recursivelyTraverseLayoutEffects @ webpack-internal:///…evelopment.js:22926
commitLayoutEffectOnFiber @ webpack-internal:///…evelopment.js:21407
recursivelyTraverseLayoutEffects @ webpack-internal:///…evelopment.js:22926
commitLayoutEffectOnFiber @ webpack-internal:///…evelopment.js:21407
recursivelyTraverseLayoutEffects @ webpack-internal:///…evelopment.js:22926
commitLayoutEffectOnFiber @ webpack-internal:///…evelopment.js:21488
recursivelyTraverseLayoutEffects @ webpack-internal:///…evelopment.js:22926
commitLayoutEffectOnFiber @ webpack-internal:///…evelopment.js:21488
recursivelyTraverseLayoutEffects @ webpack-internal:///…evelopment.js:22926
commitLayoutEffectOnFiber @ webpack-internal:///…evelopment.js:21577
recursivelyTraverseLayoutEffects @ webpack-internal:///…evelopment.js:22926
commitLayoutEffectOnFiber @ webpack-internal:///…evelopment.js:21577
recursivelyTraverseLayoutEffects @ webpack-internal:///…evelopment.js:22926
commitLayoutEffectOnFiber @ webpack-internal:///…evelopment.js:21418
recursivelyTraverseLayoutEffects @ webpack-internal:///…evelopment.js:22926
commitLayoutEffectOnFiber @ webpack-internal:///…evelopment.js:21407
recursivelyTraverseLayoutEffects @ webpack-internal:///…evelopment.js:22926
commitLayoutEffectOnFiber @ webpack-internal:///…evelopment.js:21577
recursivelyTraverseLayoutEffects @ webpack-internal:///…evelopment.js:22926
commitLayoutEffectOnFiber @ webpack-internal:///…evelopment.js:21418
recursivelyTraverseLayoutEffects @ webpack-internal:///…evelopment.js:22926
commitLayoutEffectOnFiber @ webpack-internal:///…evelopment.js:21407
recursivelyTraverseLayoutEffects @ webpack-internal:///…evelopment.js:22926
commitLayoutEffectOnFiber @ webpack-internal:///…evelopment.js:21407
recursivelyTraverseLayoutEffects @ webpack-internal:///…evelopment.js:22926
commitLayoutEffectOnFiber @ webpack-internal:///…evelopment.js:21418
recursivelyTraverseLayoutEffects @ webpack-internal:///…evelopment.js:22926
commitLayoutEffectOnFiber @ webpack-internal:///…evelopment.js:21407
recursivelyTraverseLayoutEffects @ webpack-internal:///…evelopment.js:22926
commitLayoutEffectOnFiber @ webpack-internal:///…evelopment.js:21577
recursivelyTraverseLayoutEffects @ webpack-internal:///…evelopment.js:22926
commitLayoutEffectOnFiber @ webpack-internal:///…evelopment.js:21577
recursivelyTraverseLayoutEffects @ webpack-internal:///…evelopment.js:22926
commitLayoutEffectOnFiber @ webpack-internal:///…evelopment.js:21577
recursivelyTraverseLayoutEffects @ webpack-internal:///…evelopment.js:22926
commitLayoutEffectOnFiber @ webpack-internal:///…evelopment.js:21577
recursivelyTraverseLayoutEffects @ webpack-internal:///…evelopment.js:22926
commitLayoutEffectOnFiber @ webpack-internal:///…evelopment.js:21577
recursivelyTraverseLayoutEffects @ webpack-internal:///…evelopment.js:22926
commitLayoutEffectOnFiber @ webpack-internal:///…evelopment.js:21577
recursivelyTraverseLayoutEffects @ webpack-internal:///…evelopment.js:22926
commitLayoutEffectOnFiber @ webpack-internal:///…evelopment.js:21407
recursivelyTraverseLayoutEffects @ webpack-internal:///…evelopment.js:22926
commitLayoutEffectOnFiber @ webpack-internal:///…evelopment.js:21418
recursivelyTraverseLayoutEffects @ webpack-internal:///…evelopment.js:22926
commitLayoutEffectOnFiber @ webpack-internal:///…evelopment.js:21407
recursivelyTraverseLayoutEffects @ webpack-internal:///…evelopment.js:22926
commitLayoutEffectOnFiber @ webpack-internal:///…evelopment.js:21407
recursivelyTraverseLayoutEffects @ webpack-internal:///…evelopment.js:22926
commitLayoutEffectOnFiber @ webpack-internal:///…evelopment.js:21407
recursivelyTraverseLayoutEffects @ webpack-internal:///…evelopment.js:22926
commitLayoutEffectOnFiber @ webpack-internal:///…evelopment.js:21407
recursivelyTraverseLayoutEffects @ webpack-internal:///…evelopment.js:22926
commitLayoutEffectOnFiber @ webpack-internal:///…evelopment.js:21577
recursivelyTraverseLayoutEffects @ webpack-internal:///…evelopment.js:22926
commitLayoutEffectOnFiber @ webpack-internal:///…evelopment.js:21577
recursivelyTraverseLayoutEffects @ webpack-internal:///…evelopment.js:22926
commitLayoutEffectOnFiber @ webpack-internal:///…evelopment.js:21577
recursivelyTraverseLayoutEffects @ webpack-internal:///…evelopment.js:22926
commitLayoutEffectOnFiber @ webpack-internal:///…evelopment.js:21437
commitLayoutEffects @ webpack-internal:///…evelopment.js:22912
commitRootImpl @ webpack-internal:///…evelopment.js:26226
commitRoot @ webpack-internal:///…evelopment.js:26077
commitRootWhenReady @ webpack-internal:///…evelopment.js:24749
finishConcurrentRender @ webpack-internal:///…evelopment.js:24714
performConcurrentWorkOnRoot @ webpack-internal:///…evelopment.js:24559
workLoop @ webpack-internal:///….development.js:256
flushWork @ webpack-internal:///….development.js:225
performWorkUntilDeadline @ webpack-internal:///….development.js:534
15:56:34.953  [CallModal] 🔄 Waiting for stream to become active for cmeifml0h001okung0i95m8s6
15:56:34.956  [VoiceActivity] Effect triggered: {hasStream: true, streamId: '34fa4aea-da9c-415d-afda-d1f0034b119c', audioTracks: 0, threshold: -40}
15:56:34.957  [VoiceActivity] No audio tracks in stream, cleaning up
15:56:34.957  [VoiceActivity] Effect triggered: {hasStream: true, streamId: '34fa4aea-da9c-415d-afda-d1f0034b119c', audioTracks: 0, threshold: -40}
15:56:34.957  [VoiceActivity] No audio tracks in stream, cleaning up
15:56:34.958  [CallModal] Rendered - voice call opened
15:56:34.959  [CallModal] Rendered - voice call opened
15:56:35.171  User status update received: {userId: 'cmeifn5qp002dkunge64m0xss', isOnline: true, lastSeen: '2025-09-10T07:56:35.160Z'}
15:56:35.172  Updated online status for user cmeifn5qp002dkunge64m0xss in conversation cmew64hqq0008kud8i3zywuwd
15:56:35.173  🏠 ChatWindow mounted/re-rendered with conversationId: null
15:56:35.173  🏠 ChatWindow mounted/re-rendered with conversationId: null
15:56:35.173  [CallModal] Rendered - voice call opened
15:56:35.173  [CallModal] Rendered - voice call opened
15:56:35.174  [VoiceParticipant] Tester voice activity debug: {participantId: 'cmeifml0h001okung0i95m8s6', hasOriginalStream: true, hasLatestStream: true, streamActive: false, audioTracksCount: 0, …}
15:56:35.176  [CallModal] 🔊 Setting up audio element for participant cmeifml0h001okung0i95m8s6
15:56:35.177  [CallModal] Stream details: {id: '34fa4aea-da9c-415d-afda-d1f0034b119c', active: false, audioTracks: Array(0)}
15:56:35.177  [CallModal] Previous audio element for cmeifml0h001okung0i95m8s6: false
15:56:35.179  [CallModal] Cleared previous srcObject for cmeifml0h001okung0i95m8s6
15:56:35.179  [CallModal] 🔄 Stream not ready, waiting...
15:56:35.179  [CallModal] ❌ Initial audio play failed for cmeifml0h001okung0i95m8s6: 
attemptPlay @ webpack-internal:///…/CallModal.tsx:3124
ref @ webpack-internal:///…/CallModal.tsx:3158
commitAttachRef @ webpack-internal:///…evelopment.js:21677
safelyAttachRef @ webpack-internal:///…evelopment.js:20803
commitLayoutEffectOnFiber @ webpack-internal:///…evelopment.js:21498
recursivelyTraverseLayoutEffects @ webpack-internal:///…evelopment.js:22926
commitLayoutEffectOnFiber @ webpack-internal:///…evelopment.js:21577
recursivelyTraverseLayoutEffects @ webpack-internal:///…evelopment.js:22926
commitLayoutEffectOnFiber @ webpack-internal:///…evelopment.js:21488
recursivelyTraverseLayoutEffects @ webpack-internal:///…evelopment.js:22926
commitLayoutEffectOnFiber @ webpack-internal:///…evelopment.js:21488
recursivelyTraverseLayoutEffects @ webpack-internal:///…evelopment.js:22926
commitLayoutEffectOnFiber @ webpack-internal:///…evelopment.js:21488
recursivelyTraverseLayoutEffects @ webpack-internal:///…evelopment.js:22926
commitLayoutEffectOnFiber @ webpack-internal:///…evelopment.js:21488
recursivelyTraverseLayoutEffects @ webpack-internal:///…evelopment.js:22926
commitLayoutEffectOnFiber @ webpack-internal:///…evelopment.js:21407
recursivelyTraverseLayoutEffects @ webpack-internal:///…evelopment.js:22926
commitLayoutEffectOnFiber @ webpack-internal:///…evelopment.js:21407
recursivelyTraverseLayoutEffects @ webpack-internal:///…evelopment.js:22926
commitLayoutEffectOnFiber @ webpack-internal:///…evelopment.js:21577
recursivelyTraverseLayoutEffects @ webpack-internal:///…evelopment.js:22926
commitLayoutEffectOnFiber @ webpack-internal:///…evelopment.js:21407
recursivelyTraverseLayoutEffects @ webpack-internal:///…evelopment.js:22926
commitLayoutEffectOnFiber @ webpack-internal:///…evelopment.js:21577
recursivelyTraverseLayoutEffects @ webpack-internal:///…evelopment.js:22926
commitLayoutEffectOnFiber @ webpack-internal:///…evelopment.js:21407
recursivelyTraverseLayoutEffects @ webpack-internal:///…evelopment.js:22926
commitLayoutEffectOnFiber @ webpack-internal:///…evelopment.js:21577
recursivelyTraverseLayoutEffects @ webpack-internal:///…evelopment.js:22926
commitLayoutEffectOnFiber @ webpack-internal:///…evelopment.js:21407
recursivelyTraverseLayoutEffects @ webpack-internal:///…evelopment.js:22926
commitLayoutEffectOnFiber @ webpack-internal:///…evelopment.js:21577
recursivelyTraverseLayoutEffects @ webpack-internal:///…evelopment.js:22926
commitLayoutEffectOnFiber @ webpack-internal:///…evelopment.js:21407
recursivelyTraverseLayoutEffects @ webpack-internal:///…evelopment.js:22926
commitLayoutEffectOnFiber @ webpack-internal:///…evelopment.js:21407
recursivelyTraverseLayoutEffects @ webpack-internal:///…evelopment.js:22926
commitLayoutEffectOnFiber @ webpack-internal:///…evelopment.js:21488
recursivelyTraverseLayoutEffects @ webpack-internal:///…evelopment.js:22926
commitLayoutEffectOnFiber @ webpack-internal:///…evelopment.js:21488
recursivelyTraverseLayoutEffects @ webpack-internal:///…evelopment.js:22926
commitLayoutEffectOnFiber @ webpack-internal:///…evelopment.js:21577
recursivelyTraverseLayoutEffects @ webpack-internal:///…evelopment.js:22926
commitLayoutEffectOnFiber @ webpack-internal:///…evelopment.js:21577
recursivelyTraverseLayoutEffects @ webpack-internal:///…evelopment.js:22926
commitLayoutEffectOnFiber @ webpack-internal:///…evelopment.js:21418
recursivelyTraverseLayoutEffects @ webpack-internal:///…evelopment.js:22926
commitLayoutEffectOnFiber @ webpack-internal:///…evelopment.js:21407
recursivelyTraverseLayoutEffects @ webpack-internal:///…evelopment.js:22926
commitLayoutEffectOnFiber @ webpack-internal:///…evelopment.js:21577
recursivelyTraverseLayoutEffects @ webpack-internal:///…evelopment.js:22926
commitLayoutEffectOnFiber @ webpack-internal:///…evelopment.js:21418
recursivelyTraverseLayoutEffects @ webpack-internal:///…evelopment.js:22926
commitLayoutEffectOnFiber @ webpack-internal:///…evelopment.js:21407
recursivelyTraverseLayoutEffects @ webpack-internal:///…evelopment.js:22926
commitLayoutEffectOnFiber @ webpack-internal:///…evelopment.js:21407
recursivelyTraverseLayoutEffects @ webpack-internal:///…evelopment.js:22926
commitLayoutEffectOnFiber @ webpack-internal:///…evelopment.js:21418
recursivelyTraverseLayoutEffects @ webpack-internal:///…evelopment.js:22926
commitLayoutEffectOnFiber @ webpack-internal:///…evelopment.js:21407
recursivelyTraverseLayoutEffects @ webpack-internal:///…evelopment.js:22926
commitLayoutEffectOnFiber @ webpack-internal:///…evelopment.js:21577
recursivelyTraverseLayoutEffects @ webpack-internal:///…evelopment.js:22926
commitLayoutEffectOnFiber @ webpack-internal:///…evelopment.js:21577
recursivelyTraverseLayoutEffects @ webpack-internal:///…evelopment.js:22926
commitLayoutEffectOnFiber @ webpack-internal:///…evelopment.js:21577
recursivelyTraverseLayoutEffects @ webpack-internal:///…evelopment.js:22926
commitLayoutEffectOnFiber @ webpack-internal:///…evelopment.js:21577
recursivelyTraverseLayoutEffects @ webpack-internal:///…evelopment.js:22926
commitLayoutEffectOnFiber @ webpack-internal:///…evelopment.js:21577
recursivelyTraverseLayoutEffects @ webpack-internal:///…evelopment.js:22926
commitLayoutEffectOnFiber @ webpack-internal:///…evelopment.js:21577
recursivelyTraverseLayoutEffects @ webpack-internal:///…evelopment.js:22926
commitLayoutEffectOnFiber @ webpack-internal:///…evelopment.js:21407
recursivelyTraverseLayoutEffects @ webpack-internal:///…evelopment.js:22926
commitLayoutEffectOnFiber @ webpack-internal:///…evelopment.js:21418
recursivelyTraverseLayoutEffects @ webpack-internal:///…evelopment.js:22926
commitLayoutEffectOnFiber @ webpack-internal:///…evelopment.js:21407
recursivelyTraverseLayoutEffects @ webpack-internal:///…evelopment.js:22926
commitLayoutEffectOnFiber @ webpack-internal:///…evelopment.js:21407
recursivelyTraverseLayoutEffects @ webpack-internal:///…evelopment.js:22926
commitLayoutEffectOnFiber @ webpack-internal:///…evelopment.js:21407
recursivelyTraverseLayoutEffects @ webpack-internal:///…evelopment.js:22926
commitLayoutEffectOnFiber @ webpack-internal:///…evelopment.js:21407
recursivelyTraverseLayoutEffects @ webpack-internal:///…evelopment.js:22926
commitLayoutEffectOnFiber @ webpack-internal:///…evelopment.js:21577
recursivelyTraverseLayoutEffects @ webpack-internal:///…evelopment.js:22926
commitLayoutEffectOnFiber @ webpack-internal:///…evelopment.js:21577
recursivelyTraverseLayoutEffects @ webpack-internal:///…evelopment.js:22926
commitLayoutEffectOnFiber @ webpack-internal:///…evelopment.js:21577
recursivelyTraverseLayoutEffects @ webpack-internal:///…evelopment.js:22926
commitLayoutEffectOnFiber @ webpack-internal:///…evelopment.js:21437
commitLayoutEffects @ webpack-internal:///…evelopment.js:22912
commitRootImpl @ webpack-internal:///…evelopment.js:26226
commitRoot @ webpack-internal:///…evelopment.js:26077
commitRootWhenReady @ webpack-internal:///…evelopment.js:24749
finishConcurrentRender @ webpack-internal:///…evelopment.js:24714
performConcurrentWorkOnRoot @ webpack-internal:///…evelopment.js:24559
workLoop @ webpack-internal:///….development.js:256
flushWork @ webpack-internal:///….development.js:225
performWorkUntilDeadline @ webpack-internal:///….development.js:534
15:56:35.180  [CallModal] 🔄 Waiting for stream to become active for cmeifml0h001okung0i95m8s6
15:56:35.182  ChatSidebar: Conversations updated, count: 4
15:56:35.183  ChatSidebar: Latest conversation: cmfbwdnf60000kuzg41ovkra2 last message: cmfc8zta3000bkulfrpl6vutn
15:56:35.183  [VoiceActivity] Effect triggered: {hasStream: true, streamId: '34fa4aea-da9c-415d-afda-d1f0034b119c', audioTracks: 0, threshold: -40}
15:56:35.183  [VoiceActivity] No audio tracks in stream, cleaning up
15:56:35.184  [CallModal] Initialized active participants (excluding self): ['cmeifml0h001okung0i95m8s6']
15:56:35.184  [CallModal] Skipping connection verification - no WebRTC or participants
15:56:35.184  [VoiceActivity] Effect triggered: {hasStream: true, streamId: '34fa4aea-da9c-415d-afda-d1f0034b119c', audioTracks: 0, threshold: -40}
15:56:35.184  [VoiceActivity] No audio tracks in stream, cleaning up
15:56:35.184  [CallModal] Rendered - voice call opened
15:56:35.185  [CallModal] Rendered - voice call opened
15:56:35.186  [VoiceParticipant] Tester voice activity debug: {participantId: 'cmeifml0h001okung0i95m8s6', hasOriginalStream: true, hasLatestStream: true, streamActive: false, audioTracksCount: 0, …}
15:56:35.188  [CallModal] 🔊 Setting up audio element for participant cmeifml0h001okung0i95m8s6
15:56:35.188  [CallModal] Stream details: {id: '34fa4aea-da9c-415d-afda-d1f0034b119c', active: false, audioTracks: Array(0)}
15:56:35.189  [CallModal] Previous audio element for cmeifml0h001okung0i95m8s6: false
15:56:35.190  [CallModal] Cleared previous srcObject for cmeifml0h001okung0i95m8s6
15:56:35.190  [CallModal] 🔄 Stream not ready, waiting...
15:56:35.190  [CallModal] ❌ Initial audio play failed for cmeifml0h001okung0i95m8s6: 
attemptPlay @ webpack-internal:///…/CallModal.tsx:3124
ref @ webpack-internal:///…/CallModal.tsx:3158
commitAttachRef @ webpack-internal:///…evelopment.js:21677
safelyAttachRef @ webpack-internal:///…evelopment.js:20803
commitLayoutEffectOnFiber @ webpack-internal:///…evelopment.js:21498
recursivelyTraverseLayoutEffects @ webpack-internal:///…evelopment.js:22926
commitLayoutEffectOnFiber @ webpack-internal:///…evelopment.js:21577
recursivelyTraverseLayoutEffects @ webpack-internal:///…evelopment.js:22926
commitLayoutEffectOnFiber @ webpack-internal:///…evelopment.js:21488
recursivelyTraverseLayoutEffects @ webpack-internal:///…evelopment.js:22926
commitLayoutEffectOnFiber @ webpack-internal:///…evelopment.js:21488
recursivelyTraverseLayoutEffects @ webpack-internal:///…evelopment.js:22926
commitLayoutEffectOnFiber @ webpack-internal:///…evelopment.js:21488
recursivelyTraverseLayoutEffects @ webpack-internal:///…evelopment.js:22926
commitLayoutEffectOnFiber @ webpack-internal:///…evelopment.js:21488
recursivelyTraverseLayoutEffects @ webpack-internal:///…evelopment.js:22926
commitLayoutEffectOnFiber @ webpack-internal:///…evelopment.js:21407
recursivelyTraverseLayoutEffects @ webpack-internal:///…evelopment.js:22926
commitLayoutEffectOnFiber @ webpack-internal:///…evelopment.js:21407
recursivelyTraverseLayoutEffects @ webpack-internal:///…evelopment.js:22926
commitLayoutEffectOnFiber @ webpack-internal:///…evelopment.js:21577
recursivelyTraverseLayoutEffects @ webpack-internal:///…evelopment.js:22926
commitLayoutEffectOnFiber @ webpack-internal:///…evelopment.js:21407
recursivelyTraverseLayoutEffects @ webpack-internal:///…evelopment.js:22926
commitLayoutEffectOnFiber @ webpack-internal:///…evelopment.js:21577
recursivelyTraverseLayoutEffects @ webpack-internal:///…evelopment.js:22926
commitLayoutEffectOnFiber @ webpack-internal:///…evelopment.js:21407
recursivelyTraverseLayoutEffects @ webpack-internal:///…evelopment.js:22926
commitLayoutEffectOnFiber @ webpack-internal:///…evelopment.js:21577
recursivelyTraverseLayoutEffects @ webpack-internal:///…evelopment.js:22926
commitLayoutEffectOnFiber @ webpack-internal:///…evelopment.js:21407
recursivelyTraverseLayoutEffects @ webpack-internal:///…evelopment.js:22926
commitLayoutEffectOnFiber @ webpack-internal:///…evelopment.js:21577
recursivelyTraverseLayoutEffects @ webpack-internal:///…evelopment.js:22926
commitLayoutEffectOnFiber @ webpack-internal:///…evelopment.js:21407
recursivelyTraverseLayoutEffects @ webpack-internal:///…evelopment.js:22926
commitLayoutEffectOnFiber @ webpack-internal:///…evelopment.js:21407
recursivelyTraverseLayoutEffects @ webpack-internal:///…evelopment.js:22926
commitLayoutEffectOnFiber @ webpack-internal:///…evelopment.js:21488
recursivelyTraverseLayoutEffects @ webpack-internal:///…evelopment.js:22926
commitLayoutEffectOnFiber @ webpack-internal:///…evelopment.js:21488
recursivelyTraverseLayoutEffects @ webpack-internal:///…evelopment.js:22926
commitLayoutEffectOnFiber @ webpack-internal:///…evelopment.js:21577
recursivelyTraverseLayoutEffects @ webpack-internal:///…evelopment.js:22926
commitLayoutEffectOnFiber @ webpack-internal:///…evelopment.js:21577
recursivelyTraverseLayoutEffects @ webpack-internal:///…evelopment.js:22926
commitLayoutEffectOnFiber @ webpack-internal:///…evelopment.js:21418
recursivelyTraverseLayoutEffects @ webpack-internal:///…evelopment.js:22926
commitLayoutEffectOnFiber @ webpack-internal:///…evelopment.js:21407
recursivelyTraverseLayoutEffects @ webpack-internal:///…evelopment.js:22926
commitLayoutEffectOnFiber @ webpack-internal:///…evelopment.js:21577
recursivelyTraverseLayoutEffects @ webpack-internal:///…evelopment.js:22926
commitLayoutEffectOnFiber @ webpack-internal:///…evelopment.js:21418
recursivelyTraverseLayoutEffects @ webpack-internal:///…evelopment.js:22926
commitLayoutEffectOnFiber @ webpack-internal:///…evelopment.js:21407
recursivelyTraverseLayoutEffects @ webpack-internal:///…evelopment.js:22926
commitLayoutEffectOnFiber @ webpack-internal:///…evelopment.js:21407
recursivelyTraverseLayoutEffects @ webpack-internal:///…evelopment.js:22926
commitLayoutEffectOnFiber @ webpack-internal:///…evelopment.js:21418
recursivelyTraverseLayoutEffects @ webpack-internal:///…evelopment.js:22926
commitLayoutEffectOnFiber @ webpack-internal:///…evelopment.js:21407
recursivelyTraverseLayoutEffects @ webpack-internal:///…evelopment.js:22926
commitLayoutEffectOnFiber @ webpack-internal:///…evelopment.js:21577
recursivelyTraverseLayoutEffects @ webpack-internal:///…evelopment.js:22926
commitLayoutEffectOnFiber @ webpack-internal:///…evelopment.js:21577
recursivelyTraverseLayoutEffects @ webpack-internal:///…evelopment.js:22926
commitLayoutEffectOnFiber @ webpack-internal:///…evelopment.js:21577
recursivelyTraverseLayoutEffects @ webpack-internal:///…evelopment.js:22926
commitLayoutEffectOnFiber @ webpack-internal:///…evelopment.js:21577
recursivelyTraverseLayoutEffects @ webpack-internal:///…evelopment.js:22926
commitLayoutEffectOnFiber @ webpack-internal:///…evelopment.js:21577
recursivelyTraverseLayoutEffects @ webpack-internal:///…evelopment.js:22926
commitLayoutEffectOnFiber @ webpack-internal:///…evelopment.js:21577
recursivelyTraverseLayoutEffects @ webpack-internal:///…evelopment.js:22926
commitLayoutEffectOnFiber @ webpack-internal:///…evelopment.js:21407
recursivelyTraverseLayoutEffects @ webpack-internal:///…evelopment.js:22926
commitLayoutEffectOnFiber @ webpack-internal:///…evelopment.js:21418
recursivelyTraverseLayoutEffects @ webpack-internal:///…evelopment.js:22926
commitLayoutEffectOnFiber @ webpack-internal:///…evelopment.js:21407
recursivelyTraverseLayoutEffects @ webpack-internal:///…evelopment.js:22926
commitLayoutEffectOnFiber @ webpack-internal:///…evelopment.js:21407
recursivelyTraverseLayoutEffects @ webpack-internal:///…evelopment.js:22926
commitLayoutEffectOnFiber @ webpack-internal:///…evelopment.js:21407
recursivelyTraverseLayoutEffects @ webpack-internal:///…evelopment.js:22926
commitLayoutEffectOnFiber @ webpack-internal:///…evelopment.js:21407
recursivelyTraverseLayoutEffects @ webpack-internal:///…evelopment.js:22926
commitLayoutEffectOnFiber @ webpack-internal:///…evelopment.js:21577
recursivelyTraverseLayoutEffects @ webpack-internal:///…evelopment.js:22926
commitLayoutEffectOnFiber @ webpack-internal:///…evelopment.js:21577
recursivelyTraverseLayoutEffects @ webpack-internal:///…evelopment.js:22926
commitLayoutEffectOnFiber @ webpack-internal:///…evelopment.js:21577
recursivelyTraverseLayoutEffects @ webpack-internal:///…evelopment.js:22926
commitLayoutEffectOnFiber @ webpack-internal:///…evelopment.js:21437
commitLayoutEffects @ webpack-internal:///…evelopment.js:22912
commitRootImpl @ webpack-internal:///…evelopment.js:26226
commitRoot @ webpack-internal:///…evelopment.js:26077
commitRootWhenReady @ webpack-internal:///…evelopment.js:24749
finishConcurrentRender @ webpack-internal:///…evelopment.js:24714
performConcurrentWorkOnRoot @ webpack-internal:///…evelopment.js:24559
workLoop @ webpack-internal:///….development.js:256
flushWork @ webpack-internal:///….development.js:225
performWorkUntilDeadline @ webpack-internal:///….development.js:534
15:56:35.191  [CallModal] 🔄 Waiting for stream to become active for cmeifml0h001okung0i95m8s6
15:56:35.195  [VoiceActivity] Effect triggered: {hasStream: true, streamId: '34fa4aea-da9c-415d-afda-d1f0034b119c', audioTracks: 0, threshold: -40}
15:56:35.196  [VoiceActivity] No audio tracks in stream, cleaning up
15:56:35.197  [VoiceActivity] Effect triggered: {hasStream: true, streamId: '34fa4aea-da9c-415d-afda-d1f0034b119c', audioTracks: 0, threshold: -40}
15:56:35.197  [VoiceActivity] No audio tracks in stream, cleaning up
15:56:35.197  [CallModal] Rendered - voice call opened
15:56:35.197  [CallModal] Rendered - voice call opened
15:56:35.485  [VoiceActivity] Volume analysis: {average: '4.6', volume: '-34.8', threshold: -50, speaking: false, streamActive: true, …}
15:56:35.923  [VoiceActivity] Volume analysis: {average: '4.9', volume: '-34.4', threshold: -50, speaking: false, streamActive: true, …}
15:56:36.185  [CallModal] Rendered - voice call opened
15:56:36.185  [CallModal] Rendered - voice call opened
15:56:36.186  [VoiceParticipant] Tester voice activity debug: {participantId: 'cmeifml0h001okung0i95m8s6', hasOriginalStream: true, hasLatestStream: true, streamActive: false, audioTracksCount: 0, …}
15:56:36.187  [CallModal] 🔊 Setting up audio element for participant cmeifml0h001okung0i95m8s6
15:56:36.187  [CallModal] Stream details: {id: '34fa4aea-da9c-415d-afda-d1f0034b119c', active: false, audioTracks: Array(0)}
15:56:36.188  [CallModal] Previous audio element for cmeifml0h001okung0i95m8s6: false
15:56:36.189  [CallModal] Cleared previous srcObject for cmeifml0h001okung0i95m8s6
15:56:36.189  [CallModal] 🔄 Stream not ready, waiting...
15:56:36.190  [CallModal] ❌ Initial audio play failed for cmeifml0h001okung0i95m8s6: 
attemptPlay @ webpack-internal:///…/CallModal.tsx:3124
ref @ webpack-internal:///…/CallModal.tsx:3158
commitAttachRef @ webpack-internal:///…evelopment.js:21677
safelyAttachRef @ webpack-internal:///…evelopment.js:20803
commitLayoutEffectOnFiber @ webpack-internal:///…evelopment.js:21498
recursivelyTraverseLayoutEffects @ webpack-internal:///…evelopment.js:22926
commitLayoutEffectOnFiber @ webpack-internal:///…evelopment.js:21577
recursivelyTraverseLayoutEffects @ webpack-internal:///…evelopment.js:22926
commitLayoutEffectOnFiber @ webpack-internal:///…evelopment.js:21488
recursivelyTraverseLayoutEffects @ webpack-internal:///…evelopment.js:22926
commitLayoutEffectOnFiber @ webpack-internal:///…evelopment.js:21488
recursivelyTraverseLayoutEffects @ webpack-internal:///…evelopment.js:22926
commitLayoutEffectOnFiber @ webpack-internal:///…evelopment.js:21488
recursivelyTraverseLayoutEffects @ webpack-internal:///…evelopment.js:22926
commitLayoutEffectOnFiber @ webpack-internal:///…evelopment.js:21488
recursivelyTraverseLayoutEffects @ webpack-internal:///…evelopment.js:22926
commitLayoutEffectOnFiber @ webpack-internal:///…evelopment.js:21407
recursivelyTraverseLayoutEffects @ webpack-internal:///…evelopment.js:22926
commitLayoutEffectOnFiber @ webpack-internal:///…evelopment.js:21407
recursivelyTraverseLayoutEffects @ webpack-internal:///…evelopment.js:22926
commitLayoutEffectOnFiber @ webpack-internal:///…evelopment.js:21577
recursivelyTraverseLayoutEffects @ webpack-internal:///…evelopment.js:22926
commitLayoutEffectOnFiber @ webpack-internal:///…evelopment.js:21407
recursivelyTraverseLayoutEffects @ webpack-internal:///…evelopment.js:22926
commitLayoutEffectOnFiber @ webpack-internal:///…evelopment.js:21577
recursivelyTraverseLayoutEffects @ webpack-internal:///…evelopment.js:22926
commitLayoutEffectOnFiber @ webpack-internal:///…evelopment.js:21407
recursivelyTraverseLayoutEffects @ webpack-internal:///…evelopment.js:22926
commitLayoutEffectOnFiber @ webpack-internal:///…evelopment.js:21577
recursivelyTraverseLayoutEffects @ webpack-internal:///…evelopment.js:22926
commitLayoutEffectOnFiber @ webpack-internal:///…evelopment.js:21407
recursivelyTraverseLayoutEffects @ webpack-internal:///…evelopment.js:22926
commitLayoutEffectOnFiber @ webpack-internal:///…evelopment.js:21577
recursivelyTraverseLayoutEffects @ webpack-internal:///…evelopment.js:22926
commitLayoutEffectOnFiber @ webpack-internal:///…evelopment.js:21407
recursivelyTraverseLayoutEffects @ webpack-internal:///…evelopment.js:22926
commitLayoutEffectOnFiber @ webpack-internal:///…evelopment.js:21407
recursivelyTraverseLayoutEffects @ webpack-internal:///…evelopment.js:22926
commitLayoutEffectOnFiber @ webpack-internal:///…evelopment.js:21488
recursivelyTraverseLayoutEffects @ webpack-internal:///…evelopment.js:22926
commitLayoutEffectOnFiber @ webpack-internal:///…evelopment.js:21488
recursivelyTraverseLayoutEffects @ webpack-internal:///…evelopment.js:22926
commitLayoutEffectOnFiber @ webpack-internal:///…evelopment.js:21577
recursivelyTraverseLayoutEffects @ webpack-internal:///…evelopment.js:22926
commitLayoutEffectOnFiber @ webpack-internal:///…evelopment.js:21577
recursivelyTraverseLayoutEffects @ webpack-internal:///…evelopment.js:22926
commitLayoutEffectOnFiber @ webpack-internal:///…evelopment.js:21418
recursivelyTraverseLayoutEffects @ webpack-internal:///…evelopment.js:22926
commitLayoutEffectOnFiber @ webpack-internal:///…evelopment.js:21407
recursivelyTraverseLayoutEffects @ webpack-internal:///…evelopment.js:22926
commitLayoutEffectOnFiber @ webpack-internal:///…evelopment.js:21577
recursivelyTraverseLayoutEffects @ webpack-internal:///…evelopment.js:22926
commitLayoutEffectOnFiber @ webpack-internal:///…evelopment.js:21418
recursivelyTraverseLayoutEffects @ webpack-internal:///…evelopment.js:22926
commitLayoutEffectOnFiber @ webpack-internal:///…evelopment.js:21407
recursivelyTraverseLayoutEffects @ webpack-internal:///…evelopment.js:22926
commitLayoutEffectOnFiber @ webpack-internal:///…evelopment.js:21407
recursivelyTraverseLayoutEffects @ webpack-internal:///…evelopment.js:22926
commitLayoutEffectOnFiber @ webpack-internal:///…evelopment.js:21418
recursivelyTraverseLayoutEffects @ webpack-internal:///…evelopment.js:22926
commitLayoutEffectOnFiber @ webpack-internal:///…evelopment.js:21407
recursivelyTraverseLayoutEffects @ webpack-internal:///…evelopment.js:22926
commitLayoutEffectOnFiber @ webpack-internal:///…evelopment.js:21577
recursivelyTraverseLayoutEffects @ webpack-internal:///…evelopment.js:22926
commitLayoutEffectOnFiber @ webpack-internal:///…evelopment.js:21577
recursivelyTraverseLayoutEffects @ webpack-internal:///…evelopment.js:22926
commitLayoutEffectOnFiber @ webpack-internal:///…evelopment.js:21577
recursivelyTraverseLayoutEffects @ webpack-internal:///…evelopment.js:22926
commitLayoutEffectOnFiber @ webpack-internal:///…evelopment.js:21577
recursivelyTraverseLayoutEffects @ webpack-internal:///…evelopment.js:22926
commitLayoutEffectOnFiber @ webpack-internal:///…evelopment.js:21577
recursivelyTraverseLayoutEffects @ webpack-internal:///…evelopment.js:22926
commitLayoutEffectOnFiber @ webpack-internal:///…evelopment.js:21577
recursivelyTraverseLayoutEffects @ webpack-internal:///…evelopment.js:22926
commitLayoutEffectOnFiber @ webpack-internal:///…evelopment.js:21407
recursivelyTraverseLayoutEffects @ webpack-internal:///…evelopment.js:22926
commitLayoutEffectOnFiber @ webpack-internal:///…evelopment.js:21418
recursivelyTraverseLayoutEffects @ webpack-internal:///…evelopment.js:22926
commitLayoutEffectOnFiber @ webpack-internal:///…evelopment.js:21407
recursivelyTraverseLayoutEffects @ webpack-internal:///…evelopment.js:22926
commitLayoutEffectOnFiber @ webpack-internal:///…evelopment.js:21407
recursivelyTraverseLayoutEffects @ webpack-internal:///…evelopment.js:22926
commitLayoutEffectOnFiber @ webpack-internal:///…evelopment.js:21407
recursivelyTraverseLayoutEffects @ webpack-internal:///…evelopment.js:22926
commitLayoutEffectOnFiber @ webpack-internal:///…evelopment.js:21407
recursivelyTraverseLayoutEffects @ webpack-internal:///…evelopment.js:22926
commitLayoutEffectOnFiber @ webpack-internal:///…evelopment.js:21577
recursivelyTraverseLayoutEffects @ webpack-internal:///…evelopment.js:22926
commitLayoutEffectOnFiber @ webpack-internal:///…evelopment.js:21577
recursivelyTraverseLayoutEffects @ webpack-internal:///…evelopment.js:22926
commitLayoutEffectOnFiber @ webpack-internal:///…evelopment.js:21577
recursivelyTraverseLayoutEffects @ webpack-internal:///…evelopment.js:22926
commitLayoutEffectOnFiber @ webpack-internal:///…evelopment.js:21437
commitLayoutEffects @ webpack-internal:///…evelopment.js:22912
commitRootImpl @ webpack-internal:///…evelopment.js:26226
commitRoot @ webpack-internal:///…evelopment.js:26077
commitRootWhenReady @ webpack-internal:///…evelopment.js:24749
finishConcurrentRender @ webpack-internal:///…evelopment.js:24714
performConcurrentWorkOnRoot @ webpack-internal:///…evelopment.js:24559
workLoop @ webpack-internal:///….development.js:256
flushWork @ webpack-internal:///….development.js:225
performWorkUntilDeadline @ webpack-internal:///….development.js:534
15:56:36.190  [CallModal] 🔄 Waiting for stream to become active for cmeifml0h001okung0i95m8s6
15:56:36.193  [VoiceActivity] Effect triggered: {hasStream: true, streamId: '34fa4aea-da9c-415d-afda-d1f0034b119c', audioTracks: 0, threshold: -40}
15:56:36.194  [VoiceActivity] No audio tracks in stream, cleaning up
15:56:36.194  [VoiceActivity] Effect triggered: {hasStream: true, streamId: '34fa4aea-da9c-415d-afda-d1f0034b119c', audioTracks: 0, threshold: -40}
15:56:36.194  [VoiceActivity] No audio tracks in stream, cleaning up
15:56:36.195  [CallModal] Rendered - voice call opened
15:56:36.195  [CallModal] Rendered - voice call opened
15:56:36.674  [CallModal] Rendered - voice call opened
15:56:36.674  [CallModal] Rendered - voice call opened
15:56:36.674  [VoiceParticipant] Tester voice activity debug: {participantId: 'cmeifml0h001okung0i95m8s6', hasOriginalStream: true, hasLatestStream: true, streamActive: false, audioTracksCount: 0, …}
15:56:36.675  [CallModal] 🔊 Setting up audio element for participant cmeifml0h001okung0i95m8s6
15:56:36.676  [CallModal] Stream details: {id: '34fa4aea-da9c-415d-afda-d1f0034b119c', active: false, audioTracks: Array(0)}
15:56:36.676  [CallModal] Previous audio element for cmeifml0h001okung0i95m8s6: false
15:56:36.677  [CallModal] Cleared previous srcObject for cmeifml0h001okung0i95m8s6
15:56:36.678  [CallModal] 🔄 Stream not ready, waiting...
15:56:36.678  [CallModal] ❌ Initial audio play failed for cmeifml0h001okung0i95m8s6: 
attemptPlay @ webpack-internal:///…/CallModal.tsx:3124
ref @ webpack-internal:///…/CallModal.tsx:3158
commitAttachRef @ webpack-internal:///…evelopment.js:21677
safelyAttachRef @ webpack-internal:///…evelopment.js:20803
commitLayoutEffectOnFiber @ webpack-internal:///…evelopment.js:21498
recursivelyTraverseLayoutEffects @ webpack-internal:///…evelopment.js:22926
commitLayoutEffectOnFiber @ webpack-internal:///…evelopment.js:21577
recursivelyTraverseLayoutEffects @ webpack-internal:///…evelopment.js:22926
commitLayoutEffectOnFiber @ webpack-internal:///…evelopment.js:21488
recursivelyTraverseLayoutEffects @ webpack-internal:///…evelopment.js:22926
commitLayoutEffectOnFiber @ webpack-internal:///…evelopment.js:21488
recursivelyTraverseLayoutEffects @ webpack-internal:///…evelopment.js:22926
commitLayoutEffectOnFiber @ webpack-internal:///…evelopment.js:21488
recursivelyTraverseLayoutEffects @ webpack-internal:///…evelopment.js:22926
commitLayoutEffectOnFiber @ webpack-internal:///…evelopment.js:21488
recursivelyTraverseLayoutEffects @ webpack-internal:///…evelopment.js:22926
commitLayoutEffectOnFiber @ webpack-internal:///…evelopment.js:21407
recursivelyTraverseLayoutEffects @ webpack-internal:///…evelopment.js:22926
commitLayoutEffectOnFiber @ webpack-internal:///…evelopment.js:21407
recursivelyTraverseLayoutEffects @ webpack-internal:///…evelopment.js:22926
commitLayoutEffectOnFiber @ webpack-internal:///…evelopment.js:21577
recursivelyTraverseLayoutEffects @ webpack-internal:///…evelopment.js:22926
commitLayoutEffectOnFiber @ webpack-internal:///…evelopment.js:21407
recursivelyTraverseLayoutEffects @ webpack-internal:///…evelopment.js:22926
commitLayoutEffectOnFiber @ webpack-internal:///…evelopment.js:21577
recursivelyTraverseLayoutEffects @ webpack-internal:///…evelopment.js:22926
commitLayoutEffectOnFiber @ webpack-internal:///…evelopment.js:21407
recursivelyTraverseLayoutEffects @ webpack-internal:///…evelopment.js:22926
commitLayoutEffectOnFiber @ webpack-internal:///…evelopment.js:21577
recursivelyTraverseLayoutEffects @ webpack-internal:///…evelopment.js:22926
commitLayoutEffectOnFiber @ webpack-internal:///…evelopment.js:21407
recursivelyTraverseLayoutEffects @ webpack-internal:///…evelopment.js:22926
commitLayoutEffectOnFiber @ webpack-internal:///…evelopment.js:21577
recursivelyTraverseLayoutEffects @ webpack-internal:///…evelopment.js:22926
commitLayoutEffectOnFiber @ webpack-internal:///…evelopment.js:21407
recursivelyTraverseLayoutEffects @ webpack-internal:///…evelopment.js:22926
commitLayoutEffectOnFiber @ webpack-internal:///…evelopment.js:21407
recursivelyTraverseLayoutEffects @ webpack-internal:///…evelopment.js:22926
commitLayoutEffectOnFiber @ webpack-internal:///…evelopment.js:21488
recursivelyTraverseLayoutEffects @ webpack-internal:///…evelopment.js:22926
commitLayoutEffectOnFiber @ webpack-internal:///…evelopment.js:21488
recursivelyTraverseLayoutEffects @ webpack-internal:///…evelopment.js:22926
commitLayoutEffectOnFiber @ webpack-internal:///…evelopment.js:21577
recursivelyTraverseLayoutEffects @ webpack-internal:///…evelopment.js:22926
commitLayoutEffectOnFiber @ webpack-internal:///…evelopment.js:21577
recursivelyTraverseLayoutEffects @ webpack-internal:///…evelopment.js:22926
commitLayoutEffectOnFiber @ webpack-internal:///…evelopment.js:21418
recursivelyTraverseLayoutEffects @ webpack-internal:///…evelopment.js:22926
commitLayoutEffectOnFiber @ webpack-internal:///…evelopment.js:21407
recursivelyTraverseLayoutEffects @ webpack-internal:///…evelopment.js:22926
commitLayoutEffectOnFiber @ webpack-internal:///…evelopment.js:21577
recursivelyTraverseLayoutEffects @ webpack-internal:///…evelopment.js:22926
commitLayoutEffectOnFiber @ webpack-internal:///…evelopment.js:21418
recursivelyTraverseLayoutEffects @ webpack-internal:///…evelopment.js:22926
commitLayoutEffectOnFiber @ webpack-internal:///…evelopment.js:21407
recursivelyTraverseLayoutEffects @ webpack-internal:///…evelopment.js:22926
commitLayoutEffectOnFiber @ webpack-internal:///…evelopment.js:21407
recursivelyTraverseLayoutEffects @ webpack-internal:///…evelopment.js:22926
commitLayoutEffectOnFiber @ webpack-internal:///…evelopment.js:21418
recursivelyTraverseLayoutEffects @ webpack-internal:///…evelopment.js:22926
commitLayoutEffectOnFiber @ webpack-internal:///…evelopment.js:21407
recursivelyTraverseLayoutEffects @ webpack-internal:///…evelopment.js:22926
commitLayoutEffectOnFiber @ webpack-internal:///…evelopment.js:21577
recursivelyTraverseLayoutEffects @ webpack-internal:///…evelopment.js:22926
commitLayoutEffectOnFiber @ webpack-internal:///…evelopment.js:21577
recursivelyTraverseLayoutEffects @ webpack-internal:///…evelopment.js:22926
commitLayoutEffectOnFiber @ webpack-internal:///…evelopment.js:21577
recursivelyTraverseLayoutEffects @ webpack-internal:///…evelopment.js:22926
commitLayoutEffectOnFiber @ webpack-internal:///…evelopment.js:21577
recursivelyTraverseLayoutEffects @ webpack-internal:///…evelopment.js:22926
commitLayoutEffectOnFiber @ webpack-internal:///…evelopment.js:21577
recursivelyTraverseLayoutEffects @ webpack-internal:///…evelopment.js:22926
commitLayoutEffectOnFiber @ webpack-internal:///…evelopment.js:21577
recursivelyTraverseLayoutEffects @ webpack-internal:///…evelopment.js:22926
commitLayoutEffectOnFiber @ webpack-internal:///…evelopment.js:21407
recursivelyTraverseLayoutEffects @ webpack-internal:///…evelopment.js:22926
commitLayoutEffectOnFiber @ webpack-internal:///…evelopment.js:21418
recursivelyTraverseLayoutEffects @ webpack-internal:///…evelopment.js:22926
commitLayoutEffectOnFiber @ webpack-internal:///…evelopment.js:21407
recursivelyTraverseLayoutEffects @ webpack-internal:///…evelopment.js:22926
commitLayoutEffectOnFiber @ webpack-internal:///…evelopment.js:21407
recursivelyTraverseLayoutEffects @ webpack-internal:///…evelopment.js:22926
commitLayoutEffectOnFiber @ webpack-internal:///…evelopment.js:21407
recursivelyTraverseLayoutEffects @ webpack-internal:///…evelopment.js:22926
commitLayoutEffectOnFiber @ webpack-internal:///…evelopment.js:21407
recursivelyTraverseLayoutEffects @ webpack-internal:///…evelopment.js:22926
commitLayoutEffectOnFiber @ webpack-internal:///…evelopment.js:21577
recursivelyTraverseLayoutEffects @ webpack-internal:///…evelopment.js:22926
commitLayoutEffectOnFiber @ webpack-internal:///…evelopment.js:21577
recursivelyTraverseLayoutEffects @ webpack-internal:///…evelopment.js:22926
commitLayoutEffectOnFiber @ webpack-internal:///…evelopment.js:21577
recursivelyTraverseLayoutEffects @ webpack-internal:///…evelopment.js:22926
commitLayoutEffectOnFiber @ webpack-internal:///…evelopment.js:21437
commitLayoutEffects @ webpack-internal:///…evelopment.js:22912
commitRootImpl @ webpack-internal:///…evelopment.js:26226
commitRoot @ webpack-internal:///…evelopment.js:26077
commitRootWhenReady @ webpack-internal:///…evelopment.js:24749
finishConcurrentRender @ webpack-internal:///…evelopment.js:24714
performConcurrentWorkOnRoot @ webpack-internal:///…evelopment.js:24559
workLoop @ webpack-internal:///….development.js:256
flushWork @ webpack-internal:///….development.js:225
performWorkUntilDeadline @ webpack-internal:///….development.js:534
15:56:36.679  [CallModal] 🔄 Waiting for stream to become active for cmeifml0h001okung0i95m8s6
15:56:36.680  [VoiceActivity] Effect triggered: {hasStream: true, streamId: '34fa4aea-da9c-415d-afda-d1f0034b119c', audioTracks: 0, threshold: -40}
15:56:36.680  [VoiceActivity] No audio tracks in stream, cleaning up
15:56:36.680  [VoiceActivity] Effect triggered: {hasStream: true, streamId: '34fa4aea-da9c-415d-afda-d1f0034b119c', audioTracks: 0, threshold: -40}
15:56:36.680  [VoiceActivity] No audio tracks in stream, cleaning up
15:56:36.683  [CallModal] Rendered - voice call opened
15:56:36.684  [CallModal] Rendered - voice call opened
15:56:36.937  [CallModal] Updated peer connections for performance monitoring: 2
15:56:36.938  [CallModal] Peer connection participants: (2) ['cmeifml0h001okung0i95m8s6', 'cmeifn5qp002dkunge64m0xss']
15:56:36.939  [CallModal] Rendered - voice call opened
15:56:36.939  [CallModal] Rendered - voice call opened
15:56:36.940  [VoiceParticipant] Tester voice activity debug: {participantId: 'cmeifml0h001okung0i95m8s6', hasOriginalStream: true, hasLatestStream: true, streamActive: false, audioTracksCount: 0, …}
15:56:36.941  [CallModal] 🔊 Setting up audio element for participant cmeifml0h001okung0i95m8s6
15:56:36.942  [CallModal] Stream details: {id: '34fa4aea-da9c-415d-afda-d1f0034b119c', active: false, audioTracks: Array(0)}
15:56:36.942  [CallModal] Previous audio element for cmeifml0h001okung0i95m8s6: false
15:56:36.943  [CallModal] Cleared previous srcObject for cmeifml0h001okung0i95m8s6
15:56:36.944  [CallModal] 🔄 Stream not ready, waiting...
15:56:36.944  [CallModal] ❌ Initial audio play failed for cmeifml0h001okung0i95m8s6: 
attemptPlay @ webpack-internal:///…/CallModal.tsx:3124
ref @ webpack-internal:///…/CallModal.tsx:3158
commitAttachRef @ webpack-internal:///…evelopment.js:21677
safelyAttachRef @ webpack-internal:///…evelopment.js:20803
commitLayoutEffectOnFiber @ webpack-internal:///…evelopment.js:21498
recursivelyTraverseLayoutEffects @ webpack-internal:///…evelopment.js:22926
commitLayoutEffectOnFiber @ webpack-internal:///…evelopment.js:21577
recursivelyTraverseLayoutEffects @ webpack-internal:///…evelopment.js:22926
commitLayoutEffectOnFiber @ webpack-internal:///…evelopment.js:21488
recursivelyTraverseLayoutEffects @ webpack-internal:///…evelopment.js:22926
commitLayoutEffectOnFiber @ webpack-internal:///…evelopment.js:21488
recursivelyTraverseLayoutEffects @ webpack-internal:///…evelopment.js:22926
commitLayoutEffectOnFiber @ webpack-internal:///…evelopment.js:21488
recursivelyTraverseLayoutEffects @ webpack-internal:///…evelopment.js:22926
commitLayoutEffectOnFiber @ webpack-internal:///…evelopment.js:21488
recursivelyTraverseLayoutEffects @ webpack-internal:///…evelopment.js:22926
commitLayoutEffectOnFiber @ webpack-internal:///…evelopment.js:21407
recursivelyTraverseLayoutEffects @ webpack-internal:///…evelopment.js:22926
commitLayoutEffectOnFiber @ webpack-internal:///…evelopment.js:21407
recursivelyTraverseLayoutEffects @ webpack-internal:///…evelopment.js:22926
commitLayoutEffectOnFiber @ webpack-internal:///…evelopment.js:21577
recursivelyTraverseLayoutEffects @ webpack-internal:///…evelopment.js:22926
commitLayoutEffectOnFiber @ webpack-internal:///…evelopment.js:21407
recursivelyTraverseLayoutEffects @ webpack-internal:///…evelopment.js:22926
commitLayoutEffectOnFiber @ webpack-internal:///…evelopment.js:21577
recursivelyTraverseLayoutEffects @ webpack-internal:///…evelopment.js:22926
commitLayoutEffectOnFiber @ webpack-internal:///…evelopment.js:21407
recursivelyTraverseLayoutEffects @ webpack-internal:///…evelopment.js:22926
commitLayoutEffectOnFiber @ webpack-internal:///…evelopment.js:21577
recursivelyTraverseLayoutEffects @ webpack-internal:///…evelopment.js:22926
commitLayoutEffectOnFiber @ webpack-internal:///…evelopment.js:21407
recursivelyTraverseLayoutEffects @ webpack-internal:///…evelopment.js:22926
commitLayoutEffectOnFiber @ webpack-internal:///…evelopment.js:21577
recursivelyTraverseLayoutEffects @ webpack-internal:///…evelopment.js:22926
commitLayoutEffectOnFiber @ webpack-internal:///…evelopment.js:21407
recursivelyTraverseLayoutEffects @ webpack-internal:///…evelopment.js:22926
commitLayoutEffectOnFiber @ webpack-internal:///…evelopment.js:21407
recursivelyTraverseLayoutEffects @ webpack-internal:///…evelopment.js:22926
commitLayoutEffectOnFiber @ webpack-internal:///…evelopment.js:21488
recursivelyTraverseLayoutEffects @ webpack-internal:///…evelopment.js:22926
commitLayoutEffectOnFiber @ webpack-internal:///…evelopment.js:21488
recursivelyTraverseLayoutEffects @ webpack-internal:///…evelopment.js:22926
commitLayoutEffectOnFiber @ webpack-internal:///…evelopment.js:21577
recursivelyTraverseLayoutEffects @ webpack-internal:///…evelopment.js:22926
commitLayoutEffectOnFiber @ webpack-internal:///…evelopment.js:21577
recursivelyTraverseLayoutEffects @ webpack-internal:///…evelopment.js:22926
commitLayoutEffectOnFiber @ webpack-internal:///…evelopment.js:21418
recursivelyTraverseLayoutEffects @ webpack-internal:///…evelopment.js:22926
commitLayoutEffectOnFiber @ webpack-internal:///…evelopment.js:21407
recursivelyTraverseLayoutEffects @ webpack-internal:///…evelopment.js:22926
commitLayoutEffectOnFiber @ webpack-internal:///…evelopment.js:21577
recursivelyTraverseLayoutEffects @ webpack-internal:///…evelopment.js:22926
commitLayoutEffectOnFiber @ webpack-internal:///…evelopment.js:21418
recursivelyTraverseLayoutEffects @ webpack-internal:///…evelopment.js:22926
commitLayoutEffectOnFiber @ webpack-internal:///…evelopment.js:21407
recursivelyTraverseLayoutEffects @ webpack-internal:///…evelopment.js:22926
commitLayoutEffectOnFiber @ webpack-internal:///…evelopment.js:21407
recursivelyTraverseLayoutEffects @ webpack-internal:///…evelopment.js:22926
commitLayoutEffectOnFiber @ webpack-internal:///…evelopment.js:21418
recursivelyTraverseLayoutEffects @ webpack-internal:///…evelopment.js:22926
commitLayoutEffectOnFiber @ webpack-internal:///…evelopment.js:21407
recursivelyTraverseLayoutEffects @ webpack-internal:///…evelopment.js:22926
commitLayoutEffectOnFiber @ webpack-internal:///…evelopment.js:21577
recursivelyTraverseLayoutEffects @ webpack-internal:///…evelopment.js:22926
commitLayoutEffectOnFiber @ webpack-internal:///…evelopment.js:21577
recursivelyTraverseLayoutEffects @ webpack-internal:///…evelopment.js:22926
commitLayoutEffectOnFiber @ webpack-internal:///…evelopment.js:21577
recursivelyTraverseLayoutEffects @ webpack-internal:///…evelopment.js:22926
commitLayoutEffectOnFiber @ webpack-internal:///…evelopment.js:21577
recursivelyTraverseLayoutEffects @ webpack-internal:///…evelopment.js:22926
commitLayoutEffectOnFiber @ webpack-internal:///…evelopment.js:21577
recursivelyTraverseLayoutEffects @ webpack-internal:///…evelopment.js:22926
commitLayoutEffectOnFiber @ webpack-internal:///…evelopment.js:21577
recursivelyTraverseLayoutEffects @ webpack-internal:///…evelopment.js:22926
commitLayoutEffectOnFiber @ webpack-internal:///…evelopment.js:21407
recursivelyTraverseLayoutEffects @ webpack-internal:///…evelopment.js:22926
commitLayoutEffectOnFiber @ webpack-internal:///…evelopment.js:21418
recursivelyTraverseLayoutEffects @ webpack-internal:///…evelopment.js:22926
commitLayoutEffectOnFiber @ webpack-internal:///…evelopment.js:21407
recursivelyTraverseLayoutEffects @ webpack-internal:///…evelopment.js:22926
commitLayoutEffectOnFiber @ webpack-internal:///…evelopment.js:21407
recursivelyTraverseLayoutEffects @ webpack-internal:///…evelopment.js:22926
commitLayoutEffectOnFiber @ webpack-internal:///…evelopment.js:21407
recursivelyTraverseLayoutEffects @ webpack-internal:///…evelopment.js:22926
commitLayoutEffectOnFiber @ webpack-internal:///…evelopment.js:21407
recursivelyTraverseLayoutEffects @ webpack-internal:///…evelopment.js:22926
commitLayoutEffectOnFiber @ webpack-internal:///…evelopment.js:21577
recursivelyTraverseLayoutEffects @ webpack-internal:///…evelopment.js:22926
commitLayoutEffectOnFiber @ webpack-internal:///…evelopment.js:21577
recursivelyTraverseLayoutEffects @ webpack-internal:///…evelopment.js:22926
commitLayoutEffectOnFiber @ webpack-internal:///…evelopment.js:21577
recursivelyTraverseLayoutEffects @ webpack-internal:///…evelopment.js:22926
commitLayoutEffectOnFiber @ webpack-internal:///…evelopment.js:21437
commitLayoutEffects @ webpack-internal:///…evelopment.js:22912
commitRootImpl @ webpack-internal:///…evelopment.js:26226
commitRoot @ webpack-internal:///…evelopment.js:26077
commitRootWhenReady @ webpack-internal:///…evelopment.js:24749
finishConcurrentRender @ webpack-internal:///…evelopment.js:24714
performConcurrentWorkOnRoot @ webpack-internal:///…evelopment.js:24559
workLoop @ webpack-internal:///….development.js:256
flushWork @ webpack-internal:///….development.js:225
performWorkUntilDeadline @ webpack-internal:///….development.js:534
15:56:36.944  [CallModal] 🔄 Waiting for stream to become active for cmeifml0h001okung0i95m8s6
15:56:36.947  [VoiceActivity] Effect triggered: {hasStream: true, streamId: '34fa4aea-da9c-415d-afda-d1f0034b119c', audioTracks: 0, threshold: -40}
15:56:36.947  [VoiceActivity] No audio tracks in stream, cleaning up
15:56:36.948  [useCallPerformance] Connection states: (2) [{…}, {…}]
15:56:36.948  [useCallPerformance] Starting monitoring for 2 valid connections
15:56:36.948  [VoiceActivity] Effect triggered: {hasStream: true, streamId: '34fa4aea-da9c-415d-afda-d1f0034b119c', audioTracks: 0, threshold: -40}
15:56:36.948  [VoiceActivity] No audio tracks in stream, cleaning up
15:56:36.949  [CallModal] Rendered - voice call opened
15:56:36.949  [CallModal] Rendered - voice call opened
15:56:36.949  [useCallPerformance] Network metrics: {audioPacketLoss: 0, videoPacketLoss: 0, videoFrameRate: 0, latency: 1, callType: 'voice'}
15:56:36.950  [useCallPerformance] No valid network data yet, assuming good quality
15:56:36.950  [CallModal] Rendered - voice call opened
15:56:36.951  [CallModal] Rendered - voice call opened
15:56:36.951  [VoiceParticipant] Tester voice activity debug: {participantId: 'cmeifml0h001okung0i95m8s6', hasOriginalStream: true, hasLatestStream: true, streamActive: false, audioTracksCount: 0, …}
15:56:36.952  [CallModal] 🔊 Setting up audio element for participant cmeifml0h001okung0i95m8s6
15:56:36.953  [CallModal] Stream details: {id: '34fa4aea-da9c-415d-afda-d1f0034b119c', active: false, audioTracks: Array(0)}
15:56:36.953  [CallModal] Previous audio element for cmeifml0h001okung0i95m8s6: false
15:56:36.954  [CallModal] Cleared previous srcObject for cmeifml0h001okung0i95m8s6
15:56:36.955  [CallModal] 🔄 Stream not ready, waiting...
15:56:36.955  [CallModal] ❌ Initial audio play failed for cmeifml0h001okung0i95m8s6: 
attemptPlay @ webpack-internal:///…/CallModal.tsx:3124
ref @ webpack-internal:///…/CallModal.tsx:3158
commitAttachRef @ webpack-internal:///…evelopment.js:21677
safelyAttachRef @ webpack-internal:///…evelopment.js:20803
commitLayoutEffectOnFiber @ webpack-internal:///…evelopment.js:21498
recursivelyTraverseLayoutEffects @ webpack-internal:///…evelopment.js:22926
commitLayoutEffectOnFiber @ webpack-internal:///…evelopment.js:21577
recursivelyTraverseLayoutEffects @ webpack-internal:///…evelopment.js:22926
commitLayoutEffectOnFiber @ webpack-internal:///…evelopment.js:21488
recursivelyTraverseLayoutEffects @ webpack-internal:///…evelopment.js:22926
commitLayoutEffectOnFiber @ webpack-internal:///…evelopment.js:21488
recursivelyTraverseLayoutEffects @ webpack-internal:///…evelopment.js:22926
commitLayoutEffectOnFiber @ webpack-internal:///…evelopment.js:21488
recursivelyTraverseLayoutEffects @ webpack-internal:///…evelopment.js:22926
commitLayoutEffectOnFiber @ webpack-internal:///…evelopment.js:21488
recursivelyTraverseLayoutEffects @ webpack-internal:///…evelopment.js:22926
commitLayoutEffectOnFiber @ webpack-internal:///…evelopment.js:21407
recursivelyTraverseLayoutEffects @ webpack-internal:///…evelopment.js:22926
commitLayoutEffectOnFiber @ webpack-internal:///…evelopment.js:21407
recursivelyTraverseLayoutEffects @ webpack-internal:///…evelopment.js:22926
commitLayoutEffectOnFiber @ webpack-internal:///…evelopment.js:21577
recursivelyTraverseLayoutEffects @ webpack-internal:///…evelopment.js:22926
commitLayoutEffectOnFiber @ webpack-internal:///…evelopment.js:21407
recursivelyTraverseLayoutEffects @ webpack-internal:///…evelopment.js:22926
commitLayoutEffectOnFiber @ webpack-internal:///…evelopment.js:21577
recursivelyTraverseLayoutEffects @ webpack-internal:///…evelopment.js:22926
commitLayoutEffectOnFiber @ webpack-internal:///…evelopment.js:21407
recursivelyTraverseLayoutEffects @ webpack-internal:///…evelopment.js:22926
commitLayoutEffectOnFiber @ webpack-internal:///…evelopment.js:21577
recursivelyTraverseLayoutEffects @ webpack-internal:///…evelopment.js:22926
commitLayoutEffectOnFiber @ webpack-internal:///…evelopment.js:21407
recursivelyTraverseLayoutEffects @ webpack-internal:///…evelopment.js:22926
commitLayoutEffectOnFiber @ webpack-internal:///…evelopment.js:21577
recursivelyTraverseLayoutEffects @ webpack-internal:///…evelopment.js:22926
commitLayoutEffectOnFiber @ webpack-internal:///…evelopment.js:21407
recursivelyTraverseLayoutEffects @ webpack-internal:///…evelopment.js:22926
commitLayoutEffectOnFiber @ webpack-internal:///…evelopment.js:21407
recursivelyTraverseLayoutEffects @ webpack-internal:///…evelopment.js:22926
commitLayoutEffectOnFiber @ webpack-internal:///…evelopment.js:21488
recursivelyTraverseLayoutEffects @ webpack-internal:///…evelopment.js:22926
commitLayoutEffectOnFiber @ webpack-internal:///…evelopment.js:21488
recursivelyTraverseLayoutEffects @ webpack-internal:///…evelopment.js:22926
commitLayoutEffectOnFiber @ webpack-internal:///…evelopment.js:21577
recursivelyTraverseLayoutEffects @ webpack-internal:///…evelopment.js:22926
commitLayoutEffectOnFiber @ webpack-internal:///…evelopment.js:21577
recursivelyTraverseLayoutEffects @ webpack-internal:///…evelopment.js:22926
commitLayoutEffectOnFiber @ webpack-internal:///…evelopment.js:21418
recursivelyTraverseLayoutEffects @ webpack-internal:///…evelopment.js:22926
commitLayoutEffectOnFiber @ webpack-internal:///…evelopment.js:21407
recursivelyTraverseLayoutEffects @ webpack-internal:///…evelopment.js:22926
commitLayoutEffectOnFiber @ webpack-internal:///…evelopment.js:21577
recursivelyTraverseLayoutEffects @ webpack-internal:///…evelopment.js:22926
commitLayoutEffectOnFiber @ webpack-internal:///…evelopment.js:21418
recursivelyTraverseLayoutEffects @ webpack-internal:///…evelopment.js:22926
commitLayoutEffectOnFiber @ webpack-internal:///…evelopment.js:21407
recursivelyTraverseLayoutEffects @ webpack-internal:///…evelopment.js:22926
commitLayoutEffectOnFiber @ webpack-internal:///…evelopment.js:21407
recursivelyTraverseLayoutEffects @ webpack-internal:///…evelopment.js:22926
commitLayoutEffectOnFiber @ webpack-internal:///…evelopment.js:21418
recursivelyTraverseLayoutEffects @ webpack-internal:///…evelopment.js:22926
commitLayoutEffectOnFiber @ webpack-internal:///…evelopment.js:21407
recursivelyTraverseLayoutEffects @ webpack-internal:///…evelopment.js:22926
commitLayoutEffectOnFiber @ webpack-internal:///…evelopment.js:21577
recursivelyTraverseLayoutEffects @ webpack-internal:///…evelopment.js:22926
commitLayoutEffectOnFiber @ webpack-internal:///…evelopment.js:21577
recursivelyTraverseLayoutEffects @ webpack-internal:///…evelopment.js:22926
commitLayoutEffectOnFiber @ webpack-internal:///…evelopment.js:21577
recursivelyTraverseLayoutEffects @ webpack-internal:///…evelopment.js:22926
commitLayoutEffectOnFiber @ webpack-internal:///…evelopment.js:21577
recursivelyTraverseLayoutEffects @ webpack-internal:///…evelopment.js:22926
commitLayoutEffectOnFiber @ webpack-internal:///…evelopment.js:21577
recursivelyTraverseLayoutEffects @ webpack-internal:///…evelopment.js:22926
commitLayoutEffectOnFiber @ webpack-internal:///…evelopment.js:21577
recursivelyTraverseLayoutEffects @ webpack-internal:///…evelopment.js:22926
commitLayoutEffectOnFiber @ webpack-internal:///…evelopment.js:21407
recursivelyTraverseLayoutEffects @ webpack-internal:///…evelopment.js:22926
commitLayoutEffectOnFiber @ webpack-internal:///…evelopment.js:21418
recursivelyTraverseLayoutEffects @ webpack-internal:///…evelopment.js:22926
commitLayoutEffectOnFiber @ webpack-internal:///…evelopment.js:21407
recursivelyTraverseLayoutEffects @ webpack-internal:///…evelopment.js:22926
commitLayoutEffectOnFiber @ webpack-internal:///…evelopment.js:21407
recursivelyTraverseLayoutEffects @ webpack-internal:///…evelopment.js:22926
commitLayoutEffectOnFiber @ webpack-internal:///…evelopment.js:21407
recursivelyTraverseLayoutEffects @ webpack-internal:///…evelopment.js:22926
commitLayoutEffectOnFiber @ webpack-internal:///…evelopment.js:21407
recursivelyTraverseLayoutEffects @ webpack-internal:///…evelopment.js:22926
commitLayoutEffectOnFiber @ webpack-internal:///…evelopment.js:21577
recursivelyTraverseLayoutEffects @ webpack-internal:///…evelopment.js:22926
commitLayoutEffectOnFiber @ webpack-internal:///…evelopment.js:21577
recursivelyTraverseLayoutEffects @ webpack-internal:///…evelopment.js:22926
commitLayoutEffectOnFiber @ webpack-internal:///…evelopment.js:21577
recursivelyTraverseLayoutEffects @ webpack-internal:///…evelopment.js:22926
commitLayoutEffectOnFiber @ webpack-internal:///…evelopment.js:21437
commitLayoutEffects @ webpack-internal:///…evelopment.js:22912
commitRootImpl @ webpack-internal:///…evelopment.js:26226
commitRoot @ webpack-internal:///…evelopment.js:26077
commitRootWhenReady @ webpack-internal:///…evelopment.js:24749
finishConcurrentRender @ webpack-internal:///…evelopment.js:24714
performConcurrentWorkOnRoot @ webpack-internal:///…evelopment.js:24559
workLoop @ webpack-internal:///….development.js:256
flushWork @ webpack-internal:///….development.js:225
performWorkUntilDeadline @ webpack-internal:///….development.js:534
15:56:36.956  [CallModal] 🔄 Waiting for stream to become active for cmeifml0h001okung0i95m8s6
15:56:36.957  [VoiceActivity] Effect triggered: {hasStream: true, streamId: '34fa4aea-da9c-415d-afda-d1f0034b119c', audioTracks: 0, threshold: -40}
15:56:36.957  [VoiceActivity] No audio tracks in stream, cleaning up
15:56:36.957  [VoiceActivity] Effect triggered: {hasStream: true, streamId: '34fa4aea-da9c-415d-afda-d1f0034b119c', audioTracks: 0, threshold: -40}
15:56:36.957  [VoiceActivity] No audio tracks in stream, cleaning up
15:56:36.961  [CallModal] Rendered - voice call opened
15:56:36.962  [CallModal] Rendered - voice call opened
15:56:36.980  SocketContext: Heartbeat sent successfully
15:56:37.186  [CallModal] Skipping connection verification - no WebRTC or participants
15:56:37.186  [CallModal] Rendered - voice call opened
15:56:37.186  [CallModal] Rendered - voice call opened
15:56:37.187  [VoiceParticipant] Tester voice activity debug: {participantId: 'cmeifml0h001okung0i95m8s6', hasOriginalStream: true, hasLatestStream: true, streamActive: false, audioTracksCount: 0, …}
15:56:37.188  [CallModal] 🔊 Setting up audio element for participant cmeifml0h001okung0i95m8s6
15:56:37.188  [CallModal] Stream details: {id: '34fa4aea-da9c-415d-afda-d1f0034b119c', active: false, audioTracks: Array(0)}
15:56:37.189  [CallModal] Previous audio element for cmeifml0h001okung0i95m8s6: false
15:56:37.190  [CallModal] Cleared previous srcObject for cmeifml0h001okung0i95m8s6
15:56:37.190  [CallModal] 🔄 Stream not ready, waiting...
15:56:37.191  [CallModal] ❌ Initial audio play failed for cmeifml0h001okung0i95m8s6: 
attemptPlay @ webpack-internal:///…/CallModal.tsx:3124
ref @ webpack-internal:///…/CallModal.tsx:3158
commitAttachRef @ webpack-internal:///…evelopment.js:21677
safelyAttachRef @ webpack-internal:///…evelopment.js:20803
commitLayoutEffectOnFiber @ webpack-internal:///…evelopment.js:21498
recursivelyTraverseLayoutEffects @ webpack-internal:///…evelopment.js:22926
commitLayoutEffectOnFiber @ webpack-internal:///…evelopment.js:21577
recursivelyTraverseLayoutEffects @ webpack-internal:///…evelopment.js:22926
commitLayoutEffectOnFiber @ webpack-internal:///…evelopment.js:21488
recursivelyTraverseLayoutEffects @ webpack-internal:///…evelopment.js:22926
commitLayoutEffectOnFiber @ webpack-internal:///…evelopment.js:21488
recursivelyTraverseLayoutEffects @ webpack-internal:///…evelopment.js:22926
commitLayoutEffectOnFiber @ webpack-internal:///…evelopment.js:21488
recursivelyTraverseLayoutEffects @ webpack-internal:///…evelopment.js:22926
commitLayoutEffectOnFiber @ webpack-internal:///…evelopment.js:21488
recursivelyTraverseLayoutEffects @ webpack-internal:///…evelopment.js:22926
commitLayoutEffectOnFiber @ webpack-internal:///…evelopment.js:21407
recursivelyTraverseLayoutEffects @ webpack-internal:///…evelopment.js:22926
commitLayoutEffectOnFiber @ webpack-internal:///…evelopment.js:21407
recursivelyTraverseLayoutEffects @ webpack-internal:///…evelopment.js:22926
commitLayoutEffectOnFiber @ webpack-internal:///…evelopment.js:21577
recursivelyTraverseLayoutEffects @ webpack-internal:///…evelopment.js:22926
commitLayoutEffectOnFiber @ webpack-internal:///…evelopment.js:21407
recursivelyTraverseLayoutEffects @ webpack-internal:///…evelopment.js:22926
commitLayoutEffectOnFiber @ webpack-internal:///…evelopment.js:21577
recursivelyTraverseLayoutEffects @ webpack-internal:///…evelopment.js:22926
commitLayoutEffectOnFiber @ webpack-internal:///…evelopment.js:21407
recursivelyTraverseLayoutEffects @ webpack-internal:///…evelopment.js:22926
commitLayoutEffectOnFiber @ webpack-internal:///…evelopment.js:21577
recursivelyTraverseLayoutEffects @ webpack-internal:///…evelopment.js:22926
commitLayoutEffectOnFiber @ webpack-internal:///…evelopment.js:21407
recursivelyTraverseLayoutEffects @ webpack-internal:///…evelopment.js:22926
commitLayoutEffectOnFiber @ webpack-internal:///…evelopment.js:21577
recursivelyTraverseLayoutEffects @ webpack-internal:///…evelopment.js:22926
commitLayoutEffectOnFiber @ webpack-internal:///…evelopment.js:21407
recursivelyTraverseLayoutEffects @ webpack-internal:///…evelopment.js:22926
commitLayoutEffectOnFiber @ webpack-internal:///…evelopment.js:21407
recursivelyTraverseLayoutEffects @ webpack-internal:///…evelopment.js:22926
commitLayoutEffectOnFiber @ webpack-internal:///…evelopment.js:21488
recursivelyTraverseLayoutEffects @ webpack-internal:///…evelopment.js:22926
commitLayoutEffectOnFiber @ webpack-internal:///…evelopment.js:21488
recursivelyTraverseLayoutEffects @ webpack-internal:///…evelopment.js:22926
commitLayoutEffectOnFiber @ webpack-internal:///…evelopment.js:21577
recursivelyTraverseLayoutEffects @ webpack-internal:///…evelopment.js:22926
commitLayoutEffectOnFiber @ webpack-internal:///…evelopment.js:21577
recursivelyTraverseLayoutEffects @ webpack-internal:///…evelopment.js:22926
commitLayoutEffectOnFiber @ webpack-internal:///…evelopment.js:21418
recursivelyTraverseLayoutEffects @ webpack-internal:///…evelopment.js:22926
commitLayoutEffectOnFiber @ webpack-internal:///…evelopment.js:21407
recursivelyTraverseLayoutEffects @ webpack-internal:///…evelopment.js:22926
commitLayoutEffectOnFiber @ webpack-internal:///…evelopment.js:21577
recursivelyTraverseLayoutEffects @ webpack-internal:///…evelopment.js:22926
commitLayoutEffectOnFiber @ webpack-internal:///…evelopment.js:21418
recursivelyTraverseLayoutEffects @ webpack-internal:///…evelopment.js:22926
commitLayoutEffectOnFiber @ webpack-internal:///…evelopment.js:21407
recursivelyTraverseLayoutEffects @ webpack-internal:///…evelopment.js:22926
commitLayoutEffectOnFiber @ webpack-internal:///…evelopment.js:21407
recursivelyTraverseLayoutEffects @ webpack-internal:///…evelopment.js:22926
commitLayoutEffectOnFiber @ webpack-internal:///…evelopment.js:21418
recursivelyTraverseLayoutEffects @ webpack-internal:///…evelopment.js:22926
commitLayoutEffectOnFiber @ webpack-internal:///…evelopment.js:21407
recursivelyTraverseLayoutEffects @ webpack-internal:///…evelopment.js:22926
commitLayoutEffectOnFiber @ webpack-internal:///…evelopment.js:21577
recursivelyTraverseLayoutEffects @ webpack-internal:///…evelopment.js:22926
commitLayoutEffectOnFiber @ webpack-internal:///…evelopment.js:21577
recursivelyTraverseLayoutEffects @ webpack-internal:///…evelopment.js:22926
commitLayoutEffectOnFiber @ webpack-internal:///…evelopment.js:21577
recursivelyTraverseLayoutEffects @ webpack-internal:///…evelopment.js:22926
commitLayoutEffectOnFiber @ webpack-internal:///…evelopment.js:21577
recursivelyTraverseLayoutEffects @ webpack-internal:///…evelopment.js:22926
commitLayoutEffectOnFiber @ webpack-internal:///…evelopment.js:21577
recursivelyTraverseLayoutEffects @ webpack-internal:///…evelopment.js:22926
commitLayoutEffectOnFiber @ webpack-internal:///…evelopment.js:21577
recursivelyTraverseLayoutEffects @ webpack-internal:///…evelopment.js:22926
commitLayoutEffectOnFiber @ webpack-internal:///…evelopment.js:21407
recursivelyTraverseLayoutEffects @ webpack-internal:///…evelopment.js:22926
commitLayoutEffectOnFiber @ webpack-internal:///…evelopment.js:21418
recursivelyTraverseLayoutEffects @ webpack-internal:///…evelopment.js:22926
commitLayoutEffectOnFiber @ webpack-internal:///…evelopment.js:21407
recursivelyTraverseLayoutEffects @ webpack-internal:///…evelopment.js:22926
commitLayoutEffectOnFiber @ webpack-internal:///…evelopment.js:21407
recursivelyTraverseLayoutEffects @ webpack-internal:///…evelopment.js:22926
commitLayoutEffectOnFiber @ webpack-internal:///…evelopment.js:21407
recursivelyTraverseLayoutEffects @ webpack-internal:///…evelopment.js:22926
commitLayoutEffectOnFiber @ webpack-internal:///…evelopment.js:21407
recursivelyTraverseLayoutEffects @ webpack-internal:///…evelopment.js:22926
commitLayoutEffectOnFiber @ webpack-internal:///…evelopment.js:21577
recursivelyTraverseLayoutEffects @ webpack-internal:///…evelopment.js:22926
commitLayoutEffectOnFiber @ webpack-internal:///…evelopment.js:21577
recursivelyTraverseLayoutEffects @ webpack-internal:///…evelopment.js:22926
commitLayoutEffectOnFiber @ webpack-internal:///…evelopment.js:21577
recursivelyTraverseLayoutEffects @ webpack-internal:///…evelopment.js:22926
commitLayoutEffectOnFiber @ webpack-internal:///…evelopment.js:21437
commitLayoutEffects @ webpack-internal:///…evelopment.js:22912
commitRootImpl @ webpack-internal:///…evelopment.js:26226
commitRoot @ webpack-internal:///…evelopment.js:26077
commitRootWhenReady @ webpack-internal:///…evelopment.js:24749
finishConcurrentRender @ webpack-internal:///…evelopment.js:24714
performConcurrentWorkOnRoot @ webpack-internal:///…evelopment.js:24559
workLoop @ webpack-internal:///….development.js:256
flushWork @ webpack-internal:///….development.js:225
performWorkUntilDeadline @ webpack-internal:///….development.js:534
15:56:37.191  [CallModal] 🔄 Waiting for stream to become active for cmeifml0h001okung0i95m8s6
15:56:37.193  [VoiceActivity] Effect triggered: {hasStream: true, streamId: '34fa4aea-da9c-415d-afda-d1f0034b119c', audioTracks: 0, threshold: -40}
15:56:37.193  [VoiceActivity] No audio tracks in stream, cleaning up
15:56:37.193  [VoiceActivity] Effect triggered: {hasStream: true, streamId: '34fa4aea-da9c-415d-afda-d1f0034b119c', audioTracks: 0, threshold: -40}
15:56:37.193  [VoiceActivity] No audio tracks in stream, cleaning up
15:56:37.193  [CallModal] Rendered - voice call opened
15:56:37.194  [CallModal] Rendered - voice call opened
15:56:37.220  [CallModal] Rendered - voice call opened
15:56:37.221  [CallModal] Rendered - voice call opened
15:56:37.221  [VoiceParticipant] Tester voice activity debug: {participantId: 'cmeifml0h001okung0i95m8s6', hasOriginalStream: true, hasLatestStream: true, streamActive: false, audioTracksCount: 0, …}
15:56:37.223  [CallModal] 🔊 Setting up audio element for participant cmeifml0h001okung0i95m8s6
15:56:37.223  [CallModal] Stream details: {id: '34fa4aea-da9c-415d-afda-d1f0034b119c', active: false, audioTracks: Array(0)}
15:56:37.223  [CallModal] Previous audio element for cmeifml0h001okung0i95m8s6: false
15:56:37.224  [CallModal] Cleared previous srcObject for cmeifml0h001okung0i95m8s6
15:56:37.225  [CallModal] 🔄 Stream not ready, waiting...
15:56:37.225  [CallModal] ❌ Initial audio play failed for cmeifml0h001okung0i95m8s6: 
attemptPlay @ webpack-internal:///…/CallModal.tsx:3124
ref @ webpack-internal:///…/CallModal.tsx:3158
commitAttachRef @ webpack-internal:///…evelopment.js:21677
safelyAttachRef @ webpack-internal:///…evelopment.js:20803
commitLayoutEffectOnFiber @ webpack-internal:///…evelopment.js:21498
recursivelyTraverseLayoutEffects @ webpack-internal:///…evelopment.js:22926
commitLayoutEffectOnFiber @ webpack-internal:///…evelopment.js:21577
recursivelyTraverseLayoutEffects @ webpack-internal:///…evelopment.js:22926
commitLayoutEffectOnFiber @ webpack-internal:///…evelopment.js:21488
recursivelyTraverseLayoutEffects @ webpack-internal:///…evelopment.js:22926
commitLayoutEffectOnFiber @ webpack-internal:///…evelopment.js:21488
recursivelyTraverseLayoutEffects @ webpack-internal:///…evelopment.js:22926
commitLayoutEffectOnFiber @ webpack-internal:///…evelopment.js:21488
recursivelyTraverseLayoutEffects @ webpack-internal:///…evelopment.js:22926
commitLayoutEffectOnFiber @ webpack-internal:///…evelopment.js:21488
recursivelyTraverseLayoutEffects @ webpack-internal:///…evelopment.js:22926
commitLayoutEffectOnFiber @ webpack-internal:///…evelopment.js:21407
recursivelyTraverseLayoutEffects @ webpack-internal:///…evelopment.js:22926
commitLayoutEffectOnFiber @ webpack-internal:///…evelopment.js:21407
recursivelyTraverseLayoutEffects @ webpack-internal:///…evelopment.js:22926
commitLayoutEffectOnFiber @ webpack-internal:///…evelopment.js:21577
recursivelyTraverseLayoutEffects @ webpack-internal:///…evelopment.js:22926
commitLayoutEffectOnFiber @ webpack-internal:///…evelopment.js:21407
recursivelyTraverseLayoutEffects @ webpack-internal:///…evelopment.js:22926
commitLayoutEffectOnFiber @ webpack-internal:///…evelopment.js:21577
recursivelyTraverseLayoutEffects @ webpack-internal:///…evelopment.js:22926
commitLayoutEffectOnFiber @ webpack-internal:///…evelopment.js:21407
recursivelyTraverseLayoutEffects @ webpack-internal:///…evelopment.js:22926
commitLayoutEffectOnFiber @ webpack-internal:///…evelopment.js:21577
recursivelyTraverseLayoutEffects @ webpack-internal:///…evelopment.js:22926
commitLayoutEffectOnFiber @ webpack-internal:///…evelopment.js:21407
recursivelyTraverseLayoutEffects @ webpack-internal:///…evelopment.js:22926
commitLayoutEffectOnFiber @ webpack-internal:///…evelopment.js:21577
recursivelyTraverseLayoutEffects @ webpack-internal:///…evelopment.js:22926
commitLayoutEffectOnFiber @ webpack-internal:///…evelopment.js:21407
recursivelyTraverseLayoutEffects @ webpack-internal:///…evelopment.js:22926
commitLayoutEffectOnFiber @ webpack-internal:///…evelopment.js:21407
recursivelyTraverseLayoutEffects @ webpack-internal:///…evelopment.js:22926
commitLayoutEffectOnFiber @ webpack-internal:///…evelopment.js:21488
recursivelyTraverseLayoutEffects @ webpack-internal:///…evelopment.js:22926
commitLayoutEffectOnFiber @ webpack-internal:///…evelopment.js:21488
recursivelyTraverseLayoutEffects @ webpack-internal:///…evelopment.js:22926
commitLayoutEffectOnFiber @ webpack-internal:///…evelopment.js:21577
recursivelyTraverseLayoutEffects @ webpack-internal:///…evelopment.js:22926
commitLayoutEffectOnFiber @ webpack-internal:///…evelopment.js:21577
recursivelyTraverseLayoutEffects @ webpack-internal:///…evelopment.js:22926
commitLayoutEffectOnFiber @ webpack-internal:///…evelopment.js:21418
recursivelyTraverseLayoutEffects @ webpack-internal:///…evelopment.js:22926
commitLayoutEffectOnFiber @ webpack-internal:///…evelopment.js:21407
recursivelyTraverseLayoutEffects @ webpack-internal:///…evelopment.js:22926
commitLayoutEffectOnFiber @ webpack-internal:///…evelopment.js:21577
recursivelyTraverseLayoutEffects @ webpack-internal:///…evelopment.js:22926
commitLayoutEffectOnFiber @ webpack-internal:///…evelopment.js:21418
recursivelyTraverseLayoutEffects @ webpack-internal:///…evelopment.js:22926
commitLayoutEffectOnFiber @ webpack-internal:///…evelopment.js:21407
recursivelyTraverseLayoutEffects @ webpack-internal:///…evelopment.js:22926
commitLayoutEffectOnFiber @ webpack-internal:///…evelopment.js:21407
recursivelyTraverseLayoutEffects @ webpack-internal:///…evelopment.js:22926
commitLayoutEffectOnFiber @ webpack-internal:///…evelopment.js:21418
recursivelyTraverseLayoutEffects @ webpack-internal:///…evelopment.js:22926
commitLayoutEffectOnFiber @ webpack-internal:///…evelopment.js:21407
recursivelyTraverseLayoutEffects @ webpack-internal:///…evelopment.js:22926
commitLayoutEffectOnFiber @ webpack-internal:///…evelopment.js:21577
recursivelyTraverseLayoutEffects @ webpack-internal:///…evelopment.js:22926
commitLayoutEffectOnFiber @ webpack-internal:///…evelopment.js:21577
recursivelyTraverseLayoutEffects @ webpack-internal:///…evelopment.js:22926
commitLayoutEffectOnFiber @ webpack-internal:///…evelopment.js:21577
recursivelyTraverseLayoutEffects @ webpack-internal:///…evelopment.js:22926
commitLayoutEffectOnFiber @ webpack-internal:///…evelopment.js:21577
recursivelyTraverseLayoutEffects @ webpack-internal:///…evelopment.js:22926
commitLayoutEffectOnFiber @ webpack-internal:///…evelopment.js:21577
recursivelyTraverseLayoutEffects @ webpack-internal:///…evelopment.js:22926
commitLayoutEffectOnFiber @ webpack-internal:///…evelopment.js:21577
recursivelyTraverseLayoutEffects @ webpack-internal:///…evelopment.js:22926
commitLayoutEffectOnFiber @ webpack-internal:///…evelopment.js:21407
recursivelyTraverseLayoutEffects @ webpack-internal:///…evelopment.js:22926
commitLayoutEffectOnFiber @ webpack-internal:///…evelopment.js:21418
recursivelyTraverseLayoutEffects @ webpack-internal:///…evelopment.js:22926
commitLayoutEffectOnFiber @ webpack-internal:///…evelopment.js:21407
recursivelyTraverseLayoutEffects @ webpack-internal:///…evelopment.js:22926
commitLayoutEffectOnFiber @ webpack-internal:///…evelopment.js:21407
recursivelyTraverseLayoutEffects @ webpack-internal:///…evelopment.js:22926
commitLayoutEffectOnFiber @ webpack-internal:///…evelopment.js:21407
recursivelyTraverseLayoutEffects @ webpack-internal:///…evelopment.js:22926
commitLayoutEffectOnFiber @ webpack-internal:///…evelopment.js:21407
recursivelyTraverseLayoutEffects @ webpack-internal:///…evelopment.js:22926
commitLayoutEffectOnFiber @ webpack-internal:///…evelopment.js:21577
recursivelyTraverseLayoutEffects @ webpack-internal:///…evelopment.js:22926
commitLayoutEffectOnFiber @ webpack-internal:///…evelopment.js:21577
recursivelyTraverseLayoutEffects @ webpack-internal:///…evelopment.js:22926
commitLayoutEffectOnFiber @ webpack-internal:///…evelopment.js:21577
recursivelyTraverseLayoutEffects @ webpack-internal:///…evelopment.js:22926
commitLayoutEffectOnFiber @ webpack-internal:///…evelopment.js:21437
commitLayoutEffects @ webpack-internal:///…evelopment.js:22912
commitRootImpl @ webpack-internal:///…evelopment.js:26226
commitRoot @ webpack-internal:///…evelopment.js:26077
commitRootWhenReady @ webpack-internal:///…evelopment.js:24749
finishConcurrentRender @ webpack-internal:///…evelopment.js:24714
performConcurrentWorkOnRoot @ webpack-internal:///…evelopment.js:24559
workLoop @ webpack-internal:///….development.js:256
flushWork @ webpack-internal:///….development.js:225
performWorkUntilDeadline @ webpack-internal:///….development.js:534
15:56:37.225  [CallModal] 🔄 Waiting for stream to become active for cmeifml0h001okung0i95m8s6
15:56:37.226  [VoiceActivity] Effect triggered: {hasStream: true, streamId: '34fa4aea-da9c-415d-afda-d1f0034b119c', audioTracks: 0, threshold: -40}
15:56:37.227  [VoiceActivity] No audio tracks in stream, cleaning up
15:56:37.227  [VoiceActivity] Effect triggered: {hasStream: true, streamId: '34fa4aea-da9c-415d-afda-d1f0034b119c', audioTracks: 0, threshold: -40}
15:56:37.227  [VoiceActivity] No audio tracks in stream, cleaning up
15:56:37.240  [CallModal] Rendered - voice call opened
15:56:37.240  [CallModal] Rendered - voice call opened
15:56:37.566  Updated online status for user cmeifml0h001okung0i95m8s6 in conversation cmew64hqq0008kud8i3zywuwd
15:56:37.567  ChatSidebar: Filtering conversations {totalConversations: 4, blockedUserIds: Array(0), blockerUserIds: Array(0), effectiveSearchQuery: '', forceRefresh: 20, …}
15:56:37.567  ChatSidebar: Filtering conversations {totalConversations: 4, blockedUserIds: Array(0), blockerUserIds: Array(0), effectiveSearchQuery: '', forceRefresh: 20, …}
15:56:37.568  ChatSidebar: Group conversation cmfbwdnf60000kuzg41ovkra2 (New Group) - members: 3
15:56:37.569  🏠 ChatWindow mounted/re-rendered with conversationId: null
15:56:37.570  🏠 ChatWindow mounted/re-rendered with conversationId: null
15:56:37.571  [CallModal] Rendered - voice call opened
15:56:37.571  [CallModal] Rendered - voice call opened
15:56:37.572  [VoiceParticipant] Tester voice activity debug: {participantId: 'cmeifml0h001okung0i95m8s6', hasOriginalStream: true, hasLatestStream: true, streamActive: false, audioTracksCount: 0, …}
15:56:37.575  [CallModal] 🔊 Setting up audio element for participant cmeifml0h001okung0i95m8s6
15:56:37.576  [CallModal] Stream details: {id: '34fa4aea-da9c-415d-afda-d1f0034b119c', active: false, audioTracks: Array(0)}
15:56:37.577  [CallModal] Previous audio element for cmeifml0h001okung0i95m8s6: false
15:56:37.579  [CallModal] Cleared previous srcObject for cmeifml0h001okung0i95m8s6
15:56:37.580  [CallModal] 🔄 Stream not ready, waiting...
15:56:37.581  [CallModal] ❌ Initial audio play failed for cmeifml0h001okung0i95m8s6: 
attemptPlay @ webpack-internal:///…/CallModal.tsx:3124
ref @ webpack-internal:///…/CallModal.tsx:3158
commitAttachRef @ webpack-internal:///…evelopment.js:21677
safelyAttachRef @ webpack-internal:///…evelopment.js:20803
commitLayoutEffectOnFiber @ webpack-internal:///…evelopment.js:21498
recursivelyTraverseLayoutEffects @ webpack-internal:///…evelopment.js:22926
commitLayoutEffectOnFiber @ webpack-internal:///…evelopment.js:21577
recursivelyTraverseLayoutEffects @ webpack-internal:///…evelopment.js:22926
commitLayoutEffectOnFiber @ webpack-internal:///…evelopment.js:21488
recursivelyTraverseLayoutEffects @ webpack-internal:///…evelopment.js:22926
commitLayoutEffectOnFiber @ webpack-internal:///…evelopment.js:21488
recursivelyTraverseLayoutEffects @ webpack-internal:///…evelopment.js:22926
commitLayoutEffectOnFiber @ webpack-internal:///…evelopment.js:21488
recursivelyTraverseLayoutEffects @ webpack-internal:///…evelopment.js:22926
commitLayoutEffectOnFiber @ webpack-internal:///…evelopment.js:21488
recursivelyTraverseLayoutEffects @ webpack-internal:///…evelopment.js:22926
commitLayoutEffectOnFiber @ webpack-internal:///…evelopment.js:21407
recursivelyTraverseLayoutEffects @ webpack-internal:///…evelopment.js:22926
commitLayoutEffectOnFiber @ webpack-internal:///…evelopment.js:21407
recursivelyTraverseLayoutEffects @ webpack-internal:///…evelopment.js:22926
commitLayoutEffectOnFiber @ webpack-internal:///…evelopment.js:21577
recursivelyTraverseLayoutEffects @ webpack-internal:///…evelopment.js:22926
commitLayoutEffectOnFiber @ webpack-internal:///…evelopment.js:21407
recursivelyTraverseLayoutEffects @ webpack-internal:///…evelopment.js:22926
commitLayoutEffectOnFiber @ webpack-internal:///…evelopment.js:21577
recursivelyTraverseLayoutEffects @ webpack-internal:///…evelopment.js:22926
commitLayoutEffectOnFiber @ webpack-internal:///…evelopment.js:21407
recursivelyTraverseLayoutEffects @ webpack-internal:///…evelopment.js:22926
commitLayoutEffectOnFiber @ webpack-internal:///…evelopment.js:21577
recursivelyTraverseLayoutEffects @ webpack-internal:///…evelopment.js:22926
commitLayoutEffectOnFiber @ webpack-internal:///…evelopment.js:21407
recursivelyTraverseLayoutEffects @ webpack-internal:///…evelopment.js:22926
commitLayoutEffectOnFiber @ webpack-internal:///…evelopment.js:21577
recursivelyTraverseLayoutEffects @ webpack-internal:///…evelopment.js:22926
commitLayoutEffectOnFiber @ webpack-internal:///…evelopment.js:21407
recursivelyTraverseLayoutEffects @ webpack-internal:///…evelopment.js:22926
commitLayoutEffectOnFiber @ webpack-internal:///…evelopment.js:21407
recursivelyTraverseLayoutEffects @ webpack-internal:///…evelopment.js:22926
commitLayoutEffectOnFiber @ webpack-internal:///…evelopment.js:21488
recursivelyTraverseLayoutEffects @ webpack-internal:///…evelopment.js:22926
commitLayoutEffectOnFiber @ webpack-internal:///…evelopment.js:21488
recursivelyTraverseLayoutEffects @ webpack-internal:///…evelopment.js:22926
commitLayoutEffectOnFiber @ webpack-internal:///…evelopment.js:21577
recursivelyTraverseLayoutEffects @ webpack-internal:///…evelopment.js:22926
commitLayoutEffectOnFiber @ webpack-internal:///…evelopment.js:21577
recursivelyTraverseLayoutEffects @ webpack-internal:///…evelopment.js:22926
commitLayoutEffectOnFiber @ webpack-internal:///…evelopment.js:21418
recursivelyTraverseLayoutEffects @ webpack-internal:///…evelopment.js:22926
commitLayoutEffectOnFiber @ webpack-internal:///…evelopment.js:21407
recursivelyTraverseLayoutEffects @ webpack-internal:///…evelopment.js:22926
commitLayoutEffectOnFiber @ webpack-internal:///…evelopment.js:21577
recursivelyTraverseLayoutEffects @ webpack-internal:///…evelopment.js:22926
commitLayoutEffectOnFiber @ webpack-internal:///…evelopment.js:21418
recursivelyTraverseLayoutEffects @ webpack-internal:///…evelopment.js:22926
commitLayoutEffectOnFiber @ webpack-internal:///…evelopment.js:21407
recursivelyTraverseLayoutEffects @ webpack-internal:///…evelopment.js:22926
commitLayoutEffectOnFiber @ webpack-internal:///…evelopment.js:21407
recursivelyTraverseLayoutEffects @ webpack-internal:///…evelopment.js:22926
commitLayoutEffectOnFiber @ webpack-internal:///…evelopment.js:21418
recursivelyTraverseLayoutEffects @ webpack-internal:///…evelopment.js:22926
commitLayoutEffectOnFiber @ webpack-internal:///…evelopment.js:21407
recursivelyTraverseLayoutEffects @ webpack-internal:///…evelopment.js:22926
commitLayoutEffectOnFiber @ webpack-internal:///…evelopment.js:21577
recursivelyTraverseLayoutEffects @ webpack-internal:///…evelopment.js:22926
commitLayoutEffectOnFiber @ webpack-internal:///…evelopment.js:21577
recursivelyTraverseLayoutEffects @ webpack-internal:///…evelopment.js:22926
commitLayoutEffectOnFiber @ webpack-internal:///…evelopment.js:21577
recursivelyTraverseLayoutEffects @ webpack-internal:///…evelopment.js:22926
commitLayoutEffectOnFiber @ webpack-internal:///…evelopment.js:21577
recursivelyTraverseLayoutEffects @ webpack-internal:///…evelopment.js:22926
commitLayoutEffectOnFiber @ webpack-internal:///…evelopment.js:21577
recursivelyTraverseLayoutEffects @ webpack-internal:///…evelopment.js:22926
commitLayoutEffectOnFiber @ webpack-internal:///…evelopment.js:21577
recursivelyTraverseLayoutEffects @ webpack-internal:///…evelopment.js:22926
commitLayoutEffectOnFiber @ webpack-internal:///…evelopment.js:21407
recursivelyTraverseLayoutEffects @ webpack-internal:///…evelopment.js:22926
commitLayoutEffectOnFiber @ webpack-internal:///…evelopment.js:21418
recursivelyTraverseLayoutEffects @ webpack-internal:///…evelopment.js:22926
commitLayoutEffectOnFiber @ webpack-internal:///…evelopment.js:21407
recursivelyTraverseLayoutEffects @ webpack-internal:///…evelopment.js:22926
commitLayoutEffectOnFiber @ webpack-internal:///…evelopment.js:21407
recursivelyTraverseLayoutEffects @ webpack-internal:///…evelopment.js:22926
commitLayoutEffectOnFiber @ webpack-internal:///…evelopment.js:21407
recursivelyTraverseLayoutEffects @ webpack-internal:///…evelopment.js:22926
commitLayoutEffectOnFiber @ webpack-internal:///…evelopment.js:21407
recursivelyTraverseLayoutEffects @ webpack-internal:///…evelopment.js:22926
commitLayoutEffectOnFiber @ webpack-internal:///…evelopment.js:21577
recursivelyTraverseLayoutEffects @ webpack-internal:///…evelopment.js:22926
commitLayoutEffectOnFiber @ webpack-internal:///…evelopment.js:21577
recursivelyTraverseLayoutEffects @ webpack-internal:///…evelopment.js:22926
commitLayoutEffectOnFiber @ webpack-internal:///…evelopment.js:21577
recursivelyTraverseLayoutEffects @ webpack-internal:///…evelopment.js:22926
commitLayoutEffectOnFiber @ webpack-internal:///…evelopment.js:21437
commitLayoutEffects @ webpack-internal:///…evelopment.js:22912
commitRootImpl @ webpack-internal:///…evelopment.js:26226
commitRoot @ webpack-internal:///…evelopment.js:26077
commitRootWhenReady @ webpack-internal:///…evelopment.js:24749
finishConcurrentRender @ webpack-internal:///…evelopment.js:24714
performConcurrentWorkOnRoot @ webpack-internal:///…evelopment.js:24559
workLoop @ webpack-internal:///….development.js:256
flushWork @ webpack-internal:///….development.js:225
performWorkUntilDeadline @ webpack-internal:///….development.js:534
15:56:37.582  [CallModal] 🔄 Waiting for stream to become active for cmeifml0h001okung0i95m8s6
15:56:37.584  ChatSidebar: Conversations updated, count: 4
15:56:37.584  ChatSidebar: Latest conversation: cmfbwdnf60000kuzg41ovkra2 last message: cmfc8zta3000bkulfrpl6vutn
15:56:37.585  [VoiceActivity] Effect triggered: {hasStream: true, streamId: '34fa4aea-da9c-415d-afda-d1f0034b119c', audioTracks: 0, threshold: -40}
15:56:37.585  [VoiceActivity] No audio tracks in stream, cleaning up
15:56:37.585  [CallModal] Initialized active participants (excluding self): ['cmeifml0h001okung0i95m8s6']
15:56:37.585  [CallModal] Skipping connection verification - no WebRTC or participants
15:56:37.586  [VoiceActivity] Effect triggered: {hasStream: true, streamId: '34fa4aea-da9c-415d-afda-d1f0034b119c', audioTracks: 0, threshold: -40}
15:56:37.586  [VoiceActivity] No audio tracks in stream, cleaning up
15:56:37.586  [CallModal] Rendered - voice call opened
15:56:37.586  [CallModal] Rendered - voice call opened
15:56:37.587  [VoiceParticipant] Tester voice activity debug: {participantId: 'cmeifml0h001okung0i95m8s6', hasOriginalStream: true, hasLatestStream: true, streamActive: false, audioTracksCount: 0, …}
15:56:37.588  [CallModal] 🔊 Setting up audio element for participant cmeifml0h001okung0i95m8s6
15:56:37.588  [CallModal] Stream details: {id: '34fa4aea-da9c-415d-afda-d1f0034b119c', active: false, audioTracks: Array(0)}
15:56:37.589  [CallModal] Previous audio element for cmeifml0h001okung0i95m8s6: false
15:56:37.589  [CallModal] Cleared previous srcObject for cmeifml0h001okung0i95m8s6
15:56:37.590  [CallModal] 🔄 Stream not ready, waiting...
15:56:37.590  [CallModal] ❌ Initial audio play failed for cmeifml0h001okung0i95m8s6: 
attemptPlay @ webpack-internal:///…/CallModal.tsx:3124
ref @ webpack-internal:///…/CallModal.tsx:3158
commitAttachRef @ webpack-internal:///…evelopment.js:21677
safelyAttachRef @ webpack-internal:///…evelopment.js:20803
commitLayoutEffectOnFiber @ webpack-internal:///…evelopment.js:21498
recursivelyTraverseLayoutEffects @ webpack-internal:///…evelopment.js:22926
commitLayoutEffectOnFiber @ webpack-internal:///…evelopment.js:21577
recursivelyTraverseLayoutEffects @ webpack-internal:///…evelopment.js:22926
commitLayoutEffectOnFiber @ webpack-internal:///…evelopment.js:21488
recursivelyTraverseLayoutEffects @ webpack-internal:///…evelopment.js:22926
commitLayoutEffectOnFiber @ webpack-internal:///…evelopment.js:21488
recursivelyTraverseLayoutEffects @ webpack-internal:///…evelopment.js:22926
commitLayoutEffectOnFiber @ webpack-internal:///…evelopment.js:21488
recursivelyTraverseLayoutEffects @ webpack-internal:///…evelopment.js:22926
commitLayoutEffectOnFiber @ webpack-internal:///…evelopment.js:21488
recursivelyTraverseLayoutEffects @ webpack-internal:///…evelopment.js:22926
commitLayoutEffectOnFiber @ webpack-internal:///…evelopment.js:21407
recursivelyTraverseLayoutEffects @ webpack-internal:///…evelopment.js:22926
commitLayoutEffectOnFiber @ webpack-internal:///…evelopment.js:21407
recursivelyTraverseLayoutEffects @ webpack-internal:///…evelopment.js:22926
commitLayoutEffectOnFiber @ webpack-internal:///…evelopment.js:21577
recursivelyTraverseLayoutEffects @ webpack-internal:///…evelopment.js:22926
commitLayoutEffectOnFiber @ webpack-internal:///…evelopment.js:21407
recursivelyTraverseLayoutEffects @ webpack-internal:///…evelopment.js:22926
commitLayoutEffectOnFiber @ webpack-internal:///…evelopment.js:21577
recursivelyTraverseLayoutEffects @ webpack-internal:///…evelopment.js:22926
commitLayoutEffectOnFiber @ webpack-internal:///…evelopment.js:21407
recursivelyTraverseLayoutEffects @ webpack-internal:///…evelopment.js:22926
commitLayoutEffectOnFiber @ webpack-internal:///…evelopment.js:21577
recursivelyTraverseLayoutEffects @ webpack-internal:///…evelopment.js:22926
commitLayoutEffectOnFiber @ webpack-internal:///…evelopment.js:21407
recursivelyTraverseLayoutEffects @ webpack-internal:///…evelopment.js:22926
commitLayoutEffectOnFiber @ webpack-internal:///…evelopment.js:21577
recursivelyTraverseLayoutEffects @ webpack-internal:///…evelopment.js:22926
commitLayoutEffectOnFiber @ webpack-internal:///…evelopment.js:21407
recursivelyTraverseLayoutEffects @ webpack-internal:///…evelopment.js:22926
commitLayoutEffectOnFiber @ webpack-internal:///…evelopment.js:21407
recursivelyTraverseLayoutEffects @ webpack-internal:///…evelopment.js:22926
commitLayoutEffectOnFiber @ webpack-internal:///…evelopment.js:21488
recursivelyTraverseLayoutEffects @ webpack-internal:///…evelopment.js:22926
commitLayoutEffectOnFiber @ webpack-internal:///…evelopment.js:21488
recursivelyTraverseLayoutEffects @ webpack-internal:///…evelopment.js:22926
commitLayoutEffectOnFiber @ webpack-internal:///…evelopment.js:21577
recursivelyTraverseLayoutEffects @ webpack-internal:///…evelopment.js:22926
commitLayoutEffectOnFiber @ webpack-internal:///…evelopment.js:21577
recursivelyTraverseLayoutEffects @ webpack-internal:///…evelopment.js:22926
commitLayoutEffectOnFiber @ webpack-internal:///…evelopment.js:21418
recursivelyTraverseLayoutEffects @ webpack-internal:///…evelopment.js:22926
commitLayoutEffectOnFiber @ webpack-internal:///…evelopment.js:21407
recursivelyTraverseLayoutEffects @ webpack-internal:///…evelopment.js:22926
commitLayoutEffectOnFiber @ webpack-internal:///…evelopment.js:21577
recursivelyTraverseLayoutEffects @ webpack-internal:///…evelopment.js:22926
commitLayoutEffectOnFiber @ webpack-internal:///…evelopment.js:21418
recursivelyTraverseLayoutEffects @ webpack-internal:///…evelopment.js:22926
commitLayoutEffectOnFiber @ webpack-internal:///…evelopment.js:21407
recursivelyTraverseLayoutEffects @ webpack-internal:///…evelopment.js:22926
commitLayoutEffectOnFiber @ webpack-internal:///…evelopment.js:21407
recursivelyTraverseLayoutEffects @ webpack-internal:///…evelopment.js:22926
commitLayoutEffectOnFiber @ webpack-internal:///…evelopment.js:21418
recursivelyTraverseLayoutEffects @ webpack-internal:///…evelopment.js:22926
commitLayoutEffectOnFiber @ webpack-internal:///…evelopment.js:21407
recursivelyTraverseLayoutEffects @ webpack-internal:///…evelopment.js:22926
commitLayoutEffectOnFiber @ webpack-internal:///…evelopment.js:21577
recursivelyTraverseLayoutEffects @ webpack-internal:///…evelopment.js:22926
commitLayoutEffectOnFiber @ webpack-internal:///…evelopment.js:21577
recursivelyTraverseLayoutEffects @ webpack-internal:///…evelopment.js:22926
commitLayoutEffectOnFiber @ webpack-internal:///…evelopment.js:21577
recursivelyTraverseLayoutEffects @ webpack-internal:///…evelopment.js:22926
commitLayoutEffectOnFiber @ webpack-internal:///…evelopment.js:21577
recursivelyTraverseLayoutEffects @ webpack-internal:///…evelopment.js:22926
commitLayoutEffectOnFiber @ webpack-internal:///…evelopment.js:21577
recursivelyTraverseLayoutEffects @ webpack-internal:///…evelopment.js:22926
commitLayoutEffectOnFiber @ webpack-internal:///…evelopment.js:21577
recursivelyTraverseLayoutEffects @ webpack-internal:///…evelopment.js:22926
commitLayoutEffectOnFiber @ webpack-internal:///…evelopment.js:21407
recursivelyTraverseLayoutEffects @ webpack-internal:///…evelopment.js:22926
commitLayoutEffectOnFiber @ webpack-internal:///…evelopment.js:21418
recursivelyTraverseLayoutEffects @ webpack-internal:///…evelopment.js:22926
commitLayoutEffectOnFiber @ webpack-internal:///…evelopment.js:21407
recursivelyTraverseLayoutEffects @ webpack-internal:///…evelopment.js:22926
commitLayoutEffectOnFiber @ webpack-internal:///…evelopment.js:21407
recursivelyTraverseLayoutEffects @ webpack-internal:///…evelopment.js:22926
commitLayoutEffectOnFiber @ webpack-internal:///…evelopment.js:21407
recursivelyTraverseLayoutEffects @ webpack-internal:///…evelopment.js:22926
commitLayoutEffectOnFiber @ webpack-internal:///…evelopment.js:21407
recursivelyTraverseLayoutEffects @ webpack-internal:///…evelopment.js:22926
commitLayoutEffectOnFiber @ webpack-internal:///…evelopment.js:21577
recursivelyTraverseLayoutEffects @ webpack-internal:///…evelopment.js:22926
commitLayoutEffectOnFiber @ webpack-internal:///…evelopment.js:21577
recursivelyTraverseLayoutEffects @ webpack-internal:///…evelopment.js:22926
commitLayoutEffectOnFiber @ webpack-internal:///…evelopment.js:21577
recursivelyTraverseLayoutEffects @ webpack-internal:///…evelopment.js:22926
commitLayoutEffectOnFiber @ webpack-internal:///…evelopment.js:21437
commitLayoutEffects @ webpack-internal:///…evelopment.js:22912
commitRootImpl @ webpack-internal:///…evelopment.js:26226
commitRoot @ webpack-internal:///…evelopment.js:26077
commitRootWhenReady @ webpack-internal:///…evelopment.js:24749
finishConcurrentRender @ webpack-internal:///…evelopment.js:24714
performConcurrentWorkOnRoot @ webpack-internal:///…evelopment.js:24559
workLoop @ webpack-internal:///….development.js:256
flushWork @ webpack-internal:///….development.js:225
performWorkUntilDeadline @ webpack-internal:///….development.js:534
15:56:37.591  [CallModal] 🔄 Waiting for stream to become active for cmeifml0h001okung0i95m8s6
15:56:37.597  [VoiceActivity] Effect triggered: {hasStream: true, streamId: '34fa4aea-da9c-415d-afda-d1f0034b119c', audioTracks: 0, threshold: -40}
15:56:37.597  [VoiceActivity] No audio tracks in stream, cleaning up
15:56:37.598  [VoiceActivity] Effect triggered: {hasStream: true, streamId: '34fa4aea-da9c-415d-afda-d1f0034b119c', audioTracks: 0, threshold: -40}
15:56:37.598  [VoiceActivity] No audio tracks in stream, cleaning up
15:56:37.598  [CallModal] Rendered - voice call opened
15:56:37.599  [CallModal] Rendered - voice call opened
15:56:38.186  [CallModal] Rendered - voice call opened
15:56:38.186  [CallModal] Rendered - voice call opened
15:56:38.188  [VoiceParticipant] Tester voice activity debug: {participantId: 'cmeifml0h001okung0i95m8s6', hasOriginalStream: true, hasLatestStream: true, streamActive: false, audioTracksCount: 0, …}
15:56:38.190  [CallModal] 🔊 Setting up audio element for participant cmeifml0h001okung0i95m8s6
15:56:38.191  [CallModal] Stream details: {id: '34fa4aea-da9c-415d-afda-d1f0034b119c', active: false, audioTracks: Array(0)}
15:56:38.191  [CallModal] Previous audio element for cmeifml0h001okung0i95m8s6: false
15:56:38.192  [CallModal] Cleared previous srcObject for cmeifml0h001okung0i95m8s6
15:56:38.193  [CallModal] 🔄 Stream not ready, waiting...
15:56:38.193  [CallModal] ❌ Initial audio play failed for cmeifml0h001okung0i95m8s6: 
attemptPlay @ webpack-internal:///…/CallModal.tsx:3124
ref @ webpack-internal:///…/CallModal.tsx:3158
commitAttachRef @ webpack-internal:///…evelopment.js:21677
safelyAttachRef @ webpack-internal:///…evelopment.js:20803
commitLayoutEffectOnFiber @ webpack-internal:///…evelopment.js:21498
recursivelyTraverseLayoutEffects @ webpack-internal:///…evelopment.js:22926
commitLayoutEffectOnFiber @ webpack-internal:///…evelopment.js:21577
recursivelyTraverseLayoutEffects @ webpack-internal:///…evelopment.js:22926
commitLayoutEffectOnFiber @ webpack-internal:///…evelopment.js:21488
recursivelyTraverseLayoutEffects @ webpack-internal:///…evelopment.js:22926
commitLayoutEffectOnFiber @ webpack-internal:///…evelopment.js:21488
recursivelyTraverseLayoutEffects @ webpack-internal:///…evelopment.js:22926
commitLayoutEffectOnFiber @ webpack-internal:///…evelopment.js:21488
recursivelyTraverseLayoutEffects @ webpack-internal:///…evelopment.js:22926
commitLayoutEffectOnFiber @ webpack-internal:///…evelopment.js:21488
recursivelyTraverseLayoutEffects @ webpack-internal:///…evelopment.js:22926
commitLayoutEffectOnFiber @ webpack-internal:///…evelopment.js:21407
recursivelyTraverseLayoutEffects @ webpack-internal:///…evelopment.js:22926
commitLayoutEffectOnFiber @ webpack-internal:///…evelopment.js:21407
recursivelyTraverseLayoutEffects @ webpack-internal:///…evelopment.js:22926
commitLayoutEffectOnFiber @ webpack-internal:///…evelopment.js:21577
recursivelyTraverseLayoutEffects @ webpack-internal:///…evelopment.js:22926
commitLayoutEffectOnFiber @ webpack-internal:///…evelopment.js:21407
recursivelyTraverseLayoutEffects @ webpack-internal:///…evelopment.js:22926
commitLayoutEffectOnFiber @ webpack-internal:///…evelopment.js:21577
recursivelyTraverseLayoutEffects @ webpack-internal:///…evelopment.js:22926
commitLayoutEffectOnFiber @ webpack-internal:///…evelopment.js:21407
recursivelyTraverseLayoutEffects @ webpack-internal:///…evelopment.js:22926
commitLayoutEffectOnFiber @ webpack-internal:///…evelopment.js:21577
recursivelyTraverseLayoutEffects @ webpack-internal:///…evelopment.js:22926
commitLayoutEffectOnFiber @ webpack-internal:///…evelopment.js:21407
recursivelyTraverseLayoutEffects @ webpack-internal:///…evelopment.js:22926
commitLayoutEffectOnFiber @ webpack-internal:///…evelopment.js:21577
recursivelyTraverseLayoutEffects @ webpack-internal:///…evelopment.js:22926
commitLayoutEffectOnFiber @ webpack-internal:///…evelopment.js:21407
recursivelyTraverseLayoutEffects @ webpack-internal:///…evelopment.js:22926
commitLayoutEffectOnFiber @ webpack-internal:///…evelopment.js:21407
recursivelyTraverseLayoutEffects @ webpack-internal:///…evelopment.js:22926
commitLayoutEffectOnFiber @ webpack-internal:///…evelopment.js:21488
recursivelyTraverseLayoutEffects @ webpack-internal:///…evelopment.js:22926
commitLayoutEffectOnFiber @ webpack-internal:///…evelopment.js:21488
recursivelyTraverseLayoutEffects @ webpack-internal:///…evelopment.js:22926
commitLayoutEffectOnFiber @ webpack-internal:///…evelopment.js:21577
recursivelyTraverseLayoutEffects @ webpack-internal:///…evelopment.js:22926
commitLayoutEffectOnFiber @ webpack-internal:///…evelopment.js:21577
recursivelyTraverseLayoutEffects @ webpack-internal:///…evelopment.js:22926
commitLayoutEffectOnFiber @ webpack-internal:///…evelopment.js:21418
recursivelyTraverseLayoutEffects @ webpack-internal:///…evelopment.js:22926
commitLayoutEffectOnFiber @ webpack-internal:///…evelopment.js:21407
recursivelyTraverseLayoutEffects @ webpack-internal:///…evelopment.js:22926
commitLayoutEffectOnFiber @ webpack-internal:///…evelopment.js:21577
recursivelyTraverseLayoutEffects @ webpack-internal:///…evelopment.js:22926
commitLayoutEffectOnFiber @ webpack-internal:///…evelopment.js:21418
recursivelyTraverseLayoutEffects @ webpack-internal:///…evelopment.js:22926
commitLayoutEffectOnFiber @ webpack-internal:///…evelopment.js:21407
recursivelyTraverseLayoutEffects @ webpack-internal:///…evelopment.js:22926
commitLayoutEffectOnFiber @ webpack-internal:///…evelopment.js:21407
recursivelyTraverseLayoutEffects @ webpack-internal:///…evelopment.js:22926
commitLayoutEffectOnFiber @ webpack-internal:///…evelopment.js:21418
recursivelyTraverseLayoutEffects @ webpack-internal:///…evelopment.js:22926
commitLayoutEffectOnFiber @ webpack-internal:///…evelopment.js:21407
recursivelyTraverseLayoutEffects @ webpack-internal:///…evelopment.js:22926
commitLayoutEffectOnFiber @ webpack-internal:///…evelopment.js:21577
recursivelyTraverseLayoutEffects @ webpack-internal:///…evelopment.js:22926
commitLayoutEffectOnFiber @ webpack-internal:///…evelopment.js:21577
recursivelyTraverseLayoutEffects @ webpack-internal:///…evelopment.js:22926
commitLayoutEffectOnFiber @ webpack-internal:///…evelopment.js:21577
recursivelyTraverseLayoutEffects @ webpack-internal:///…evelopment.js:22926
commitLayoutEffectOnFiber @ webpack-internal:///…evelopment.js:21577
recursivelyTraverseLayoutEffects @ webpack-internal:///…evelopment.js:22926
commitLayoutEffectOnFiber @ webpack-internal:///…evelopment.js:21577
recursivelyTraverseLayoutEffects @ webpack-internal:///…evelopment.js:22926
commitLayoutEffectOnFiber @ webpack-internal:///…evelopment.js:21577
recursivelyTraverseLayoutEffects @ webpack-internal:///…evelopment.js:22926
commitLayoutEffectOnFiber @ webpack-internal:///…evelopment.js:21407
recursivelyTraverseLayoutEffects @ webpack-internal:///…evelopment.js:22926
commitLayoutEffectOnFiber @ webpack-internal:///…evelopment.js:21418
recursivelyTraverseLayoutEffects @ webpack-internal:///…evelopment.js:22926
commitLayoutEffectOnFiber @ webpack-internal:///…evelopment.js:21407
recursivelyTraverseLayoutEffects @ webpack-internal:///…evelopment.js:22926
commitLayoutEffectOnFiber @ webpack-internal:///…evelopment.js:21407
recursivelyTraverseLayoutEffects @ webpack-internal:///…evelopment.js:22926
commitLayoutEffectOnFiber @ webpack-internal:///…evelopment.js:21407
recursivelyTraverseLayoutEffects @ webpack-internal:///…evelopment.js:22926
commitLayoutEffectOnFiber @ webpack-internal:///…evelopment.js:21407
recursivelyTraverseLayoutEffects @ webpack-internal:///…evelopment.js:22926
commitLayoutEffectOnFiber @ webpack-internal:///…evelopment.js:21577
recursivelyTraverseLayoutEffects @ webpack-internal:///…evelopment.js:22926
commitLayoutEffectOnFiber @ webpack-internal:///…evelopment.js:21577
recursivelyTraverseLayoutEffects @ webpack-internal:///…evelopment.js:22926
commitLayoutEffectOnFiber @ webpack-internal:///…evelopment.js:21577
recursivelyTraverseLayoutEffects @ webpack-internal:///…evelopment.js:22926
commitLayoutEffectOnFiber @ webpack-internal:///…evelopment.js:21437
commitLayoutEffects @ webpack-internal:///…evelopment.js:22912
commitRootImpl @ webpack-internal:///…evelopment.js:26226
commitRoot @ webpack-internal:///…evelopment.js:26077
commitRootWhenReady @ webpack-internal:///…evelopment.js:24749
finishConcurrentRender @ webpack-internal:///…evelopment.js:24714
performConcurrentWorkOnRoot @ webpack-internal:///…evelopment.js:24559
workLoop @ webpack-internal:///….development.js:256
flushWork @ webpack-internal:///….development.js:225
performWorkUntilDeadline @ webpack-internal:///….development.js:534
15:56:38.194  [CallModal] 🔄 Waiting for stream to become active for cmeifml0h001okung0i95m8s6
15:56:38.198  [VoiceActivity] Effect triggered: {hasStream: true, streamId: '34fa4aea-da9c-415d-afda-d1f0034b119c', audioTracks: 0, threshold: -40}
15:56:38.199  [VoiceActivity] No audio tracks in stream, cleaning up
15:56:38.199  [VoiceActivity] Effect triggered: {hasStream: true, streamId: '34fa4aea-da9c-415d-afda-d1f0034b119c', audioTracks: 0, threshold: -40}
15:56:38.199  [VoiceActivity] No audio tracks in stream, cleaning up
15:56:38.199  [CallModal] Rendered - voice call opened
15:56:38.199  [CallModal] Rendered - voice call opened
15:56:38.444  [CallModal] Rendered - voice call opened
15:56:38.444  [CallModal] Rendered - voice call opened
15:56:38.445  [VoiceParticipant] Tester voice activity debug: {participantId: 'cmeifml0h001okung0i95m8s6', hasOriginalStream: true, hasLatestStream: true, streamActive: false, audioTracksCount: 0, …}
15:56:38.447  [CallModal] 🔊 Setting up audio element for participant cmeifml0h001okung0i95m8s6
15:56:38.447  [CallModal] Stream details: {id: '34fa4aea-da9c-415d-afda-d1f0034b119c', active: false, audioTracks: Array(0)}
15:56:38.447  [CallModal] Previous audio element for cmeifml0h001okung0i95m8s6: false
15:56:38.448  [CallModal] Cleared previous srcObject for cmeifml0h001okung0i95m8s6
15:56:38.448  [CallModal] 🔄 Stream not ready, waiting...
15:56:38.449  [CallModal] ❌ Initial audio play failed for cmeifml0h001okung0i95m8s6: 
attemptPlay @ webpack-internal:///…/CallModal.tsx:3124
ref @ webpack-internal:///…/CallModal.tsx:3158
commitAttachRef @ webpack-internal:///…evelopment.js:21677
safelyAttachRef @ webpack-internal:///…evelopment.js:20803
commitLayoutEffectOnFiber @ webpack-internal:///…evelopment.js:21498
recursivelyTraverseLayoutEffects @ webpack-internal:///…evelopment.js:22926
commitLayoutEffectOnFiber @ webpack-internal:///…evelopment.js:21577
recursivelyTraverseLayoutEffects @ webpack-internal:///…evelopment.js:22926
commitLayoutEffectOnFiber @ webpack-internal:///…evelopment.js:21488
recursivelyTraverseLayoutEffects @ webpack-internal:///…evelopment.js:22926
commitLayoutEffectOnFiber @ webpack-internal:///…evelopment.js:21488
recursivelyTraverseLayoutEffects @ webpack-internal:///…evelopment.js:22926
commitLayoutEffectOnFiber @ webpack-internal:///…evelopment.js:21488
recursivelyTraverseLayoutEffects @ webpack-internal:///…evelopment.js:22926
commitLayoutEffectOnFiber @ webpack-internal:///…evelopment.js:21488
recursivelyTraverseLayoutEffects @ webpack-internal:///…evelopment.js:22926
commitLayoutEffectOnFiber @ webpack-internal:///…evelopment.js:21407
recursivelyTraverseLayoutEffects @ webpack-internal:///…evelopment.js:22926
commitLayoutEffectOnFiber @ webpack-internal:///…evelopment.js:21407
recursivelyTraverseLayoutEffects @ webpack-internal:///…evelopment.js:22926
commitLayoutEffectOnFiber @ webpack-internal:///…evelopment.js:21577
recursivelyTraverseLayoutEffects @ webpack-internal:///…evelopment.js:22926
commitLayoutEffectOnFiber @ webpack-internal:///…evelopment.js:21407
recursivelyTraverseLayoutEffects @ webpack-internal:///…evelopment.js:22926
commitLayoutEffectOnFiber @ webpack-internal:///…evelopment.js:21577
recursivelyTraverseLayoutEffects @ webpack-internal:///…evelopment.js:22926
commitLayoutEffectOnFiber @ webpack-internal:///…evelopment.js:21407
recursivelyTraverseLayoutEffects @ webpack-internal:///…evelopment.js:22926
commitLayoutEffectOnFiber @ webpack-internal:///…evelopment.js:21577
recursivelyTraverseLayoutEffects @ webpack-internal:///…evelopment.js:22926
commitLayoutEffectOnFiber @ webpack-internal:///…evelopment.js:21407
recursivelyTraverseLayoutEffects @ webpack-internal:///…evelopment.js:22926
commitLayoutEffectOnFiber @ webpack-internal:///…evelopment.js:21577
recursivelyTraverseLayoutEffects @ webpack-internal:///…evelopment.js:22926
commitLayoutEffectOnFiber @ webpack-internal:///…evelopment.js:21407
recursivelyTraverseLayoutEffects @ webpack-internal:///…evelopment.js:22926
commitLayoutEffectOnFiber @ webpack-internal:///…evelopment.js:21407
recursivelyTraverseLayoutEffects @ webpack-internal:///…evelopment.js:22926
commitLayoutEffectOnFiber @ webpack-internal:///…evelopment.js:21488
recursivelyTraverseLayoutEffects @ webpack-internal:///…evelopment.js:22926
commitLayoutEffectOnFiber @ webpack-internal:///…evelopment.js:21488
recursivelyTraverseLayoutEffects @ webpack-internal:///…evelopment.js:22926
commitLayoutEffectOnFiber @ webpack-internal:///…evelopment.js:21577
recursivelyTraverseLayoutEffects @ webpack-internal:///…evelopment.js:22926
commitLayoutEffectOnFiber @ webpack-internal:///…evelopment.js:21577
recursivelyTraverseLayoutEffects @ webpack-internal:///…evelopment.js:22926
commitLayoutEffectOnFiber @ webpack-internal:///…evelopment.js:21418
recursivelyTraverseLayoutEffects @ webpack-internal:///…evelopment.js:22926
commitLayoutEffectOnFiber @ webpack-internal:///…evelopment.js:21407
recursivelyTraverseLayoutEffects @ webpack-internal:///…evelopment.js:22926
commitLayoutEffectOnFiber @ webpack-internal:///…evelopment.js:21577
recursivelyTraverseLayoutEffects @ webpack-internal:///…evelopment.js:22926
commitLayoutEffectOnFiber @ webpack-internal:///…evelopment.js:21418
recursivelyTraverseLayoutEffects @ webpack-internal:///…evelopment.js:22926
commitLayoutEffectOnFiber @ webpack-internal:///…evelopment.js:21407
recursivelyTraverseLayoutEffects @ webpack-internal:///…evelopment.js:22926
commitLayoutEffectOnFiber @ webpack-internal:///…evelopment.js:21407
recursivelyTraverseLayoutEffects @ webpack-internal:///…evelopment.js:22926
commitLayoutEffectOnFiber @ webpack-internal:///…evelopment.js:21418
recursivelyTraverseLayoutEffects @ webpack-internal:///…evelopment.js:22926
commitLayoutEffectOnFiber @ webpack-internal:///…evelopment.js:21407
recursivelyTraverseLayoutEffects @ webpack-internal:///…evelopment.js:22926
commitLayoutEffectOnFiber @ webpack-internal:///…evelopment.js:21577
recursivelyTraverseLayoutEffects @ webpack-internal:///…evelopment.js:22926
commitLayoutEffectOnFiber @ webpack-internal:///…evelopment.js:21577
recursivelyTraverseLayoutEffects @ webpack-internal:///…evelopment.js:22926
commitLayoutEffectOnFiber @ webpack-internal:///…evelopment.js:21577
recursivelyTraverseLayoutEffects @ webpack-internal:///…evelopment.js:22926
commitLayoutEffectOnFiber @ webpack-internal:///…evelopment.js:21577
recursivelyTraverseLayoutEffects @ webpack-internal:///…evelopment.js:22926
commitLayoutEffectOnFiber @ webpack-internal:///…evelopment.js:21577
recursivelyTraverseLayoutEffects @ webpack-internal:///…evelopment.js:22926
commitLayoutEffectOnFiber @ webpack-internal:///…evelopment.js:21577
recursivelyTraverseLayoutEffects @ webpack-internal:///…evelopment.js:22926
commitLayoutEffectOnFiber @ webpack-internal:///…evelopment.js:21407
recursivelyTraverseLayoutEffects @ webpack-internal:///…evelopment.js:22926
commitLayoutEffectOnFiber @ webpack-internal:///…evelopment.js:21418
recursivelyTraverseLayoutEffects @ webpack-internal:///…evelopment.js:22926
commitLayoutEffectOnFiber @ webpack-internal:///…evelopment.js:21407
recursivelyTraverseLayoutEffects @ webpack-internal:///…evelopment.js:22926
commitLayoutEffectOnFiber @ webpack-internal:///…evelopment.js:21407
recursivelyTraverseLayoutEffects @ webpack-internal:///…evelopment.js:22926
commitLayoutEffectOnFiber @ webpack-internal:///…evelopment.js:21407
recursivelyTraverseLayoutEffects @ webpack-internal:///…evelopment.js:22926
commitLayoutEffectOnFiber @ webpack-internal:///…evelopment.js:21407
recursivelyTraverseLayoutEffects @ webpack-internal:///…evelopment.js:22926
commitLayoutEffectOnFiber @ webpack-internal:///…evelopment.js:21577
recursivelyTraverseLayoutEffects @ webpack-internal:///…evelopment.js:22926
commitLayoutEffectOnFiber @ webpack-internal:///…evelopment.js:21577
recursivelyTraverseLayoutEffects @ webpack-internal:///…evelopment.js:22926
commitLayoutEffectOnFiber @ webpack-internal:///…evelopment.js:21577
recursivelyTraverseLayoutEffects @ webpack-internal:///…evelopment.js:22926
commitLayoutEffectOnFiber @ webpack-internal:///…evelopment.js:21437
commitLayoutEffects @ webpack-internal:///…evelopment.js:22912
commitRootImpl @ webpack-internal:///…evelopment.js:26226
commitRoot @ webpack-internal:///…evelopment.js:26077
commitRootWhenReady @ webpack-internal:///…evelopment.js:24749
finishConcurrentRender @ webpack-internal:///…evelopment.js:24714
performConcurrentWorkOnRoot @ webpack-internal:///…evelopment.js:24559
workLoop @ webpack-internal:///….development.js:256
flushWork @ webpack-internal:///….development.js:225
performWorkUntilDeadline @ webpack-internal:///….development.js:534
15:56:38.449  [CallModal] 🔄 Waiting for stream to become active for cmeifml0h001okung0i95m8s6
15:56:38.450  [VoiceActivity] Effect triggered: {hasStream: true, streamId: '34fa4aea-da9c-415d-afda-d1f0034b119c', audioTracks: 0, threshold: -40}
15:56:38.450  [VoiceActivity] No audio tracks in stream, cleaning up
15:56:38.451  [VoiceActivity] Effect triggered: {hasStream: true, streamId: '34fa4aea-da9c-415d-afda-d1f0034b119c', audioTracks: 0, threshold: -40}
15:56:38.451  [VoiceActivity] No audio tracks in stream, cleaning up
15:56:38.469  [CallModal] Rendered - voice call opened
15:56:38.470  [CallModal] Rendered - voice call opened
15:56:38.601  [CallModal] Rendered - voice call opened
15:56:38.601  [CallModal] Rendered - voice call opened
15:56:38.602  [VoiceParticipant] Tester voice activity debug: {participantId: 'cmeifml0h001okung0i95m8s6', hasOriginalStream: true, hasLatestStream: true, streamActive: false, audioTracksCount: 0, …}
15:56:38.603  [CallModal] 🔊 Setting up audio element for participant cmeifml0h001okung0i95m8s6
15:56:38.603  [CallModal] Stream details: {id: '34fa4aea-da9c-415d-afda-d1f0034b119c', active: false, audioTracks: Array(0)}
15:56:38.603  [CallModal] Previous audio element for cmeifml0h001okung0i95m8s6: false
15:56:38.604  [CallModal] Cleared previous srcObject for cmeifml0h001okung0i95m8s6
15:56:38.605  [CallModal] 🔄 Stream not ready, waiting...
15:56:38.605  [CallModal] ❌ Initial audio play failed for cmeifml0h001okung0i95m8s6: 
attemptPlay @ webpack-internal:///…/CallModal.tsx:3124
ref @ webpack-internal:///…/CallModal.tsx:3158
commitAttachRef @ webpack-internal:///…evelopment.js:21677
safelyAttachRef @ webpack-internal:///…evelopment.js:20803
commitLayoutEffectOnFiber @ webpack-internal:///…evelopment.js:21498
recursivelyTraverseLayoutEffects @ webpack-internal:///…evelopment.js:22926
commitLayoutEffectOnFiber @ webpack-internal:///…evelopment.js:21577
recursivelyTraverseLayoutEffects @ webpack-internal:///…evelopment.js:22926
commitLayoutEffectOnFiber @ webpack-internal:///…evelopment.js:21488
recursivelyTraverseLayoutEffects @ webpack-internal:///…evelopment.js:22926
commitLayoutEffectOnFiber @ webpack-internal:///…evelopment.js:21488
recursivelyTraverseLayoutEffects @ webpack-internal:///…evelopment.js:22926
commitLayoutEffectOnFiber @ webpack-internal:///…evelopment.js:21488
recursivelyTraverseLayoutEffects @ webpack-internal:///…evelopment.js:22926
commitLayoutEffectOnFiber @ webpack-internal:///…evelopment.js:21488
recursivelyTraverseLayoutEffects @ webpack-internal:///…evelopment.js:22926
commitLayoutEffectOnFiber @ webpack-internal:///…evelopment.js:21407
recursivelyTraverseLayoutEffects @ webpack-internal:///…evelopment.js:22926
commitLayoutEffectOnFiber @ webpack-internal:///…evelopment.js:21407
recursivelyTraverseLayoutEffects @ webpack-internal:///…evelopment.js:22926
commitLayoutEffectOnFiber @ webpack-internal:///…evelopment.js:21577
recursivelyTraverseLayoutEffects @ webpack-internal:///…evelopment.js:22926
commitLayoutEffectOnFiber @ webpack-internal:///…evelopment.js:21407
recursivelyTraverseLayoutEffects @ webpack-internal:///…evelopment.js:22926
commitLayoutEffectOnFiber @ webpack-internal:///…evelopment.js:21577
recursivelyTraverseLayoutEffects @ webpack-internal:///…evelopment.js:22926
commitLayoutEffectOnFiber @ webpack-internal:///…evelopment.js:21407
recursivelyTraverseLayoutEffects @ webpack-internal:///…evelopment.js:22926
commitLayoutEffectOnFiber @ webpack-internal:///…evelopment.js:21577
recursivelyTraverseLayoutEffects @ webpack-internal:///…evelopment.js:22926
commitLayoutEffectOnFiber @ webpack-internal:///…evelopment.js:21407
recursivelyTraverseLayoutEffects @ webpack-internal:///…evelopment.js:22926
commitLayoutEffectOnFiber @ webpack-internal:///…evelopment.js:21577
recursivelyTraverseLayoutEffects @ webpack-internal:///…evelopment.js:22926
commitLayoutEffectOnFiber @ webpack-internal:///…evelopment.js:21407
recursivelyTraverseLayoutEffects @ webpack-internal:///…evelopment.js:22926
commitLayoutEffectOnFiber @ webpack-internal:///…evelopment.js:21407
recursivelyTraverseLayoutEffects @ webpack-internal:///…evelopment.js:22926
commitLayoutEffectOnFiber @ webpack-internal:///…evelopment.js:21488
recursivelyTraverseLayoutEffects @ webpack-internal:///…evelopment.js:22926
commitLayoutEffectOnFiber @ webpack-internal:///…evelopment.js:21488
recursivelyTraverseLayoutEffects @ webpack-internal:///…evelopment.js:22926
commitLayoutEffectOnFiber @ webpack-internal:///…evelopment.js:21577
recursivelyTraverseLayoutEffects @ webpack-internal:///…evelopment.js:22926
commitLayoutEffectOnFiber @ webpack-internal:///…evelopment.js:21577
recursivelyTraverseLayoutEffects @ webpack-internal:///…evelopment.js:22926
commitLayoutEffectOnFiber @ webpack-internal:///…evelopment.js:21418
recursivelyTraverseLayoutEffects @ webpack-internal:///…evelopment.js:22926
commitLayoutEffectOnFiber @ webpack-internal:///…evelopment.js:21407
recursivelyTraverseLayoutEffects @ webpack-internal:///…evelopment.js:22926
commitLayoutEffectOnFiber @ webpack-internal:///…evelopment.js:21577
recursivelyTraverseLayoutEffects @ webpack-internal:///…evelopment.js:22926
commitLayoutEffectOnFiber @ webpack-internal:///…evelopment.js:21418
recursivelyTraverseLayoutEffects @ webpack-internal:///…evelopment.js:22926
commitLayoutEffectOnFiber @ webpack-internal:///…evelopment.js:21407
recursivelyTraverseLayoutEffects @ webpack-internal:///…evelopment.js:22926
commitLayoutEffectOnFiber @ webpack-internal:///…evelopment.js:21407
recursivelyTraverseLayoutEffects @ webpack-internal:///…evelopment.js:22926
commitLayoutEffectOnFiber @ webpack-internal:///…evelopment.js:21418
recursivelyTraverseLayoutEffects @ webpack-internal:///…evelopment.js:22926
commitLayoutEffectOnFiber @ webpack-internal:///…evelopment.js:21407
recursivelyTraverseLayoutEffects @ webpack-internal:///…evelopment.js:22926
commitLayoutEffectOnFiber @ webpack-internal:///…evelopment.js:21577
recursivelyTraverseLayoutEffects @ webpack-internal:///…evelopment.js:22926
commitLayoutEffectOnFiber @ webpack-internal:///…evelopment.js:21577
recursivelyTraverseLayoutEffects @ webpack-internal:///…evelopment.js:22926
commitLayoutEffectOnFiber @ webpack-internal:///…evelopment.js:21577
recursivelyTraverseLayoutEffects @ webpack-internal:///…evelopment.js:22926
commitLayoutEffectOnFiber @ webpack-internal:///…evelopment.js:21577
recursivelyTraverseLayoutEffects @ webpack-internal:///…evelopment.js:22926
commitLayoutEffectOnFiber @ webpack-internal:///…evelopment.js:21577
recursivelyTraverseLayoutEffects @ webpack-internal:///…evelopment.js:22926
commitLayoutEffectOnFiber @ webpack-internal:///…evelopment.js:21577
recursivelyTraverseLayoutEffects @ webpack-internal:///…evelopment.js:22926
commitLayoutEffectOnFiber @ webpack-internal:///…evelopment.js:21407
recursivelyTraverseLayoutEffects @ webpack-internal:///…evelopment.js:22926
commitLayoutEffectOnFiber @ webpack-internal:///…evelopment.js:21418
recursivelyTraverseLayoutEffects @ webpack-internal:///…evelopment.js:22926
commitLayoutEffectOnFiber @ webpack-internal:///…evelopment.js:21407
recursivelyTraverseLayoutEffects @ webpack-internal:///…evelopment.js:22926
commitLayoutEffectOnFiber @ webpack-internal:///…evelopment.js:21407
recursivelyTraverseLayoutEffects @ webpack-internal:///…evelopment.js:22926
commitLayoutEffectOnFiber @ webpack-internal:///…evelopment.js:21407
recursivelyTraverseLayoutEffects @ webpack-internal:///…evelopment.js:22926
commitLayoutEffectOnFiber @ webpack-internal:///…evelopment.js:21407
recursivelyTraverseLayoutEffects @ webpack-internal:///…evelopment.js:22926
commitLayoutEffectOnFiber @ webpack-internal:///…evelopment.js:21577
recursivelyTraverseLayoutEffects @ webpack-internal:///…evelopment.js:22926
commitLayoutEffectOnFiber @ webpack-internal:///…evelopment.js:21577
recursivelyTraverseLayoutEffects @ webpack-internal:///…evelopment.js:22926
commitLayoutEffectOnFiber @ webpack-internal:///…evelopment.js:21577
recursivelyTraverseLayoutEffects @ webpack-internal:///…evelopment.js:22926
commitLayoutEffectOnFiber @ webpack-internal:///…evelopment.js:21437
commitLayoutEffects @ webpack-internal:///…evelopment.js:22912
commitRootImpl @ webpack-internal:///…evelopment.js:26226
commitRoot @ webpack-internal:///…evelopment.js:26077
commitRootWhenReady @ webpack-internal:///…evelopment.js:24749
finishConcurrentRender @ webpack-internal:///…evelopment.js:24714
performConcurrentWorkOnRoot @ webpack-internal:///…evelopment.js:24559
workLoop @ webpack-internal:///….development.js:256
flushWork @ webpack-internal:///….development.js:225
performWorkUntilDeadline @ webpack-internal:///….development.js:534
15:56:38.605  [CallModal] 🔄 Waiting for stream to become active for cmeifml0h001okung0i95m8s6
15:56:38.606  [VoiceActivity] Effect triggered: {hasStream: true, streamId: '34fa4aea-da9c-415d-afda-d1f0034b119c', audioTracks: 0, threshold: -40}
15:56:38.606  [VoiceActivity] No audio tracks in stream, cleaning up
15:56:38.606  [VoiceActivity] Effect triggered: {hasStream: true, streamId: '34fa4aea-da9c-415d-afda-d1f0034b119c', audioTracks: 0, threshold: -40}
15:56:38.606  [VoiceActivity] No audio tracks in stream, cleaning up
15:56:38.626  [CallModal] Rendered - voice call opened
15:56:38.626  [CallModal] Rendered - voice call opened
15:56:38.932  [CallModal] Updated peer connections for performance monitoring: 2
15:56:38.933  [CallModal] Peer connection participants: (2) ['cmeifml0h001okung0i95m8s6', 'cmeifn5qp002dkunge64m0xss']
15:56:38.934  [CallModal] Rendered - voice call opened
15:56:38.934  [CallModal] Rendered - voice call opened
15:56:38.935  [VoiceParticipant] Tester voice activity debug: {participantId: 'cmeifml0h001okung0i95m8s6', hasOriginalStream: true, hasLatestStream: true, streamActive: false, audioTracksCount: 0, …}
15:56:38.937  [CallModal] 🔊 Setting up audio element for participant cmeifml0h001okung0i95m8s6
15:56:38.938  [CallModal] Stream details: {id: '34fa4aea-da9c-415d-afda-d1f0034b119c', active: false, audioTracks: Array(0)}
15:56:38.938  [CallModal] Previous audio element for cmeifml0h001okung0i95m8s6: false
15:56:38.939  [CallModal] Cleared previous srcObject for cmeifml0h001okung0i95m8s6
15:56:38.939  [CallModal] 🔄 Stream not ready, waiting...
15:56:38.940  [CallModal] ❌ Initial audio play failed for cmeifml0h001okung0i95m8s6: 
attemptPlay @ webpack-internal:///…/CallModal.tsx:3124
ref @ webpack-internal:///…/CallModal.tsx:3158
commitAttachRef @ webpack-internal:///…evelopment.js:21677
safelyAttachRef @ webpack-internal:///…evelopment.js:20803
commitLayoutEffectOnFiber @ webpack-internal:///…evelopment.js:21498
recursivelyTraverseLayoutEffects @ webpack-internal:///…evelopment.js:22926
commitLayoutEffectOnFiber @ webpack-internal:///…evelopment.js:21577
recursivelyTraverseLayoutEffects @ webpack-internal:///…evelopment.js:22926
commitLayoutEffectOnFiber @ webpack-internal:///…evelopment.js:21488
recursivelyTraverseLayoutEffects @ webpack-internal:///…evelopment.js:22926
commitLayoutEffectOnFiber @ webpack-internal:///…evelopment.js:21488
recursivelyTraverseLayoutEffects @ webpack-internal:///…evelopment.js:22926
commitLayoutEffectOnFiber @ webpack-internal:///…evelopment.js:21488
recursivelyTraverseLayoutEffects @ webpack-internal:///…evelopment.js:22926
commitLayoutEffectOnFiber @ webpack-internal:///…evelopment.js:21488
recursivelyTraverseLayoutEffects @ webpack-internal:///…evelopment.js:22926
commitLayoutEffectOnFiber @ webpack-internal:///…evelopment.js:21407
recursivelyTraverseLayoutEffects @ webpack-internal:///…evelopment.js:22926
commitLayoutEffectOnFiber @ webpack-internal:///…evelopment.js:21407
recursivelyTraverseLayoutEffects @ webpack-internal:///…evelopment.js:22926
commitLayoutEffectOnFiber @ webpack-internal:///…evelopment.js:21577
recursivelyTraverseLayoutEffects @ webpack-internal:///…evelopment.js:22926
commitLayoutEffectOnFiber @ webpack-internal:///…evelopment.js:21407
recursivelyTraverseLayoutEffects @ webpack-internal:///…evelopment.js:22926
commitLayoutEffectOnFiber @ webpack-internal:///…evelopment.js:21577
recursivelyTraverseLayoutEffects @ webpack-internal:///…evelopment.js:22926
commitLayoutEffectOnFiber @ webpack-internal:///…evelopment.js:21407
recursivelyTraverseLayoutEffects @ webpack-internal:///…evelopment.js:22926
commitLayoutEffectOnFiber @ webpack-internal:///…evelopment.js:21577
recursivelyTraverseLayoutEffects @ webpack-internal:///…evelopment.js:22926
commitLayoutEffectOnFiber @ webpack-internal:///…evelopment.js:21407
recursivelyTraverseLayoutEffects @ webpack-internal:///…evelopment.js:22926
commitLayoutEffectOnFiber @ webpack-internal:///…evelopment.js:21577
recursivelyTraverseLayoutEffects @ webpack-internal:///…evelopment.js:22926
commitLayoutEffectOnFiber @ webpack-internal:///…evelopment.js:21407
recursivelyTraverseLayoutEffects @ webpack-internal:///…evelopment.js:22926
commitLayoutEffectOnFiber @ webpack-internal:///…evelopment.js:21407
recursivelyTraverseLayoutEffects @ webpack-internal:///…evelopment.js:22926
commitLayoutEffectOnFiber @ webpack-internal:///…evelopment.js:21488
recursivelyTraverseLayoutEffects @ webpack-internal:///…evelopment.js:22926
commitLayoutEffectOnFiber @ webpack-internal:///…evelopment.js:21488
recursivelyTraverseLayoutEffects @ webpack-internal:///…evelopment.js:22926
commitLayoutEffectOnFiber @ webpack-internal:///…evelopment.js:21577
recursivelyTraverseLayoutEffects @ webpack-internal:///…evelopment.js:22926
commitLayoutEffectOnFiber @ webpack-internal:///…evelopment.js:21577
recursivelyTraverseLayoutEffects @ webpack-internal:///…evelopment.js:22926
commitLayoutEffectOnFiber @ webpack-internal:///…evelopment.js:21418
recursivelyTraverseLayoutEffects @ webpack-internal:///…evelopment.js:22926
commitLayoutEffectOnFiber @ webpack-internal:///…evelopment.js:21407
recursivelyTraverseLayoutEffects @ webpack-internal:///…evelopment.js:22926
commitLayoutEffectOnFiber @ webpack-internal:///…evelopment.js:21577
recursivelyTraverseLayoutEffects @ webpack-internal:///…evelopment.js:22926
commitLayoutEffectOnFiber @ webpack-internal:///…evelopment.js:21418
recursivelyTraverseLayoutEffects @ webpack-internal:///…evelopment.js:22926
commitLayoutEffectOnFiber @ webpack-internal:///…evelopment.js:21407
recursivelyTraverseLayoutEffects @ webpack-internal:///…evelopment.js:22926
commitLayoutEffectOnFiber @ webpack-internal:///…evelopment.js:21407
recursivelyTraverseLayoutEffects @ webpack-internal:///…evelopment.js:22926
commitLayoutEffectOnFiber @ webpack-internal:///…evelopment.js:21418
recursivelyTraverseLayoutEffects @ webpack-internal:///…evelopment.js:22926
commitLayoutEffectOnFiber @ webpack-internal:///…evelopment.js:21407
recursivelyTraverseLayoutEffects @ webpack-internal:///…evelopment.js:22926
commitLayoutEffectOnFiber @ webpack-internal:///…evelopment.js:21577
recursivelyTraverseLayoutEffects @ webpack-internal:///…evelopment.js:22926
commitLayoutEffectOnFiber @ webpack-internal:///…evelopment.js:21577
recursivelyTraverseLayoutEffects @ webpack-internal:///…evelopment.js:22926
commitLayoutEffectOnFiber @ webpack-internal:///…evelopment.js:21577
recursivelyTraverseLayoutEffects @ webpack-internal:///…evelopment.js:22926
commitLayoutEffectOnFiber @ webpack-internal:///…evelopment.js:21577
recursivelyTraverseLayoutEffects @ webpack-internal:///…evelopment.js:22926
commitLayoutEffectOnFiber @ webpack-internal:///…evelopment.js:21577
recursivelyTraverseLayoutEffects @ webpack-internal:///…evelopment.js:22926
commitLayoutEffectOnFiber @ webpack-internal:///…evelopment.js:21577
recursivelyTraverseLayoutEffects @ webpack-internal:///…evelopment.js:22926
commitLayoutEffectOnFiber @ webpack-internal:///…evelopment.js:21407
recursivelyTraverseLayoutEffects @ webpack-internal:///…evelopment.js:22926
commitLayoutEffectOnFiber @ webpack-internal:///…evelopment.js:21418
recursivelyTraverseLayoutEffects @ webpack-internal:///…evelopment.js:22926
commitLayoutEffectOnFiber @ webpack-internal:///…evelopment.js:21407
recursivelyTraverseLayoutEffects @ webpack-internal:///…evelopment.js:22926
commitLayoutEffectOnFiber @ webpack-internal:///…evelopment.js:21407
recursivelyTraverseLayoutEffects @ webpack-internal:///…evelopment.js:22926
commitLayoutEffectOnFiber @ webpack-internal:///…evelopment.js:21407
recursivelyTraverseLayoutEffects @ webpack-internal:///…evelopment.js:22926
commitLayoutEffectOnFiber @ webpack-internal:///…evelopment.js:21407
recursivelyTraverseLayoutEffects @ webpack-internal:///…evelopment.js:22926
commitLayoutEffectOnFiber @ webpack-internal:///…evelopment.js:21577
recursivelyTraverseLayoutEffects @ webpack-internal:///…evelopment.js:22926
commitLayoutEffectOnFiber @ webpack-internal:///…evelopment.js:21577
recursivelyTraverseLayoutEffects @ webpack-internal:///…evelopment.js:22926
commitLayoutEffectOnFiber @ webpack-internal:///…evelopment.js:21577
recursivelyTraverseLayoutEffects @ webpack-internal:///…evelopment.js:22926
commitLayoutEffectOnFiber @ webpack-internal:///…evelopment.js:21437
commitLayoutEffects @ webpack-internal:///…evelopment.js:22912
commitRootImpl @ webpack-internal:///…evelopment.js:26226
commitRoot @ webpack-internal:///…evelopment.js:26077
commitRootWhenReady @ webpack-internal:///…evelopment.js:24749
finishConcurrentRender @ webpack-internal:///…evelopment.js:24714
performConcurrentWorkOnRoot @ webpack-internal:///…evelopment.js:24559
workLoop @ webpack-internal:///….development.js:256
flushWork @ webpack-internal:///….development.js:225
performWorkUntilDeadline @ webpack-internal:///….development.js:534
15:56:38.940  [CallModal] 🔄 Waiting for stream to become active for cmeifml0h001okung0i95m8s6
15:56:38.942  [VoiceActivity] Effect triggered: {hasStream: true, streamId: '34fa4aea-da9c-415d-afda-d1f0034b119c', audioTracks: 0, threshold: -40}
15:56:38.942  [VoiceActivity] No audio tracks in stream, cleaning up
15:56:38.942  [useCallPerformance] Connection states: (2) [{…}, {…}]
15:56:38.943  [useCallPerformance] Starting monitoring for 2 valid connections
15:56:38.943  [VoiceActivity] Effect triggered: {hasStream: true, streamId: '34fa4aea-da9c-415d-afda-d1f0034b119c', audioTracks: 0, threshold: -40}
15:56:38.943  [VoiceActivity] No audio tracks in stream, cleaning up
15:56:38.943  [CallModal] Rendered - voice call opened
15:56:38.944  [CallModal] Rendered - voice call opened
15:56:38.945  [useCallPerformance] Network metrics: {audioPacketLoss: 0, videoPacketLoss: 0, videoFrameRate: 0, latency: 1, callType: 'voice'}
15:56:38.945  [useCallPerformance] No valid network data yet, assuming good quality
15:56:38.946  [CallModal] Rendered - voice call opened
15:56:38.946  [CallModal] Rendered - voice call opened
15:56:38.947  [VoiceParticipant] Tester voice activity debug: {participantId: 'cmeifml0h001okung0i95m8s6', hasOriginalStream: true, hasLatestStream: true, streamActive: false, audioTracksCount: 0, …}
15:56:38.951  [CallModal] 🔊 Setting up audio element for participant cmeifml0h001okung0i95m8s6
15:56:38.952  [CallModal] Stream details: {id: '34fa4aea-da9c-415d-afda-d1f0034b119c', active: false, audioTracks: Array(0)}
15:56:38.953  [CallModal] Previous audio element for cmeifml0h001okung0i95m8s6: false
15:56:38.955  [CallModal] Cleared previous srcObject for cmeifml0h001okung0i95m8s6
15:56:38.956  [CallModal] 🔄 Stream not ready, waiting...
15:56:38.956  [CallModal] ❌ Initial audio play failed for cmeifml0h001okung0i95m8s6: 
attemptPlay @ webpack-internal:///…/CallModal.tsx:3124
ref @ webpack-internal:///…/CallModal.tsx:3158
commitAttachRef @ webpack-internal:///…evelopment.js:21677
safelyAttachRef @ webpack-internal:///…evelopment.js:20803
commitLayoutEffectOnFiber @ webpack-internal:///…evelopment.js:21498
recursivelyTraverseLayoutEffects @ webpack-internal:///…evelopment.js:22926
commitLayoutEffectOnFiber @ webpack-internal:///…evelopment.js:21577
recursivelyTraverseLayoutEffects @ webpack-internal:///…evelopment.js:22926
commitLayoutEffectOnFiber @ webpack-internal:///…evelopment.js:21488
recursivelyTraverseLayoutEffects @ webpack-internal:///…evelopment.js:22926
commitLayoutEffectOnFiber @ webpack-internal:///…evelopment.js:21488
recursivelyTraverseLayoutEffects @ webpack-internal:///…evelopment.js:22926
commitLayoutEffectOnFiber @ webpack-internal:///…evelopment.js:21488
recursivelyTraverseLayoutEffects @ webpack-internal:///…evelopment.js:22926
commitLayoutEffectOnFiber @ webpack-internal:///…evelopment.js:21488
recursivelyTraverseLayoutEffects @ webpack-internal:///…evelopment.js:22926
commitLayoutEffectOnFiber @ webpack-internal:///…evelopment.js:21407
recursivelyTraverseLayoutEffects @ webpack-internal:///…evelopment.js:22926
commitLayoutEffectOnFiber @ webpack-internal:///…evelopment.js:21407
recursivelyTraverseLayoutEffects @ webpack-internal:///…evelopment.js:22926
commitLayoutEffectOnFiber @ webpack-internal:///…evelopment.js:21577
recursivelyTraverseLayoutEffects @ webpack-internal:///…evelopment.js:22926
commitLayoutEffectOnFiber @ webpack-internal:///…evelopment.js:21407
recursivelyTraverseLayoutEffects @ webpack-internal:///…evelopment.js:22926
commitLayoutEffectOnFiber @ webpack-internal:///…evelopment.js:21577
recursivelyTraverseLayoutEffects @ webpack-internal:///…evelopment.js:22926
commitLayoutEffectOnFiber @ webpack-internal:///…evelopment.js:21407
recursivelyTraverseLayoutEffects @ webpack-internal:///…evelopment.js:22926
commitLayoutEffectOnFiber @ webpack-internal:///…evelopment.js:21577
recursivelyTraverseLayoutEffects @ webpack-internal:///…evelopment.js:22926
commitLayoutEffectOnFiber @ webpack-internal:///…evelopment.js:21407
recursivelyTraverseLayoutEffects @ webpack-internal:///…evelopment.js:22926
commitLayoutEffectOnFiber @ webpack-internal:///…evelopment.js:21577
recursivelyTraverseLayoutEffects @ webpack-internal:///…evelopment.js:22926
commitLayoutEffectOnFiber @ webpack-internal:///…evelopment.js:21407
recursivelyTraverseLayoutEffects @ webpack-internal:///…evelopment.js:22926
commitLayoutEffectOnFiber @ webpack-internal:///…evelopment.js:21407
recursivelyTraverseLayoutEffects @ webpack-internal:///…evelopment.js:22926
commitLayoutEffectOnFiber @ webpack-internal:///…evelopment.js:21488
recursivelyTraverseLayoutEffects @ webpack-internal:///…evelopment.js:22926
commitLayoutEffectOnFiber @ webpack-internal:///…evelopment.js:21488
recursivelyTraverseLayoutEffects @ webpack-internal:///…evelopment.js:22926
commitLayoutEffectOnFiber @ webpack-internal:///…evelopment.js:21577
recursivelyTraverseLayoutEffects @ webpack-internal:///…evelopment.js:22926
commitLayoutEffectOnFiber @ webpack-internal:///…evelopment.js:21577
recursivelyTraverseLayoutEffects @ webpack-internal:///…evelopment.js:22926
commitLayoutEffectOnFiber @ webpack-internal:///…evelopment.js:21418
recursivelyTraverseLayoutEffects @ webpack-internal:///…evelopment.js:22926
commitLayoutEffectOnFiber @ webpack-internal:///…evelopment.js:21407
recursivelyTraverseLayoutEffects @ webpack-internal:///…evelopment.js:22926
commitLayoutEffectOnFiber @ webpack-internal:///…evelopment.js:21577
recursivelyTraverseLayoutEffects @ webpack-internal:///…evelopment.js:22926
commitLayoutEffectOnFiber @ webpack-internal:///…evelopment.js:21418
recursivelyTraverseLayoutEffects @ webpack-internal:///…evelopment.js:22926
commitLayoutEffectOnFiber @ webpack-internal:///…evelopment.js:21407
recursivelyTraverseLayoutEffects @ webpack-internal:///…evelopment.js:22926
commitLayoutEffectOnFiber @ webpack-internal:///…evelopment.js:21407
recursivelyTraverseLayoutEffects @ webpack-internal:///…evelopment.js:22926
commitLayoutEffectOnFiber @ webpack-internal:///…evelopment.js:21418
recursivelyTraverseLayoutEffects @ webpack-internal:///…evelopment.js:22926
commitLayoutEffectOnFiber @ webpack-internal:///…evelopment.js:21407
recursivelyTraverseLayoutEffects @ webpack-internal:///…evelopment.js:22926
commitLayoutEffectOnFiber @ webpack-internal:///…evelopment.js:21577
recursivelyTraverseLayoutEffects @ webpack-internal:///…evelopment.js:22926
commitLayoutEffectOnFiber @ webpack-internal:///…evelopment.js:21577
recursivelyTraverseLayoutEffects @ webpack-internal:///…evelopment.js:22926
commitLayoutEffectOnFiber @ webpack-internal:///…evelopment.js:21577
recursivelyTraverseLayoutEffects @ webpack-internal:///…evelopment.js:22926
commitLayoutEffectOnFiber @ webpack-internal:///…evelopment.js:21577
recursivelyTraverseLayoutEffects @ webpack-internal:///…evelopment.js:22926
commitLayoutEffectOnFiber @ webpack-internal:///…evelopment.js:21577
recursivelyTraverseLayoutEffects @ webpack-internal:///…evelopment.js:22926
commitLayoutEffectOnFiber @ webpack-internal:///…evelopment.js:21577
recursivelyTraverseLayoutEffects @ webpack-internal:///…evelopment.js:22926
commitLayoutEffectOnFiber @ webpack-internal:///…evelopment.js:21407
recursivelyTraverseLayoutEffects @ webpack-internal:///…evelopment.js:22926
commitLayoutEffectOnFiber @ webpack-internal:///…evelopment.js:21418
recursivelyTraverseLayoutEffects @ webpack-internal:///…evelopment.js:22926
commitLayoutEffectOnFiber @ webpack-internal:///…evelopment.js:21407
recursivelyTraverseLayoutEffects @ webpack-internal:///…evelopment.js:22926
commitLayoutEffectOnFiber @ webpack-internal:///…evelopment.js:21407
recursivelyTraverseLayoutEffects @ webpack-internal:///…evelopment.js:22926
commitLayoutEffectOnFiber @ webpack-internal:///…evelopment.js:21407
recursivelyTraverseLayoutEffects @ webpack-internal:///…evelopment.js:22926
commitLayoutEffectOnFiber @ webpack-internal:///…evelopment.js:21407
recursivelyTraverseLayoutEffects @ webpack-internal:///…evelopment.js:22926
commitLayoutEffectOnFiber @ webpack-internal:///…evelopment.js:21577
recursivelyTraverseLayoutEffects @ webpack-internal:///…evelopment.js:22926
commitLayoutEffectOnFiber @ webpack-internal:///…evelopment.js:21577
recursivelyTraverseLayoutEffects @ webpack-internal:///…evelopment.js:22926
commitLayoutEffectOnFiber @ webpack-internal:///…evelopment.js:21577
recursivelyTraverseLayoutEffects @ webpack-internal:///…evelopment.js:22926
commitLayoutEffectOnFiber @ webpack-internal:///…evelopment.js:21437
commitLayoutEffects @ webpack-internal:///…evelopment.js:22912
commitRootImpl @ webpack-internal:///…evelopment.js:26226
commitRoot @ webpack-internal:///…evelopment.js:26077
commitRootWhenReady @ webpack-internal:///…evelopment.js:24749
finishConcurrentRender @ webpack-internal:///…evelopment.js:24714
performConcurrentWorkOnRoot @ webpack-internal:///…evelopment.js:24559
workLoop @ webpack-internal:///….development.js:256
flushWork @ webpack-internal:///….development.js:225
performWorkUntilDeadline @ webpack-internal:///….development.js:534
15:56:38.957  [CallModal] 🔄 Waiting for stream to become active for cmeifml0h001okung0i95m8s6
15:56:38.961  [VoiceActivity] Effect triggered: {hasStream: true, streamId: '34fa4aea-da9c-415d-afda-d1f0034b119c', audioTracks: 0, threshold: -40}
15:56:38.961  [VoiceActivity] No audio tracks in stream, cleaning up
15:56:38.961  [VoiceActivity] Effect triggered: {hasStream: true, streamId: '34fa4aea-da9c-415d-afda-d1f0034b119c', audioTracks: 0, threshold: -40}
15:56:38.961  [VoiceActivity] No audio tracks in stream, cleaning up
15:56:38.961  [CallModal] Rendered - voice call opened
15:56:38.962  [CallModal] Rendered - voice call opened
15:56:39.587  [CallModal] Skipping connection verification - no WebRTC or participants
15:56:39.587  [CallModal] Rendered - voice call opened
15:56:39.587  [CallModal] Rendered - voice call opened
15:56:39.588  [VoiceParticipant] Tester voice activity debug: {participantId: 'cmeifml0h001okung0i95m8s6', hasOriginalStream: true, hasLatestStream: true, streamActive: false, audioTracksCount: 0, …}
15:56:39.589  [CallModal] 🔊 Setting up audio element for participant cmeifml0h001okung0i95m8s6
15:56:39.589  [CallModal] Stream details: {id: '34fa4aea-da9c-415d-afda-d1f0034b119c', active: false, audioTracks: Array(0)}
15:56:39.589  [CallModal] Previous audio element for cmeifml0h001okung0i95m8s6: false
15:56:39.590  [CallModal] Cleared previous srcObject for cmeifml0h001okung0i95m8s6
15:56:39.590  [CallModal] 🔄 Stream not ready, waiting...
15:56:39.591  [CallModal] ❌ Initial audio play failed for cmeifml0h001okung0i95m8s6: 
attemptPlay @ webpack-internal:///…/CallModal.tsx:3124
ref @ webpack-internal:///…/CallModal.tsx:3158
commitAttachRef @ webpack-internal:///…evelopment.js:21677
safelyAttachRef @ webpack-internal:///…evelopment.js:20803
commitLayoutEffectOnFiber @ webpack-internal:///…evelopment.js:21498
recursivelyTraverseLayoutEffects @ webpack-internal:///…evelopment.js:22926
commitLayoutEffectOnFiber @ webpack-internal:///…evelopment.js:21577
recursivelyTraverseLayoutEffects @ webpack-internal:///…evelopment.js:22926
commitLayoutEffectOnFiber @ webpack-internal:///…evelopment.js:21488
recursivelyTraverseLayoutEffects @ webpack-internal:///…evelopment.js:22926
commitLayoutEffectOnFiber @ webpack-internal:///…evelopment.js:21488
recursivelyTraverseLayoutEffects @ webpack-internal:///…evelopment.js:22926
commitLayoutEffectOnFiber @ webpack-internal:///…evelopment.js:21488
recursivelyTraverseLayoutEffects @ webpack-internal:///…evelopment.js:22926
commitLayoutEffectOnFiber @ webpack-internal:///…evelopment.js:21488
recursivelyTraverseLayoutEffects @ webpack-internal:///…evelopment.js:22926
commitLayoutEffectOnFiber @ webpack-internal:///…evelopment.js:21407
recursivelyTraverseLayoutEffects @ webpack-internal:///…evelopment.js:22926
commitLayoutEffectOnFiber @ webpack-internal:///…evelopment.js:21407
recursivelyTraverseLayoutEffects @ webpack-internal:///…evelopment.js:22926
commitLayoutEffectOnFiber @ webpack-internal:///…evelopment.js:21577
recursivelyTraverseLayoutEffects @ webpack-internal:///…evelopment.js:22926
commitLayoutEffectOnFiber @ webpack-internal:///…evelopment.js:21407
recursivelyTraverseLayoutEffects @ webpack-internal:///…evelopment.js:22926
commitLayoutEffectOnFiber @ webpack-internal:///…evelopment.js:21577
recursivelyTraverseLayoutEffects @ webpack-internal:///…evelopment.js:22926
commitLayoutEffectOnFiber @ webpack-internal:///…evelopment.js:21407
recursivelyTraverseLayoutEffects @ webpack-internal:///…evelopment.js:22926
commitLayoutEffectOnFiber @ webpack-internal:///…evelopment.js:21577
recursivelyTraverseLayoutEffects @ webpack-internal:///…evelopment.js:22926
commitLayoutEffectOnFiber @ webpack-internal:///…evelopment.js:21407
recursivelyTraverseLayoutEffects @ webpack-internal:///…evelopment.js:22926
commitLayoutEffectOnFiber @ webpack-internal:///…evelopment.js:21577
recursivelyTraverseLayoutEffects @ webpack-internal:///…evelopment.js:22926
commitLayoutEffectOnFiber @ webpack-internal:///…evelopment.js:21407
recursivelyTraverseLayoutEffects @ webpack-internal:///…evelopment.js:22926
commitLayoutEffectOnFiber @ webpack-internal:///…evelopment.js:21407
recursivelyTraverseLayoutEffects @ webpack-internal:///…evelopment.js:22926
commitLayoutEffectOnFiber @ webpack-internal:///…evelopment.js:21488
recursivelyTraverseLayoutEffects @ webpack-internal:///…evelopment.js:22926
commitLayoutEffectOnFiber @ webpack-internal:///…evelopment.js:21488
recursivelyTraverseLayoutEffects @ webpack-internal:///…evelopment.js:22926
commitLayoutEffectOnFiber @ webpack-internal:///…evelopment.js:21577
recursivelyTraverseLayoutEffects @ webpack-internal:///…evelopment.js:22926
commitLayoutEffectOnFiber @ webpack-internal:///…evelopment.js:21577
recursivelyTraverseLayoutEffects @ webpack-internal:///…evelopment.js:22926
commitLayoutEffectOnFiber @ webpack-internal:///…evelopment.js:21418
recursivelyTraverseLayoutEffects @ webpack-internal:///…evelopment.js:22926
commitLayoutEffectOnFiber @ webpack-internal:///…evelopment.js:21407
recursivelyTraverseLayoutEffects @ webpack-internal:///…evelopment.js:22926
commitLayoutEffectOnFiber @ webpack-internal:///…evelopment.js:21577
recursivelyTraverseLayoutEffects @ webpack-internal:///…evelopment.js:22926
commitLayoutEffectOnFiber @ webpack-internal:///…evelopment.js:21418
recursivelyTraverseLayoutEffects @ webpack-internal:///…evelopment.js:22926
commitLayoutEffectOnFiber @ webpack-internal:///…evelopment.js:21407
recursivelyTraverseLayoutEffects @ webpack-internal:///…evelopment.js:22926
commitLayoutEffectOnFiber @ webpack-internal:///…evelopment.js:21407
recursivelyTraverseLayoutEffects @ webpack-internal:///…evelopment.js:22926
commitLayoutEffectOnFiber @ webpack-internal:///…evelopment.js:21418
recursivelyTraverseLayoutEffects @ webpack-internal:///…evelopment.js:22926
commitLayoutEffectOnFiber @ webpack-internal:///…evelopment.js:21407
recursivelyTraverseLayoutEffects @ webpack-internal:///…evelopment.js:22926
commitLayoutEffectOnFiber @ webpack-internal:///…evelopment.js:21577
recursivelyTraverseLayoutEffects @ webpack-internal:///…evelopment.js:22926
commitLayoutEffectOnFiber @ webpack-internal:///…evelopment.js:21577
recursivelyTraverseLayoutEffects @ webpack-internal:///…evelopment.js:22926
commitLayoutEffectOnFiber @ webpack-internal:///…evelopment.js:21577
recursivelyTraverseLayoutEffects @ webpack-internal:///…evelopment.js:22926
commitLayoutEffectOnFiber @ webpack-internal:///…evelopment.js:21577
recursivelyTraverseLayoutEffects @ webpack-internal:///…evelopment.js:22926
commitLayoutEffectOnFiber @ webpack-internal:///…evelopment.js:21577
recursivelyTraverseLayoutEffects @ webpack-internal:///…evelopment.js:22926
commitLayoutEffectOnFiber @ webpack-internal:///…evelopment.js:21577
recursivelyTraverseLayoutEffects @ webpack-internal:///…evelopment.js:22926
commitLayoutEffectOnFiber @ webpack-internal:///…evelopment.js:21407
recursivelyTraverseLayoutEffects @ webpack-internal:///…evelopment.js:22926
commitLayoutEffectOnFiber @ webpack-internal:///…evelopment.js:21418
recursivelyTraverseLayoutEffects @ webpack-internal:///…evelopment.js:22926
commitLayoutEffectOnFiber @ webpack-internal:///…evelopment.js:21407
recursivelyTraverseLayoutEffects @ webpack-internal:///…evelopment.js:22926
commitLayoutEffectOnFiber @ webpack-internal:///…evelopment.js:21407
recursivelyTraverseLayoutEffects @ webpack-internal:///…evelopment.js:22926
commitLayoutEffectOnFiber @ webpack-internal:///…evelopment.js:21407
recursivelyTraverseLayoutEffects @ webpack-internal:///…evelopment.js:22926
commitLayoutEffectOnFiber @ webpack-internal:///…evelopment.js:21407
recursivelyTraverseLayoutEffects @ webpack-internal:///…evelopment.js:22926
commitLayoutEffectOnFiber @ webpack-internal:///…evelopment.js:21577
recursivelyTraverseLayoutEffects @ webpack-internal:///…evelopment.js:22926
commitLayoutEffectOnFiber @ webpack-internal:///…evelopment.js:21577
recursivelyTraverseLayoutEffects @ webpack-internal:///…evelopment.js:22926
commitLayoutEffectOnFiber @ webpack-internal:///…evelopment.js:21577
recursivelyTraverseLayoutEffects @ webpack-internal:///…evelopment.js:22926
commitLayoutEffectOnFiber @ webpack-internal:///…evelopment.js:21437
commitLayoutEffects @ webpack-internal:///…evelopment.js:22912
commitRootImpl @ webpack-internal:///…evelopment.js:26226
commitRoot @ webpack-internal:///…evelopment.js:26077
commitRootWhenReady @ webpack-internal:///…evelopment.js:24749
finishConcurrentRender @ webpack-internal:///…evelopment.js:24714
performConcurrentWorkOnRoot @ webpack-internal:///…evelopment.js:24559
workLoop @ webpack-internal:///….development.js:256
flushWork @ webpack-internal:///….development.js:225
performWorkUntilDeadline @ webpack-internal:///….development.js:534
15:56:39.591  [CallModal] 🔄 Waiting for stream to become active for cmeifml0h001okung0i95m8s6
15:56:39.591  [VoiceActivity] Effect triggered: {hasStream: true, streamId: '34fa4aea-da9c-415d-afda-d1f0034b119c', audioTracks: 0, threshold: -40}
15:56:39.592  [VoiceActivity] No audio tracks in stream, cleaning up
15:56:39.592  [VoiceActivity] Effect triggered: {hasStream: true, streamId: '34fa4aea-da9c-415d-afda-d1f0034b119c', audioTracks: 0, threshold: -40}
15:56:39.592  [VoiceActivity] No audio tracks in stream, cleaning up
15:56:39.595  [CallModal] Rendered - voice call opened
15:56:39.595  [CallModal] Rendered - voice call opened
15:56:39.636  [VoiceActivity] Volume analysis: {average: '4.8', volume: '-34.6', threshold: -50, speaking: false, streamActive: true, …}
15:56:39.726  [VoiceActivity] Volume analysis: {average: '4.9', volume: '-34.3', threshold: -50, speaking: false, streamActive: true, …}
15:56:40.239  User status update received: {userId: 'cmeifn5qp002dkunge64m0xss', isOnline: true, lastSeen: '2025-09-10T07:56:40.214Z'}
15:56:40.243  🏠 ChatWindow mounted/re-rendered with conversationId: null
15:56:40.243  🏠 ChatWindow mounted/re-rendered with conversationId: null
15:56:40.244  [CallModal] Rendered - voice call opened
15:56:40.244  [CallModal] Rendered - voice call opened
15:56:40.245  [VoiceParticipant] Tester voice activity debug: {participantId: 'cmeifml0h001okung0i95m8s6', hasOriginalStream: true, hasLatestStream: true, streamActive: false, audioTracksCount: 0, …}
15:56:40.248  [CallModal] 🔊 Setting up audio element for participant cmeifml0h001okung0i95m8s6
15:56:40.249  [CallModal] Stream details: {id: '34fa4aea-da9c-415d-afda-d1f0034b119c', active: false, audioTracks: Array(0)}
15:56:40.249  [CallModal] Previous audio element for cmeifml0h001okung0i95m8s6: false
15:56:40.250  [CallModal] Cleared previous srcObject for cmeifml0h001okung0i95m8s6
15:56:40.251  [CallModal] 🔄 Stream not ready, waiting...
15:56:40.251  [CallModal] ❌ Initial audio play failed for cmeifml0h001okung0i95m8s6: 
attemptPlay @ webpack-internal:///…/CallModal.tsx:3124
ref @ webpack-internal:///…/CallModal.tsx:3158
commitAttachRef @ webpack-internal:///…evelopment.js:21677
safelyAttachRef @ webpack-internal:///…evelopment.js:20803
commitLayoutEffectOnFiber @ webpack-internal:///…evelopment.js:21498
recursivelyTraverseLayoutEffects @ webpack-internal:///…evelopment.js:22926
commitLayoutEffectOnFiber @ webpack-internal:///…evelopment.js:21577
recursivelyTraverseLayoutEffects @ webpack-internal:///…evelopment.js:22926
commitLayoutEffectOnFiber @ webpack-internal:///…evelopment.js:21488
recursivelyTraverseLayoutEffects @ webpack-internal:///…evelopment.js:22926
commitLayoutEffectOnFiber @ webpack-internal:///…evelopment.js:21488
recursivelyTraverseLayoutEffects @ webpack-internal:///…evelopment.js:22926
commitLayoutEffectOnFiber @ webpack-internal:///…evelopment.js:21488
recursivelyTraverseLayoutEffects @ webpack-internal:///…evelopment.js:22926
commitLayoutEffectOnFiber @ webpack-internal:///…evelopment.js:21488
recursivelyTraverseLayoutEffects @ webpack-internal:///…evelopment.js:22926
commitLayoutEffectOnFiber @ webpack-internal:///…evelopment.js:21407
recursivelyTraverseLayoutEffects @ webpack-internal:///…evelopment.js:22926
commitLayoutEffectOnFiber @ webpack-internal:///…evelopment.js:21407
recursivelyTraverseLayoutEffects @ webpack-internal:///…evelopment.js:22926
commitLayoutEffectOnFiber @ webpack-internal:///…evelopment.js:21577
recursivelyTraverseLayoutEffects @ webpack-internal:///…evelopment.js:22926
commitLayoutEffectOnFiber @ webpack-internal:///…evelopment.js:21407
recursivelyTraverseLayoutEffects @ webpack-internal:///…evelopment.js:22926
commitLayoutEffectOnFiber @ webpack-internal:///…evelopment.js:21577
recursivelyTraverseLayoutEffects @ webpack-internal:///…evelopment.js:22926
commitLayoutEffectOnFiber @ webpack-internal:///…evelopment.js:21407
recursivelyTraverseLayoutEffects @ webpack-internal:///…evelopment.js:22926
commitLayoutEffectOnFiber @ webpack-internal:///…evelopment.js:21577
recursivelyTraverseLayoutEffects @ webpack-internal:///…evelopment.js:22926
commitLayoutEffectOnFiber @ webpack-internal:///…evelopment.js:21407
recursivelyTraverseLayoutEffects @ webpack-internal:///…evelopment.js:22926
commitLayoutEffectOnFiber @ webpack-internal:///…evelopment.js:21577
recursivelyTraverseLayoutEffects @ webpack-internal:///…evelopment.js:22926
commitLayoutEffectOnFiber @ webpack-internal:///…evelopment.js:21407
recursivelyTraverseLayoutEffects @ webpack-internal:///…evelopment.js:22926
commitLayoutEffectOnFiber @ webpack-internal:///…evelopment.js:21407
recursivelyTraverseLayoutEffects @ webpack-internal:///…evelopment.js:22926
commitLayoutEffectOnFiber @ webpack-internal:///…evelopment.js:21488
recursivelyTraverseLayoutEffects @ webpack-internal:///…evelopment.js:22926
commitLayoutEffectOnFiber @ webpack-internal:///…evelopment.js:21488
recursivelyTraverseLayoutEffects @ webpack-internal:///…evelopment.js:22926
commitLayoutEffectOnFiber @ webpack-internal:///…evelopment.js:21577
recursivelyTraverseLayoutEffects @ webpack-internal:///…evelopment.js:22926
commitLayoutEffectOnFiber @ webpack-internal:///…evelopment.js:21577
recursivelyTraverseLayoutEffects @ webpack-internal:///…evelopment.js:22926
commitLayoutEffectOnFiber @ webpack-internal:///…evelopment.js:21418
recursivelyTraverseLayoutEffects @ webpack-internal:///…evelopment.js:22926
commitLayoutEffectOnFiber @ webpack-internal:///…evelopment.js:21407
recursivelyTraverseLayoutEffects @ webpack-internal:///…evelopment.js:22926
commitLayoutEffectOnFiber @ webpack-internal:///…evelopment.js:21577
recursivelyTraverseLayoutEffects @ webpack-internal:///…evelopment.js:22926
commitLayoutEffectOnFiber @ webpack-internal:///…evelopment.js:21418
recursivelyTraverseLayoutEffects @ webpack-internal:///…evelopment.js:22926
commitLayoutEffectOnFiber @ webpack-internal:///…evelopment.js:21407
recursivelyTraverseLayoutEffects @ webpack-internal:///…evelopment.js:22926
commitLayoutEffectOnFiber @ webpack-internal:///…evelopment.js:21407
recursivelyTraverseLayoutEffects @ webpack-internal:///…evelopment.js:22926
commitLayoutEffectOnFiber @ webpack-internal:///…evelopment.js:21418
recursivelyTraverseLayoutEffects @ webpack-internal:///…evelopment.js:22926
commitLayoutEffectOnFiber @ webpack-internal:///…evelopment.js:21407
recursivelyTraverseLayoutEffects @ webpack-internal:///…evelopment.js:22926
commitLayoutEffectOnFiber @ webpack-internal:///…evelopment.js:21577
recursivelyTraverseLayoutEffects @ webpack-internal:///…evelopment.js:22926
commitLayoutEffectOnFiber @ webpack-internal:///…evelopment.js:21577
recursivelyTraverseLayoutEffects @ webpack-internal:///…evelopment.js:22926
commitLayoutEffectOnFiber @ webpack-internal:///…evelopment.js:21577
recursivelyTraverseLayoutEffects @ webpack-internal:///…evelopment.js:22926
commitLayoutEffectOnFiber @ webpack-internal:///…evelopment.js:21577
recursivelyTraverseLayoutEffects @ webpack-internal:///…evelopment.js:22926
commitLayoutEffectOnFiber @ webpack-internal:///…evelopment.js:21577
recursivelyTraverseLayoutEffects @ webpack-internal:///…evelopment.js:22926
commitLayoutEffectOnFiber @ webpack-internal:///…evelopment.js:21577
recursivelyTraverseLayoutEffects @ webpack-internal:///…evelopment.js:22926
commitLayoutEffectOnFiber @ webpack-internal:///…evelopment.js:21407
recursivelyTraverseLayoutEffects @ webpack-internal:///…evelopment.js:22926
commitLayoutEffectOnFiber @ webpack-internal:///…evelopment.js:21418
recursivelyTraverseLayoutEffects @ webpack-internal:///…evelopment.js:22926
commitLayoutEffectOnFiber @ webpack-internal:///…evelopment.js:21407
recursivelyTraverseLayoutEffects @ webpack-internal:///…evelopment.js:22926
commitLayoutEffectOnFiber @ webpack-internal:///…evelopment.js:21407
recursivelyTraverseLayoutEffects @ webpack-internal:///…evelopment.js:22926
commitLayoutEffectOnFiber @ webpack-internal:///…evelopment.js:21407
recursivelyTraverseLayoutEffects @ webpack-internal:///…evelopment.js:22926
commitLayoutEffectOnFiber @ webpack-internal:///…evelopment.js:21407
recursivelyTraverseLayoutEffects @ webpack-internal:///…evelopment.js:22926
commitLayoutEffectOnFiber @ webpack-internal:///…evelopment.js:21577
recursivelyTraverseLayoutEffects @ webpack-internal:///…evelopment.js:22926
commitLayoutEffectOnFiber @ webpack-internal:///…evelopment.js:21577
recursivelyTraverseLayoutEffects @ webpack-internal:///…evelopment.js:22926
commitLayoutEffectOnFiber @ webpack-internal:///…evelopment.js:21577
recursivelyTraverseLayoutEffects @ webpack-internal:///…evelopment.js:22926
commitLayoutEffectOnFiber @ webpack-internal:///…evelopment.js:21437
commitLayoutEffects @ webpack-internal:///…evelopment.js:22912
commitRootImpl @ webpack-internal:///…evelopment.js:26226
commitRoot @ webpack-internal:///…evelopment.js:26077
commitRootWhenReady @ webpack-internal:///…evelopment.js:24749
finishConcurrentRender @ webpack-internal:///…evelopment.js:24714
performConcurrentWorkOnRoot @ webpack-internal:///…evelopment.js:24559
workLoop @ webpack-internal:///….development.js:256
flushWork @ webpack-internal:///….development.js:225
performWorkUntilDeadline @ webpack-internal:///….development.js:534
15:56:40.252  [CallModal] 🔄 Waiting for stream to become active for cmeifml0h001okung0i95m8s6
15:56:40.255  ChatSidebar: Conversations updated, count: 4
15:56:40.256  ChatSidebar: Latest conversation: cmfbwdnf60000kuzg41ovkra2 last message: cmfc8zta3000bkulfrpl6vutn
15:56:40.256  [VoiceActivity] Effect triggered: {hasStream: true, streamId: '34fa4aea-da9c-415d-afda-d1f0034b119c', audioTracks: 0, threshold: -40}
15:56:40.257  [VoiceActivity] No audio tracks in stream, cleaning up
15:56:40.257  [CallModal] Initialized active participants (excluding self): ['cmeifml0h001okung0i95m8s6']
15:56:40.258  [CallModal] Skipping connection verification - no WebRTC or participants
15:56:40.258  [VoiceActivity] Effect triggered: {hasStream: true, streamId: '34fa4aea-da9c-415d-afda-d1f0034b119c', audioTracks: 0, threshold: -40}
15:56:40.258  [VoiceActivity] No audio tracks in stream, cleaning up
15:56:40.259  [CallModal] Rendered - voice call opened
15:56:40.260  [CallModal] Rendered - voice call opened
15:56:40.260  [VoiceParticipant] Tester voice activity debug: {participantId: 'cmeifml0h001okung0i95m8s6', hasOriginalStream: true, hasLatestStream: true, streamActive: false, audioTracksCount: 0, …}
15:56:40.262  [CallModal] 🔊 Setting up audio element for participant cmeifml0h001okung0i95m8s6
15:56:40.262  [CallModal] Stream details: {id: '34fa4aea-da9c-415d-afda-d1f0034b119c', active: false, audioTracks: Array(0)}
15:56:40.263  [CallModal] Previous audio element for cmeifml0h001okung0i95m8s6: false
15:56:40.264  [CallModal] Cleared previous srcObject for cmeifml0h001okung0i95m8s6
15:56:40.264  [CallModal] 🔄 Stream not ready, waiting...
15:56:40.265  [CallModal] ❌ Initial audio play failed for cmeifml0h001okung0i95m8s6: 
attemptPlay @ webpack-internal:///…/CallModal.tsx:3124
ref @ webpack-internal:///…/CallModal.tsx:3158
commitAttachRef @ webpack-internal:///…evelopment.js:21677
safelyAttachRef @ webpack-internal:///…evelopment.js:20803
commitLayoutEffectOnFiber @ webpack-internal:///…evelopment.js:21498
recursivelyTraverseLayoutEffects @ webpack-internal:///…evelopment.js:22926
commitLayoutEffectOnFiber @ webpack-internal:///…evelopment.js:21577
recursivelyTraverseLayoutEffects @ webpack-internal:///…evelopment.js:22926
commitLayoutEffectOnFiber @ webpack-internal:///…evelopment.js:21488
recursivelyTraverseLayoutEffects @ webpack-internal:///…evelopment.js:22926
commitLayoutEffectOnFiber @ webpack-internal:///…evelopment.js:21488
recursivelyTraverseLayoutEffects @ webpack-internal:///…evelopment.js:22926
commitLayoutEffectOnFiber @ webpack-internal:///…evelopment.js:21488
recursivelyTraverseLayoutEffects @ webpack-internal:///…evelopment.js:22926
commitLayoutEffectOnFiber @ webpack-internal:///…evelopment.js:21488
recursivelyTraverseLayoutEffects @ webpack-internal:///…evelopment.js:22926
commitLayoutEffectOnFiber @ webpack-internal:///…evelopment.js:21407
recursivelyTraverseLayoutEffects @ webpack-internal:///…evelopment.js:22926
commitLayoutEffectOnFiber @ webpack-internal:///…evelopment.js:21407
recursivelyTraverseLayoutEffects @ webpack-internal:///…evelopment.js:22926
commitLayoutEffectOnFiber @ webpack-internal:///…evelopment.js:21577
recursivelyTraverseLayoutEffects @ webpack-internal:///…evelopment.js:22926
commitLayoutEffectOnFiber @ webpack-internal:///…evelopment.js:21407
recursivelyTraverseLayoutEffects @ webpack-internal:///…evelopment.js:22926
commitLayoutEffectOnFiber @ webpack-internal:///…evelopment.js:21577
recursivelyTraverseLayoutEffects @ webpack-internal:///…evelopment.js:22926
commitLayoutEffectOnFiber @ webpack-internal:///…evelopment.js:21407
recursivelyTraverseLayoutEffects @ webpack-internal:///…evelopment.js:22926
commitLayoutEffectOnFiber @ webpack-internal:///…evelopment.js:21577
recursivelyTraverseLayoutEffects @ webpack-internal:///…evelopment.js:22926
commitLayoutEffectOnFiber @ webpack-internal:///…evelopment.js:21407
recursivelyTraverseLayoutEffects @ webpack-internal:///…evelopment.js:22926
commitLayoutEffectOnFiber @ webpack-internal:///…evelopment.js:21577
recursivelyTraverseLayoutEffects @ webpack-internal:///…evelopment.js:22926
commitLayoutEffectOnFiber @ webpack-internal:///…evelopment.js:21407
recursivelyTraverseLayoutEffects @ webpack-internal:///…evelopment.js:22926
commitLayoutEffectOnFiber @ webpack-internal:///…evelopment.js:21407
recursivelyTraverseLayoutEffects @ webpack-internal:///…evelopment.js:22926
commitLayoutEffectOnFiber @ webpack-internal:///…evelopment.js:21488
recursivelyTraverseLayoutEffects @ webpack-internal:///…evelopment.js:22926
commitLayoutEffectOnFiber @ webpack-internal:///…evelopment.js:21488
recursivelyTraverseLayoutEffects @ webpack-internal:///…evelopment.js:22926
commitLayoutEffectOnFiber @ webpack-internal:///…evelopment.js:21577
recursivelyTraverseLayoutEffects @ webpack-internal:///…evelopment.js:22926
commitLayoutEffectOnFiber @ webpack-internal:///…evelopment.js:21577
recursivelyTraverseLayoutEffects @ webpack-internal:///…evelopment.js:22926
commitLayoutEffectOnFiber @ webpack-internal:///…evelopment.js:21418
recursivelyTraverseLayoutEffects @ webpack-internal:///…evelopment.js:22926
commitLayoutEffectOnFiber @ webpack-internal:///…evelopment.js:21407
recursivelyTraverseLayoutEffects @ webpack-internal:///…evelopment.js:22926
commitLayoutEffectOnFiber @ webpack-internal:///…evelopment.js:21577
recursivelyTraverseLayoutEffects @ webpack-internal:///…evelopment.js:22926
commitLayoutEffectOnFiber @ webpack-internal:///…evelopment.js:21418
recursivelyTraverseLayoutEffects @ webpack-internal:///…evelopment.js:22926
commitLayoutEffectOnFiber @ webpack-internal:///…evelopment.js:21407
recursivelyTraverseLayoutEffects @ webpack-internal:///…evelopment.js:22926
commitLayoutEffectOnFiber @ webpack-internal:///…evelopment.js:21407
recursivelyTraverseLayoutEffects @ webpack-internal:///…evelopment.js:22926
commitLayoutEffectOnFiber @ webpack-internal:///…evelopment.js:21418
recursivelyTraverseLayoutEffects @ webpack-internal:///…evelopment.js:22926
commitLayoutEffectOnFiber @ webpack-internal:///…evelopment.js:21407
recursivelyTraverseLayoutEffects @ webpack-internal:///…evelopment.js:22926
commitLayoutEffectOnFiber @ webpack-internal:///…evelopment.js:21577
recursivelyTraverseLayoutEffects @ webpack-internal:///…evelopment.js:22926
commitLayoutEffectOnFiber @ webpack-internal:///…evelopment.js:21577
recursivelyTraverseLayoutEffects @ webpack-internal:///…evelopment.js:22926
commitLayoutEffectOnFiber @ webpack-internal:///…evelopment.js:21577
recursivelyTraverseLayoutEffects @ webpack-internal:///…evelopment.js:22926
commitLayoutEffectOnFiber @ webpack-internal:///…evelopment.js:21577
recursivelyTraverseLayoutEffects @ webpack-internal:///…evelopment.js:22926
commitLayoutEffectOnFiber @ webpack-internal:///…evelopment.js:21577
recursivelyTraverseLayoutEffects @ webpack-internal:///…evelopment.js:22926
commitLayoutEffectOnFiber @ webpack-internal:///…evelopment.js:21577
recursivelyTraverseLayoutEffects @ webpack-internal:///…evelopment.js:22926
commitLayoutEffectOnFiber @ webpack-internal:///…evelopment.js:21407
recursivelyTraverseLayoutEffects @ webpack-internal:///…evelopment.js:22926
commitLayoutEffectOnFiber @ webpack-internal:///…evelopment.js:21418
recursivelyTraverseLayoutEffects @ webpack-internal:///…evelopment.js:22926
commitLayoutEffectOnFiber @ webpack-internal:///…evelopment.js:21407
recursivelyTraverseLayoutEffects @ webpack-internal:///…evelopment.js:22926
commitLayoutEffectOnFiber @ webpack-internal:///…evelopment.js:21407
recursivelyTraverseLayoutEffects @ webpack-internal:///…evelopment.js:22926
commitLayoutEffectOnFiber @ webpack-internal:///…evelopment.js:21407
recursivelyTraverseLayoutEffects @ webpack-internal:///…evelopment.js:22926
commitLayoutEffectOnFiber @ webpack-internal:///…evelopment.js:21407
recursivelyTraverseLayoutEffects @ webpack-internal:///…evelopment.js:22926
commitLayoutEffectOnFiber @ webpack-internal:///…evelopment.js:21577
recursivelyTraverseLayoutEffects @ webpack-internal:///…evelopment.js:22926
commitLayoutEffectOnFiber @ webpack-internal:///…evelopment.js:21577
recursivelyTraverseLayoutEffects @ webpack-internal:///…evelopment.js:22926
commitLayoutEffectOnFiber @ webpack-internal:///…evelopment.js:21577
recursivelyTraverseLayoutEffects @ webpack-internal:///…evelopment.js:22926
commitLayoutEffectOnFiber @ webpack-internal:///…evelopment.js:21437
commitLayoutEffects @ webpack-internal:///…evelopment.js:22912
commitRootImpl @ webpack-internal:///…evelopment.js:26226
commitRoot @ webpack-internal:///…evelopment.js:26077
commitRootWhenReady @ webpack-internal:///…evelopment.js:24749
finishConcurrentRender @ webpack-internal:///…evelopment.js:24714
performConcurrentWorkOnRoot @ webpack-internal:///…evelopment.js:24559
workLoop @ webpack-internal:///….development.js:256
flushWork @ webpack-internal:///….development.js:225
performWorkUntilDeadline @ webpack-internal:///….development.js:534
15:56:40.265  [CallModal] 🔄 Waiting for stream to become active for cmeifml0h001okung0i95m8s6
15:56:40.269  [VoiceActivity] Effect triggered: {hasStream: true, streamId: '34fa4aea-da9c-415d-afda-d1f0034b119c', audioTracks: 0, threshold: -40}
15:56:40.270  [VoiceActivity] No audio tracks in stream, cleaning up
15:56:40.270  [VoiceActivity] Effect triggered: {hasStream: true, streamId: '34fa4aea-da9c-415d-afda-d1f0034b119c', audioTracks: 0, threshold: -40}
15:56:40.270  [VoiceActivity] No audio tracks in stream, cleaning up
15:56:40.271  [CallModal] Rendered - voice call opened
15:56:40.271  [CallModal] Rendered - voice call opened
15:56:40.412  [VoiceActivity] Volume analysis: {average: '5.0', volume: '-34.1', threshold: -50, speaking: false, streamActive: true, …}
15:56:40.755  [CallModal] Rendered - voice call opened
15:56:40.756  [CallModal] Rendered - voice call opened
15:56:40.757  [VoiceParticipant] Tester voice activity debug: {participantId: 'cmeifml0h001okung0i95m8s6', hasOriginalStream: true, hasLatestStream: true, streamActive: false, audioTracksCount: 0, …}
15:56:40.758  [CallModal] 🔊 Setting up audio element for participant cmeifml0h001okung0i95m8s6
15:56:40.758  [CallModal] Stream details: {id: '34fa4aea-da9c-415d-afda-d1f0034b119c', active: false, audioTracks: Array(0)}
15:56:40.758  [CallModal] Previous audio element for cmeifml0h001okung0i95m8s6: false
15:56:40.759  [CallModal] Cleared previous srcObject for cmeifml0h001okung0i95m8s6
15:56:40.759  [CallModal] 🔄 Stream not ready, waiting...
15:56:40.760  [CallModal] ❌ Initial audio play failed for cmeifml0h001okung0i95m8s6: 
attemptPlay @ webpack-internal:///…/CallModal.tsx:3124
ref @ webpack-internal:///…/CallModal.tsx:3158
commitAttachRef @ webpack-internal:///…evelopment.js:21677
safelyAttachRef @ webpack-internal:///…evelopment.js:20803
commitLayoutEffectOnFiber @ webpack-internal:///…evelopment.js:21498
recursivelyTraverseLayoutEffects @ webpack-internal:///…evelopment.js:22926
commitLayoutEffectOnFiber @ webpack-internal:///…evelopment.js:21577
recursivelyTraverseLayoutEffects @ webpack-internal:///…evelopment.js:22926
commitLayoutEffectOnFiber @ webpack-internal:///…evelopment.js:21488
recursivelyTraverseLayoutEffects @ webpack-internal:///…evelopment.js:22926
commitLayoutEffectOnFiber @ webpack-internal:///…evelopment.js:21488
recursivelyTraverseLayoutEffects @ webpack-internal:///…evelopment.js:22926
commitLayoutEffectOnFiber @ webpack-internal:///…evelopment.js:21488
recursivelyTraverseLayoutEffects @ webpack-internal:///…evelopment.js:22926
commitLayoutEffectOnFiber @ webpack-internal:///…evelopment.js:21488
recursivelyTraverseLayoutEffects @ webpack-internal:///…evelopment.js:22926
commitLayoutEffectOnFiber @ webpack-internal:///…evelopment.js:21407
recursivelyTraverseLayoutEffects @ webpack-internal:///…evelopment.js:22926
commitLayoutEffectOnFiber @ webpack-internal:///…evelopment.js:21407
recursivelyTraverseLayoutEffects @ webpack-internal:///…evelopment.js:22926
commitLayoutEffectOnFiber @ webpack-internal:///…evelopment.js:21577
recursivelyTraverseLayoutEffects @ webpack-internal:///…evelopment.js:22926
commitLayoutEffectOnFiber @ webpack-internal:///…evelopment.js:21407
recursivelyTraverseLayoutEffects @ webpack-internal:///…evelopment.js:22926
commitLayoutEffectOnFiber @ webpack-internal:///…evelopment.js:21577
recursivelyTraverseLayoutEffects @ webpack-internal:///…evelopment.js:22926
commitLayoutEffectOnFiber @ webpack-internal:///…evelopment.js:21407
recursivelyTraverseLayoutEffects @ webpack-internal:///…evelopment.js:22926
commitLayoutEffectOnFiber @ webpack-internal:///…evelopment.js:21577
recursivelyTraverseLayoutEffects @ webpack-internal:///…evelopment.js:22926
commitLayoutEffectOnFiber @ webpack-internal:///…evelopment.js:21407
recursivelyTraverseLayoutEffects @ webpack-internal:///…evelopment.js:22926
commitLayoutEffectOnFiber @ webpack-internal:///…evelopment.js:21577
recursivelyTraverseLayoutEffects @ webpack-internal:///…evelopment.js:22926
commitLayoutEffectOnFiber @ webpack-internal:///…evelopment.js:21407
recursivelyTraverseLayoutEffects @ webpack-internal:///…evelopment.js:22926
commitLayoutEffectOnFiber @ webpack-internal:///…evelopment.js:21407
recursivelyTraverseLayoutEffects @ webpack-internal:///…evelopment.js:22926
commitLayoutEffectOnFiber @ webpack-internal:///…evelopment.js:21488
recursivelyTraverseLayoutEffects @ webpack-internal:///…evelopment.js:22926
commitLayoutEffectOnFiber @ webpack-internal:///…evelopment.js:21488
recursivelyTraverseLayoutEffects @ webpack-internal:///…evelopment.js:22926
commitLayoutEffectOnFiber @ webpack-internal:///…evelopment.js:21577
recursivelyTraverseLayoutEffects @ webpack-internal:///…evelopment.js:22926
commitLayoutEffectOnFiber @ webpack-internal:///…evelopment.js:21577
recursivelyTraverseLayoutEffects @ webpack-internal:///…evelopment.js:22926
commitLayoutEffectOnFiber @ webpack-internal:///…evelopment.js:21418
recursivelyTraverseLayoutEffects @ webpack-internal:///…evelopment.js:22926
commitLayoutEffectOnFiber @ webpack-internal:///…evelopment.js:21407
recursivelyTraverseLayoutEffects @ webpack-internal:///…evelopment.js:22926
commitLayoutEffectOnFiber @ webpack-internal:///…evelopment.js:21577
recursivelyTraverseLayoutEffects @ webpack-internal:///…evelopment.js:22926
commitLayoutEffectOnFiber @ webpack-internal:///…evelopment.js:21418
recursivelyTraverseLayoutEffects @ webpack-internal:///…evelopment.js:22926
commitLayoutEffectOnFiber @ webpack-internal:///…evelopment.js:21407
recursivelyTraverseLayoutEffects @ webpack-internal:///…evelopment.js:22926
commitLayoutEffectOnFiber @ webpack-internal:///…evelopment.js:21407
recursivelyTraverseLayoutEffects @ webpack-internal:///…evelopment.js:22926
commitLayoutEffectOnFiber @ webpack-internal:///…evelopment.js:21418
recursivelyTraverseLayoutEffects @ webpack-internal:///…evelopment.js:22926
commitLayoutEffectOnFiber @ webpack-internal:///…evelopment.js:21407
recursivelyTraverseLayoutEffects @ webpack-internal:///…evelopment.js:22926
commitLayoutEffectOnFiber @ webpack-internal:///…evelopment.js:21577
recursivelyTraverseLayoutEffects @ webpack-internal:///…evelopment.js:22926
commitLayoutEffectOnFiber @ webpack-internal:///…evelopment.js:21577
recursivelyTraverseLayoutEffects @ webpack-internal:///…evelopment.js:22926
commitLayoutEffectOnFiber @ webpack-internal:///…evelopment.js:21577
recursivelyTraverseLayoutEffects @ webpack-internal:///…evelopment.js:22926
commitLayoutEffectOnFiber @ webpack-internal:///…evelopment.js:21577
recursivelyTraverseLayoutEffects @ webpack-internal:///…evelopment.js:22926
commitLayoutEffectOnFiber @ webpack-internal:///…evelopment.js:21577
recursivelyTraverseLayoutEffects @ webpack-internal:///…evelopment.js:22926
commitLayoutEffectOnFiber @ webpack-internal:///…evelopment.js:21577
recursivelyTraverseLayoutEffects @ webpack-internal:///…evelopment.js:22926
commitLayoutEffectOnFiber @ webpack-internal:///…evelopment.js:21407
recursivelyTraverseLayoutEffects @ webpack-internal:///…evelopment.js:22926
commitLayoutEffectOnFiber @ webpack-internal:///…evelopment.js:21418
recursivelyTraverseLayoutEffects @ webpack-internal:///…evelopment.js:22926
commitLayoutEffectOnFiber @ webpack-internal:///…evelopment.js:21407
recursivelyTraverseLayoutEffects @ webpack-internal:///…evelopment.js:22926
commitLayoutEffectOnFiber @ webpack-internal:///…evelopment.js:21407
recursivelyTraverseLayoutEffects @ webpack-internal:///…evelopment.js:22926
commitLayoutEffectOnFiber @ webpack-internal:///…evelopment.js:21407
recursivelyTraverseLayoutEffects @ webpack-internal:///…evelopment.js:22926
commitLayoutEffectOnFiber @ webpack-internal:///…evelopment.js:21407
recursivelyTraverseLayoutEffects @ webpack-internal:///…evelopment.js:22926
commitLayoutEffectOnFiber @ webpack-internal:///…evelopment.js:21577
recursivelyTraverseLayoutEffects @ webpack-internal:///…evelopment.js:22926
commitLayoutEffectOnFiber @ webpack-internal:///…evelopment.js:21577
recursivelyTraverseLayoutEffects @ webpack-internal:///…evelopment.js:22926
commitLayoutEffectOnFiber @ webpack-internal:///…evelopment.js:21577
recursivelyTraverseLayoutEffects @ webpack-internal:///…evelopment.js:22926
commitLayoutEffectOnFiber @ webpack-internal:///…evelopment.js:21437
commitLayoutEffects @ webpack-internal:///…evelopment.js:22912
commitRootImpl @ webpack-internal:///…evelopment.js:26226
commitRoot @ webpack-internal:///…evelopment.js:26077
commitRootWhenReady @ webpack-internal:///…evelopment.js:24749
finishConcurrentRender @ webpack-internal:///…evelopment.js:24714
performConcurrentWorkOnRoot @ webpack-internal:///…evelopment.js:24559
workLoop @ webpack-internal:///….development.js:256
flushWork @ webpack-internal:///….development.js:225
performWorkUntilDeadline @ webpack-internal:///….development.js:534
15:56:40.760  [CallModal] 🔄 Waiting for stream to become active for cmeifml0h001okung0i95m8s6
15:56:40.762  [VoiceActivity] Effect triggered: {hasStream: true, streamId: '34fa4aea-da9c-415d-afda-d1f0034b119c', audioTracks: 0, threshold: -40}
15:56:40.763  [VoiceActivity] No audio tracks in stream, cleaning up
15:56:40.763  [VoiceActivity] Effect triggered: {hasStream: true, streamId: '34fa4aea-da9c-415d-afda-d1f0034b119c', audioTracks: 0, threshold: -40}
15:56:40.763  [VoiceActivity] No audio tracks in stream, cleaning up
15:56:40.764  [CallModal] Rendered - voice call opened
15:56:40.764  [CallModal] Rendered - voice call opened
15:56:40.772  [CallModal] Rendered - voice call opened
15:56:40.773  [CallModal] Rendered - voice call opened
15:56:40.774  [VoiceParticipant] Tester voice activity debug: {participantId: 'cmeifml0h001okung0i95m8s6', hasOriginalStream: true, hasLatestStream: true, streamActive: false, audioTracksCount: 0, …}
15:56:40.776  [CallModal] 🔊 Setting up audio element for participant cmeifml0h001okung0i95m8s6
15:56:40.776  [CallModal] Stream details: {id: '34fa4aea-da9c-415d-afda-d1f0034b119c', active: false, audioTracks: Array(0)}
15:56:40.777  [CallModal] Previous audio element for cmeifml0h001okung0i95m8s6: false
15:56:40.778  [CallModal] Cleared previous srcObject for cmeifml0h001okung0i95m8s6
15:56:40.778  [CallModal] 🔄 Stream not ready, waiting...
15:56:40.779  [CallModal] ❌ Initial audio play failed for cmeifml0h001okung0i95m8s6: 
attemptPlay @ webpack-internal:///…/CallModal.tsx:3124
ref @ webpack-internal:///…/CallModal.tsx:3158
commitAttachRef @ webpack-internal:///…evelopment.js:21677
safelyAttachRef @ webpack-internal:///…evelopment.js:20803
commitLayoutEffectOnFiber @ webpack-internal:///…evelopment.js:21498
recursivelyTraverseLayoutEffects @ webpack-internal:///…evelopment.js:22926
commitLayoutEffectOnFiber @ webpack-internal:///…evelopment.js:21577
recursivelyTraverseLayoutEffects @ webpack-internal:///…evelopment.js:22926
commitLayoutEffectOnFiber @ webpack-internal:///…evelopment.js:21488
recursivelyTraverseLayoutEffects @ webpack-internal:///…evelopment.js:22926
commitLayoutEffectOnFiber @ webpack-internal:///…evelopment.js:21488
recursivelyTraverseLayoutEffects @ webpack-internal:///…evelopment.js:22926
commitLayoutEffectOnFiber @ webpack-internal:///…evelopment.js:21488
recursivelyTraverseLayoutEffects @ webpack-internal:///…evelopment.js:22926
commitLayoutEffectOnFiber @ webpack-internal:///…evelopment.js:21488
recursivelyTraverseLayoutEffects @ webpack-internal:///…evelopment.js:22926
commitLayoutEffectOnFiber @ webpack-internal:///…evelopment.js:21407
recursivelyTraverseLayoutEffects @ webpack-internal:///…evelopment.js:22926
commitLayoutEffectOnFiber @ webpack-internal:///…evelopment.js:21407
recursivelyTraverseLayoutEffects @ webpack-internal:///…evelopment.js:22926
commitLayoutEffectOnFiber @ webpack-internal:///…evelopment.js:21577
recursivelyTraverseLayoutEffects @ webpack-internal:///…evelopment.js:22926
commitLayoutEffectOnFiber @ webpack-internal:///…evelopment.js:21407
recursivelyTraverseLayoutEffects @ webpack-internal:///…evelopment.js:22926
commitLayoutEffectOnFiber @ webpack-internal:///…evelopment.js:21577
recursivelyTraverseLayoutEffects @ webpack-internal:///…evelopment.js:22926
commitLayoutEffectOnFiber @ webpack-internal:///…evelopment.js:21407
recursivelyTraverseLayoutEffects @ webpack-internal:///…evelopment.js:22926
commitLayoutEffectOnFiber @ webpack-internal:///…evelopment.js:21577
recursivelyTraverseLayoutEffects @ webpack-internal:///…evelopment.js:22926
commitLayoutEffectOnFiber @ webpack-internal:///…evelopment.js:21407
recursivelyTraverseLayoutEffects @ webpack-internal:///…evelopment.js:22926
commitLayoutEffectOnFiber @ webpack-internal:///…evelopment.js:21577
recursivelyTraverseLayoutEffects @ webpack-internal:///…evelopment.js:22926
commitLayoutEffectOnFiber @ webpack-internal:///…evelopment.js:21407
recursivelyTraverseLayoutEffects @ webpack-internal:///…evelopment.js:22926
commitLayoutEffectOnFiber @ webpack-internal:///…evelopment.js:21407
recursivelyTraverseLayoutEffects @ webpack-internal:///…evelopment.js:22926
commitLayoutEffectOnFiber @ webpack-internal:///…evelopment.js:21488
recursivelyTraverseLayoutEffects @ webpack-internal:///…evelopment.js:22926
commitLayoutEffectOnFiber @ webpack-internal:///…evelopment.js:21488
recursivelyTraverseLayoutEffects @ webpack-internal:///…evelopment.js:22926
commitLayoutEffectOnFiber @ webpack-internal:///…evelopment.js:21577
recursivelyTraverseLayoutEffects @ webpack-internal:///…evelopment.js:22926
commitLayoutEffectOnFiber @ webpack-internal:///…evelopment.js:21577
recursivelyTraverseLayoutEffects @ webpack-internal:///…evelopment.js:22926
commitLayoutEffectOnFiber @ webpack-internal:///…evelopment.js:21418
recursivelyTraverseLayoutEffects @ webpack-internal:///…evelopment.js:22926
commitLayoutEffectOnFiber @ webpack-internal:///…evelopment.js:21407
recursivelyTraverseLayoutEffects @ webpack-internal:///…evelopment.js:22926
commitLayoutEffectOnFiber @ webpack-internal:///…evelopment.js:21577
recursivelyTraverseLayoutEffects @ webpack-internal:///…evelopment.js:22926
commitLayoutEffectOnFiber @ webpack-internal:///…evelopment.js:21418
recursivelyTraverseLayoutEffects @ webpack-internal:///…evelopment.js:22926
commitLayoutEffectOnFiber @ webpack-internal:///…evelopment.js:21407
recursivelyTraverseLayoutEffects @ webpack-internal:///…evelopment.js:22926
commitLayoutEffectOnFiber @ webpack-internal:///…evelopment.js:21407
recursivelyTraverseLayoutEffects @ webpack-internal:///…evelopment.js:22926
commitLayoutEffectOnFiber @ webpack-internal:///…evelopment.js:21418
recursivelyTraverseLayoutEffects @ webpack-internal:///…evelopment.js:22926
commitLayoutEffectOnFiber @ webpack-internal:///…evelopment.js:21407
recursivelyTraverseLayoutEffects @ webpack-internal:///…evelopment.js:22926
commitLayoutEffectOnFiber @ webpack-internal:///…evelopment.js:21577
recursivelyTraverseLayoutEffects @ webpack-internal:///…evelopment.js:22926
commitLayoutEffectOnFiber @ webpack-internal:///…evelopment.js:21577
recursivelyTraverseLayoutEffects @ webpack-internal:///…evelopment.js:22926
commitLayoutEffectOnFiber @ webpack-internal:///…evelopment.js:21577
recursivelyTraverseLayoutEffects @ webpack-internal:///…evelopment.js:22926
commitLayoutEffectOnFiber @ webpack-internal:///…evelopment.js:21577
recursivelyTraverseLayoutEffects @ webpack-internal:///…evelopment.js:22926
commitLayoutEffectOnFiber @ webpack-internal:///…evelopment.js:21577
recursivelyTraverseLayoutEffects @ webpack-internal:///…evelopment.js:22926
commitLayoutEffectOnFiber @ webpack-internal:///…evelopment.js:21577
recursivelyTraverseLayoutEffects @ webpack-internal:///…evelopment.js:22926
commitLayoutEffectOnFiber @ webpack-internal:///…evelopment.js:21407
recursivelyTraverseLayoutEffects @ webpack-internal:///…evelopment.js:22926
commitLayoutEffectOnFiber @ webpack-internal:///…evelopment.js:21418
recursivelyTraverseLayoutEffects @ webpack-internal:///…evelopment.js:22926
commitLayoutEffectOnFiber @ webpack-internal:///…evelopment.js:21407
recursivelyTraverseLayoutEffects @ webpack-internal:///…evelopment.js:22926
commitLayoutEffectOnFiber @ webpack-internal:///…evelopment.js:21407
recursivelyTraverseLayoutEffects @ webpack-internal:///…evelopment.js:22926
commitLayoutEffectOnFiber @ webpack-internal:///…evelopment.js:21407
recursivelyTraverseLayoutEffects @ webpack-internal:///…evelopment.js:22926
commitLayoutEffectOnFiber @ webpack-internal:///…evelopment.js:21407
recursivelyTraverseLayoutEffects @ webpack-internal:///…evelopment.js:22926
commitLayoutEffectOnFiber @ webpack-internal:///…evelopment.js:21577
recursivelyTraverseLayoutEffects @ webpack-internal:///…evelopment.js:22926
commitLayoutEffectOnFiber @ webpack-internal:///…evelopment.js:21577
recursivelyTraverseLayoutEffects @ webpack-internal:///…evelopment.js:22926
commitLayoutEffectOnFiber @ webpack-internal:///…evelopment.js:21577
recursivelyTraverseLayoutEffects @ webpack-internal:///…evelopment.js:22926
commitLayoutEffectOnFiber @ webpack-internal:///…evelopment.js:21437
commitLayoutEffects @ webpack-internal:///…evelopment.js:22912
commitRootImpl @ webpack-internal:///…evelopment.js:26226
commitRoot @ webpack-internal:///…evelopment.js:26077
commitRootWhenReady @ webpack-internal:///…evelopment.js:24749
finishConcurrentRender @ webpack-internal:///…evelopment.js:24714
performConcurrentWorkOnRoot @ webpack-internal:///…evelopment.js:24559
workLoop @ webpack-internal:///….development.js:256
flushWork @ webpack-internal:///….development.js:225
performWorkUntilDeadline @ webpack-internal:///….development.js:534
15:56:40.779  [CallModal] 🔄 Waiting for stream to become active for cmeifml0h001okung0i95m8s6
15:56:40.785  [VoiceActivity] Effect triggered: {hasStream: true, streamId: '34fa4aea-da9c-415d-afda-d1f0034b119c', audioTracks: 0, threshold: -40}
15:56:40.785  [VoiceActivity] No audio tracks in stream, cleaning up
15:56:40.786  [VoiceActivity] Effect triggered: {hasStream: true, streamId: '34fa4aea-da9c-415d-afda-d1f0034b119c', audioTracks: 0, threshold: -40}
15:56:40.786  [VoiceActivity] No audio tracks in stream, cleaning up
15:56:40.786  [CallModal] Rendered - voice call opened
15:56:40.787  [CallModal] Rendered - voice call opened
15:56:40.914  [VoiceActivity] Volume analysis: {average: '4.9', volume: '-34.3', threshold: -50, speaking: false, streamActive: true, …}
15:56:40.933  [CallModal] Updated peer connections for performance monitoring: 2
15:56:40.933  [CallModal] Peer connection participants: (2) ['cmeifml0h001okung0i95m8s6', 'cmeifn5qp002dkunge64m0xss']
15:56:40.934  [CallModal] Rendered - voice call opened
15:56:40.934  [CallModal] Rendered - voice call opened
15:56:40.935  [VoiceParticipant] Tester voice activity debug: {participantId: 'cmeifml0h001okung0i95m8s6', hasOriginalStream: true, hasLatestStream: true, streamActive: false, audioTracksCount: 0, …}
15:56:40.937  [CallModal] 🔊 Setting up audio element for participant cmeifml0h001okung0i95m8s6
15:56:40.938  [CallModal] Stream details: {id: '34fa4aea-da9c-415d-afda-d1f0034b119c', active: false, audioTracks: Array(0)}
15:56:40.939  [CallModal] Previous audio element for cmeifml0h001okung0i95m8s6: false
15:56:40.940  [CallModal] Cleared previous srcObject for cmeifml0h001okung0i95m8s6
15:56:40.941  [CallModal] 🔄 Stream not ready, waiting...
15:56:40.941  [CallModal] ❌ Initial audio play failed for cmeifml0h001okung0i95m8s6: 
attemptPlay @ webpack-internal:///…/CallModal.tsx:3124
ref @ webpack-internal:///…/CallModal.tsx:3158
commitAttachRef @ webpack-internal:///…evelopment.js:21677
safelyAttachRef @ webpack-internal:///…evelopment.js:20803
commitLayoutEffectOnFiber @ webpack-internal:///…evelopment.js:21498
recursivelyTraverseLayoutEffects @ webpack-internal:///…evelopment.js:22926
commitLayoutEffectOnFiber @ webpack-internal:///…evelopment.js:21577
recursivelyTraverseLayoutEffects @ webpack-internal:///…evelopment.js:22926
commitLayoutEffectOnFiber @ webpack-internal:///…evelopment.js:21488
recursivelyTraverseLayoutEffects @ webpack-internal:///…evelopment.js:22926
commitLayoutEffectOnFiber @ webpack-internal:///…evelopment.js:21488
recursivelyTraverseLayoutEffects @ webpack-internal:///…evelopment.js:22926
commitLayoutEffectOnFiber @ webpack-internal:///…evelopment.js:21488
recursivelyTraverseLayoutEffects @ webpack-internal:///…evelopment.js:22926
commitLayoutEffectOnFiber @ webpack-internal:///…evelopment.js:21488
recursivelyTraverseLayoutEffects @ webpack-internal:///…evelopment.js:22926
commitLayoutEffectOnFiber @ webpack-internal:///…evelopment.js:21407
recursivelyTraverseLayoutEffects @ webpack-internal:///…evelopment.js:22926
commitLayoutEffectOnFiber @ webpack-internal:///…evelopment.js:21407
recursivelyTraverseLayoutEffects @ webpack-internal:///…evelopment.js:22926
commitLayoutEffectOnFiber @ webpack-internal:///…evelopment.js:21577
recursivelyTraverseLayoutEffects @ webpack-internal:///…evelopment.js:22926
commitLayoutEffectOnFiber @ webpack-internal:///…evelopment.js:21407
recursivelyTraverseLayoutEffects @ webpack-internal:///…evelopment.js:22926
commitLayoutEffectOnFiber @ webpack-internal:///…evelopment.js:21577
recursivelyTraverseLayoutEffects @ webpack-internal:///…evelopment.js:22926
commitLayoutEffectOnFiber @ webpack-internal:///…evelopment.js:21407
recursivelyTraverseLayoutEffects @ webpack-internal:///…evelopment.js:22926
commitLayoutEffectOnFiber @ webpack-internal:///…evelopment.js:21577
recursivelyTraverseLayoutEffects @ webpack-internal:///…evelopment.js:22926
commitLayoutEffectOnFiber @ webpack-internal:///…evelopment.js:21407
recursivelyTraverseLayoutEffects @ webpack-internal:///…evelopment.js:22926
commitLayoutEffectOnFiber @ webpack-internal:///…evelopment.js:21577
recursivelyTraverseLayoutEffects @ webpack-internal:///…evelopment.js:22926
commitLayoutEffectOnFiber @ webpack-internal:///…evelopment.js:21407
recursivelyTraverseLayoutEffects @ webpack-internal:///…evelopment.js:22926
commitLayoutEffectOnFiber @ webpack-internal:///…evelopment.js:21407
recursivelyTraverseLayoutEffects @ webpack-internal:///…evelopment.js:22926
commitLayoutEffectOnFiber @ webpack-internal:///…evelopment.js:21488
recursivelyTraverseLayoutEffects @ webpack-internal:///…evelopment.js:22926
commitLayoutEffectOnFiber @ webpack-internal:///…evelopment.js:21488
recursivelyTraverseLayoutEffects @ webpack-internal:///…evelopment.js:22926
commitLayoutEffectOnFiber @ webpack-internal:///…evelopment.js:21577
recursivelyTraverseLayoutEffects @ webpack-internal:///…evelopment.js:22926
commitLayoutEffectOnFiber @ webpack-internal:///…evelopment.js:21577
recursivelyTraverseLayoutEffects @ webpack-internal:///…evelopment.js:22926
commitLayoutEffectOnFiber @ webpack-internal:///…evelopment.js:21418
recursivelyTraverseLayoutEffects @ webpack-internal:///…evelopment.js:22926
commitLayoutEffectOnFiber @ webpack-internal:///…evelopment.js:21407
recursivelyTraverseLayoutEffects @ webpack-internal:///…evelopment.js:22926
commitLayoutEffectOnFiber @ webpack-internal:///…evelopment.js:21577
recursivelyTraverseLayoutEffects @ webpack-internal:///…evelopment.js:22926
commitLayoutEffectOnFiber @ webpack-internal:///…evelopment.js:21418
recursivelyTraverseLayoutEffects @ webpack-internal:///…evelopment.js:22926
commitLayoutEffectOnFiber @ webpack-internal:///…evelopment.js:21407
recursivelyTraverseLayoutEffects @ webpack-internal:///…evelopment.js:22926
commitLayoutEffectOnFiber @ webpack-internal:///…evelopment.js:21407
recursivelyTraverseLayoutEffects @ webpack-internal:///…evelopment.js:22926
commitLayoutEffectOnFiber @ webpack-internal:///…evelopment.js:21418
recursivelyTraverseLayoutEffects @ webpack-internal:///…evelopment.js:22926
commitLayoutEffectOnFiber @ webpack-internal:///…evelopment.js:21407
recursivelyTraverseLayoutEffects @ webpack-internal:///…evelopment.js:22926
commitLayoutEffectOnFiber @ webpack-internal:///…evelopment.js:21577
recursivelyTraverseLayoutEffects @ webpack-internal:///…evelopment.js:22926
commitLayoutEffectOnFiber @ webpack-internal:///…evelopment.js:21577
recursivelyTraverseLayoutEffects @ webpack-internal:///…evelopment.js:22926
commitLayoutEffectOnFiber @ webpack-internal:///…evelopment.js:21577
recursivelyTraverseLayoutEffects @ webpack-internal:///…evelopment.js:22926
commitLayoutEffectOnFiber @ webpack-internal:///…evelopment.js:21577
recursivelyTraverseLayoutEffects @ webpack-internal:///…evelopment.js:22926
commitLayoutEffectOnFiber @ webpack-internal:///…evelopment.js:21577
recursivelyTraverseLayoutEffects @ webpack-internal:///…evelopment.js:22926
commitLayoutEffectOnFiber @ webpack-internal:///…evelopment.js:21577
recursivelyTraverseLayoutEffects @ webpack-internal:///…evelopment.js:22926
commitLayoutEffectOnFiber @ webpack-internal:///…evelopment.js:21407
recursivelyTraverseLayoutEffects @ webpack-internal:///…evelopment.js:22926
commitLayoutEffectOnFiber @ webpack-internal:///…evelopment.js:21418
recursivelyTraverseLayoutEffects @ webpack-internal:///…evelopment.js:22926
commitLayoutEffectOnFiber @ webpack-internal:///…evelopment.js:21407
recursivelyTraverseLayoutEffects @ webpack-internal:///…evelopment.js:22926
commitLayoutEffectOnFiber @ webpack-internal:///…evelopment.js:21407
recursivelyTraverseLayoutEffects @ webpack-internal:///…evelopment.js:22926
commitLayoutEffectOnFiber @ webpack-internal:///…evelopment.js:21407
recursivelyTraverseLayoutEffects @ webpack-internal:///…evelopment.js:22926
commitLayoutEffectOnFiber @ webpack-internal:///…evelopment.js:21407
recursivelyTraverseLayoutEffects @ webpack-internal:///…evelopment.js:22926
commitLayoutEffectOnFiber @ webpack-internal:///…evelopment.js:21577
recursivelyTraverseLayoutEffects @ webpack-internal:///…evelopment.js:22926
commitLayoutEffectOnFiber @ webpack-internal:///…evelopment.js:21577
recursivelyTraverseLayoutEffects @ webpack-internal:///…evelopment.js:22926
commitLayoutEffectOnFiber @ webpack-internal:///…evelopment.js:21577
recursivelyTraverseLayoutEffects @ webpack-internal:///…evelopment.js:22926
commitLayoutEffectOnFiber @ webpack-internal:///…evelopment.js:21437
commitLayoutEffects @ webpack-internal:///…evelopment.js:22912
commitRootImpl @ webpack-internal:///…evelopment.js:26226
commitRoot @ webpack-internal:///…evelopment.js:26077
commitRootWhenReady @ webpack-internal:///…evelopment.js:24749
finishConcurrentRender @ webpack-internal:///…evelopment.js:24714
performConcurrentWorkOnRoot @ webpack-internal:///…evelopment.js:24559
workLoop @ webpack-internal:///….development.js:256
flushWork @ webpack-internal:///….development.js:225
performWorkUntilDeadline @ webpack-internal:///….development.js:534
15:56:40.942  [CallModal] 🔄 Waiting for stream to become active for cmeifml0h001okung0i95m8s6
15:56:40.945  [VoiceActivity] Effect triggered: {hasStream: true, streamId: '34fa4aea-da9c-415d-afda-d1f0034b119c', audioTracks: 0, threshold: -40}
15:56:40.945  [VoiceActivity] No audio tracks in stream, cleaning up
15:56:40.945  [useCallPerformance] Connection states: (2) [{…}, {…}]
15:56:40.946  [useCallPerformance] Starting monitoring for 2 valid connections
15:56:40.946  [VoiceActivity] Effect triggered: {hasStream: true, streamId: '34fa4aea-da9c-415d-afda-d1f0034b119c', audioTracks: 0, threshold: -40}
15:56:40.946  [VoiceActivity] No audio tracks in stream, cleaning up
15:56:40.947  [CallModal] Rendered - voice call opened
15:56:40.948  [CallModal] Rendered - voice call opened
15:56:40.949  [useCallPerformance] Network metrics: {audioPacketLoss: 0, videoPacketLoss: 0, videoFrameRate: 0, latency: 1, callType: 'voice'}
15:56:40.950  [useCallPerformance] No valid network data yet, assuming good quality
15:56:40.955  [CallModal] Rendered - voice call opened
15:56:40.956  [CallModal] Rendered - voice call opened
15:56:40.957  [VoiceParticipant] Tester voice activity debug: {participantId: 'cmeifml0h001okung0i95m8s6', hasOriginalStream: true, hasLatestStream: true, streamActive: false, audioTracksCount: 0, …}
15:56:40.963  [CallModal] 🔊 Setting up audio element for participant cmeifml0h001okung0i95m8s6
15:56:40.965  [CallModal] Stream details: {id: '34fa4aea-da9c-415d-afda-d1f0034b119c', active: false, audioTracks: Array(0)}
15:56:40.967  [CallModal] Previous audio element for cmeifml0h001okung0i95m8s6: false
15:56:40.970  [CallModal] Cleared previous srcObject for cmeifml0h001okung0i95m8s6
15:56:40.970  [CallModal] 🔄 Stream not ready, waiting...
15:56:40.971  [CallModal] ❌ Initial audio play failed for cmeifml0h001okung0i95m8s6: 
attemptPlay @ webpack-internal:///…/CallModal.tsx:3124
ref @ webpack-internal:///…/CallModal.tsx:3158
commitAttachRef @ webpack-internal:///…evelopment.js:21677
safelyAttachRef @ webpack-internal:///…evelopment.js:20803
commitLayoutEffectOnFiber @ webpack-internal:///…evelopment.js:21498
recursivelyTraverseLayoutEffects @ webpack-internal:///…evelopment.js:22926
commitLayoutEffectOnFiber @ webpack-internal:///…evelopment.js:21577
recursivelyTraverseLayoutEffects @ webpack-internal:///…evelopment.js:22926
commitLayoutEffectOnFiber @ webpack-internal:///…evelopment.js:21488
recursivelyTraverseLayoutEffects @ webpack-internal:///…evelopment.js:22926
commitLayoutEffectOnFiber @ webpack-internal:///…evelopment.js:21488
recursivelyTraverseLayoutEffects @ webpack-internal:///…evelopment.js:22926
commitLayoutEffectOnFiber @ webpack-internal:///…evelopment.js:21488
recursivelyTraverseLayoutEffects @ webpack-internal:///…evelopment.js:22926
commitLayoutEffectOnFiber @ webpack-internal:///…evelopment.js:21488
recursivelyTraverseLayoutEffects @ webpack-internal:///…evelopment.js:22926
commitLayoutEffectOnFiber @ webpack-internal:///…evelopment.js:21407
recursivelyTraverseLayoutEffects @ webpack-internal:///…evelopment.js:22926
commitLayoutEffectOnFiber @ webpack-internal:///…evelopment.js:21407
recursivelyTraverseLayoutEffects @ webpack-internal:///…evelopment.js:22926
commitLayoutEffectOnFiber @ webpack-internal:///…evelopment.js:21577
recursivelyTraverseLayoutEffects @ webpack-internal:///…evelopment.js:22926
commitLayoutEffectOnFiber @ webpack-internal:///…evelopment.js:21407
recursivelyTraverseLayoutEffects @ webpack-internal:///…evelopment.js:22926
commitLayoutEffectOnFiber @ webpack-internal:///…evelopment.js:21577
recursivelyTraverseLayoutEffects @ webpack-internal:///…evelopment.js:22926
commitLayoutEffectOnFiber @ webpack-internal:///…evelopment.js:21407
recursivelyTraverseLayoutEffects @ webpack-internal:///…evelopment.js:22926
commitLayoutEffectOnFiber @ webpack-internal:///…evelopment.js:21577
recursivelyTraverseLayoutEffects @ webpack-internal:///…evelopment.js:22926
commitLayoutEffectOnFiber @ webpack-internal:///…evelopment.js:21407
recursivelyTraverseLayoutEffects @ webpack-internal:///…evelopment.js:22926
commitLayoutEffectOnFiber @ webpack-internal:///…evelopment.js:21577
recursivelyTraverseLayoutEffects @ webpack-internal:///…evelopment.js:22926
commitLayoutEffectOnFiber @ webpack-internal:///…evelopment.js:21407
recursivelyTraverseLayoutEffects @ webpack-internal:///…evelopment.js:22926
commitLayoutEffectOnFiber @ webpack-internal:///…evelopment.js:21407
recursivelyTraverseLayoutEffects @ webpack-internal:///…evelopment.js:22926
commitLayoutEffectOnFiber @ webpack-internal:///…evelopment.js:21488
recursivelyTraverseLayoutEffects @ webpack-internal:///…evelopment.js:22926
commitLayoutEffectOnFiber @ webpack-internal:///…evelopment.js:21488
recursivelyTraverseLayoutEffects @ webpack-internal:///…evelopment.js:22926
commitLayoutEffectOnFiber @ webpack-internal:///…evelopment.js:21577
recursivelyTraverseLayoutEffects @ webpack-internal:///…evelopment.js:22926
commitLayoutEffectOnFiber @ webpack-internal:///…evelopment.js:21577
recursivelyTraverseLayoutEffects @ webpack-internal:///…evelopment.js:22926
commitLayoutEffectOnFiber @ webpack-internal:///…evelopment.js:21418
recursivelyTraverseLayoutEffects @ webpack-internal:///…evelopment.js:22926
commitLayoutEffectOnFiber @ webpack-internal:///…evelopment.js:21407
recursivelyTraverseLayoutEffects @ webpack-internal:///…evelopment.js:22926
commitLayoutEffectOnFiber @ webpack-internal:///…evelopment.js:21577
recursivelyTraverseLayoutEffects @ webpack-internal:///…evelopment.js:22926
commitLayoutEffectOnFiber @ webpack-internal:///…evelopment.js:21418
recursivelyTraverseLayoutEffects @ webpack-internal:///…evelopment.js:22926
commitLayoutEffectOnFiber @ webpack-internal:///…evelopment.js:21407
recursivelyTraverseLayoutEffects @ webpack-internal:///…evelopment.js:22926
commitLayoutEffectOnFiber @ webpack-internal:///…evelopment.js:21407
recursivelyTraverseLayoutEffects @ webpack-internal:///…evelopment.js:22926
commitLayoutEffectOnFiber @ webpack-internal:///…evelopment.js:21418
recursivelyTraverseLayoutEffects @ webpack-internal:///…evelopment.js:22926
commitLayoutEffectOnFiber @ webpack-internal:///…evelopment.js:21407
recursivelyTraverseLayoutEffects @ webpack-internal:///…evelopment.js:22926
commitLayoutEffectOnFiber @ webpack-internal:///…evelopment.js:21577
recursivelyTraverseLayoutEffects @ webpack-internal:///…evelopment.js:22926
commitLayoutEffectOnFiber @ webpack-internal:///…evelopment.js:21577
recursivelyTraverseLayoutEffects @ webpack-internal:///…evelopment.js:22926
commitLayoutEffectOnFiber @ webpack-internal:///…evelopment.js:21577
recursivelyTraverseLayoutEffects @ webpack-internal:///…evelopment.js:22926
commitLayoutEffectOnFiber @ webpack-internal:///…evelopment.js:21577
recursivelyTraverseLayoutEffects @ webpack-internal:///…evelopment.js:22926
commitLayoutEffectOnFiber @ webpack-internal:///…evelopment.js:21577
recursivelyTraverseLayoutEffects @ webpack-internal:///…evelopment.js:22926
commitLayoutEffectOnFiber @ webpack-internal:///…evelopment.js:21577
recursivelyTraverseLayoutEffects @ webpack-internal:///…evelopment.js:22926
commitLayoutEffectOnFiber @ webpack-internal:///…evelopment.js:21407
recursivelyTraverseLayoutEffects @ webpack-internal:///…evelopment.js:22926
commitLayoutEffectOnFiber @ webpack-internal:///…evelopment.js:21418
recursivelyTraverseLayoutEffects @ webpack-internal:///…evelopment.js:22926
commitLayoutEffectOnFiber @ webpack-internal:///…evelopment.js:21407
recursivelyTraverseLayoutEffects @ webpack-internal:///…evelopment.js:22926
commitLayoutEffectOnFiber @ webpack-internal:///…evelopment.js:21407
recursivelyTraverseLayoutEffects @ webpack-internal:///…evelopment.js:22926
commitLayoutEffectOnFiber @ webpack-internal:///…evelopment.js:21407
recursivelyTraverseLayoutEffects @ webpack-internal:///…evelopment.js:22926
commitLayoutEffectOnFiber @ webpack-internal:///…evelopment.js:21407
recursivelyTraverseLayoutEffects @ webpack-internal:///…evelopment.js:22926
commitLayoutEffectOnFiber @ webpack-internal:///…evelopment.js:21577
recursivelyTraverseLayoutEffects @ webpack-internal:///…evelopment.js:22926
commitLayoutEffectOnFiber @ webpack-internal:///…evelopment.js:21577
recursivelyTraverseLayoutEffects @ webpack-internal:///…evelopment.js:22926
commitLayoutEffectOnFiber @ webpack-internal:///…evelopment.js:21577
recursivelyTraverseLayoutEffects @ webpack-internal:///…evelopment.js:22926
commitLayoutEffectOnFiber @ webpack-internal:///…evelopment.js:21437
commitLayoutEffects @ webpack-internal:///…evelopment.js:22912
commitRootImpl @ webpack-internal:///…evelopment.js:26226
commitRoot @ webpack-internal:///…evelopment.js:26077
commitRootWhenReady @ webpack-internal:///…evelopment.js:24749
finishConcurrentRender @ webpack-internal:///…evelopment.js:24714
performConcurrentWorkOnRoot @ webpack-internal:///…evelopment.js:24559
workLoop @ webpack-internal:///….development.js:256
flushWork @ webpack-internal:///….development.js:225
performWorkUntilDeadline @ webpack-internal:///….development.js:534
15:56:40.971  [CallModal] 🔄 Waiting for stream to become active for cmeifml0h001okung0i95m8s6
15:56:40.979  [VoiceActivity] Effect triggered: {hasStream: true, streamId: '34fa4aea-da9c-415d-afda-d1f0034b119c', audioTracks: 0, threshold: -40}
15:56:40.979  [VoiceActivity] No audio tracks in stream, cleaning up
15:56:40.980  [VoiceActivity] Effect triggered: {hasStream: true, streamId: '34fa4aea-da9c-415d-afda-d1f0034b119c', audioTracks: 0, threshold: -40}
15:56:40.980  [VoiceActivity] No audio tracks in stream, cleaning up
15:56:40.980  [CallModal] Rendered - voice call opened
15:56:40.981  [CallModal] Rendered - voice call opened
15:56:41.259  [CallModal] Rendered - voice call opened
15:56:41.260  [CallModal] Rendered - voice call opened
15:56:41.264  [VoiceParticipant] Tester voice activity debug: {participantId: 'cmeifml0h001okung0i95m8s6', hasOriginalStream: true, hasLatestStream: true, streamActive: false, audioTracksCount: 0, …}
15:56:41.266  [CallModal] 🔊 Setting up audio element for participant cmeifml0h001okung0i95m8s6
15:56:41.266  [CallModal] Stream details: {id: '34fa4aea-da9c-415d-afda-d1f0034b119c', active: false, audioTracks: Array(0)}
15:56:41.267  [CallModal] Previous audio element for cmeifml0h001okung0i95m8s6: false
15:56:41.268  [CallModal] Cleared previous srcObject for cmeifml0h001okung0i95m8s6
15:56:41.269  [CallModal] 🔄 Stream not ready, waiting...
15:56:41.269  [CallModal] ❌ Initial audio play failed for cmeifml0h001okung0i95m8s6: 
attemptPlay @ webpack-internal:///…/CallModal.tsx:3124
ref @ webpack-internal:///…/CallModal.tsx:3158
commitAttachRef @ webpack-internal:///…evelopment.js:21677
safelyAttachRef @ webpack-internal:///…evelopment.js:20803
commitLayoutEffectOnFiber @ webpack-internal:///…evelopment.js:21498
recursivelyTraverseLayoutEffects @ webpack-internal:///…evelopment.js:22926
commitLayoutEffectOnFiber @ webpack-internal:///…evelopment.js:21577
recursivelyTraverseLayoutEffects @ webpack-internal:///…evelopment.js:22926
commitLayoutEffectOnFiber @ webpack-internal:///…evelopment.js:21488
recursivelyTraverseLayoutEffects @ webpack-internal:///…evelopment.js:22926
commitLayoutEffectOnFiber @ webpack-internal:///…evelopment.js:21488
recursivelyTraverseLayoutEffects @ webpack-internal:///…evelopment.js:22926
commitLayoutEffectOnFiber @ webpack-internal:///…evelopment.js:21488
recursivelyTraverseLayoutEffects @ webpack-internal:///…evelopment.js:22926
commitLayoutEffectOnFiber @ webpack-internal:///…evelopment.js:21488
recursivelyTraverseLayoutEffects @ webpack-internal:///…evelopment.js:22926
commitLayoutEffectOnFiber @ webpack-internal:///…evelopment.js:21407
recursivelyTraverseLayoutEffects @ webpack-internal:///…evelopment.js:22926
commitLayoutEffectOnFiber @ webpack-internal:///…evelopment.js:21407
recursivelyTraverseLayoutEffects @ webpack-internal:///…evelopment.js:22926
commitLayoutEffectOnFiber @ webpack-internal:///…evelopment.js:21577
recursivelyTraverseLayoutEffects @ webpack-internal:///…evelopment.js:22926
commitLayoutEffectOnFiber @ webpack-internal:///…evelopment.js:21407
recursivelyTraverseLayoutEffects @ webpack-internal:///…evelopment.js:22926
commitLayoutEffectOnFiber @ webpack-internal:///…evelopment.js:21577
recursivelyTraverseLayoutEffects @ webpack-internal:///…evelopment.js:22926
commitLayoutEffectOnFiber @ webpack-internal:///…evelopment.js:21407
recursivelyTraverseLayoutEffects @ webpack-internal:///…evelopment.js:22926
commitLayoutEffectOnFiber @ webpack-internal:///…evelopment.js:21577
recursivelyTraverseLayoutEffects @ webpack-internal:///…evelopment.js:22926
commitLayoutEffectOnFiber @ webpack-internal:///…evelopment.js:21407
recursivelyTraverseLayoutEffects @ webpack-internal:///…evelopment.js:22926
commitLayoutEffectOnFiber @ webpack-internal:///…evelopment.js:21577
recursivelyTraverseLayoutEffects @ webpack-internal:///…evelopment.js:22926
commitLayoutEffectOnFiber @ webpack-internal:///…evelopment.js:21407
recursivelyTraverseLayoutEffects @ webpack-internal:///…evelopment.js:22926
commitLayoutEffectOnFiber @ webpack-internal:///…evelopment.js:21407
recursivelyTraverseLayoutEffects @ webpack-internal:///…evelopment.js:22926
commitLayoutEffectOnFiber @ webpack-internal:///…evelopment.js:21488
recursivelyTraverseLayoutEffects @ webpack-internal:///…evelopment.js:22926
commitLayoutEffectOnFiber @ webpack-internal:///…evelopment.js:21488
recursivelyTraverseLayoutEffects @ webpack-internal:///…evelopment.js:22926
commitLayoutEffectOnFiber @ webpack-internal:///…evelopment.js:21577
recursivelyTraverseLayoutEffects @ webpack-internal:///…evelopment.js:22926
commitLayoutEffectOnFiber @ webpack-internal:///…evelopment.js:21577
recursivelyTraverseLayoutEffects @ webpack-internal:///…evelopment.js:22926
commitLayoutEffectOnFiber @ webpack-internal:///…evelopment.js:21418
recursivelyTraverseLayoutEffects @ webpack-internal:///…evelopment.js:22926
commitLayoutEffectOnFiber @ webpack-internal:///…evelopment.js:21407
recursivelyTraverseLayoutEffects @ webpack-internal:///…evelopment.js:22926
commitLayoutEffectOnFiber @ webpack-internal:///…evelopment.js:21577
recursivelyTraverseLayoutEffects @ webpack-internal:///…evelopment.js:22926
commitLayoutEffectOnFiber @ webpack-internal:///…evelopment.js:21418
recursivelyTraverseLayoutEffects @ webpack-internal:///…evelopment.js:22926
commitLayoutEffectOnFiber @ webpack-internal:///…evelopment.js:21407
recursivelyTraverseLayoutEffects @ webpack-internal:///…evelopment.js:22926
commitLayoutEffectOnFiber @ webpack-internal:///…evelopment.js:21407
recursivelyTraverseLayoutEffects @ webpack-internal:///…evelopment.js:22926
commitLayoutEffectOnFiber @ webpack-internal:///…evelopment.js:21418
recursivelyTraverseLayoutEffects @ webpack-internal:///…evelopment.js:22926
commitLayoutEffectOnFiber @ webpack-internal:///…evelopment.js:21407
recursivelyTraverseLayoutEffects @ webpack-internal:///…evelopment.js:22926
commitLayoutEffectOnFiber @ webpack-internal:///…evelopment.js:21577
recursivelyTraverseLayoutEffects @ webpack-internal:///…evelopment.js:22926
commitLayoutEffectOnFiber @ webpack-internal:///…evelopment.js:21577
recursivelyTraverseLayoutEffects @ webpack-internal:///…evelopment.js:22926
commitLayoutEffectOnFiber @ webpack-internal:///…evelopment.js:21577
recursivelyTraverseLayoutEffects @ webpack-internal:///…evelopment.js:22926
commitLayoutEffectOnFiber @ webpack-internal:///…evelopment.js:21577
recursivelyTraverseLayoutEffects @ webpack-internal:///…evelopment.js:22926
commitLayoutEffectOnFiber @ webpack-internal:///…evelopment.js:21577
recursivelyTraverseLayoutEffects @ webpack-internal:///…evelopment.js:22926
commitLayoutEffectOnFiber @ webpack-internal:///…evelopment.js:21577
recursivelyTraverseLayoutEffects @ webpack-internal:///…evelopment.js:22926
commitLayoutEffectOnFiber @ webpack-internal:///…evelopment.js:21407
recursivelyTraverseLayoutEffects @ webpack-internal:///…evelopment.js:22926
commitLayoutEffectOnFiber @ webpack-internal:///…evelopment.js:21418
recursivelyTraverseLayoutEffects @ webpack-internal:///…evelopment.js:22926
commitLayoutEffectOnFiber @ webpack-internal:///…evelopment.js:21407
recursivelyTraverseLayoutEffects @ webpack-internal:///…evelopment.js:22926
commitLayoutEffectOnFiber @ webpack-internal:///…evelopment.js:21407
recursivelyTraverseLayoutEffects @ webpack-internal:///…evelopment.js:22926
commitLayoutEffectOnFiber @ webpack-internal:///…evelopment.js:21407
recursivelyTraverseLayoutEffects @ webpack-internal:///…evelopment.js:22926
commitLayoutEffectOnFiber @ webpack-internal:///…evelopment.js:21407
recursivelyTraverseLayoutEffects @ webpack-internal:///…evelopment.js:22926
commitLayoutEffectOnFiber @ webpack-internal:///…evelopment.js:21577
recursivelyTraverseLayoutEffects @ webpack-internal:///…evelopment.js:22926
commitLayoutEffectOnFiber @ webpack-internal:///…evelopment.js:21577
recursivelyTraverseLayoutEffects @ webpack-internal:///…evelopment.js:22926
commitLayoutEffectOnFiber @ webpack-internal:///…evelopment.js:21577
recursivelyTraverseLayoutEffects @ webpack-internal:///…evelopment.js:22926
commitLayoutEffectOnFiber @ webpack-internal:///…evelopment.js:21437
commitLayoutEffects @ webpack-internal:///…evelopment.js:22912
commitRootImpl @ webpack-internal:///…evelopment.js:26226
commitRoot @ webpack-internal:///…evelopment.js:26077
commitRootWhenReady @ webpack-internal:///…evelopment.js:24749
finishConcurrentRender @ webpack-internal:///…evelopment.js:24714
performConcurrentWorkOnRoot @ webpack-internal:///…evelopment.js:24559
workLoop @ webpack-internal:///….development.js:256
flushWork @ webpack-internal:///….development.js:225
performWorkUntilDeadline @ webpack-internal:///….development.js:534
15:56:41.269  [CallModal] 🔄 Waiting for stream to become active for cmeifml0h001okung0i95m8s6
15:56:41.272  [VoiceActivity] Effect triggered: {hasStream: true, streamId: '34fa4aea-da9c-415d-afda-d1f0034b119c', audioTracks: 0, threshold: -40}
15:56:41.272  [VoiceActivity] No audio tracks in stream, cleaning up
15:56:41.272  [VoiceActivity] Effect triggered: {hasStream: true, streamId: '34fa4aea-da9c-415d-afda-d1f0034b119c', audioTracks: 0, threshold: -40}
15:56:41.272  [VoiceActivity] No audio tracks in stream, cleaning up
15:56:41.273  [CallModal] Rendered - voice call opened
15:56:41.273  [CallModal] Rendered - voice call opened
15:56:41.473  [VoiceActivity] Volume analysis: {average: '4.6', volume: '-34.9', threshold: -50, speaking: false, streamActive: true, …}
15:56:41.645  [VoiceActivity] Volume analysis: {average: '5.2', volume: '-33.8', threshold: -50, speaking: false, streamActive: true, …}
15:56:42.036  [VoiceActivity] Volume analysis: {average: '4.6', volume: '-34.9', threshold: -50, speaking: false, streamActive: true, …}
15:56:42.259  [CallModal] Skipping connection verification - no WebRTC or participants
15:56:42.260  [CallModal] Rendered - voice call opened
15:56:42.260  [CallModal] Rendered - voice call opened
15:56:42.261  [VoiceParticipant] Tester voice activity debug: {participantId: 'cmeifml0h001okung0i95m8s6', hasOriginalStream: true, hasLatestStream: true, streamActive: false, audioTracksCount: 0, …}
15:56:42.263  [CallModal] 🔊 Setting up audio element for participant cmeifml0h001okung0i95m8s6
15:56:42.263  [CallModal] Stream details: {id: '34fa4aea-da9c-415d-afda-d1f0034b119c', active: false, audioTracks: Array(0)}
15:56:42.263  [CallModal] Previous audio element for cmeifml0h001okung0i95m8s6: false
15:56:42.265  [CallModal] Cleared previous srcObject for cmeifml0h001okung0i95m8s6
15:56:42.266  [CallModal] 🔄 Stream not ready, waiting...
15:56:42.266  [CallModal] ❌ Initial audio play failed for cmeifml0h001okung0i95m8s6: 
attemptPlay @ webpack-internal:///…/CallModal.tsx:3124
ref @ webpack-internal:///…/CallModal.tsx:3158
commitAttachRef @ webpack-internal:///…evelopment.js:21677
safelyAttachRef @ webpack-internal:///…evelopment.js:20803
commitLayoutEffectOnFiber @ webpack-internal:///…evelopment.js:21498
recursivelyTraverseLayoutEffects @ webpack-internal:///…evelopment.js:22926
commitLayoutEffectOnFiber @ webpack-internal:///…evelopment.js:21577
recursivelyTraverseLayoutEffects @ webpack-internal:///…evelopment.js:22926
commitLayoutEffectOnFiber @ webpack-internal:///…evelopment.js:21488
recursivelyTraverseLayoutEffects @ webpack-internal:///…evelopment.js:22926
commitLayoutEffectOnFiber @ webpack-internal:///…evelopment.js:21488
recursivelyTraverseLayoutEffects @ webpack-internal:///…evelopment.js:22926
commitLayoutEffectOnFiber @ webpack-internal:///…evelopment.js:21488
recursivelyTraverseLayoutEffects @ webpack-internal:///…evelopment.js:22926
commitLayoutEffectOnFiber @ webpack-internal:///…evelopment.js:21488
recursivelyTraverseLayoutEffects @ webpack-internal:///…evelopment.js:22926
commitLayoutEffectOnFiber @ webpack-internal:///…evelopment.js:21407
recursivelyTraverseLayoutEffects @ webpack-internal:///…evelopment.js:22926
commitLayoutEffectOnFiber @ webpack-internal:///…evelopment.js:21407
recursivelyTraverseLayoutEffects @ webpack-internal:///…evelopment.js:22926
commitLayoutEffectOnFiber @ webpack-internal:///…evelopment.js:21577
recursivelyTraverseLayoutEffects @ webpack-internal:///…evelopment.js:22926
commitLayoutEffectOnFiber @ webpack-internal:///…evelopment.js:21407
recursivelyTraverseLayoutEffects @ webpack-internal:///…evelopment.js:22926
commitLayoutEffectOnFiber @ webpack-internal:///…evelopment.js:21577
recursivelyTraverseLayoutEffects @ webpack-internal:///…evelopment.js:22926
commitLayoutEffectOnFiber @ webpack-internal:///…evelopment.js:21407
recursivelyTraverseLayoutEffects @ webpack-internal:///…evelopment.js:22926
commitLayoutEffectOnFiber @ webpack-internal:///…evelopment.js:21577
recursivelyTraverseLayoutEffects @ webpack-internal:///…evelopment.js:22926
commitLayoutEffectOnFiber @ webpack-internal:///…evelopment.js:21407
recursivelyTraverseLayoutEffects @ webpack-internal:///…evelopment.js:22926
commitLayoutEffectOnFiber @ webpack-internal:///…evelopment.js:21577
recursivelyTraverseLayoutEffects @ webpack-internal:///…evelopment.js:22926
commitLayoutEffectOnFiber @ webpack-internal:///…evelopment.js:21407
recursivelyTraverseLayoutEffects @ webpack-internal:///…evelopment.js:22926
commitLayoutEffectOnFiber @ webpack-internal:///…evelopment.js:21407
recursivelyTraverseLayoutEffects @ webpack-internal:///…evelopment.js:22926
commitLayoutEffectOnFiber @ webpack-internal:///…evelopment.js:21488
recursivelyTraverseLayoutEffects @ webpack-internal:///…evelopment.js:22926
commitLayoutEffectOnFiber @ webpack-internal:///…evelopment.js:21488
recursivelyTraverseLayoutEffects @ webpack-internal:///…evelopment.js:22926
commitLayoutEffectOnFiber @ webpack-internal:///…evelopment.js:21577
recursivelyTraverseLayoutEffects @ webpack-internal:///…evelopment.js:22926
commitLayoutEffectOnFiber @ webpack-internal:///…evelopment.js:21577
recursivelyTraverseLayoutEffects @ webpack-internal:///…evelopment.js:22926
commitLayoutEffectOnFiber @ webpack-internal:///…evelopment.js:21418
recursivelyTraverseLayoutEffects @ webpack-internal:///…evelopment.js:22926
commitLayoutEffectOnFiber @ webpack-internal:///…evelopment.js:21407
recursivelyTraverseLayoutEffects @ webpack-internal:///…evelopment.js:22926
commitLayoutEffectOnFiber @ webpack-internal:///…evelopment.js:21577
recursivelyTraverseLayoutEffects @ webpack-internal:///…evelopment.js:22926
commitLayoutEffectOnFiber @ webpack-internal:///…evelopment.js:21418
recursivelyTraverseLayoutEffects @ webpack-internal:///…evelopment.js:22926
commitLayoutEffectOnFiber @ webpack-internal:///…evelopment.js:21407
recursivelyTraverseLayoutEffects @ webpack-internal:///…evelopment.js:22926
commitLayoutEffectOnFiber @ webpack-internal:///…evelopment.js:21407
recursivelyTraverseLayoutEffects @ webpack-internal:///…evelopment.js:22926
commitLayoutEffectOnFiber @ webpack-internal:///…evelopment.js:21418
recursivelyTraverseLayoutEffects @ webpack-internal:///…evelopment.js:22926
commitLayoutEffectOnFiber @ webpack-internal:///…evelopment.js:21407
recursivelyTraverseLayoutEffects @ webpack-internal:///…evelopment.js:22926
commitLayoutEffectOnFiber @ webpack-internal:///…evelopment.js:21577
recursivelyTraverseLayoutEffects @ webpack-internal:///…evelopment.js:22926
commitLayoutEffectOnFiber @ webpack-internal:///…evelopment.js:21577
recursivelyTraverseLayoutEffects @ webpack-internal:///…evelopment.js:22926
commitLayoutEffectOnFiber @ webpack-internal:///…evelopment.js:21577
recursivelyTraverseLayoutEffects @ webpack-internal:///…evelopment.js:22926
commitLayoutEffectOnFiber @ webpack-internal:///…evelopment.js:21577
recursivelyTraverseLayoutEffects @ webpack-internal:///…evelopment.js:22926
commitLayoutEffectOnFiber @ webpack-internal:///…evelopment.js:21577
recursivelyTraverseLayoutEffects @ webpack-internal:///…evelopment.js:22926
commitLayoutEffectOnFiber @ webpack-internal:///…evelopment.js:21577
recursivelyTraverseLayoutEffects @ webpack-internal:///…evelopment.js:22926
commitLayoutEffectOnFiber @ webpack-internal:///…evelopment.js:21407
recursivelyTraverseLayoutEffects @ webpack-internal:///…evelopment.js:22926
commitLayoutEffectOnFiber @ webpack-internal:///…evelopment.js:21418
recursivelyTraverseLayoutEffects @ webpack-internal:///…evelopment.js:22926
commitLayoutEffectOnFiber @ webpack-internal:///…evelopment.js:21407
recursivelyTraverseLayoutEffects @ webpack-internal:///…evelopment.js:22926
commitLayoutEffectOnFiber @ webpack-internal:///…evelopment.js:21407
recursivelyTraverseLayoutEffects @ webpack-internal:///…evelopment.js:22926
commitLayoutEffectOnFiber @ webpack-internal:///…evelopment.js:21407
recursivelyTraverseLayoutEffects @ webpack-internal:///…evelopment.js:22926
commitLayoutEffectOnFiber @ webpack-internal:///…evelopment.js:21407
recursivelyTraverseLayoutEffects @ webpack-internal:///…evelopment.js:22926
commitLayoutEffectOnFiber @ webpack-internal:///…evelopment.js:21577
recursivelyTraverseLayoutEffects @ webpack-internal:///…evelopment.js:22926
commitLayoutEffectOnFiber @ webpack-internal:///…evelopment.js:21577
recursivelyTraverseLayoutEffects @ webpack-internal:///…evelopment.js:22926
commitLayoutEffectOnFiber @ webpack-internal:///…evelopment.js:21577
recursivelyTraverseLayoutEffects @ webpack-internal:///…evelopment.js:22926
commitLayoutEffectOnFiber @ webpack-internal:///…evelopment.js:21437
commitLayoutEffects @ webpack-internal:///…evelopment.js:22912
commitRootImpl @ webpack-internal:///…evelopment.js:26226
commitRoot @ webpack-internal:///…evelopment.js:26077
commitRootWhenReady @ webpack-internal:///…evelopment.js:24749
finishConcurrentRender @ webpack-internal:///…evelopment.js:24714
performConcurrentWorkOnRoot @ webpack-internal:///…evelopment.js:24559
workLoop @ webpack-internal:///….development.js:256
flushWork @ webpack-internal:///….development.js:225
performWorkUntilDeadline @ webpack-internal:///….development.js:534
15:56:42.266  [CallModal] 🔄 Waiting for stream to become active for cmeifml0h001okung0i95m8s6
15:56:42.269  [VoiceActivity] Effect triggered: {hasStream: true, streamId: '34fa4aea-da9c-415d-afda-d1f0034b119c', audioTracks: 0, threshold: -40}
15:56:42.270  [VoiceActivity] No audio tracks in stream, cleaning up
15:56:42.270  [VoiceActivity] Effect triggered: {hasStream: true, streamId: '34fa4aea-da9c-415d-afda-d1f0034b119c', audioTracks: 0, threshold: -40}
15:56:42.270  [VoiceActivity] No audio tracks in stream, cleaning up
15:56:42.270  [CallModal] Rendered - voice call opened
15:56:42.271  [CallModal] Rendered - voice call opened
15:56:42.467  NotificationContext: Page visibility changed to: false
15:56:42.467  SocketContext: Tab became hidden, maintaining aggressive background connection
15:56:42.473  🏠 ChatWindow mounted/re-rendered with conversationId: null
15:56:42.473  🏠 ChatWindow mounted/re-rendered with conversationId: null
15:56:42.474  🧹 GlobalNotificationListener: Cleaning up socket listener for new-notification
15:56:42.474  🌐 GlobalNotificationListener: useEffect triggered {hasSocket: true, hasSession: true, socketConnected: true, socketId: 'iNfQGURQisw8eZaxAAAH'}
15:56:42.474  🚀 GlobalNotificationListener: Setting up global socket listeners for user: cmeumah180000kuygq63oa1qx
15:56:42.475  🔄 GlobalNotificationListener: Re-emitted join-user-room for safety
15:56:42.475  ✅ GlobalNotificationListener: Socket listener registered for new-notification events
15:56:42.561  Updated online status for user cmeifn5qp002dkunge64m0xss in conversation cmew64hqq0008kud8i3zywuwd
15:56:42.561  🏠 ChatWindow mounted/re-rendered with conversationId: null
15:56:42.561  Updated online status for user cmeifn5qp002dkunge64m0xss in conversation cmfbwdnf60000kuzg41ovkra2
15:56:42.561  🏠 ChatWindow mounted/re-rendered with conversationId: null
15:56:42.562  Updated online status for user cmeifn5qp002dkunge64m0xss in conversation cmew64hqq0008kud8i3zywuwd
15:56:42.562  [CallModal] Rendered - voice call opened
15:56:42.562  [CallModal] Rendered - voice call opened
15:56:42.563  [VoiceParticipant] Tester voice activity debug: {participantId: 'cmeifml0h001okung0i95m8s6', hasOriginalStream: true, hasLatestStream: true, streamActive: false, audioTracksCount: 0, …}
15:56:42.566  [CallModal] 🔊 Setting up audio element for participant cmeifml0h001okung0i95m8s6
15:56:42.567  [CallModal] Stream details: {id: '34fa4aea-da9c-415d-afda-d1f0034b119c', active: false, audioTracks: Array(0)}
15:56:42.567  [CallModal] Previous audio element for cmeifml0h001okung0i95m8s6: false
15:56:42.569  [CallModal] Cleared previous srcObject for cmeifml0h001okung0i95m8s6
15:56:42.570  [CallModal] 🔄 Stream not ready, waiting...
15:56:42.579  [CallModal] ❌ Initial audio play failed for cmeifml0h001okung0i95m8s6: 
attemptPlay @ webpack-internal:///…/CallModal.tsx:3124
ref @ webpack-internal:///…/CallModal.tsx:3158
commitAttachRef @ webpack-internal:///…evelopment.js:21677
safelyAttachRef @ webpack-internal:///…evelopment.js:20803
commitLayoutEffectOnFiber @ webpack-internal:///…evelopment.js:21498
recursivelyTraverseLayoutEffects @ webpack-internal:///…evelopment.js:22926
commitLayoutEffectOnFiber @ webpack-internal:///…evelopment.js:21577
recursivelyTraverseLayoutEffects @ webpack-internal:///…evelopment.js:22926
commitLayoutEffectOnFiber @ webpack-internal:///…evelopment.js:21488
recursivelyTraverseLayoutEffects @ webpack-internal:///…evelopment.js:22926
commitLayoutEffectOnFiber @ webpack-internal:///…evelopment.js:21488
recursivelyTraverseLayoutEffects @ webpack-internal:///…evelopment.js:22926
commitLayoutEffectOnFiber @ webpack-internal:///…evelopment.js:21488
recursivelyTraverseLayoutEffects @ webpack-internal:///…evelopment.js:22926
commitLayoutEffectOnFiber @ webpack-internal:///…evelopment.js:21488
recursivelyTraverseLayoutEffects @ webpack-internal:///…evelopment.js:22926
commitLayoutEffectOnFiber @ webpack-internal:///…evelopment.js:21407
recursivelyTraverseLayoutEffects @ webpack-internal:///…evelopment.js:22926
commitLayoutEffectOnFiber @ webpack-internal:///…evelopment.js:21407
recursivelyTraverseLayoutEffects @ webpack-internal:///…evelopment.js:22926
commitLayoutEffectOnFiber @ webpack-internal:///…evelopment.js:21577
recursivelyTraverseLayoutEffects @ webpack-internal:///…evelopment.js:22926
commitLayoutEffectOnFiber @ webpack-internal:///…evelopment.js:21407
recursivelyTraverseLayoutEffects @ webpack-internal:///…evelopment.js:22926
commitLayoutEffectOnFiber @ webpack-internal:///…evelopment.js:21577
recursivelyTraverseLayoutEffects @ webpack-internal:///…evelopment.js:22926
commitLayoutEffectOnFiber @ webpack-internal:///…evelopment.js:21407
recursivelyTraverseLayoutEffects @ webpack-internal:///…evelopment.js:22926
commitLayoutEffectOnFiber @ webpack-internal:///…evelopment.js:21577
recursivelyTraverseLayoutEffects @ webpack-internal:///…evelopment.js:22926
commitLayoutEffectOnFiber @ webpack-internal:///…evelopment.js:21407
recursivelyTraverseLayoutEffects @ webpack-internal:///…evelopment.js:22926
commitLayoutEffectOnFiber @ webpack-internal:///…evelopment.js:21577
recursivelyTraverseLayoutEffects @ webpack-internal:///…evelopment.js:22926
commitLayoutEffectOnFiber @ webpack-internal:///…evelopment.js:21407
recursivelyTraverseLayoutEffects @ webpack-internal:///…evelopment.js:22926
commitLayoutEffectOnFiber @ webpack-internal:///…evelopment.js:21407
recursivelyTraverseLayoutEffects @ webpack-internal:///…evelopment.js:22926
commitLayoutEffectOnFiber @ webpack-internal:///…evelopment.js:21488
recursivelyTraverseLayoutEffects @ webpack-internal:///…evelopment.js:22926
commitLayoutEffectOnFiber @ webpack-internal:///…evelopment.js:21488
recursivelyTraverseLayoutEffects @ webpack-internal:///…evelopment.js:22926
commitLayoutEffectOnFiber @ webpack-internal:///…evelopment.js:21577
recursivelyTraverseLayoutEffects @ webpack-internal:///…evelopment.js:22926
commitLayoutEffectOnFiber @ webpack-internal:///…evelopment.js:21577
recursivelyTraverseLayoutEffects @ webpack-internal:///…evelopment.js:22926
commitLayoutEffectOnFiber @ webpack-internal:///…evelopment.js:21418
recursivelyTraverseLayoutEffects @ webpack-internal:///…evelopment.js:22926
commitLayoutEffectOnFiber @ webpack-internal:///…evelopment.js:21407
recursivelyTraverseLayoutEffects @ webpack-internal:///…evelopment.js:22926
commitLayoutEffectOnFiber @ webpack-internal:///…evelopment.js:21577
recursivelyTraverseLayoutEffects @ webpack-internal:///…evelopment.js:22926
commitLayoutEffectOnFiber @ webpack-internal:///…evelopment.js:21418
recursivelyTraverseLayoutEffects @ webpack-internal:///…evelopment.js:22926
commitLayoutEffectOnFiber @ webpack-internal:///…evelopment.js:21407
recursivelyTraverseLayoutEffects @ webpack-internal:///…evelopment.js:22926
commitLayoutEffectOnFiber @ webpack-internal:///…evelopment.js:21407
recursivelyTraverseLayoutEffects @ webpack-internal:///…evelopment.js:22926
commitLayoutEffectOnFiber @ webpack-internal:///…evelopment.js:21418
recursivelyTraverseLayoutEffects @ webpack-internal:///…evelopment.js:22926
commitLayoutEffectOnFiber @ webpack-internal:///…evelopment.js:21407
recursivelyTraverseLayoutEffects @ webpack-internal:///…evelopment.js:22926
commitLayoutEffectOnFiber @ webpack-internal:///…evelopment.js:21577
recursivelyTraverseLayoutEffects @ webpack-internal:///…evelopment.js:22926
commitLayoutEffectOnFiber @ webpack-internal:///…evelopment.js:21577
recursivelyTraverseLayoutEffects @ webpack-internal:///…evelopment.js:22926
commitLayoutEffectOnFiber @ webpack-internal:///…evelopment.js:21577
recursivelyTraverseLayoutEffects @ webpack-internal:///…evelopment.js:22926
commitLayoutEffectOnFiber @ webpack-internal:///…evelopment.js:21577
recursivelyTraverseLayoutEffects @ webpack-internal:///…evelopment.js:22926
commitLayoutEffectOnFiber @ webpack-internal:///…evelopment.js:21577
recursivelyTraverseLayoutEffects @ webpack-internal:///…evelopment.js:22926
commitLayoutEffectOnFiber @ webpack-internal:///…evelopment.js:21577
recursivelyTraverseLayoutEffects @ webpack-internal:///…evelopment.js:22926
commitLayoutEffectOnFiber @ webpack-internal:///…evelopment.js:21407
recursivelyTraverseLayoutEffects @ webpack-internal:///…evelopment.js:22926
commitLayoutEffectOnFiber @ webpack-internal:///…evelopment.js:21418
recursivelyTraverseLayoutEffects @ webpack-internal:///…evelopment.js:22926
commitLayoutEffectOnFiber @ webpack-internal:///…evelopment.js:21407
recursivelyTraverseLayoutEffects @ webpack-internal:///…evelopment.js:22926
commitLayoutEffectOnFiber @ webpack-internal:///…evelopment.js:21407
recursivelyTraverseLayoutEffects @ webpack-internal:///…evelopment.js:22926
commitLayoutEffectOnFiber @ webpack-internal:///…evelopment.js:21407
recursivelyTraverseLayoutEffects @ webpack-internal:///…evelopment.js:22926
commitLayoutEffectOnFiber @ webpack-internal:///…evelopment.js:21407
recursivelyTraverseLayoutEffects @ webpack-internal:///…evelopment.js:22926
commitLayoutEffectOnFiber @ webpack-internal:///…evelopment.js:21577
recursivelyTraverseLayoutEffects @ webpack-internal:///…evelopment.js:22926
commitLayoutEffectOnFiber @ webpack-internal:///…evelopment.js:21577
recursivelyTraverseLayoutEffects @ webpack-internal:///…evelopment.js:22926
commitLayoutEffectOnFiber @ webpack-internal:///…evelopment.js:21577
recursivelyTraverseLayoutEffects @ webpack-internal:///…evelopment.js:22926
commitLayoutEffectOnFiber @ webpack-internal:///…evelopment.js:21437
commitLayoutEffects @ webpack-internal:///…evelopment.js:22912
commitRootImpl @ webpack-internal:///…evelopment.js:26226
commitRoot @ webpack-internal:///…evelopment.js:26077
commitRootWhenReady @ webpack-internal:///…evelopment.js:24749
finishConcurrentRender @ webpack-internal:///…evelopment.js:24714
performConcurrentWorkOnRoot @ webpack-internal:///…evelopment.js:24559
workLoop @ webpack-internal:///….development.js:256
flushWork @ webpack-internal:///….development.js:225
performWorkUntilDeadline @ webpack-internal:///….development.js:534
15:56:42.579  [CallModal] 🔄 Waiting for stream to become active for cmeifml0h001okung0i95m8s6
15:56:42.581  ChatSidebar: Conversations updated, count: 4
15:56:42.581  ChatSidebar: Latest conversation: cmfbwdnf60000kuzg41ovkra2 last message: cmfc8zta3000bkulfrpl6vutn
15:56:42.582  [VoiceActivity] Effect triggered: {hasStream: true, streamId: '34fa4aea-da9c-415d-afda-d1f0034b119c', audioTracks: 0, threshold: -40}
15:56:42.582  [VoiceActivity] No audio tracks in stream, cleaning up
15:56:42.583  [CallModal] Initialized active participants (excluding self): ['cmeifml0h001okung0i95m8s6']
15:56:42.583  [CallModal] Skipping connection verification - no WebRTC or participants
15:56:42.584  [VoiceActivity] Effect triggered: {hasStream: true, streamId: '34fa4aea-da9c-415d-afda-d1f0034b119c', audioTracks: 0, threshold: -40}
15:56:42.584  [VoiceActivity] No audio tracks in stream, cleaning up
15:56:42.584  [CallModal] Rendered - voice call opened
15:56:42.585  [CallModal] Rendered - voice call opened
15:56:42.585  [VoiceParticipant] Tester voice activity debug: {participantId: 'cmeifml0h001okung0i95m8s6', hasOriginalStream: true, hasLatestStream: true, streamActive: false, audioTracksCount: 0, …}
15:56:42.588  [CallModal] 🔊 Setting up audio element for participant cmeifml0h001okung0i95m8s6
15:56:42.588  [CallModal] Stream details: {id: '34fa4aea-da9c-415d-afda-d1f0034b119c', active: false, audioTracks: Array(0)}
15:56:42.588  [CallModal] Previous audio element for cmeifml0h001okung0i95m8s6: false
15:56:42.589  [CallModal] Cleared previous srcObject for cmeifml0h001okung0i95m8s6
15:56:42.590  [CallModal] 🔄 Stream not ready, waiting...
15:56:42.591  [CallModal] ❌ Initial audio play failed for cmeifml0h001okung0i95m8s6: 
attemptPlay @ webpack-internal:///…/CallModal.tsx:3124
ref @ webpack-internal:///…/CallModal.tsx:3158
commitAttachRef @ webpack-internal:///…evelopment.js:21677
safelyAttachRef @ webpack-internal:///…evelopment.js:20803
commitLayoutEffectOnFiber @ webpack-internal:///…evelopment.js:21498
recursivelyTraverseLayoutEffects @ webpack-internal:///…evelopment.js:22926
commitLayoutEffectOnFiber @ webpack-internal:///…evelopment.js:21577
recursivelyTraverseLayoutEffects @ webpack-internal:///…evelopment.js:22926
commitLayoutEffectOnFiber @ webpack-internal:///…evelopment.js:21488
recursivelyTraverseLayoutEffects @ webpack-internal:///…evelopment.js:22926
commitLayoutEffectOnFiber @ webpack-internal:///…evelopment.js:21488
recursivelyTraverseLayoutEffects @ webpack-internal:///…evelopment.js:22926
commitLayoutEffectOnFiber @ webpack-internal:///…evelopment.js:21488
recursivelyTraverseLayoutEffects @ webpack-internal:///…evelopment.js:22926
commitLayoutEffectOnFiber @ webpack-internal:///…evelopment.js:21488
recursivelyTraverseLayoutEffects @ webpack-internal:///…evelopment.js:22926
commitLayoutEffectOnFiber @ webpack-internal:///…evelopment.js:21407
recursivelyTraverseLayoutEffects @ webpack-internal:///…evelopment.js:22926
commitLayoutEffectOnFiber @ webpack-internal:///…evelopment.js:21407
recursivelyTraverseLayoutEffects @ webpack-internal:///…evelopment.js:22926
commitLayoutEffectOnFiber @ webpack-internal:///…evelopment.js:21577
recursivelyTraverseLayoutEffects @ webpack-internal:///…evelopment.js:22926
commitLayoutEffectOnFiber @ webpack-internal:///…evelopment.js:21407
recursivelyTraverseLayoutEffects @ webpack-internal:///…evelopment.js:22926
commitLayoutEffectOnFiber @ webpack-internal:///…evelopment.js:21577
recursivelyTraverseLayoutEffects @ webpack-internal:///…evelopment.js:22926
commitLayoutEffectOnFiber @ webpack-internal:///…evelopment.js:21407
recursivelyTraverseLayoutEffects @ webpack-internal:///…evelopment.js:22926
commitLayoutEffectOnFiber @ webpack-internal:///…evelopment.js:21577
recursivelyTraverseLayoutEffects @ webpack-internal:///…evelopment.js:22926
commitLayoutEffectOnFiber @ webpack-internal:///…evelopment.js:21407
recursivelyTraverseLayoutEffects @ webpack-internal:///…evelopment.js:22926
commitLayoutEffectOnFiber @ webpack-internal:///…evelopment.js:21577
recursivelyTraverseLayoutEffects @ webpack-internal:///…evelopment.js:22926
commitLayoutEffectOnFiber @ webpack-internal:///…evelopment.js:21407
recursivelyTraverseLayoutEffects @ webpack-internal:///…evelopment.js:22926
commitLayoutEffectOnFiber @ webpack-internal:///…evelopment.js:21407
recursivelyTraverseLayoutEffects @ webpack-internal:///…evelopment.js:22926
commitLayoutEffectOnFiber @ webpack-internal:///…evelopment.js:21488
recursivelyTraverseLayoutEffects @ webpack-internal:///…evelopment.js:22926
commitLayoutEffectOnFiber @ webpack-internal:///…evelopment.js:21488
recursivelyTraverseLayoutEffects @ webpack-internal:///…evelopment.js:22926
commitLayoutEffectOnFiber @ webpack-internal:///…evelopment.js:21577
recursivelyTraverseLayoutEffects @ webpack-internal:///…evelopment.js:22926
commitLayoutEffectOnFiber @ webpack-internal:///…evelopment.js:21577
recursivelyTraverseLayoutEffects @ webpack-internal:///…evelopment.js:22926
commitLayoutEffectOnFiber @ webpack-internal:///…evelopment.js:21418
recursivelyTraverseLayoutEffects @ webpack-internal:///…evelopment.js:22926
commitLayoutEffectOnFiber @ webpack-internal:///…evelopment.js:21407
recursivelyTraverseLayoutEffects @ webpack-internal:///…evelopment.js:22926
commitLayoutEffectOnFiber @ webpack-internal:///…evelopment.js:21577
recursivelyTraverseLayoutEffects @ webpack-internal:///…evelopment.js:22926
commitLayoutEffectOnFiber @ webpack-internal:///…evelopment.js:21418
recursivelyTraverseLayoutEffects @ webpack-internal:///…evelopment.js:22926
commitLayoutEffectOnFiber @ webpack-internal:///…evelopment.js:21407
recursivelyTraverseLayoutEffects @ webpack-internal:///…evelopment.js:22926
commitLayoutEffectOnFiber @ webpack-internal:///…evelopment.js:21407
recursivelyTraverseLayoutEffects @ webpack-internal:///…evelopment.js:22926
commitLayoutEffectOnFiber @ webpack-internal:///…evelopment.js:21418
recursivelyTraverseLayoutEffects @ webpack-internal:///…evelopment.js:22926
commitLayoutEffectOnFiber @ webpack-internal:///…evelopment.js:21407
recursivelyTraverseLayoutEffects @ webpack-internal:///…evelopment.js:22926
commitLayoutEffectOnFiber @ webpack-internal:///…evelopment.js:21577
recursivelyTraverseLayoutEffects @ webpack-internal:///…evelopment.js:22926
commitLayoutEffectOnFiber @ webpack-internal:///…evelopment.js:21577
recursivelyTraverseLayoutEffects @ webpack-internal:///…evelopment.js:22926
commitLayoutEffectOnFiber @ webpack-internal:///…evelopment.js:21577
recursivelyTraverseLayoutEffects @ webpack-internal:///…evelopment.js:22926
commitLayoutEffectOnFiber @ webpack-internal:///…evelopment.js:21577
recursivelyTraverseLayoutEffects @ webpack-internal:///…evelopment.js:22926
commitLayoutEffectOnFiber @ webpack-internal:///…evelopment.js:21577
recursivelyTraverseLayoutEffects @ webpack-internal:///…evelopment.js:22926
commitLayoutEffectOnFiber @ webpack-internal:///…evelopment.js:21577
recursivelyTraverseLayoutEffects @ webpack-internal:///…evelopment.js:22926
commitLayoutEffectOnFiber @ webpack-internal:///…evelopment.js:21407
recursivelyTraverseLayoutEffects @ webpack-internal:///…evelopment.js:22926
commitLayoutEffectOnFiber @ webpack-internal:///…evelopment.js:21418
recursivelyTraverseLayoutEffects @ webpack-internal:///…evelopment.js:22926
commitLayoutEffectOnFiber @ webpack-internal:///…evelopment.js:21407
recursivelyTraverseLayoutEffects @ webpack-internal:///…evelopment.js:22926
commitLayoutEffectOnFiber @ webpack-internal:///…evelopment.js:21407
recursivelyTraverseLayoutEffects @ webpack-internal:///…evelopment.js:22926
commitLayoutEffectOnFiber @ webpack-internal:///…evelopment.js:21407
recursivelyTraverseLayoutEffects @ webpack-internal:///…evelopment.js:22926
commitLayoutEffectOnFiber @ webpack-internal:///…evelopment.js:21407
recursivelyTraverseLayoutEffects @ webpack-internal:///…evelopment.js:22926
commitLayoutEffectOnFiber @ webpack-internal:///…evelopment.js:21577
recursivelyTraverseLayoutEffects @ webpack-internal:///…evelopment.js:22926
commitLayoutEffectOnFiber @ webpack-internal:///…evelopment.js:21577
recursivelyTraverseLayoutEffects @ webpack-internal:///…evelopment.js:22926
commitLayoutEffectOnFiber @ webpack-internal:///…evelopment.js:21577
recursivelyTraverseLayoutEffects @ webpack-internal:///…evelopment.js:22926
commitLayoutEffectOnFiber @ webpack-internal:///…evelopment.js:21437
commitLayoutEffects @ webpack-internal:///…evelopment.js:22912
commitRootImpl @ webpack-internal:///…evelopment.js:26226
commitRoot @ webpack-internal:///…evelopment.js:26077
commitRootWhenReady @ webpack-internal:///…evelopment.js:24749
finishConcurrentRender @ webpack-internal:///…evelopment.js:24714
performConcurrentWorkOnRoot @ webpack-internal:///…evelopment.js:24559
workLoop @ webpack-internal:///….development.js:256
flushWork @ webpack-internal:///….development.js:225
performWorkUntilDeadline @ webpack-internal:///….development.js:534
15:56:42.591  [CallModal] 🔄 Waiting for stream to become active for cmeifml0h001okung0i95m8s6
15:56:42.592  [VoiceActivity] Effect triggered: {hasStream: true, streamId: '34fa4aea-da9c-415d-afda-d1f0034b119c', audioTracks: 0, threshold: -40}
15:56:42.593  [VoiceActivity] No audio tracks in stream, cleaning up
15:56:42.593  [CallModal] 🆘 EMERGENCY WebRTC RECOVERY - Call is connected but WebRTC needs help!
15:56:42.593  [CallModal] 🔧 Emergency details: {needsInit: false, needsConnectionRecovery: true, callState: 'connected', isIncoming: true, participants: Array(1), …}
15:56:42.594  [VoiceActivity] Effect triggered: {hasStream: true, streamId: '34fa4aea-da9c-415d-afda-d1f0034b119c', audioTracks: 0, threshold: -40}
15:56:42.594  [VoiceActivity] No audio tracks in stream, cleaning up
15:56:43.107  [CallModal] Updated peer connections for performance monitoring: 2
15:56:43.107  [CallModal] Peer connection participants: (2) ['cmeifml0h001okung0i95m8s6', 'cmeifn5qp002dkunge64m0xss']
15:56:43.107  [CallModal] 🔗 Emergency connecting to participants: ['cmeifml0h001okung0i95m8s6']
15:56:43.107  [WebRTC] Initiating connections with participants: ['cmeifml0h001okung0i95m8s6']
15:56:43.108  [WebRTC] 📞 Creating offer for participant: cmeifml0h001okung0i95m8s6
15:56:43.108  [WebRTC] Creating peer connection for: cmeifml0h001okung0i95m8s6
15:56:43.108  [WebRTC] ⚠️ Peer connection already exists for: cmeifml0h001okung0i95m8s6 {connectionState: 'connecting', iceConnectionState: 'connected', signalingState: 'stable'}
15:56:43.108  [WebRTC] ✅ Reusing healthy existing connection for: cmeifml0h001okung0i95m8s6
15:56:43.108  [WebRTC] Local stream verification - tracks: 1
15:56:43.108  [WebRTC] 🔍 Peer connection senders before offer: 2
15:56:43.108  [WebRTC]   Sender 0: {hasTrack: true, trackKind: 'audio', trackEnabled: true, trackReadyState: 'live'}
15:56:43.108  [WebRTC]   Sender 1: {hasTrack: false, trackKind: undefined, trackEnabled: undefined, trackReadyState: undefined}
15:56:43.108  [WebRTC] Creating offer with low-latency options...
15:56:43.111  [CallModal] Rendered - voice call opened
15:56:43.112  [CallModal] Rendered - voice call opened
15:56:43.112  [VoiceParticipant] Tester voice activity debug: {participantId: 'cmeifml0h001okung0i95m8s6', hasOriginalStream: true, hasLatestStream: true, streamActive: false, audioTracksCount: 0, …}
15:56:43.113  [CallModal] 🔊 Setting up audio element for participant cmeifml0h001okung0i95m8s6
15:56:43.113  [CallModal] Stream details: {id: '34fa4aea-da9c-415d-afda-d1f0034b119c', active: false, audioTracks: Array(0)}
15:56:43.114  [CallModal] Previous audio element for cmeifml0h001okung0i95m8s6: false
15:56:43.115  [CallModal] Cleared previous srcObject for cmeifml0h001okung0i95m8s6
15:56:43.115  [CallModal] 🔄 Stream not ready, waiting...
15:56:43.116  [CallModal] ❌ Initial audio play failed for cmeifml0h001okung0i95m8s6: 
attemptPlay @ webpack-internal:///…/CallModal.tsx:3124
ref @ webpack-internal:///…/CallModal.tsx:3158
commitAttachRef @ webpack-internal:///…evelopment.js:21677
safelyAttachRef @ webpack-internal:///…evelopment.js:20803
commitLayoutEffectOnFiber @ webpack-internal:///…evelopment.js:21498
recursivelyTraverseLayoutEffects @ webpack-internal:///…evelopment.js:22926
commitLayoutEffectOnFiber @ webpack-internal:///…evelopment.js:21577
recursivelyTraverseLayoutEffects @ webpack-internal:///…evelopment.js:22926
commitLayoutEffectOnFiber @ webpack-internal:///…evelopment.js:21488
recursivelyTraverseLayoutEffects @ webpack-internal:///…evelopment.js:22926
commitLayoutEffectOnFiber @ webpack-internal:///…evelopment.js:21488
recursivelyTraverseLayoutEffects @ webpack-internal:///…evelopment.js:22926
commitLayoutEffectOnFiber @ webpack-internal:///…evelopment.js:21488
recursivelyTraverseLayoutEffects @ webpack-internal:///…evelopment.js:22926
commitLayoutEffectOnFiber @ webpack-internal:///…evelopment.js:21488
recursivelyTraverseLayoutEffects @ webpack-internal:///…evelopment.js:22926
commitLayoutEffectOnFiber @ webpack-internal:///…evelopment.js:21407
recursivelyTraverseLayoutEffects @ webpack-internal:///…evelopment.js:22926
commitLayoutEffectOnFiber @ webpack-internal:///…evelopment.js:21407
recursivelyTraverseLayoutEffects @ webpack-internal:///…evelopment.js:22926
commitLayoutEffectOnFiber @ webpack-internal:///…evelopment.js:21577
recursivelyTraverseLayoutEffects @ webpack-internal:///…evelopment.js:22926
commitLayoutEffectOnFiber @ webpack-internal:///…evelopment.js:21407
recursivelyTraverseLayoutEffects @ webpack-internal:///…evelopment.js:22926
commitLayoutEffectOnFiber @ webpack-internal:///…evelopment.js:21577
recursivelyTraverseLayoutEffects @ webpack-internal:///…evelopment.js:22926
commitLayoutEffectOnFiber @ webpack-internal:///…evelopment.js:21407
recursivelyTraverseLayoutEffects @ webpack-internal:///…evelopment.js:22926
commitLayoutEffectOnFiber @ webpack-internal:///…evelopment.js:21577
recursivelyTraverseLayoutEffects @ webpack-internal:///…evelopment.js:22926
commitLayoutEffectOnFiber @ webpack-internal:///…evelopment.js:21407
recursivelyTraverseLayoutEffects @ webpack-internal:///…evelopment.js:22926
commitLayoutEffectOnFiber @ webpack-internal:///…evelopment.js:21577
recursivelyTraverseLayoutEffects @ webpack-internal:///…evelopment.js:22926
commitLayoutEffectOnFiber @ webpack-internal:///…evelopment.js:21407
recursivelyTraverseLayoutEffects @ webpack-internal:///…evelopment.js:22926
commitLayoutEffectOnFiber @ webpack-internal:///…evelopment.js:21407
recursivelyTraverseLayoutEffects @ webpack-internal:///…evelopment.js:22926
commitLayoutEffectOnFiber @ webpack-internal:///…evelopment.js:21488
recursivelyTraverseLayoutEffects @ webpack-internal:///…evelopment.js:22926
commitLayoutEffectOnFiber @ webpack-internal:///…evelopment.js:21488
recursivelyTraverseLayoutEffects @ webpack-internal:///…evelopment.js:22926
commitLayoutEffectOnFiber @ webpack-internal:///…evelopment.js:21577
recursivelyTraverseLayoutEffects @ webpack-internal:///…evelopment.js:22926
commitLayoutEffectOnFiber @ webpack-internal:///…evelopment.js:21577
recursivelyTraverseLayoutEffects @ webpack-internal:///…evelopment.js:22926
commitLayoutEffectOnFiber @ webpack-internal:///…evelopment.js:21418
recursivelyTraverseLayoutEffects @ webpack-internal:///…evelopment.js:22926
commitLayoutEffectOnFiber @ webpack-internal:///…evelopment.js:21407
recursivelyTraverseLayoutEffects @ webpack-internal:///…evelopment.js:22926
commitLayoutEffectOnFiber @ webpack-internal:///…evelopment.js:21577
recursivelyTraverseLayoutEffects @ webpack-internal:///…evelopment.js:22926
commitLayoutEffectOnFiber @ webpack-internal:///…evelopment.js:21418
recursivelyTraverseLayoutEffects @ webpack-internal:///…evelopment.js:22926
commitLayoutEffectOnFiber @ webpack-internal:///…evelopment.js:21407
recursivelyTraverseLayoutEffects @ webpack-internal:///…evelopment.js:22926
commitLayoutEffectOnFiber @ webpack-internal:///…evelopment.js:21407
recursivelyTraverseLayoutEffects @ webpack-internal:///…evelopment.js:22926
commitLayoutEffectOnFiber @ webpack-internal:///…evelopment.js:21418
recursivelyTraverseLayoutEffects @ webpack-internal:///…evelopment.js:22926
commitLayoutEffectOnFiber @ webpack-internal:///…evelopment.js:21407
recursivelyTraverseLayoutEffects @ webpack-internal:///…evelopment.js:22926
commitLayoutEffectOnFiber @ webpack-internal:///…evelopment.js:21577
recursivelyTraverseLayoutEffects @ webpack-internal:///…evelopment.js:22926
commitLayoutEffectOnFiber @ webpack-internal:///…evelopment.js:21577
recursivelyTraverseLayoutEffects @ webpack-internal:///…evelopment.js:22926
commitLayoutEffectOnFiber @ webpack-internal:///…evelopment.js:21577
recursivelyTraverseLayoutEffects @ webpack-internal:///…evelopment.js:22926
commitLayoutEffectOnFiber @ webpack-internal:///…evelopment.js:21577
recursivelyTraverseLayoutEffects @ webpack-internal:///…evelopment.js:22926
commitLayoutEffectOnFiber @ webpack-internal:///…evelopment.js:21577
recursivelyTraverseLayoutEffects @ webpack-internal:///…evelopment.js:22926
commitLayoutEffectOnFiber @ webpack-internal:///…evelopment.js:21577
recursivelyTraverseLayoutEffects @ webpack-internal:///…evelopment.js:22926
commitLayoutEffectOnFiber @ webpack-internal:///…evelopment.js:21407
recursivelyTraverseLayoutEffects @ webpack-internal:///…evelopment.js:22926
commitLayoutEffectOnFiber @ webpack-internal:///…evelopment.js:21418
recursivelyTraverseLayoutEffects @ webpack-internal:///…evelopment.js:22926
commitLayoutEffectOnFiber @ webpack-internal:///…evelopment.js:21407
recursivelyTraverseLayoutEffects @ webpack-internal:///…evelopment.js:22926
commitLayoutEffectOnFiber @ webpack-internal:///…evelopment.js:21407
recursivelyTraverseLayoutEffects @ webpack-internal:///…evelopment.js:22926
commitLayoutEffectOnFiber @ webpack-internal:///…evelopment.js:21407
recursivelyTraverseLayoutEffects @ webpack-internal:///…evelopment.js:22926
commitLayoutEffectOnFiber @ webpack-internal:///…evelopment.js:21407
recursivelyTraverseLayoutEffects @ webpack-internal:///…evelopment.js:22926
commitLayoutEffectOnFiber @ webpack-internal:///…evelopment.js:21577
recursivelyTraverseLayoutEffects @ webpack-internal:///…evelopment.js:22926
commitLayoutEffectOnFiber @ webpack-internal:///…evelopment.js:21577
recursivelyTraverseLayoutEffects @ webpack-internal:///…evelopment.js:22926
commitLayoutEffectOnFiber @ webpack-internal:///…evelopment.js:21577
recursivelyTraverseLayoutEffects @ webpack-internal:///…evelopment.js:22926
commitLayoutEffectOnFiber @ webpack-internal:///…evelopment.js:21437
commitLayoutEffects @ webpack-internal:///…evelopment.js:22912
commitRootImpl @ webpack-internal:///…evelopment.js:26226
commitRoot @ webpack-internal:///…evelopment.js:26077
commitRootWhenReady @ webpack-internal:///…evelopment.js:24749
finishConcurrentRender @ webpack-internal:///…evelopment.js:24714
performConcurrentWorkOnRoot @ webpack-internal:///…evelopment.js:24559
workLoop @ webpack-internal:///….development.js:256
flushWork @ webpack-internal:///….development.js:225
performWorkUntilDeadline @ webpack-internal:///….development.js:534
15:56:43.116  [CallModal] 🔄 Waiting for stream to become active for cmeifml0h001okung0i95m8s6
15:56:43.117  [WebRTC] 🚀 Optimizing SDP for ultra-low latency...
15:56:43.118  [WebRTC] ✅ SDP optimized for ultra-low latency
15:56:43.118  [WebRTC] Offer created and SDP optimized, analyzing...
15:56:43.118  [WebRTC] 🔍 Offer SDP analysis: {hasAudio: true, hasVideo: true}
15:56:43.118  [WebRTC] Setting local description...
15:56:43.119  [VoiceActivity] Effect triggered: {hasStream: true, streamId: '34fa4aea-da9c-415d-afda-d1f0034b119c', audioTracks: 0, threshold: -40}
15:56:43.119  [VoiceActivity] No audio tracks in stream, cleaning up
15:56:43.120  [useCallPerformance] Connection states: (2) [{…}, {…}]
15:56:43.120  [useCallPerformance] Starting monitoring for 2 valid connections
15:56:43.120  [VoiceActivity] Effect triggered: {hasStream: true, streamId: '34fa4aea-da9c-415d-afda-d1f0034b119c', audioTracks: 0, threshold: -40}
15:56:43.121  [VoiceActivity] No audio tracks in stream, cleaning up
15:56:43.121  [WebRTC] 📡 Sending offer to participant: cmeifml0h001okung0i95m8s6
15:56:43.121  [WebRTC] ✅ Offer successfully sent to: cmeifml0h001okung0i95m8s6
15:56:43.123  [useCallPerformance] Network metrics: {audioPacketLoss: 0, videoPacketLoss: 0, videoFrameRate: 0, latency: 1, callType: 'voice'}
15:56:43.123  [useCallPerformance] No valid network data yet, assuming good quality
15:56:43.124  [CallModal] Rendered - voice call opened
15:56:43.124  [CallModal] Rendered - voice call opened
15:56:43.124  [VoiceParticipant] Tester voice activity debug: {participantId: 'cmeifml0h001okung0i95m8s6', hasOriginalStream: true, hasLatestStream: true, streamActive: false, audioTracksCount: 0, …}
15:56:43.126  [CallModal] 🔊 Setting up audio element for participant cmeifml0h001okung0i95m8s6
15:56:43.126  [CallModal] Stream details: {id: '34fa4aea-da9c-415d-afda-d1f0034b119c', active: false, audioTracks: Array(0)}
15:56:43.127  [CallModal] Previous audio element for cmeifml0h001okung0i95m8s6: false
15:56:43.128  [CallModal] Cleared previous srcObject for cmeifml0h001okung0i95m8s6
15:56:43.128  [CallModal] 🔄 Stream not ready, waiting...
15:56:43.129  [CallModal] ❌ Initial audio play failed for cmeifml0h001okung0i95m8s6: 
attemptPlay @ webpack-internal:///…/CallModal.tsx:3124
ref @ webpack-internal:///…/CallModal.tsx:3158
commitAttachRef @ webpack-internal:///…evelopment.js:21677
safelyAttachRef @ webpack-internal:///…evelopment.js:20803
commitLayoutEffectOnFiber @ webpack-internal:///…evelopment.js:21498
recursivelyTraverseLayoutEffects @ webpack-internal:///…evelopment.js:22926
commitLayoutEffectOnFiber @ webpack-internal:///…evelopment.js:21577
recursivelyTraverseLayoutEffects @ webpack-internal:///…evelopment.js:22926
commitLayoutEffectOnFiber @ webpack-internal:///…evelopment.js:21488
recursivelyTraverseLayoutEffects @ webpack-internal:///…evelopment.js:22926
commitLayoutEffectOnFiber @ webpack-internal:///…evelopment.js:21488
recursivelyTraverseLayoutEffects @ webpack-internal:///…evelopment.js:22926
commitLayoutEffectOnFiber @ webpack-internal:///…evelopment.js:21488
recursivelyTraverseLayoutEffects @ webpack-internal:///…evelopment.js:22926
commitLayoutEffectOnFiber @ webpack-internal:///…evelopment.js:21488
recursivelyTraverseLayoutEffects @ webpack-internal:///…evelopment.js:22926
commitLayoutEffectOnFiber @ webpack-internal:///…evelopment.js:21407
recursivelyTraverseLayoutEffects @ webpack-internal:///…evelopment.js:22926
commitLayoutEffectOnFiber @ webpack-internal:///…evelopment.js:21407
recursivelyTraverseLayoutEffects @ webpack-internal:///…evelopment.js:22926
commitLayoutEffectOnFiber @ webpack-internal:///…evelopment.js:21577
recursivelyTraverseLayoutEffects @ webpack-internal:///…evelopment.js:22926
commitLayoutEffectOnFiber @ webpack-internal:///…evelopment.js:21407
recursivelyTraverseLayoutEffects @ webpack-internal:///…evelopment.js:22926
commitLayoutEffectOnFiber @ webpack-internal:///…evelopment.js:21577
recursivelyTraverseLayoutEffects @ webpack-internal:///…evelopment.js:22926
commitLayoutEffectOnFiber @ webpack-internal:///…evelopment.js:21407
recursivelyTraverseLayoutEffects @ webpack-internal:///…evelopment.js:22926
commitLayoutEffectOnFiber @ webpack-internal:///…evelopment.js:21577
recursivelyTraverseLayoutEffects @ webpack-internal:///…evelopment.js:22926
commitLayoutEffectOnFiber @ webpack-internal:///…evelopment.js:21407
recursivelyTraverseLayoutEffects @ webpack-internal:///…evelopment.js:22926
commitLayoutEffectOnFiber @ webpack-internal:///…evelopment.js:21577
recursivelyTraverseLayoutEffects @ webpack-internal:///…evelopment.js:22926
commitLayoutEffectOnFiber @ webpack-internal:///…evelopment.js:21407
recursivelyTraverseLayoutEffects @ webpack-internal:///…evelopment.js:22926
commitLayoutEffectOnFiber @ webpack-internal:///…evelopment.js:21407
recursivelyTraverseLayoutEffects @ webpack-internal:///…evelopment.js:22926
commitLayoutEffectOnFiber @ webpack-internal:///…evelopment.js:21488
recursivelyTraverseLayoutEffects @ webpack-internal:///…evelopment.js:22926
commitLayoutEffectOnFiber @ webpack-internal:///…evelopment.js:21488
recursivelyTraverseLayoutEffects @ webpack-internal:///…evelopment.js:22926
commitLayoutEffectOnFiber @ webpack-internal:///…evelopment.js:21577
recursivelyTraverseLayoutEffects @ webpack-internal:///…evelopment.js:22926
commitLayoutEffectOnFiber @ webpack-internal:///…evelopment.js:21577
recursivelyTraverseLayoutEffects @ webpack-internal:///…evelopment.js:22926
commitLayoutEffectOnFiber @ webpack-internal:///…evelopment.js:21418
recursivelyTraverseLayoutEffects @ webpack-internal:///…evelopment.js:22926
commitLayoutEffectOnFiber @ webpack-internal:///…evelopment.js:21407
recursivelyTraverseLayoutEffects @ webpack-internal:///…evelopment.js:22926
commitLayoutEffectOnFiber @ webpack-internal:///…evelopment.js:21577
recursivelyTraverseLayoutEffects @ webpack-internal:///…evelopment.js:22926
commitLayoutEffectOnFiber @ webpack-internal:///…evelopment.js:21418
recursivelyTraverseLayoutEffects @ webpack-internal:///…evelopment.js:22926
commitLayoutEffectOnFiber @ webpack-internal:///…evelopment.js:21407
recursivelyTraverseLayoutEffects @ webpack-internal:///…evelopment.js:22926
commitLayoutEffectOnFiber @ webpack-internal:///…evelopment.js:21407
recursivelyTraverseLayoutEffects @ webpack-internal:///…evelopment.js:22926
commitLayoutEffectOnFiber @ webpack-internal:///…evelopment.js:21418
recursivelyTraverseLayoutEffects @ webpack-internal:///…evelopment.js:22926
commitLayoutEffectOnFiber @ webpack-internal:///…evelopment.js:21407
recursivelyTraverseLayoutEffects @ webpack-internal:///…evelopment.js:22926
commitLayoutEffectOnFiber @ webpack-internal:///…evelopment.js:21577
recursivelyTraverseLayoutEffects @ webpack-internal:///…evelopment.js:22926
commitLayoutEffectOnFiber @ webpack-internal:///…evelopment.js:21577
recursivelyTraverseLayoutEffects @ webpack-internal:///…evelopment.js:22926
commitLayoutEffectOnFiber @ webpack-internal:///…evelopment.js:21577
recursivelyTraverseLayoutEffects @ webpack-internal:///…evelopment.js:22926
commitLayoutEffectOnFiber @ webpack-internal:///…evelopment.js:21577
recursivelyTraverseLayoutEffects @ webpack-internal:///…evelopment.js:22926
commitLayoutEffectOnFiber @ webpack-internal:///…evelopment.js:21577
recursivelyTraverseLayoutEffects @ webpack-internal:///…evelopment.js:22926
commitLayoutEffectOnFiber @ webpack-internal:///…evelopment.js:21577
recursivelyTraverseLayoutEffects @ webpack-internal:///…evelopment.js:22926
commitLayoutEffectOnFiber @ webpack-internal:///…evelopment.js:21407
recursivelyTraverseLayoutEffects @ webpack-internal:///…evelopment.js:22926
commitLayoutEffectOnFiber @ webpack-internal:///…evelopment.js:21418
recursivelyTraverseLayoutEffects @ webpack-internal:///…evelopment.js:22926
commitLayoutEffectOnFiber @ webpack-internal:///…evelopment.js:21407
recursivelyTraverseLayoutEffects @ webpack-internal:///…evelopment.js:22926
commitLayoutEffectOnFiber @ webpack-internal:///…evelopment.js:21407
recursivelyTraverseLayoutEffects @ webpack-internal:///…evelopment.js:22926
commitLayoutEffectOnFiber @ webpack-internal:///…evelopment.js:21407
recursivelyTraverseLayoutEffects @ webpack-internal:///…evelopment.js:22926
commitLayoutEffectOnFiber @ webpack-internal:///…evelopment.js:21407
recursivelyTraverseLayoutEffects @ webpack-internal:///…evelopment.js:22926
commitLayoutEffectOnFiber @ webpack-internal:///…evelopment.js:21577
recursivelyTraverseLayoutEffects @ webpack-internal:///…evelopment.js:22926
commitLayoutEffectOnFiber @ webpack-internal:///…evelopment.js:21577
recursivelyTraverseLayoutEffects @ webpack-internal:///…evelopment.js:22926
commitLayoutEffectOnFiber @ webpack-internal:///…evelopment.js:21577
recursivelyTraverseLayoutEffects @ webpack-internal:///…evelopment.js:22926
commitLayoutEffectOnFiber @ webpack-internal:///…evelopment.js:21437
commitLayoutEffects @ webpack-internal:///…evelopment.js:22912
commitRootImpl @ webpack-internal:///…evelopment.js:26226
commitRoot @ webpack-internal:///…evelopment.js:26077
commitRootWhenReady @ webpack-internal:///…evelopment.js:24749
finishConcurrentRender @ webpack-internal:///…evelopment.js:24714
performConcurrentWorkOnRoot @ webpack-internal:///…evelopment.js:24559
workLoop @ webpack-internal:///….development.js:256
flushWork @ webpack-internal:///….development.js:225
performWorkUntilDeadline @ webpack-internal:///….development.js:534
15:56:43.129  [CallModal] 🔄 Waiting for stream to become active for cmeifml0h001okung0i95m8s6
15:56:43.130  [VoiceActivity] Effect triggered: {hasStream: true, streamId: '34fa4aea-da9c-415d-afda-d1f0034b119c', audioTracks: 0, threshold: -40}
15:56:43.130  [VoiceActivity] No audio tracks in stream, cleaning up
15:56:43.130  [VoiceActivity] Effect triggered: {hasStream: true, streamId: '34fa4aea-da9c-415d-afda-d1f0034b119c', audioTracks: 0, threshold: -40}
15:56:43.130  [VoiceActivity] No audio tracks in stream, cleaning up
15:56:43.318  [WebRTC] Received answer: {callId: 'call-1757490917990-56d0d1cqo', fromUserId: 'cmeifml0h001okung0i95m8s6', ourCallId: 'call-1757490917990-56d0d1cqo'}
15:56:43.318  [WebRTC] Processing answer from: cmeifml0h001okung0i95m8s6
15:56:43.318  [WebRTC] Current signaling state: have-local-offer
15:56:43.318  [WebRTC] Setting remote description from answer
15:56:43.323  [WebRTC] Received answer: {callId: 'call-1757490917990-56d0d1cqo', fromUserId: 'cmeifml0h001okung0i95m8s6', ourCallId: 'call-1757490917990-56d0d1cqo'}
15:56:43.323  [WebRTC] Processing answer from: cmeifml0h001okung0i95m8s6
15:56:43.323  [WebRTC] Current signaling state: have-local-offer
15:56:43.324  [WebRTC] Setting remote description from answer
15:56:43.326  [WebRTC] Remote description set, applying any buffered ICE candidates
15:56:43.326  [WebRTC] Remote description set successfully for: cmeifml0h001okung0i95m8s6
15:56:43.326  [WebRTC] Connection state: connecting
15:56:43.326  [WebRTC] Failed to set remote description: 
window.console.error @ webpack-internal:///…ent/app-index.js:33
console.error @ webpack-internal:///…on-error-info.js:63
handleRemoteAnswer @ webpack-internal:///…/lib/webrtc.ts:1123
await in handleRemoteAnswer
Emitter.emit @ webpack-internal:///…ib/esm/index.js:140
emitEvent @ webpack-internal:///…d/esm/socket.js:545
onevent @ webpack-internal:///…d/esm/socket.js:532
onpacket @ webpack-internal:///…d/esm/socket.js:502
Emitter.emit @ webpack-internal:///…ib/esm/index.js:140
eval @ webpack-internal:///…/esm/manager.js:219
Promise.then
eval @ webpack-internal:///…d/esm/globals.js:11
ondecoded @ webpack-internal:///…/esm/manager.js:218
Emitter.emit @ webpack-internal:///…ib/esm/index.js:140
add @ webpack-internal:///…ld/esm/index.js:156
ondata @ webpack-internal:///…/esm/manager.js:205
Emitter.emit @ webpack-internal:///…ib/esm/index.js:140
_onPacket @ webpack-internal:///…d/esm/socket.js:272
Emitter.emit @ webpack-internal:///…ib/esm/index.js:140
onPacket @ webpack-internal:///…sm/transport.js:108
callback @ webpack-internal:///…ports/polling.js:86
onData @ webpack-internal:///…ports/polling.js:89
Emitter.emit @ webpack-internal:///…ib/esm/index.js:140
_onLoad @ webpack-internal:///…/polling-xhr.js:204
xhr.onreadystatechange @ webpack-internal:///…/polling-xhr.js:140
XMLHttpRequest.send
_create @ webpack-internal:///…/polling-xhr.js:150
Request @ webpack-internal:///…s/polling-xhr.js:86
request @ webpack-internal:///…/polling-xhr.js:264
doPoll @ webpack-internal:///…s/polling-xhr.js:63
_poll @ webpack-internal:///…ports/polling.js:66
onData @ webpack-internal:///…ports/polling.js:96
Emitter.emit @ webpack-internal:///…ib/esm/index.js:140
_onLoad @ webpack-internal:///…/polling-xhr.js:204
xhr.onreadystatechange @ webpack-internal:///…/polling-xhr.js:140
XMLHttpRequest.send
_create @ webpack-internal:///…/polling-xhr.js:150
Request @ webpack-internal:///…s/polling-xhr.js:86
request @ webpack-internal:///…/polling-xhr.js:264
doPoll @ webpack-internal:///…s/polling-xhr.js:63
_poll @ webpack-internal:///…ports/polling.js:66
onData @ webpack-internal:///…ports/polling.js:96
Emitter.emit @ webpack-internal:///…ib/esm/index.js:140
_onLoad @ webpack-internal:///…/polling-xhr.js:204
xhr.onreadystatechange @ webpack-internal:///…/polling-xhr.js:140
XMLHttpRequest.send
_create @ webpack-internal:///…/polling-xhr.js:150
Request @ webpack-internal:///…s/polling-xhr.js:86
request @ webpack-internal:///…/polling-xhr.js:264
doPoll @ webpack-internal:///…s/polling-xhr.js:63
_poll @ webpack-internal:///…ports/polling.js:66
onData @ webpack-internal:///…ports/polling.js:96
Emitter.emit @ webpack-internal:///…ib/esm/index.js:140
_onLoad @ webpack-internal:///…/polling-xhr.js:204
xhr.onreadystatechange @ webpack-internal:///…/polling-xhr.js:140
15:56:43.326  [WebRTC] InvalidStateError detected, attempting recovery
15:56:43.326  [WebRTC] 🔍 Connection closure requested for: cmeifml0h001okung0i95m8s6 {connectionState: 'connecting', iceConnectionState: 'connected', signalingState: 'stable', localDescription: true, remoteDescription: true, …}
15:56:43.326  [WebRTC] ⚠️ PREVENTING closure of healthy connection for: cmeifml0h001okung0i95m8s6 State: connecting ICE: connected
closePeerConnection @ webpack-internal:///…/lib/webrtc.ts:1183
handleRemoteAnswer @ webpack-internal:///…/lib/webrtc.ts:1127
await in handleRemoteAnswer
Emitter.emit @ webpack-internal:///…ib/esm/index.js:140
emitEvent @ webpack-internal:///…d/esm/socket.js:545
onevent @ webpack-internal:///…d/esm/socket.js:532
onpacket @ webpack-internal:///…d/esm/socket.js:502
Emitter.emit @ webpack-internal:///…ib/esm/index.js:140
eval @ webpack-internal:///…/esm/manager.js:219
Promise.then
eval @ webpack-internal:///…d/esm/globals.js:11
ondecoded @ webpack-internal:///…/esm/manager.js:218
Emitter.emit @ webpack-internal:///…ib/esm/index.js:140
add @ webpack-internal:///…ld/esm/index.js:156
ondata @ webpack-internal:///…/esm/manager.js:205
Emitter.emit @ webpack-internal:///…ib/esm/index.js:140
_onPacket @ webpack-internal:///…d/esm/socket.js:272
Emitter.emit @ webpack-internal:///…ib/esm/index.js:140
onPacket @ webpack-internal:///…sm/transport.js:108
callback @ webpack-internal:///…ports/polling.js:86
onData @ webpack-internal:///…ports/polling.js:89
Emitter.emit @ webpack-internal:///…ib/esm/index.js:140
_onLoad @ webpack-internal:///…/polling-xhr.js:204
xhr.onreadystatechange @ webpack-internal:///…/polling-xhr.js:140
XMLHttpRequest.send
_create @ webpack-internal:///…/polling-xhr.js:150
Request @ webpack-internal:///…s/polling-xhr.js:86
request @ webpack-internal:///…/polling-xhr.js:264
doPoll @ webpack-internal:///…s/polling-xhr.js:63
_poll @ webpack-internal:///…ports/polling.js:66
onData @ webpack-internal:///…ports/polling.js:96
Emitter.emit @ webpack-internal:///…ib/esm/index.js:140
_onLoad @ webpack-internal:///…/polling-xhr.js:204
xhr.onreadystatechange @ webpack-internal:///…/polling-xhr.js:140
XMLHttpRequest.send
_create @ webpack-internal:///…/polling-xhr.js:150
Request @ webpack-internal:///…s/polling-xhr.js:86
request @ webpack-internal:///…/polling-xhr.js:264
doPoll @ webpack-internal:///…s/polling-xhr.js:63
_poll @ webpack-internal:///…ports/polling.js:66
onData @ webpack-internal:///…ports/polling.js:96
Emitter.emit @ webpack-internal:///…ib/esm/index.js:140
_onLoad @ webpack-internal:///…/polling-xhr.js:204
xhr.onreadystatechange @ webpack-internal:///…/polling-xhr.js:140
XMLHttpRequest.send
_create @ webpack-internal:///…/polling-xhr.js:150
Request @ webpack-internal:///…s/polling-xhr.js:86
request @ webpack-internal:///…/polling-xhr.js:264
doPoll @ webpack-internal:///…s/polling-xhr.js:63
_poll @ webpack-internal:///…ports/polling.js:66
onData @ webpack-internal:///…ports/polling.js:96
Emitter.emit @ webpack-internal:///…ib/esm/index.js:140
_onLoad @ webpack-internal:///…/polling-xhr.js:204
xhr.onreadystatechange @ webpack-internal:///…/polling-xhr.js:140
15:56:43.327  [WebRTC] ✅ Preserving healthy connection for: cmeifml0h001okung0i95m8s6
15:56:43.528  User status update received: {userId: 'cmeifn5qp002dkunge64m0xss', isOnline: true, lastSeen: '2025-09-10T07:56:43.520Z'}
15:56:43.530  🏠 ChatWindow mounted/re-rendered with conversationId: null
15:56:43.530  🏠 ChatWindow mounted/re-rendered with conversationId: null
15:56:43.530  Updated online status for user cmeifn5qp002dkunge64m0xss in conversation cmfbwdnf60000kuzg41ovkra2
15:56:43.530  Updated online status for user cmeifn5qp002dkunge64m0xss in conversation cmew64hqq0008kud8i3zywuwd
15:56:43.530  [CallModal] Rendered - voice call opened
15:56:43.531  [CallModal] Rendered - voice call opened
15:56:43.531  [VoiceParticipant] Tester voice activity debug: {participantId: 'cmeifml0h001okung0i95m8s6', hasOriginalStream: true, hasLatestStream: true, streamActive: false, audioTracksCount: 0, …}
15:56:43.532  [CallModal] 🔊 Setting up audio element for participant cmeifml0h001okung0i95m8s6
15:56:43.532  [CallModal] Stream details: {id: '34fa4aea-da9c-415d-afda-d1f0034b119c', active: false, audioTracks: Array(0)}
15:56:43.532  [CallModal] Previous audio element for cmeifml0h001okung0i95m8s6: false
15:56:43.533  [CallModal] Cleared previous srcObject for cmeifml0h001okung0i95m8s6
15:56:43.533  [CallModal] 🔄 Stream not ready, waiting...
15:56:43.534  [CallModal] ❌ Initial audio play failed for cmeifml0h001okung0i95m8s6: 
attemptPlay @ webpack-internal:///…/CallModal.tsx:3124
ref @ webpack-internal:///…/CallModal.tsx:3158
commitAttachRef @ webpack-internal:///…evelopment.js:21677
safelyAttachRef @ webpack-internal:///…evelopment.js:20803
commitLayoutEffectOnFiber @ webpack-internal:///…evelopment.js:21498
recursivelyTraverseLayoutEffects @ webpack-internal:///…evelopment.js:22926
commitLayoutEffectOnFiber @ webpack-internal:///…evelopment.js:21577
recursivelyTraverseLayoutEffects @ webpack-internal:///…evelopment.js:22926
commitLayoutEffectOnFiber @ webpack-internal:///…evelopment.js:21488
recursivelyTraverseLayoutEffects @ webpack-internal:///…evelopment.js:22926
commitLayoutEffectOnFiber @ webpack-internal:///…evelopment.js:21488
recursivelyTraverseLayoutEffects @ webpack-internal:///…evelopment.js:22926
commitLayoutEffectOnFiber @ webpack-internal:///…evelopment.js:21488
recursivelyTraverseLayoutEffects @ webpack-internal:///…evelopment.js:22926
commitLayoutEffectOnFiber @ webpack-internal:///…evelopment.js:21488
recursivelyTraverseLayoutEffects @ webpack-internal:///…evelopment.js:22926
commitLayoutEffectOnFiber @ webpack-internal:///…evelopment.js:21407
recursivelyTraverseLayoutEffects @ webpack-internal:///…evelopment.js:22926
commitLayoutEffectOnFiber @ webpack-internal:///…evelopment.js:21407
recursivelyTraverseLayoutEffects @ webpack-internal:///…evelopment.js:22926
commitLayoutEffectOnFiber @ webpack-internal:///…evelopment.js:21577
recursivelyTraverseLayoutEffects @ webpack-internal:///…evelopment.js:22926
commitLayoutEffectOnFiber @ webpack-internal:///…evelopment.js:21407
recursivelyTraverseLayoutEffects @ webpack-internal:///…evelopment.js:22926
commitLayoutEffectOnFiber @ webpack-internal:///…evelopment.js:21577
recursivelyTraverseLayoutEffects @ webpack-internal:///…evelopment.js:22926
commitLayoutEffectOnFiber @ webpack-internal:///…evelopment.js:21407
recursivelyTraverseLayoutEffects @ webpack-internal:///…evelopment.js:22926
commitLayoutEffectOnFiber @ webpack-internal:///…evelopment.js:21577
recursivelyTraverseLayoutEffects @ webpack-internal:///…evelopment.js:22926
commitLayoutEffectOnFiber @ webpack-internal:///…evelopment.js:21407
recursivelyTraverseLayoutEffects @ webpack-internal:///…evelopment.js:22926
commitLayoutEffectOnFiber @ webpack-internal:///…evelopment.js:21577
recursivelyTraverseLayoutEffects @ webpack-internal:///…evelopment.js:22926
commitLayoutEffectOnFiber @ webpack-internal:///…evelopment.js:21407
recursivelyTraverseLayoutEffects @ webpack-internal:///…evelopment.js:22926
commitLayoutEffectOnFiber @ webpack-internal:///…evelopment.js:21407
recursivelyTraverseLayoutEffects @ webpack-internal:///…evelopment.js:22926
commitLayoutEffectOnFiber @ webpack-internal:///…evelopment.js:21488
recursivelyTraverseLayoutEffects @ webpack-internal:///…evelopment.js:22926
commitLayoutEffectOnFiber @ webpack-internal:///…evelopment.js:21488
recursivelyTraverseLayoutEffects @ webpack-internal:///…evelopment.js:22926
commitLayoutEffectOnFiber @ webpack-internal:///…evelopment.js:21577
recursivelyTraverseLayoutEffects @ webpack-internal:///…evelopment.js:22926
commitLayoutEffectOnFiber @ webpack-internal:///…evelopment.js:21577
recursivelyTraverseLayoutEffects @ webpack-internal:///…evelopment.js:22926
commitLayoutEffectOnFiber @ webpack-internal:///…evelopment.js:21418
recursivelyTraverseLayoutEffects @ webpack-internal:///…evelopment.js:22926
commitLayoutEffectOnFiber @ webpack-internal:///…evelopment.js:21407
recursivelyTraverseLayoutEffects @ webpack-internal:///…evelopment.js:22926
commitLayoutEffectOnFiber @ webpack-internal:///…evelopment.js:21577
recursivelyTraverseLayoutEffects @ webpack-internal:///…evelopment.js:22926
commitLayoutEffectOnFiber @ webpack-internal:///…evelopment.js:21418
recursivelyTraverseLayoutEffects @ webpack-internal:///…evelopment.js:22926
commitLayoutEffectOnFiber @ webpack-internal:///…evelopment.js:21407
recursivelyTraverseLayoutEffects @ webpack-internal:///…evelopment.js:22926
commitLayoutEffectOnFiber @ webpack-internal:///…evelopment.js:21407
recursivelyTraverseLayoutEffects @ webpack-internal:///…evelopment.js:22926
commitLayoutEffectOnFiber @ webpack-internal:///…evelopment.js:21418
recursivelyTraverseLayoutEffects @ webpack-internal:///…evelopment.js:22926
commitLayoutEffectOnFiber @ webpack-internal:///…evelopment.js:21407
recursivelyTraverseLayoutEffects @ webpack-internal:///…evelopment.js:22926
commitLayoutEffectOnFiber @ webpack-internal:///…evelopment.js:21577
recursivelyTraverseLayoutEffects @ webpack-internal:///…evelopment.js:22926
commitLayoutEffectOnFiber @ webpack-internal:///…evelopment.js:21577
recursivelyTraverseLayoutEffects @ webpack-internal:///…evelopment.js:22926
commitLayoutEffectOnFiber @ webpack-internal:///…evelopment.js:21577
recursivelyTraverseLayoutEffects @ webpack-internal:///…evelopment.js:22926
commitLayoutEffectOnFiber @ webpack-internal:///…evelopment.js:21577
recursivelyTraverseLayoutEffects @ webpack-internal:///…evelopment.js:22926
commitLayoutEffectOnFiber @ webpack-internal:///…evelopment.js:21577
recursivelyTraverseLayoutEffects @ webpack-internal:///…evelopment.js:22926
commitLayoutEffectOnFiber @ webpack-internal:///…evelopment.js:21577
recursivelyTraverseLayoutEffects @ webpack-internal:///…evelopment.js:22926
commitLayoutEffectOnFiber @ webpack-internal:///…evelopment.js:21407
recursivelyTraverseLayoutEffects @ webpack-internal:///…evelopment.js:22926
commitLayoutEffectOnFiber @ webpack-internal:///…evelopment.js:21418
recursivelyTraverseLayoutEffects @ webpack-internal:///…evelopment.js:22926
commitLayoutEffectOnFiber @ webpack-internal:///…evelopment.js:21407
recursivelyTraverseLayoutEffects @ webpack-internal:///…evelopment.js:22926
commitLayoutEffectOnFiber @ webpack-internal:///…evelopment.js:21407
recursivelyTraverseLayoutEffects @ webpack-internal:///…evelopment.js:22926
commitLayoutEffectOnFiber @ webpack-internal:///…evelopment.js:21407
recursivelyTraverseLayoutEffects @ webpack-internal:///…evelopment.js:22926
commitLayoutEffectOnFiber @ webpack-internal:///…evelopment.js:21407
recursivelyTraverseLayoutEffects @ webpack-internal:///…evelopment.js:22926
commitLayoutEffectOnFiber @ webpack-internal:///…evelopment.js:21577
recursivelyTraverseLayoutEffects @ webpack-internal:///…evelopment.js:22926
commitLayoutEffectOnFiber @ webpack-internal:///…evelopment.js:21577
recursivelyTraverseLayoutEffects @ webpack-internal:///…evelopment.js:22926
commitLayoutEffectOnFiber @ webpack-internal:///…evelopment.js:21577
recursivelyTraverseLayoutEffects @ webpack-internal:///…evelopment.js:22926
commitLayoutEffectOnFiber @ webpack-internal:///…evelopment.js:21437
commitLayoutEffects @ webpack-internal:///…evelopment.js:22912
commitRootImpl @ webpack-internal:///…evelopment.js:26226
commitRoot @ webpack-internal:///…evelopment.js:26077
commitRootWhenReady @ webpack-internal:///…evelopment.js:24749
finishConcurrentRender @ webpack-internal:///…evelopment.js:24714
performConcurrentWorkOnRoot @ webpack-internal:///…evelopment.js:24559
workLoop @ webpack-internal:///….development.js:256
flushWork @ webpack-internal:///….development.js:225
performWorkUntilDeadline @ webpack-internal:///….development.js:534
15:56:43.534  [CallModal] 🔄 Waiting for stream to become active for cmeifml0h001okung0i95m8s6
15:56:43.536  ChatSidebar: Conversations updated, count: 4
15:56:43.536  ChatSidebar: Latest conversation: cmfbwdnf60000kuzg41ovkra2 last message: cmfc8zta3000bkulfrpl6vutn
15:56:43.537  [VoiceActivity] Effect triggered: {hasStream: true, streamId: '34fa4aea-da9c-415d-afda-d1f0034b119c', audioTracks: 0, threshold: -40}
15:56:43.537  [VoiceActivity] No audio tracks in stream, cleaning up
15:56:43.537  [CallModal] Initialized active participants (excluding self): ['cmeifml0h001okung0i95m8s6']
15:56:43.538  [CallModal] Skipping connection verification - no WebRTC or participants
15:56:43.538  [VoiceActivity] Effect triggered: {hasStream: true, streamId: '34fa4aea-da9c-415d-afda-d1f0034b119c', audioTracks: 0, threshold: -40}
15:56:43.538  [VoiceActivity] No audio tracks in stream, cleaning up
15:56:43.539  [CallModal] Rendered - voice call opened
15:56:43.539  [CallModal] Rendered - voice call opened
15:56:43.540  [VoiceParticipant] Tester voice activity debug: {participantId: 'cmeifml0h001okung0i95m8s6', hasOriginalStream: true, hasLatestStream: true, streamActive: false, audioTracksCount: 0, …}
15:56:43.542  [CallModal] 🔊 Setting up audio element for participant cmeifml0h001okung0i95m8s6
15:56:43.542  [CallModal] Stream details: {id: '34fa4aea-da9c-415d-afda-d1f0034b119c', active: false, audioTracks: Array(0)}
15:56:43.543  [CallModal] Previous audio element for cmeifml0h001okung0i95m8s6: false
15:56:43.544  [CallModal] Cleared previous srcObject for cmeifml0h001okung0i95m8s6
15:56:43.545  [CallModal] 🔄 Stream not ready, waiting...
15:56:43.545  [CallModal] ❌ Initial audio play failed for cmeifml0h001okung0i95m8s6: 
attemptPlay @ webpack-internal:///…/CallModal.tsx:3124
ref @ webpack-internal:///…/CallModal.tsx:3158
commitAttachRef @ webpack-internal:///…evelopment.js:21677
safelyAttachRef @ webpack-internal:///…evelopment.js:20803
commitLayoutEffectOnFiber @ webpack-internal:///…evelopment.js:21498
recursivelyTraverseLayoutEffects @ webpack-internal:///…evelopment.js:22926
commitLayoutEffectOnFiber @ webpack-internal:///…evelopment.js:21577
recursivelyTraverseLayoutEffects @ webpack-internal:///…evelopment.js:22926
commitLayoutEffectOnFiber @ webpack-internal:///…evelopment.js:21488
recursivelyTraverseLayoutEffects @ webpack-internal:///…evelopment.js:22926
commitLayoutEffectOnFiber @ webpack-internal:///…evelopment.js:21488
recursivelyTraverseLayoutEffects @ webpack-internal:///…evelopment.js:22926
commitLayoutEffectOnFiber @ webpack-internal:///…evelopment.js:21488
recursivelyTraverseLayoutEffects @ webpack-internal:///…evelopment.js:22926
commitLayoutEffectOnFiber @ webpack-internal:///…evelopment.js:21488
recursivelyTraverseLayoutEffects @ webpack-internal:///…evelopment.js:22926
commitLayoutEffectOnFiber @ webpack-internal:///…evelopment.js:21407
recursivelyTraverseLayoutEffects @ webpack-internal:///…evelopment.js:22926
commitLayoutEffectOnFiber @ webpack-internal:///…evelopment.js:21407
recursivelyTraverseLayoutEffects @ webpack-internal:///…evelopment.js:22926
commitLayoutEffectOnFiber @ webpack-internal:///…evelopment.js:21577
recursivelyTraverseLayoutEffects @ webpack-internal:///…evelopment.js:22926
commitLayoutEffectOnFiber @ webpack-internal:///…evelopment.js:21407
recursivelyTraverseLayoutEffects @ webpack-internal:///…evelopment.js:22926
commitLayoutEffectOnFiber @ webpack-internal:///…evelopment.js:21577
recursivelyTraverseLayoutEffects @ webpack-internal:///…evelopment.js:22926
commitLayoutEffectOnFiber @ webpack-internal:///…evelopment.js:21407
recursivelyTraverseLayoutEffects @ webpack-internal:///…evelopment.js:22926
commitLayoutEffectOnFiber @ webpack-internal:///…evelopment.js:21577
recursivelyTraverseLayoutEffects @ webpack-internal:///…evelopment.js:22926
commitLayoutEffectOnFiber @ webpack-internal:///…evelopment.js:21407
recursivelyTraverseLayoutEffects @ webpack-internal:///…evelopment.js:22926
commitLayoutEffectOnFiber @ webpack-internal:///…evelopment.js:21577
recursivelyTraverseLayoutEffects @ webpack-internal:///…evelopment.js:22926
commitLayoutEffectOnFiber @ webpack-internal:///…evelopment.js:21407
recursivelyTraverseLayoutEffects @ webpack-internal:///…evelopment.js:22926
commitLayoutEffectOnFiber @ webpack-internal:///…evelopment.js:21407
recursivelyTraverseLayoutEffects @ webpack-internal:///…evelopment.js:22926
commitLayoutEffectOnFiber @ webpack-internal:///…evelopment.js:21488
recursivelyTraverseLayoutEffects @ webpack-internal:///…evelopment.js:22926
commitLayoutEffectOnFiber @ webpack-internal:///…evelopment.js:21488
recursivelyTraverseLayoutEffects @ webpack-internal:///…evelopment.js:22926
commitLayoutEffectOnFiber @ webpack-internal:///…evelopment.js:21577
recursivelyTraverseLayoutEffects @ webpack-internal:///…evelopment.js:22926
commitLayoutEffectOnFiber @ webpack-internal:///…evelopment.js:21577
recursivelyTraverseLayoutEffects @ webpack-internal:///…evelopment.js:22926
commitLayoutEffectOnFiber @ webpack-internal:///…evelopment.js:21418
recursivelyTraverseLayoutEffects @ webpack-internal:///…evelopment.js:22926
commitLayoutEffectOnFiber @ webpack-internal:///…evelopment.js:21407
recursivelyTraverseLayoutEffects @ webpack-internal:///…evelopment.js:22926
commitLayoutEffectOnFiber @ webpack-internal:///…evelopment.js:21577
recursivelyTraverseLayoutEffects @ webpack-internal:///…evelopment.js:22926
commitLayoutEffectOnFiber @ webpack-internal:///…evelopment.js:21418
recursivelyTraverseLayoutEffects @ webpack-internal:///…evelopment.js:22926
commitLayoutEffectOnFiber @ webpack-internal:///…evelopment.js:21407
recursivelyTraverseLayoutEffects @ webpack-internal:///…evelopment.js:22926
commitLayoutEffectOnFiber @ webpack-internal:///…evelopment.js:21407
recursivelyTraverseLayoutEffects @ webpack-internal:///…evelopment.js:22926
commitLayoutEffectOnFiber @ webpack-internal:///…evelopment.js:21418
recursivelyTraverseLayoutEffects @ webpack-internal:///…evelopment.js:22926
commitLayoutEffectOnFiber @ webpack-internal:///…evelopment.js:21407
recursivelyTraverseLayoutEffects @ webpack-internal:///…evelopment.js:22926
commitLayoutEffectOnFiber @ webpack-internal:///…evelopment.js:21577
recursivelyTraverseLayoutEffects @ webpack-internal:///…evelopment.js:22926
commitLayoutEffectOnFiber @ webpack-internal:///…evelopment.js:21577
recursivelyTraverseLayoutEffects @ webpack-internal:///…evelopment.js:22926
commitLayoutEffectOnFiber @ webpack-internal:///…evelopment.js:21577
recursivelyTraverseLayoutEffects @ webpack-internal:///…evelopment.js:22926
commitLayoutEffectOnFiber @ webpack-internal:///…evelopment.js:21577
recursivelyTraverseLayoutEffects @ webpack-internal:///…evelopment.js:22926
commitLayoutEffectOnFiber @ webpack-internal:///…evelopment.js:21577
recursivelyTraverseLayoutEffects @ webpack-internal:///…evelopment.js:22926
commitLayoutEffectOnFiber @ webpack-internal:///…evelopment.js:21577
recursivelyTraverseLayoutEffects @ webpack-internal:///…evelopment.js:22926
commitLayoutEffectOnFiber @ webpack-internal:///…evelopment.js:21407
recursivelyTraverseLayoutEffects @ webpack-internal:///…evelopment.js:22926
commitLayoutEffectOnFiber @ webpack-internal:///…evelopment.js:21418
recursivelyTraverseLayoutEffects @ webpack-internal:///…evelopment.js:22926
commitLayoutEffectOnFiber @ webpack-internal:///…evelopment.js:21407
recursivelyTraverseLayoutEffects @ webpack-internal:///…evelopment.js:22926
commitLayoutEffectOnFiber @ webpack-internal:///…evelopment.js:21407
recursivelyTraverseLayoutEffects @ webpack-internal:///…evelopment.js:22926
commitLayoutEffectOnFiber @ webpack-internal:///…evelopment.js:21407
recursivelyTraverseLayoutEffects @ webpack-internal:///…evelopment.js:22926
commitLayoutEffectOnFiber @ webpack-internal:///…evelopment.js:21407
recursivelyTraverseLayoutEffects @ webpack-internal:///…evelopment.js:22926
commitLayoutEffectOnFiber @ webpack-internal:///…evelopment.js:21577
recursivelyTraverseLayoutEffects @ webpack-internal:///…evelopment.js:22926
commitLayoutEffectOnFiber @ webpack-internal:///…evelopment.js:21577
recursivelyTraverseLayoutEffects @ webpack-internal:///…evelopment.js:22926
commitLayoutEffectOnFiber @ webpack-internal:///…evelopment.js:21577
recursivelyTraverseLayoutEffects @ webpack-internal:///…evelopment.js:22926
commitLayoutEffectOnFiber @ webpack-internal:///…evelopment.js:21437
commitLayoutEffects @ webpack-internal:///…evelopment.js:22912
commitRootImpl @ webpack-internal:///…evelopment.js:26226
commitRoot @ webpack-internal:///…evelopment.js:26077
commitRootWhenReady @ webpack-internal:///…evelopment.js:24749
finishConcurrentRender @ webpack-internal:///…evelopment.js:24714
performConcurrentWorkOnRoot @ webpack-internal:///…evelopment.js:24559
workLoop @ webpack-internal:///….development.js:256
flushWork @ webpack-internal:///….development.js:225
performWorkUntilDeadline @ webpack-internal:///….development.js:534
15:56:43.546  [CallModal] 🔄 Waiting for stream to become active for cmeifml0h001okung0i95m8s6
15:56:43.547  [VoiceActivity] Effect triggered: {hasStream: true, streamId: '34fa4aea-da9c-415d-afda-d1f0034b119c', audioTracks: 0, threshold: -40}
15:56:43.547  [VoiceActivity] No audio tracks in stream, cleaning up
15:56:43.548  [VoiceActivity] Effect triggered: {hasStream: true, streamId: '34fa4aea-da9c-415d-afda-d1f0034b119c', audioTracks: 0, threshold: -40}
15:56:43.548  [VoiceActivity] No audio tracks in stream, cleaning up
15:56:44.029  🏠 ChatWindow mounted/re-rendered with conversationId: null
15:56:44.030  🏠 ChatWindow mounted/re-rendered with conversationId: null
15:56:44.031  [CallModal] Rendered - voice call opened
15:56:44.031  [CallModal] Rendered - voice call opened
15:56:44.032  [VoiceParticipant] Tester voice activity debug: {participantId: 'cmeifml0h001okung0i95m8s6', hasOriginalStream: true, hasLatestStream: true, streamActive: false, audioTracksCount: 0, …}
15:56:44.035  [CallModal] 🔊 Setting up audio element for participant cmeifml0h001okung0i95m8s6
15:56:44.036  [CallModal] Stream details: {id: '34fa4aea-da9c-415d-afda-d1f0034b119c', active: false, audioTracks: Array(0)}
15:56:44.037  [CallModal] Previous audio element for cmeifml0h001okung0i95m8s6: false
15:56:44.040  [CallModal] Cleared previous srcObject for cmeifml0h001okung0i95m8s6
15:56:44.041  [CallModal] 🔄 Stream not ready, waiting...
15:56:44.045  [CallModal] ❌ Initial audio play failed for cmeifml0h001okung0i95m8s6: 
attemptPlay @ webpack-internal:///…/CallModal.tsx:3124
ref @ webpack-internal:///…/CallModal.tsx:3158
commitAttachRef @ webpack-internal:///…evelopment.js:21677
safelyAttachRef @ webpack-internal:///…evelopment.js:20803
commitLayoutEffectOnFiber @ webpack-internal:///…evelopment.js:21498
recursivelyTraverseLayoutEffects @ webpack-internal:///…evelopment.js:22926
commitLayoutEffectOnFiber @ webpack-internal:///…evelopment.js:21577
recursivelyTraverseLayoutEffects @ webpack-internal:///…evelopment.js:22926
commitLayoutEffectOnFiber @ webpack-internal:///…evelopment.js:21488
recursivelyTraverseLayoutEffects @ webpack-internal:///…evelopment.js:22926
commitLayoutEffectOnFiber @ webpack-internal:///…evelopment.js:21488
recursivelyTraverseLayoutEffects @ webpack-internal:///…evelopment.js:22926
commitLayoutEffectOnFiber @ webpack-internal:///…evelopment.js:21488
recursivelyTraverseLayoutEffects @ webpack-internal:///…evelopment.js:22926
commitLayoutEffectOnFiber @ webpack-internal:///…evelopment.js:21488
recursivelyTraverseLayoutEffects @ webpack-internal:///…evelopment.js:22926
commitLayoutEffectOnFiber @ webpack-internal:///…evelopment.js:21407
recursivelyTraverseLayoutEffects @ webpack-internal:///…evelopment.js:22926
commitLayoutEffectOnFiber @ webpack-internal:///…evelopment.js:21407
recursivelyTraverseLayoutEffects @ webpack-internal:///…evelopment.js:22926
commitLayoutEffectOnFiber @ webpack-internal:///…evelopment.js:21577
recursivelyTraverseLayoutEffects @ webpack-internal:///…evelopment.js:22926
commitLayoutEffectOnFiber @ webpack-internal:///…evelopment.js:21407
recursivelyTraverseLayoutEffects @ webpack-internal:///…evelopment.js:22926
commitLayoutEffectOnFiber @ webpack-internal:///…evelopment.js:21577
recursivelyTraverseLayoutEffects @ webpack-internal:///…evelopment.js:22926
commitLayoutEffectOnFiber @ webpack-internal:///…evelopment.js:21407
recursivelyTraverseLayoutEffects @ webpack-internal:///…evelopment.js:22926
commitLayoutEffectOnFiber @ webpack-internal:///…evelopment.js:21577
recursivelyTraverseLayoutEffects @ webpack-internal:///…evelopment.js:22926
commitLayoutEffectOnFiber @ webpack-internal:///…evelopment.js:21407
recursivelyTraverseLayoutEffects @ webpack-internal:///…evelopment.js:22926
commitLayoutEffectOnFiber @ webpack-internal:///…evelopment.js:21577
recursivelyTraverseLayoutEffects @ webpack-internal:///…evelopment.js:22926
commitLayoutEffectOnFiber @ webpack-internal:///…evelopment.js:21407
recursivelyTraverseLayoutEffects @ webpack-internal:///…evelopment.js:22926
commitLayoutEffectOnFiber @ webpack-internal:///…evelopment.js:21407
recursivelyTraverseLayoutEffects @ webpack-internal:///…evelopment.js:22926
commitLayoutEffectOnFiber @ webpack-internal:///…evelopment.js:21488
recursivelyTraverseLayoutEffects @ webpack-internal:///…evelopment.js:22926
commitLayoutEffectOnFiber @ webpack-internal:///…evelopment.js:21488
recursivelyTraverseLayoutEffects @ webpack-internal:///…evelopment.js:22926
commitLayoutEffectOnFiber @ webpack-internal:///…evelopment.js:21577
recursivelyTraverseLayoutEffects @ webpack-internal:///…evelopment.js:22926
commitLayoutEffectOnFiber @ webpack-internal:///…evelopment.js:21577
recursivelyTraverseLayoutEffects @ webpack-internal:///…evelopment.js:22926
commitLayoutEffectOnFiber @ webpack-internal:///…evelopment.js:21418
recursivelyTraverseLayoutEffects @ webpack-internal:///…evelopment.js:22926
commitLayoutEffectOnFiber @ webpack-internal:///…evelopment.js:21407
recursivelyTraverseLayoutEffects @ webpack-internal:///…evelopment.js:22926
commitLayoutEffectOnFiber @ webpack-internal:///…evelopment.js:21577
recursivelyTraverseLayoutEffects @ webpack-internal:///…evelopment.js:22926
commitLayoutEffectOnFiber @ webpack-internal:///…evelopment.js:21418
recursivelyTraverseLayoutEffects @ webpack-internal:///…evelopment.js:22926
commitLayoutEffectOnFiber @ webpack-internal:///…evelopment.js:21407
recursivelyTraverseLayoutEffects @ webpack-internal:///…evelopment.js:22926
commitLayoutEffectOnFiber @ webpack-internal:///…evelopment.js:21407
recursivelyTraverseLayoutEffects @ webpack-internal:///…evelopment.js:22926
commitLayoutEffectOnFiber @ webpack-internal:///…evelopment.js:21418
recursivelyTraverseLayoutEffects @ webpack-internal:///…evelopment.js:22926
commitLayoutEffectOnFiber @ webpack-internal:///…evelopment.js:21407
recursivelyTraverseLayoutEffects @ webpack-internal:///…evelopment.js:22926
commitLayoutEffectOnFiber @ webpack-internal:///…evelopment.js:21577
recursivelyTraverseLayoutEffects @ webpack-internal:///…evelopment.js:22926
commitLayoutEffectOnFiber @ webpack-internal:///…evelopment.js:21577
recursivelyTraverseLayoutEffects @ webpack-internal:///…evelopment.js:22926
commitLayoutEffectOnFiber @ webpack-internal:///…evelopment.js:21577
recursivelyTraverseLayoutEffects @ webpack-internal:///…evelopment.js:22926
commitLayoutEffectOnFiber @ webpack-internal:///…evelopment.js:21577
recursivelyTraverseLayoutEffects @ webpack-internal:///…evelopment.js:22926
commitLayoutEffectOnFiber @ webpack-internal:///…evelopment.js:21577
recursivelyTraverseLayoutEffects @ webpack-internal:///…evelopment.js:22926
commitLayoutEffectOnFiber @ webpack-internal:///…evelopment.js:21577
recursivelyTraverseLayoutEffects @ webpack-internal:///…evelopment.js:22926
commitLayoutEffectOnFiber @ webpack-internal:///…evelopment.js:21407
recursivelyTraverseLayoutEffects @ webpack-internal:///…evelopment.js:22926
commitLayoutEffectOnFiber @ webpack-internal:///…evelopment.js:21418
recursivelyTraverseLayoutEffects @ webpack-internal:///…evelopment.js:22926
commitLayoutEffectOnFiber @ webpack-internal:///…evelopment.js:21407
recursivelyTraverseLayoutEffects @ webpack-internal:///…evelopment.js:22926
commitLayoutEffectOnFiber @ webpack-internal:///…evelopment.js:21407
recursivelyTraverseLayoutEffects @ webpack-internal:///…evelopment.js:22926
commitLayoutEffectOnFiber @ webpack-internal:///…evelopment.js:21407
recursivelyTraverseLayoutEffects @ webpack-internal:///…evelopment.js:22926
commitLayoutEffectOnFiber @ webpack-internal:///…evelopment.js:21407
recursivelyTraverseLayoutEffects @ webpack-internal:///…evelopment.js:22926
commitLayoutEffectOnFiber @ webpack-internal:///…evelopment.js:21577
recursivelyTraverseLayoutEffects @ webpack-internal:///…evelopment.js:22926
commitLayoutEffectOnFiber @ webpack-internal:///…evelopment.js:21577
recursivelyTraverseLayoutEffects @ webpack-internal:///…evelopment.js:22926
commitLayoutEffectOnFiber @ webpack-internal:///…evelopment.js:21577
recursivelyTraverseLayoutEffects @ webpack-internal:///…evelopment.js:22926
commitLayoutEffectOnFiber @ webpack-internal:///…evelopment.js:21437
commitLayoutEffects @ webpack-internal:///…evelopment.js:22912
commitRootImpl @ webpack-internal:///…evelopment.js:26226
commitRoot @ webpack-internal:///…evelopment.js:26077
commitRootWhenReady @ webpack-internal:///…evelopment.js:24749
finishConcurrentRender @ webpack-internal:///…evelopment.js:24714
performConcurrentWorkOnRoot @ webpack-internal:///…evelopment.js:24559
workLoop @ webpack-internal:///….development.js:256
flushWork @ webpack-internal:///….development.js:225
performWorkUntilDeadline @ webpack-internal:///….development.js:534
15:56:44.046  [CallModal] 🔄 Waiting for stream to become active for cmeifml0h001okung0i95m8s6
15:56:44.051  ChatSidebar: Conversations updated, count: 4
15:56:44.052  ChatSidebar: Latest conversation: cmfbwdnf60000kuzg41ovkra2 last message: cmfc8zta3000bkulfrpl6vutn
15:56:44.052  [VoiceActivity] Effect triggered: {hasStream: true, streamId: '34fa4aea-da9c-415d-afda-d1f0034b119c', audioTracks: 0, threshold: -40}
15:56:44.053  [VoiceActivity] No audio tracks in stream, cleaning up
15:56:44.053  [CallModal] Initialized active participants (excluding self): ['cmeifml0h001okung0i95m8s6']
15:56:44.054  [CallModal] Skipping connection verification - no WebRTC or participants
15:56:44.054  [VoiceActivity] Effect triggered: {hasStream: true, streamId: '34fa4aea-da9c-415d-afda-d1f0034b119c', audioTracks: 0, threshold: -40}
15:56:44.055  [VoiceActivity] No audio tracks in stream, cleaning up
15:56:44.059  Updated online status for user cmeifn5qp002dkunge64m0xss in conversation cmfbwdnf60000kuzg41ovkra2
15:56:44.059  Updated online status for user cmeifn5qp002dkunge64m0xss in conversation cmew64hqq0008kud8i3zywuwd
15:56:44.060  🏠 ChatWindow mounted/re-rendered with conversationId: null
15:56:44.060  Updated online status for user cmeifn5qp002dkunge64m0xss in conversation cmfbwdnf60000kuzg41ovkra2
15:56:44.060  🏠 ChatWindow mounted/re-rendered with conversationId: null
15:56:44.061  [CallModal] Rendered - voice call opened
15:56:44.061  [CallModal] Rendered - voice call opened
15:56:44.062  [VoiceParticipant] Tester voice activity debug: {participantId: 'cmeifml0h001okung0i95m8s6', hasOriginalStream: true, hasLatestStream: true, streamActive: false, audioTracksCount: 0, …}
15:56:44.065  [CallModal] 🔊 Setting up audio element for participant cmeifml0h001okung0i95m8s6
15:56:44.065  [CallModal] Stream details: {id: '34fa4aea-da9c-415d-afda-d1f0034b119c', active: false, audioTracks: Array(0)}
15:56:44.066  [CallModal] Previous audio element for cmeifml0h001okung0i95m8s6: false
15:56:44.068  [CallModal] Cleared previous srcObject for cmeifml0h001okung0i95m8s6
15:56:44.069  [CallModal] 🔄 Stream not ready, waiting...
15:56:44.070  [CallModal] ❌ Initial audio play failed for cmeifml0h001okung0i95m8s6: 
attemptPlay @ webpack-internal:///…/CallModal.tsx:3124
ref @ webpack-internal:///…/CallModal.tsx:3158
commitAttachRef @ webpack-internal:///…evelopment.js:21677
safelyAttachRef @ webpack-internal:///…evelopment.js:20803
commitLayoutEffectOnFiber @ webpack-internal:///…evelopment.js:21498
recursivelyTraverseLayoutEffects @ webpack-internal:///…evelopment.js:22926
commitLayoutEffectOnFiber @ webpack-internal:///…evelopment.js:21577
recursivelyTraverseLayoutEffects @ webpack-internal:///…evelopment.js:22926
commitLayoutEffectOnFiber @ webpack-internal:///…evelopment.js:21488
recursivelyTraverseLayoutEffects @ webpack-internal:///…evelopment.js:22926
commitLayoutEffectOnFiber @ webpack-internal:///…evelopment.js:21488
recursivelyTraverseLayoutEffects @ webpack-internal:///…evelopment.js:22926
commitLayoutEffectOnFiber @ webpack-internal:///…evelopment.js:21488
recursivelyTraverseLayoutEffects @ webpack-internal:///…evelopment.js:22926
commitLayoutEffectOnFiber @ webpack-internal:///…evelopment.js:21488
recursivelyTraverseLayoutEffects @ webpack-internal:///…evelopment.js:22926
commitLayoutEffectOnFiber @ webpack-internal:///…evelopment.js:21407
recursivelyTraverseLayoutEffects @ webpack-internal:///…evelopment.js:22926
commitLayoutEffectOnFiber @ webpack-internal:///…evelopment.js:21407
recursivelyTraverseLayoutEffects @ webpack-internal:///…evelopment.js:22926
commitLayoutEffectOnFiber @ webpack-internal:///…evelopment.js:21577
recursivelyTraverseLayoutEffects @ webpack-internal:///…evelopment.js:22926
commitLayoutEffectOnFiber @ webpack-internal:///…evelopment.js:21407
recursivelyTraverseLayoutEffects @ webpack-internal:///…evelopment.js:22926
commitLayoutEffectOnFiber @ webpack-internal:///…evelopment.js:21577
recursivelyTraverseLayoutEffects @ webpack-internal:///…evelopment.js:22926
commitLayoutEffectOnFiber @ webpack-internal:///…evelopment.js:21407
recursivelyTraverseLayoutEffects @ webpack-internal:///…evelopment.js:22926
commitLayoutEffectOnFiber @ webpack-internal:///…evelopment.js:21577
recursivelyTraverseLayoutEffects @ webpack-internal:///…evelopment.js:22926
commitLayoutEffectOnFiber @ webpack-internal:///…evelopment.js:21407
recursivelyTraverseLayoutEffects @ webpack-internal:///…evelopment.js:22926
commitLayoutEffectOnFiber @ webpack-internal:///…evelopment.js:21577
recursivelyTraverseLayoutEffects @ webpack-internal:///…evelopment.js:22926
commitLayoutEffectOnFiber @ webpack-internal:///…evelopment.js:21407
recursivelyTraverseLayoutEffects @ webpack-internal:///…evelopment.js:22926
commitLayoutEffectOnFiber @ webpack-internal:///…evelopment.js:21407
recursivelyTraverseLayoutEffects @ webpack-internal:///…evelopment.js:22926
commitLayoutEffectOnFiber @ webpack-internal:///…evelopment.js:21488
recursivelyTraverseLayoutEffects @ webpack-internal:///…evelopment.js:22926
commitLayoutEffectOnFiber @ webpack-internal:///…evelopment.js:21488
recursivelyTraverseLayoutEffects @ webpack-internal:///…evelopment.js:22926
commitLayoutEffectOnFiber @ webpack-internal:///…evelopment.js:21577
recursivelyTraverseLayoutEffects @ webpack-internal:///…evelopment.js:22926
commitLayoutEffectOnFiber @ webpack-internal:///…evelopment.js:21577
recursivelyTraverseLayoutEffects @ webpack-internal:///…evelopment.js:22926
commitLayoutEffectOnFiber @ webpack-internal:///…evelopment.js:21418
recursivelyTraverseLayoutEffects @ webpack-internal:///…evelopment.js:22926
commitLayoutEffectOnFiber @ webpack-internal:///…evelopment.js:21407
recursivelyTraverseLayoutEffects @ webpack-internal:///…evelopment.js:22926
commitLayoutEffectOnFiber @ webpack-internal:///…evelopment.js:21577
recursivelyTraverseLayoutEffects @ webpack-internal:///…evelopment.js:22926
commitLayoutEffectOnFiber @ webpack-internal:///…evelopment.js:21418
recursivelyTraverseLayoutEffects @ webpack-internal:///…evelopment.js:22926
commitLayoutEffectOnFiber @ webpack-internal:///…evelopment.js:21407
recursivelyTraverseLayoutEffects @ webpack-internal:///…evelopment.js:22926
commitLayoutEffectOnFiber @ webpack-internal:///…evelopment.js:21407
recursivelyTraverseLayoutEffects @ webpack-internal:///…evelopment.js:22926
commitLayoutEffectOnFiber @ webpack-internal:///…evelopment.js:21418
recursivelyTraverseLayoutEffects @ webpack-internal:///…evelopment.js:22926
commitLayoutEffectOnFiber @ webpack-internal:///…evelopment.js:21407
recursivelyTraverseLayoutEffects @ webpack-internal:///…evelopment.js:22926
commitLayoutEffectOnFiber @ webpack-internal:///…evelopment.js:21577
recursivelyTraverseLayoutEffects @ webpack-internal:///…evelopment.js:22926
commitLayoutEffectOnFiber @ webpack-internal:///…evelopment.js:21577
recursivelyTraverseLayoutEffects @ webpack-internal:///…evelopment.js:22926
commitLayoutEffectOnFiber @ webpack-internal:///…evelopment.js:21577
recursivelyTraverseLayoutEffects @ webpack-internal:///…evelopment.js:22926
commitLayoutEffectOnFiber @ webpack-internal:///…evelopment.js:21577
recursivelyTraverseLayoutEffects @ webpack-internal:///…evelopment.js:22926
commitLayoutEffectOnFiber @ webpack-internal:///…evelopment.js:21577
recursivelyTraverseLayoutEffects @ webpack-internal:///…evelopment.js:22926
commitLayoutEffectOnFiber @ webpack-internal:///…evelopment.js:21577
recursivelyTraverseLayoutEffects @ webpack-internal:///…evelopment.js:22926
commitLayoutEffectOnFiber @ webpack-internal:///…evelopment.js:21407
recursivelyTraverseLayoutEffects @ webpack-internal:///…evelopment.js:22926
commitLayoutEffectOnFiber @ webpack-internal:///…evelopment.js:21418
recursivelyTraverseLayoutEffects @ webpack-internal:///…evelopment.js:22926
commitLayoutEffectOnFiber @ webpack-internal:///…evelopment.js:21407
recursivelyTraverseLayoutEffects @ webpack-internal:///…evelopment.js:22926
commitLayoutEffectOnFiber @ webpack-internal:///…evelopment.js:21407
recursivelyTraverseLayoutEffects @ webpack-internal:///…evelopment.js:22926
commitLayoutEffectOnFiber @ webpack-internal:///…evelopment.js:21407
recursivelyTraverseLayoutEffects @ webpack-internal:///…evelopment.js:22926
commitLayoutEffectOnFiber @ webpack-internal:///…evelopment.js:21407
recursivelyTraverseLayoutEffects @ webpack-internal:///…evelopment.js:22926
commitLayoutEffectOnFiber @ webpack-internal:///…evelopment.js:21577
recursivelyTraverseLayoutEffects @ webpack-internal:///…evelopment.js:22926
commitLayoutEffectOnFiber @ webpack-internal:///…evelopment.js:21577
recursivelyTraverseLayoutEffects @ webpack-internal:///…evelopment.js:22926
commitLayoutEffectOnFiber @ webpack-internal:///…evelopment.js:21577
recursivelyTraverseLayoutEffects @ webpack-internal:///…evelopment.js:22926
commitLayoutEffectOnFiber @ webpack-internal:///…evelopment.js:21437
commitLayoutEffects @ webpack-internal:///…evelopment.js:22912
commitRootImpl @ webpack-internal:///…evelopment.js:26226
commitRoot @ webpack-internal:///…evelopment.js:26077
commitRootWhenReady @ webpack-internal:///…evelopment.js:24749
finishConcurrentRender @ webpack-internal:///…evelopment.js:24714
performConcurrentWorkOnRoot @ webpack-internal:///…evelopment.js:24559
workLoop @ webpack-internal:///….development.js:256
flushWork @ webpack-internal:///….development.js:225
performWorkUntilDeadline @ webpack-internal:///….development.js:534
15:56:44.071  [CallModal] 🔄 Waiting for stream to become active for cmeifml0h001okung0i95m8s6
15:56:44.074  ChatSidebar: Conversations updated, count: 4
15:56:44.074  ChatSidebar: Latest conversation: cmfbwdnf60000kuzg41ovkra2 last message: cmfc8zta3000bkulfrpl6vutn
15:56:44.075  [VoiceActivity] Effect triggered: {hasStream: true, streamId: '34fa4aea-da9c-415d-afda-d1f0034b119c', audioTracks: 0, threshold: -40}
15:56:44.076  [VoiceActivity] No audio tracks in stream, cleaning up
15:56:44.076  [CallModal] Initialized active participants (excluding self): ['cmeifml0h001okung0i95m8s6']
15:56:44.079  [CallModal] Skipping connection verification - no WebRTC or participants
15:56:44.079  [VoiceActivity] Effect triggered: {hasStream: true, streamId: '34fa4aea-da9c-415d-afda-d1f0034b119c', audioTracks: 0, threshold: -40}
15:56:44.079  [VoiceActivity] No audio tracks in stream, cleaning up
15:56:44.081  [CallModal] Rendered - voice call opened
15:56:44.082  [CallModal] Rendered - voice call opened
15:56:44.083  [VoiceParticipant] Tester voice activity debug: {participantId: 'cmeifml0h001okung0i95m8s6', hasOriginalStream: true, hasLatestStream: true, streamActive: false, audioTracksCount: 0, …}
15:56:44.086  [CallModal] 🔊 Setting up audio element for participant cmeifml0h001okung0i95m8s6
15:56:44.087  [CallModal] Stream details: {id: '34fa4aea-da9c-415d-afda-d1f0034b119c', active: false, audioTracks: Array(0)}
15:56:44.088  [CallModal] Previous audio element for cmeifml0h001okung0i95m8s6: false
15:56:44.090  [CallModal] Cleared previous srcObject for cmeifml0h001okung0i95m8s6
15:56:44.091  [CallModal] 🔄 Stream not ready, waiting...
15:56:44.092  [CallModal] ❌ Initial audio play failed for cmeifml0h001okung0i95m8s6: 
attemptPlay @ webpack-internal:///…/CallModal.tsx:3124
ref @ webpack-internal:///…/CallModal.tsx:3158
commitAttachRef @ webpack-internal:///…evelopment.js:21677
safelyAttachRef @ webpack-internal:///…evelopment.js:20803
commitLayoutEffectOnFiber @ webpack-internal:///…evelopment.js:21498
recursivelyTraverseLayoutEffects @ webpack-internal:///…evelopment.js:22926
commitLayoutEffectOnFiber @ webpack-internal:///…evelopment.js:21577
recursivelyTraverseLayoutEffects @ webpack-internal:///…evelopment.js:22926
commitLayoutEffectOnFiber @ webpack-internal:///…evelopment.js:21488
recursivelyTraverseLayoutEffects @ webpack-internal:///…evelopment.js:22926
commitLayoutEffectOnFiber @ webpack-internal:///…evelopment.js:21488
recursivelyTraverseLayoutEffects @ webpack-internal:///…evelopment.js:22926
commitLayoutEffectOnFiber @ webpack-internal:///…evelopment.js:21488
recursivelyTraverseLayoutEffects @ webpack-internal:///…evelopment.js:22926
commitLayoutEffectOnFiber @ webpack-internal:///…evelopment.js:21488
recursivelyTraverseLayoutEffects @ webpack-internal:///…evelopment.js:22926
commitLayoutEffectOnFiber @ webpack-internal:///…evelopment.js:21407
recursivelyTraverseLayoutEffects @ webpack-internal:///…evelopment.js:22926
commitLayoutEffectOnFiber @ webpack-internal:///…evelopment.js:21407
recursivelyTraverseLayoutEffects @ webpack-internal:///…evelopment.js:22926
commitLayoutEffectOnFiber @ webpack-internal:///…evelopment.js:21577
recursivelyTraverseLayoutEffects @ webpack-internal:///…evelopment.js:22926
commitLayoutEffectOnFiber @ webpack-internal:///…evelopment.js:21407
recursivelyTraverseLayoutEffects @ webpack-internal:///…evelopment.js:22926
commitLayoutEffectOnFiber @ webpack-internal:///…evelopment.js:21577
recursivelyTraverseLayoutEffects @ webpack-internal:///…evelopment.js:22926
commitLayoutEffectOnFiber @ webpack-internal:///…evelopment.js:21407
recursivelyTraverseLayoutEffects @ webpack-internal:///…evelopment.js:22926
commitLayoutEffectOnFiber @ webpack-internal:///…evelopment.js:21577
recursivelyTraverseLayoutEffects @ webpack-internal:///…evelopment.js:22926
commitLayoutEffectOnFiber @ webpack-internal:///…evelopment.js:21407
recursivelyTraverseLayoutEffects @ webpack-internal:///…evelopment.js:22926
commitLayoutEffectOnFiber @ webpack-internal:///…evelopment.js:21577
recursivelyTraverseLayoutEffects @ webpack-internal:///…evelopment.js:22926
commitLayoutEffectOnFiber @ webpack-internal:///…evelopment.js:21407
recursivelyTraverseLayoutEffects @ webpack-internal:///…evelopment.js:22926
commitLayoutEffectOnFiber @ webpack-internal:///…evelopment.js:21407
recursivelyTraverseLayoutEffects @ webpack-internal:///…evelopment.js:22926
commitLayoutEffectOnFiber @ webpack-internal:///…evelopment.js:21488
recursivelyTraverseLayoutEffects @ webpack-internal:///…evelopment.js:22926
commitLayoutEffectOnFiber @ webpack-internal:///…evelopment.js:21488
recursivelyTraverseLayoutEffects @ webpack-internal:///…evelopment.js:22926
commitLayoutEffectOnFiber @ webpack-internal:///…evelopment.js:21577
recursivelyTraverseLayoutEffects @ webpack-internal:///…evelopment.js:22926
commitLayoutEffectOnFiber @ webpack-internal:///…evelopment.js:21577
recursivelyTraverseLayoutEffects @ webpack-internal:///…evelopment.js:22926
commitLayoutEffectOnFiber @ webpack-internal:///…evelopment.js:21418
recursivelyTraverseLayoutEffects @ webpack-internal:///…evelopment.js:22926
commitLayoutEffectOnFiber @ webpack-internal:///…evelopment.js:21407
recursivelyTraverseLayoutEffects @ webpack-internal:///…evelopment.js:22926
commitLayoutEffectOnFiber @ webpack-internal:///…evelopment.js:21577
recursivelyTraverseLayoutEffects @ webpack-internal:///…evelopment.js:22926
commitLayoutEffectOnFiber @ webpack-internal:///…evelopment.js:21418
recursivelyTraverseLayoutEffects @ webpack-internal:///…evelopment.js:22926
commitLayoutEffectOnFiber @ webpack-internal:///…evelopment.js:21407
recursivelyTraverseLayoutEffects @ webpack-internal:///…evelopment.js:22926
commitLayoutEffectOnFiber @ webpack-internal:///…evelopment.js:21407
recursivelyTraverseLayoutEffects @ webpack-internal:///…evelopment.js:22926
commitLayoutEffectOnFiber @ webpack-internal:///…evelopment.js:21418
recursivelyTraverseLayoutEffects @ webpack-internal:///…evelopment.js:22926
commitLayoutEffectOnFiber @ webpack-internal:///…evelopment.js:21407
recursivelyTraverseLayoutEffects @ webpack-internal:///…evelopment.js:22926
commitLayoutEffectOnFiber @ webpack-internal:///…evelopment.js:21577
recursivelyTraverseLayoutEffects @ webpack-internal:///…evelopment.js:22926
commitLayoutEffectOnFiber @ webpack-internal:///…evelopment.js:21577
recursivelyTraverseLayoutEffects @ webpack-internal:///…evelopment.js:22926
commitLayoutEffectOnFiber @ webpack-internal:///…evelopment.js:21577
recursivelyTraverseLayoutEffects @ webpack-internal:///…evelopment.js:22926
commitLayoutEffectOnFiber @ webpack-internal:///…evelopment.js:21577
recursivelyTraverseLayoutEffects @ webpack-internal:///…evelopment.js:22926
commitLayoutEffectOnFiber @ webpack-internal:///…evelopment.js:21577
recursivelyTraverseLayoutEffects @ webpack-internal:///…evelopment.js:22926
commitLayoutEffectOnFiber @ webpack-internal:///…evelopment.js:21577
recursivelyTraverseLayoutEffects @ webpack-internal:///…evelopment.js:22926
commitLayoutEffectOnFiber @ webpack-internal:///…evelopment.js:21407
recursivelyTraverseLayoutEffects @ webpack-internal:///…evelopment.js:22926
commitLayoutEffectOnFiber @ webpack-internal:///…evelopment.js:21418
recursivelyTraverseLayoutEffects @ webpack-internal:///…evelopment.js:22926
commitLayoutEffectOnFiber @ webpack-internal:///…evelopment.js:21407
recursivelyTraverseLayoutEffects @ webpack-internal:///…evelopment.js:22926
commitLayoutEffectOnFiber @ webpack-internal:///…evelopment.js:21407
recursivelyTraverseLayoutEffects @ webpack-internal:///…evelopment.js:22926
commitLayoutEffectOnFiber @ webpack-internal:///…evelopment.js:21407
recursivelyTraverseLayoutEffects @ webpack-internal:///…evelopment.js:22926
commitLayoutEffectOnFiber @ webpack-internal:///…evelopment.js:21407
recursivelyTraverseLayoutEffects @ webpack-internal:///…evelopment.js:22926
commitLayoutEffectOnFiber @ webpack-internal:///…evelopment.js:21577
recursivelyTraverseLayoutEffects @ webpack-internal:///…evelopment.js:22926
commitLayoutEffectOnFiber @ webpack-internal:///…evelopment.js:21577
recursivelyTraverseLayoutEffects @ webpack-internal:///…evelopment.js:22926
commitLayoutEffectOnFiber @ webpack-internal:///…evelopment.js:21577
recursivelyTraverseLayoutEffects @ webpack-internal:///…evelopment.js:22926
commitLayoutEffectOnFiber @ webpack-internal:///…evelopment.js:21437
commitLayoutEffects @ webpack-internal:///…evelopment.js:22912
commitRootImpl @ webpack-internal:///…evelopment.js:26226
commitRoot @ webpack-internal:///…evelopment.js:26077
commitRootWhenReady @ webpack-internal:///…evelopment.js:24749
finishConcurrentRender @ webpack-internal:///…evelopment.js:24714
performConcurrentWorkOnRoot @ webpack-internal:///…evelopment.js:24559
workLoop @ webpack-internal:///….development.js:256
flushWork @ webpack-internal:///….development.js:225
performWorkUntilDeadline @ webpack-internal:///….development.js:534
15:56:44.092  [CallModal] 🔄 Waiting for stream to become active for cmeifml0h001okung0i95m8s6
15:56:44.093  [VoiceActivity] Effect triggered: {hasStream: true, streamId: '34fa4aea-da9c-415d-afda-d1f0034b119c', audioTracks: 0, threshold: -40}
15:56:44.094  [VoiceActivity] No audio tracks in stream, cleaning up
15:56:44.094  [VoiceActivity] Effect triggered: {hasStream: true, streamId: '34fa4aea-da9c-415d-afda-d1f0034b119c', audioTracks: 0, threshold: -40}
15:56:44.094  [VoiceActivity] No audio tracks in stream, cleaning up
15:56:45.035  Updated online status for user cmeifml0h001okung0i95m8s6 in conversation cmf4reytq000tkuuuioykvp98
15:56:45.037  Updated online status for user cmeifml0h001okung0i95m8s6 in conversation cmfbwdnf60000kuzg41ovkra2
15:56:45.037  Updated online status for user cmeifml0h001okung0i95m8s6 in conversation cmew64hqq0008kud8i3zywuwd
15:56:45.038  🏠 ChatWindow mounted/re-rendered with conversationId: null
15:56:45.038  🏠 ChatWindow mounted/re-rendered with conversationId: null
15:56:45.038  Updated online status for user cmeifml0h001okung0i95m8s6 in conversation cmfbwdnf60000kuzg41ovkra2
15:56:45.039  [CallModal] Rendered - voice call opened
15:56:45.039  [CallModal] Rendered - voice call opened
15:56:45.040  [VoiceParticipant] Tester voice activity debug: {participantId: 'cmeifml0h001okung0i95m8s6', hasOriginalStream: true, hasLatestStream: true, streamActive: false, audioTracksCount: 0, …}
15:56:45.043  [CallModal] 🔊 Setting up audio element for participant cmeifml0h001okung0i95m8s6
15:56:45.043  [CallModal] Stream details: {id: '34fa4aea-da9c-415d-afda-d1f0034b119c', active: false, audioTracks: Array(0)}
15:56:45.044  [CallModal] Previous audio element for cmeifml0h001okung0i95m8s6: false
15:56:45.045  [CallModal] Cleared previous srcObject for cmeifml0h001okung0i95m8s6
15:56:45.046  [CallModal] 🔄 Stream not ready, waiting...
15:56:45.046  [CallModal] ❌ Initial audio play failed for cmeifml0h001okung0i95m8s6: 
attemptPlay @ webpack-internal:///…/CallModal.tsx:3124
ref @ webpack-internal:///…/CallModal.tsx:3158
commitAttachRef @ webpack-internal:///…evelopment.js:21677
safelyAttachRef @ webpack-internal:///…evelopment.js:20803
commitLayoutEffectOnFiber @ webpack-internal:///…evelopment.js:21498
recursivelyTraverseLayoutEffects @ webpack-internal:///…evelopment.js:22926
commitLayoutEffectOnFiber @ webpack-internal:///…evelopment.js:21577
recursivelyTraverseLayoutEffects @ webpack-internal:///…evelopment.js:22926
commitLayoutEffectOnFiber @ webpack-internal:///…evelopment.js:21488
recursivelyTraverseLayoutEffects @ webpack-internal:///…evelopment.js:22926
commitLayoutEffectOnFiber @ webpack-internal:///…evelopment.js:21488
recursivelyTraverseLayoutEffects @ webpack-internal:///…evelopment.js:22926
commitLayoutEffectOnFiber @ webpack-internal:///…evelopment.js:21488
recursivelyTraverseLayoutEffects @ webpack-internal:///…evelopment.js:22926
commitLayoutEffectOnFiber @ webpack-internal:///…evelopment.js:21488
recursivelyTraverseLayoutEffects @ webpack-internal:///…evelopment.js:22926
commitLayoutEffectOnFiber @ webpack-internal:///…evelopment.js:21407
recursivelyTraverseLayoutEffects @ webpack-internal:///…evelopment.js:22926
commitLayoutEffectOnFiber @ webpack-internal:///…evelopment.js:21407
recursivelyTraverseLayoutEffects @ webpack-internal:///…evelopment.js:22926
commitLayoutEffectOnFiber @ webpack-internal:///…evelopment.js:21577
recursivelyTraverseLayoutEffects @ webpack-internal:///…evelopment.js:22926
commitLayoutEffectOnFiber @ webpack-internal:///…evelopment.js:21407
recursivelyTraverseLayoutEffects @ webpack-internal:///…evelopment.js:22926
commitLayoutEffectOnFiber @ webpack-internal:///…evelopment.js:21577
recursivelyTraverseLayoutEffects @ webpack-internal:///…evelopment.js:22926
commitLayoutEffectOnFiber @ webpack-internal:///…evelopment.js:21407
recursivelyTraverseLayoutEffects @ webpack-internal:///…evelopment.js:22926
commitLayoutEffectOnFiber @ webpack-internal:///…evelopment.js:21577
recursivelyTraverseLayoutEffects @ webpack-internal:///…evelopment.js:22926
commitLayoutEffectOnFiber @ webpack-internal:///…evelopment.js:21407
recursivelyTraverseLayoutEffects @ webpack-internal:///…evelopment.js:22926
commitLayoutEffectOnFiber @ webpack-internal:///…evelopment.js:21577
recursivelyTraverseLayoutEffects @ webpack-internal:///…evelopment.js:22926
commitLayoutEffectOnFiber @ webpack-internal:///…evelopment.js:21407
recursivelyTraverseLayoutEffects @ webpack-internal:///…evelopment.js:22926
commitLayoutEffectOnFiber @ webpack-internal:///…evelopment.js:21407
recursivelyTraverseLayoutEffects @ webpack-internal:///…evelopment.js:22926
commitLayoutEffectOnFiber @ webpack-internal:///…evelopment.js:21488
recursivelyTraverseLayoutEffects @ webpack-internal:///…evelopment.js:22926
commitLayoutEffectOnFiber @ webpack-internal:///…evelopment.js:21488
recursivelyTraverseLayoutEffects @ webpack-internal:///…evelopment.js:22926
commitLayoutEffectOnFiber @ webpack-internal:///…evelopment.js:21577
recursivelyTraverseLayoutEffects @ webpack-internal:///…evelopment.js:22926
commitLayoutEffectOnFiber @ webpack-internal:///…evelopment.js:21577
recursivelyTraverseLayoutEffects @ webpack-internal:///…evelopment.js:22926
commitLayoutEffectOnFiber @ webpack-internal:///…evelopment.js:21418
recursivelyTraverseLayoutEffects @ webpack-internal:///…evelopment.js:22926
commitLayoutEffectOnFiber @ webpack-internal:///…evelopment.js:21407
recursivelyTraverseLayoutEffects @ webpack-internal:///…evelopment.js:22926
commitLayoutEffectOnFiber @ webpack-internal:///…evelopment.js:21577
recursivelyTraverseLayoutEffects @ webpack-internal:///…evelopment.js:22926
commitLayoutEffectOnFiber @ webpack-internal:///…evelopment.js:21418
recursivelyTraverseLayoutEffects @ webpack-internal:///…evelopment.js:22926
commitLayoutEffectOnFiber @ webpack-internal:///…evelopment.js:21407
recursivelyTraverseLayoutEffects @ webpack-internal:///…evelopment.js:22926
commitLayoutEffectOnFiber @ webpack-internal:///…evelopment.js:21407
recursivelyTraverseLayoutEffects @ webpack-internal:///…evelopment.js:22926
commitLayoutEffectOnFiber @ webpack-internal:///…evelopment.js:21418
recursivelyTraverseLayoutEffects @ webpack-internal:///…evelopment.js:22926
commitLayoutEffectOnFiber @ webpack-internal:///…evelopment.js:21407
recursivelyTraverseLayoutEffects @ webpack-internal:///…evelopment.js:22926
commitLayoutEffectOnFiber @ webpack-internal:///…evelopment.js:21577
recursivelyTraverseLayoutEffects @ webpack-internal:///…evelopment.js:22926
commitLayoutEffectOnFiber @ webpack-internal:///…evelopment.js:21577
recursivelyTraverseLayoutEffects @ webpack-internal:///…evelopment.js:22926
commitLayoutEffectOnFiber @ webpack-internal:///…evelopment.js:21577
recursivelyTraverseLayoutEffects @ webpack-internal:///…evelopment.js:22926
commitLayoutEffectOnFiber @ webpack-internal:///…evelopment.js:21577
recursivelyTraverseLayoutEffects @ webpack-internal:///…evelopment.js:22926
commitLayoutEffectOnFiber @ webpack-internal:///…evelopment.js:21577
recursivelyTraverseLayoutEffects @ webpack-internal:///…evelopment.js:22926
commitLayoutEffectOnFiber @ webpack-internal:///…evelopment.js:21577
recursivelyTraverseLayoutEffects @ webpack-internal:///…evelopment.js:22926
commitLayoutEffectOnFiber @ webpack-internal:///…evelopment.js:21407
recursivelyTraverseLayoutEffects @ webpack-internal:///…evelopment.js:22926
commitLayoutEffectOnFiber @ webpack-internal:///…evelopment.js:21418
recursivelyTraverseLayoutEffects @ webpack-internal:///…evelopment.js:22926
commitLayoutEffectOnFiber @ webpack-internal:///…evelopment.js:21407
recursivelyTraverseLayoutEffects @ webpack-internal:///…evelopment.js:22926
commitLayoutEffectOnFiber @ webpack-internal:///…evelopment.js:21407
recursivelyTraverseLayoutEffects @ webpack-internal:///…evelopment.js:22926
commitLayoutEffectOnFiber @ webpack-internal:///…evelopment.js:21407
recursivelyTraverseLayoutEffects @ webpack-internal:///…evelopment.js:22926
commitLayoutEffectOnFiber @ webpack-internal:///…evelopment.js:21407
recursivelyTraverseLayoutEffects @ webpack-internal:///…evelopment.js:22926
commitLayoutEffectOnFiber @ webpack-internal:///…evelopment.js:21577
recursivelyTraverseLayoutEffects @ webpack-internal:///…evelopment.js:22926
commitLayoutEffectOnFiber @ webpack-internal:///…evelopment.js:21577
recursivelyTraverseLayoutEffects @ webpack-internal:///…evelopment.js:22926
commitLayoutEffectOnFiber @ webpack-internal:///…evelopment.js:21577
recursivelyTraverseLayoutEffects @ webpack-internal:///…evelopment.js:22926
commitLayoutEffectOnFiber @ webpack-internal:///…evelopment.js:21437
commitLayoutEffects @ webpack-internal:///…evelopment.js:22912
commitRootImpl @ webpack-internal:///…evelopment.js:26226
commitRoot @ webpack-internal:///…evelopment.js:26077
commitRootWhenReady @ webpack-internal:///…evelopment.js:24749
finishConcurrentRender @ webpack-internal:///…evelopment.js:24714
performConcurrentWorkOnRoot @ webpack-internal:///…evelopment.js:24559
workLoop @ webpack-internal:///….development.js:256
flushWork @ webpack-internal:///….development.js:225
performWorkUntilDeadline @ webpack-internal:///….development.js:534
15:56:45.047  [CallModal] 🔄 Waiting for stream to become active for cmeifml0h001okung0i95m8s6
15:56:45.049  ChatSidebar: Conversations updated, count: 4
15:56:45.050  ChatSidebar: Latest conversation: cmfbwdnf60000kuzg41ovkra2 last message: cmfc8zta3000bkulfrpl6vutn
15:56:45.050  [VoiceActivity] Effect triggered: {hasStream: true, streamId: '34fa4aea-da9c-415d-afda-d1f0034b119c', audioTracks: 0, threshold: -40}
15:56:45.051  [VoiceActivity] No audio tracks in stream, cleaning up
15:56:45.051  [CallModal] Initialized active participants (excluding self): ['cmeifml0h001okung0i95m8s6']
15:56:45.051  [CallModal] Skipping connection verification - no WebRTC or participants
15:56:45.052  [VoiceActivity] Effect triggered: {hasStream: true, streamId: '34fa4aea-da9c-415d-afda-d1f0034b119c', audioTracks: 0, threshold: -40}
15:56:45.052  [VoiceActivity] No audio tracks in stream, cleaning up
15:56:45.053  [CallModal] Rendered - voice call opened
15:56:45.053  [CallModal] Rendered - voice call opened
15:56:45.057  [VoiceParticipant] Tester voice activity debug: {participantId: 'cmeifml0h001okung0i95m8s6', hasOriginalStream: true, hasLatestStream: true, streamActive: false, audioTracksCount: 0, …}
15:56:45.059  [CallModal] 🔊 Setting up audio element for participant cmeifml0h001okung0i95m8s6
15:56:45.060  [CallModal] Stream details: {id: '34fa4aea-da9c-415d-afda-d1f0034b119c', active: false, audioTracks: Array(0)}
15:56:45.060  [CallModal] Previous audio element for cmeifml0h001okung0i95m8s6: false
15:56:45.062  [CallModal] Cleared previous srcObject for cmeifml0h001okung0i95m8s6
15:56:45.062  [CallModal] 🔄 Stream not ready, waiting...
15:56:45.063  [CallModal] ❌ Initial audio play failed for cmeifml0h001okung0i95m8s6: 
attemptPlay @ webpack-internal:///…/CallModal.tsx:3124
ref @ webpack-internal:///…/CallModal.tsx:3158
commitAttachRef @ webpack-internal:///…evelopment.js:21677
safelyAttachRef @ webpack-internal:///…evelopment.js:20803
commitLayoutEffectOnFiber @ webpack-internal:///…evelopment.js:21498
recursivelyTraverseLayoutEffects @ webpack-internal:///…evelopment.js:22926
commitLayoutEffectOnFiber @ webpack-internal:///…evelopment.js:21577
recursivelyTraverseLayoutEffects @ webpack-internal:///…evelopment.js:22926
commitLayoutEffectOnFiber @ webpack-internal:///…evelopment.js:21488
recursivelyTraverseLayoutEffects @ webpack-internal:///…evelopment.js:22926
commitLayoutEffectOnFiber @ webpack-internal:///…evelopment.js:21488
recursivelyTraverseLayoutEffects @ webpack-internal:///…evelopment.js:22926
commitLayoutEffectOnFiber @ webpack-internal:///…evelopment.js:21488
recursivelyTraverseLayoutEffects @ webpack-internal:///…evelopment.js:22926
commitLayoutEffectOnFiber @ webpack-internal:///…evelopment.js:21488
recursivelyTraverseLayoutEffects @ webpack-internal:///…evelopment.js:22926
commitLayoutEffectOnFiber @ webpack-internal:///…evelopment.js:21407
recursivelyTraverseLayoutEffects @ webpack-internal:///…evelopment.js:22926
commitLayoutEffectOnFiber @ webpack-internal:///…evelopment.js:21407
recursivelyTraverseLayoutEffects @ webpack-internal:///…evelopment.js:22926
commitLayoutEffectOnFiber @ webpack-internal:///…evelopment.js:21577
recursivelyTraverseLayoutEffects @ webpack-internal:///…evelopment.js:22926
commitLayoutEffectOnFiber @ webpack-internal:///…evelopment.js:21407
recursivelyTraverseLayoutEffects @ webpack-internal:///…evelopment.js:22926
commitLayoutEffectOnFiber @ webpack-internal:///…evelopment.js:21577
recursivelyTraverseLayoutEffects @ webpack-internal:///…evelopment.js:22926
commitLayoutEffectOnFiber @ webpack-internal:///…evelopment.js:21407
recursivelyTraverseLayoutEffects @ webpack-internal:///…evelopment.js:22926
commitLayoutEffectOnFiber @ webpack-internal:///…evelopment.js:21577
recursivelyTraverseLayoutEffects @ webpack-internal:///…evelopment.js:22926
commitLayoutEffectOnFiber @ webpack-internal:///…evelopment.js:21407
recursivelyTraverseLayoutEffects @ webpack-internal:///…evelopment.js:22926
commitLayoutEffectOnFiber @ webpack-internal:///…evelopment.js:21577
recursivelyTraverseLayoutEffects @ webpack-internal:///…evelopment.js:22926
commitLayoutEffectOnFiber @ webpack-internal:///…evelopment.js:21407
recursivelyTraverseLayoutEffects @ webpack-internal:///…evelopment.js:22926
commitLayoutEffectOnFiber @ webpack-internal:///…evelopment.js:21407
recursivelyTraverseLayoutEffects @ webpack-internal:///…evelopment.js:22926
commitLayoutEffectOnFiber @ webpack-internal:///…evelopment.js:21488
recursivelyTraverseLayoutEffects @ webpack-internal:///…evelopment.js:22926
commitLayoutEffectOnFiber @ webpack-internal:///…evelopment.js:21488
recursivelyTraverseLayoutEffects @ webpack-internal:///…evelopment.js:22926
commitLayoutEffectOnFiber @ webpack-internal:///…evelopment.js:21577
recursivelyTraverseLayoutEffects @ webpack-internal:///…evelopment.js:22926
commitLayoutEffectOnFiber @ webpack-internal:///…evelopment.js:21577
recursivelyTraverseLayoutEffects @ webpack-internal:///…evelopment.js:22926
commitLayoutEffectOnFiber @ webpack-internal:///…evelopment.js:21418
recursivelyTraverseLayoutEffects @ webpack-internal:///…evelopment.js:22926
commitLayoutEffectOnFiber @ webpack-internal:///…evelopment.js:21407
recursivelyTraverseLayoutEffects @ webpack-internal:///…evelopment.js:22926
commitLayoutEffectOnFiber @ webpack-internal:///…evelopment.js:21577
recursivelyTraverseLayoutEffects @ webpack-internal:///…evelopment.js:22926
commitLayoutEffectOnFiber @ webpack-internal:///…evelopment.js:21418
recursivelyTraverseLayoutEffects @ webpack-internal:///…evelopment.js:22926
commitLayoutEffectOnFiber @ webpack-internal:///…evelopment.js:21407
recursivelyTraverseLayoutEffects @ webpack-internal:///…evelopment.js:22926
commitLayoutEffectOnFiber @ webpack-internal:///…evelopment.js:21407
recursivelyTraverseLayoutEffects @ webpack-internal:///…evelopment.js:22926
commitLayoutEffectOnFiber @ webpack-internal:///…evelopment.js:21418
recursivelyTraverseLayoutEffects @ webpack-internal:///…evelopment.js:22926
commitLayoutEffectOnFiber @ webpack-internal:///…evelopment.js:21407
recursivelyTraverseLayoutEffects @ webpack-internal:///…evelopment.js:22926
commitLayoutEffectOnFiber @ webpack-internal:///…evelopment.js:21577
recursivelyTraverseLayoutEffects @ webpack-internal:///…evelopment.js:22926
commitLayoutEffectOnFiber @ webpack-internal:///…evelopment.js:21577
recursivelyTraverseLayoutEffects @ webpack-internal:///…evelopment.js:22926
commitLayoutEffectOnFiber @ webpack-internal:///…evelopment.js:21577
recursivelyTraverseLayoutEffects @ webpack-internal:///…evelopment.js:22926
commitLayoutEffectOnFiber @ webpack-internal:///…evelopment.js:21577
recursivelyTraverseLayoutEffects @ webpack-internal:///…evelopment.js:22926
commitLayoutEffectOnFiber @ webpack-internal:///…evelopment.js:21577
recursivelyTraverseLayoutEffects @ webpack-internal:///…evelopment.js:22926
commitLayoutEffectOnFiber @ webpack-internal:///…evelopment.js:21577
recursivelyTraverseLayoutEffects @ webpack-internal:///…evelopment.js:22926
commitLayoutEffectOnFiber @ webpack-internal:///…evelopment.js:21407
recursivelyTraverseLayoutEffects @ webpack-internal:///…evelopment.js:22926
commitLayoutEffectOnFiber @ webpack-internal:///…evelopment.js:21418
recursivelyTraverseLayoutEffects @ webpack-internal:///…evelopment.js:22926
commitLayoutEffectOnFiber @ webpack-internal:///…evelopment.js:21407
recursivelyTraverseLayoutEffects @ webpack-internal:///…evelopment.js:22926
commitLayoutEffectOnFiber @ webpack-internal:///…evelopment.js:21407
recursivelyTraverseLayoutEffects @ webpack-internal:///…evelopment.js:22926
commitLayoutEffectOnFiber @ webpack-internal:///…evelopment.js:21407
recursivelyTraverseLayoutEffects @ webpack-internal:///…evelopment.js:22926
commitLayoutEffectOnFiber @ webpack-internal:///…evelopment.js:21407
recursivelyTraverseLayoutEffects @ webpack-internal:///…evelopment.js:22926
commitLayoutEffectOnFiber @ webpack-internal:///…evelopment.js:21577
recursivelyTraverseLayoutEffects @ webpack-internal:///…evelopment.js:22926
commitLayoutEffectOnFiber @ webpack-internal:///…evelopment.js:21577
recursivelyTraverseLayoutEffects @ webpack-internal:///…evelopment.js:22926
commitLayoutEffectOnFiber @ webpack-internal:///…evelopment.js:21577
recursivelyTraverseLayoutEffects @ webpack-internal:///…evelopment.js:22926
commitLayoutEffectOnFiber @ webpack-internal:///…evelopment.js:21437
commitLayoutEffects @ webpack-internal:///…evelopment.js:22912
commitRootImpl @ webpack-internal:///…evelopment.js:26226
commitRoot @ webpack-internal:///…evelopment.js:26077
commitRootWhenReady @ webpack-internal:///…evelopment.js:24749
finishConcurrentRender @ webpack-internal:///…evelopment.js:24714
performConcurrentWorkOnRoot @ webpack-internal:///…evelopment.js:24559
workLoop @ webpack-internal:///….development.js:256
flushWork @ webpack-internal:///….development.js:225
performWorkUntilDeadline @ webpack-internal:///….development.js:534
15:56:45.063  [CallModal] 🔄 Waiting for stream to become active for cmeifml0h001okung0i95m8s6
15:56:45.064  [VoiceActivity] Effect triggered: {hasStream: true, streamId: '34fa4aea-da9c-415d-afda-d1f0034b119c', audioTracks: 0, threshold: -40}
15:56:45.065  [VoiceActivity] No audio tracks in stream, cleaning up
15:56:45.065  [VoiceActivity] Effect triggered: {hasStream: true, streamId: '34fa4aea-da9c-415d-afda-d1f0034b119c', audioTracks: 0, threshold: -40}
15:56:45.065  [VoiceActivity] No audio tracks in stream, cleaning up
15:56:45.112  [WebRTC] 🔍 Post-offer state for cmeifml0h001okung0i95m8s6 : {connectionState: 'connecting', signalingState: 'stable', iceConnectionState: 'connected', iceGatheringState: 'complete'}
15:56:45.117  [CallModal] Skipping connection verification - no WebRTC or participants
15:56:45.122  [CallModal] Updated peer connections for performance monitoring: 2
15:56:45.122  [CallModal] Peer connection participants: (2) ['cmeifml0h001okung0i95m8s6', 'cmeifn5qp002dkunge64m0xss']
15:56:45.123  [CallModal] Rendered - voice call opened
15:56:45.124  [CallModal] Rendered - voice call opened
15:56:45.125  [VoiceParticipant] Tester voice activity debug: {participantId: 'cmeifml0h001okung0i95m8s6', hasOriginalStream: true, hasLatestStream: true, streamActive: false, audioTracksCount: 0, …}
15:56:45.126  [CallModal] 🔊 Setting up audio element for participant cmeifml0h001okung0i95m8s6
15:56:45.127  [CallModal] Stream details: {id: '34fa4aea-da9c-415d-afda-d1f0034b119c', active: false, audioTracks: Array(0)}
15:56:45.127  [CallModal] Previous audio element for cmeifml0h001okung0i95m8s6: false
15:56:45.129  [CallModal] Cleared previous srcObject for cmeifml0h001okung0i95m8s6
15:56:45.130  [CallModal] 🔄 Stream not ready, waiting...
15:56:45.130  [CallModal] ❌ Initial audio play failed for cmeifml0h001okung0i95m8s6: 
attemptPlay @ webpack-internal:///…/CallModal.tsx:3124
ref @ webpack-internal:///…/CallModal.tsx:3158
commitAttachRef @ webpack-internal:///…evelopment.js:21677
safelyAttachRef @ webpack-internal:///…evelopment.js:20803
commitLayoutEffectOnFiber @ webpack-internal:///…evelopment.js:21498
recursivelyTraverseLayoutEffects @ webpack-internal:///…evelopment.js:22926
commitLayoutEffectOnFiber @ webpack-internal:///…evelopment.js:21577
recursivelyTraverseLayoutEffects @ webpack-internal:///…evelopment.js:22926
commitLayoutEffectOnFiber @ webpack-internal:///…evelopment.js:21488
recursivelyTraverseLayoutEffects @ webpack-internal:///…evelopment.js:22926
commitLayoutEffectOnFiber @ webpack-internal:///…evelopment.js:21488
recursivelyTraverseLayoutEffects @ webpack-internal:///…evelopment.js:22926
commitLayoutEffectOnFiber @ webpack-internal:///…evelopment.js:21488
recursivelyTraverseLayoutEffects @ webpack-internal:///…evelopment.js:22926
commitLayoutEffectOnFiber @ webpack-internal:///…evelopment.js:21488
recursivelyTraverseLayoutEffects @ webpack-internal:///…evelopment.js:22926
commitLayoutEffectOnFiber @ webpack-internal:///…evelopment.js:21407
recursivelyTraverseLayoutEffects @ webpack-internal:///…evelopment.js:22926
commitLayoutEffectOnFiber @ webpack-internal:///…evelopment.js:21407
recursivelyTraverseLayoutEffects @ webpack-internal:///…evelopment.js:22926
commitLayoutEffectOnFiber @ webpack-internal:///…evelopment.js:21577
recursivelyTraverseLayoutEffects @ webpack-internal:///…evelopment.js:22926
commitLayoutEffectOnFiber @ webpack-internal:///…evelopment.js:21407
recursivelyTraverseLayoutEffects @ webpack-internal:///…evelopment.js:22926
commitLayoutEffectOnFiber @ webpack-internal:///…evelopment.js:21577
recursivelyTraverseLayoutEffects @ webpack-internal:///…evelopment.js:22926
commitLayoutEffectOnFiber @ webpack-internal:///…evelopment.js:21407
recursivelyTraverseLayoutEffects @ webpack-internal:///…evelopment.js:22926
commitLayoutEffectOnFiber @ webpack-internal:///…evelopment.js:21577
recursivelyTraverseLayoutEffects @ webpack-internal:///…evelopment.js:22926
commitLayoutEffectOnFiber @ webpack-internal:///…evelopment.js:21407
recursivelyTraverseLayoutEffects @ webpack-internal:///…evelopment.js:22926
commitLayoutEffectOnFiber @ webpack-internal:///…evelopment.js:21577
recursivelyTraverseLayoutEffects @ webpack-internal:///…evelopment.js:22926
commitLayoutEffectOnFiber @ webpack-internal:///…evelopment.js:21407
recursivelyTraverseLayoutEffects @ webpack-internal:///…evelopment.js:22926
commitLayoutEffectOnFiber @ webpack-internal:///…evelopment.js:21407
recursivelyTraverseLayoutEffects @ webpack-internal:///…evelopment.js:22926
commitLayoutEffectOnFiber @ webpack-internal:///…evelopment.js:21488
recursivelyTraverseLayoutEffects @ webpack-internal:///…evelopment.js:22926
commitLayoutEffectOnFiber @ webpack-internal:///…evelopment.js:21488
recursivelyTraverseLayoutEffects @ webpack-internal:///…evelopment.js:22926
commitLayoutEffectOnFiber @ webpack-internal:///…evelopment.js:21577
recursivelyTraverseLayoutEffects @ webpack-internal:///…evelopment.js:22926
commitLayoutEffectOnFiber @ webpack-internal:///…evelopment.js:21577
recursivelyTraverseLayoutEffects @ webpack-internal:///…evelopment.js:22926
commitLayoutEffectOnFiber @ webpack-internal:///…evelopment.js:21418
recursivelyTraverseLayoutEffects @ webpack-internal:///…evelopment.js:22926
commitLayoutEffectOnFiber @ webpack-internal:///…evelopment.js:21407
recursivelyTraverseLayoutEffects @ webpack-internal:///…evelopment.js:22926
commitLayoutEffectOnFiber @ webpack-internal:///…evelopment.js:21577
recursivelyTraverseLayoutEffects @ webpack-internal:///…evelopment.js:22926
commitLayoutEffectOnFiber @ webpack-internal:///…evelopment.js:21418
recursivelyTraverseLayoutEffects @ webpack-internal:///…evelopment.js:22926
commitLayoutEffectOnFiber @ webpack-internal:///…evelopment.js:21407
recursivelyTraverseLayoutEffects @ webpack-internal:///…evelopment.js:22926
commitLayoutEffectOnFiber @ webpack-internal:///…evelopment.js:21407
recursivelyTraverseLayoutEffects @ webpack-internal:///…evelopment.js:22926
commitLayoutEffectOnFiber @ webpack-internal:///…evelopment.js:21418
recursivelyTraverseLayoutEffects @ webpack-internal:///…evelopment.js:22926
commitLayoutEffectOnFiber @ webpack-internal:///…evelopment.js:21407
recursivelyTraverseLayoutEffects @ webpack-internal:///…evelopment.js:22926
commitLayoutEffectOnFiber @ webpack-internal:///…evelopment.js:21577
recursivelyTraverseLayoutEffects @ webpack-internal:///…evelopment.js:22926
commitLayoutEffectOnFiber @ webpack-internal:///…evelopment.js:21577
recursivelyTraverseLayoutEffects @ webpack-internal:///…evelopment.js:22926
commitLayoutEffectOnFiber @ webpack-internal:///…evelopment.js:21577
recursivelyTraverseLayoutEffects @ webpack-internal:///…evelopment.js:22926
commitLayoutEffectOnFiber @ webpack-internal:///…evelopment.js:21577
recursivelyTraverseLayoutEffects @ webpack-internal:///…evelopment.js:22926
commitLayoutEffectOnFiber @ webpack-internal:///…evelopment.js:21577
recursivelyTraverseLayoutEffects @ webpack-internal:///…evelopment.js:22926
commitLayoutEffectOnFiber @ webpack-internal:///…evelopment.js:21577
recursivelyTraverseLayoutEffects @ webpack-internal:///…evelopment.js:22926
commitLayoutEffectOnFiber @ webpack-internal:///…evelopment.js:21407
recursivelyTraverseLayoutEffects @ webpack-internal:///…evelopment.js:22926
commitLayoutEffectOnFiber @ webpack-internal:///…evelopment.js:21418
recursivelyTraverseLayoutEffects @ webpack-internal:///…evelopment.js:22926
commitLayoutEffectOnFiber @ webpack-internal:///…evelopment.js:21407
recursivelyTraverseLayoutEffects @ webpack-internal:///…evelopment.js:22926
commitLayoutEffectOnFiber @ webpack-internal:///…evelopment.js:21407
recursivelyTraverseLayoutEffects @ webpack-internal:///…evelopment.js:22926
commitLayoutEffectOnFiber @ webpack-internal:///…evelopment.js:21407
recursivelyTraverseLayoutEffects @ webpack-internal:///…evelopment.js:22926
commitLayoutEffectOnFiber @ webpack-internal:///…evelopment.js:21407
recursivelyTraverseLayoutEffects @ webpack-internal:///…evelopment.js:22926
commitLayoutEffectOnFiber @ webpack-internal:///…evelopment.js:21577
recursivelyTraverseLayoutEffects @ webpack-internal:///…evelopment.js:22926
commitLayoutEffectOnFiber @ webpack-internal:///…evelopment.js:21577
recursivelyTraverseLayoutEffects @ webpack-internal:///…evelopment.js:22926
commitLayoutEffectOnFiber @ webpack-internal:///…evelopment.js:21577
recursivelyTraverseLayoutEffects @ webpack-internal:///…evelopment.js:22926
commitLayoutEffectOnFiber @ webpack-internal:///…evelopment.js:21437
commitLayoutEffects @ webpack-internal:///…evelopment.js:22912
commitRootImpl @ webpack-internal:///…evelopment.js:26226
commitRoot @ webpack-internal:///…evelopment.js:26077
commitRootWhenReady @ webpack-internal:///…evelopment.js:24749
finishConcurrentRender @ webpack-internal:///…evelopment.js:24714
performConcurrentWorkOnRoot @ webpack-internal:///…evelopment.js:24559
workLoop @ webpack-internal:///….development.js:256
flushWork @ webpack-internal:///….development.js:225
performWorkUntilDeadline @ webpack-internal:///….development.js:534
15:56:45.131  [CallModal] 🔄 Waiting for stream to become active for cmeifml0h001okung0i95m8s6
15:56:45.132  [VoiceActivity] Effect triggered: {hasStream: true, streamId: '34fa4aea-da9c-415d-afda-d1f0034b119c', audioTracks: 0, threshold: -40}
15:56:45.133  [VoiceActivity] No audio tracks in stream, cleaning up
15:56:45.134  [useCallPerformance] Connection states: (2) [{…}, {…}]
15:56:45.134  [useCallPerformance] Starting monitoring for 2 valid connections
15:56:45.135  [VoiceActivity] Effect triggered: {hasStream: true, streamId: '34fa4aea-da9c-415d-afda-d1f0034b119c', audioTracks: 0, threshold: -40}
15:56:45.135  [VoiceActivity] No audio tracks in stream, cleaning up
15:56:45.136  [useCallPerformance] Network metrics: {audioPacketLoss: 0, videoPacketLoss: 0, videoFrameRate: 0, latency: 1, callType: 'voice'}
15:56:45.136  [useCallPerformance] No valid network data yet, assuming good quality
15:56:45.138  [CallModal] Rendered - voice call opened
15:56:45.138  [CallModal] Rendered - voice call opened
15:56:45.138  [VoiceParticipant] Tester voice activity debug: {participantId: 'cmeifml0h001okung0i95m8s6', hasOriginalStream: true, hasLatestStream: true, streamActive: false, audioTracksCount: 0, …}
15:56:45.140  [CallModal] 🔊 Setting up audio element for participant cmeifml0h001okung0i95m8s6
15:56:45.140  [CallModal] Stream details: {id: '34fa4aea-da9c-415d-afda-d1f0034b119c', active: false, audioTracks: Array(0)}
15:56:45.140  [CallModal] Previous audio element for cmeifml0h001okung0i95m8s6: false
15:56:45.141  [CallModal] Cleared previous srcObject for cmeifml0h001okung0i95m8s6
15:56:45.142  [CallModal] 🔄 Stream not ready, waiting...
15:56:45.142  [CallModal] ❌ Initial audio play failed for cmeifml0h001okung0i95m8s6: 
attemptPlay @ webpack-internal:///…/CallModal.tsx:3124
ref @ webpack-internal:///…/CallModal.tsx:3158
commitAttachRef @ webpack-internal:///…evelopment.js:21677
safelyAttachRef @ webpack-internal:///…evelopment.js:20803
commitLayoutEffectOnFiber @ webpack-internal:///…evelopment.js:21498
recursivelyTraverseLayoutEffects @ webpack-internal:///…evelopment.js:22926
commitLayoutEffectOnFiber @ webpack-internal:///…evelopment.js:21577
recursivelyTraverseLayoutEffects @ webpack-internal:///…evelopment.js:22926
commitLayoutEffectOnFiber @ webpack-internal:///…evelopment.js:21488
recursivelyTraverseLayoutEffects @ webpack-internal:///…evelopment.js:22926
commitLayoutEffectOnFiber @ webpack-internal:///…evelopment.js:21488
recursivelyTraverseLayoutEffects @ webpack-internal:///…evelopment.js:22926
commitLayoutEffectOnFiber @ webpack-internal:///…evelopment.js:21488
recursivelyTraverseLayoutEffects @ webpack-internal:///…evelopment.js:22926
commitLayoutEffectOnFiber @ webpack-internal:///…evelopment.js:21488
recursivelyTraverseLayoutEffects @ webpack-internal:///…evelopment.js:22926
commitLayoutEffectOnFiber @ webpack-internal:///…evelopment.js:21407
recursivelyTraverseLayoutEffects @ webpack-internal:///…evelopment.js:22926
commitLayoutEffectOnFiber @ webpack-internal:///…evelopment.js:21407
recursivelyTraverseLayoutEffects @ webpack-internal:///…evelopment.js:22926
commitLayoutEffectOnFiber @ webpack-internal:///…evelopment.js:21577
recursivelyTraverseLayoutEffects @ webpack-internal:///…evelopment.js:22926
commitLayoutEffectOnFiber @ webpack-internal:///…evelopment.js:21407
recursivelyTraverseLayoutEffects @ webpack-internal:///…evelopment.js:22926
commitLayoutEffectOnFiber @ webpack-internal:///…evelopment.js:21577
recursivelyTraverseLayoutEffects @ webpack-internal:///…evelopment.js:22926
commitLayoutEffectOnFiber @ webpack-internal:///…evelopment.js:21407
recursivelyTraverseLayoutEffects @ webpack-internal:///…evelopment.js:22926
commitLayoutEffectOnFiber @ webpack-internal:///…evelopment.js:21577
recursivelyTraverseLayoutEffects @ webpack-internal:///…evelopment.js:22926
commitLayoutEffectOnFiber @ webpack-internal:///…evelopment.js:21407
recursivelyTraverseLayoutEffects @ webpack-internal:///…evelopment.js:22926
commitLayoutEffectOnFiber @ webpack-internal:///…evelopment.js:21577
recursivelyTraverseLayoutEffects @ webpack-internal:///…evelopment.js:22926
commitLayoutEffectOnFiber @ webpack-internal:///…evelopment.js:21407
recursivelyTraverseLayoutEffects @ webpack-internal:///…evelopment.js:22926
commitLayoutEffectOnFiber @ webpack-internal:///…evelopment.js:21407
recursivelyTraverseLayoutEffects @ webpack-internal:///…evelopment.js:22926
commitLayoutEffectOnFiber @ webpack-internal:///…evelopment.js:21488
recursivelyTraverseLayoutEffects @ webpack-internal:///…evelopment.js:22926
commitLayoutEffectOnFiber @ webpack-internal:///…evelopment.js:21488
recursivelyTraverseLayoutEffects @ webpack-internal:///…evelopment.js:22926
commitLayoutEffectOnFiber @ webpack-internal:///…evelopment.js:21577
recursivelyTraverseLayoutEffects @ webpack-internal:///…evelopment.js:22926
commitLayoutEffectOnFiber @ webpack-internal:///…evelopment.js:21577
recursivelyTraverseLayoutEffects @ webpack-internal:///…evelopment.js:22926
commitLayoutEffectOnFiber @ webpack-internal:///…evelopment.js:21418
recursivelyTraverseLayoutEffects @ webpack-internal:///…evelopment.js:22926
commitLayoutEffectOnFiber @ webpack-internal:///…evelopment.js:21407
recursivelyTraverseLayoutEffects @ webpack-internal:///…evelopment.js:22926
commitLayoutEffectOnFiber @ webpack-internal:///…evelopment.js:21577
recursivelyTraverseLayoutEffects @ webpack-internal:///…evelopment.js:22926
commitLayoutEffectOnFiber @ webpack-internal:///…evelopment.js:21418
recursivelyTraverseLayoutEffects @ webpack-internal:///…evelopment.js:22926
commitLayoutEffectOnFiber @ webpack-internal:///…evelopment.js:21407
recursivelyTraverseLayoutEffects @ webpack-internal:///…evelopment.js:22926
commitLayoutEffectOnFiber @ webpack-internal:///…evelopment.js:21407
recursivelyTraverseLayoutEffects @ webpack-internal:///…evelopment.js:22926
commitLayoutEffectOnFiber @ webpack-internal:///…evelopment.js:21418
recursivelyTraverseLayoutEffects @ webpack-internal:///…evelopment.js:22926
commitLayoutEffectOnFiber @ webpack-internal:///…evelopment.js:21407
recursivelyTraverseLayoutEffects @ webpack-internal:///…evelopment.js:22926
commitLayoutEffectOnFiber @ webpack-internal:///…evelopment.js:21577
recursivelyTraverseLayoutEffects @ webpack-internal:///…evelopment.js:22926
commitLayoutEffectOnFiber @ webpack-internal:///…evelopment.js:21577
recursivelyTraverseLayoutEffects @ webpack-internal:///…evelopment.js:22926
commitLayoutEffectOnFiber @ webpack-internal:///…evelopment.js:21577
recursivelyTraverseLayoutEffects @ webpack-internal:///…evelopment.js:22926
commitLayoutEffectOnFiber @ webpack-internal:///…evelopment.js:21577
recursivelyTraverseLayoutEffects @ webpack-internal:///…evelopment.js:22926
commitLayoutEffectOnFiber @ webpack-internal:///…evelopment.js:21577
recursivelyTraverseLayoutEffects @ webpack-internal:///…evelopment.js:22926
commitLayoutEffectOnFiber @ webpack-internal:///…evelopment.js:21577
recursivelyTraverseLayoutEffects @ webpack-internal:///…evelopment.js:22926
commitLayoutEffectOnFiber @ webpack-internal:///…evelopment.js:21407
recursivelyTraverseLayoutEffects @ webpack-internal:///…evelopment.js:22926
commitLayoutEffectOnFiber @ webpack-internal:///…evelopment.js:21418
recursivelyTraverseLayoutEffects @ webpack-internal:///…evelopment.js:22926
commitLayoutEffectOnFiber @ webpack-internal:///…evelopment.js:21407
recursivelyTraverseLayoutEffects @ webpack-internal:///…evelopment.js:22926
commitLayoutEffectOnFiber @ webpack-internal:///…evelopment.js:21407
recursivelyTraverseLayoutEffects @ webpack-internal:///…evelopment.js:22926
commitLayoutEffectOnFiber @ webpack-internal:///…evelopment.js:21407
recursivelyTraverseLayoutEffects @ webpack-internal:///…evelopment.js:22926
commitLayoutEffectOnFiber @ webpack-internal:///…evelopment.js:21407
recursivelyTraverseLayoutEffects @ webpack-internal:///…evelopment.js:22926
commitLayoutEffectOnFiber @ webpack-internal:///…evelopment.js:21577
recursivelyTraverseLayoutEffects @ webpack-internal:///…evelopment.js:22926
commitLayoutEffectOnFiber @ webpack-internal:///…evelopment.js:21577
recursivelyTraverseLayoutEffects @ webpack-internal:///…evelopment.js:22926
commitLayoutEffectOnFiber @ webpack-internal:///…evelopment.js:21577
recursivelyTraverseLayoutEffects @ webpack-internal:///…evelopment.js:22926
commitLayoutEffectOnFiber @ webpack-internal:///…evelopment.js:21437
commitLayoutEffects @ webpack-internal:///…evelopment.js:22912
commitRootImpl @ webpack-internal:///…evelopment.js:26226
commitRoot @ webpack-internal:///…evelopment.js:26077
commitRootWhenReady @ webpack-internal:///…evelopment.js:24749
finishConcurrentRender @ webpack-internal:///…evelopment.js:24714
performConcurrentWorkOnRoot @ webpack-internal:///…evelopment.js:24559
workLoop @ webpack-internal:///….development.js:256
flushWork @ webpack-internal:///….development.js:225
performWorkUntilDeadline @ webpack-internal:///….development.js:534
15:56:45.142  [CallModal] 🔄 Waiting for stream to become active for cmeifml0h001okung0i95m8s6
15:56:45.143  [VoiceActivity] Effect triggered: {hasStream: true, streamId: '34fa4aea-da9c-415d-afda-d1f0034b119c', audioTracks: 0, threshold: -40}
15:56:45.143  [VoiceActivity] No audio tracks in stream, cleaning up
15:56:45.143  [VoiceActivity] Effect triggered: {hasStream: true, streamId: '34fa4aea-da9c-415d-afda-d1f0034b119c', audioTracks: 0, threshold: -40}
15:56:45.144  [VoiceActivity] No audio tracks in stream, cleaning up
15:56:46.105  [CallModal] Skipping connection verification - no WebRTC or participants
15:56:46.108  [CallModal] Skipping connection verification - no WebRTC or participants
15:56:46.108  [CallModal] Skipping connection verification - no WebRTC or participants
15:56:46.109  [CallModal] Rendered - voice call opened
15:56:46.110  [CallModal] Rendered - voice call opened
15:56:46.110  [VoiceParticipant] Tester voice activity debug: {participantId: 'cmeifml0h001okung0i95m8s6', hasOriginalStream: true, hasLatestStream: true, streamActive: false, audioTracksCount: 0, …}
15:56:46.113  [CallModal] 🔊 Setting up audio element for participant cmeifml0h001okung0i95m8s6
15:56:46.113  [CallModal] Stream details: {id: '34fa4aea-da9c-415d-afda-d1f0034b119c', active: false, audioTracks: Array(0)}
15:56:46.114  [CallModal] Previous audio element for cmeifml0h001okung0i95m8s6: false
15:56:46.115  [CallModal] Cleared previous srcObject for cmeifml0h001okung0i95m8s6
15:56:46.116  [CallModal] 🔄 Stream not ready, waiting...
15:56:46.117  [CallModal] ❌ Initial audio play failed for cmeifml0h001okung0i95m8s6: 
attemptPlay @ webpack-internal:///…/CallModal.tsx:3124
ref @ webpack-internal:///…/CallModal.tsx:3158
commitAttachRef @ webpack-internal:///…evelopment.js:21677
safelyAttachRef @ webpack-internal:///…evelopment.js:20803
commitLayoutEffectOnFiber @ webpack-internal:///…evelopment.js:21498
recursivelyTraverseLayoutEffects @ webpack-internal:///…evelopment.js:22926
commitLayoutEffectOnFiber @ webpack-internal:///…evelopment.js:21577
recursivelyTraverseLayoutEffects @ webpack-internal:///…evelopment.js:22926
commitLayoutEffectOnFiber @ webpack-internal:///…evelopment.js:21488
recursivelyTraverseLayoutEffects @ webpack-internal:///…evelopment.js:22926
commitLayoutEffectOnFiber @ webpack-internal:///…evelopment.js:21488
recursivelyTraverseLayoutEffects @ webpack-internal:///…evelopment.js:22926
commitLayoutEffectOnFiber @ webpack-internal:///…evelopment.js:21488
recursivelyTraverseLayoutEffects @ webpack-internal:///…evelopment.js:22926
commitLayoutEffectOnFiber @ webpack-internal:///…evelopment.js:21488
recursivelyTraverseLayoutEffects @ webpack-internal:///…evelopment.js:22926
commitLayoutEffectOnFiber @ webpack-internal:///…evelopment.js:21407
recursivelyTraverseLayoutEffects @ webpack-internal:///…evelopment.js:22926
commitLayoutEffectOnFiber @ webpack-internal:///…evelopment.js:21407
recursivelyTraverseLayoutEffects @ webpack-internal:///…evelopment.js:22926
commitLayoutEffectOnFiber @ webpack-internal:///…evelopment.js:21577
recursivelyTraverseLayoutEffects @ webpack-internal:///…evelopment.js:22926
commitLayoutEffectOnFiber @ webpack-internal:///…evelopment.js:21407
recursivelyTraverseLayoutEffects @ webpack-internal:///…evelopment.js:22926
commitLayoutEffectOnFiber @ webpack-internal:///…evelopment.js:21577
recursivelyTraverseLayoutEffects @ webpack-internal:///…evelopment.js:22926
commitLayoutEffectOnFiber @ webpack-internal:///…evelopment.js:21407
recursivelyTraverseLayoutEffects @ webpack-internal:///…evelopment.js:22926
commitLayoutEffectOnFiber @ webpack-internal:///…evelopment.js:21577
recursivelyTraverseLayoutEffects @ webpack-internal:///…evelopment.js:22926
commitLayoutEffectOnFiber @ webpack-internal:///…evelopment.js:21407
recursivelyTraverseLayoutEffects @ webpack-internal:///…evelopment.js:22926
commitLayoutEffectOnFiber @ webpack-internal:///…evelopment.js:21577
recursivelyTraverseLayoutEffects @ webpack-internal:///…evelopment.js:22926
commitLayoutEffectOnFiber @ webpack-internal:///…evelopment.js:21407
recursivelyTraverseLayoutEffects @ webpack-internal:///…evelopment.js:22926
commitLayoutEffectOnFiber @ webpack-internal:///…evelopment.js:21407
recursivelyTraverseLayoutEffects @ webpack-internal:///…evelopment.js:22926
commitLayoutEffectOnFiber @ webpack-internal:///…evelopment.js:21488
recursivelyTraverseLayoutEffects @ webpack-internal:///…evelopment.js:22926
commitLayoutEffectOnFiber @ webpack-internal:///…evelopment.js:21488
recursivelyTraverseLayoutEffects @ webpack-internal:///…evelopment.js:22926
commitLayoutEffectOnFiber @ webpack-internal:///…evelopment.js:21577
recursivelyTraverseLayoutEffects @ webpack-internal:///…evelopment.js:22926
commitLayoutEffectOnFiber @ webpack-internal:///…evelopment.js:21577
recursivelyTraverseLayoutEffects @ webpack-internal:///…evelopment.js:22926
commitLayoutEffectOnFiber @ webpack-internal:///…evelopment.js:21418
recursivelyTraverseLayoutEffects @ webpack-internal:///…evelopment.js:22926
commitLayoutEffectOnFiber @ webpack-internal:///…evelopment.js:21407
recursivelyTraverseLayoutEffects @ webpack-internal:///…evelopment.js:22926
commitLayoutEffectOnFiber @ webpack-internal:///…evelopment.js:21577
recursivelyTraverseLayoutEffects @ webpack-internal:///…evelopment.js:22926
commitLayoutEffectOnFiber @ webpack-internal:///…evelopment.js:21418
recursivelyTraverseLayoutEffects @ webpack-internal:///…evelopment.js:22926
commitLayoutEffectOnFiber @ webpack-internal:///…evelopment.js:21407
recursivelyTraverseLayoutEffects @ webpack-internal:///…evelopment.js:22926
commitLayoutEffectOnFiber @ webpack-internal:///…evelopment.js:21407
recursivelyTraverseLayoutEffects @ webpack-internal:///…evelopment.js:22926
commitLayoutEffectOnFiber @ webpack-internal:///…evelopment.js:21418
recursivelyTraverseLayoutEffects @ webpack-internal:///…evelopment.js:22926
commitLayoutEffectOnFiber @ webpack-internal:///…evelopment.js:21407
recursivelyTraverseLayoutEffects @ webpack-internal:///…evelopment.js:22926
commitLayoutEffectOnFiber @ webpack-internal:///…evelopment.js:21577
recursivelyTraverseLayoutEffects @ webpack-internal:///…evelopment.js:22926
commitLayoutEffectOnFiber @ webpack-internal:///…evelopment.js:21577
recursivelyTraverseLayoutEffects @ webpack-internal:///…evelopment.js:22926
commitLayoutEffectOnFiber @ webpack-internal:///…evelopment.js:21577
recursivelyTraverseLayoutEffects @ webpack-internal:///…evelopment.js:22926
commitLayoutEffectOnFiber @ webpack-internal:///…evelopment.js:21577
recursivelyTraverseLayoutEffects @ webpack-internal:///…evelopment.js:22926
commitLayoutEffectOnFiber @ webpack-internal:///…evelopment.js:21577
recursivelyTraverseLayoutEffects @ webpack-internal:///…evelopment.js:22926
commitLayoutEffectOnFiber @ webpack-internal:///…evelopment.js:21577
recursivelyTraverseLayoutEffects @ webpack-internal:///…evelopment.js:22926
commitLayoutEffectOnFiber @ webpack-internal:///…evelopment.js:21407
recursivelyTraverseLayoutEffects @ webpack-internal:///…evelopment.js:22926
commitLayoutEffectOnFiber @ webpack-internal:///…evelopment.js:21418
recursivelyTraverseLayoutEffects @ webpack-internal:///…evelopment.js:22926
commitLayoutEffectOnFiber @ webpack-internal:///…evelopment.js:21407
recursivelyTraverseLayoutEffects @ webpack-internal:///…evelopment.js:22926
commitLayoutEffectOnFiber @ webpack-internal:///…evelopment.js:21407
recursivelyTraverseLayoutEffects @ webpack-internal:///…evelopment.js:22926
commitLayoutEffectOnFiber @ webpack-internal:///…evelopment.js:21407
recursivelyTraverseLayoutEffects @ webpack-internal:///…evelopment.js:22926
commitLayoutEffectOnFiber @ webpack-internal:///…evelopment.js:21407
recursivelyTraverseLayoutEffects @ webpack-internal:///…evelopment.js:22926
commitLayoutEffectOnFiber @ webpack-internal:///…evelopment.js:21577
recursivelyTraverseLayoutEffects @ webpack-internal:///…evelopment.js:22926
commitLayoutEffectOnFiber @ webpack-internal:///…evelopment.js:21577
recursivelyTraverseLayoutEffects @ webpack-internal:///…evelopment.js:22926
commitLayoutEffectOnFiber @ webpack-internal:///…evelopment.js:21577
recursivelyTraverseLayoutEffects @ webpack-internal:///…evelopment.js:22926
commitLayoutEffectOnFiber @ webpack-internal:///…evelopment.js:21437
commitLayoutEffects @ webpack-internal:///…evelopment.js:22912
commitRootImpl @ webpack-internal:///…evelopment.js:26226
commitRoot @ webpack-internal:///…evelopment.js:26077
commitRootWhenReady @ webpack-internal:///…evelopment.js:24749
finishConcurrentRender @ webpack-internal:///…evelopment.js:24714
performConcurrentWorkOnRoot @ webpack-internal:///…evelopment.js:24559
workLoop @ webpack-internal:///….development.js:256
flushWork @ webpack-internal:///….development.js:225
performWorkUntilDeadline @ webpack-internal:///….development.js:534
15:56:46.118  [CallModal] 🔄 Waiting for stream to become active for cmeifml0h001okung0i95m8s6
15:56:46.120  [VoiceActivity] Effect triggered: {hasStream: true, streamId: '34fa4aea-da9c-415d-afda-d1f0034b119c', audioTracks: 0, threshold: -40}
15:56:46.121  [VoiceActivity] No audio tracks in stream, cleaning up
15:56:46.122  [VoiceActivity] Effect triggered: {hasStream: true, streamId: '34fa4aea-da9c-415d-afda-d1f0034b119c', audioTracks: 0, threshold: -40}
15:56:46.122  [VoiceActivity] No audio tracks in stream, cleaning up
15:56:47.110  [CallModal] Updated peer connections for performance monitoring: 2
15:56:47.110  [CallModal] Peer connection participants: (2) ['cmeifml0h001okung0i95m8s6', 'cmeifn5qp002dkunge64m0xss']
15:56:47.110  [CallModal] Skipping connection verification - no WebRTC or participants
15:56:47.111  [CallModal] Rendered - voice call opened
15:56:47.112  [CallModal] Rendered - voice call opened
15:56:47.112  [VoiceParticipant] Tester voice activity debug: {participantId: 'cmeifml0h001okung0i95m8s6', hasOriginalStream: true, hasLatestStream: true, streamActive: false, audioTracksCount: 0, …}
15:56:47.114  [CallModal] 🔊 Setting up audio element for participant cmeifml0h001okung0i95m8s6
15:56:47.114  [CallModal] Stream details: {id: '34fa4aea-da9c-415d-afda-d1f0034b119c', active: false, audioTracks: Array(0)}
15:56:47.115  [CallModal] Previous audio element for cmeifml0h001okung0i95m8s6: false
15:56:47.116  [CallModal] Cleared previous srcObject for cmeifml0h001okung0i95m8s6
15:56:47.116  [CallModal] 🔄 Stream not ready, waiting...
15:56:47.117  [CallModal] ❌ Initial audio play failed for cmeifml0h001okung0i95m8s6: 
attemptPlay @ webpack-internal:///…/CallModal.tsx:3124
ref @ webpack-internal:///…/CallModal.tsx:3158
commitAttachRef @ webpack-internal:///…evelopment.js:21677
safelyAttachRef @ webpack-internal:///…evelopment.js:20803
commitLayoutEffectOnFiber @ webpack-internal:///…evelopment.js:21498
recursivelyTraverseLayoutEffects @ webpack-internal:///…evelopment.js:22926
commitLayoutEffectOnFiber @ webpack-internal:///…evelopment.js:21577
recursivelyTraverseLayoutEffects @ webpack-internal:///…evelopment.js:22926
commitLayoutEffectOnFiber @ webpack-internal:///…evelopment.js:21488
recursivelyTraverseLayoutEffects @ webpack-internal:///…evelopment.js:22926
commitLayoutEffectOnFiber @ webpack-internal:///…evelopment.js:21488
recursivelyTraverseLayoutEffects @ webpack-internal:///…evelopment.js:22926
commitLayoutEffectOnFiber @ webpack-internal:///…evelopment.js:21488
recursivelyTraverseLayoutEffects @ webpack-internal:///…evelopment.js:22926
commitLayoutEffectOnFiber @ webpack-internal:///…evelopment.js:21488
recursivelyTraverseLayoutEffects @ webpack-internal:///…evelopment.js:22926
commitLayoutEffectOnFiber @ webpack-internal:///…evelopment.js:21407
recursivelyTraverseLayoutEffects @ webpack-internal:///…evelopment.js:22926
commitLayoutEffectOnFiber @ webpack-internal:///…evelopment.js:21407
recursivelyTraverseLayoutEffects @ webpack-internal:///…evelopment.js:22926
commitLayoutEffectOnFiber @ webpack-internal:///…evelopment.js:21577
recursivelyTraverseLayoutEffects @ webpack-internal:///…evelopment.js:22926
commitLayoutEffectOnFiber @ webpack-internal:///…evelopment.js:21407
recursivelyTraverseLayoutEffects @ webpack-internal:///…evelopment.js:22926
commitLayoutEffectOnFiber @ webpack-internal:///…evelopment.js:21577
recursivelyTraverseLayoutEffects @ webpack-internal:///…evelopment.js:22926
commitLayoutEffectOnFiber @ webpack-internal:///…evelopment.js:21407
recursivelyTraverseLayoutEffects @ webpack-internal:///…evelopment.js:22926
commitLayoutEffectOnFiber @ webpack-internal:///…evelopment.js:21577
recursivelyTraverseLayoutEffects @ webpack-internal:///…evelopment.js:22926
commitLayoutEffectOnFiber @ webpack-internal:///…evelopment.js:21407
recursivelyTraverseLayoutEffects @ webpack-internal:///…evelopment.js:22926
commitLayoutEffectOnFiber @ webpack-internal:///…evelopment.js:21577
recursivelyTraverseLayoutEffects @ webpack-internal:///…evelopment.js:22926
commitLayoutEffectOnFiber @ webpack-internal:///…evelopment.js:21407
recursivelyTraverseLayoutEffects @ webpack-internal:///…evelopment.js:22926
commitLayoutEffectOnFiber @ webpack-internal:///…evelopment.js:21407
recursivelyTraverseLayoutEffects @ webpack-internal:///…evelopment.js:22926
commitLayoutEffectOnFiber @ webpack-internal:///…evelopment.js:21488
recursivelyTraverseLayoutEffects @ webpack-internal:///…evelopment.js:22926
commitLayoutEffectOnFiber @ webpack-internal:///…evelopment.js:21488
recursivelyTraverseLayoutEffects @ webpack-internal:///…evelopment.js:22926
commitLayoutEffectOnFiber @ webpack-internal:///…evelopment.js:21577
recursivelyTraverseLayoutEffects @ webpack-internal:///…evelopment.js:22926
commitLayoutEffectOnFiber @ webpack-internal:///…evelopment.js:21577
recursivelyTraverseLayoutEffects @ webpack-internal:///…evelopment.js:22926
commitLayoutEffectOnFiber @ webpack-internal:///…evelopment.js:21418
recursivelyTraverseLayoutEffects @ webpack-internal:///…evelopment.js:22926
commitLayoutEffectOnFiber @ webpack-internal:///…evelopment.js:21407
recursivelyTraverseLayoutEffects @ webpack-internal:///…evelopment.js:22926
commitLayoutEffectOnFiber @ webpack-internal:///…evelopment.js:21577
recursivelyTraverseLayoutEffects @ webpack-internal:///…evelopment.js:22926
commitLayoutEffectOnFiber @ webpack-internal:///…evelopment.js:21418
recursivelyTraverseLayoutEffects @ webpack-internal:///…evelopment.js:22926
commitLayoutEffectOnFiber @ webpack-internal:///…evelopment.js:21407
recursivelyTraverseLayoutEffects @ webpack-internal:///…evelopment.js:22926
commitLayoutEffectOnFiber @ webpack-internal:///…evelopment.js:21407
recursivelyTraverseLayoutEffects @ webpack-internal:///…evelopment.js:22926
commitLayoutEffectOnFiber @ webpack-internal:///…evelopment.js:21418
recursivelyTraverseLayoutEffects @ webpack-internal:///…evelopment.js:22926
commitLayoutEffectOnFiber @ webpack-internal:///…evelopment.js:21407
recursivelyTraverseLayoutEffects @ webpack-internal:///…evelopment.js:22926
commitLayoutEffectOnFiber @ webpack-internal:///…evelopment.js:21577
recursivelyTraverseLayoutEffects @ webpack-internal:///…evelopment.js:22926
commitLayoutEffectOnFiber @ webpack-internal:///…evelopment.js:21577
recursivelyTraverseLayoutEffects @ webpack-internal:///…evelopment.js:22926
commitLayoutEffectOnFiber @ webpack-internal:///…evelopment.js:21577
recursivelyTraverseLayoutEffects @ webpack-internal:///…evelopment.js:22926
commitLayoutEffectOnFiber @ webpack-internal:///…evelopment.js:21577
recursivelyTraverseLayoutEffects @ webpack-internal:///…evelopment.js:22926
commitLayoutEffectOnFiber @ webpack-internal:///…evelopment.js:21577
recursivelyTraverseLayoutEffects @ webpack-internal:///…evelopment.js:22926
commitLayoutEffectOnFiber @ webpack-internal:///…evelopment.js:21577
recursivelyTraverseLayoutEffects @ webpack-internal:///…evelopment.js:22926
commitLayoutEffectOnFiber @ webpack-internal:///…evelopment.js:21407
recursivelyTraverseLayoutEffects @ webpack-internal:///…evelopment.js:22926
commitLayoutEffectOnFiber @ webpack-internal:///…evelopment.js:21418
recursivelyTraverseLayoutEffects @ webpack-internal:///…evelopment.js:22926
commitLayoutEffectOnFiber @ webpack-internal:///…evelopment.js:21407
recursivelyTraverseLayoutEffects @ webpack-internal:///…evelopment.js:22926
commitLayoutEffectOnFiber @ webpack-internal:///…evelopment.js:21407
recursivelyTraverseLayoutEffects @ webpack-internal:///…evelopment.js:22926
commitLayoutEffectOnFiber @ webpack-internal:///…evelopment.js:21407
recursivelyTraverseLayoutEffects @ webpack-internal:///…evelopment.js:22926
commitLayoutEffectOnFiber @ webpack-internal:///…evelopment.js:21407
recursivelyTraverseLayoutEffects @ webpack-internal:///…evelopment.js:22926
commitLayoutEffectOnFiber @ webpack-internal:///…evelopment.js:21577
recursivelyTraverseLayoutEffects @ webpack-internal:///…evelopment.js:22926
commitLayoutEffectOnFiber @ webpack-internal:///…evelopment.js:21577
recursivelyTraverseLayoutEffects @ webpack-internal:///…evelopment.js:22926
commitLayoutEffectOnFiber @ webpack-internal:///…evelopment.js:21577
recursivelyTraverseLayoutEffects @ webpack-internal:///…evelopment.js:22926
commitLayoutEffectOnFiber @ webpack-internal:///…evelopment.js:21437
commitLayoutEffects @ webpack-internal:///…evelopment.js:22912
commitRootImpl @ webpack-internal:///…evelopment.js:26226
commitRoot @ webpack-internal:///…evelopment.js:26077
commitRootWhenReady @ webpack-internal:///…evelopment.js:24749
finishConcurrentRender @ webpack-internal:///…evelopment.js:24714
performConcurrentWorkOnRoot @ webpack-internal:///…evelopment.js:24559
workLoop @ webpack-internal:///….development.js:256
flushWork @ webpack-internal:///….development.js:225
performWorkUntilDeadline @ webpack-internal:///….development.js:534
15:56:47.118  [CallModal] 🔄 Waiting for stream to become active for cmeifml0h001okung0i95m8s6
15:56:47.118  [VoiceActivity] Effect triggered: {hasStream: true, streamId: '34fa4aea-da9c-415d-afda-d1f0034b119c', audioTracks: 0, threshold: -40}
15:56:47.119  [VoiceActivity] No audio tracks in stream, cleaning up
15:56:47.119  [useCallPerformance] Connection states: (2) [{…}, {…}]
15:56:47.119  [useCallPerformance] Starting monitoring for 2 valid connections
15:56:47.120  [VoiceActivity] Effect triggered: {hasStream: true, streamId: '34fa4aea-da9c-415d-afda-d1f0034b119c', audioTracks: 0, threshold: -40}
15:56:47.120  [VoiceActivity] No audio tracks in stream, cleaning up
15:56:47.122  [useCallPerformance] No valid network data yet, assuming good quality
15:56:47.122  [useCallPerformance] No valid network data yet, assuming good quality
15:56:47.123  [CallModal] Rendered - voice call opened
15:56:47.124  [CallModal] Rendered - voice call opened
15:56:47.125  [VoiceParticipant] Tester voice activity debug: {participantId: 'cmeifml0h001okung0i95m8s6', hasOriginalStream: true, hasLatestStream: true, streamActive: false, audioTracksCount: 0, …}
15:56:47.127  [CallModal] 🔊 Setting up audio element for participant cmeifml0h001okung0i95m8s6
15:56:47.127  [CallModal] Stream details: {id: '34fa4aea-da9c-415d-afda-d1f0034b119c', active: false, audioTracks: Array(0)}
15:56:47.128  [CallModal] Previous audio element for cmeifml0h001okung0i95m8s6: false
15:56:47.130  [CallModal] Cleared previous srcObject for cmeifml0h001okung0i95m8s6
15:56:47.130  [CallModal] 🔄 Stream not ready, waiting...
15:56:47.131  [CallModal] ❌ Initial audio play failed for cmeifml0h001okung0i95m8s6: 
attemptPlay @ webpack-internal:///…/CallModal.tsx:3124
ref @ webpack-internal:///…/CallModal.tsx:3158
commitAttachRef @ webpack-internal:///…evelopment.js:21677
safelyAttachRef @ webpack-internal:///…evelopment.js:20803
commitLayoutEffectOnFiber @ webpack-internal:///…evelopment.js:21498
recursivelyTraverseLayoutEffects @ webpack-internal:///…evelopment.js:22926
commitLayoutEffectOnFiber @ webpack-internal:///…evelopment.js:21577
recursivelyTraverseLayoutEffects @ webpack-internal:///…evelopment.js:22926
commitLayoutEffectOnFiber @ webpack-internal:///…evelopment.js:21488
recursivelyTraverseLayoutEffects @ webpack-internal:///…evelopment.js:22926
commitLayoutEffectOnFiber @ webpack-internal:///…evelopment.js:21488
recursivelyTraverseLayoutEffects @ webpack-internal:///…evelopment.js:22926
commitLayoutEffectOnFiber @ webpack-internal:///…evelopment.js:21488
recursivelyTraverseLayoutEffects @ webpack-internal:///…evelopment.js:22926
commitLayoutEffectOnFiber @ webpack-internal:///…evelopment.js:21488
recursivelyTraverseLayoutEffects @ webpack-internal:///…evelopment.js:22926
commitLayoutEffectOnFiber @ webpack-internal:///…evelopment.js:21407
recursivelyTraverseLayoutEffects @ webpack-internal:///…evelopment.js:22926
commitLayoutEffectOnFiber @ webpack-internal:///…evelopment.js:21407
recursivelyTraverseLayoutEffects @ webpack-internal:///…evelopment.js:22926
commitLayoutEffectOnFiber @ webpack-internal:///…evelopment.js:21577
recursivelyTraverseLayoutEffects @ webpack-internal:///…evelopment.js:22926
commitLayoutEffectOnFiber @ webpack-internal:///…evelopment.js:21407
recursivelyTraverseLayoutEffects @ webpack-internal:///…evelopment.js:22926
commitLayoutEffectOnFiber @ webpack-internal:///…evelopment.js:21577
recursivelyTraverseLayoutEffects @ webpack-internal:///…evelopment.js:22926
commitLayoutEffectOnFiber @ webpack-internal:///…evelopment.js:21407
recursivelyTraverseLayoutEffects @ webpack-internal:///…evelopment.js:22926
commitLayoutEffectOnFiber @ webpack-internal:///…evelopment.js:21577
recursivelyTraverseLayoutEffects @ webpack-internal:///…evelopment.js:22926
commitLayoutEffectOnFiber @ webpack-internal:///…evelopment.js:21407
recursivelyTraverseLayoutEffects @ webpack-internal:///…evelopment.js:22926
commitLayoutEffectOnFiber @ webpack-internal:///…evelopment.js:21577
recursivelyTraverseLayoutEffects @ webpack-internal:///…evelopment.js:22926
commitLayoutEffectOnFiber @ webpack-internal:///…evelopment.js:21407
recursivelyTraverseLayoutEffects @ webpack-internal:///…evelopment.js:22926
commitLayoutEffectOnFiber @ webpack-internal:///…evelopment.js:21407
recursivelyTraverseLayoutEffects @ webpack-internal:///…evelopment.js:22926
commitLayoutEffectOnFiber @ webpack-internal:///…evelopment.js:21488
recursivelyTraverseLayoutEffects @ webpack-internal:///…evelopment.js:22926
commitLayoutEffectOnFiber @ webpack-internal:///…evelopment.js:21488
recursivelyTraverseLayoutEffects @ webpack-internal:///…evelopment.js:22926
commitLayoutEffectOnFiber @ webpack-internal:///…evelopment.js:21577
recursivelyTraverseLayoutEffects @ webpack-internal:///…evelopment.js:22926
commitLayoutEffectOnFiber @ webpack-internal:///…evelopment.js:21577
recursivelyTraverseLayoutEffects @ webpack-internal:///…evelopment.js:22926
commitLayoutEffectOnFiber @ webpack-internal:///…evelopment.js:21418
recursivelyTraverseLayoutEffects @ webpack-internal:///…evelopment.js:22926
commitLayoutEffectOnFiber @ webpack-internal:///…evelopment.js:21407
recursivelyTraverseLayoutEffects @ webpack-internal:///…evelopment.js:22926
commitLayoutEffectOnFiber @ webpack-internal:///…evelopment.js:21577
recursivelyTraverseLayoutEffects @ webpack-internal:///…evelopment.js:22926
commitLayoutEffectOnFiber @ webpack-internal:///…evelopment.js:21418
recursivelyTraverseLayoutEffects @ webpack-internal:///…evelopment.js:22926
commitLayoutEffectOnFiber @ webpack-internal:///…evelopment.js:21407
recursivelyTraverseLayoutEffects @ webpack-internal:///…evelopment.js:22926
commitLayoutEffectOnFiber @ webpack-internal:///…evelopment.js:21407
recursivelyTraverseLayoutEffects @ webpack-internal:///…evelopment.js:22926
commitLayoutEffectOnFiber @ webpack-internal:///…evelopment.js:21418
recursivelyTraverseLayoutEffects @ webpack-internal:///…evelopment.js:22926
commitLayoutEffectOnFiber @ webpack-internal:///…evelopment.js:21407
recursivelyTraverseLayoutEffects @ webpack-internal:///…evelopment.js:22926
commitLayoutEffectOnFiber @ webpack-internal:///…evelopment.js:21577
recursivelyTraverseLayoutEffects @ webpack-internal:///…evelopment.js:22926
commitLayoutEffectOnFiber @ webpack-internal:///…evelopment.js:21577
recursivelyTraverseLayoutEffects @ webpack-internal:///…evelopment.js:22926
commitLayoutEffectOnFiber @ webpack-internal:///…evelopment.js:21577
recursivelyTraverseLayoutEffects @ webpack-internal:///…evelopment.js:22926
commitLayoutEffectOnFiber @ webpack-internal:///…evelopment.js:21577
recursivelyTraverseLayoutEffects @ webpack-internal:///…evelopment.js:22926
commitLayoutEffectOnFiber @ webpack-internal:///…evelopment.js:21577
recursivelyTraverseLayoutEffects @ webpack-internal:///…evelopment.js:22926
commitLayoutEffectOnFiber @ webpack-internal:///…evelopment.js:21577
recursivelyTraverseLayoutEffects @ webpack-internal:///…evelopment.js:22926
commitLayoutEffectOnFiber @ webpack-internal:///…evelopment.js:21407
recursivelyTraverseLayoutEffects @ webpack-internal:///…evelopment.js:22926
commitLayoutEffectOnFiber @ webpack-internal:///…evelopment.js:21418
recursivelyTraverseLayoutEffects @ webpack-internal:///…evelopment.js:22926
commitLayoutEffectOnFiber @ webpack-internal:///…evelopment.js:21407
recursivelyTraverseLayoutEffects @ webpack-internal:///…evelopment.js:22926
commitLayoutEffectOnFiber @ webpack-internal:///…evelopment.js:21407
recursivelyTraverseLayoutEffects @ webpack-internal:///…evelopment.js:22926
commitLayoutEffectOnFiber @ webpack-internal:///…evelopment.js:21407
recursivelyTraverseLayoutEffects @ webpack-internal:///…evelopment.js:22926
commitLayoutEffectOnFiber @ webpack-internal:///…evelopment.js:21407
recursivelyTraverseLayoutEffects @ webpack-internal:///…evelopment.js:22926
commitLayoutEffectOnFiber @ webpack-internal:///…evelopment.js:21577
recursivelyTraverseLayoutEffects @ webpack-internal:///…evelopment.js:22926
commitLayoutEffectOnFiber @ webpack-internal:///…evelopment.js:21577
recursivelyTraverseLayoutEffects @ webpack-internal:///…evelopment.js:22926
commitLayoutEffectOnFiber @ webpack-internal:///…evelopment.js:21577
recursivelyTraverseLayoutEffects @ webpack-internal:///…evelopment.js:22926
commitLayoutEffectOnFiber @ webpack-internal:///…evelopment.js:21437
commitLayoutEffects @ webpack-internal:///…evelopment.js:22912
commitRootImpl @ webpack-internal:///…evelopment.js:26226
commitRoot @ webpack-internal:///…evelopment.js:26077
commitRootWhenReady @ webpack-internal:///…evelopment.js:24749
finishConcurrentRender @ webpack-internal:///…evelopment.js:24714
performConcurrentWorkOnRoot @ webpack-internal:///…evelopment.js:24559
workLoop @ webpack-internal:///….development.js:256
flushWork @ webpack-internal:///….development.js:225
performWorkUntilDeadline @ webpack-internal:///….development.js:534
15:56:47.131  [CallModal] 🔄 Waiting for stream to become active for cmeifml0h001okung0i95m8s6
15:56:47.133  [VoiceActivity] Effect triggered: {hasStream: true, streamId: '34fa4aea-da9c-415d-afda-d1f0034b119c', audioTracks: 0, threshold: -40}
15:56:47.133  [VoiceActivity] No audio tracks in stream, cleaning up
15:56:47.133  [VoiceActivity] Effect triggered: {hasStream: true, streamId: '34fa4aea-da9c-415d-afda-d1f0034b119c', audioTracks: 0, threshold: -40}
15:56:47.134  [VoiceActivity] No audio tracks in stream, cleaning up
15:56:48.110  [CallModal] Rendered - voice call opened
15:56:48.110  [CallModal] Rendered - voice call opened
15:56:48.111  [VoiceParticipant] Tester voice activity debug: {participantId: 'cmeifml0h001okung0i95m8s6', hasOriginalStream: true, hasLatestStream: true, streamActive: false, audioTracksCount: 0, …}
15:56:48.113  [CallModal] 🔊 Setting up audio element for participant cmeifml0h001okung0i95m8s6
15:56:48.113  [CallModal] Stream details: {id: '34fa4aea-da9c-415d-afda-d1f0034b119c', active: false, audioTracks: Array(0)}
15:56:48.114  [CallModal] Previous audio element for cmeifml0h001okung0i95m8s6: false
15:56:48.115  [CallModal] Cleared previous srcObject for cmeifml0h001okung0i95m8s6
15:56:48.117  [CallModal] 🔄 Stream not ready, waiting...
15:56:48.117  [CallModal] ❌ Initial audio play failed for cmeifml0h001okung0i95m8s6: 
attemptPlay @ webpack-internal:///…/CallModal.tsx:3124
ref @ webpack-internal:///…/CallModal.tsx:3158
commitAttachRef @ webpack-internal:///…evelopment.js:21677
safelyAttachRef @ webpack-internal:///…evelopment.js:20803
commitLayoutEffectOnFiber @ webpack-internal:///…evelopment.js:21498
recursivelyTraverseLayoutEffects @ webpack-internal:///…evelopment.js:22926
commitLayoutEffectOnFiber @ webpack-internal:///…evelopment.js:21577
recursivelyTraverseLayoutEffects @ webpack-internal:///…evelopment.js:22926
commitLayoutEffectOnFiber @ webpack-internal:///…evelopment.js:21488
recursivelyTraverseLayoutEffects @ webpack-internal:///…evelopment.js:22926
commitLayoutEffectOnFiber @ webpack-internal:///…evelopment.js:21488
recursivelyTraverseLayoutEffects @ webpack-internal:///…evelopment.js:22926
commitLayoutEffectOnFiber @ webpack-internal:///…evelopment.js:21488
recursivelyTraverseLayoutEffects @ webpack-internal:///…evelopment.js:22926
commitLayoutEffectOnFiber @ webpack-internal:///…evelopment.js:21488
recursivelyTraverseLayoutEffects @ webpack-internal:///…evelopment.js:22926
commitLayoutEffectOnFiber @ webpack-internal:///…evelopment.js:21407
recursivelyTraverseLayoutEffects @ webpack-internal:///…evelopment.js:22926
commitLayoutEffectOnFiber @ webpack-internal:///…evelopment.js:21407
recursivelyTraverseLayoutEffects @ webpack-internal:///…evelopment.js:22926
commitLayoutEffectOnFiber @ webpack-internal:///…evelopment.js:21577
recursivelyTraverseLayoutEffects @ webpack-internal:///…evelopment.js:22926
commitLayoutEffectOnFiber @ webpack-internal:///…evelopment.js:21407
recursivelyTraverseLayoutEffects @ webpack-internal:///…evelopment.js:22926
commitLayoutEffectOnFiber @ webpack-internal:///…evelopment.js:21577
recursivelyTraverseLayoutEffects @ webpack-internal:///…evelopment.js:22926
commitLayoutEffectOnFiber @ webpack-internal:///…evelopment.js:21407
recursivelyTraverseLayoutEffects @ webpack-internal:///…evelopment.js:22926
commitLayoutEffectOnFiber @ webpack-internal:///…evelopment.js:21577
recursivelyTraverseLayoutEffects @ webpack-internal:///…evelopment.js:22926
commitLayoutEffectOnFiber @ webpack-internal:///…evelopment.js:21407
recursivelyTraverseLayoutEffects @ webpack-internal:///…evelopment.js:22926
commitLayoutEffectOnFiber @ webpack-internal:///…evelopment.js:21577
recursivelyTraverseLayoutEffects @ webpack-internal:///…evelopment.js:22926
commitLayoutEffectOnFiber @ webpack-internal:///…evelopment.js:21407
recursivelyTraverseLayoutEffects @ webpack-internal:///…evelopment.js:22926
commitLayoutEffectOnFiber @ webpack-internal:///…evelopment.js:21407
recursivelyTraverseLayoutEffects @ webpack-internal:///…evelopment.js:22926
commitLayoutEffectOnFiber @ webpack-internal:///…evelopment.js:21488
recursivelyTraverseLayoutEffects @ webpack-internal:///…evelopment.js:22926
commitLayoutEffectOnFiber @ webpack-internal:///…evelopment.js:21488
recursivelyTraverseLayoutEffects @ webpack-internal:///…evelopment.js:22926
commitLayoutEffectOnFiber @ webpack-internal:///…evelopment.js:21577
recursivelyTraverseLayoutEffects @ webpack-internal:///…evelopment.js:22926
commitLayoutEffectOnFiber @ webpack-internal:///…evelopment.js:21577
recursivelyTraverseLayoutEffects @ webpack-internal:///…evelopment.js:22926
commitLayoutEffectOnFiber @ webpack-internal:///…evelopment.js:21418
recursivelyTraverseLayoutEffects @ webpack-internal:///…evelopment.js:22926
commitLayoutEffectOnFiber @ webpack-internal:///…evelopment.js:21407
recursivelyTraverseLayoutEffects @ webpack-internal:///…evelopment.js:22926
commitLayoutEffectOnFiber @ webpack-internal:///…evelopment.js:21577
recursivelyTraverseLayoutEffects @ webpack-internal:///…evelopment.js:22926
commitLayoutEffectOnFiber @ webpack-internal:///…evelopment.js:21418
recursivelyTraverseLayoutEffects @ webpack-internal:///…evelopment.js:22926
commitLayoutEffectOnFiber @ webpack-internal:///…evelopment.js:21407
recursivelyTraverseLayoutEffects @ webpack-internal:///…evelopment.js:22926
commitLayoutEffectOnFiber @ webpack-internal:///…evelopment.js:21407
recursivelyTraverseLayoutEffects @ webpack-internal:///…evelopment.js:22926
commitLayoutEffectOnFiber @ webpack-internal:///…evelopment.js:21418
recursivelyTraverseLayoutEffects @ webpack-internal:///…evelopment.js:22926
commitLayoutEffectOnFiber @ webpack-internal:///…evelopment.js:21407
recursivelyTraverseLayoutEffects @ webpack-internal:///…evelopment.js:22926
commitLayoutEffectOnFiber @ webpack-internal:///…evelopment.js:21577
recursivelyTraverseLayoutEffects @ webpack-internal:///…evelopment.js:22926
commitLayoutEffectOnFiber @ webpack-internal:///…evelopment.js:21577
recursivelyTraverseLayoutEffects @ webpack-internal:///…evelopment.js:22926
commitLayoutEffectOnFiber @ webpack-internal:///…evelopment.js:21577
recursivelyTraverseLayoutEffects @ webpack-internal:///…evelopment.js:22926
commitLayoutEffectOnFiber @ webpack-internal:///…evelopment.js:21577
recursivelyTraverseLayoutEffects @ webpack-internal:///…evelopment.js:22926
commitLayoutEffectOnFiber @ webpack-internal:///…evelopment.js:21577
recursivelyTraverseLayoutEffects @ webpack-internal:///…evelopment.js:22926
commitLayoutEffectOnFiber @ webpack-internal:///…evelopment.js:21577
recursivelyTraverseLayoutEffects @ webpack-internal:///…evelopment.js:22926
commitLayoutEffectOnFiber @ webpack-internal:///…evelopment.js:21407
recursivelyTraverseLayoutEffects @ webpack-internal:///…evelopment.js:22926
commitLayoutEffectOnFiber @ webpack-internal:///…evelopment.js:21418
recursivelyTraverseLayoutEffects @ webpack-internal:///…evelopment.js:22926
commitLayoutEffectOnFiber @ webpack-internal:///…evelopment.js:21407
recursivelyTraverseLayoutEffects @ webpack-internal:///…evelopment.js:22926
commitLayoutEffectOnFiber @ webpack-internal:///…evelopment.js:21407
recursivelyTraverseLayoutEffects @ webpack-internal:///…evelopment.js:22926
commitLayoutEffectOnFiber @ webpack-internal:///…evelopment.js:21407
recursivelyTraverseLayoutEffects @ webpack-internal:///…evelopment.js:22926
commitLayoutEffectOnFiber @ webpack-internal:///…evelopment.js:21407
recursivelyTraverseLayoutEffects @ webpack-internal:///…evelopment.js:22926
commitLayoutEffectOnFiber @ webpack-internal:///…evelopment.js:21577
recursivelyTraverseLayoutEffects @ webpack-internal:///…evelopment.js:22926
commitLayoutEffectOnFiber @ webpack-internal:///…evelopment.js:21577
recursivelyTraverseLayoutEffects @ webpack-internal:///…evelopment.js:22926
commitLayoutEffectOnFiber @ webpack-internal:///…evelopment.js:21577
recursivelyTraverseLayoutEffects @ webpack-internal:///…evelopment.js:22926
commitLayoutEffectOnFiber @ webpack-internal:///…evelopment.js:21437
commitLayoutEffects @ webpack-internal:///…evelopment.js:22912
commitRootImpl @ webpack-internal:///…evelopment.js:26226
commitRoot @ webpack-internal:///…evelopment.js:26077
commitRootWhenReady @ webpack-internal:///…evelopment.js:24749
finishConcurrentRender @ webpack-internal:///…evelopment.js:24714
performConcurrentWorkOnRoot @ webpack-internal:///…evelopment.js:24559
workLoop @ webpack-internal:///….development.js:256
flushWork @ webpack-internal:///….development.js:225
performWorkUntilDeadline @ webpack-internal:///….development.js:534
15:56:48.118  [CallModal] 🔄 Waiting for stream to become active for cmeifml0h001okung0i95m8s6
15:56:48.121  [VoiceActivity] Effect triggered: {hasStream: true, streamId: '34fa4aea-da9c-415d-afda-d1f0034b119c', audioTracks: 0, threshold: -40}
15:56:48.122  [VoiceActivity] No audio tracks in stream, cleaning up
15:56:48.122  [VoiceActivity] Effect triggered: {hasStream: true, streamId: '34fa4aea-da9c-415d-afda-d1f0034b119c', audioTracks: 0, threshold: -40}
15:56:48.122  [VoiceActivity] No audio tracks in stream, cleaning up
15:56:49.109  [CallModal] Updated peer connections for performance monitoring: 2
15:56:49.110  [CallModal] Peer connection participants: (2) ['cmeifml0h001okung0i95m8s6', 'cmeifn5qp002dkunge64m0xss']
15:56:49.113  [CallModal] Rendered - voice call opened
15:56:49.115  [CallModal] Rendered - voice call opened
15:56:49.116  [VoiceParticipant] Tester voice activity debug: {participantId: 'cmeifml0h001okung0i95m8s6', hasOriginalStream: true, hasLatestStream: true, streamActive: false, audioTracksCount: 0, …}
15:56:49.121  [CallModal] 🔊 Setting up audio element for participant cmeifml0h001okung0i95m8s6
15:56:49.122  [CallModal] Stream details: {id: '34fa4aea-da9c-415d-afda-d1f0034b119c', active: false, audioTracks: Array(0)}
15:56:49.122  [CallModal] Previous audio element for cmeifml0h001okung0i95m8s6: false
15:56:49.124  [CallModal] Cleared previous srcObject for cmeifml0h001okung0i95m8s6
15:56:49.126  [CallModal] 🔄 Stream not ready, waiting...
15:56:49.126  [CallModal] ❌ Initial audio play failed for cmeifml0h001okung0i95m8s6: 
attemptPlay @ webpack-internal:///…/CallModal.tsx:3124
ref @ webpack-internal:///…/CallModal.tsx:3158
commitAttachRef @ webpack-internal:///…evelopment.js:21677
safelyAttachRef @ webpack-internal:///…evelopment.js:20803
commitLayoutEffectOnFiber @ webpack-internal:///…evelopment.js:21498
recursivelyTraverseLayoutEffects @ webpack-internal:///…evelopment.js:22926
commitLayoutEffectOnFiber @ webpack-internal:///…evelopment.js:21577
recursivelyTraverseLayoutEffects @ webpack-internal:///…evelopment.js:22926
commitLayoutEffectOnFiber @ webpack-internal:///…evelopment.js:21488
recursivelyTraverseLayoutEffects @ webpack-internal:///…evelopment.js:22926
commitLayoutEffectOnFiber @ webpack-internal:///…evelopment.js:21488
recursivelyTraverseLayoutEffects @ webpack-internal:///…evelopment.js:22926
commitLayoutEffectOnFiber @ webpack-internal:///…evelopment.js:21488
recursivelyTraverseLayoutEffects @ webpack-internal:///…evelopment.js:22926
commitLayoutEffectOnFiber @ webpack-internal:///…evelopment.js:21488
recursivelyTraverseLayoutEffects @ webpack-internal:///…evelopment.js:22926
commitLayoutEffectOnFiber @ webpack-internal:///…evelopment.js:21407
recursivelyTraverseLayoutEffects @ webpack-internal:///…evelopment.js:22926
commitLayoutEffectOnFiber @ webpack-internal:///…evelopment.js:21407
recursivelyTraverseLayoutEffects @ webpack-internal:///…evelopment.js:22926
commitLayoutEffectOnFiber @ webpack-internal:///…evelopment.js:21577
recursivelyTraverseLayoutEffects @ webpack-internal:///…evelopment.js:22926
commitLayoutEffectOnFiber @ webpack-internal:///…evelopment.js:21407
recursivelyTraverseLayoutEffects @ webpack-internal:///…evelopment.js:22926
commitLayoutEffectOnFiber @ webpack-internal:///…evelopment.js:21577
recursivelyTraverseLayoutEffects @ webpack-internal:///…evelopment.js:22926
commitLayoutEffectOnFiber @ webpack-internal:///…evelopment.js:21407
recursivelyTraverseLayoutEffects @ webpack-internal:///…evelopment.js:22926
commitLayoutEffectOnFiber @ webpack-internal:///…evelopment.js:21577
recursivelyTraverseLayoutEffects @ webpack-internal:///…evelopment.js:22926
commitLayoutEffectOnFiber @ webpack-internal:///…evelopment.js:21407
recursivelyTraverseLayoutEffects @ webpack-internal:///…evelopment.js:22926
commitLayoutEffectOnFiber @ webpack-internal:///…evelopment.js:21577
recursivelyTraverseLayoutEffects @ webpack-internal:///…evelopment.js:22926
commitLayoutEffectOnFiber @ webpack-internal:///…evelopment.js:21407
recursivelyTraverseLayoutEffects @ webpack-internal:///…evelopment.js:22926
commitLayoutEffectOnFiber @ webpack-internal:///…evelopment.js:21407
recursivelyTraverseLayoutEffects @ webpack-internal:///…evelopment.js:22926
commitLayoutEffectOnFiber @ webpack-internal:///…evelopment.js:21488
recursivelyTraverseLayoutEffects @ webpack-internal:///…evelopment.js:22926
commitLayoutEffectOnFiber @ webpack-internal:///…evelopment.js:21488
recursivelyTraverseLayoutEffects @ webpack-internal:///…evelopment.js:22926
commitLayoutEffectOnFiber @ webpack-internal:///…evelopment.js:21577
recursivelyTraverseLayoutEffects @ webpack-internal:///…evelopment.js:22926
commitLayoutEffectOnFiber @ webpack-internal:///…evelopment.js:21577
recursivelyTraverseLayoutEffects @ webpack-internal:///…evelopment.js:22926
commitLayoutEffectOnFiber @ webpack-internal:///…evelopment.js:21418
recursivelyTraverseLayoutEffects @ webpack-internal:///…evelopment.js:22926
commitLayoutEffectOnFiber @ webpack-internal:///…evelopment.js:21407
recursivelyTraverseLayoutEffects @ webpack-internal:///…evelopment.js:22926
commitLayoutEffectOnFiber @ webpack-internal:///…evelopment.js:21577
recursivelyTraverseLayoutEffects @ webpack-internal:///…evelopment.js:22926
commitLayoutEffectOnFiber @ webpack-internal:///…evelopment.js:21418
recursivelyTraverseLayoutEffects @ webpack-internal:///…evelopment.js:22926
commitLayoutEffectOnFiber @ webpack-internal:///…evelopment.js:21407
recursivelyTraverseLayoutEffects @ webpack-internal:///…evelopment.js:22926
commitLayoutEffectOnFiber @ webpack-internal:///…evelopment.js:21407
recursivelyTraverseLayoutEffects @ webpack-internal:///…evelopment.js:22926
commitLayoutEffectOnFiber @ webpack-internal:///…evelopment.js:21418
recursivelyTraverseLayoutEffects @ webpack-internal:///…evelopment.js:22926
commitLayoutEffectOnFiber @ webpack-internal:///…evelopment.js:21407
recursivelyTraverseLayoutEffects @ webpack-internal:///…evelopment.js:22926
commitLayoutEffectOnFiber @ webpack-internal:///…evelopment.js:21577
recursivelyTraverseLayoutEffects @ webpack-internal:///…evelopment.js:22926
commitLayoutEffectOnFiber @ webpack-internal:///…evelopment.js:21577
recursivelyTraverseLayoutEffects @ webpack-internal:///…evelopment.js:22926
commitLayoutEffectOnFiber @ webpack-internal:///…evelopment.js:21577
recursivelyTraverseLayoutEffects @ webpack-internal:///…evelopment.js:22926
commitLayoutEffectOnFiber @ webpack-internal:///…evelopment.js:21577
recursivelyTraverseLayoutEffects @ webpack-internal:///…evelopment.js:22926
commitLayoutEffectOnFiber @ webpack-internal:///…evelopment.js:21577
recursivelyTraverseLayoutEffects @ webpack-internal:///…evelopment.js:22926
commitLayoutEffectOnFiber @ webpack-internal:///…evelopment.js:21577
recursivelyTraverseLayoutEffects @ webpack-internal:///…evelopment.js:22926
commitLayoutEffectOnFiber @ webpack-internal:///…evelopment.js:21407
recursivelyTraverseLayoutEffects @ webpack-internal:///…evelopment.js:22926
commitLayoutEffectOnFiber @ webpack-internal:///…evelopment.js:21418
recursivelyTraverseLayoutEffects @ webpack-internal:///…evelopment.js:22926
commitLayoutEffectOnFiber @ webpack-internal:///…evelopment.js:21407
recursivelyTraverseLayoutEffects @ webpack-internal:///…evelopment.js:22926
commitLayoutEffectOnFiber @ webpack-internal:///…evelopment.js:21407
recursivelyTraverseLayoutEffects @ webpack-internal:///…evelopment.js:22926
commitLayoutEffectOnFiber @ webpack-internal:///…evelopment.js:21407
recursivelyTraverseLayoutEffects @ webpack-internal:///…evelopment.js:22926
commitLayoutEffectOnFiber @ webpack-internal:///…evelopment.js:21407
recursivelyTraverseLayoutEffects @ webpack-internal:///…evelopment.js:22926
commitLayoutEffectOnFiber @ webpack-internal:///…evelopment.js:21577
recursivelyTraverseLayoutEffects @ webpack-internal:///…evelopment.js:22926
commitLayoutEffectOnFiber @ webpack-internal:///…evelopment.js:21577
recursivelyTraverseLayoutEffects @ webpack-internal:///…evelopment.js:22926
commitLayoutEffectOnFiber @ webpack-internal:///…evelopment.js:21577
recursivelyTraverseLayoutEffects @ webpack-internal:///…evelopment.js:22926
commitLayoutEffectOnFiber @ webpack-internal:///…evelopment.js:21437
commitLayoutEffects @ webpack-internal:///…evelopment.js:22912
commitRootImpl @ webpack-internal:///…evelopment.js:26226
commitRoot @ webpack-internal:///…evelopment.js:26077
commitRootWhenReady @ webpack-internal:///…evelopment.js:24749
finishConcurrentRender @ webpack-internal:///…evelopment.js:24714
performConcurrentWorkOnRoot @ webpack-internal:///…evelopment.js:24559
workLoop @ webpack-internal:///….development.js:256
flushWork @ webpack-internal:///….development.js:225
performWorkUntilDeadline @ webpack-internal:///….development.js:534
15:56:49.127  [CallModal] 🔄 Waiting for stream to become active for cmeifml0h001okung0i95m8s6
15:56:49.130  [VoiceActivity] Effect triggered: {hasStream: true, streamId: '34fa4aea-da9c-415d-afda-d1f0034b119c', audioTracks: 0, threshold: -40}
15:56:49.131  [VoiceActivity] No audio tracks in stream, cleaning up
15:56:49.131  [useCallPerformance] Connection states: (2) [{…}, {…}]
15:56:49.132  [useCallPerformance] Starting monitoring for 2 valid connections
15:56:49.132  [VoiceActivity] Effect triggered: {hasStream: true, streamId: '34fa4aea-da9c-415d-afda-d1f0034b119c', audioTracks: 0, threshold: -40}
15:56:49.133  [VoiceActivity] No audio tracks in stream, cleaning up
15:56:49.134  [useCallPerformance] Network metrics: {audioPacketLoss: 0, videoPacketLoss: 0, videoFrameRate: 0, latency: 1, callType: 'voice'}
15:56:49.135  [useCallPerformance] No valid network data yet, assuming good quality
15:56:49.136  [CallModal] Rendered - voice call opened
15:56:49.136  [CallModal] Rendered - voice call opened
15:56:49.137  [VoiceParticipant] Tester voice activity debug: {participantId: 'cmeifml0h001okung0i95m8s6', hasOriginalStream: true, hasLatestStream: true, streamActive: false, audioTracksCount: 0, …}
15:56:49.139  [CallModal] 🔊 Setting up audio element for participant cmeifml0h001okung0i95m8s6
15:56:49.139  [CallModal] Stream details: {id: '34fa4aea-da9c-415d-afda-d1f0034b119c', active: false, audioTracks: Array(0)}
15:56:49.140  [CallModal] Previous audio element for cmeifml0h001okung0i95m8s6: false
15:56:49.142  [CallModal] Cleared previous srcObject for cmeifml0h001okung0i95m8s6
15:56:49.144  [CallModal] 🔄 Stream not ready, waiting...
15:56:49.145  [CallModal] ❌ Initial audio play failed for cmeifml0h001okung0i95m8s6: 
attemptPlay @ webpack-internal:///…/CallModal.tsx:3124
ref @ webpack-internal:///…/CallModal.tsx:3158
commitAttachRef @ webpack-internal:///…evelopment.js:21677
safelyAttachRef @ webpack-internal:///…evelopment.js:20803
commitLayoutEffectOnFiber @ webpack-internal:///…evelopment.js:21498
recursivelyTraverseLayoutEffects @ webpack-internal:///…evelopment.js:22926
commitLayoutEffectOnFiber @ webpack-internal:///…evelopment.js:21577
recursivelyTraverseLayoutEffects @ webpack-internal:///…evelopment.js:22926
commitLayoutEffectOnFiber @ webpack-internal:///…evelopment.js:21488
recursivelyTraverseLayoutEffects @ webpack-internal:///…evelopment.js:22926
commitLayoutEffectOnFiber @ webpack-internal:///…evelopment.js:21488
recursivelyTraverseLayoutEffects @ webpack-internal:///…evelopment.js:22926
commitLayoutEffectOnFiber @ webpack-internal:///…evelopment.js:21488
recursivelyTraverseLayoutEffects @ webpack-internal:///…evelopment.js:22926
commitLayoutEffectOnFiber @ webpack-internal:///…evelopment.js:21488
recursivelyTraverseLayoutEffects @ webpack-internal:///…evelopment.js:22926
commitLayoutEffectOnFiber @ webpack-internal:///…evelopment.js:21407
recursivelyTraverseLayoutEffects @ webpack-internal:///…evelopment.js:22926
commitLayoutEffectOnFiber @ webpack-internal:///…evelopment.js:21407
recursivelyTraverseLayoutEffects @ webpack-internal:///…evelopment.js:22926
commitLayoutEffectOnFiber @ webpack-internal:///…evelopment.js:21577
recursivelyTraverseLayoutEffects @ webpack-internal:///…evelopment.js:22926
commitLayoutEffectOnFiber @ webpack-internal:///…evelopment.js:21407
recursivelyTraverseLayoutEffects @ webpack-internal:///…evelopment.js:22926
commitLayoutEffectOnFiber @ webpack-internal:///…evelopment.js:21577
recursivelyTraverseLayoutEffects @ webpack-internal:///…evelopment.js:22926
commitLayoutEffectOnFiber @ webpack-internal:///…evelopment.js:21407
recursivelyTraverseLayoutEffects @ webpack-internal:///…evelopment.js:22926
commitLayoutEffectOnFiber @ webpack-internal:///…evelopment.js:21577
recursivelyTraverseLayoutEffects @ webpack-internal:///…evelopment.js:22926
commitLayoutEffectOnFiber @ webpack-internal:///…evelopment.js:21407
recursivelyTraverseLayoutEffects @ webpack-internal:///…evelopment.js:22926
commitLayoutEffectOnFiber @ webpack-internal:///…evelopment.js:21577
recursivelyTraverseLayoutEffects @ webpack-internal:///…evelopment.js:22926
commitLayoutEffectOnFiber @ webpack-internal:///…evelopment.js:21407
recursivelyTraverseLayoutEffects @ webpack-internal:///…evelopment.js:22926
commitLayoutEffectOnFiber @ webpack-internal:///…evelopment.js:21407
recursivelyTraverseLayoutEffects @ webpack-internal:///…evelopment.js:22926
commitLayoutEffectOnFiber @ webpack-internal:///…evelopment.js:21488
recursivelyTraverseLayoutEffects @ webpack-internal:///…evelopment.js:22926
commitLayoutEffectOnFiber @ webpack-internal:///…evelopment.js:21488
recursivelyTraverseLayoutEffects @ webpack-internal:///…evelopment.js:22926
commitLayoutEffectOnFiber @ webpack-internal:///…evelopment.js:21577
recursivelyTraverseLayoutEffects @ webpack-internal:///…evelopment.js:22926
commitLayoutEffectOnFiber @ webpack-internal:///…evelopment.js:21577
recursivelyTraverseLayoutEffects @ webpack-internal:///…evelopment.js:22926
commitLayoutEffectOnFiber @ webpack-internal:///…evelopment.js:21418
recursivelyTraverseLayoutEffects @ webpack-internal:///…evelopment.js:22926
commitLayoutEffectOnFiber @ webpack-internal:///…evelopment.js:21407
recursivelyTraverseLayoutEffects @ webpack-internal:///…evelopment.js:22926
commitLayoutEffectOnFiber @ webpack-internal:///…evelopment.js:21577
recursivelyTraverseLayoutEffects @ webpack-internal:///…evelopment.js:22926
commitLayoutEffectOnFiber @ webpack-internal:///…evelopment.js:21418
recursivelyTraverseLayoutEffects @ webpack-internal:///…evelopment.js:22926
commitLayoutEffectOnFiber @ webpack-internal:///…evelopment.js:21407
recursivelyTraverseLayoutEffects @ webpack-internal:///…evelopment.js:22926
commitLayoutEffectOnFiber @ webpack-internal:///…evelopment.js:21407
recursivelyTraverseLayoutEffects @ webpack-internal:///…evelopment.js:22926
commitLayoutEffectOnFiber @ webpack-internal:///…evelopment.js:21418
recursivelyTraverseLayoutEffects @ webpack-internal:///…evelopment.js:22926
commitLayoutEffectOnFiber @ webpack-internal:///…evelopment.js:21407
recursivelyTraverseLayoutEffects @ webpack-internal:///…evelopment.js:22926
commitLayoutEffectOnFiber @ webpack-internal:///…evelopment.js:21577
recursivelyTraverseLayoutEffects @ webpack-internal:///…evelopment.js:22926
commitLayoutEffectOnFiber @ webpack-internal:///…evelopment.js:21577
recursivelyTraverseLayoutEffects @ webpack-internal:///…evelopment.js:22926
commitLayoutEffectOnFiber @ webpack-internal:///…evelopment.js:21577
recursivelyTraverseLayoutEffects @ webpack-internal:///…evelopment.js:22926
commitLayoutEffectOnFiber @ webpack-internal:///…evelopment.js:21577
recursivelyTraverseLayoutEffects @ webpack-internal:///…evelopment.js:22926
commitLayoutEffectOnFiber @ webpack-internal:///…evelopment.js:21577
recursivelyTraverseLayoutEffects @ webpack-internal:///…evelopment.js:22926
commitLayoutEffectOnFiber @ webpack-internal:///…evelopment.js:21577
recursivelyTraverseLayoutEffects @ webpack-internal:///…evelopment.js:22926
commitLayoutEffectOnFiber @ webpack-internal:///…evelopment.js:21407
recursivelyTraverseLayoutEffects @ webpack-internal:///…evelopment.js:22926
commitLayoutEffectOnFiber @ webpack-internal:///…evelopment.js:21418
recursivelyTraverseLayoutEffects @ webpack-internal:///…evelopment.js:22926
commitLayoutEffectOnFiber @ webpack-internal:///…evelopment.js:21407
recursivelyTraverseLayoutEffects @ webpack-internal:///…evelopment.js:22926
commitLayoutEffectOnFiber @ webpack-internal:///…evelopment.js:21407
recursivelyTraverseLayoutEffects @ webpack-internal:///…evelopment.js:22926
commitLayoutEffectOnFiber @ webpack-internal:///…evelopment.js:21407
recursivelyTraverseLayoutEffects @ webpack-internal:///…evelopment.js:22926
commitLayoutEffectOnFiber @ webpack-internal:///…evelopment.js:21407
recursivelyTraverseLayoutEffects @ webpack-internal:///…evelopment.js:22926
commitLayoutEffectOnFiber @ webpack-internal:///…evelopment.js:21577
recursivelyTraverseLayoutEffects @ webpack-internal:///…evelopment.js:22926
commitLayoutEffectOnFiber @ webpack-internal:///…evelopment.js:21577
recursivelyTraverseLayoutEffects @ webpack-internal:///…evelopment.js:22926
commitLayoutEffectOnFiber @ webpack-internal:///…evelopment.js:21577
recursivelyTraverseLayoutEffects @ webpack-internal:///…evelopment.js:22926
commitLayoutEffectOnFiber @ webpack-internal:///…evelopment.js:21437
commitLayoutEffects @ webpack-internal:///…evelopment.js:22912
commitRootImpl @ webpack-internal:///…evelopment.js:26226
commitRoot @ webpack-internal:///…evelopment.js:26077
commitRootWhenReady @ webpack-internal:///…evelopment.js:24749
finishConcurrentRender @ webpack-internal:///…evelopment.js:24714
performConcurrentWorkOnRoot @ webpack-internal:///…evelopment.js:24559
workLoop @ webpack-internal:///….development.js:256
flushWork @ webpack-internal:///….development.js:225
performWorkUntilDeadline @ webpack-internal:///….development.js:534
15:56:49.145  [CallModal] 🔄 Waiting for stream to become active for cmeifml0h001okung0i95m8s6
15:56:49.146  [VoiceActivity] Effect triggered: {hasStream: true, streamId: '34fa4aea-da9c-415d-afda-d1f0034b119c', audioTracks: 0, threshold: -40}
15:56:49.147  [VoiceActivity] No audio tracks in stream, cleaning up
15:56:49.147  [VoiceActivity] Effect triggered: {hasStream: true, streamId: '34fa4aea-da9c-415d-afda-d1f0034b119c', audioTracks: 0, threshold: -40}
15:56:49.147  [VoiceActivity] No audio tracks in stream, cleaning up
15:56:50.125  [CallModal] Rendered - voice call opened
15:56:50.126  [CallModal] Rendered - voice call opened
15:56:50.126  [VoiceParticipant] Tester voice activity debug: {participantId: 'cmeifml0h001okung0i95m8s6', hasOriginalStream: true, hasLatestStream: true, streamActive: false, audioTracksCount: 0, …}
15:56:50.128  [CallModal] 🔊 Setting up audio element for participant cmeifml0h001okung0i95m8s6
15:56:50.129  [CallModal] Stream details: {id: '34fa4aea-da9c-415d-afda-d1f0034b119c', active: false, audioTracks: Array(0)}
15:56:50.130  [CallModal] Previous audio element for cmeifml0h001okung0i95m8s6: false
15:56:50.132  [CallModal] Cleared previous srcObject for cmeifml0h001okung0i95m8s6
15:56:50.134  [CallModal] 🔄 Stream not ready, waiting...
15:56:50.135  [CallModal] ❌ Initial audio play failed for cmeifml0h001okung0i95m8s6: 
attemptPlay @ webpack-internal:///…/CallModal.tsx:3124
ref @ webpack-internal:///…/CallModal.tsx:3158
commitAttachRef @ webpack-internal:///…evelopment.js:21677
safelyAttachRef @ webpack-internal:///…evelopment.js:20803
commitLayoutEffectOnFiber @ webpack-internal:///…evelopment.js:21498
recursivelyTraverseLayoutEffects @ webpack-internal:///…evelopment.js:22926
commitLayoutEffectOnFiber @ webpack-internal:///…evelopment.js:21577
recursivelyTraverseLayoutEffects @ webpack-internal:///…evelopment.js:22926
commitLayoutEffectOnFiber @ webpack-internal:///…evelopment.js:21488
recursivelyTraverseLayoutEffects @ webpack-internal:///…evelopment.js:22926
commitLayoutEffectOnFiber @ webpack-internal:///…evelopment.js:21488
recursivelyTraverseLayoutEffects @ webpack-internal:///…evelopment.js:22926
commitLayoutEffectOnFiber @ webpack-internal:///…evelopment.js:21488
recursivelyTraverseLayoutEffects @ webpack-internal:///…evelopment.js:22926
commitLayoutEffectOnFiber @ webpack-internal:///…evelopment.js:21488
recursivelyTraverseLayoutEffects @ webpack-internal:///…evelopment.js:22926
commitLayoutEffectOnFiber @ webpack-internal:///…evelopment.js:21407
recursivelyTraverseLayoutEffects @ webpack-internal:///…evelopment.js:22926
commitLayoutEffectOnFiber @ webpack-internal:///…evelopment.js:21407
recursivelyTraverseLayoutEffects @ webpack-internal:///…evelopment.js:22926
commitLayoutEffectOnFiber @ webpack-internal:///…evelopment.js:21577
recursivelyTraverseLayoutEffects @ webpack-internal:///…evelopment.js:22926
commitLayoutEffectOnFiber @ webpack-internal:///…evelopment.js:21407
recursivelyTraverseLayoutEffects @ webpack-internal:///…evelopment.js:22926
commitLayoutEffectOnFiber @ webpack-internal:///…evelopment.js:21577
recursivelyTraverseLayoutEffects @ webpack-internal:///…evelopment.js:22926
commitLayoutEffectOnFiber @ webpack-internal:///…evelopment.js:21407
recursivelyTraverseLayoutEffects @ webpack-internal:///…evelopment.js:22926
commitLayoutEffectOnFiber @ webpack-internal:///…evelopment.js:21577
recursivelyTraverseLayoutEffects @ webpack-internal:///…evelopment.js:22926
commitLayoutEffectOnFiber @ webpack-internal:///…evelopment.js:21407
recursivelyTraverseLayoutEffects @ webpack-internal:///…evelopment.js:22926
commitLayoutEffectOnFiber @ webpack-internal:///…evelopment.js:21577
recursivelyTraverseLayoutEffects @ webpack-internal:///…evelopment.js:22926
commitLayoutEffectOnFiber @ webpack-internal:///…evelopment.js:21407
recursivelyTraverseLayoutEffects @ webpack-internal:///…evelopment.js:22926
commitLayoutEffectOnFiber @ webpack-internal:///…evelopment.js:21407
recursivelyTraverseLayoutEffects @ webpack-internal:///…evelopment.js:22926
commitLayoutEffectOnFiber @ webpack-internal:///…evelopment.js:21488
recursivelyTraverseLayoutEffects @ webpack-internal:///…evelopment.js:22926
commitLayoutEffectOnFiber @ webpack-internal:///…evelopment.js:21488
recursivelyTraverseLayoutEffects @ webpack-internal:///…evelopment.js:22926
commitLayoutEffectOnFiber @ webpack-internal:///…evelopment.js:21577
recursivelyTraverseLayoutEffects @ webpack-internal:///…evelopment.js:22926
commitLayoutEffectOnFiber @ webpack-internal:///…evelopment.js:21577
recursivelyTraverseLayoutEffects @ webpack-internal:///…evelopment.js:22926
commitLayoutEffectOnFiber @ webpack-internal:///…evelopment.js:21418
recursivelyTraverseLayoutEffects @ webpack-internal:///…evelopment.js:22926
commitLayoutEffectOnFiber @ webpack-internal:///…evelopment.js:21407
recursivelyTraverseLayoutEffects @ webpack-internal:///…evelopment.js:22926
commitLayoutEffectOnFiber @ webpack-internal:///…evelopment.js:21577
recursivelyTraverseLayoutEffects @ webpack-internal:///…evelopment.js:22926
commitLayoutEffectOnFiber @ webpack-internal:///…evelopment.js:21418
recursivelyTraverseLayoutEffects @ webpack-internal:///…evelopment.js:22926
commitLayoutEffectOnFiber @ webpack-internal:///…evelopment.js:21407
recursivelyTraverseLayoutEffects @ webpack-internal:///…evelopment.js:22926
commitLayoutEffectOnFiber @ webpack-internal:///…evelopment.js:21407
recursivelyTraverseLayoutEffects @ webpack-internal:///…evelopment.js:22926
commitLayoutEffectOnFiber @ webpack-internal:///…evelopment.js:21418
recursivelyTraverseLayoutEffects @ webpack-internal:///…evelopment.js:22926
commitLayoutEffectOnFiber @ webpack-internal:///…evelopment.js:21407
recursivelyTraverseLayoutEffects @ webpack-internal:///…evelopment.js:22926
commitLayoutEffectOnFiber @ webpack-internal:///…evelopment.js:21577
recursivelyTraverseLayoutEffects @ webpack-internal:///…evelopment.js:22926
commitLayoutEffectOnFiber @ webpack-internal:///…evelopment.js:21577
recursivelyTraverseLayoutEffects @ webpack-internal:///…evelopment.js:22926
commitLayoutEffectOnFiber @ webpack-internal:///…evelopment.js:21577
recursivelyTraverseLayoutEffects @ webpack-internal:///…evelopment.js:22926
commitLayoutEffectOnFiber @ webpack-internal:///…evelopment.js:21577
recursivelyTraverseLayoutEffects @ webpack-internal:///…evelopment.js:22926
commitLayoutEffectOnFiber @ webpack-internal:///…evelopment.js:21577
recursivelyTraverseLayoutEffects @ webpack-internal:///…evelopment.js:22926
commitLayoutEffectOnFiber @ webpack-internal:///…evelopment.js:21577
recursivelyTraverseLayoutEffects @ webpack-internal:///…evelopment.js:22926
commitLayoutEffectOnFiber @ webpack-internal:///…evelopment.js:21407
recursivelyTraverseLayoutEffects @ webpack-internal:///…evelopment.js:22926
commitLayoutEffectOnFiber @ webpack-internal:///…evelopment.js:21418
recursivelyTraverseLayoutEffects @ webpack-internal:///…evelopment.js:22926
commitLayoutEffectOnFiber @ webpack-internal:///…evelopment.js:21407
recursivelyTraverseLayoutEffects @ webpack-internal:///…evelopment.js:22926
commitLayoutEffectOnFiber @ webpack-internal:///…evelopment.js:21407
recursivelyTraverseLayoutEffects @ webpack-internal:///…evelopment.js:22926
commitLayoutEffectOnFiber @ webpack-internal:///…evelopment.js:21407
recursivelyTraverseLayoutEffects @ webpack-internal:///…evelopment.js:22926
commitLayoutEffectOnFiber @ webpack-internal:///…evelopment.js:21407
recursivelyTraverseLayoutEffects @ webpack-internal:///…evelopment.js:22926
commitLayoutEffectOnFiber @ webpack-internal:///…evelopment.js:21577
recursivelyTraverseLayoutEffects @ webpack-internal:///…evelopment.js:22926
commitLayoutEffectOnFiber @ webpack-internal:///…evelopment.js:21577
recursivelyTraverseLayoutEffects @ webpack-internal:///…evelopment.js:22926
commitLayoutEffectOnFiber @ webpack-internal:///…evelopment.js:21577
recursivelyTraverseLayoutEffects @ webpack-internal:///…evelopment.js:22926
commitLayoutEffectOnFiber @ webpack-internal:///…evelopment.js:21437
commitLayoutEffects @ webpack-internal:///…evelopment.js:22912
commitRootImpl @ webpack-internal:///…evelopment.js:26226
commitRoot @ webpack-internal:///…evelopment.js:26077
commitRootWhenReady @ webpack-internal:///…evelopment.js:24749
finishConcurrentRender @ webpack-internal:///…evelopment.js:24714
performConcurrentWorkOnRoot @ webpack-internal:///…evelopment.js:24559
workLoop @ webpack-internal:///….development.js:256
flushWork @ webpack-internal:///….development.js:225
performWorkUntilDeadline @ webpack-internal:///….development.js:534
15:56:50.136  [CallModal] 🔄 Waiting for stream to become active for cmeifml0h001okung0i95m8s6
15:56:50.140  [VoiceActivity] Effect triggered: {hasStream: true, streamId: '34fa4aea-da9c-415d-afda-d1f0034b119c', audioTracks: 0, threshold: -40}
15:56:50.141  [VoiceActivity] No audio tracks in stream, cleaning up
15:56:50.141  [VoiceActivity] Effect triggered: {hasStream: true, streamId: '34fa4aea-da9c-415d-afda-d1f0034b119c', audioTracks: 0, threshold: -40}
15:56:50.141  [VoiceActivity] No audio tracks in stream, cleaning up
15:56:51.110  [CallModal] Updated peer connections for performance monitoring: 2
15:56:51.111  [CallModal] Peer connection participants: (2) ['cmeifml0h001okung0i95m8s6', 'cmeifn5qp002dkunge64m0xss']
15:56:51.112  [CallModal] Rendered - voice call opened
15:56:51.112  [CallModal] Rendered - voice call opened
15:56:51.112  [VoiceParticipant] Tester voice activity debug: {participantId: 'cmeifml0h001okung0i95m8s6', hasOriginalStream: true, hasLatestStream: true, streamActive: false, audioTracksCount: 0, …}
15:56:51.114  [CallModal] 🔊 Setting up audio element for participant cmeifml0h001okung0i95m8s6
15:56:51.114  [CallModal] Stream details: {id: '34fa4aea-da9c-415d-afda-d1f0034b119c', active: false, audioTracks: Array(0)}
15:56:51.115  [CallModal] Previous audio element for cmeifml0h001okung0i95m8s6: false
15:56:51.116  [CallModal] Cleared previous srcObject for cmeifml0h001okung0i95m8s6
15:56:51.117  [CallModal] 🔄 Stream not ready, waiting...
15:56:51.118  [CallModal] ❌ Initial audio play failed for cmeifml0h001okung0i95m8s6: 
attemptPlay @ webpack-internal:///…/CallModal.tsx:3124
ref @ webpack-internal:///…/CallModal.tsx:3158
commitAttachRef @ webpack-internal:///…evelopment.js:21677
safelyAttachRef @ webpack-internal:///…evelopment.js:20803
commitLayoutEffectOnFiber @ webpack-internal:///…evelopment.js:21498
recursivelyTraverseLayoutEffects @ webpack-internal:///…evelopment.js:22926
commitLayoutEffectOnFiber @ webpack-internal:///…evelopment.js:21577
recursivelyTraverseLayoutEffects @ webpack-internal:///…evelopment.js:22926
commitLayoutEffectOnFiber @ webpack-internal:///…evelopment.js:21488
recursivelyTraverseLayoutEffects @ webpack-internal:///…evelopment.js:22926
commitLayoutEffectOnFiber @ webpack-internal:///…evelopment.js:21488
recursivelyTraverseLayoutEffects @ webpack-internal:///…evelopment.js:22926
commitLayoutEffectOnFiber @ webpack-internal:///…evelopment.js:21488
recursivelyTraverseLayoutEffects @ webpack-internal:///…evelopment.js:22926
commitLayoutEffectOnFiber @ webpack-internal:///…evelopment.js:21488
recursivelyTraverseLayoutEffects @ webpack-internal:///…evelopment.js:22926
commitLayoutEffectOnFiber @ webpack-internal:///…evelopment.js:21407
recursivelyTraverseLayoutEffects @ webpack-internal:///…evelopment.js:22926
commitLayoutEffectOnFiber @ webpack-internal:///…evelopment.js:21407
recursivelyTraverseLayoutEffects @ webpack-internal:///…evelopment.js:22926
commitLayoutEffectOnFiber @ webpack-internal:///…evelopment.js:21577
recursivelyTraverseLayoutEffects @ webpack-internal:///…evelopment.js:22926
commitLayoutEffectOnFiber @ webpack-internal:///…evelopment.js:21407
recursivelyTraverseLayoutEffects @ webpack-internal:///…evelopment.js:22926
commitLayoutEffectOnFiber @ webpack-internal:///…evelopment.js:21577
recursivelyTraverseLayoutEffects @ webpack-internal:///…evelopment.js:22926
commitLayoutEffectOnFiber @ webpack-internal:///…evelopment.js:21407
recursivelyTraverseLayoutEffects @ webpack-internal:///…evelopment.js:22926
commitLayoutEffectOnFiber @ webpack-internal:///…evelopment.js:21577
recursivelyTraverseLayoutEffects @ webpack-internal:///…evelopment.js:22926
commitLayoutEffectOnFiber @ webpack-internal:///…evelopment.js:21407
recursivelyTraverseLayoutEffects @ webpack-internal:///…evelopment.js:22926
commitLayoutEffectOnFiber @ webpack-internal:///…evelopment.js:21577
recursivelyTraverseLayoutEffects @ webpack-internal:///…evelopment.js:22926
commitLayoutEffectOnFiber @ webpack-internal:///…evelopment.js:21407
recursivelyTraverseLayoutEffects @ webpack-internal:///…evelopment.js:22926
commitLayoutEffectOnFiber @ webpack-internal:///…evelopment.js:21407
recursivelyTraverseLayoutEffects @ webpack-internal:///…evelopment.js:22926
commitLayoutEffectOnFiber @ webpack-internal:///…evelopment.js:21488
recursivelyTraverseLayoutEffects @ webpack-internal:///…evelopment.js:22926
commitLayoutEffectOnFiber @ webpack-internal:///…evelopment.js:21488
recursivelyTraverseLayoutEffects @ webpack-internal:///…evelopment.js:22926
commitLayoutEffectOnFiber @ webpack-internal:///…evelopment.js:21577
recursivelyTraverseLayoutEffects @ webpack-internal:///…evelopment.js:22926
commitLayoutEffectOnFiber @ webpack-internal:///…evelopment.js:21577
recursivelyTraverseLayoutEffects @ webpack-internal:///…evelopment.js:22926
commitLayoutEffectOnFiber @ webpack-internal:///…evelopment.js:21418
recursivelyTraverseLayoutEffects @ webpack-internal:///…evelopment.js:22926
commitLayoutEffectOnFiber @ webpack-internal:///…evelopment.js:21407
recursivelyTraverseLayoutEffects @ webpack-internal:///…evelopment.js:22926
commitLayoutEffectOnFiber @ webpack-internal:///…evelopment.js:21577
recursivelyTraverseLayoutEffects @ webpack-internal:///…evelopment.js:22926
commitLayoutEffectOnFiber @ webpack-internal:///…evelopment.js:21418
recursivelyTraverseLayoutEffects @ webpack-internal:///…evelopment.js:22926
commitLayoutEffectOnFiber @ webpack-internal:///…evelopment.js:21407
recursivelyTraverseLayoutEffects @ webpack-internal:///…evelopment.js:22926
commitLayoutEffectOnFiber @ webpack-internal:///…evelopment.js:21407
recursivelyTraverseLayoutEffects @ webpack-internal:///…evelopment.js:22926
commitLayoutEffectOnFiber @ webpack-internal:///…evelopment.js:21418
recursivelyTraverseLayoutEffects @ webpack-internal:///…evelopment.js:22926
commitLayoutEffectOnFiber @ webpack-internal:///…evelopment.js:21407
recursivelyTraverseLayoutEffects @ webpack-internal:///…evelopment.js:22926
commitLayoutEffectOnFiber @ webpack-internal:///…evelopment.js:21577
recursivelyTraverseLayoutEffects @ webpack-internal:///…evelopment.js:22926
commitLayoutEffectOnFiber @ webpack-internal:///…evelopment.js:21577
recursivelyTraverseLayoutEffects @ webpack-internal:///…evelopment.js:22926
commitLayoutEffectOnFiber @ webpack-internal:///…evelopment.js:21577
recursivelyTraverseLayoutEffects @ webpack-internal:///…evelopment.js:22926
commitLayoutEffectOnFiber @ webpack-internal:///…evelopment.js:21577
recursivelyTraverseLayoutEffects @ webpack-internal:///…evelopment.js:22926
commitLayoutEffectOnFiber @ webpack-internal:///…evelopment.js:21577
recursivelyTraverseLayoutEffects @ webpack-internal:///…evelopment.js:22926
commitLayoutEffectOnFiber @ webpack-internal:///…evelopment.js:21577
recursivelyTraverseLayoutEffects @ webpack-internal:///…evelopment.js:22926
commitLayoutEffectOnFiber @ webpack-internal:///…evelopment.js:21407
recursivelyTraverseLayoutEffects @ webpack-internal:///…evelopment.js:22926
commitLayoutEffectOnFiber @ webpack-internal:///…evelopment.js:21418
recursivelyTraverseLayoutEffects @ webpack-internal:///…evelopment.js:22926
commitLayoutEffectOnFiber @ webpack-internal:///…evelopment.js:21407
recursivelyTraverseLayoutEffects @ webpack-internal:///…evelopment.js:22926
commitLayoutEffectOnFiber @ webpack-internal:///…evelopment.js:21407
recursivelyTraverseLayoutEffects @ webpack-internal:///…evelopment.js:22926
commitLayoutEffectOnFiber @ webpack-internal:///…evelopment.js:21407
recursivelyTraverseLayoutEffects @ webpack-internal:///…evelopment.js:22926
commitLayoutEffectOnFiber @ webpack-internal:///…evelopment.js:21407
recursivelyTraverseLayoutEffects @ webpack-internal:///…evelopment.js:22926
commitLayoutEffectOnFiber @ webpack-internal:///…evelopment.js:21577
recursivelyTraverseLayoutEffects @ webpack-internal:///…evelopment.js:22926
commitLayoutEffectOnFiber @ webpack-internal:///…evelopment.js:21577
recursivelyTraverseLayoutEffects @ webpack-internal:///…evelopment.js:22926
commitLayoutEffectOnFiber @ webpack-internal:///…evelopment.js:21577
recursivelyTraverseLayoutEffects @ webpack-internal:///…evelopment.js:22926
commitLayoutEffectOnFiber @ webpack-internal:///…evelopment.js:21437
commitLayoutEffects @ webpack-internal:///…evelopment.js:22912
commitRootImpl @ webpack-internal:///…evelopment.js:26226
commitRoot @ webpack-internal:///…evelopment.js:26077
commitRootWhenReady @ webpack-internal:///…evelopment.js:24749
finishConcurrentRender @ webpack-internal:///…evelopment.js:24714
performConcurrentWorkOnRoot @ webpack-internal:///…evelopment.js:24559
workLoop @ webpack-internal:///….development.js:256
flushWork @ webpack-internal:///….development.js:225
performWorkUntilDeadline @ webpack-internal:///….development.js:534
15:56:51.118  [CallModal] 🔄 Waiting for stream to become active for cmeifml0h001okung0i95m8s6
15:56:51.121  [VoiceActivity] Effect triggered: {hasStream: true, streamId: '34fa4aea-da9c-415d-afda-d1f0034b119c', audioTracks: 0, threshold: -40}
15:56:51.121  [VoiceActivity] No audio tracks in stream, cleaning up
15:56:51.122  [useCallPerformance] Connection states: (2) [{…}, {…}]
15:56:51.122  [useCallPerformance] Starting monitoring for 2 valid connections
15:56:51.123  [VoiceActivity] Effect triggered: {hasStream: true, streamId: '34fa4aea-da9c-415d-afda-d1f0034b119c', audioTracks: 0, threshold: -40}
15:56:51.123  [VoiceActivity] No audio tracks in stream, cleaning up
15:56:51.125  [useCallPerformance] Network metrics: {audioPacketLoss: 0, videoPacketLoss: 0, videoFrameRate: 0, latency: 1, callType: 'voice'}
15:56:51.126  [useCallPerformance] No valid network data yet, assuming good quality
15:56:51.127  [CallModal] Rendered - voice call opened
15:56:51.127  [CallModal] Rendered - voice call opened
15:56:51.128  [VoiceParticipant] Tester voice activity debug: {participantId: 'cmeifml0h001okung0i95m8s6', hasOriginalStream: true, hasLatestStream: true, streamActive: false, audioTracksCount: 0, …}
15:56:51.129  [CallModal] 🔊 Setting up audio element for participant cmeifml0h001okung0i95m8s6
15:56:51.130  [CallModal] Stream details: {id: '34fa4aea-da9c-415d-afda-d1f0034b119c', active: false, audioTracks: Array(0)}
15:56:51.130  [CallModal] Previous audio element for cmeifml0h001okung0i95m8s6: false
15:56:51.132  [CallModal] Cleared previous srcObject for cmeifml0h001okung0i95m8s6
15:56:51.132  [CallModal] 🔄 Stream not ready, waiting...
15:56:51.133  [CallModal] ❌ Initial audio play failed for cmeifml0h001okung0i95m8s6: 
attemptPlay @ webpack-internal:///…/CallModal.tsx:3124
ref @ webpack-internal:///…/CallModal.tsx:3158
commitAttachRef @ webpack-internal:///…evelopment.js:21677
safelyAttachRef @ webpack-internal:///…evelopment.js:20803
commitLayoutEffectOnFiber @ webpack-internal:///…evelopment.js:21498
recursivelyTraverseLayoutEffects @ webpack-internal:///…evelopment.js:22926
commitLayoutEffectOnFiber @ webpack-internal:///…evelopment.js:21577
recursivelyTraverseLayoutEffects @ webpack-internal:///…evelopment.js:22926
commitLayoutEffectOnFiber @ webpack-internal:///…evelopment.js:21488
recursivelyTraverseLayoutEffects @ webpack-internal:///…evelopment.js:22926
commitLayoutEffectOnFiber @ webpack-internal:///…evelopment.js:21488
recursivelyTraverseLayoutEffects @ webpack-internal:///…evelopment.js:22926
commitLayoutEffectOnFiber @ webpack-internal:///…evelopment.js:21488
recursivelyTraverseLayoutEffects @ webpack-internal:///…evelopment.js:22926
commitLayoutEffectOnFiber @ webpack-internal:///…evelopment.js:21488
recursivelyTraverseLayoutEffects @ webpack-internal:///…evelopment.js:22926
commitLayoutEffectOnFiber @ webpack-internal:///…evelopment.js:21407
recursivelyTraverseLayoutEffects @ webpack-internal:///…evelopment.js:22926
commitLayoutEffectOnFiber @ webpack-internal:///…evelopment.js:21407
recursivelyTraverseLayoutEffects @ webpack-internal:///…evelopment.js:22926
commitLayoutEffectOnFiber @ webpack-internal:///…evelopment.js:21577
recursivelyTraverseLayoutEffects @ webpack-internal:///…evelopment.js:22926
commitLayoutEffectOnFiber @ webpack-internal:///…evelopment.js:21407
recursivelyTraverseLayoutEffects @ webpack-internal:///…evelopment.js:22926
commitLayoutEffectOnFiber @ webpack-internal:///…evelopment.js:21577
recursivelyTraverseLayoutEffects @ webpack-internal:///…evelopment.js:22926
commitLayoutEffectOnFiber @ webpack-internal:///…evelopment.js:21407
recursivelyTraverseLayoutEffects @ webpack-internal:///…evelopment.js:22926
commitLayoutEffectOnFiber @ webpack-internal:///…evelopment.js:21577
recursivelyTraverseLayoutEffects @ webpack-internal:///…evelopment.js:22926
commitLayoutEffectOnFiber @ webpack-internal:///…evelopment.js:21407
recursivelyTraverseLayoutEffects @ webpack-internal:///…evelopment.js:22926
commitLayoutEffectOnFiber @ webpack-internal:///…evelopment.js:21577
recursivelyTraverseLayoutEffects @ webpack-internal:///…evelopment.js:22926
commitLayoutEffectOnFiber @ webpack-internal:///…evelopment.js:21407
recursivelyTraverseLayoutEffects @ webpack-internal:///…evelopment.js:22926
commitLayoutEffectOnFiber @ webpack-internal:///…evelopment.js:21407
recursivelyTraverseLayoutEffects @ webpack-internal:///…evelopment.js:22926
commitLayoutEffectOnFiber @ webpack-internal:///…evelopment.js:21488
recursivelyTraverseLayoutEffects @ webpack-internal:///…evelopment.js:22926
commitLayoutEffectOnFiber @ webpack-internal:///…evelopment.js:21488
recursivelyTraverseLayoutEffects @ webpack-internal:///…evelopment.js:22926
commitLayoutEffectOnFiber @ webpack-internal:///…evelopment.js:21577
recursivelyTraverseLayoutEffects @ webpack-internal:///…evelopment.js:22926
commitLayoutEffectOnFiber @ webpack-internal:///…evelopment.js:21577
recursivelyTraverseLayoutEffects @ webpack-internal:///…evelopment.js:22926
commitLayoutEffectOnFiber @ webpack-internal:///…evelopment.js:21418
recursivelyTraverseLayoutEffects @ webpack-internal:///…evelopment.js:22926
commitLayoutEffectOnFiber @ webpack-internal:///…evelopment.js:21407
recursivelyTraverseLayoutEffects @ webpack-internal:///…evelopment.js:22926
commitLayoutEffectOnFiber @ webpack-internal:///…evelopment.js:21577
recursivelyTraverseLayoutEffects @ webpack-internal:///…evelopment.js:22926
commitLayoutEffectOnFiber @ webpack-internal:///…evelopment.js:21418
recursivelyTraverseLayoutEffects @ webpack-internal:///…evelopment.js:22926
commitLayoutEffectOnFiber @ webpack-internal:///…evelopment.js:21407
recursivelyTraverseLayoutEffects @ webpack-internal:///…evelopment.js:22926
commitLayoutEffectOnFiber @ webpack-internal:///…evelopment.js:21407
recursivelyTraverseLayoutEffects @ webpack-internal:///…evelopment.js:22926
commitLayoutEffectOnFiber @ webpack-internal:///…evelopment.js:21418
recursivelyTraverseLayoutEffects @ webpack-internal:///…evelopment.js:22926
commitLayoutEffectOnFiber @ webpack-internal:///…evelopment.js:21407
recursivelyTraverseLayoutEffects @ webpack-internal:///…evelopment.js:22926
commitLayoutEffectOnFiber @ webpack-internal:///…evelopment.js:21577
recursivelyTraverseLayoutEffects @ webpack-internal:///…evelopment.js:22926
commitLayoutEffectOnFiber @ webpack-internal:///…evelopment.js:21577
recursivelyTraverseLayoutEffects @ webpack-internal:///…evelopment.js:22926
commitLayoutEffectOnFiber @ webpack-internal:///…evelopment.js:21577
recursivelyTraverseLayoutEffects @ webpack-internal:///…evelopment.js:22926
commitLayoutEffectOnFiber @ webpack-internal:///…evelopment.js:21577
recursivelyTraverseLayoutEffects @ webpack-internal:///…evelopment.js:22926
commitLayoutEffectOnFiber @ webpack-internal:///…evelopment.js:21577
recursivelyTraverseLayoutEffects @ webpack-internal:///…evelopment.js:22926
commitLayoutEffectOnFiber @ webpack-internal:///…evelopment.js:21577
recursivelyTraverseLayoutEffects @ webpack-internal:///…evelopment.js:22926
commitLayoutEffectOnFiber @ webpack-internal:///…evelopment.js:21407
recursivelyTraverseLayoutEffects @ webpack-internal:///…evelopment.js:22926
commitLayoutEffectOnFiber @ webpack-internal:///…evelopment.js:21418
recursivelyTraverseLayoutEffects @ webpack-internal:///…evelopment.js:22926
commitLayoutEffectOnFiber @ webpack-internal:///…evelopment.js:21407
recursivelyTraverseLayoutEffects @ webpack-internal:///…evelopment.js:22926
commitLayoutEffectOnFiber @ webpack-internal:///…evelopment.js:21407
recursivelyTraverseLayoutEffects @ webpack-internal:///…evelopment.js:22926
commitLayoutEffectOnFiber @ webpack-internal:///…evelopment.js:21407
recursivelyTraverseLayoutEffects @ webpack-internal:///…evelopment.js:22926
commitLayoutEffectOnFiber @ webpack-internal:///…evelopment.js:21407
recursivelyTraverseLayoutEffects @ webpack-internal:///…evelopment.js:22926
commitLayoutEffectOnFiber @ webpack-internal:///…evelopment.js:21577
recursivelyTraverseLayoutEffects @ webpack-internal:///…evelopment.js:22926
commitLayoutEffectOnFiber @ webpack-internal:///…evelopment.js:21577
recursivelyTraverseLayoutEffects @ webpack-internal:///…evelopment.js:22926
commitLayoutEffectOnFiber @ webpack-internal:///…evelopment.js:21577
recursivelyTraverseLayoutEffects @ webpack-internal:///…evelopment.js:22926
commitLayoutEffectOnFiber @ webpack-internal:///…evelopment.js:21437
commitLayoutEffects @ webpack-internal:///…evelopment.js:22912
commitRootImpl @ webpack-internal:///…evelopment.js:26226
commitRoot @ webpack-internal:///…evelopment.js:26077
commitRootWhenReady @ webpack-internal:///…evelopment.js:24749
finishConcurrentRender @ webpack-internal:///…evelopment.js:24714
performConcurrentWorkOnRoot @ webpack-internal:///…evelopment.js:24559
workLoop @ webpack-internal:///….development.js:256
flushWork @ webpack-internal:///….development.js:225
performWorkUntilDeadline @ webpack-internal:///….development.js:534
15:56:51.133  [CallModal] 🔄 Waiting for stream to become active for cmeifml0h001okung0i95m8s6
15:56:51.134  [VoiceActivity] Effect triggered: {hasStream: true, streamId: '34fa4aea-da9c-415d-afda-d1f0034b119c', audioTracks: 0, threshold: -40}
15:56:51.135  [VoiceActivity] No audio tracks in stream, cleaning up
15:56:51.135  [VoiceActivity] Effect triggered: {hasStream: true, streamId: '34fa4aea-da9c-415d-afda-d1f0034b119c', audioTracks: 0, threshold: -40}
15:56:51.135  [VoiceActivity] No audio tracks in stream, cleaning up
15:56:52.108  [CallModal] Rendered - voice call opened
15:56:52.109  [CallModal] Rendered - voice call opened
15:56:52.110  [VoiceParticipant] Tester voice activity debug: {participantId: 'cmeifml0h001okung0i95m8s6', hasOriginalStream: true, hasLatestStream: true, streamActive: false, audioTracksCount: 0, …}
15:56:52.112  [CallModal] 🔊 Setting up audio element for participant cmeifml0h001okung0i95m8s6
15:56:52.112  [CallModal] Stream details: {id: '34fa4aea-da9c-415d-afda-d1f0034b119c', active: false, audioTracks: Array(0)}
15:56:52.113  [CallModal] Previous audio element for cmeifml0h001okung0i95m8s6: false
15:56:52.114  [CallModal] Cleared previous srcObject for cmeifml0h001okung0i95m8s6
15:56:52.114  [CallModal] 🔄 Stream not ready, waiting...
15:56:52.115  [CallModal] ❌ Initial audio play failed for cmeifml0h001okung0i95m8s6: 
attemptPlay @ webpack-internal:///…/CallModal.tsx:3124
ref @ webpack-internal:///…/CallModal.tsx:3158
commitAttachRef @ webpack-internal:///…evelopment.js:21677
safelyAttachRef @ webpack-internal:///…evelopment.js:20803
commitLayoutEffectOnFiber @ webpack-internal:///…evelopment.js:21498
recursivelyTraverseLayoutEffects @ webpack-internal:///…evelopment.js:22926
commitLayoutEffectOnFiber @ webpack-internal:///…evelopment.js:21577
recursivelyTraverseLayoutEffects @ webpack-internal:///…evelopment.js:22926
commitLayoutEffectOnFiber @ webpack-internal:///…evelopment.js:21488
recursivelyTraverseLayoutEffects @ webpack-internal:///…evelopment.js:22926
commitLayoutEffectOnFiber @ webpack-internal:///…evelopment.js:21488
recursivelyTraverseLayoutEffects @ webpack-internal:///…evelopment.js:22926
commitLayoutEffectOnFiber @ webpack-internal:///…evelopment.js:21488
recursivelyTraverseLayoutEffects @ webpack-internal:///…evelopment.js:22926
commitLayoutEffectOnFiber @ webpack-internal:///…evelopment.js:21488
recursivelyTraverseLayoutEffects @ webpack-internal:///…evelopment.js:22926
commitLayoutEffectOnFiber @ webpack-internal:///…evelopment.js:21407
recursivelyTraverseLayoutEffects @ webpack-internal:///…evelopment.js:22926
commitLayoutEffectOnFiber @ webpack-internal:///…evelopment.js:21407
recursivelyTraverseLayoutEffects @ webpack-internal:///…evelopment.js:22926
commitLayoutEffectOnFiber @ webpack-internal:///…evelopment.js:21577
recursivelyTraverseLayoutEffects @ webpack-internal:///…evelopment.js:22926
commitLayoutEffectOnFiber @ webpack-internal:///…evelopment.js:21407
recursivelyTraverseLayoutEffects @ webpack-internal:///…evelopment.js:22926
commitLayoutEffectOnFiber @ webpack-internal:///…evelopment.js:21577
recursivelyTraverseLayoutEffects @ webpack-internal:///…evelopment.js:22926
commitLayoutEffectOnFiber @ webpack-internal:///…evelopment.js:21407
recursivelyTraverseLayoutEffects @ webpack-internal:///…evelopment.js:22926
commitLayoutEffectOnFiber @ webpack-internal:///…evelopment.js:21577
recursivelyTraverseLayoutEffects @ webpack-internal:///…evelopment.js:22926
commitLayoutEffectOnFiber @ webpack-internal:///…evelopment.js:21407
recursivelyTraverseLayoutEffects @ webpack-internal:///…evelopment.js:22926
commitLayoutEffectOnFiber @ webpack-internal:///…evelopment.js:21577
recursivelyTraverseLayoutEffects @ webpack-internal:///…evelopment.js:22926
commitLayoutEffectOnFiber @ webpack-internal:///…evelopment.js:21407
recursivelyTraverseLayoutEffects @ webpack-internal:///…evelopment.js:22926
commitLayoutEffectOnFiber @ webpack-internal:///…evelopment.js:21407
recursivelyTraverseLayoutEffects @ webpack-internal:///…evelopment.js:22926
commitLayoutEffectOnFiber @ webpack-internal:///…evelopment.js:21488
recursivelyTraverseLayoutEffects @ webpack-internal:///…evelopment.js:22926
commitLayoutEffectOnFiber @ webpack-internal:///…evelopment.js:21488
recursivelyTraverseLayoutEffects @ webpack-internal:///…evelopment.js:22926
commitLayoutEffectOnFiber @ webpack-internal:///…evelopment.js:21577
recursivelyTraverseLayoutEffects @ webpack-internal:///…evelopment.js:22926
commitLayoutEffectOnFiber @ webpack-internal:///…evelopment.js:21577
recursivelyTraverseLayoutEffects @ webpack-internal:///…evelopment.js:22926
commitLayoutEffectOnFiber @ webpack-internal:///…evelopment.js:21418
recursivelyTraverseLayoutEffects @ webpack-internal:///…evelopment.js:22926
commitLayoutEffectOnFiber @ webpack-internal:///…evelopment.js:21407
recursivelyTraverseLayoutEffects @ webpack-internal:///…evelopment.js:22926
commitLayoutEffectOnFiber @ webpack-internal:///…evelopment.js:21577
recursivelyTraverseLayoutEffects @ webpack-internal:///…evelopment.js:22926
commitLayoutEffectOnFiber @ webpack-internal:///…evelopment.js:21418
recursivelyTraverseLayoutEffects @ webpack-internal:///…evelopment.js:22926
commitLayoutEffectOnFiber @ webpack-internal:///…evelopment.js:21407
recursivelyTraverseLayoutEffects @ webpack-internal:///…evelopment.js:22926
commitLayoutEffectOnFiber @ webpack-internal:///…evelopment.js:21407
recursivelyTraverseLayoutEffects @ webpack-internal:///…evelopment.js:22926
commitLayoutEffectOnFiber @ webpack-internal:///…evelopment.js:21418
recursivelyTraverseLayoutEffects @ webpack-internal:///…evelopment.js:22926
commitLayoutEffectOnFiber @ webpack-internal:///…evelopment.js:21407
recursivelyTraverseLayoutEffects @ webpack-internal:///…evelopment.js:22926
commitLayoutEffectOnFiber @ webpack-internal:///…evelopment.js:21577
recursivelyTraverseLayoutEffects @ webpack-internal:///…evelopment.js:22926
commitLayoutEffectOnFiber @ webpack-internal:///…evelopment.js:21577
recursivelyTraverseLayoutEffects @ webpack-internal:///…evelopment.js:22926
commitLayoutEffectOnFiber @ webpack-internal:///…evelopment.js:21577
recursivelyTraverseLayoutEffects @ webpack-internal:///…evelopment.js:22926
commitLayoutEffectOnFiber @ webpack-internal:///…evelopment.js:21577
recursivelyTraverseLayoutEffects @ webpack-internal:///…evelopment.js:22926
commitLayoutEffectOnFiber @ webpack-internal:///…evelopment.js:21577
recursivelyTraverseLayoutEffects @ webpack-internal:///…evelopment.js:22926
commitLayoutEffectOnFiber @ webpack-internal:///…evelopment.js:21577
recursivelyTraverseLayoutEffects @ webpack-internal:///…evelopment.js:22926
commitLayoutEffectOnFiber @ webpack-internal:///…evelopment.js:21407
recursivelyTraverseLayoutEffects @ webpack-internal:///…evelopment.js:22926
commitLayoutEffectOnFiber @ webpack-internal:///…evelopment.js:21418
recursivelyTraverseLayoutEffects @ webpack-internal:///…evelopment.js:22926
commitLayoutEffectOnFiber @ webpack-internal:///…evelopment.js:21407
recursivelyTraverseLayoutEffects @ webpack-internal:///…evelopment.js:22926
commitLayoutEffectOnFiber @ webpack-internal:///…evelopment.js:21407
recursivelyTraverseLayoutEffects @ webpack-internal:///…evelopment.js:22926
commitLayoutEffectOnFiber @ webpack-internal:///…evelopment.js:21407
recursivelyTraverseLayoutEffects @ webpack-internal:///…evelopment.js:22926
commitLayoutEffectOnFiber @ webpack-internal:///…evelopment.js:21407
recursivelyTraverseLayoutEffects @ webpack-internal:///…evelopment.js:22926
commitLayoutEffectOnFiber @ webpack-internal:///…evelopment.js:21577
recursivelyTraverseLayoutEffects @ webpack-internal:///…evelopment.js:22926
commitLayoutEffectOnFiber @ webpack-internal:///…evelopment.js:21577
recursivelyTraverseLayoutEffects @ webpack-internal:///…evelopment.js:22926
commitLayoutEffectOnFiber @ webpack-internal:///…evelopment.js:21577
recursivelyTraverseLayoutEffects @ webpack-internal:///…evelopment.js:22926
commitLayoutEffectOnFiber @ webpack-internal:///…evelopment.js:21437
commitLayoutEffects @ webpack-internal:///…evelopment.js:22912
commitRootImpl @ webpack-internal:///…evelopment.js:26226
commitRoot @ webpack-internal:///…evelopment.js:26077
commitRootWhenReady @ webpack-internal:///…evelopment.js:24749
finishConcurrentRender @ webpack-internal:///…evelopment.js:24714
performConcurrentWorkOnRoot @ webpack-internal:///…evelopment.js:24559
workLoop @ webpack-internal:///….development.js:256
flushWork @ webpack-internal:///….development.js:225
performWorkUntilDeadline @ webpack-internal:///….development.js:534
15:56:52.115  [CallModal] 🔄 Waiting for stream to become active for cmeifml0h001okung0i95m8s6
15:56:52.118  [VoiceActivity] Effect triggered: {hasStream: true, streamId: '34fa4aea-da9c-415d-afda-d1f0034b119c', audioTracks: 0, threshold: -40}
15:56:52.119  [VoiceActivity] No audio tracks in stream, cleaning up
15:56:52.119  [VoiceActivity] Effect triggered: {hasStream: true, streamId: '34fa4aea-da9c-415d-afda-d1f0034b119c', audioTracks: 0, threshold: -40}
15:56:52.120  [VoiceActivity] No audio tracks in stream, cleaning up
15:56:52.503  ChatSidebar: Filtered 4 -> 4 conversations
15:56:52.503  ChatSidebar: Final conversation list: (4) [{…}, {…}, {…}, {…}]
15:56:52.504  🏠 ChatWindow mounted/re-rendered with conversationId: null
15:56:52.504  🏠 ChatWindow mounted/re-rendered with conversationId: null
15:56:52.504  Updated online status for user cmeifml0h001okung0i95m8s6 in conversation cmf4reytq000tkuuuioykvp98
15:56:52.505  [CallModal] Rendered - voice call opened
15:56:52.505  [CallModal] Rendered - voice call opened
15:56:52.505  [VoiceParticipant] Tester voice activity debug: {participantId: 'cmeifml0h001okung0i95m8s6', hasOriginalStream: true, hasLatestStream: true, streamActive: false, audioTracksCount: 0, …}
15:56:52.508  [CallModal] 🔊 Setting up audio element for participant cmeifml0h001okung0i95m8s6
15:56:52.508  [CallModal] Stream details: {id: '34fa4aea-da9c-415d-afda-d1f0034b119c', active: false, audioTracks: Array(0)}
15:56:52.509  [CallModal] Previous audio element for cmeifml0h001okung0i95m8s6: false
15:56:52.510  [CallModal] Cleared previous srcObject for cmeifml0h001okung0i95m8s6
15:56:52.511  [CallModal] 🔄 Stream not ready, waiting...
15:56:52.512  [CallModal] ❌ Initial audio play failed for cmeifml0h001okung0i95m8s6: 
attemptPlay @ webpack-internal:///…/CallModal.tsx:3124
ref @ webpack-internal:///…/CallModal.tsx:3158
commitAttachRef @ webpack-internal:///…evelopment.js:21677
safelyAttachRef @ webpack-internal:///…evelopment.js:20803
commitLayoutEffectOnFiber @ webpack-internal:///…evelopment.js:21498
recursivelyTraverseLayoutEffects @ webpack-internal:///…evelopment.js:22926
commitLayoutEffectOnFiber @ webpack-internal:///…evelopment.js:21577
recursivelyTraverseLayoutEffects @ webpack-internal:///…evelopment.js:22926
commitLayoutEffectOnFiber @ webpack-internal:///…evelopment.js:21488
recursivelyTraverseLayoutEffects @ webpack-internal:///…evelopment.js:22926
commitLayoutEffectOnFiber @ webpack-internal:///…evelopment.js:21488
recursivelyTraverseLayoutEffects @ webpack-internal:///…evelopment.js:22926
commitLayoutEffectOnFiber @ webpack-internal:///…evelopment.js:21488
recursivelyTraverseLayoutEffects @ webpack-internal:///…evelopment.js:22926
commitLayoutEffectOnFiber @ webpack-internal:///…evelopment.js:21488
recursivelyTraverseLayoutEffects @ webpack-internal:///…evelopment.js:22926
commitLayoutEffectOnFiber @ webpack-internal:///…evelopment.js:21407
recursivelyTraverseLayoutEffects @ webpack-internal:///…evelopment.js:22926
commitLayoutEffectOnFiber @ webpack-internal:///…evelopment.js:21407
recursivelyTraverseLayoutEffects @ webpack-internal:///…evelopment.js:22926
commitLayoutEffectOnFiber @ webpack-internal:///…evelopment.js:21577
recursivelyTraverseLayoutEffects @ webpack-internal:///…evelopment.js:22926
commitLayoutEffectOnFiber @ webpack-internal:///…evelopment.js:21407
recursivelyTraverseLayoutEffects @ webpack-internal:///…evelopment.js:22926
commitLayoutEffectOnFiber @ webpack-internal:///…evelopment.js:21577
recursivelyTraverseLayoutEffects @ webpack-internal:///…evelopment.js:22926
commitLayoutEffectOnFiber @ webpack-internal:///…evelopment.js:21407
recursivelyTraverseLayoutEffects @ webpack-internal:///…evelopment.js:22926
commitLayoutEffectOnFiber @ webpack-internal:///…evelopment.js:21577
recursivelyTraverseLayoutEffects @ webpack-internal:///…evelopment.js:22926
commitLayoutEffectOnFiber @ webpack-internal:///…evelopment.js:21407
recursivelyTraverseLayoutEffects @ webpack-internal:///…evelopment.js:22926
commitLayoutEffectOnFiber @ webpack-internal:///…evelopment.js:21577
recursivelyTraverseLayoutEffects @ webpack-internal:///…evelopment.js:22926
commitLayoutEffectOnFiber @ webpack-internal:///…evelopment.js:21407
recursivelyTraverseLayoutEffects @ webpack-internal:///…evelopment.js:22926
commitLayoutEffectOnFiber @ webpack-internal:///…evelopment.js:21407
recursivelyTraverseLayoutEffects @ webpack-internal:///…evelopment.js:22926
commitLayoutEffectOnFiber @ webpack-internal:///…evelopment.js:21488
recursivelyTraverseLayoutEffects @ webpack-internal:///…evelopment.js:22926
commitLayoutEffectOnFiber @ webpack-internal:///…evelopment.js:21488
recursivelyTraverseLayoutEffects @ webpack-internal:///…evelopment.js:22926
commitLayoutEffectOnFiber @ webpack-internal:///…evelopment.js:21577
recursivelyTraverseLayoutEffects @ webpack-internal:///…evelopment.js:22926
commitLayoutEffectOnFiber @ webpack-internal:///…evelopment.js:21577
recursivelyTraverseLayoutEffects @ webpack-internal:///…evelopment.js:22926
commitLayoutEffectOnFiber @ webpack-internal:///…evelopment.js:21418
recursivelyTraverseLayoutEffects @ webpack-internal:///…evelopment.js:22926
commitLayoutEffectOnFiber @ webpack-internal:///…evelopment.js:21407
recursivelyTraverseLayoutEffects @ webpack-internal:///…evelopment.js:22926
commitLayoutEffectOnFiber @ webpack-internal:///…evelopment.js:21577
recursivelyTraverseLayoutEffects @ webpack-internal:///…evelopment.js:22926
commitLayoutEffectOnFiber @ webpack-internal:///…evelopment.js:21418
recursivelyTraverseLayoutEffects @ webpack-internal:///…evelopment.js:22926
commitLayoutEffectOnFiber @ webpack-internal:///…evelopment.js:21407
recursivelyTraverseLayoutEffects @ webpack-internal:///…evelopment.js:22926
commitLayoutEffectOnFiber @ webpack-internal:///…evelopment.js:21407
recursivelyTraverseLayoutEffects @ webpack-internal:///…evelopment.js:22926
commitLayoutEffectOnFiber @ webpack-internal:///…evelopment.js:21418
recursivelyTraverseLayoutEffects @ webpack-internal:///…evelopment.js:22926
commitLayoutEffectOnFiber @ webpack-internal:///…evelopment.js:21407
recursivelyTraverseLayoutEffects @ webpack-internal:///…evelopment.js:22926
commitLayoutEffectOnFiber @ webpack-internal:///…evelopment.js:21577
recursivelyTraverseLayoutEffects @ webpack-internal:///…evelopment.js:22926
commitLayoutEffectOnFiber @ webpack-internal:///…evelopment.js:21577
recursivelyTraverseLayoutEffects @ webpack-internal:///…evelopment.js:22926
commitLayoutEffectOnFiber @ webpack-internal:///…evelopment.js:21577
recursivelyTraverseLayoutEffects @ webpack-internal:///…evelopment.js:22926
commitLayoutEffectOnFiber @ webpack-internal:///…evelopment.js:21577
recursivelyTraverseLayoutEffects @ webpack-internal:///…evelopment.js:22926
commitLayoutEffectOnFiber @ webpack-internal:///…evelopment.js:21577
recursivelyTraverseLayoutEffects @ webpack-internal:///…evelopment.js:22926
commitLayoutEffectOnFiber @ webpack-internal:///…evelopment.js:21577
recursivelyTraverseLayoutEffects @ webpack-internal:///…evelopment.js:22926
commitLayoutEffectOnFiber @ webpack-internal:///…evelopment.js:21407
recursivelyTraverseLayoutEffects @ webpack-internal:///…evelopment.js:22926
commitLayoutEffectOnFiber @ webpack-internal:///…evelopment.js:21418
recursivelyTraverseLayoutEffects @ webpack-internal:///…evelopment.js:22926
commitLayoutEffectOnFiber @ webpack-internal:///…evelopment.js:21407
recursivelyTraverseLayoutEffects @ webpack-internal:///…evelopment.js:22926
commitLayoutEffectOnFiber @ webpack-internal:///…evelopment.js:21407
recursivelyTraverseLayoutEffects @ webpack-internal:///…evelopment.js:22926
commitLayoutEffectOnFiber @ webpack-internal:///…evelopment.js:21407
recursivelyTraverseLayoutEffects @ webpack-internal:///…evelopment.js:22926
commitLayoutEffectOnFiber @ webpack-internal:///…evelopment.js:21407
recursivelyTraverseLayoutEffects @ webpack-internal:///…evelopment.js:22926
commitLayoutEffectOnFiber @ webpack-internal:///…evelopment.js:21577
recursivelyTraverseLayoutEffects @ webpack-internal:///…evelopment.js:22926
commitLayoutEffectOnFiber @ webpack-internal:///…evelopment.js:21577
recursivelyTraverseLayoutEffects @ webpack-internal:///…evelopment.js:22926
commitLayoutEffectOnFiber @ webpack-internal:///…evelopment.js:21577
recursivelyTraverseLayoutEffects @ webpack-internal:///…evelopment.js:22926
commitLayoutEffectOnFiber @ webpack-internal:///…evelopment.js:21437
commitLayoutEffects @ webpack-internal:///…evelopment.js:22912
commitRootImpl @ webpack-internal:///…evelopment.js:26226
commitRoot @ webpack-internal:///…evelopment.js:26077
commitRootWhenReady @ webpack-internal:///…evelopment.js:24749
finishConcurrentRender @ webpack-internal:///…evelopment.js:24714
performConcurrentWorkOnRoot @ webpack-internal:///…evelopment.js:24559
workLoop @ webpack-internal:///….development.js:256
flushWork @ webpack-internal:///….development.js:225
performWorkUntilDeadline @ webpack-internal:///….development.js:534
15:56:52.512  [CallModal] 🔄 Waiting for stream to become active for cmeifml0h001okung0i95m8s6
15:56:52.514  ChatSidebar: Conversations updated, count: 4
15:56:52.514  ChatSidebar: Latest conversation: cmfbwdnf60000kuzg41ovkra2 last message: cmfc8zta3000bkulfrpl6vutn
15:56:52.515  [VoiceActivity] Effect triggered: {hasStream: true, streamId: '34fa4aea-da9c-415d-afda-d1f0034b119c', audioTracks: 0, threshold: -40}
15:56:52.515  [VoiceActivity] No audio tracks in stream, cleaning up
15:56:52.516  [CallModal] Initialized active participants (excluding self): ['cmeifml0h001okung0i95m8s6']
15:56:52.516  [CallModal] Skipping connection verification - no WebRTC or participants
15:56:52.517  [VoiceActivity] Effect triggered: {hasStream: true, streamId: '34fa4aea-da9c-415d-afda-d1f0034b119c', audioTracks: 0, threshold: -40}
15:56:52.517  [VoiceActivity] No audio tracks in stream, cleaning up
15:56:52.518  [CallModal] Rendered - voice call opened
15:56:52.518  [CallModal] Rendered - voice call opened
15:56:52.519  [VoiceParticipant] Tester voice activity debug: {participantId: 'cmeifml0h001okung0i95m8s6', hasOriginalStream: true, hasLatestStream: true, streamActive: false, audioTracksCount: 0, …}
15:56:52.521  [CallModal] 🔊 Setting up audio element for participant cmeifml0h001okung0i95m8s6
15:56:52.521  [CallModal] Stream details: {id: '34fa4aea-da9c-415d-afda-d1f0034b119c', active: false, audioTracks: Array(0)}
15:56:52.522  [CallModal] Previous audio element for cmeifml0h001okung0i95m8s6: false
15:56:52.524  [CallModal] Cleared previous srcObject for cmeifml0h001okung0i95m8s6
15:56:52.525  [CallModal] 🔄 Stream not ready, waiting...
15:56:52.526  [CallModal] ❌ Initial audio play failed for cmeifml0h001okung0i95m8s6: 
attemptPlay @ webpack-internal:///…/CallModal.tsx:3124
ref @ webpack-internal:///…/CallModal.tsx:3158
commitAttachRef @ webpack-internal:///…evelopment.js:21677
safelyAttachRef @ webpack-internal:///…evelopment.js:20803
commitLayoutEffectOnFiber @ webpack-internal:///…evelopment.js:21498
recursivelyTraverseLayoutEffects @ webpack-internal:///…evelopment.js:22926
commitLayoutEffectOnFiber @ webpack-internal:///…evelopment.js:21577
recursivelyTraverseLayoutEffects @ webpack-internal:///…evelopment.js:22926
commitLayoutEffectOnFiber @ webpack-internal:///…evelopment.js:21488
recursivelyTraverseLayoutEffects @ webpack-internal:///…evelopment.js:22926
commitLayoutEffectOnFiber @ webpack-internal:///…evelopment.js:21488
recursivelyTraverseLayoutEffects @ webpack-internal:///…evelopment.js:22926
commitLayoutEffectOnFiber @ webpack-internal:///…evelopment.js:21488
recursivelyTraverseLayoutEffects @ webpack-internal:///…evelopment.js:22926
commitLayoutEffectOnFiber @ webpack-internal:///…evelopment.js:21488
recursivelyTraverseLayoutEffects @ webpack-internal:///…evelopment.js:22926
commitLayoutEffectOnFiber @ webpack-internal:///…evelopment.js:21407
recursivelyTraverseLayoutEffects @ webpack-internal:///…evelopment.js:22926
commitLayoutEffectOnFiber @ webpack-internal:///…evelopment.js:21407
recursivelyTraverseLayoutEffects @ webpack-internal:///…evelopment.js:22926
commitLayoutEffectOnFiber @ webpack-internal:///…evelopment.js:21577
recursivelyTraverseLayoutEffects @ webpack-internal:///…evelopment.js:22926
commitLayoutEffectOnFiber @ webpack-internal:///…evelopment.js:21407
recursivelyTraverseLayoutEffects @ webpack-internal:///…evelopment.js:22926
commitLayoutEffectOnFiber @ webpack-internal:///…evelopment.js:21577
recursivelyTraverseLayoutEffects @ webpack-internal:///…evelopment.js:22926
commitLayoutEffectOnFiber @ webpack-internal:///…evelopment.js:21407
recursivelyTraverseLayoutEffects @ webpack-internal:///…evelopment.js:22926
commitLayoutEffectOnFiber @ webpack-internal:///…evelopment.js:21577
recursivelyTraverseLayoutEffects @ webpack-internal:///…evelopment.js:22926
commitLayoutEffectOnFiber @ webpack-internal:///…evelopment.js:21407
recursivelyTraverseLayoutEffects @ webpack-internal:///…evelopment.js:22926
commitLayoutEffectOnFiber @ webpack-internal:///…evelopment.js:21577
recursivelyTraverseLayoutEffects @ webpack-internal:///…evelopment.js:22926
commitLayoutEffectOnFiber @ webpack-internal:///…evelopment.js:21407
recursivelyTraverseLayoutEffects @ webpack-internal:///…evelopment.js:22926
commitLayoutEffectOnFiber @ webpack-internal:///…evelopment.js:21407
recursivelyTraverseLayoutEffects @ webpack-internal:///…evelopment.js:22926
commitLayoutEffectOnFiber @ webpack-internal:///…evelopment.js:21488
recursivelyTraverseLayoutEffects @ webpack-internal:///…evelopment.js:22926
commitLayoutEffectOnFiber @ webpack-internal:///…evelopment.js:21488
recursivelyTraverseLayoutEffects @ webpack-internal:///…evelopment.js:22926
commitLayoutEffectOnFiber @ webpack-internal:///…evelopment.js:21577
recursivelyTraverseLayoutEffects @ webpack-internal:///…evelopment.js:22926
commitLayoutEffectOnFiber @ webpack-internal:///…evelopment.js:21577
recursivelyTraverseLayoutEffects @ webpack-internal:///…evelopment.js:22926
commitLayoutEffectOnFiber @ webpack-internal:///…evelopment.js:21418
recursivelyTraverseLayoutEffects @ webpack-internal:///…evelopment.js:22926
commitLayoutEffectOnFiber @ webpack-internal:///…evelopment.js:21407
recursivelyTraverseLayoutEffects @ webpack-internal:///…evelopment.js:22926
commitLayoutEffectOnFiber @ webpack-internal:///…evelopment.js:21577
recursivelyTraverseLayoutEffects @ webpack-internal:///…evelopment.js:22926
commitLayoutEffectOnFiber @ webpack-internal:///…evelopment.js:21418
recursivelyTraverseLayoutEffects @ webpack-internal:///…evelopment.js:22926
commitLayoutEffectOnFiber @ webpack-internal:///…evelopment.js:21407
recursivelyTraverseLayoutEffects @ webpack-internal:///…evelopment.js:22926
commitLayoutEffectOnFiber @ webpack-internal:///…evelopment.js:21407
recursivelyTraverseLayoutEffects @ webpack-internal:///…evelopment.js:22926
commitLayoutEffectOnFiber @ webpack-internal:///…evelopment.js:21418
recursivelyTraverseLayoutEffects @ webpack-internal:///…evelopment.js:22926
commitLayoutEffectOnFiber @ webpack-internal:///…evelopment.js:21407
recursivelyTraverseLayoutEffects @ webpack-internal:///…evelopment.js:22926
commitLayoutEffectOnFiber @ webpack-internal:///…evelopment.js:21577
recursivelyTraverseLayoutEffects @ webpack-internal:///…evelopment.js:22926
commitLayoutEffectOnFiber @ webpack-internal:///…evelopment.js:21577
recursivelyTraverseLayoutEffects @ webpack-internal:///…evelopment.js:22926
commitLayoutEffectOnFiber @ webpack-internal:///…evelopment.js:21577
recursivelyTraverseLayoutEffects @ webpack-internal:///…evelopment.js:22926
commitLayoutEffectOnFiber @ webpack-internal:///…evelopment.js:21577
recursivelyTraverseLayoutEffects @ webpack-internal:///…evelopment.js:22926
commitLayoutEffectOnFiber @ webpack-internal:///…evelopment.js:21577
recursivelyTraverseLayoutEffects @ webpack-internal:///…evelopment.js:22926
commitLayoutEffectOnFiber @ webpack-internal:///…evelopment.js:21577
recursivelyTraverseLayoutEffects @ webpack-internal:///…evelopment.js:22926
commitLayoutEffectOnFiber @ webpack-internal:///…evelopment.js:21407
recursivelyTraverseLayoutEffects @ webpack-internal:///…evelopment.js:22926
commitLayoutEffectOnFiber @ webpack-internal:///…evelopment.js:21418
recursivelyTraverseLayoutEffects @ webpack-internal:///…evelopment.js:22926
commitLayoutEffectOnFiber @ webpack-internal:///…evelopment.js:21407
recursivelyTraverseLayoutEffects @ webpack-internal:///…evelopment.js:22926
commitLayoutEffectOnFiber @ webpack-internal:///…evelopment.js:21407
recursivelyTraverseLayoutEffects @ webpack-internal:///…evelopment.js:22926
commitLayoutEffectOnFiber @ webpack-internal:///…evelopment.js:21407
recursivelyTraverseLayoutEffects @ webpack-internal:///…evelopment.js:22926
commitLayoutEffectOnFiber @ webpack-internal:///…evelopment.js:21407
recursivelyTraverseLayoutEffects @ webpack-internal:///…evelopment.js:22926
commitLayoutEffectOnFiber @ webpack-internal:///…evelopment.js:21577
recursivelyTraverseLayoutEffects @ webpack-internal:///…evelopment.js:22926
commitLayoutEffectOnFiber @ webpack-internal:///…evelopment.js:21577
recursivelyTraverseLayoutEffects @ webpack-internal:///…evelopment.js:22926
commitLayoutEffectOnFiber @ webpack-internal:///…evelopment.js:21577
recursivelyTraverseLayoutEffects @ webpack-internal:///…evelopment.js:22926
commitLayoutEffectOnFiber @ webpack-internal:///…evelopment.js:21437
commitLayoutEffects @ webpack-internal:///…evelopment.js:22912
commitRootImpl @ webpack-internal:///…evelopment.js:26226
commitRoot @ webpack-internal:///…evelopment.js:26077
commitRootWhenReady @ webpack-internal:///…evelopment.js:24749
finishConcurrentRender @ webpack-internal:///…evelopment.js:24714
performConcurrentWorkOnRoot @ webpack-internal:///…evelopment.js:24559
workLoop @ webpack-internal:///….development.js:256
flushWork @ webpack-internal:///….development.js:225
performWorkUntilDeadline @ webpack-internal:///….development.js:534
15:56:52.526  [CallModal] 🔄 Waiting for stream to become active for cmeifml0h001okung0i95m8s6
15:56:52.527  [VoiceActivity] Effect triggered: {hasStream: true, streamId: '34fa4aea-da9c-415d-afda-d1f0034b119c', audioTracks: 0, threshold: -40}
15:56:52.528  [VoiceActivity] No audio tracks in stream, cleaning up
15:56:52.528  [VoiceActivity] Effect triggered: {hasStream: true, streamId: '34fa4aea-da9c-415d-afda-d1f0034b119c', audioTracks: 0, threshold: -40}
15:56:52.528  [VoiceActivity] No audio tracks in stream, cleaning up
15:56:53.106  [CallModal] Updated peer connections for performance monitoring: 2
15:56:53.106  [CallModal] Peer connection participants: (2) ['cmeifml0h001okung0i95m8s6', 'cmeifn5qp002dkunge64m0xss']
15:56:53.109  [CallModal] Rendered - voice call opened
15:56:53.109  [CallModal] Rendered - voice call opened
15:56:53.110  [VoiceParticipant] Tester voice activity debug: {participantId: 'cmeifml0h001okung0i95m8s6', hasOriginalStream: true, hasLatestStream: true, streamActive: false, audioTracksCount: 0, …}
15:56:53.111  [CallModal] 🔊 Setting up audio element for participant cmeifml0h001okung0i95m8s6
15:56:53.111  [CallModal] Stream details: {id: '34fa4aea-da9c-415d-afda-d1f0034b119c', active: false, audioTracks: Array(0)}
15:56:53.112  [CallModal] Previous audio element for cmeifml0h001okung0i95m8s6: false
15:56:53.113  [CallModal] Cleared previous srcObject for cmeifml0h001okung0i95m8s6
15:56:53.113  [CallModal] 🔄 Stream not ready, waiting...
15:56:53.114  [CallModal] ❌ Initial audio play failed for cmeifml0h001okung0i95m8s6: 
attemptPlay @ webpack-internal:///…/CallModal.tsx:3124
ref @ webpack-internal:///…/CallModal.tsx:3158
commitAttachRef @ webpack-internal:///…evelopment.js:21677
safelyAttachRef @ webpack-internal:///…evelopment.js:20803
commitLayoutEffectOnFiber @ webpack-internal:///…evelopment.js:21498
recursivelyTraverseLayoutEffects @ webpack-internal:///…evelopment.js:22926
commitLayoutEffectOnFiber @ webpack-internal:///…evelopment.js:21577
recursivelyTraverseLayoutEffects @ webpack-internal:///…evelopment.js:22926
commitLayoutEffectOnFiber @ webpack-internal:///…evelopment.js:21488
recursivelyTraverseLayoutEffects @ webpack-internal:///…evelopment.js:22926
commitLayoutEffectOnFiber @ webpack-internal:///…evelopment.js:21488
recursivelyTraverseLayoutEffects @ webpack-internal:///…evelopment.js:22926
commitLayoutEffectOnFiber @ webpack-internal:///…evelopment.js:21488
recursivelyTraverseLayoutEffects @ webpack-internal:///…evelopment.js:22926
commitLayoutEffectOnFiber @ webpack-internal:///…evelopment.js:21488
recursivelyTraverseLayoutEffects @ webpack-internal:///…evelopment.js:22926
commitLayoutEffectOnFiber @ webpack-internal:///…evelopment.js:21407
recursivelyTraverseLayoutEffects @ webpack-internal:///…evelopment.js:22926
commitLayoutEffectOnFiber @ webpack-internal:///…evelopment.js:21407
recursivelyTraverseLayoutEffects @ webpack-internal:///…evelopment.js:22926
commitLayoutEffectOnFiber @ webpack-internal:///…evelopment.js:21577
recursivelyTraverseLayoutEffects @ webpack-internal:///…evelopment.js:22926
commitLayoutEffectOnFiber @ webpack-internal:///…evelopment.js:21407
recursivelyTraverseLayoutEffects @ webpack-internal:///…evelopment.js:22926
commitLayoutEffectOnFiber @ webpack-internal:///…evelopment.js:21577
recursivelyTraverseLayoutEffects @ webpack-internal:///…evelopment.js:22926
commitLayoutEffectOnFiber @ webpack-internal:///…evelopment.js:21407
recursivelyTraverseLayoutEffects @ webpack-internal:///…evelopment.js:22926
commitLayoutEffectOnFiber @ webpack-internal:///…evelopment.js:21577
recursivelyTraverseLayoutEffects @ webpack-internal:///…evelopment.js:22926
commitLayoutEffectOnFiber @ webpack-internal:///…evelopment.js:21407
recursivelyTraverseLayoutEffects @ webpack-internal:///…evelopment.js:22926
commitLayoutEffectOnFiber @ webpack-internal:///…evelopment.js:21577
recursivelyTraverseLayoutEffects @ webpack-internal:///…evelopment.js:22926
commitLayoutEffectOnFiber @ webpack-internal:///…evelopment.js:21407
recursivelyTraverseLayoutEffects @ webpack-internal:///…evelopment.js:22926
commitLayoutEffectOnFiber @ webpack-internal:///…evelopment.js:21407
recursivelyTraverseLayoutEffects @ webpack-internal:///…evelopment.js:22926
commitLayoutEffectOnFiber @ webpack-internal:///…evelopment.js:21488
recursivelyTraverseLayoutEffects @ webpack-internal:///…evelopment.js:22926
commitLayoutEffectOnFiber @ webpack-internal:///…evelopment.js:21488
recursivelyTraverseLayoutEffects @ webpack-internal:///…evelopment.js:22926
commitLayoutEffectOnFiber @ webpack-internal:///…evelopment.js:21577
recursivelyTraverseLayoutEffects @ webpack-internal:///…evelopment.js:22926
commitLayoutEffectOnFiber @ webpack-internal:///…evelopment.js:21577
recursivelyTraverseLayoutEffects @ webpack-internal:///…evelopment.js:22926
commitLayoutEffectOnFiber @ webpack-internal:///…evelopment.js:21418
recursivelyTraverseLayoutEffects @ webpack-internal:///…evelopment.js:22926
commitLayoutEffectOnFiber @ webpack-internal:///…evelopment.js:21407
recursivelyTraverseLayoutEffects @ webpack-internal:///…evelopment.js:22926
commitLayoutEffectOnFiber @ webpack-internal:///…evelopment.js:21577
recursivelyTraverseLayoutEffects @ webpack-internal:///…evelopment.js:22926
commitLayoutEffectOnFiber @ webpack-internal:///…evelopment.js:21418
recursivelyTraverseLayoutEffects @ webpack-internal:///…evelopment.js:22926
commitLayoutEffectOnFiber @ webpack-internal:///…evelopment.js:21407
recursivelyTraverseLayoutEffects @ webpack-internal:///…evelopment.js:22926
commitLayoutEffectOnFiber @ webpack-internal:///…evelopment.js:21407
recursivelyTraverseLayoutEffects @ webpack-internal:///…evelopment.js:22926
commitLayoutEffectOnFiber @ webpack-internal:///…evelopment.js:21418
recursivelyTraverseLayoutEffects @ webpack-internal:///…evelopment.js:22926
commitLayoutEffectOnFiber @ webpack-internal:///…evelopment.js:21407
recursivelyTraverseLayoutEffects @ webpack-internal:///…evelopment.js:22926
commitLayoutEffectOnFiber @ webpack-internal:///…evelopment.js:21577
recursivelyTraverseLayoutEffects @ webpack-internal:///…evelopment.js:22926
commitLayoutEffectOnFiber @ webpack-internal:///…evelopment.js:21577
recursivelyTraverseLayoutEffects @ webpack-internal:///…evelopment.js:22926
commitLayoutEffectOnFiber @ webpack-internal:///…evelopment.js:21577
recursivelyTraverseLayoutEffects @ webpack-internal:///…evelopment.js:22926
commitLayoutEffectOnFiber @ webpack-internal:///…evelopment.js:21577
recursivelyTraverseLayoutEffects @ webpack-internal:///…evelopment.js:22926
commitLayoutEffectOnFiber @ webpack-internal:///…evelopment.js:21577
recursivelyTraverseLayoutEffects @ webpack-internal:///…evelopment.js:22926
commitLayoutEffectOnFiber @ webpack-internal:///…evelopment.js:21577
recursivelyTraverseLayoutEffects @ webpack-internal:///…evelopment.js:22926
commitLayoutEffectOnFiber @ webpack-internal:///…evelopment.js:21407
recursivelyTraverseLayoutEffects @ webpack-internal:///…evelopment.js:22926
commitLayoutEffectOnFiber @ webpack-internal:///…evelopment.js:21418
recursivelyTraverseLayoutEffects @ webpack-internal:///…evelopment.js:22926
commitLayoutEffectOnFiber @ webpack-internal:///…evelopment.js:21407
recursivelyTraverseLayoutEffects @ webpack-internal:///…evelopment.js:22926
commitLayoutEffectOnFiber @ webpack-internal:///…evelopment.js:21407
recursivelyTraverseLayoutEffects @ webpack-internal:///…evelopment.js:22926
commitLayoutEffectOnFiber @ webpack-internal:///…evelopment.js:21407
recursivelyTraverseLayoutEffects @ webpack-internal:///…evelopment.js:22926
commitLayoutEffectOnFiber @ webpack-internal:///…evelopment.js:21407
recursivelyTraverseLayoutEffects @ webpack-internal:///…evelopment.js:22926
commitLayoutEffectOnFiber @ webpack-internal:///…evelopment.js:21577
recursivelyTraverseLayoutEffects @ webpack-internal:///…evelopment.js:22926
commitLayoutEffectOnFiber @ webpack-internal:///…evelopment.js:21577
recursivelyTraverseLayoutEffects @ webpack-internal:///…evelopment.js:22926
commitLayoutEffectOnFiber @ webpack-internal:///…evelopment.js:21577
recursivelyTraverseLayoutEffects @ webpack-internal:///…evelopment.js:22926
commitLayoutEffectOnFiber @ webpack-internal:///…evelopment.js:21437
commitLayoutEffects @ webpack-internal:///…evelopment.js:22912
commitRootImpl @ webpack-internal:///…evelopment.js:26226
commitRoot @ webpack-internal:///…evelopment.js:26077
commitRootWhenReady @ webpack-internal:///…evelopment.js:24749
finishConcurrentRender @ webpack-internal:///…evelopment.js:24714
performConcurrentWorkOnRoot @ webpack-internal:///…evelopment.js:24559
workLoop @ webpack-internal:///….development.js:256
flushWork @ webpack-internal:///….development.js:225
performWorkUntilDeadline @ webpack-internal:///….development.js:534
15:56:53.115  [CallModal] 🔄 Waiting for stream to become active for cmeifml0h001okung0i95m8s6
15:56:53.116  [VoiceActivity] Effect triggered: {hasStream: true, streamId: '34fa4aea-da9c-415d-afda-d1f0034b119c', audioTracks: 0, threshold: -40}
15:56:53.117  [VoiceActivity] No audio tracks in stream, cleaning up
15:56:53.118  [useCallPerformance] Connection states: (2) [{…}, {…}]
15:56:53.119  [useCallPerformance] Starting monitoring for 2 valid connections
15:56:53.119  [VoiceActivity] Effect triggered: {hasStream: true, streamId: '34fa4aea-da9c-415d-afda-d1f0034b119c', audioTracks: 0, threshold: -40}
15:56:53.120  [VoiceActivity] No audio tracks in stream, cleaning up
15:56:53.123  [useCallPerformance] Network metrics: {audioPacketLoss: 0, videoPacketLoss: 0, videoFrameRate: 0, latency: 1, callType: 'voice'}
15:56:53.123  [useCallPerformance] No valid network data yet, assuming good quality
15:56:53.125  [CallModal] Rendered - voice call opened
15:56:53.126  [CallModal] Rendered - voice call opened
15:56:53.126  [VoiceParticipant] Tester voice activity debug: {participantId: 'cmeifml0h001okung0i95m8s6', hasOriginalStream: true, hasLatestStream: true, streamActive: false, audioTracksCount: 0, …}
15:56:53.127  [CallModal] 🔊 Setting up audio element for participant cmeifml0h001okung0i95m8s6
15:56:53.128  [CallModal] Stream details: {id: '34fa4aea-da9c-415d-afda-d1f0034b119c', active: false, audioTracks: Array(0)}
15:56:53.128  [CallModal] Previous audio element for cmeifml0h001okung0i95m8s6: false
15:56:53.129  [CallModal] Cleared previous srcObject for cmeifml0h001okung0i95m8s6
15:56:53.130  [CallModal] 🔄 Stream not ready, waiting...
15:56:53.130  [CallModal] ❌ Initial audio play failed for cmeifml0h001okung0i95m8s6: 
attemptPlay @ webpack-internal:///…/CallModal.tsx:3124
ref @ webpack-internal:///…/CallModal.tsx:3158
commitAttachRef @ webpack-internal:///…evelopment.js:21677
safelyAttachRef @ webpack-internal:///…evelopment.js:20803
commitLayoutEffectOnFiber @ webpack-internal:///…evelopment.js:21498
recursivelyTraverseLayoutEffects @ webpack-internal:///…evelopment.js:22926
commitLayoutEffectOnFiber @ webpack-internal:///…evelopment.js:21577
recursivelyTraverseLayoutEffects @ webpack-internal:///…evelopment.js:22926
commitLayoutEffectOnFiber @ webpack-internal:///…evelopment.js:21488
recursivelyTraverseLayoutEffects @ webpack-internal:///…evelopment.js:22926
commitLayoutEffectOnFiber @ webpack-internal:///…evelopment.js:21488
recursivelyTraverseLayoutEffects @ webpack-internal:///…evelopment.js:22926
commitLayoutEffectOnFiber @ webpack-internal:///…evelopment.js:21488
recursivelyTraverseLayoutEffects @ webpack-internal:///…evelopment.js:22926
commitLayoutEffectOnFiber @ webpack-internal:///…evelopment.js:21488
recursivelyTraverseLayoutEffects @ webpack-internal:///…evelopment.js:22926
commitLayoutEffectOnFiber @ webpack-internal:///…evelopment.js:21407
recursivelyTraverseLayoutEffects @ webpack-internal:///…evelopment.js:22926
commitLayoutEffectOnFiber @ webpack-internal:///…evelopment.js:21407
recursivelyTraverseLayoutEffects @ webpack-internal:///…evelopment.js:22926
commitLayoutEffectOnFiber @ webpack-internal:///…evelopment.js:21577
recursivelyTraverseLayoutEffects @ webpack-internal:///…evelopment.js:22926
commitLayoutEffectOnFiber @ webpack-internal:///…evelopment.js:21407
recursivelyTraverseLayoutEffects @ webpack-internal:///…evelopment.js:22926
commitLayoutEffectOnFiber @ webpack-internal:///…evelopment.js:21577
recursivelyTraverseLayoutEffects @ webpack-internal:///…evelopment.js:22926
commitLayoutEffectOnFiber @ webpack-internal:///…evelopment.js:21407
recursivelyTraverseLayoutEffects @ webpack-internal:///…evelopment.js:22926
commitLayoutEffectOnFiber @ webpack-internal:///…evelopment.js:21577
recursivelyTraverseLayoutEffects @ webpack-internal:///…evelopment.js:22926
commitLayoutEffectOnFiber @ webpack-internal:///…evelopment.js:21407
recursivelyTraverseLayoutEffects @ webpack-internal:///…evelopment.js:22926
commitLayoutEffectOnFiber @ webpack-internal:///…evelopment.js:21577
recursivelyTraverseLayoutEffects @ webpack-internal:///…evelopment.js:22926
commitLayoutEffectOnFiber @ webpack-internal:///…evelopment.js:21407
recursivelyTraverseLayoutEffects @ webpack-internal:///…evelopment.js:22926
commitLayoutEffectOnFiber @ webpack-internal:///…evelopment.js:21407
recursivelyTraverseLayoutEffects @ webpack-internal:///…evelopment.js:22926
commitLayoutEffectOnFiber @ webpack-internal:///…evelopment.js:21488
recursivelyTraverseLayoutEffects @ webpack-internal:///…evelopment.js:22926
commitLayoutEffectOnFiber @ webpack-internal:///…evelopment.js:21488
recursivelyTraverseLayoutEffects @ webpack-internal:///…evelopment.js:22926
commitLayoutEffectOnFiber @ webpack-internal:///…evelopment.js:21577
recursivelyTraverseLayoutEffects @ webpack-internal:///…evelopment.js:22926
commitLayoutEffectOnFiber @ webpack-internal:///…evelopment.js:21577
recursivelyTraverseLayoutEffects @ webpack-internal:///…evelopment.js:22926
commitLayoutEffectOnFiber @ webpack-internal:///…evelopment.js:21418
recursivelyTraverseLayoutEffects @ webpack-internal:///…evelopment.js:22926
commitLayoutEffectOnFiber @ webpack-internal:///…evelopment.js:21407
recursivelyTraverseLayoutEffects @ webpack-internal:///…evelopment.js:22926
commitLayoutEffectOnFiber @ webpack-internal:///…evelopment.js:21577
recursivelyTraverseLayoutEffects @ webpack-internal:///…evelopment.js:22926
commitLayoutEffectOnFiber @ webpack-internal:///…evelopment.js:21418
recursivelyTraverseLayoutEffects @ webpack-internal:///…evelopment.js:22926
commitLayoutEffectOnFiber @ webpack-internal:///…evelopment.js:21407
recursivelyTraverseLayoutEffects @ webpack-internal:///…evelopment.js:22926
commitLayoutEffectOnFiber @ webpack-internal:///…evelopment.js:21407
recursivelyTraverseLayoutEffects @ webpack-internal:///…evelopment.js:22926
commitLayoutEffectOnFiber @ webpack-internal:///…evelopment.js:21418
recursivelyTraverseLayoutEffects @ webpack-internal:///…evelopment.js:22926
commitLayoutEffectOnFiber @ webpack-internal:///…evelopment.js:21407
recursivelyTraverseLayoutEffects @ webpack-internal:///…evelopment.js:22926
commitLayoutEffectOnFiber @ webpack-internal:///…evelopment.js:21577
recursivelyTraverseLayoutEffects @ webpack-internal:///…evelopment.js:22926
commitLayoutEffectOnFiber @ webpack-internal:///…evelopment.js:21577
recursivelyTraverseLayoutEffects @ webpack-internal:///…evelopment.js:22926
commitLayoutEffectOnFiber @ webpack-internal:///…evelopment.js:21577
recursivelyTraverseLayoutEffects @ webpack-internal:///…evelopment.js:22926
commitLayoutEffectOnFiber @ webpack-internal:///…evelopment.js:21577
recursivelyTraverseLayoutEffects @ webpack-internal:///…evelopment.js:22926
commitLayoutEffectOnFiber @ webpack-internal:///…evelopment.js:21577
recursivelyTraverseLayoutEffects @ webpack-internal:///…evelopment.js:22926
commitLayoutEffectOnFiber @ webpack-internal:///…evelopment.js:21577
recursivelyTraverseLayoutEffects @ webpack-internal:///…evelopment.js:22926
commitLayoutEffectOnFiber @ webpack-internal:///…evelopment.js:21407
recursivelyTraverseLayoutEffects @ webpack-internal:///…evelopment.js:22926
commitLayoutEffectOnFiber @ webpack-internal:///…evelopment.js:21418
recursivelyTraverseLayoutEffects @ webpack-internal:///…evelopment.js:22926
commitLayoutEffectOnFiber @ webpack-internal:///…evelopment.js:21407
recursivelyTraverseLayoutEffects @ webpack-internal:///…evelopment.js:22926
commitLayoutEffectOnFiber @ webpack-internal:///…evelopment.js:21407
recursivelyTraverseLayoutEffects @ webpack-internal:///…evelopment.js:22926
commitLayoutEffectOnFiber @ webpack-internal:///…evelopment.js:21407
recursivelyTraverseLayoutEffects @ webpack-internal:///…evelopment.js:22926
commitLayoutEffectOnFiber @ webpack-internal:///…evelopment.js:21407
recursivelyTraverseLayoutEffects @ webpack-internal:///…evelopment.js:22926
commitLayoutEffectOnFiber @ webpack-internal:///…evelopment.js:21577
recursivelyTraverseLayoutEffects @ webpack-internal:///…evelopment.js:22926
commitLayoutEffectOnFiber @ webpack-internal:///…evelopment.js:21577
recursivelyTraverseLayoutEffects @ webpack-internal:///…evelopment.js:22926
commitLayoutEffectOnFiber @ webpack-internal:///…evelopment.js:21577
recursivelyTraverseLayoutEffects @ webpack-internal:///…evelopment.js:22926
commitLayoutEffectOnFiber @ webpack-internal:///…evelopment.js:21437
commitLayoutEffects @ webpack-internal:///…evelopment.js:22912
commitRootImpl @ webpack-internal:///…evelopment.js:26226
commitRoot @ webpack-internal:///…evelopment.js:26077
commitRootWhenReady @ webpack-internal:///…evelopment.js:24749
finishConcurrentRender @ webpack-internal:///…evelopment.js:24714
performConcurrentWorkOnRoot @ webpack-internal:///…evelopment.js:24559
workLoop @ webpack-internal:///….development.js:256
flushWork @ webpack-internal:///….development.js:225
performWorkUntilDeadline @ webpack-internal:///….development.js:534
15:56:53.130  [CallModal] 🔄 Waiting for stream to become active for cmeifml0h001okung0i95m8s6
15:56:53.131  [VoiceActivity] Effect triggered: {hasStream: true, streamId: '34fa4aea-da9c-415d-afda-d1f0034b119c', audioTracks: 0, threshold: -40}
15:56:53.133  [VoiceActivity] No audio tracks in stream, cleaning up
15:56:53.133  [VoiceActivity] Effect triggered: {hasStream: true, streamId: '34fa4aea-da9c-415d-afda-d1f0034b119c', audioTracks: 0, threshold: -40}
15:56:53.133  [VoiceActivity] No audio tracks in stream, cleaning up
15:56:54.108  [CallModal] Rendered - voice call opened
15:56:54.108  [CallModal] Rendered - voice call opened
15:56:54.109  [VoiceParticipant] Tester voice activity debug: {participantId: 'cmeifml0h001okung0i95m8s6', hasOriginalStream: true, hasLatestStream: true, streamActive: false, audioTracksCount: 0, …}
15:56:54.110  [CallModal] 🔊 Setting up audio element for participant cmeifml0h001okung0i95m8s6
15:56:54.111  [CallModal] Stream details: {id: '34fa4aea-da9c-415d-afda-d1f0034b119c', active: false, audioTracks: Array(0)}
15:56:54.111  [CallModal] Previous audio element for cmeifml0h001okung0i95m8s6: false
15:56:54.112  [CallModal] Cleared previous srcObject for cmeifml0h001okung0i95m8s6
15:56:54.113  [CallModal] 🔄 Stream not ready, waiting...
15:56:54.114  [CallModal] ❌ Initial audio play failed for cmeifml0h001okung0i95m8s6: 
attemptPlay @ webpack-internal:///…/CallModal.tsx:3124
ref @ webpack-internal:///…/CallModal.tsx:3158
commitAttachRef @ webpack-internal:///…evelopment.js:21677
safelyAttachRef @ webpack-internal:///…evelopment.js:20803
commitLayoutEffectOnFiber @ webpack-internal:///…evelopment.js:21498
recursivelyTraverseLayoutEffects @ webpack-internal:///…evelopment.js:22926
commitLayoutEffectOnFiber @ webpack-internal:///…evelopment.js:21577
recursivelyTraverseLayoutEffects @ webpack-internal:///…evelopment.js:22926
commitLayoutEffectOnFiber @ webpack-internal:///…evelopment.js:21488
recursivelyTraverseLayoutEffects @ webpack-internal:///…evelopment.js:22926
commitLayoutEffectOnFiber @ webpack-internal:///…evelopment.js:21488
recursivelyTraverseLayoutEffects @ webpack-internal:///…evelopment.js:22926
commitLayoutEffectOnFiber @ webpack-internal:///…evelopment.js:21488
recursivelyTraverseLayoutEffects @ webpack-internal:///…evelopment.js:22926
commitLayoutEffectOnFiber @ webpack-internal:///…evelopment.js:21488
recursivelyTraverseLayoutEffects @ webpack-internal:///…evelopment.js:22926
commitLayoutEffectOnFiber @ webpack-internal:///…evelopment.js:21407
recursivelyTraverseLayoutEffects @ webpack-internal:///…evelopment.js:22926
commitLayoutEffectOnFiber @ webpack-internal:///…evelopment.js:21407
recursivelyTraverseLayoutEffects @ webpack-internal:///…evelopment.js:22926
commitLayoutEffectOnFiber @ webpack-internal:///…evelopment.js:21577
recursivelyTraverseLayoutEffects @ webpack-internal:///…evelopment.js:22926
commitLayoutEffectOnFiber @ webpack-internal:///…evelopment.js:21407
recursivelyTraverseLayoutEffects @ webpack-internal:///…evelopment.js:22926
commitLayoutEffectOnFiber @ webpack-internal:///…evelopment.js:21577
recursivelyTraverseLayoutEffects @ webpack-internal:///…evelopment.js:22926
commitLayoutEffectOnFiber @ webpack-internal:///…evelopment.js:21407
recursivelyTraverseLayoutEffects @ webpack-internal:///…evelopment.js:22926
commitLayoutEffectOnFiber @ webpack-internal:///…evelopment.js:21577
recursivelyTraverseLayoutEffects @ webpack-internal:///…evelopment.js:22926
commitLayoutEffectOnFiber @ webpack-internal:///…evelopment.js:21407
recursivelyTraverseLayoutEffects @ webpack-internal:///…evelopment.js:22926
commitLayoutEffectOnFiber @ webpack-internal:///…evelopment.js:21577
recursivelyTraverseLayoutEffects @ webpack-internal:///…evelopment.js:22926
commitLayoutEffectOnFiber @ webpack-internal:///…evelopment.js:21407
recursivelyTraverseLayoutEffects @ webpack-internal:///…evelopment.js:22926
commitLayoutEffectOnFiber @ webpack-internal:///…evelopment.js:21407
recursivelyTraverseLayoutEffects @ webpack-internal:///…evelopment.js:22926
commitLayoutEffectOnFiber @ webpack-internal:///…evelopment.js:21488
recursivelyTraverseLayoutEffects @ webpack-internal:///…evelopment.js:22926
commitLayoutEffectOnFiber @ webpack-internal:///…evelopment.js:21488
recursivelyTraverseLayoutEffects @ webpack-internal:///…evelopment.js:22926
commitLayoutEffectOnFiber @ webpack-internal:///…evelopment.js:21577
recursivelyTraverseLayoutEffects @ webpack-internal:///…evelopment.js:22926
commitLayoutEffectOnFiber @ webpack-internal:///…evelopment.js:21577
recursivelyTraverseLayoutEffects @ webpack-internal:///…evelopment.js:22926
commitLayoutEffectOnFiber @ webpack-internal:///…evelopment.js:21418
recursivelyTraverseLayoutEffects @ webpack-internal:///…evelopment.js:22926
commitLayoutEffectOnFiber @ webpack-internal:///…evelopment.js:21407
recursivelyTraverseLayoutEffects @ webpack-internal:///…evelopment.js:22926
commitLayoutEffectOnFiber @ webpack-internal:///…evelopment.js:21577
recursivelyTraverseLayoutEffects @ webpack-internal:///…evelopment.js:22926
commitLayoutEffectOnFiber @ webpack-internal:///…evelopment.js:21418
recursivelyTraverseLayoutEffects @ webpack-internal:///…evelopment.js:22926
commitLayoutEffectOnFiber @ webpack-internal:///…evelopment.js:21407
recursivelyTraverseLayoutEffects @ webpack-internal:///…evelopment.js:22926
commitLayoutEffectOnFiber @ webpack-internal:///…evelopment.js:21407
recursivelyTraverseLayoutEffects @ webpack-internal:///…evelopment.js:22926
commitLayoutEffectOnFiber @ webpack-internal:///…evelopment.js:21418
recursivelyTraverseLayoutEffects @ webpack-internal:///…evelopment.js:22926
commitLayoutEffectOnFiber @ webpack-internal:///…evelopment.js:21407
recursivelyTraverseLayoutEffects @ webpack-internal:///…evelopment.js:22926
commitLayoutEffectOnFiber @ webpack-internal:///…evelopment.js:21577
recursivelyTraverseLayoutEffects @ webpack-internal:///…evelopment.js:22926
commitLayoutEffectOnFiber @ webpack-internal:///…evelopment.js:21577
recursivelyTraverseLayoutEffects @ webpack-internal:///…evelopment.js:22926
commitLayoutEffectOnFiber @ webpack-internal:///…evelopment.js:21577
recursivelyTraverseLayoutEffects @ webpack-internal:///…evelopment.js:22926
commitLayoutEffectOnFiber @ webpack-internal:///…evelopment.js:21577
recursivelyTraverseLayoutEffects @ webpack-internal:///…evelopment.js:22926
commitLayoutEffectOnFiber @ webpack-internal:///…evelopment.js:21577
recursivelyTraverseLayoutEffects @ webpack-internal:///…evelopment.js:22926
commitLayoutEffectOnFiber @ webpack-internal:///…evelopment.js:21577
recursivelyTraverseLayoutEffects @ webpack-internal:///…evelopment.js:22926
commitLayoutEffectOnFiber @ webpack-internal:///…evelopment.js:21407
recursivelyTraverseLayoutEffects @ webpack-internal:///…evelopment.js:22926
commitLayoutEffectOnFiber @ webpack-internal:///…evelopment.js:21418
recursivelyTraverseLayoutEffects @ webpack-internal:///…evelopment.js:22926
commitLayoutEffectOnFiber @ webpack-internal:///…evelopment.js:21407
recursivelyTraverseLayoutEffects @ webpack-internal:///…evelopment.js:22926
commitLayoutEffectOnFiber @ webpack-internal:///…evelopment.js:21407
recursivelyTraverseLayoutEffects @ webpack-internal:///…evelopment.js:22926
commitLayoutEffectOnFiber @ webpack-internal:///…evelopment.js:21407
recursivelyTraverseLayoutEffects @ webpack-internal:///…evelopment.js:22926
commitLayoutEffectOnFiber @ webpack-internal:///…evelopment.js:21407
recursivelyTraverseLayoutEffects @ webpack-internal:///…evelopment.js:22926
commitLayoutEffectOnFiber @ webpack-internal:///…evelopment.js:21577
recursivelyTraverseLayoutEffects @ webpack-internal:///…evelopment.js:22926
commitLayoutEffectOnFiber @ webpack-internal:///…evelopment.js:21577
recursivelyTraverseLayoutEffects @ webpack-internal:///…evelopment.js:22926
commitLayoutEffectOnFiber @ webpack-internal:///…evelopment.js:21577
recursivelyTraverseLayoutEffects @ webpack-internal:///…evelopment.js:22926
commitLayoutEffectOnFiber @ webpack-internal:///…evelopment.js:21437
commitLayoutEffects @ webpack-internal:///…evelopment.js:22912
commitRootImpl @ webpack-internal:///…evelopment.js:26226
commitRoot @ webpack-internal:///…evelopment.js:26077
commitRootWhenReady @ webpack-internal:///…evelopment.js:24749
finishConcurrentRender @ webpack-internal:///…evelopment.js:24714
performConcurrentWorkOnRoot @ webpack-internal:///…evelopment.js:24559
workLoop @ webpack-internal:///….development.js:256
flushWork @ webpack-internal:///….development.js:225
performWorkUntilDeadline @ webpack-internal:///….development.js:534
15:56:54.114  [CallModal] 🔄 Waiting for stream to become active for cmeifml0h001okung0i95m8s6
15:56:54.117  [VoiceActivity] Effect triggered: {hasStream: true, streamId: '34fa4aea-da9c-415d-afda-d1f0034b119c', audioTracks: 0, threshold: -40}
15:56:54.117  [VoiceActivity] No audio tracks in stream, cleaning up
15:56:54.117  [VoiceActivity] Effect triggered: {hasStream: true, streamId: '34fa4aea-da9c-415d-afda-d1f0034b119c', audioTracks: 0, threshold: -40}
15:56:54.118  [VoiceActivity] No audio tracks in stream, cleaning up
15:56:54.159  [CallModal] 🔍 WebRTC stream ready for participant: cmeifn5qp002dkunge64m0xss
15:56:54.159  [CallModal] 🔍 Our callId: call-1757490917990-56d0d1cqo Event callId: call-1757490917990-56d0d1cqo
15:56:54.159  [CallModal] 🔍 Our user ID: cmeumah180000kuygq63oa1qx
15:56:54.159  [CallModal] 🔍 Current call state: ringing
15:56:54.159  [CallModal] 🔍 Current participant states: {}
15:56:54.159  [CallModal] ✅ Processing REMOTE stream ready event
15:56:54.159  [CallModal] 🆔 Our session ID: cmeumah180000kuygq63oa1qx
15:56:54.159  [CallModal] 🆔 Remote participant ID: cmeifn5qp002dkunge64m0xss
15:56:54.159  [CallModal] 🔍 Stream data: {callId: 'call-1757490917990-56d0d1cqo', participantId: 'cmeifn5qp002dkunge64m0xss', streamId: '4f2c8866-e48d-4dc2-ad7c-6d6c7bc21196', hasAudio: true, hasVideo: false}
15:56:54.159  [CallModal] 🚀 INITIATING PEER CONNECTION for remote participant: cmeifn5qp002dkunge64m0xss
15:56:54.159  [CallModal] 🚀 WebRTC service available: true
15:56:54.159  [CallModal] 🎥 Processing webrtc_stream_ready for REMOTE participant: cmeifn5qp002dkunge64m0xss
15:56:54.159  [CallModal] 🔗 Active peer connections: []
15:56:54.160  [CallModal] 🔗 Has connection to cmeifn5qp002dkunge64m0xss : false
15:56:54.160  [CallModal] 🚀 Creating peer connection to cmeifn5qp002dkunge64m0xss
15:56:54.160  [WebRTC] 📞 Safe creating offer for participant: cmeifn5qp002dkunge64m0xss
15:56:54.160  [WebRTC] 🔍 Validating readiness for participant: cmeifn5qp002dkunge64m0xss
15:56:54.160  [WebRTC] ✅ Participant readiness validated: cmeifn5qp002dkunge64m0xss
15:56:54.160  [WebRTC] ⏳ Waiting for local stream to be ready...
15:56:54.160  [WebRTC] 🔍 hasLocalStream: {hasStream: true, streamActive: true, totalTracks: 1, liveTracks: 1, trackStates: Array(1), …}
15:56:54.160  [WebRTC] ✅ Local stream is ready!
15:56:54.160  [WebRTC] Creating peer connection for: cmeifn5qp002dkunge64m0xss
15:56:54.160  [WebRTC] ⚠️ Peer connection already exists for: cmeifn5qp002dkunge64m0xss {connectionState: 'new', iceConnectionState: 'new', signalingState: 'have-local-offer'}
15:56:54.161  [WebRTC] 🔄 Existing connection unhealthy, creating new one for: cmeifn5qp002dkunge64m0xss
15:56:54.169  [WebRTC] ✅ Local stream validation passed: {streamActive: true, liveTracks: 1, trackDetails: Array(1)}
15:56:54.177  [WebRTC] 🚀 Applying low-latency optimizations for peer connection: cmeifn5qp002dkunge64m0xss
15:56:54.177  [WebRTC] Adding local tracks to peer connection: [{…}]
15:56:54.177  [WebRTC] Adding live track to peer connection: audio Microphone Array (Realtek(R) Audio)
15:56:54.181  [WebRTC] ✅ Track added successfully: audio sender: true
15:56:54.184  [WebRTC] ✅ Added 1 tracks with low-latency transceivers for: cmeifn5qp002dkunge64m0xss
15:56:54.184  [WebRTC] Applying 22 buffered ICE candidates for: cmeifn5qp002dkunge64m0xss
15:56:54.184  [WebRTC] ⏳ Keeping ICE candidate buffered - no remote description yet
15:56:54.196  [CallModal] 🔍 WebRTC stream ready for participant: cmeifn5qp002dkunge64m0xss
15:56:54.197  [CallModal] 🔍 Our callId: call-1757490917990-56d0d1cqo Event callId: call-1757490917990-56d0d1cqo
15:56:54.197  [CallModal] 🔍 Our user ID: cmeumah180000kuygq63oa1qx
15:56:54.197  [CallModal] 🔍 Current call state: ringing
15:56:54.197  [CallModal] 🔍 Current participant states: {}
15:56:54.197  [CallModal] ✅ Processing REMOTE stream ready event
15:56:54.197  [CallModal] 🆔 Our session ID: cmeumah180000kuygq63oa1qx
15:56:54.197  [CallModal] 🆔 Remote participant ID: cmeifn5qp002dkunge64m0xss
15:56:54.197  [CallModal] 🔍 Stream data: {callId: 'call-1757490917990-56d0d1cqo', participantId: 'cmeifn5qp002dkunge64m0xss', streamId: '4f2c8866-e48d-4dc2-ad7c-6d6c7bc21196', hasAudio: true, hasVideo: false}
15:56:54.197  [CallModal] 🚀 INITIATING PEER CONNECTION for remote participant: cmeifn5qp002dkunge64m0xss
15:56:54.198  [CallModal] 🚀 WebRTC service available: true
15:56:54.198  [CallModal] 🎥 Processing webrtc_stream_ready for REMOTE participant: cmeifn5qp002dkunge64m0xss
15:56:54.198  [CallModal] 🔗 Active peer connections: []
15:56:54.198  [CallModal] 🔗 Has connection to cmeifn5qp002dkunge64m0xss : false
15:56:54.198  [CallModal] 🚀 Creating peer connection to cmeifn5qp002dkunge64m0xss
15:56:54.198  [WebRTC] 📞 Safe creating offer for participant: cmeifn5qp002dkunge64m0xss
15:56:54.198  [WebRTC] 🔍 Validating readiness for participant: cmeifn5qp002dkunge64m0xss
15:56:54.198  [WebRTC] ✅ Participant readiness validated: cmeifn5qp002dkunge64m0xss
15:56:54.198  [WebRTC] ⏳ Waiting for local stream to be ready...
15:56:54.198  [WebRTC] 🔍 hasLocalStream: {hasStream: true, streamActive: true, totalTracks: 1, liveTracks: 1, trackStates: Array(1), …}
15:56:54.198  [WebRTC] ✅ Local stream is ready!
15:56:54.198  [WebRTC] Creating peer connection for: cmeifn5qp002dkunge64m0xss
15:56:54.199  [WebRTC] ⚠️ Peer connection already exists for: cmeifn5qp002dkunge64m0xss {connectionState: 'new', iceConnectionState: 'new', signalingState: 'stable'}
15:56:54.199  [WebRTC] 🔄 Existing connection unhealthy, creating new one for: cmeifn5qp002dkunge64m0xss
15:56:54.200  [WebRTC] ✅ Local stream validation passed: {streamActive: true, liveTracks: 1, trackDetails: Array(1)}
15:56:54.206  [WebRTC] 🚀 Applying low-latency optimizations for peer connection: cmeifn5qp002dkunge64m0xss
15:56:54.206  [WebRTC] Adding local tracks to peer connection: [{…}]
15:56:54.206  [WebRTC] Adding live track to peer connection: audio Microphone Array (Realtek(R) Audio)
15:56:54.207  [WebRTC] ✅ Track added successfully: audio sender: true
15:56:54.208  [WebRTC] ✅ Added 1 tracks with low-latency transceivers for: cmeifn5qp002dkunge64m0xss
15:56:54.208  [WebRTC] Applying 22 buffered ICE candidates for: cmeifn5qp002dkunge64m0xss
15:56:54.208  [WebRTC] ⏳ Keeping ICE candidate buffered - no remote description yet
15:56:54.213  [WebRTC] 🎵 Applied ultra-low latency constraints to live audio track
15:56:54.217  [WebRTC] 🚀 Optimizing SDP for ultra-low latency...
15:56:54.217  [WebRTC] ✅ SDP optimized for ultra-low latency
15:56:54.220  [WebRTC] 🎵 Applied ultra-low latency constraints to live audio track
15:56:54.229  [WebRTC] 📡 Sending offer to participant: cmeifn5qp002dkunge64m0xss
15:56:54.229  [CallModal] ✅ Peer connection offer created successfully
15:56:54.229  [CallModal] Retrieved remote stream for cmeifn5qp002dkunge64m0xss : false
15:56:54.229  [CallModal] ⏰ No remote stream found yet for participant: cmeifn5qp002dkunge64m0xss - WebRTC connection may still be establishing
15:56:54.229  [CallModal] 🔄 Scheduling retry for remote stream retrieval
15:56:54.229  [WebRTC] Sending ICE candidate to: cmeifn5qp002dkunge64m0xss
15:56:54.229  [WebRTC] Sending ICE candidate to: cmeifn5qp002dkunge64m0xss
15:56:54.230  [WebRTC] Sending ICE candidate to: cmeifn5qp002dkunge64m0xss
15:56:54.267  [WebRTC] Sending ICE candidate to: cmeifn5qp002dkunge64m0xss
15:56:54.357  [WebRTC] Sending ICE candidate to: cmeifn5qp002dkunge64m0xss
15:56:54.358  [WebRTC] Sending ICE candidate to: cmeifn5qp002dkunge64m0xss
15:56:54.358  [WebRTC] Sending ICE candidate to: cmeifn5qp002dkunge64m0xss
15:56:54.453  [WebRTC] Sending ICE candidate to: cmeifn5qp002dkunge64m0xss
15:56:55.109  [WebRTC] 🎵 Set ultra-low latency audio parameters
15:56:55.109  [CallModal] 🔄 Retry - Retrieved remote stream for cmeifn5qp002dkunge64m0xss : false
15:56:55.109  [CallModal] ❌ Retry failed - Remote stream still not available for: cmeifn5qp002dkunge64m0xss
eval @ webpack-internal:///…t/CallModal.tsx:911
setTimeout
handleWebRTCStreamReady @ webpack-internal:///…t/CallModal.tsx:894
await in handleWebRTCStreamReady
Emitter.emit @ webpack-internal:///…ib/esm/index.js:140
emitEvent @ webpack-internal:///…d/esm/socket.js:545
onevent @ webpack-internal:///…d/esm/socket.js:532
onpacket @ webpack-internal:///…d/esm/socket.js:502
Emitter.emit @ webpack-internal:///…ib/esm/index.js:140
eval @ webpack-internal:///…/esm/manager.js:219
Promise.then
eval @ webpack-internal:///…d/esm/globals.js:11
ondecoded @ webpack-internal:///…/esm/manager.js:218
Emitter.emit @ webpack-internal:///…ib/esm/index.js:140
add @ webpack-internal:///…ld/esm/index.js:156
ondata @ webpack-internal:///…/esm/manager.js:205
Emitter.emit @ webpack-internal:///…ib/esm/index.js:140
_onPacket @ webpack-internal:///…d/esm/socket.js:272
Emitter.emit @ webpack-internal:///…ib/esm/index.js:140
onPacket @ webpack-internal:///…sm/transport.js:108
callback @ webpack-internal:///…ports/polling.js:86
onData @ webpack-internal:///…ports/polling.js:89
Emitter.emit @ webpack-internal:///…ib/esm/index.js:140
_onLoad @ webpack-internal:///…/polling-xhr.js:204
xhr.onreadystatechange @ webpack-internal:///…/polling-xhr.js:140
XMLHttpRequest.send
_create @ webpack-internal:///…/polling-xhr.js:150
Request @ webpack-internal:///…s/polling-xhr.js:86
request @ webpack-internal:///…/polling-xhr.js:264
doPoll @ webpack-internal:///…s/polling-xhr.js:63
_poll @ webpack-internal:///…ports/polling.js:66
onData @ webpack-internal:///…ports/polling.js:96
Emitter.emit @ webpack-internal:///…ib/esm/index.js:140
_onLoad @ webpack-internal:///…/polling-xhr.js:204
xhr.onreadystatechange @ webpack-internal:///…/polling-xhr.js:140
XMLHttpRequest.send
_create @ webpack-internal:///…/polling-xhr.js:150
Request @ webpack-internal:///…s/polling-xhr.js:86
request @ webpack-internal:///…/polling-xhr.js:264
doPoll @ webpack-internal:///…s/polling-xhr.js:63
_poll @ webpack-internal:///…ports/polling.js:66
onData @ webpack-internal:///…ports/polling.js:96
Emitter.emit @ webpack-internal:///…ib/esm/index.js:140
_onLoad @ webpack-internal:///…/polling-xhr.js:204
xhr.onreadystatechange @ webpack-internal:///…/polling-xhr.js:140
XMLHttpRequest.send
_create @ webpack-internal:///…/polling-xhr.js:150
Request @ webpack-internal:///…s/polling-xhr.js:86
request @ webpack-internal:///…/polling-xhr.js:264
doPoll @ webpack-internal:///…s/polling-xhr.js:63
_poll @ webpack-internal:///…ports/polling.js:66
onData @ webpack-internal:///…ports/polling.js:96
Emitter.emit @ webpack-internal:///…ib/esm/index.js:140
_onLoad @ webpack-internal:///…/polling-xhr.js:204
xhr.onreadystatechange @ webpack-internal:///…/polling-xhr.js:140
XMLHttpRequest.send
_create @ webpack-internal:///…/polling-xhr.js:150
Request @ webpack-internal:///…s/polling-xhr.js:86
request @ webpack-internal:///…/polling-xhr.js:264
doPoll @ webpack-internal:///…s/polling-xhr.js:63
_poll @ webpack-internal:///…ports/polling.js:66
onData @ webpack-internal:///…ports/polling.js:96
Emitter.emit @ webpack-internal:///…ib/esm/index.js:140
_onLoad @ webpack-internal:///…/polling-xhr.js:204
xhr.onreadystatechange @ webpack-internal:///…/polling-xhr.js:140
XMLHttpRequest.send
_create @ webpack-internal:///…/polling-xhr.js:150
Request @ webpack-internal:///…s/polling-xhr.js:86
request @ webpack-internal:///…/polling-xhr.js:264
doPoll @ webpack-internal:///…s/polling-xhr.js:63
_poll @ webpack-internal:///…ports/polling.js:66
onData @ webpack-internal:///…ports/polling.js:96
Emitter.emit @ webpack-internal:///…ib/esm/index.js:140
_onLoad @ webpack-internal:///…/polling-xhr.js:204
xhr.onreadystatechange @ webpack-internal:///…/polling-xhr.js:140
XMLHttpRequest.send
_create @ webpack-internal:///…/polling-xhr.js:150
Request @ webpack-internal:///…s/polling-xhr.js:86
request @ webpack-internal:///…/polling-xhr.js:264
doPoll @ webpack-internal:///…s/polling-xhr.js:63
_poll @ webpack-internal:///…ports/polling.js:66
onData @ webpack-internal:///…ports/polling.js:96
Emitter.emit @ webpack-internal:///…ib/esm/index.js:140
_onLoad @ webpack-internal:///…/polling-xhr.js:204
xhr.onreadystatechange @ webpack-internal:///…/polling-xhr.js:140
XMLHttpRequest.send
_create @ webpack-internal:///…/polling-xhr.js:150
Request @ webpack-internal:///…s/polling-xhr.js:86
request @ webpack-internal:///…/polling-xhr.js:264
doPoll @ webpack-internal:///…s/polling-xhr.js:63
_poll @ webpack-internal:///…ports/polling.js:66
onData @ webpack-internal:///…ports/polling.js:96
Emitter.emit @ webpack-internal:///…ib/esm/index.js:140
_onLoad @ webpack-internal:///…/polling-xhr.js:204
xhr.onreadystatechange @ webpack-internal:///…/polling-xhr.js:140
XMLHttpRequest.send
_create @ webpack-internal:///…/polling-xhr.js:150
Request @ webpack-internal:///…s/polling-xhr.js:86
request @ webpack-internal:///…/polling-xhr.js:264
doPoll @ webpack-internal:///…s/polling-xhr.js:63
_poll @ webpack-internal:///…ports/polling.js:66
onData @ webpack-internal:///…ports/polling.js:96
Emitter.emit @ webpack-internal:///…ib/esm/index.js:140
_onLoad @ webpack-internal:///…/polling-xhr.js:204
xhr.onreadystatechange @ webpack-internal:///…/polling-xhr.js:140
XMLHttpRequest.send
_create @ webpack-internal:///…/polling-xhr.js:150
Request @ webpack-internal:///…s/polling-xhr.js:86
request @ webpack-internal:///…/polling-xhr.js:264
doPoll @ webpack-internal:///…s/polling-xhr.js:63
_poll @ webpack-internal:///…ports/polling.js:66
onData @ webpack-internal:///…ports/polling.js:96
Emitter.emit @ webpack-internal:///…ib/esm/index.js:140
_onLoad @ webpack-internal:///…/polling-xhr.js:204
xhr.onreadystatechange @ webpack-internal:///…/polling-xhr.js:140
XMLHttpRequest.send
_create @ webpack-internal:///…/polling-xhr.js:150
Request @ webpack-internal:///…s/polling-xhr.js:86
request @ webpack-internal:///…/polling-xhr.js:264
doPoll @ webpack-internal:///…s/polling-xhr.js:63
_poll @ webpack-internal:///…ports/polling.js:66
onData @ webpack-internal:///…ports/polling.js:96
Emitter.emit @ webpack-internal:///…ib/esm/index.js:140
_onLoad @ webpack-internal:///…/polling-xhr.js:204
xhr.onreadystatechange @ webpack-internal:///…/polling-xhr.js:140
15:56:55.109  [CallModal] Skipping connection verification - no WebRTC or participants
15:56:55.110  [CallModal] Rendered - voice call opened
15:56:55.110  [CallModal] Rendered - voice call opened
15:56:55.111  [VoiceParticipant] Tester voice activity debug: {participantId: 'cmeifml0h001okung0i95m8s6', hasOriginalStream: true, hasLatestStream: true, streamActive: false, audioTracksCount: 0, …}
15:56:55.112  [CallModal] 🔊 Setting up audio element for participant cmeifml0h001okung0i95m8s6
15:56:55.113  [CallModal] Stream details: {id: '34fa4aea-da9c-415d-afda-d1f0034b119c', active: false, audioTracks: Array(0)}
15:56:55.113  [CallModal] Previous audio element for cmeifml0h001okung0i95m8s6: false
15:56:55.115  [CallModal] Cleared previous srcObject for cmeifml0h001okung0i95m8s6
15:56:55.116  [CallModal] 🔄 Stream not ready, waiting...
15:56:55.117  [CallModal] ❌ Initial audio play failed for cmeifml0h001okung0i95m8s6: 
attemptPlay @ webpack-internal:///…/CallModal.tsx:3124
ref @ webpack-internal:///…/CallModal.tsx:3158
commitAttachRef @ webpack-internal:///…evelopment.js:21677
safelyAttachRef @ webpack-internal:///…evelopment.js:20803
commitLayoutEffectOnFiber @ webpack-internal:///…evelopment.js:21498
recursivelyTraverseLayoutEffects @ webpack-internal:///…evelopment.js:22926
commitLayoutEffectOnFiber @ webpack-internal:///…evelopment.js:21577
recursivelyTraverseLayoutEffects @ webpack-internal:///…evelopment.js:22926
commitLayoutEffectOnFiber @ webpack-internal:///…evelopment.js:21488
recursivelyTraverseLayoutEffects @ webpack-internal:///…evelopment.js:22926
commitLayoutEffectOnFiber @ webpack-internal:///…evelopment.js:21488
recursivelyTraverseLayoutEffects @ webpack-internal:///…evelopment.js:22926
commitLayoutEffectOnFiber @ webpack-internal:///…evelopment.js:21488
recursivelyTraverseLayoutEffects @ webpack-internal:///…evelopment.js:22926
commitLayoutEffectOnFiber @ webpack-internal:///…evelopment.js:21488
recursivelyTraverseLayoutEffects @ webpack-internal:///…evelopment.js:22926
commitLayoutEffectOnFiber @ webpack-internal:///…evelopment.js:21407
recursivelyTraverseLayoutEffects @ webpack-internal:///…evelopment.js:22926
commitLayoutEffectOnFiber @ webpack-internal:///…evelopment.js:21407
recursivelyTraverseLayoutEffects @ webpack-internal:///…evelopment.js:22926
commitLayoutEffectOnFiber @ webpack-internal:///…evelopment.js:21577
recursivelyTraverseLayoutEffects @ webpack-internal:///…evelopment.js:22926
commitLayoutEffectOnFiber @ webpack-internal:///…evelopment.js:21407
recursivelyTraverseLayoutEffects @ webpack-internal:///…evelopment.js:22926
commitLayoutEffectOnFiber @ webpack-internal:///…evelopment.js:21577
recursivelyTraverseLayoutEffects @ webpack-internal:///…evelopment.js:22926
commitLayoutEffectOnFiber @ webpack-internal:///…evelopment.js:21407
recursivelyTraverseLayoutEffects @ webpack-internal:///…evelopment.js:22926
commitLayoutEffectOnFiber @ webpack-internal:///…evelopment.js:21577
recursivelyTraverseLayoutEffects @ webpack-internal:///…evelopment.js:22926
commitLayoutEffectOnFiber @ webpack-internal:///…evelopment.js:21407
recursivelyTraverseLayoutEffects @ webpack-internal:///…evelopment.js:22926
commitLayoutEffectOnFiber @ webpack-internal:///…evelopment.js:21577
recursivelyTraverseLayoutEffects @ webpack-internal:///…evelopment.js:22926
commitLayoutEffectOnFiber @ webpack-internal:///…evelopment.js:21407
recursivelyTraverseLayoutEffects @ webpack-internal:///…evelopment.js:22926
commitLayoutEffectOnFiber @ webpack-internal:///…evelopment.js:21407
recursivelyTraverseLayoutEffects @ webpack-internal:///…evelopment.js:22926
commitLayoutEffectOnFiber @ webpack-internal:///…evelopment.js:21488
recursivelyTraverseLayoutEffects @ webpack-internal:///…evelopment.js:22926
commitLayoutEffectOnFiber @ webpack-internal:///…evelopment.js:21488
recursivelyTraverseLayoutEffects @ webpack-internal:///…evelopment.js:22926
commitLayoutEffectOnFiber @ webpack-internal:///…evelopment.js:21577
recursivelyTraverseLayoutEffects @ webpack-internal:///…evelopment.js:22926
commitLayoutEffectOnFiber @ webpack-internal:///…evelopment.js:21577
recursivelyTraverseLayoutEffects @ webpack-internal:///…evelopment.js:22926
commitLayoutEffectOnFiber @ webpack-internal:///…evelopment.js:21418
recursivelyTraverseLayoutEffects @ webpack-internal:///…evelopment.js:22926
commitLayoutEffectOnFiber @ webpack-internal:///…evelopment.js:21407
recursivelyTraverseLayoutEffects @ webpack-internal:///…evelopment.js:22926
commitLayoutEffectOnFiber @ webpack-internal:///…evelopment.js:21577
recursivelyTraverseLayoutEffects @ webpack-internal:///…evelopment.js:22926
commitLayoutEffectOnFiber @ webpack-internal:///…evelopment.js:21418
recursivelyTraverseLayoutEffects @ webpack-internal:///…evelopment.js:22926
commitLayoutEffectOnFiber @ webpack-internal:///…evelopment.js:21407
recursivelyTraverseLayoutEffects @ webpack-internal:///…evelopment.js:22926
commitLayoutEffectOnFiber @ webpack-internal:///…evelopment.js:21407
recursivelyTraverseLayoutEffects @ webpack-internal:///…evelopment.js:22926
commitLayoutEffectOnFiber @ webpack-internal:///…evelopment.js:21418
recursivelyTraverseLayoutEffects @ webpack-internal:///…evelopment.js:22926
commitLayoutEffectOnFiber @ webpack-internal:///…evelopment.js:21407
recursivelyTraverseLayoutEffects @ webpack-internal:///…evelopment.js:22926
commitLayoutEffectOnFiber @ webpack-internal:///…evelopment.js:21577
recursivelyTraverseLayoutEffects @ webpack-internal:///…evelopment.js:22926
commitLayoutEffectOnFiber @ webpack-internal:///…evelopment.js:21577
recursivelyTraverseLayoutEffects @ webpack-internal:///…evelopment.js:22926
commitLayoutEffectOnFiber @ webpack-internal:///…evelopment.js:21577
recursivelyTraverseLayoutEffects @ webpack-internal:///…evelopment.js:22926
commitLayoutEffectOnFiber @ webpack-internal:///…evelopment.js:21577
recursivelyTraverseLayoutEffects @ webpack-internal:///…evelopment.js:22926
commitLayoutEffectOnFiber @ webpack-internal:///…evelopment.js:21577
recursivelyTraverseLayoutEffects @ webpack-internal:///…evelopment.js:22926
commitLayoutEffectOnFiber @ webpack-internal:///…evelopment.js:21577
recursivelyTraverseLayoutEffects @ webpack-internal:///…evelopment.js:22926
commitLayoutEffectOnFiber @ webpack-internal:///…evelopment.js:21407
recursivelyTraverseLayoutEffects @ webpack-internal:///…evelopment.js:22926
commitLayoutEffectOnFiber @ webpack-internal:///…evelopment.js:21418
recursivelyTraverseLayoutEffects @ webpack-internal:///…evelopment.js:22926
commitLayoutEffectOnFiber @ webpack-internal:///…evelopment.js:21407
recursivelyTraverseLayoutEffects @ webpack-internal:///…evelopment.js:22926
commitLayoutEffectOnFiber @ webpack-internal:///…evelopment.js:21407
recursivelyTraverseLayoutEffects @ webpack-internal:///…evelopment.js:22926
commitLayoutEffectOnFiber @ webpack-internal:///…evelopment.js:21407
recursivelyTraverseLayoutEffects @ webpack-internal:///…evelopment.js:22926
commitLayoutEffectOnFiber @ webpack-internal:///…evelopment.js:21407
recursivelyTraverseLayoutEffects @ webpack-internal:///…evelopment.js:22926
commitLayoutEffectOnFiber @ webpack-internal:///…evelopment.js:21577
recursivelyTraverseLayoutEffects @ webpack-internal:///…evelopment.js:22926
commitLayoutEffectOnFiber @ webpack-internal:///…evelopment.js:21577
recursivelyTraverseLayoutEffects @ webpack-internal:///…evelopment.js:22926
commitLayoutEffectOnFiber @ webpack-internal:///…evelopment.js:21577
recursivelyTraverseLayoutEffects @ webpack-internal:///…evelopment.js:22926
commitLayoutEffectOnFiber @ webpack-internal:///…evelopment.js:21437
commitLayoutEffects @ webpack-internal:///…evelopment.js:22912
commitRootImpl @ webpack-internal:///…evelopment.js:26226
commitRoot @ webpack-internal:///…evelopment.js:26077
commitRootWhenReady @ webpack-internal:///…evelopment.js:24749
finishConcurrentRender @ webpack-internal:///…evelopment.js:24714
performConcurrentWorkOnRoot @ webpack-internal:///…evelopment.js:24559
workLoop @ webpack-internal:///….development.js:256
flushWork @ webpack-internal:///….development.js:225
performWorkUntilDeadline @ webpack-internal:///….development.js:534
15:56:55.118  [CallModal] 🔄 Waiting for stream to become active for cmeifml0h001okung0i95m8s6
15:56:55.120  [CallModal] Updated peer connections for performance monitoring: 2
15:56:55.120  [CallModal] Peer connection participants: (2) ['cmeifml0h001okung0i95m8s6', 'cmeifn5qp002dkunge64m0xss']
15:56:55.121  [VoiceActivity] Effect triggered: {hasStream: true, streamId: '34fa4aea-da9c-415d-afda-d1f0034b119c', audioTracks: 0, threshold: -40}
15:56:55.121  [VoiceActivity] No audio tracks in stream, cleaning up
15:56:55.122  [VoiceActivity] Effect triggered: {hasStream: true, streamId: '34fa4aea-da9c-415d-afda-d1f0034b119c', audioTracks: 0, threshold: -40}
15:56:55.122  [VoiceActivity] No audio tracks in stream, cleaning up
15:56:55.122  [CallModal] Rendered - voice call opened
15:56:55.122  [CallModal] Rendered - voice call opened
15:56:55.123  [VoiceParticipant] Tester voice activity debug: {participantId: 'cmeifml0h001okung0i95m8s6', hasOriginalStream: true, hasLatestStream: true, streamActive: false, audioTracksCount: 0, …}
15:56:55.125  [CallModal] 🔊 Setting up audio element for participant cmeifml0h001okung0i95m8s6
15:56:55.126  [CallModal] Stream details: {id: '34fa4aea-da9c-415d-afda-d1f0034b119c', active: false, audioTracks: Array(0)}
15:56:55.126  [CallModal] Previous audio element for cmeifml0h001okung0i95m8s6: false
15:56:55.128  [CallModal] Cleared previous srcObject for cmeifml0h001okung0i95m8s6
15:56:55.129  [CallModal] 🔄 Stream not ready, waiting...
15:56:55.130  [CallModal] ❌ Initial audio play failed for cmeifml0h001okung0i95m8s6: 
attemptPlay @ webpack-internal:///…/CallModal.tsx:3124
ref @ webpack-internal:///…/CallModal.tsx:3158
commitAttachRef @ webpack-internal:///…evelopment.js:21677
safelyAttachRef @ webpack-internal:///…evelopment.js:20803
commitLayoutEffectOnFiber @ webpack-internal:///…evelopment.js:21498
recursivelyTraverseLayoutEffects @ webpack-internal:///…evelopment.js:22926
commitLayoutEffectOnFiber @ webpack-internal:///…evelopment.js:21577
recursivelyTraverseLayoutEffects @ webpack-internal:///…evelopment.js:22926
commitLayoutEffectOnFiber @ webpack-internal:///…evelopment.js:21488
recursivelyTraverseLayoutEffects @ webpack-internal:///…evelopment.js:22926
commitLayoutEffectOnFiber @ webpack-internal:///…evelopment.js:21488
recursivelyTraverseLayoutEffects @ webpack-internal:///…evelopment.js:22926
commitLayoutEffectOnFiber @ webpack-internal:///…evelopment.js:21488
recursivelyTraverseLayoutEffects @ webpack-internal:///…evelopment.js:22926
commitLayoutEffectOnFiber @ webpack-internal:///…evelopment.js:21488
recursivelyTraverseLayoutEffects @ webpack-internal:///…evelopment.js:22926
commitLayoutEffectOnFiber @ webpack-internal:///…evelopment.js:21407
recursivelyTraverseLayoutEffects @ webpack-internal:///…evelopment.js:22926
commitLayoutEffectOnFiber @ webpack-internal:///…evelopment.js:21407
recursivelyTraverseLayoutEffects @ webpack-internal:///…evelopment.js:22926
commitLayoutEffectOnFiber @ webpack-internal:///…evelopment.js:21577
recursivelyTraverseLayoutEffects @ webpack-internal:///…evelopment.js:22926
commitLayoutEffectOnFiber @ webpack-internal:///…evelopment.js:21407
recursivelyTraverseLayoutEffects @ webpack-internal:///…evelopment.js:22926
commitLayoutEffectOnFiber @ webpack-internal:///…evelopment.js:21577
recursivelyTraverseLayoutEffects @ webpack-internal:///…evelopment.js:22926
commitLayoutEffectOnFiber @ webpack-internal:///…evelopment.js:21407
recursivelyTraverseLayoutEffects @ webpack-internal:///…evelopment.js:22926
commitLayoutEffectOnFiber @ webpack-internal:///…evelopment.js:21577
recursivelyTraverseLayoutEffects @ webpack-internal:///…evelopment.js:22926
commitLayoutEffectOnFiber @ webpack-internal:///…evelopment.js:21407
recursivelyTraverseLayoutEffects @ webpack-internal:///…evelopment.js:22926
commitLayoutEffectOnFiber @ webpack-internal:///…evelopment.js:21577
recursivelyTraverseLayoutEffects @ webpack-internal:///…evelopment.js:22926
commitLayoutEffectOnFiber @ webpack-internal:///…evelopment.js:21407
recursivelyTraverseLayoutEffects @ webpack-internal:///…evelopment.js:22926
commitLayoutEffectOnFiber @ webpack-internal:///…evelopment.js:21407
recursivelyTraverseLayoutEffects @ webpack-internal:///…evelopment.js:22926
commitLayoutEffectOnFiber @ webpack-internal:///…evelopment.js:21488
recursivelyTraverseLayoutEffects @ webpack-internal:///…evelopment.js:22926
commitLayoutEffectOnFiber @ webpack-internal:///…evelopment.js:21488
recursivelyTraverseLayoutEffects @ webpack-internal:///…evelopment.js:22926
commitLayoutEffectOnFiber @ webpack-internal:///…evelopment.js:21577
recursivelyTraverseLayoutEffects @ webpack-internal:///…evelopment.js:22926
commitLayoutEffectOnFiber @ webpack-internal:///…evelopment.js:21577
recursivelyTraverseLayoutEffects @ webpack-internal:///…evelopment.js:22926
commitLayoutEffectOnFiber @ webpack-internal:///…evelopment.js:21418
recursivelyTraverseLayoutEffects @ webpack-internal:///…evelopment.js:22926
commitLayoutEffectOnFiber @ webpack-internal:///…evelopment.js:21407
recursivelyTraverseLayoutEffects @ webpack-internal:///…evelopment.js:22926
commitLayoutEffectOnFiber @ webpack-internal:///…evelopment.js:21577
recursivelyTraverseLayoutEffects @ webpack-internal:///…evelopment.js:22926
commitLayoutEffectOnFiber @ webpack-internal:///…evelopment.js:21418
recursivelyTraverseLayoutEffects @ webpack-internal:///…evelopment.js:22926
commitLayoutEffectOnFiber @ webpack-internal:///…evelopment.js:21407
recursivelyTraverseLayoutEffects @ webpack-internal:///…evelopment.js:22926
commitLayoutEffectOnFiber @ webpack-internal:///…evelopment.js:21407
recursivelyTraverseLayoutEffects @ webpack-internal:///…evelopment.js:22926
commitLayoutEffectOnFiber @ webpack-internal:///…evelopment.js:21418
recursivelyTraverseLayoutEffects @ webpack-internal:///…evelopment.js:22926
commitLayoutEffectOnFiber @ webpack-internal:///…evelopment.js:21407
recursivelyTraverseLayoutEffects @ webpack-internal:///…evelopment.js:22926
commitLayoutEffectOnFiber @ webpack-internal:///…evelopment.js:21577
recursivelyTraverseLayoutEffects @ webpack-internal:///…evelopment.js:22926
commitLayoutEffectOnFiber @ webpack-internal:///…evelopment.js:21577
recursivelyTraverseLayoutEffects @ webpack-internal:///…evelopment.js:22926
commitLayoutEffectOnFiber @ webpack-internal:///…evelopment.js:21577
recursivelyTraverseLayoutEffects @ webpack-internal:///…evelopment.js:22926
commitLayoutEffectOnFiber @ webpack-internal:///…evelopment.js:21577
recursivelyTraverseLayoutEffects @ webpack-internal:///…evelopment.js:22926
commitLayoutEffectOnFiber @ webpack-internal:///…evelopment.js:21577
recursivelyTraverseLayoutEffects @ webpack-internal:///…evelopment.js:22926
commitLayoutEffectOnFiber @ webpack-internal:///…evelopment.js:21577
recursivelyTraverseLayoutEffects @ webpack-internal:///…evelopment.js:22926
commitLayoutEffectOnFiber @ webpack-internal:///…evelopment.js:21407
recursivelyTraverseLayoutEffects @ webpack-internal:///…evelopment.js:22926
commitLayoutEffectOnFiber @ webpack-internal:///…evelopment.js:21418
recursivelyTraverseLayoutEffects @ webpack-internal:///…evelopment.js:22926
commitLayoutEffectOnFiber @ webpack-internal:///…evelopment.js:21407
recursivelyTraverseLayoutEffects @ webpack-internal:///…evelopment.js:22926
commitLayoutEffectOnFiber @ webpack-internal:///…evelopment.js:21407
recursivelyTraverseLayoutEffects @ webpack-internal:///…evelopment.js:22926
commitLayoutEffectOnFiber @ webpack-internal:///…evelopment.js:21407
recursivelyTraverseLayoutEffects @ webpack-internal:///…evelopment.js:22926
commitLayoutEffectOnFiber @ webpack-internal:///…evelopment.js:21407
recursivelyTraverseLayoutEffects @ webpack-internal:///…evelopment.js:22926
commitLayoutEffectOnFiber @ webpack-internal:///…evelopment.js:21577
recursivelyTraverseLayoutEffects @ webpack-internal:///…evelopment.js:22926
commitLayoutEffectOnFiber @ webpack-internal:///…evelopment.js:21577
recursivelyTraverseLayoutEffects @ webpack-internal:///…evelopment.js:22926
commitLayoutEffectOnFiber @ webpack-internal:///…evelopment.js:21577
recursivelyTraverseLayoutEffects @ webpack-internal:///…evelopment.js:22926
commitLayoutEffectOnFiber @ webpack-internal:///…evelopment.js:21437
commitLayoutEffects @ webpack-internal:///…evelopment.js:22912
commitRootImpl @ webpack-internal:///…evelopment.js:26226
commitRoot @ webpack-internal:///…evelopment.js:26077
commitRootWhenReady @ webpack-internal:///…evelopment.js:24749
finishConcurrentRender @ webpack-internal:///…evelopment.js:24714
performConcurrentWorkOnRoot @ webpack-internal:///…evelopment.js:24559
workLoop @ webpack-internal:///….development.js:256
flushWork @ webpack-internal:///….development.js:225
performWorkUntilDeadline @ webpack-internal:///….development.js:534
15:56:55.131  [CallModal] 🔄 Waiting for stream to become active for cmeifml0h001okung0i95m8s6
15:56:55.133  [VoiceActivity] Effect triggered: {hasStream: true, streamId: '34fa4aea-da9c-415d-afda-d1f0034b119c', audioTracks: 0, threshold: -40}
15:56:55.134  [VoiceActivity] No audio tracks in stream, cleaning up
15:56:55.134  [useCallPerformance] Connection states: (2) [{…}, {…}]
15:56:55.135  [useCallPerformance] Starting monitoring for 2 valid connections
15:56:55.135  [VoiceActivity] Effect triggered: {hasStream: true, streamId: '34fa4aea-da9c-415d-afda-d1f0034b119c', audioTracks: 0, threshold: -40}
15:56:55.135  [VoiceActivity] No audio tracks in stream, cleaning up
15:56:55.136  [useCallPerformance] Network metrics: {audioPacketLoss: 0, videoPacketLoss: 0, videoFrameRate: 0, latency: 1, callType: 'voice'}
15:56:55.137  [useCallPerformance] No valid network data yet, assuming good quality
15:56:55.138  [CallModal] Rendered - voice call opened
15:56:55.138  [CallModal] Rendered - voice call opened
15:56:55.139  [VoiceParticipant] Tester voice activity debug: {participantId: 'cmeifml0h001okung0i95m8s6', hasOriginalStream: true, hasLatestStream: true, streamActive: false, audioTracksCount: 0, …}
15:56:55.141  [CallModal] 🔊 Setting up audio element for participant cmeifml0h001okung0i95m8s6
15:56:55.141  [CallModal] Stream details: {id: '34fa4aea-da9c-415d-afda-d1f0034b119c', active: false, audioTracks: Array(0)}
15:56:55.142  [CallModal] Previous audio element for cmeifml0h001okung0i95m8s6: false
15:56:55.143  [CallModal] Cleared previous srcObject for cmeifml0h001okung0i95m8s6
15:56:55.144  [CallModal] 🔄 Stream not ready, waiting...
15:56:55.145  [CallModal] ❌ Initial audio play failed for cmeifml0h001okung0i95m8s6: 
attemptPlay @ webpack-internal:///…/CallModal.tsx:3124
ref @ webpack-internal:///…/CallModal.tsx:3158
commitAttachRef @ webpack-internal:///…evelopment.js:21677
safelyAttachRef @ webpack-internal:///…evelopment.js:20803
commitLayoutEffectOnFiber @ webpack-internal:///…evelopment.js:21498
recursivelyTraverseLayoutEffects @ webpack-internal:///…evelopment.js:22926
commitLayoutEffectOnFiber @ webpack-internal:///…evelopment.js:21577
recursivelyTraverseLayoutEffects @ webpack-internal:///…evelopment.js:22926
commitLayoutEffectOnFiber @ webpack-internal:///…evelopment.js:21488
recursivelyTraverseLayoutEffects @ webpack-internal:///…evelopment.js:22926
commitLayoutEffectOnFiber @ webpack-internal:///…evelopment.js:21488
recursivelyTraverseLayoutEffects @ webpack-internal:///…evelopment.js:22926
commitLayoutEffectOnFiber @ webpack-internal:///…evelopment.js:21488
recursivelyTraverseLayoutEffects @ webpack-internal:///…evelopment.js:22926
commitLayoutEffectOnFiber @ webpack-internal:///…evelopment.js:21488
recursivelyTraverseLayoutEffects @ webpack-internal:///…evelopment.js:22926
commitLayoutEffectOnFiber @ webpack-internal:///…evelopment.js:21407
recursivelyTraverseLayoutEffects @ webpack-internal:///…evelopment.js:22926
commitLayoutEffectOnFiber @ webpack-internal:///…evelopment.js:21407
recursivelyTraverseLayoutEffects @ webpack-internal:///…evelopment.js:22926
commitLayoutEffectOnFiber @ webpack-internal:///…evelopment.js:21577
recursivelyTraverseLayoutEffects @ webpack-internal:///…evelopment.js:22926
commitLayoutEffectOnFiber @ webpack-internal:///…evelopment.js:21407
recursivelyTraverseLayoutEffects @ webpack-internal:///…evelopment.js:22926
commitLayoutEffectOnFiber @ webpack-internal:///…evelopment.js:21577
recursivelyTraverseLayoutEffects @ webpack-internal:///…evelopment.js:22926
commitLayoutEffectOnFiber @ webpack-internal:///…evelopment.js:21407
recursivelyTraverseLayoutEffects @ webpack-internal:///…evelopment.js:22926
commitLayoutEffectOnFiber @ webpack-internal:///…evelopment.js:21577
recursivelyTraverseLayoutEffects @ webpack-internal:///…evelopment.js:22926
commitLayoutEffectOnFiber @ webpack-internal:///…evelopment.js:21407
recursivelyTraverseLayoutEffects @ webpack-internal:///…evelopment.js:22926
commitLayoutEffectOnFiber @ webpack-internal:///…evelopment.js:21577
recursivelyTraverseLayoutEffects @ webpack-internal:///…evelopment.js:22926
commitLayoutEffectOnFiber @ webpack-internal:///…evelopment.js:21407
recursivelyTraverseLayoutEffects @ webpack-internal:///…evelopment.js:22926
commitLayoutEffectOnFiber @ webpack-internal:///…evelopment.js:21407
recursivelyTraverseLayoutEffects @ webpack-internal:///…evelopment.js:22926
commitLayoutEffectOnFiber @ webpack-internal:///…evelopment.js:21488
recursivelyTraverseLayoutEffects @ webpack-internal:///…evelopment.js:22926
commitLayoutEffectOnFiber @ webpack-internal:///…evelopment.js:21488
recursivelyTraverseLayoutEffects @ webpack-internal:///…evelopment.js:22926
commitLayoutEffectOnFiber @ webpack-internal:///…evelopment.js:21577
recursivelyTraverseLayoutEffects @ webpack-internal:///…evelopment.js:22926
commitLayoutEffectOnFiber @ webpack-internal:///…evelopment.js:21577
recursivelyTraverseLayoutEffects @ webpack-internal:///…evelopment.js:22926
commitLayoutEffectOnFiber @ webpack-internal:///…evelopment.js:21418
recursivelyTraverseLayoutEffects @ webpack-internal:///…evelopment.js:22926
commitLayoutEffectOnFiber @ webpack-internal:///…evelopment.js:21407
recursivelyTraverseLayoutEffects @ webpack-internal:///…evelopment.js:22926
commitLayoutEffectOnFiber @ webpack-internal:///…evelopment.js:21577
recursivelyTraverseLayoutEffects @ webpack-internal:///…evelopment.js:22926
commitLayoutEffectOnFiber @ webpack-internal:///…evelopment.js:21418
recursivelyTraverseLayoutEffects @ webpack-internal:///…evelopment.js:22926
commitLayoutEffectOnFiber @ webpack-internal:///…evelopment.js:21407
recursivelyTraverseLayoutEffects @ webpack-internal:///…evelopment.js:22926
commitLayoutEffectOnFiber @ webpack-internal:///…evelopment.js:21407
recursivelyTraverseLayoutEffects @ webpack-internal:///…evelopment.js:22926
commitLayoutEffectOnFiber @ webpack-internal:///…evelopment.js:21418
recursivelyTraverseLayoutEffects @ webpack-internal:///…evelopment.js:22926
commitLayoutEffectOnFiber @ webpack-internal:///…evelopment.js:21407
recursivelyTraverseLayoutEffects @ webpack-internal:///…evelopment.js:22926
commitLayoutEffectOnFiber @ webpack-internal:///…evelopment.js:21577
recursivelyTraverseLayoutEffects @ webpack-internal:///…evelopment.js:22926
commitLayoutEffectOnFiber @ webpack-internal:///…evelopment.js:21577
recursivelyTraverseLayoutEffects @ webpack-internal:///…evelopment.js:22926
commitLayoutEffectOnFiber @ webpack-internal:///…evelopment.js:21577
recursivelyTraverseLayoutEffects @ webpack-internal:///…evelopment.js:22926
commitLayoutEffectOnFiber @ webpack-internal:///…evelopment.js:21577
recursivelyTraverseLayoutEffects @ webpack-internal:///…evelopment.js:22926
commitLayoutEffectOnFiber @ webpack-internal:///…evelopment.js:21577
recursivelyTraverseLayoutEffects @ webpack-internal:///…evelopment.js:22926
commitLayoutEffectOnFiber @ webpack-internal:///…evelopment.js:21577
recursivelyTraverseLayoutEffects @ webpack-internal:///…evelopment.js:22926
commitLayoutEffectOnFiber @ webpack-internal:///…evelopment.js:21407
recursivelyTraverseLayoutEffects @ webpack-internal:///…evelopment.js:22926
commitLayoutEffectOnFiber @ webpack-internal:///…evelopment.js:21418
recursivelyTraverseLayoutEffects @ webpack-internal:///…evelopment.js:22926
commitLayoutEffectOnFiber @ webpack-internal:///…evelopment.js:21407
recursivelyTraverseLayoutEffects @ webpack-internal:///…evelopment.js:22926
commitLayoutEffectOnFiber @ webpack-internal:///…evelopment.js:21407
recursivelyTraverseLayoutEffects @ webpack-internal:///…evelopment.js:22926
commitLayoutEffectOnFiber @ webpack-internal:///…evelopment.js:21407
recursivelyTraverseLayoutEffects @ webpack-internal:///…evelopment.js:22926
commitLayoutEffectOnFiber @ webpack-internal:///…evelopment.js:21407
recursivelyTraverseLayoutEffects @ webpack-internal:///…evelopment.js:22926
commitLayoutEffectOnFiber @ webpack-internal:///…evelopment.js:21577
recursivelyTraverseLayoutEffects @ webpack-internal:///…evelopment.js:22926
commitLayoutEffectOnFiber @ webpack-internal:///…evelopment.js:21577
recursivelyTraverseLayoutEffects @ webpack-internal:///…evelopment.js:22926
commitLayoutEffectOnFiber @ webpack-internal:///…evelopment.js:21577
recursivelyTraverseLayoutEffects @ webpack-internal:///…evelopment.js:22926
commitLayoutEffectOnFiber @ webpack-internal:///…evelopment.js:21437
commitLayoutEffects @ webpack-internal:///…evelopment.js:22912
commitRootImpl @ webpack-internal:///…evelopment.js:26226
commitRoot @ webpack-internal:///…evelopment.js:26077
commitRootWhenReady @ webpack-internal:///…evelopment.js:24749
finishConcurrentRender @ webpack-internal:///…evelopment.js:24714
performConcurrentWorkOnRoot @ webpack-internal:///…evelopment.js:24559
workLoop @ webpack-internal:///….development.js:256
flushWork @ webpack-internal:///….development.js:225
performWorkUntilDeadline @ webpack-internal:///….development.js:534
15:56:55.145  [CallModal] 🔄 Waiting for stream to become active for cmeifml0h001okung0i95m8s6
15:56:55.146  [VoiceActivity] Effect triggered: {hasStream: true, streamId: '34fa4aea-da9c-415d-afda-d1f0034b119c', audioTracks: 0, threshold: -40}
15:56:55.147  [VoiceActivity] No audio tracks in stream, cleaning up
15:56:55.147  [VoiceActivity] Effect triggered: {hasStream: true, streamId: '34fa4aea-da9c-415d-afda-d1f0034b119c', audioTracks: 0, threshold: -40}
15:56:55.147  [VoiceActivity] No audio tracks in stream, cleaning up
15:56:55.231  🏠 ChatWindow mounted/re-rendered with conversationId: null
15:56:55.231  🏠 ChatWindow mounted/re-rendered with conversationId: null
15:56:55.231  [CallModal] Rendered - voice call opened
15:56:55.232  [CallModal] Rendered - voice call opened
15:56:55.232  [VoiceParticipant] Tester voice activity debug: {participantId: 'cmeifml0h001okung0i95m8s6', hasOriginalStream: true, hasLatestStream: true, streamActive: false, audioTracksCount: 0, …}
15:56:55.234  [CallModal] 🔊 Setting up audio element for participant cmeifml0h001okung0i95m8s6
15:56:55.235  [CallModal] Stream details: {id: '34fa4aea-da9c-415d-afda-d1f0034b119c', active: false, audioTracks: Array(0)}
15:56:55.235  [CallModal] Previous audio element for cmeifml0h001okung0i95m8s6: false
15:56:55.236  [CallModal] Cleared previous srcObject for cmeifml0h001okung0i95m8s6
15:56:55.237  [CallModal] 🔄 Stream not ready, waiting...
15:56:55.238  [CallModal] ❌ Initial audio play failed for cmeifml0h001okung0i95m8s6: 
attemptPlay @ webpack-internal:///…/CallModal.tsx:3124
ref @ webpack-internal:///…/CallModal.tsx:3158
commitAttachRef @ webpack-internal:///…evelopment.js:21677
safelyAttachRef @ webpack-internal:///…evelopment.js:20803
commitLayoutEffectOnFiber @ webpack-internal:///…evelopment.js:21498
recursivelyTraverseLayoutEffects @ webpack-internal:///…evelopment.js:22926
commitLayoutEffectOnFiber @ webpack-internal:///…evelopment.js:21577
recursivelyTraverseLayoutEffects @ webpack-internal:///…evelopment.js:22926
commitLayoutEffectOnFiber @ webpack-internal:///…evelopment.js:21488
recursivelyTraverseLayoutEffects @ webpack-internal:///…evelopment.js:22926
commitLayoutEffectOnFiber @ webpack-internal:///…evelopment.js:21488
recursivelyTraverseLayoutEffects @ webpack-internal:///…evelopment.js:22926
commitLayoutEffectOnFiber @ webpack-internal:///…evelopment.js:21488
recursivelyTraverseLayoutEffects @ webpack-internal:///…evelopment.js:22926
commitLayoutEffectOnFiber @ webpack-internal:///…evelopment.js:21488
recursivelyTraverseLayoutEffects @ webpack-internal:///…evelopment.js:22926
commitLayoutEffectOnFiber @ webpack-internal:///…evelopment.js:21407
recursivelyTraverseLayoutEffects @ webpack-internal:///…evelopment.js:22926
commitLayoutEffectOnFiber @ webpack-internal:///…evelopment.js:21407
recursivelyTraverseLayoutEffects @ webpack-internal:///…evelopment.js:22926
commitLayoutEffectOnFiber @ webpack-internal:///…evelopment.js:21577
recursivelyTraverseLayoutEffects @ webpack-internal:///…evelopment.js:22926
commitLayoutEffectOnFiber @ webpack-internal:///…evelopment.js:21407
recursivelyTraverseLayoutEffects @ webpack-internal:///…evelopment.js:22926
commitLayoutEffectOnFiber @ webpack-internal:///…evelopment.js:21577
recursivelyTraverseLayoutEffects @ webpack-internal:///…evelopment.js:22926
commitLayoutEffectOnFiber @ webpack-internal:///…evelopment.js:21407
recursivelyTraverseLayoutEffects @ webpack-internal:///…evelopment.js:22926
commitLayoutEffectOnFiber @ webpack-internal:///…evelopment.js:21577
recursivelyTraverseLayoutEffects @ webpack-internal:///…evelopment.js:22926
commitLayoutEffectOnFiber @ webpack-internal:///…evelopment.js:21407
recursivelyTraverseLayoutEffects @ webpack-internal:///…evelopment.js:22926
commitLayoutEffectOnFiber @ webpack-internal:///…evelopment.js:21577
recursivelyTraverseLayoutEffects @ webpack-internal:///…evelopment.js:22926
commitLayoutEffectOnFiber @ webpack-internal:///…evelopment.js:21407
recursivelyTraverseLayoutEffects @ webpack-internal:///…evelopment.js:22926
commitLayoutEffectOnFiber @ webpack-internal:///…evelopment.js:21407
recursivelyTraverseLayoutEffects @ webpack-internal:///…evelopment.js:22926
commitLayoutEffectOnFiber @ webpack-internal:///…evelopment.js:21488
recursivelyTraverseLayoutEffects @ webpack-internal:///…evelopment.js:22926
commitLayoutEffectOnFiber @ webpack-internal:///…evelopment.js:21488
recursivelyTraverseLayoutEffects @ webpack-internal:///…evelopment.js:22926
commitLayoutEffectOnFiber @ webpack-internal:///…evelopment.js:21577
recursivelyTraverseLayoutEffects @ webpack-internal:///…evelopment.js:22926
commitLayoutEffectOnFiber @ webpack-internal:///…evelopment.js:21577
recursivelyTraverseLayoutEffects @ webpack-internal:///…evelopment.js:22926
commitLayoutEffectOnFiber @ webpack-internal:///…evelopment.js:21418
recursivelyTraverseLayoutEffects @ webpack-internal:///…evelopment.js:22926
commitLayoutEffectOnFiber @ webpack-internal:///…evelopment.js:21407
recursivelyTraverseLayoutEffects @ webpack-internal:///…evelopment.js:22926
commitLayoutEffectOnFiber @ webpack-internal:///…evelopment.js:21577
recursivelyTraverseLayoutEffects @ webpack-internal:///…evelopment.js:22926
commitLayoutEffectOnFiber @ webpack-internal:///…evelopment.js:21418
recursivelyTraverseLayoutEffects @ webpack-internal:///…evelopment.js:22926
commitLayoutEffectOnFiber @ webpack-internal:///…evelopment.js:21407
recursivelyTraverseLayoutEffects @ webpack-internal:///…evelopment.js:22926
commitLayoutEffectOnFiber @ webpack-internal:///…evelopment.js:21407
recursivelyTraverseLayoutEffects @ webpack-internal:///…evelopment.js:22926
commitLayoutEffectOnFiber @ webpack-internal:///…evelopment.js:21418
recursivelyTraverseLayoutEffects @ webpack-internal:///…evelopment.js:22926
commitLayoutEffectOnFiber @ webpack-internal:///…evelopment.js:21407
recursivelyTraverseLayoutEffects @ webpack-internal:///…evelopment.js:22926
commitLayoutEffectOnFiber @ webpack-internal:///…evelopment.js:21577
recursivelyTraverseLayoutEffects @ webpack-internal:///…evelopment.js:22926
commitLayoutEffectOnFiber @ webpack-internal:///…evelopment.js:21577
recursivelyTraverseLayoutEffects @ webpack-internal:///…evelopment.js:22926
commitLayoutEffectOnFiber @ webpack-internal:///…evelopment.js:21577
recursivelyTraverseLayoutEffects @ webpack-internal:///…evelopment.js:22926
commitLayoutEffectOnFiber @ webpack-internal:///…evelopment.js:21577
recursivelyTraverseLayoutEffects @ webpack-internal:///…evelopment.js:22926
commitLayoutEffectOnFiber @ webpack-internal:///…evelopment.js:21577
recursivelyTraverseLayoutEffects @ webpack-internal:///…evelopment.js:22926
commitLayoutEffectOnFiber @ webpack-internal:///…evelopment.js:21577
recursivelyTraverseLayoutEffects @ webpack-internal:///…evelopment.js:22926
commitLayoutEffectOnFiber @ webpack-internal:///…evelopment.js:21407
recursivelyTraverseLayoutEffects @ webpack-internal:///…evelopment.js:22926
commitLayoutEffectOnFiber @ webpack-internal:///…evelopment.js:21418
recursivelyTraverseLayoutEffects @ webpack-internal:///…evelopment.js:22926
commitLayoutEffectOnFiber @ webpack-internal:///…evelopment.js:21407
recursivelyTraverseLayoutEffects @ webpack-internal:///…evelopment.js:22926
commitLayoutEffectOnFiber @ webpack-internal:///…evelopment.js:21407
recursivelyTraverseLayoutEffects @ webpack-internal:///…evelopment.js:22926
commitLayoutEffectOnFiber @ webpack-internal:///…evelopment.js:21407
recursivelyTraverseLayoutEffects @ webpack-internal:///…evelopment.js:22926
commitLayoutEffectOnFiber @ webpack-internal:///…evelopment.js:21407
recursivelyTraverseLayoutEffects @ webpack-internal:///…evelopment.js:22926
commitLayoutEffectOnFiber @ webpack-internal:///…evelopment.js:21577
recursivelyTraverseLayoutEffects @ webpack-internal:///…evelopment.js:22926
commitLayoutEffectOnFiber @ webpack-internal:///…evelopment.js:21577
recursivelyTraverseLayoutEffects @ webpack-internal:///…evelopment.js:22926
commitLayoutEffectOnFiber @ webpack-internal:///…evelopment.js:21577
recursivelyTraverseLayoutEffects @ webpack-internal:///…evelopment.js:22926
commitLayoutEffectOnFiber @ webpack-internal:///…evelopment.js:21437
commitLayoutEffects @ webpack-internal:///…evelopment.js:22912
commitRootImpl @ webpack-internal:///…evelopment.js:26226
commitRoot @ webpack-internal:///…evelopment.js:26077
commitRootWhenReady @ webpack-internal:///…evelopment.js:24749
finishConcurrentRender @ webpack-internal:///…evelopment.js:24714
performConcurrentWorkOnRoot @ webpack-internal:///…evelopment.js:24559
workLoop @ webpack-internal:///….development.js:256
flushWork @ webpack-internal:///….development.js:225
performWorkUntilDeadline @ webpack-internal:///….development.js:534
15:56:55.238  [CallModal] 🔄 Waiting for stream to become active for cmeifml0h001okung0i95m8s6
15:56:55.241  User status update received: {userId: 'cmeifn5qp002dkunge64m0xss', isOnline: true, lastSeen: '2025-09-10T07:56:55.212Z'}
15:56:55.242  ChatSidebar: Conversations updated, count: 4
15:56:55.243  ChatSidebar: Latest conversation: cmfbwdnf60000kuzg41ovkra2 last message: cmfc8zta3000bkulfrpl6vutn
15:56:55.244  [VoiceActivity] Effect triggered: {hasStream: true, streamId: '34fa4aea-da9c-415d-afda-d1f0034b119c', audioTracks: 0, threshold: -40}
15:56:55.244  [VoiceActivity] No audio tracks in stream, cleaning up
15:56:55.244  [CallModal] Initialized active participants (excluding self): ['cmeifml0h001okung0i95m8s6']
15:56:55.245  [CallModal] Skipping connection verification - no WebRTC or participants
15:56:55.245  [VoiceActivity] Effect triggered: {hasStream: true, streamId: '34fa4aea-da9c-415d-afda-d1f0034b119c', audioTracks: 0, threshold: -40}
15:56:55.246  [VoiceActivity] No audio tracks in stream, cleaning up
15:56:55.247  ChatSidebar: Filtered 4 -> 4 conversations
15:56:55.247  ChatSidebar: Final conversation list: (4) [{…}, {…}, {…}, {…}]
15:56:55.250  🏠 ChatWindow mounted/re-rendered with conversationId: null
15:56:55.250  🏠 ChatWindow mounted/re-rendered with conversationId: null
15:56:55.250  [CallModal] Rendered - voice call opened
15:56:55.251  [CallModal] Rendered - voice call opened
15:56:55.251  [VoiceParticipant] Tester voice activity debug: {participantId: 'cmeifml0h001okung0i95m8s6', hasOriginalStream: true, hasLatestStream: true, streamActive: false, audioTracksCount: 0, …}
15:56:55.255  [CallModal] 🔊 Setting up audio element for participant cmeifml0h001okung0i95m8s6
15:56:55.256  [CallModal] Stream details: {id: '34fa4aea-da9c-415d-afda-d1f0034b119c', active: false, audioTracks: Array(0)}
15:56:55.256  [CallModal] Previous audio element for cmeifml0h001okung0i95m8s6: false
15:56:55.259  [CallModal] Cleared previous srcObject for cmeifml0h001okung0i95m8s6
15:56:55.259  [CallModal] 🔄 Stream not ready, waiting...
15:56:55.260  [CallModal] ❌ Initial audio play failed for cmeifml0h001okung0i95m8s6: 
attemptPlay @ webpack-internal:///…/CallModal.tsx:3124
ref @ webpack-internal:///…/CallModal.tsx:3158
commitAttachRef @ webpack-internal:///…evelopment.js:21677
safelyAttachRef @ webpack-internal:///…evelopment.js:20803
commitLayoutEffectOnFiber @ webpack-internal:///…evelopment.js:21498
recursivelyTraverseLayoutEffects @ webpack-internal:///…evelopment.js:22926
commitLayoutEffectOnFiber @ webpack-internal:///…evelopment.js:21577
recursivelyTraverseLayoutEffects @ webpack-internal:///…evelopment.js:22926
commitLayoutEffectOnFiber @ webpack-internal:///…evelopment.js:21488
recursivelyTraverseLayoutEffects @ webpack-internal:///…evelopment.js:22926
commitLayoutEffectOnFiber @ webpack-internal:///…evelopment.js:21488
recursivelyTraverseLayoutEffects @ webpack-internal:///…evelopment.js:22926
commitLayoutEffectOnFiber @ webpack-internal:///…evelopment.js:21488
recursivelyTraverseLayoutEffects @ webpack-internal:///…evelopment.js:22926
commitLayoutEffectOnFiber @ webpack-internal:///…evelopment.js:21488
recursivelyTraverseLayoutEffects @ webpack-internal:///…evelopment.js:22926
commitLayoutEffectOnFiber @ webpack-internal:///…evelopment.js:21407
recursivelyTraverseLayoutEffects @ webpack-internal:///…evelopment.js:22926
commitLayoutEffectOnFiber @ webpack-internal:///…evelopment.js:21407
recursivelyTraverseLayoutEffects @ webpack-internal:///…evelopment.js:22926
commitLayoutEffectOnFiber @ webpack-internal:///…evelopment.js:21577
recursivelyTraverseLayoutEffects @ webpack-internal:///…evelopment.js:22926
commitLayoutEffectOnFiber @ webpack-internal:///…evelopment.js:21407
recursivelyTraverseLayoutEffects @ webpack-internal:///…evelopment.js:22926
commitLayoutEffectOnFiber @ webpack-internal:///…evelopment.js:21577
recursivelyTraverseLayoutEffects @ webpack-internal:///…evelopment.js:22926
commitLayoutEffectOnFiber @ webpack-internal:///…evelopment.js:21407
recursivelyTraverseLayoutEffects @ webpack-internal:///…evelopment.js:22926
commitLayoutEffectOnFiber @ webpack-internal:///…evelopment.js:21577
recursivelyTraverseLayoutEffects @ webpack-internal:///…evelopment.js:22926
commitLayoutEffectOnFiber @ webpack-internal:///…evelopment.js:21407
recursivelyTraverseLayoutEffects @ webpack-internal:///…evelopment.js:22926
commitLayoutEffectOnFiber @ webpack-internal:///…evelopment.js:21577
recursivelyTraverseLayoutEffects @ webpack-internal:///…evelopment.js:22926
commitLayoutEffectOnFiber @ webpack-internal:///…evelopment.js:21407
recursivelyTraverseLayoutEffects @ webpack-internal:///…evelopment.js:22926
commitLayoutEffectOnFiber @ webpack-internal:///…evelopment.js:21407
recursivelyTraverseLayoutEffects @ webpack-internal:///…evelopment.js:22926
commitLayoutEffectOnFiber @ webpack-internal:///…evelopment.js:21488
recursivelyTraverseLayoutEffects @ webpack-internal:///…evelopment.js:22926
commitLayoutEffectOnFiber @ webpack-internal:///…evelopment.js:21488
recursivelyTraverseLayoutEffects @ webpack-internal:///…evelopment.js:22926
commitLayoutEffectOnFiber @ webpack-internal:///…evelopment.js:21577
recursivelyTraverseLayoutEffects @ webpack-internal:///…evelopment.js:22926
commitLayoutEffectOnFiber @ webpack-internal:///…evelopment.js:21577
recursivelyTraverseLayoutEffects @ webpack-internal:///…evelopment.js:22926
commitLayoutEffectOnFiber @ webpack-internal:///…evelopment.js:21418
recursivelyTraverseLayoutEffects @ webpack-internal:///…evelopment.js:22926
commitLayoutEffectOnFiber @ webpack-internal:///…evelopment.js:21407
recursivelyTraverseLayoutEffects @ webpack-internal:///…evelopment.js:22926
commitLayoutEffectOnFiber @ webpack-internal:///…evelopment.js:21577
recursivelyTraverseLayoutEffects @ webpack-internal:///…evelopment.js:22926
commitLayoutEffectOnFiber @ webpack-internal:///…evelopment.js:21418
recursivelyTraverseLayoutEffects @ webpack-internal:///…evelopment.js:22926
commitLayoutEffectOnFiber @ webpack-internal:///…evelopment.js:21407
recursivelyTraverseLayoutEffects @ webpack-internal:///…evelopment.js:22926
commitLayoutEffectOnFiber @ webpack-internal:///…evelopment.js:21407
recursivelyTraverseLayoutEffects @ webpack-internal:///…evelopment.js:22926
commitLayoutEffectOnFiber @ webpack-internal:///…evelopment.js:21418
recursivelyTraverseLayoutEffects @ webpack-internal:///…evelopment.js:22926
commitLayoutEffectOnFiber @ webpack-internal:///…evelopment.js:21407
recursivelyTraverseLayoutEffects @ webpack-internal:///…evelopment.js:22926
commitLayoutEffectOnFiber @ webpack-internal:///…evelopment.js:21577
recursivelyTraverseLayoutEffects @ webpack-internal:///…evelopment.js:22926
commitLayoutEffectOnFiber @ webpack-internal:///…evelopment.js:21577
recursivelyTraverseLayoutEffects @ webpack-internal:///…evelopment.js:22926
commitLayoutEffectOnFiber @ webpack-internal:///…evelopment.js:21577
recursivelyTraverseLayoutEffects @ webpack-internal:///…evelopment.js:22926
commitLayoutEffectOnFiber @ webpack-internal:///…evelopment.js:21577
recursivelyTraverseLayoutEffects @ webpack-internal:///…evelopment.js:22926
commitLayoutEffectOnFiber @ webpack-internal:///…evelopment.js:21577
recursivelyTraverseLayoutEffects @ webpack-internal:///…evelopment.js:22926
commitLayoutEffectOnFiber @ webpack-internal:///…evelopment.js:21577
recursivelyTraverseLayoutEffects @ webpack-internal:///…evelopment.js:22926
commitLayoutEffectOnFiber @ webpack-internal:///…evelopment.js:21407
recursivelyTraverseLayoutEffects @ webpack-internal:///…evelopment.js:22926
commitLayoutEffectOnFiber @ webpack-internal:///…evelopment.js:21418
recursivelyTraverseLayoutEffects @ webpack-internal:///…evelopment.js:22926
commitLayoutEffectOnFiber @ webpack-internal:///…evelopment.js:21407
recursivelyTraverseLayoutEffects @ webpack-internal:///…evelopment.js:22926
commitLayoutEffectOnFiber @ webpack-internal:///…evelopment.js:21407
recursivelyTraverseLayoutEffects @ webpack-internal:///…evelopment.js:22926
commitLayoutEffectOnFiber @ webpack-internal:///…evelopment.js:21407
recursivelyTraverseLayoutEffects @ webpack-internal:///…evelopment.js:22926
commitLayoutEffectOnFiber @ webpack-internal:///…evelopment.js:21407
recursivelyTraverseLayoutEffects @ webpack-internal:///…evelopment.js:22926
commitLayoutEffectOnFiber @ webpack-internal:///…evelopment.js:21577
recursivelyTraverseLayoutEffects @ webpack-internal:///…evelopment.js:22926
commitLayoutEffectOnFiber @ webpack-internal:///…evelopment.js:21577
recursivelyTraverseLayoutEffects @ webpack-internal:///…evelopment.js:22926
commitLayoutEffectOnFiber @ webpack-internal:///…evelopment.js:21577
recursivelyTraverseLayoutEffects @ webpack-internal:///…evelopment.js:22926
commitLayoutEffectOnFiber @ webpack-internal:///…evelopment.js:21437
commitLayoutEffects @ webpack-internal:///…evelopment.js:22912
commitRootImpl @ webpack-internal:///…evelopment.js:26226
commitRoot @ webpack-internal:///…evelopment.js:26077
commitRootWhenReady @ webpack-internal:///…evelopment.js:24749
finishConcurrentRender @ webpack-internal:///…evelopment.js:24714
performConcurrentWorkOnRoot @ webpack-internal:///…evelopment.js:24559
workLoop @ webpack-internal:///….development.js:256
flushWork @ webpack-internal:///….development.js:225
performWorkUntilDeadline @ webpack-internal:///….development.js:534
15:56:55.260  [CallModal] 🔄 Waiting for stream to become active for cmeifml0h001okung0i95m8s6
15:56:55.262  ChatSidebar: Conversations updated, count: 4
15:56:55.262  ChatSidebar: Latest conversation: cmfbwdnf60000kuzg41ovkra2 last message: cmfc8zta3000bkulfrpl6vutn
15:56:55.263  [VoiceActivity] Effect triggered: {hasStream: true, streamId: '34fa4aea-da9c-415d-afda-d1f0034b119c', audioTracks: 0, threshold: -40}
15:56:55.263  [VoiceActivity] No audio tracks in stream, cleaning up
15:56:55.263  [CallModal] Initialized active participants (excluding self): ['cmeifml0h001okung0i95m8s6']
15:56:55.264  [CallModal] Skipping connection verification - no WebRTC or participants
15:56:55.264  [CallModal] 🆘 EMERGENCY WebRTC RECOVERY - Call is connected but WebRTC needs help!
15:56:55.264  [CallModal] 🔧 Emergency details: {needsInit: false, needsConnectionRecovery: true, callState: 'connected', isIncoming: true, participants: Array(1), …}
15:56:55.265  [VoiceActivity] Effect triggered: {hasStream: true, streamId: '34fa4aea-da9c-415d-afda-d1f0034b119c', audioTracks: 0, threshold: -40}
15:56:55.265  [VoiceActivity] No audio tracks in stream, cleaning up
15:56:55.266  [CallModal] Rendered - voice call opened
15:56:55.266  [CallModal] Rendered - voice call opened
15:56:55.267  [VoiceParticipant] Tester voice activity debug: {participantId: 'cmeifml0h001okung0i95m8s6', hasOriginalStream: true, hasLatestStream: true, streamActive: false, audioTracksCount: 0, …}
15:56:55.270  [CallModal] 🔊 Setting up audio element for participant cmeifml0h001okung0i95m8s6
15:56:55.271  [CallModal] Stream details: {id: '34fa4aea-da9c-415d-afda-d1f0034b119c', active: false, audioTracks: Array(0)}
15:56:55.271  [CallModal] Previous audio element for cmeifml0h001okung0i95m8s6: false
15:56:55.274  [CallModal] Cleared previous srcObject for cmeifml0h001okung0i95m8s6
15:56:55.277  [CallModal] 🔄 Stream not ready, waiting...
15:56:55.278  [CallModal] ❌ Initial audio play failed for cmeifml0h001okung0i95m8s6: 
attemptPlay @ webpack-internal:///…/CallModal.tsx:3124
ref @ webpack-internal:///…/CallModal.tsx:3158
commitAttachRef @ webpack-internal:///…evelopment.js:21677
safelyAttachRef @ webpack-internal:///…evelopment.js:20803
commitLayoutEffectOnFiber @ webpack-internal:///…evelopment.js:21498
recursivelyTraverseLayoutEffects @ webpack-internal:///…evelopment.js:22926
commitLayoutEffectOnFiber @ webpack-internal:///…evelopment.js:21577
recursivelyTraverseLayoutEffects @ webpack-internal:///…evelopment.js:22926
commitLayoutEffectOnFiber @ webpack-internal:///…evelopment.js:21488
recursivelyTraverseLayoutEffects @ webpack-internal:///…evelopment.js:22926
commitLayoutEffectOnFiber @ webpack-internal:///…evelopment.js:21488
recursivelyTraverseLayoutEffects @ webpack-internal:///…evelopment.js:22926
commitLayoutEffectOnFiber @ webpack-internal:///…evelopment.js:21488
recursivelyTraverseLayoutEffects @ webpack-internal:///…evelopment.js:22926
commitLayoutEffectOnFiber @ webpack-internal:///…evelopment.js:21488
recursivelyTraverseLayoutEffects @ webpack-internal:///…evelopment.js:22926
commitLayoutEffectOnFiber @ webpack-internal:///…evelopment.js:21407
recursivelyTraverseLayoutEffects @ webpack-internal:///…evelopment.js:22926
commitLayoutEffectOnFiber @ webpack-internal:///…evelopment.js:21407
recursivelyTraverseLayoutEffects @ webpack-internal:///…evelopment.js:22926
commitLayoutEffectOnFiber @ webpack-internal:///…evelopment.js:21577
recursivelyTraverseLayoutEffects @ webpack-internal:///…evelopment.js:22926
commitLayoutEffectOnFiber @ webpack-internal:///…evelopment.js:21407
recursivelyTraverseLayoutEffects @ webpack-internal:///…evelopment.js:22926
commitLayoutEffectOnFiber @ webpack-internal:///…evelopment.js:21577
recursivelyTraverseLayoutEffects @ webpack-internal:///…evelopment.js:22926
commitLayoutEffectOnFiber @ webpack-internal:///…evelopment.js:21407
recursivelyTraverseLayoutEffects @ webpack-internal:///…evelopment.js:22926
commitLayoutEffectOnFiber @ webpack-internal:///…evelopment.js:21577
recursivelyTraverseLayoutEffects @ webpack-internal:///…evelopment.js:22926
commitLayoutEffectOnFiber @ webpack-internal:///…evelopment.js:21407
recursivelyTraverseLayoutEffects @ webpack-internal:///…evelopment.js:22926
commitLayoutEffectOnFiber @ webpack-internal:///…evelopment.js:21577
recursivelyTraverseLayoutEffects @ webpack-internal:///…evelopment.js:22926
commitLayoutEffectOnFiber @ webpack-internal:///…evelopment.js:21407
recursivelyTraverseLayoutEffects @ webpack-internal:///…evelopment.js:22926
commitLayoutEffectOnFiber @ webpack-internal:///…evelopment.js:21407
recursivelyTraverseLayoutEffects @ webpack-internal:///…evelopment.js:22926
commitLayoutEffectOnFiber @ webpack-internal:///…evelopment.js:21488
recursivelyTraverseLayoutEffects @ webpack-internal:///…evelopment.js:22926
commitLayoutEffectOnFiber @ webpack-internal:///…evelopment.js:21488
recursivelyTraverseLayoutEffects @ webpack-internal:///…evelopment.js:22926
commitLayoutEffectOnFiber @ webpack-internal:///…evelopment.js:21577
recursivelyTraverseLayoutEffects @ webpack-internal:///…evelopment.js:22926
commitLayoutEffectOnFiber @ webpack-internal:///…evelopment.js:21577
recursivelyTraverseLayoutEffects @ webpack-internal:///…evelopment.js:22926
commitLayoutEffectOnFiber @ webpack-internal:///…evelopment.js:21418
recursivelyTraverseLayoutEffects @ webpack-internal:///…evelopment.js:22926
commitLayoutEffectOnFiber @ webpack-internal:///…evelopment.js:21407
recursivelyTraverseLayoutEffects @ webpack-internal:///…evelopment.js:22926
commitLayoutEffectOnFiber @ webpack-internal:///…evelopment.js:21577
recursivelyTraverseLayoutEffects @ webpack-internal:///…evelopment.js:22926
commitLayoutEffectOnFiber @ webpack-internal:///…evelopment.js:21418
recursivelyTraverseLayoutEffects @ webpack-internal:///…evelopment.js:22926
commitLayoutEffectOnFiber @ webpack-internal:///…evelopment.js:21407
recursivelyTraverseLayoutEffects @ webpack-internal:///…evelopment.js:22926
commitLayoutEffectOnFiber @ webpack-internal:///…evelopment.js:21407
recursivelyTraverseLayoutEffects @ webpack-internal:///…evelopment.js:22926
commitLayoutEffectOnFiber @ webpack-internal:///…evelopment.js:21418
recursivelyTraverseLayoutEffects @ webpack-internal:///…evelopment.js:22926
commitLayoutEffectOnFiber @ webpack-internal:///…evelopment.js:21407
recursivelyTraverseLayoutEffects @ webpack-internal:///…evelopment.js:22926
commitLayoutEffectOnFiber @ webpack-internal:///…evelopment.js:21577
recursivelyTraverseLayoutEffects @ webpack-internal:///…evelopment.js:22926
commitLayoutEffectOnFiber @ webpack-internal:///…evelopment.js:21577
recursivelyTraverseLayoutEffects @ webpack-internal:///…evelopment.js:22926
commitLayoutEffectOnFiber @ webpack-internal:///…evelopment.js:21577
recursivelyTraverseLayoutEffects @ webpack-internal:///…evelopment.js:22926
commitLayoutEffectOnFiber @ webpack-internal:///…evelopment.js:21577
recursivelyTraverseLayoutEffects @ webpack-internal:///…evelopment.js:22926
commitLayoutEffectOnFiber @ webpack-internal:///…evelopment.js:21577
recursivelyTraverseLayoutEffects @ webpack-internal:///…evelopment.js:22926
commitLayoutEffectOnFiber @ webpack-internal:///…evelopment.js:21577
recursivelyTraverseLayoutEffects @ webpack-internal:///…evelopment.js:22926
commitLayoutEffectOnFiber @ webpack-internal:///…evelopment.js:21407
recursivelyTraverseLayoutEffects @ webpack-internal:///…evelopment.js:22926
commitLayoutEffectOnFiber @ webpack-internal:///…evelopment.js:21418
recursivelyTraverseLayoutEffects @ webpack-internal:///…evelopment.js:22926
commitLayoutEffectOnFiber @ webpack-internal:///…evelopment.js:21407
recursivelyTraverseLayoutEffects @ webpack-internal:///…evelopment.js:22926
commitLayoutEffectOnFiber @ webpack-internal:///…evelopment.js:21407
recursivelyTraverseLayoutEffects @ webpack-internal:///…evelopment.js:22926
commitLayoutEffectOnFiber @ webpack-internal:///…evelopment.js:21407
recursivelyTraverseLayoutEffects @ webpack-internal:///…evelopment.js:22926
commitLayoutEffectOnFiber @ webpack-internal:///…evelopment.js:21407
recursivelyTraverseLayoutEffects @ webpack-internal:///…evelopment.js:22926
commitLayoutEffectOnFiber @ webpack-internal:///…evelopment.js:21577
recursivelyTraverseLayoutEffects @ webpack-internal:///…evelopment.js:22926
commitLayoutEffectOnFiber @ webpack-internal:///…evelopment.js:21577
recursivelyTraverseLayoutEffects @ webpack-internal:///…evelopment.js:22926
commitLayoutEffectOnFiber @ webpack-internal:///…evelopment.js:21577
recursivelyTraverseLayoutEffects @ webpack-internal:///…evelopment.js:22926
commitLayoutEffectOnFiber @ webpack-internal:///…evelopment.js:21437
commitLayoutEffects @ webpack-internal:///…evelopment.js:22912
commitRootImpl @ webpack-internal:///…evelopment.js:26226
commitRoot @ webpack-internal:///…evelopment.js:26077
commitRootWhenReady @ webpack-internal:///…evelopment.js:24749
finishConcurrentRender @ webpack-internal:///…evelopment.js:24714
performConcurrentWorkOnRoot @ webpack-internal:///…evelopment.js:24559
workLoop @ webpack-internal:///….development.js:256
flushWork @ webpack-internal:///….development.js:225
performWorkUntilDeadline @ webpack-internal:///….development.js:534
15:56:55.279  [CallModal] 🔄 Waiting for stream to become active for cmeifml0h001okung0i95m8s6
15:56:55.282  [VoiceActivity] Effect triggered: {hasStream: true, streamId: '34fa4aea-da9c-415d-afda-d1f0034b119c', audioTracks: 0, threshold: -40}
15:56:55.283  [VoiceActivity] No audio tracks in stream, cleaning up
15:56:55.283  [VoiceActivity] Effect triggered: {hasStream: true, streamId: '34fa4aea-da9c-415d-afda-d1f0034b119c', audioTracks: 0, threshold: -40}
15:56:55.283  [VoiceActivity] No audio tracks in stream, cleaning up
15:56:55.676  Updated online status for user cmeifn5qp002dkunge64m0xss in conversation cmfbwdnf60000kuzg41ovkra2
15:56:55.677  🏠 ChatWindow mounted/re-rendered with conversationId: null
15:56:55.677  🏠 ChatWindow mounted/re-rendered with conversationId: null
15:56:55.678  [CallModal] Rendered - voice call opened
15:56:55.680  [CallModal] Rendered - voice call opened
15:56:55.681  [VoiceParticipant] Tester voice activity debug: {participantId: 'cmeifml0h001okung0i95m8s6', hasOriginalStream: true, hasLatestStream: true, streamActive: false, audioTracksCount: 0, …}
15:56:55.684  [CallModal] 🔊 Setting up audio element for participant cmeifml0h001okung0i95m8s6
15:56:55.684  [CallModal] Stream details: {id: '34fa4aea-da9c-415d-afda-d1f0034b119c', active: false, audioTracks: Array(0)}
15:56:55.685  [CallModal] Previous audio element for cmeifml0h001okung0i95m8s6: false
15:56:55.687  [CallModal] Cleared previous srcObject for cmeifml0h001okung0i95m8s6
15:56:55.687  [CallModal] 🔄 Stream not ready, waiting...
15:56:55.688  [CallModal] ❌ Initial audio play failed for cmeifml0h001okung0i95m8s6: 
attemptPlay @ webpack-internal:///…/CallModal.tsx:3124
ref @ webpack-internal:///…/CallModal.tsx:3158
commitAttachRef @ webpack-internal:///…evelopment.js:21677
safelyAttachRef @ webpack-internal:///…evelopment.js:20803
commitLayoutEffectOnFiber @ webpack-internal:///…evelopment.js:21498
recursivelyTraverseLayoutEffects @ webpack-internal:///…evelopment.js:22926
commitLayoutEffectOnFiber @ webpack-internal:///…evelopment.js:21577
recursivelyTraverseLayoutEffects @ webpack-internal:///…evelopment.js:22926
commitLayoutEffectOnFiber @ webpack-internal:///…evelopment.js:21488
recursivelyTraverseLayoutEffects @ webpack-internal:///…evelopment.js:22926
commitLayoutEffectOnFiber @ webpack-internal:///…evelopment.js:21488
recursivelyTraverseLayoutEffects @ webpack-internal:///…evelopment.js:22926
commitLayoutEffectOnFiber @ webpack-internal:///…evelopment.js:21488
recursivelyTraverseLayoutEffects @ webpack-internal:///…evelopment.js:22926
commitLayoutEffectOnFiber @ webpack-internal:///…evelopment.js:21488
recursivelyTraverseLayoutEffects @ webpack-internal:///…evelopment.js:22926
commitLayoutEffectOnFiber @ webpack-internal:///…evelopment.js:21407
recursivelyTraverseLayoutEffects @ webpack-internal:///…evelopment.js:22926
commitLayoutEffectOnFiber @ webpack-internal:///…evelopment.js:21407
recursivelyTraverseLayoutEffects @ webpack-internal:///…evelopment.js:22926
commitLayoutEffectOnFiber @ webpack-internal:///…evelopment.js:21577
recursivelyTraverseLayoutEffects @ webpack-internal:///…evelopment.js:22926
commitLayoutEffectOnFiber @ webpack-internal:///…evelopment.js:21407
recursivelyTraverseLayoutEffects @ webpack-internal:///…evelopment.js:22926
commitLayoutEffectOnFiber @ webpack-internal:///…evelopment.js:21577
recursivelyTraverseLayoutEffects @ webpack-internal:///…evelopment.js:22926
commitLayoutEffectOnFiber @ webpack-internal:///…evelopment.js:21407
recursivelyTraverseLayoutEffects @ webpack-internal:///…evelopment.js:22926
commitLayoutEffectOnFiber @ webpack-internal:///…evelopment.js:21577
recursivelyTraverseLayoutEffects @ webpack-internal:///…evelopment.js:22926
commitLayoutEffectOnFiber @ webpack-internal:///…evelopment.js:21407
recursivelyTraverseLayoutEffects @ webpack-internal:///…evelopment.js:22926
commitLayoutEffectOnFiber @ webpack-internal:///…evelopment.js:21577
recursivelyTraverseLayoutEffects @ webpack-internal:///…evelopment.js:22926
commitLayoutEffectOnFiber @ webpack-internal:///…evelopment.js:21407
recursivelyTraverseLayoutEffects @ webpack-internal:///…evelopment.js:22926
commitLayoutEffectOnFiber @ webpack-internal:///…evelopment.js:21407
recursivelyTraverseLayoutEffects @ webpack-internal:///…evelopment.js:22926
commitLayoutEffectOnFiber @ webpack-internal:///…evelopment.js:21488
recursivelyTraverseLayoutEffects @ webpack-internal:///…evelopment.js:22926
commitLayoutEffectOnFiber @ webpack-internal:///…evelopment.js:21488
recursivelyTraverseLayoutEffects @ webpack-internal:///…evelopment.js:22926
commitLayoutEffectOnFiber @ webpack-internal:///…evelopment.js:21577
recursivelyTraverseLayoutEffects @ webpack-internal:///…evelopment.js:22926
commitLayoutEffectOnFiber @ webpack-internal:///…evelopment.js:21577
recursivelyTraverseLayoutEffects @ webpack-internal:///…evelopment.js:22926
commitLayoutEffectOnFiber @ webpack-internal:///…evelopment.js:21418
recursivelyTraverseLayoutEffects @ webpack-internal:///…evelopment.js:22926
commitLayoutEffectOnFiber @ webpack-internal:///…evelopment.js:21407
recursivelyTraverseLayoutEffects @ webpack-internal:///…evelopment.js:22926
commitLayoutEffectOnFiber @ webpack-internal:///…evelopment.js:21577
recursivelyTraverseLayoutEffects @ webpack-internal:///…evelopment.js:22926
commitLayoutEffectOnFiber @ webpack-internal:///…evelopment.js:21418
recursivelyTraverseLayoutEffects @ webpack-internal:///…evelopment.js:22926
commitLayoutEffectOnFiber @ webpack-internal:///…evelopment.js:21407
recursivelyTraverseLayoutEffects @ webpack-internal:///…evelopment.js:22926
commitLayoutEffectOnFiber @ webpack-internal:///…evelopment.js:21407
recursivelyTraverseLayoutEffects @ webpack-internal:///…evelopment.js:22926
commitLayoutEffectOnFiber @ webpack-internal:///…evelopment.js:21418
recursivelyTraverseLayoutEffects @ webpack-internal:///…evelopment.js:22926
commitLayoutEffectOnFiber @ webpack-internal:///…evelopment.js:21407
recursivelyTraverseLayoutEffects @ webpack-internal:///…evelopment.js:22926
commitLayoutEffectOnFiber @ webpack-internal:///…evelopment.js:21577
recursivelyTraverseLayoutEffects @ webpack-internal:///…evelopment.js:22926
commitLayoutEffectOnFiber @ webpack-internal:///…evelopment.js:21577
recursivelyTraverseLayoutEffects @ webpack-internal:///…evelopment.js:22926
commitLayoutEffectOnFiber @ webpack-internal:///…evelopment.js:21577
recursivelyTraverseLayoutEffects @ webpack-internal:///…evelopment.js:22926
commitLayoutEffectOnFiber @ webpack-internal:///…evelopment.js:21577
recursivelyTraverseLayoutEffects @ webpack-internal:///…evelopment.js:22926
commitLayoutEffectOnFiber @ webpack-internal:///…evelopment.js:21577
recursivelyTraverseLayoutEffects @ webpack-internal:///…evelopment.js:22926
commitLayoutEffectOnFiber @ webpack-internal:///…evelopment.js:21577
recursivelyTraverseLayoutEffects @ webpack-internal:///…evelopment.js:22926
commitLayoutEffectOnFiber @ webpack-internal:///…evelopment.js:21407
recursivelyTraverseLayoutEffects @ webpack-internal:///…evelopment.js:22926
commitLayoutEffectOnFiber @ webpack-internal:///…evelopment.js:21418
recursivelyTraverseLayoutEffects @ webpack-internal:///…evelopment.js:22926
commitLayoutEffectOnFiber @ webpack-internal:///…evelopment.js:21407
recursivelyTraverseLayoutEffects @ webpack-internal:///…evelopment.js:22926
commitLayoutEffectOnFiber @ webpack-internal:///…evelopment.js:21407
recursivelyTraverseLayoutEffects @ webpack-internal:///…evelopment.js:22926
commitLayoutEffectOnFiber @ webpack-internal:///…evelopment.js:21407
recursivelyTraverseLayoutEffects @ webpack-internal:///…evelopment.js:22926
commitLayoutEffectOnFiber @ webpack-internal:///…evelopment.js:21407
recursivelyTraverseLayoutEffects @ webpack-internal:///…evelopment.js:22926
commitLayoutEffectOnFiber @ webpack-internal:///…evelopment.js:21577
recursivelyTraverseLayoutEffects @ webpack-internal:///…evelopment.js:22926
commitLayoutEffectOnFiber @ webpack-internal:///…evelopment.js:21577
recursivelyTraverseLayoutEffects @ webpack-internal:///…evelopment.js:22926
commitLayoutEffectOnFiber @ webpack-internal:///…evelopment.js:21577
recursivelyTraverseLayoutEffects @ webpack-internal:///…evelopment.js:22926
commitLayoutEffectOnFiber @ webpack-internal:///…evelopment.js:21437
commitLayoutEffects @ webpack-internal:///…evelopment.js:22912
commitRootImpl @ webpack-internal:///…evelopment.js:26226
commitRoot @ webpack-internal:///…evelopment.js:26077
commitRootWhenReady @ webpack-internal:///…evelopment.js:24749
finishConcurrentRender @ webpack-internal:///…evelopment.js:24714
performConcurrentWorkOnRoot @ webpack-internal:///…evelopment.js:24559
workLoop @ webpack-internal:///….development.js:256
flushWork @ webpack-internal:///….development.js:225
performWorkUntilDeadline @ webpack-internal:///….development.js:534
15:56:55.688  [CallModal] 🔄 Waiting for stream to become active for cmeifml0h001okung0i95m8s6
15:56:55.690  ChatSidebar: Conversations updated, count: 4
15:56:55.691  ChatSidebar: Latest conversation: cmfbwdnf60000kuzg41ovkra2 last message: cmfc8zta3000bkulfrpl6vutn
15:56:55.691  [VoiceActivity] Effect triggered: {hasStream: true, streamId: '34fa4aea-da9c-415d-afda-d1f0034b119c', audioTracks: 0, threshold: -40}
15:56:55.692  [VoiceActivity] No audio tracks in stream, cleaning up
15:56:55.692  [CallModal] Initialized active participants (excluding self): ['cmeifml0h001okung0i95m8s6']
15:56:55.693  [CallModal] Skipping connection verification - no WebRTC or participants
15:56:55.693  [VoiceActivity] Effect triggered: {hasStream: true, streamId: '34fa4aea-da9c-415d-afda-d1f0034b119c', audioTracks: 0, threshold: -40}
15:56:55.694  [VoiceActivity] No audio tracks in stream, cleaning up
15:56:55.696  User status update received: {userId: 'cmeifml0h001okung0i95m8s6', isOnline: true, lastSeen: '2025-09-10T07:56:55.680Z'}
15:56:55.698  ChatSidebar: Filtering conversations {totalConversations: 4, blockedUserIds: Array(0), blockerUserIds: Array(0), effectiveSearchQuery: '', forceRefresh: 20, …}
15:56:55.702  🏠 ChatWindow mounted/re-rendered with conversationId: null
15:56:55.703  🏠 ChatWindow mounted/re-rendered with conversationId: null
15:56:55.704  [CallModal] Rendered - voice call opened
15:56:55.704  [CallModal] Rendered - voice call opened
15:56:55.705  [VoiceParticipant] Tester voice activity debug: {participantId: 'cmeifml0h001okung0i95m8s6', hasOriginalStream: true, hasLatestStream: true, streamActive: false, audioTracksCount: 0, …}
15:56:55.708  [CallModal] 🔊 Setting up audio element for participant cmeifml0h001okung0i95m8s6
15:56:55.709  [CallModal] Stream details: {id: '34fa4aea-da9c-415d-afda-d1f0034b119c', active: false, audioTracks: Array(0)}
15:56:55.710  [CallModal] Previous audio element for cmeifml0h001okung0i95m8s6: false
15:56:55.712  [CallModal] Cleared previous srcObject for cmeifml0h001okung0i95m8s6
15:56:55.713  [CallModal] 🔄 Stream not ready, waiting...
15:56:55.714  [CallModal] ❌ Initial audio play failed for cmeifml0h001okung0i95m8s6: 
attemptPlay @ webpack-internal:///…/CallModal.tsx:3124
ref @ webpack-internal:///…/CallModal.tsx:3158
commitAttachRef @ webpack-internal:///…evelopment.js:21677
safelyAttachRef @ webpack-internal:///…evelopment.js:20803
commitLayoutEffectOnFiber @ webpack-internal:///…evelopment.js:21498
recursivelyTraverseLayoutEffects @ webpack-internal:///…evelopment.js:22926
commitLayoutEffectOnFiber @ webpack-internal:///…evelopment.js:21577
recursivelyTraverseLayoutEffects @ webpack-internal:///…evelopment.js:22926
commitLayoutEffectOnFiber @ webpack-internal:///…evelopment.js:21488
recursivelyTraverseLayoutEffects @ webpack-internal:///…evelopment.js:22926
commitLayoutEffectOnFiber @ webpack-internal:///…evelopment.js:21488
recursivelyTraverseLayoutEffects @ webpack-internal:///…evelopment.js:22926
commitLayoutEffectOnFiber @ webpack-internal:///…evelopment.js:21488
recursivelyTraverseLayoutEffects @ webpack-internal:///…evelopment.js:22926
commitLayoutEffectOnFiber @ webpack-internal:///…evelopment.js:21488
recursivelyTraverseLayoutEffects @ webpack-internal:///…evelopment.js:22926
commitLayoutEffectOnFiber @ webpack-internal:///…evelopment.js:21407
recursivelyTraverseLayoutEffects @ webpack-internal:///…evelopment.js:22926
commitLayoutEffectOnFiber @ webpack-internal:///…evelopment.js:21407
recursivelyTraverseLayoutEffects @ webpack-internal:///…evelopment.js:22926
commitLayoutEffectOnFiber @ webpack-internal:///…evelopment.js:21577
recursivelyTraverseLayoutEffects @ webpack-internal:///…evelopment.js:22926
commitLayoutEffectOnFiber @ webpack-internal:///…evelopment.js:21407
recursivelyTraverseLayoutEffects @ webpack-internal:///…evelopment.js:22926
commitLayoutEffectOnFiber @ webpack-internal:///…evelopment.js:21577
recursivelyTraverseLayoutEffects @ webpack-internal:///…evelopment.js:22926
commitLayoutEffectOnFiber @ webpack-internal:///…evelopment.js:21407
recursivelyTraverseLayoutEffects @ webpack-internal:///…evelopment.js:22926
commitLayoutEffectOnFiber @ webpack-internal:///…evelopment.js:21577
recursivelyTraverseLayoutEffects @ webpack-internal:///…evelopment.js:22926
commitLayoutEffectOnFiber @ webpack-internal:///…evelopment.js:21407
recursivelyTraverseLayoutEffects @ webpack-internal:///…evelopment.js:22926
commitLayoutEffectOnFiber @ webpack-internal:///…evelopment.js:21577
recursivelyTraverseLayoutEffects @ webpack-internal:///…evelopment.js:22926
commitLayoutEffectOnFiber @ webpack-internal:///…evelopment.js:21407
recursivelyTraverseLayoutEffects @ webpack-internal:///…evelopment.js:22926
commitLayoutEffectOnFiber @ webpack-internal:///…evelopment.js:21407
recursivelyTraverseLayoutEffects @ webpack-internal:///…evelopment.js:22926
commitLayoutEffectOnFiber @ webpack-internal:///…evelopment.js:21488
recursivelyTraverseLayoutEffects @ webpack-internal:///…evelopment.js:22926
commitLayoutEffectOnFiber @ webpack-internal:///…evelopment.js:21488
recursivelyTraverseLayoutEffects @ webpack-internal:///…evelopment.js:22926
commitLayoutEffectOnFiber @ webpack-internal:///…evelopment.js:21577
recursivelyTraverseLayoutEffects @ webpack-internal:///…evelopment.js:22926
commitLayoutEffectOnFiber @ webpack-internal:///…evelopment.js:21577
recursivelyTraverseLayoutEffects @ webpack-internal:///…evelopment.js:22926
commitLayoutEffectOnFiber @ webpack-internal:///…evelopment.js:21418
recursivelyTraverseLayoutEffects @ webpack-internal:///…evelopment.js:22926
commitLayoutEffectOnFiber @ webpack-internal:///…evelopment.js:21407
recursivelyTraverseLayoutEffects @ webpack-internal:///…evelopment.js:22926
commitLayoutEffectOnFiber @ webpack-internal:///…evelopment.js:21577
recursivelyTraverseLayoutEffects @ webpack-internal:///…evelopment.js:22926
commitLayoutEffectOnFiber @ webpack-internal:///…evelopment.js:21418
recursivelyTraverseLayoutEffects @ webpack-internal:///…evelopment.js:22926
commitLayoutEffectOnFiber @ webpack-internal:///…evelopment.js:21407
recursivelyTraverseLayoutEffects @ webpack-internal:///…evelopment.js:22926
commitLayoutEffectOnFiber @ webpack-internal:///…evelopment.js:21407
recursivelyTraverseLayoutEffects @ webpack-internal:///…evelopment.js:22926
commitLayoutEffectOnFiber @ webpack-internal:///…evelopment.js:21418
recursivelyTraverseLayoutEffects @ webpack-internal:///…evelopment.js:22926
commitLayoutEffectOnFiber @ webpack-internal:///…evelopment.js:21407
recursivelyTraverseLayoutEffects @ webpack-internal:///…evelopment.js:22926
commitLayoutEffectOnFiber @ webpack-internal:///…evelopment.js:21577
recursivelyTraverseLayoutEffects @ webpack-internal:///…evelopment.js:22926
commitLayoutEffectOnFiber @ webpack-internal:///…evelopment.js:21577
recursivelyTraverseLayoutEffects @ webpack-internal:///…evelopment.js:22926
commitLayoutEffectOnFiber @ webpack-internal:///…evelopment.js:21577
recursivelyTraverseLayoutEffects @ webpack-internal:///…evelopment.js:22926
commitLayoutEffectOnFiber @ webpack-internal:///…evelopment.js:21577
recursivelyTraverseLayoutEffects @ webpack-internal:///…evelopment.js:22926
commitLayoutEffectOnFiber @ webpack-internal:///…evelopment.js:21577
recursivelyTraverseLayoutEffects @ webpack-internal:///…evelopment.js:22926
commitLayoutEffectOnFiber @ webpack-internal:///…evelopment.js:21577
recursivelyTraverseLayoutEffects @ webpack-internal:///…evelopment.js:22926
commitLayoutEffectOnFiber @ webpack-internal:///…evelopment.js:21407
recursivelyTraverseLayoutEffects @ webpack-internal:///…evelopment.js:22926
commitLayoutEffectOnFiber @ webpack-internal:///…evelopment.js:21418
recursivelyTraverseLayoutEffects @ webpack-internal:///…evelopment.js:22926
commitLayoutEffectOnFiber @ webpack-internal:///…evelopment.js:21407
recursivelyTraverseLayoutEffects @ webpack-internal:///…evelopment.js:22926
commitLayoutEffectOnFiber @ webpack-internal:///…evelopment.js:21407
recursivelyTraverseLayoutEffects @ webpack-internal:///…evelopment.js:22926
commitLayoutEffectOnFiber @ webpack-internal:///…evelopment.js:21407
recursivelyTraverseLayoutEffects @ webpack-internal:///…evelopment.js:22926
commitLayoutEffectOnFiber @ webpack-internal:///…evelopment.js:21407
recursivelyTraverseLayoutEffects @ webpack-internal:///…evelopment.js:22926
commitLayoutEffectOnFiber @ webpack-internal:///…evelopment.js:21577
recursivelyTraverseLayoutEffects @ webpack-internal:///…evelopment.js:22926
commitLayoutEffectOnFiber @ webpack-internal:///…evelopment.js:21577
recursivelyTraverseLayoutEffects @ webpack-internal:///…evelopment.js:22926
commitLayoutEffectOnFiber @ webpack-internal:///…evelopment.js:21577
recursivelyTraverseLayoutEffects @ webpack-internal:///…evelopment.js:22926
commitLayoutEffectOnFiber @ webpack-internal:///…evelopment.js:21437
commitLayoutEffects @ webpack-internal:///…evelopment.js:22912
commitRootImpl @ webpack-internal:///…evelopment.js:26226
commitRoot @ webpack-internal:///…evelopment.js:26077
commitRootWhenReady @ webpack-internal:///…evelopment.js:24749
finishConcurrentRender @ webpack-internal:///…evelopment.js:24714
performConcurrentWorkOnRoot @ webpack-internal:///…evelopment.js:24559
workLoop @ webpack-internal:///….development.js:256
flushWork @ webpack-internal:///….development.js:225
performWorkUntilDeadline @ webpack-internal:///….development.js:534
15:56:55.715  [CallModal] 🔄 Waiting for stream to become active for cmeifml0h001okung0i95m8s6
15:56:55.717  ChatSidebar: Conversations updated, count: 4
15:56:55.718  ChatSidebar: Latest conversation: cmfbwdnf60000kuzg41ovkra2 last message: cmfc8zta3000bkulfrpl6vutn
15:56:55.719  [VoiceActivity] Effect triggered: {hasStream: true, streamId: '34fa4aea-da9c-415d-afda-d1f0034b119c', audioTracks: 0, threshold: -40}
15:56:55.720  [VoiceActivity] No audio tracks in stream, cleaning up
15:56:55.720  [CallModal] Initialized active participants (excluding self): ['cmeifml0h001okung0i95m8s6']
15:56:55.725  [CallModal] Skipping connection verification - no WebRTC or participants
15:56:55.725  [VoiceActivity] Effect triggered: {hasStream: true, streamId: '34fa4aea-da9c-415d-afda-d1f0034b119c', audioTracks: 0, threshold: -40}
15:56:55.726  [VoiceActivity] No audio tracks in stream, cleaning up
15:56:55.726  [CallModal] Rendered - voice call opened
15:56:55.726  [CallModal] Rendered - voice call opened
15:56:55.727  [VoiceParticipant] Tester voice activity debug: {participantId: 'cmeifml0h001okung0i95m8s6', hasOriginalStream: true, hasLatestStream: true, streamActive: false, audioTracksCount: 0, …}
15:56:55.729  [CallModal] 🔊 Setting up audio element for participant cmeifml0h001okung0i95m8s6
15:56:55.730  [CallModal] Stream details: {id: '34fa4aea-da9c-415d-afda-d1f0034b119c', active: false, audioTracks: Array(0)}
15:56:55.730  [CallModal] Previous audio element for cmeifml0h001okung0i95m8s6: false
15:56:55.732  [CallModal] Cleared previous srcObject for cmeifml0h001okung0i95m8s6
15:56:55.733  [CallModal] 🔄 Stream not ready, waiting...
15:56:55.733  [CallModal] ❌ Initial audio play failed for cmeifml0h001okung0i95m8s6: 
attemptPlay @ webpack-internal:///…/CallModal.tsx:3124
ref @ webpack-internal:///…/CallModal.tsx:3158
commitAttachRef @ webpack-internal:///…evelopment.js:21677
safelyAttachRef @ webpack-internal:///…evelopment.js:20803
commitLayoutEffectOnFiber @ webpack-internal:///…evelopment.js:21498
recursivelyTraverseLayoutEffects @ webpack-internal:///…evelopment.js:22926
commitLayoutEffectOnFiber @ webpack-internal:///…evelopment.js:21577
recursivelyTraverseLayoutEffects @ webpack-internal:///…evelopment.js:22926
commitLayoutEffectOnFiber @ webpack-internal:///…evelopment.js:21488
recursivelyTraverseLayoutEffects @ webpack-internal:///…evelopment.js:22926
commitLayoutEffectOnFiber @ webpack-internal:///…evelopment.js:21488
recursivelyTraverseLayoutEffects @ webpack-internal:///…evelopment.js:22926
commitLayoutEffectOnFiber @ webpack-internal:///…evelopment.js:21488
recursivelyTraverseLayoutEffects @ webpack-internal:///…evelopment.js:22926
commitLayoutEffectOnFiber @ webpack-internal:///…evelopment.js:21488
recursivelyTraverseLayoutEffects @ webpack-internal:///…evelopment.js:22926
commitLayoutEffectOnFiber @ webpack-internal:///…evelopment.js:21407
recursivelyTraverseLayoutEffects @ webpack-internal:///…evelopment.js:22926
commitLayoutEffectOnFiber @ webpack-internal:///…evelopment.js:21407
recursivelyTraverseLayoutEffects @ webpack-internal:///…evelopment.js:22926
commitLayoutEffectOnFiber @ webpack-internal:///…evelopment.js:21577
recursivelyTraverseLayoutEffects @ webpack-internal:///…evelopment.js:22926
commitLayoutEffectOnFiber @ webpack-internal:///…evelopment.js:21407
recursivelyTraverseLayoutEffects @ webpack-internal:///…evelopment.js:22926
commitLayoutEffectOnFiber @ webpack-internal:///…evelopment.js:21577
recursivelyTraverseLayoutEffects @ webpack-internal:///…evelopment.js:22926
commitLayoutEffectOnFiber @ webpack-internal:///…evelopment.js:21407
recursivelyTraverseLayoutEffects @ webpack-internal:///…evelopment.js:22926
commitLayoutEffectOnFiber @ webpack-internal:///…evelopment.js:21577
recursivelyTraverseLayoutEffects @ webpack-internal:///…evelopment.js:22926
commitLayoutEffectOnFiber @ webpack-internal:///…evelopment.js:21407
recursivelyTraverseLayoutEffects @ webpack-internal:///…evelopment.js:22926
commitLayoutEffectOnFiber @ webpack-internal:///…evelopment.js:21577
recursivelyTraverseLayoutEffects @ webpack-internal:///…evelopment.js:22926
commitLayoutEffectOnFiber @ webpack-internal:///…evelopment.js:21407
recursivelyTraverseLayoutEffects @ webpack-internal:///…evelopment.js:22926
commitLayoutEffectOnFiber @ webpack-internal:///…evelopment.js:21407
recursivelyTraverseLayoutEffects @ webpack-internal:///…evelopment.js:22926
commitLayoutEffectOnFiber @ webpack-internal:///…evelopment.js:21488
recursivelyTraverseLayoutEffects @ webpack-internal:///…evelopment.js:22926
commitLayoutEffectOnFiber @ webpack-internal:///…evelopment.js:21488
recursivelyTraverseLayoutEffects @ webpack-internal:///…evelopment.js:22926
commitLayoutEffectOnFiber @ webpack-internal:///…evelopment.js:21577
recursivelyTraverseLayoutEffects @ webpack-internal:///…evelopment.js:22926
commitLayoutEffectOnFiber @ webpack-internal:///…evelopment.js:21577
recursivelyTraverseLayoutEffects @ webpack-internal:///…evelopment.js:22926
commitLayoutEffectOnFiber @ webpack-internal:///…evelopment.js:21418
recursivelyTraverseLayoutEffects @ webpack-internal:///…evelopment.js:22926
commitLayoutEffectOnFiber @ webpack-internal:///…evelopment.js:21407
recursivelyTraverseLayoutEffects @ webpack-internal:///…evelopment.js:22926
commitLayoutEffectOnFiber @ webpack-internal:///…evelopment.js:21577
recursivelyTraverseLayoutEffects @ webpack-internal:///…evelopment.js:22926
commitLayoutEffectOnFiber @ webpack-internal:///…evelopment.js:21418
recursivelyTraverseLayoutEffects @ webpack-internal:///…evelopment.js:22926
commitLayoutEffectOnFiber @ webpack-internal:///…evelopment.js:21407
recursivelyTraverseLayoutEffects @ webpack-internal:///…evelopment.js:22926
commitLayoutEffectOnFiber @ webpack-internal:///…evelopment.js:21407
recursivelyTraverseLayoutEffects @ webpack-internal:///…evelopment.js:22926
commitLayoutEffectOnFiber @ webpack-internal:///…evelopment.js:21418
recursivelyTraverseLayoutEffects @ webpack-internal:///…evelopment.js:22926
commitLayoutEffectOnFiber @ webpack-internal:///…evelopment.js:21407
recursivelyTraverseLayoutEffects @ webpack-internal:///…evelopment.js:22926
commitLayoutEffectOnFiber @ webpack-internal:///…evelopment.js:21577
recursivelyTraverseLayoutEffects @ webpack-internal:///…evelopment.js:22926
commitLayoutEffectOnFiber @ webpack-internal:///…evelopment.js:21577
recursivelyTraverseLayoutEffects @ webpack-internal:///…evelopment.js:22926
commitLayoutEffectOnFiber @ webpack-internal:///…evelopment.js:21577
recursivelyTraverseLayoutEffects @ webpack-internal:///…evelopment.js:22926
commitLayoutEffectOnFiber @ webpack-internal:///…evelopment.js:21577
recursivelyTraverseLayoutEffects @ webpack-internal:///…evelopment.js:22926
commitLayoutEffectOnFiber @ webpack-internal:///…evelopment.js:21577
recursivelyTraverseLayoutEffects @ webpack-internal:///…evelopment.js:22926
commitLayoutEffectOnFiber @ webpack-internal:///…evelopment.js:21577
recursivelyTraverseLayoutEffects @ webpack-internal:///…evelopment.js:22926
commitLayoutEffectOnFiber @ webpack-internal:///…evelopment.js:21407
recursivelyTraverseLayoutEffects @ webpack-internal:///…evelopment.js:22926
commitLayoutEffectOnFiber @ webpack-internal:///…evelopment.js:21418
recursivelyTraverseLayoutEffects @ webpack-internal:///…evelopment.js:22926
commitLayoutEffectOnFiber @ webpack-internal:///…evelopment.js:21407
recursivelyTraverseLayoutEffects @ webpack-internal:///…evelopment.js:22926
commitLayoutEffectOnFiber @ webpack-internal:///…evelopment.js:21407
recursivelyTraverseLayoutEffects @ webpack-internal:///…evelopment.js:22926
commitLayoutEffectOnFiber @ webpack-internal:///…evelopment.js:21407
recursivelyTraverseLayoutEffects @ webpack-internal:///…evelopment.js:22926
commitLayoutEffectOnFiber @ webpack-internal:///…evelopment.js:21407
recursivelyTraverseLayoutEffects @ webpack-internal:///…evelopment.js:22926
commitLayoutEffectOnFiber @ webpack-internal:///…evelopment.js:21577
recursivelyTraverseLayoutEffects @ webpack-internal:///…evelopment.js:22926
commitLayoutEffectOnFiber @ webpack-internal:///…evelopment.js:21577
recursivelyTraverseLayoutEffects @ webpack-internal:///…evelopment.js:22926
commitLayoutEffectOnFiber @ webpack-internal:///…evelopment.js:21577
recursivelyTraverseLayoutEffects @ webpack-internal:///…evelopment.js:22926
commitLayoutEffectOnFiber @ webpack-internal:///…evelopment.js:21437
commitLayoutEffects @ webpack-internal:///…evelopment.js:22912
commitRootImpl @ webpack-internal:///…evelopment.js:26226
commitRoot @ webpack-internal:///…evelopment.js:26077
commitRootWhenReady @ webpack-internal:///…evelopment.js:24749
finishConcurrentRender @ webpack-internal:///…evelopment.js:24714
performConcurrentWorkOnRoot @ webpack-internal:///…evelopment.js:24559
workLoop @ webpack-internal:///….development.js:256
flushWork @ webpack-internal:///….development.js:225
performWorkUntilDeadline @ webpack-internal:///….development.js:534
15:56:55.734  [CallModal] 🔄 Waiting for stream to become active for cmeifml0h001okung0i95m8s6
15:56:55.735  [VoiceActivity] Effect triggered: {hasStream: true, streamId: '34fa4aea-da9c-415d-afda-d1f0034b119c', audioTracks: 0, threshold: -40}
15:56:55.736  [VoiceActivity] No audio tracks in stream, cleaning up
15:56:55.736  [VoiceActivity] Effect triggered: {hasStream: true, streamId: '34fa4aea-da9c-415d-afda-d1f0034b119c', audioTracks: 0, threshold: -40}
15:56:55.737  [VoiceActivity] No audio tracks in stream, cleaning up
15:56:56.704  User status update received: {userId: 'cmeifn5qp002dkunge64m0xss', isOnline: true, lastSeen: '2025-09-10T07:56:56.690Z'}
15:56:56.706  Updated online status for user cmeifn5qp002dkunge64m0xss in conversation cmfbwdnf60000kuzg41ovkra2
15:56:56.707  🏠 ChatWindow mounted/re-rendered with conversationId: null
15:56:56.707  🏠 ChatWindow mounted/re-rendered with conversationId: null
15:56:56.707  [CallModal] Rendered - voice call opened
15:56:56.708  [CallModal] Rendered - voice call opened
15:56:56.708  [VoiceParticipant] Tester voice activity debug: {participantId: 'cmeifml0h001okung0i95m8s6', hasOriginalStream: true, hasLatestStream: true, streamActive: false, audioTracksCount: 0, …}
15:56:56.709  [CallModal] 🔊 Setting up audio element for participant cmeifml0h001okung0i95m8s6
15:56:56.709  [CallModal] Stream details: {id: '34fa4aea-da9c-415d-afda-d1f0034b119c', active: false, audioTracks: Array(0)}
15:56:56.709  [CallModal] Previous audio element for cmeifml0h001okung0i95m8s6: false
15:56:56.710  [CallModal] Cleared previous srcObject for cmeifml0h001okung0i95m8s6
15:56:56.711  [CallModal] 🔄 Stream not ready, waiting...
15:56:56.711  [CallModal] ❌ Initial audio play failed for cmeifml0h001okung0i95m8s6: 
attemptPlay @ webpack-internal:///…/CallModal.tsx:3124
ref @ webpack-internal:///…/CallModal.tsx:3158
commitAttachRef @ webpack-internal:///…evelopment.js:21677
safelyAttachRef @ webpack-internal:///…evelopment.js:20803
commitLayoutEffectOnFiber @ webpack-internal:///…evelopment.js:21498
recursivelyTraverseLayoutEffects @ webpack-internal:///…evelopment.js:22926
commitLayoutEffectOnFiber @ webpack-internal:///…evelopment.js:21577
recursivelyTraverseLayoutEffects @ webpack-internal:///…evelopment.js:22926
commitLayoutEffectOnFiber @ webpack-internal:///…evelopment.js:21488
recursivelyTraverseLayoutEffects @ webpack-internal:///…evelopment.js:22926
commitLayoutEffectOnFiber @ webpack-internal:///…evelopment.js:21488
recursivelyTraverseLayoutEffects @ webpack-internal:///…evelopment.js:22926
commitLayoutEffectOnFiber @ webpack-internal:///…evelopment.js:21488
recursivelyTraverseLayoutEffects @ webpack-internal:///…evelopment.js:22926
commitLayoutEffectOnFiber @ webpack-internal:///…evelopment.js:21488
recursivelyTraverseLayoutEffects @ webpack-internal:///…evelopment.js:22926
commitLayoutEffectOnFiber @ webpack-internal:///…evelopment.js:21407
recursivelyTraverseLayoutEffects @ webpack-internal:///…evelopment.js:22926
commitLayoutEffectOnFiber @ webpack-internal:///…evelopment.js:21407
recursivelyTraverseLayoutEffects @ webpack-internal:///…evelopment.js:22926
commitLayoutEffectOnFiber @ webpack-internal:///…evelopment.js:21577
recursivelyTraverseLayoutEffects @ webpack-internal:///…evelopment.js:22926
commitLayoutEffectOnFiber @ webpack-internal:///…evelopment.js:21407
recursivelyTraverseLayoutEffects @ webpack-internal:///…evelopment.js:22926
commitLayoutEffectOnFiber @ webpack-internal:///…evelopment.js:21577
recursivelyTraverseLayoutEffects @ webpack-internal:///…evelopment.js:22926
commitLayoutEffectOnFiber @ webpack-internal:///…evelopment.js:21407
recursivelyTraverseLayoutEffects @ webpack-internal:///…evelopment.js:22926
commitLayoutEffectOnFiber @ webpack-internal:///…evelopment.js:21577
recursivelyTraverseLayoutEffects @ webpack-internal:///…evelopment.js:22926
commitLayoutEffectOnFiber @ webpack-internal:///…evelopment.js:21407
recursivelyTraverseLayoutEffects @ webpack-internal:///…evelopment.js:22926
commitLayoutEffectOnFiber @ webpack-internal:///…evelopment.js:21577
recursivelyTraverseLayoutEffects @ webpack-internal:///…evelopment.js:22926
commitLayoutEffectOnFiber @ webpack-internal:///…evelopment.js:21407
recursivelyTraverseLayoutEffects @ webpack-internal:///…evelopment.js:22926
commitLayoutEffectOnFiber @ webpack-internal:///…evelopment.js:21407
recursivelyTraverseLayoutEffects @ webpack-internal:///…evelopment.js:22926
commitLayoutEffectOnFiber @ webpack-internal:///…evelopment.js:21488
recursivelyTraverseLayoutEffects @ webpack-internal:///…evelopment.js:22926
commitLayoutEffectOnFiber @ webpack-internal:///…evelopment.js:21488
recursivelyTraverseLayoutEffects @ webpack-internal:///…evelopment.js:22926
commitLayoutEffectOnFiber @ webpack-internal:///…evelopment.js:21577
recursivelyTraverseLayoutEffects @ webpack-internal:///…evelopment.js:22926
commitLayoutEffectOnFiber @ webpack-internal:///…evelopment.js:21577
recursivelyTraverseLayoutEffects @ webpack-internal:///…evelopment.js:22926
commitLayoutEffectOnFiber @ webpack-internal:///…evelopment.js:21418
recursivelyTraverseLayoutEffects @ webpack-internal:///…evelopment.js:22926
commitLayoutEffectOnFiber @ webpack-internal:///…evelopment.js:21407
recursivelyTraverseLayoutEffects @ webpack-internal:///…evelopment.js:22926
commitLayoutEffectOnFiber @ webpack-internal:///…evelopment.js:21577
recursivelyTraverseLayoutEffects @ webpack-internal:///…evelopment.js:22926
commitLayoutEffectOnFiber @ webpack-internal:///…evelopment.js:21418
recursivelyTraverseLayoutEffects @ webpack-internal:///…evelopment.js:22926
commitLayoutEffectOnFiber @ webpack-internal:///…evelopment.js:21407
recursivelyTraverseLayoutEffects @ webpack-internal:///…evelopment.js:22926
commitLayoutEffectOnFiber @ webpack-internal:///…evelopment.js:21407
recursivelyTraverseLayoutEffects @ webpack-internal:///…evelopment.js:22926
commitLayoutEffectOnFiber @ webpack-internal:///…evelopment.js:21418
recursivelyTraverseLayoutEffects @ webpack-internal:///…evelopment.js:22926
commitLayoutEffectOnFiber @ webpack-internal:///…evelopment.js:21407
recursivelyTraverseLayoutEffects @ webpack-internal:///…evelopment.js:22926
commitLayoutEffectOnFiber @ webpack-internal:///…evelopment.js:21577
recursivelyTraverseLayoutEffects @ webpack-internal:///…evelopment.js:22926
commitLayoutEffectOnFiber @ webpack-internal:///…evelopment.js:21577
recursivelyTraverseLayoutEffects @ webpack-internal:///…evelopment.js:22926
commitLayoutEffectOnFiber @ webpack-internal:///…evelopment.js:21577
recursivelyTraverseLayoutEffects @ webpack-internal:///…evelopment.js:22926
commitLayoutEffectOnFiber @ webpack-internal:///…evelopment.js:21577
recursivelyTraverseLayoutEffects @ webpack-internal:///…evelopment.js:22926
commitLayoutEffectOnFiber @ webpack-internal:///…evelopment.js:21577
recursivelyTraverseLayoutEffects @ webpack-internal:///…evelopment.js:22926
commitLayoutEffectOnFiber @ webpack-internal:///…evelopment.js:21577
recursivelyTraverseLayoutEffects @ webpack-internal:///…evelopment.js:22926
commitLayoutEffectOnFiber @ webpack-internal:///…evelopment.js:21407
recursivelyTraverseLayoutEffects @ webpack-internal:///…evelopment.js:22926
commitLayoutEffectOnFiber @ webpack-internal:///…evelopment.js:21418
recursivelyTraverseLayoutEffects @ webpack-internal:///…evelopment.js:22926
commitLayoutEffectOnFiber @ webpack-internal:///…evelopment.js:21407
recursivelyTraverseLayoutEffects @ webpack-internal:///…evelopment.js:22926
commitLayoutEffectOnFiber @ webpack-internal:///…evelopment.js:21407
recursivelyTraverseLayoutEffects @ webpack-internal:///…evelopment.js:22926
commitLayoutEffectOnFiber @ webpack-internal:///…evelopment.js:21407
recursivelyTraverseLayoutEffects @ webpack-internal:///…evelopment.js:22926
commitLayoutEffectOnFiber @ webpack-internal:///…evelopment.js:21407
recursivelyTraverseLayoutEffects @ webpack-internal:///…evelopment.js:22926
commitLayoutEffectOnFiber @ webpack-internal:///…evelopment.js:21577
recursivelyTraverseLayoutEffects @ webpack-internal:///…evelopment.js:22926
commitLayoutEffectOnFiber @ webpack-internal:///…evelopment.js:21577
recursivelyTraverseLayoutEffects @ webpack-internal:///…evelopment.js:22926
commitLayoutEffectOnFiber @ webpack-internal:///…evelopment.js:21577
recursivelyTraverseLayoutEffects @ webpack-internal:///…evelopment.js:22926
commitLayoutEffectOnFiber @ webpack-internal:///…evelopment.js:21437
commitLayoutEffects @ webpack-internal:///…evelopment.js:22912
commitRootImpl @ webpack-internal:///…evelopment.js:26226
commitRoot @ webpack-internal:///…evelopment.js:26077
commitRootWhenReady @ webpack-internal:///…evelopment.js:24749
finishConcurrentRender @ webpack-internal:///…evelopment.js:24714
performConcurrentWorkOnRoot @ webpack-internal:///…evelopment.js:24559
workLoop @ webpack-internal:///….development.js:256
flushWork @ webpack-internal:///….development.js:225
performWorkUntilDeadline @ webpack-internal:///….development.js:534
15:56:56.711  [CallModal] 🔄 Waiting for stream to become active for cmeifml0h001okung0i95m8s6
15:56:56.712  ChatSidebar: Conversations updated, count: 4
15:56:56.712  ChatSidebar: Latest conversation: cmfbwdnf60000kuzg41ovkra2 last message: cmfc8zta3000bkulfrpl6vutn
15:56:56.712  [VoiceActivity] Effect triggered: {hasStream: true, streamId: '34fa4aea-da9c-415d-afda-d1f0034b119c', audioTracks: 0, threshold: -40}
15:56:56.713  [VoiceActivity] No audio tracks in stream, cleaning up
15:56:56.713  [CallModal] Initialized active participants (excluding self): ['cmeifml0h001okung0i95m8s6']
15:56:56.713  [CallModal] Skipping connection verification - no WebRTC or participants
15:56:56.713  [VoiceActivity] Effect triggered: {hasStream: true, streamId: '34fa4aea-da9c-415d-afda-d1f0034b119c', audioTracks: 0, threshold: -40}
15:56:56.713  [VoiceActivity] No audio tracks in stream, cleaning up
15:56:56.714  [CallModal] Rendered - voice call opened
15:56:56.714  [CallModal] Rendered - voice call opened
15:56:56.715  [VoiceParticipant] Tester voice activity debug: {participantId: 'cmeifml0h001okung0i95m8s6', hasOriginalStream: true, hasLatestStream: true, streamActive: false, audioTracksCount: 0, …}
15:56:56.717  [CallModal] 🔊 Setting up audio element for participant cmeifml0h001okung0i95m8s6
15:56:56.718  [CallModal] Stream details: {id: '34fa4aea-da9c-415d-afda-d1f0034b119c', active: false, audioTracks: Array(0)}
15:56:56.718  [CallModal] Previous audio element for cmeifml0h001okung0i95m8s6: false
15:56:56.719  [CallModal] Cleared previous srcObject for cmeifml0h001okung0i95m8s6
15:56:56.719  [CallModal] 🔄 Stream not ready, waiting...
15:56:56.719  [CallModal] ❌ Initial audio play failed for cmeifml0h001okung0i95m8s6: 
attemptPlay @ webpack-internal:///…/CallModal.tsx:3124
ref @ webpack-internal:///…/CallModal.tsx:3158
commitAttachRef @ webpack-internal:///…evelopment.js:21677
safelyAttachRef @ webpack-internal:///…evelopment.js:20803
commitLayoutEffectOnFiber @ webpack-internal:///…evelopment.js:21498
recursivelyTraverseLayoutEffects @ webpack-internal:///…evelopment.js:22926
commitLayoutEffectOnFiber @ webpack-internal:///…evelopment.js:21577
recursivelyTraverseLayoutEffects @ webpack-internal:///…evelopment.js:22926
commitLayoutEffectOnFiber @ webpack-internal:///…evelopment.js:21488
recursivelyTraverseLayoutEffects @ webpack-internal:///…evelopment.js:22926
commitLayoutEffectOnFiber @ webpack-internal:///…evelopment.js:21488
recursivelyTraverseLayoutEffects @ webpack-internal:///…evelopment.js:22926
commitLayoutEffectOnFiber @ webpack-internal:///…evelopment.js:21488
recursivelyTraverseLayoutEffects @ webpack-internal:///…evelopment.js:22926
commitLayoutEffectOnFiber @ webpack-internal:///…evelopment.js:21488
recursivelyTraverseLayoutEffects @ webpack-internal:///…evelopment.js:22926
commitLayoutEffectOnFiber @ webpack-internal:///…evelopment.js:21407
recursivelyTraverseLayoutEffects @ webpack-internal:///…evelopment.js:22926
commitLayoutEffectOnFiber @ webpack-internal:///…evelopment.js:21407
recursivelyTraverseLayoutEffects @ webpack-internal:///…evelopment.js:22926
commitLayoutEffectOnFiber @ webpack-internal:///…evelopment.js:21577
recursivelyTraverseLayoutEffects @ webpack-internal:///…evelopment.js:22926
commitLayoutEffectOnFiber @ webpack-internal:///…evelopment.js:21407
recursivelyTraverseLayoutEffects @ webpack-internal:///…evelopment.js:22926
commitLayoutEffectOnFiber @ webpack-internal:///…evelopment.js:21577
recursivelyTraverseLayoutEffects @ webpack-internal:///…evelopment.js:22926
commitLayoutEffectOnFiber @ webpack-internal:///…evelopment.js:21407
recursivelyTraverseLayoutEffects @ webpack-internal:///…evelopment.js:22926
commitLayoutEffectOnFiber @ webpack-internal:///…evelopment.js:21577
recursivelyTraverseLayoutEffects @ webpack-internal:///…evelopment.js:22926
commitLayoutEffectOnFiber @ webpack-internal:///…evelopment.js:21407
recursivelyTraverseLayoutEffects @ webpack-internal:///…evelopment.js:22926
commitLayoutEffectOnFiber @ webpack-internal:///…evelopment.js:21577
recursivelyTraverseLayoutEffects @ webpack-internal:///…evelopment.js:22926
commitLayoutEffectOnFiber @ webpack-internal:///…evelopment.js:21407
recursivelyTraverseLayoutEffects @ webpack-internal:///…evelopment.js:22926
commitLayoutEffectOnFiber @ webpack-internal:///…evelopment.js:21407
recursivelyTraverseLayoutEffects @ webpack-internal:///…evelopment.js:22926
commitLayoutEffectOnFiber @ webpack-internal:///…evelopment.js:21488
recursivelyTraverseLayoutEffects @ webpack-internal:///…evelopment.js:22926
commitLayoutEffectOnFiber @ webpack-internal:///…evelopment.js:21488
recursivelyTraverseLayoutEffects @ webpack-internal:///…evelopment.js:22926
commitLayoutEffectOnFiber @ webpack-internal:///…evelopment.js:21577
recursivelyTraverseLayoutEffects @ webpack-internal:///…evelopment.js:22926
commitLayoutEffectOnFiber @ webpack-internal:///…evelopment.js:21577
recursivelyTraverseLayoutEffects @ webpack-internal:///…evelopment.js:22926
commitLayoutEffectOnFiber @ webpack-internal:///…evelopment.js:21418
recursivelyTraverseLayoutEffects @ webpack-internal:///…evelopment.js:22926
commitLayoutEffectOnFiber @ webpack-internal:///…evelopment.js:21407
recursivelyTraverseLayoutEffects @ webpack-internal:///…evelopment.js:22926
commitLayoutEffectOnFiber @ webpack-internal:///…evelopment.js:21577
recursivelyTraverseLayoutEffects @ webpack-internal:///…evelopment.js:22926
commitLayoutEffectOnFiber @ webpack-internal:///…evelopment.js:21418
recursivelyTraverseLayoutEffects @ webpack-internal:///…evelopment.js:22926
commitLayoutEffectOnFiber @ webpack-internal:///…evelopment.js:21407
recursivelyTraverseLayoutEffects @ webpack-internal:///…evelopment.js:22926
commitLayoutEffectOnFiber @ webpack-internal:///…evelopment.js:21407
recursivelyTraverseLayoutEffects @ webpack-internal:///…evelopment.js:22926
commitLayoutEffectOnFiber @ webpack-internal:///…evelopment.js:21418
recursivelyTraverseLayoutEffects @ webpack-internal:///…evelopment.js:22926
commitLayoutEffectOnFiber @ webpack-internal:///…evelopment.js:21407
recursivelyTraverseLayoutEffects @ webpack-internal:///…evelopment.js:22926
commitLayoutEffectOnFiber @ webpack-internal:///…evelopment.js:21577
recursivelyTraverseLayoutEffects @ webpack-internal:///…evelopment.js:22926
commitLayoutEffectOnFiber @ webpack-internal:///…evelopment.js:21577
recursivelyTraverseLayoutEffects @ webpack-internal:///…evelopment.js:22926
commitLayoutEffectOnFiber @ webpack-internal:///…evelopment.js:21577
recursivelyTraverseLayoutEffects @ webpack-internal:///…evelopment.js:22926
commitLayoutEffectOnFiber @ webpack-internal:///…evelopment.js:21577
recursivelyTraverseLayoutEffects @ webpack-internal:///…evelopment.js:22926
commitLayoutEffectOnFiber @ webpack-internal:///…evelopment.js:21577
recursivelyTraverseLayoutEffects @ webpack-internal:///…evelopment.js:22926
commitLayoutEffectOnFiber @ webpack-internal:///…evelopment.js:21577
recursivelyTraverseLayoutEffects @ webpack-internal:///…evelopment.js:22926
commitLayoutEffectOnFiber @ webpack-internal:///…evelopment.js:21407
recursivelyTraverseLayoutEffects @ webpack-internal:///…evelopment.js:22926
commitLayoutEffectOnFiber @ webpack-internal:///…evelopment.js:21418
recursivelyTraverseLayoutEffects @ webpack-internal:///…evelopment.js:22926
commitLayoutEffectOnFiber @ webpack-internal:///…evelopment.js:21407
recursivelyTraverseLayoutEffects @ webpack-internal:///…evelopment.js:22926
commitLayoutEffectOnFiber @ webpack-internal:///…evelopment.js:21407
recursivelyTraverseLayoutEffects @ webpack-internal:///…evelopment.js:22926
commitLayoutEffectOnFiber @ webpack-internal:///…evelopment.js:21407
recursivelyTraverseLayoutEffects @ webpack-internal:///…evelopment.js:22926
commitLayoutEffectOnFiber @ webpack-internal:///…evelopment.js:21407
recursivelyTraverseLayoutEffects @ webpack-internal:///…evelopment.js:22926
commitLayoutEffectOnFiber @ webpack-internal:///…evelopment.js:21577
recursivelyTraverseLayoutEffects @ webpack-internal:///…evelopment.js:22926
commitLayoutEffectOnFiber @ webpack-internal:///…evelopment.js:21577
recursivelyTraverseLayoutEffects @ webpack-internal:///…evelopment.js:22926
commitLayoutEffectOnFiber @ webpack-internal:///…evelopment.js:21577
recursivelyTraverseLayoutEffects @ webpack-internal:///…evelopment.js:22926
commitLayoutEffectOnFiber @ webpack-internal:///…evelopment.js:21437
commitLayoutEffects @ webpack-internal:///…evelopment.js:22912
commitRootImpl @ webpack-internal:///…evelopment.js:26226
commitRoot @ webpack-internal:///…evelopment.js:26077
commitRootWhenReady @ webpack-internal:///…evelopment.js:24749
finishConcurrentRender @ webpack-internal:///…evelopment.js:24714
performConcurrentWorkOnRoot @ webpack-internal:///…evelopment.js:24559
workLoop @ webpack-internal:///….development.js:256
flushWork @ webpack-internal:///….development.js:225
performWorkUntilDeadline @ webpack-internal:///….development.js:534
15:56:56.719  [CallModal] 🔄 Waiting for stream to become active for cmeifml0h001okung0i95m8s6
15:56:56.720  [VoiceActivity] Effect triggered: {hasStream: true, streamId: '34fa4aea-da9c-415d-afda-d1f0034b119c', audioTracks: 0, threshold: -40}
15:56:56.720  [VoiceActivity] No audio tracks in stream, cleaning up
15:56:56.720  [VoiceActivity] Effect triggered: {hasStream: true, streamId: '34fa4aea-da9c-415d-afda-d1f0034b119c', audioTracks: 0, threshold: -40}
15:56:56.720  [VoiceActivity] No audio tracks in stream, cleaning up
15:56:57.118  [CallModal] Updated peer connections for performance monitoring: 2
15:56:57.119  [CallModal] Peer connection participants: (2) ['cmeifml0h001okung0i95m8s6', 'cmeifn5qp002dkunge64m0xss']
15:56:57.119  SocketContext: Heartbeat sent successfully
15:56:57.119  SocketContext: Background heartbeat sent for hidden tab
15:56:57.120  [CallModal] Rendered - voice call opened
15:56:57.120  [CallModal] Rendered - voice call opened
15:56:57.120  [VoiceParticipant] Tester voice activity debug: {participantId: 'cmeifml0h001okung0i95m8s6', hasOriginalStream: true, hasLatestStream: true, streamActive: false, audioTracksCount: 0, …}
15:56:57.121  [CallModal] 🔊 Setting up audio element for participant cmeifml0h001okung0i95m8s6
15:56:57.121  [CallModal] Stream details: {id: '34fa4aea-da9c-415d-afda-d1f0034b119c', active: false, audioTracks: Array(0)}
15:56:57.122  [CallModal] Previous audio element for cmeifml0h001okung0i95m8s6: false
15:56:57.122  [CallModal] Cleared previous srcObject for cmeifml0h001okung0i95m8s6
15:56:57.123  [CallModal] 🔄 Stream not ready, waiting...
15:56:57.123  [CallModal] ❌ Initial audio play failed for cmeifml0h001okung0i95m8s6: 
attemptPlay @ webpack-internal:///…/CallModal.tsx:3124
ref @ webpack-internal:///…/CallModal.tsx:3158
commitAttachRef @ webpack-internal:///…evelopment.js:21677
safelyAttachRef @ webpack-internal:///…evelopment.js:20803
commitLayoutEffectOnFiber @ webpack-internal:///…evelopment.js:21498
recursivelyTraverseLayoutEffects @ webpack-internal:///…evelopment.js:22926
commitLayoutEffectOnFiber @ webpack-internal:///…evelopment.js:21577
recursivelyTraverseLayoutEffects @ webpack-internal:///…evelopment.js:22926
commitLayoutEffectOnFiber @ webpack-internal:///…evelopment.js:21488
recursivelyTraverseLayoutEffects @ webpack-internal:///…evelopment.js:22926
commitLayoutEffectOnFiber @ webpack-internal:///…evelopment.js:21488
recursivelyTraverseLayoutEffects @ webpack-internal:///…evelopment.js:22926
commitLayoutEffectOnFiber @ webpack-internal:///…evelopment.js:21488
recursivelyTraverseLayoutEffects @ webpack-internal:///…evelopment.js:22926
commitLayoutEffectOnFiber @ webpack-internal:///…evelopment.js:21488
recursivelyTraverseLayoutEffects @ webpack-internal:///…evelopment.js:22926
commitLayoutEffectOnFiber @ webpack-internal:///…evelopment.js:21407
recursivelyTraverseLayoutEffects @ webpack-internal:///…evelopment.js:22926
commitLayoutEffectOnFiber @ webpack-internal:///…evelopment.js:21407
recursivelyTraverseLayoutEffects @ webpack-internal:///…evelopment.js:22926
commitLayoutEffectOnFiber @ webpack-internal:///…evelopment.js:21577
recursivelyTraverseLayoutEffects @ webpack-internal:///…evelopment.js:22926
commitLayoutEffectOnFiber @ webpack-internal:///…evelopment.js:21407
recursivelyTraverseLayoutEffects @ webpack-internal:///…evelopment.js:22926
commitLayoutEffectOnFiber @ webpack-internal:///…evelopment.js:21577
recursivelyTraverseLayoutEffects @ webpack-internal:///…evelopment.js:22926
commitLayoutEffectOnFiber @ webpack-internal:///…evelopment.js:21407
recursivelyTraverseLayoutEffects @ webpack-internal:///…evelopment.js:22926
commitLayoutEffectOnFiber @ webpack-internal:///…evelopment.js:21577
recursivelyTraverseLayoutEffects @ webpack-internal:///…evelopment.js:22926
commitLayoutEffectOnFiber @ webpack-internal:///…evelopment.js:21407
recursivelyTraverseLayoutEffects @ webpack-internal:///…evelopment.js:22926
commitLayoutEffectOnFiber @ webpack-internal:///…evelopment.js:21577
recursivelyTraverseLayoutEffects @ webpack-internal:///…evelopment.js:22926
commitLayoutEffectOnFiber @ webpack-internal:///…evelopment.js:21407
recursivelyTraverseLayoutEffects @ webpack-internal:///…evelopment.js:22926
commitLayoutEffectOnFiber @ webpack-internal:///…evelopment.js:21407
recursivelyTraverseLayoutEffects @ webpack-internal:///…evelopment.js:22926
commitLayoutEffectOnFiber @ webpack-internal:///…evelopment.js:21488
recursivelyTraverseLayoutEffects @ webpack-internal:///…evelopment.js:22926
commitLayoutEffectOnFiber @ webpack-internal:///…evelopment.js:21488
recursivelyTraverseLayoutEffects @ webpack-internal:///…evelopment.js:22926
commitLayoutEffectOnFiber @ webpack-internal:///…evelopment.js:21577
recursivelyTraverseLayoutEffects @ webpack-internal:///…evelopment.js:22926
commitLayoutEffectOnFiber @ webpack-internal:///…evelopment.js:21577
recursivelyTraverseLayoutEffects @ webpack-internal:///…evelopment.js:22926
commitLayoutEffectOnFiber @ webpack-internal:///…evelopment.js:21418
recursivelyTraverseLayoutEffects @ webpack-internal:///…evelopment.js:22926
commitLayoutEffectOnFiber @ webpack-internal:///…evelopment.js:21407
recursivelyTraverseLayoutEffects @ webpack-internal:///…evelopment.js:22926
commitLayoutEffectOnFiber @ webpack-internal:///…evelopment.js:21577
recursivelyTraverseLayoutEffects @ webpack-internal:///…evelopment.js:22926
commitLayoutEffectOnFiber @ webpack-internal:///…evelopment.js:21418
recursivelyTraverseLayoutEffects @ webpack-internal:///…evelopment.js:22926
commitLayoutEffectOnFiber @ webpack-internal:///…evelopment.js:21407
recursivelyTraverseLayoutEffects @ webpack-internal:///…evelopment.js:22926
commitLayoutEffectOnFiber @ webpack-internal:///…evelopment.js:21407
recursivelyTraverseLayoutEffects @ webpack-internal:///…evelopment.js:22926
commitLayoutEffectOnFiber @ webpack-internal:///…evelopment.js:21418
recursivelyTraverseLayoutEffects @ webpack-internal:///…evelopment.js:22926
commitLayoutEffectOnFiber @ webpack-internal:///…evelopment.js:21407
recursivelyTraverseLayoutEffects @ webpack-internal:///…evelopment.js:22926
commitLayoutEffectOnFiber @ webpack-internal:///…evelopment.js:21577
recursivelyTraverseLayoutEffects @ webpack-internal:///…evelopment.js:22926
commitLayoutEffectOnFiber @ webpack-internal:///…evelopment.js:21577
recursivelyTraverseLayoutEffects @ webpack-internal:///…evelopment.js:22926
commitLayoutEffectOnFiber @ webpack-internal:///…evelopment.js:21577
recursivelyTraverseLayoutEffects @ webpack-internal:///…evelopment.js:22926
commitLayoutEffectOnFiber @ webpack-internal:///…evelopment.js:21577
recursivelyTraverseLayoutEffects @ webpack-internal:///…evelopment.js:22926
commitLayoutEffectOnFiber @ webpack-internal:///…evelopment.js:21577
recursivelyTraverseLayoutEffects @ webpack-internal:///…evelopment.js:22926
commitLayoutEffectOnFiber @ webpack-internal:///…evelopment.js:21577
recursivelyTraverseLayoutEffects @ webpack-internal:///…evelopment.js:22926
commitLayoutEffectOnFiber @ webpack-internal:///…evelopment.js:21407
recursivelyTraverseLayoutEffects @ webpack-internal:///…evelopment.js:22926
commitLayoutEffectOnFiber @ webpack-internal:///…evelopment.js:21418
recursivelyTraverseLayoutEffects @ webpack-internal:///…evelopment.js:22926
commitLayoutEffectOnFiber @ webpack-internal:///…evelopment.js:21407
recursivelyTraverseLayoutEffects @ webpack-internal:///…evelopment.js:22926
commitLayoutEffectOnFiber @ webpack-internal:///…evelopment.js:21407
recursivelyTraverseLayoutEffects @ webpack-internal:///…evelopment.js:22926
commitLayoutEffectOnFiber @ webpack-internal:///…evelopment.js:21407
recursivelyTraverseLayoutEffects @ webpack-internal:///…evelopment.js:22926
commitLayoutEffectOnFiber @ webpack-internal:///…evelopment.js:21407
recursivelyTraverseLayoutEffects @ webpack-internal:///…evelopment.js:22926
commitLayoutEffectOnFiber @ webpack-internal:///…evelopment.js:21577
recursivelyTraverseLayoutEffects @ webpack-internal:///…evelopment.js:22926
commitLayoutEffectOnFiber @ webpack-internal:///…evelopment.js:21577
recursivelyTraverseLayoutEffects @ webpack-internal:///…evelopment.js:22926
commitLayoutEffectOnFiber @ webpack-internal:///…evelopment.js:21577
recursivelyTraverseLayoutEffects @ webpack-internal:///…evelopment.js:22926
commitLayoutEffectOnFiber @ webpack-internal:///…evelopment.js:21437
commitLayoutEffects @ webpack-internal:///…evelopment.js:22912
commitRootImpl @ webpack-internal:///…evelopment.js:26226
commitRoot @ webpack-internal:///…evelopment.js:26077
commitRootWhenReady @ webpack-internal:///…evelopment.js:24749
finishConcurrentRender @ webpack-internal:///…evelopment.js:24714
performConcurrentWorkOnRoot @ webpack-internal:///…evelopment.js:24559
workLoop @ webpack-internal:///….development.js:256
flushWork @ webpack-internal:///….development.js:225
performWorkUntilDeadline @ webpack-internal:///….development.js:534
15:56:57.123  [CallModal] 🔄 Waiting for stream to become active for cmeifml0h001okung0i95m8s6
15:56:57.124  [VoiceActivity] Effect triggered: {hasStream: true, streamId: '34fa4aea-da9c-415d-afda-d1f0034b119c', audioTracks: 0, threshold: -40}
15:56:57.124  [VoiceActivity] No audio tracks in stream, cleaning up
15:56:57.124  [useCallPerformance] Connection states: (2) [{…}, {…}]
15:56:57.124  [useCallPerformance] Starting monitoring for 2 valid connections
15:56:57.125  [VoiceActivity] Effect triggered: {hasStream: true, streamId: '34fa4aea-da9c-415d-afda-d1f0034b119c', audioTracks: 0, threshold: -40}
15:56:57.125  [VoiceActivity] No audio tracks in stream, cleaning up
15:56:57.126  [useCallPerformance] Network metrics: {audioPacketLoss: 0, videoPacketLoss: 0, videoFrameRate: 0, latency: 1, callType: 'voice'}
15:56:57.127  [useCallPerformance] No valid network data yet, assuming good quality
15:56:57.128  [CallModal] Rendered - voice call opened
15:56:57.129  [CallModal] Rendered - voice call opened
15:56:57.129  [VoiceParticipant] Tester voice activity debug: {participantId: 'cmeifml0h001okung0i95m8s6', hasOriginalStream: true, hasLatestStream: true, streamActive: false, audioTracksCount: 0, …}
15:56:57.130  [CallModal] 🔊 Setting up audio element for participant cmeifml0h001okung0i95m8s6
15:56:57.130  [CallModal] Stream details: {id: '34fa4aea-da9c-415d-afda-d1f0034b119c', active: false, audioTracks: Array(0)}
15:56:57.131  [CallModal] Previous audio element for cmeifml0h001okung0i95m8s6: false
15:56:57.132  [CallModal] Cleared previous srcObject for cmeifml0h001okung0i95m8s6
15:56:57.133  [CallModal] 🔄 Stream not ready, waiting...
15:56:57.134  [CallModal] ❌ Initial audio play failed for cmeifml0h001okung0i95m8s6: 
attemptPlay @ webpack-internal:///…/CallModal.tsx:3124
ref @ webpack-internal:///…/CallModal.tsx:3158
commitAttachRef @ webpack-internal:///…evelopment.js:21677
safelyAttachRef @ webpack-internal:///…evelopment.js:20803
commitLayoutEffectOnFiber @ webpack-internal:///…evelopment.js:21498
recursivelyTraverseLayoutEffects @ webpack-internal:///…evelopment.js:22926
commitLayoutEffectOnFiber @ webpack-internal:///…evelopment.js:21577
recursivelyTraverseLayoutEffects @ webpack-internal:///…evelopment.js:22926
commitLayoutEffectOnFiber @ webpack-internal:///…evelopment.js:21488
recursivelyTraverseLayoutEffects @ webpack-internal:///…evelopment.js:22926
commitLayoutEffectOnFiber @ webpack-internal:///…evelopment.js:21488
recursivelyTraverseLayoutEffects @ webpack-internal:///…evelopment.js:22926
commitLayoutEffectOnFiber @ webpack-internal:///…evelopment.js:21488
recursivelyTraverseLayoutEffects @ webpack-internal:///…evelopment.js:22926
commitLayoutEffectOnFiber @ webpack-internal:///…evelopment.js:21488
recursivelyTraverseLayoutEffects @ webpack-internal:///…evelopment.js:22926
commitLayoutEffectOnFiber @ webpack-internal:///…evelopment.js:21407
recursivelyTraverseLayoutEffects @ webpack-internal:///…evelopment.js:22926
commitLayoutEffectOnFiber @ webpack-internal:///…evelopment.js:21407
recursivelyTraverseLayoutEffects @ webpack-internal:///…evelopment.js:22926
commitLayoutEffectOnFiber @ webpack-internal:///…evelopment.js:21577
recursivelyTraverseLayoutEffects @ webpack-internal:///…evelopment.js:22926
commitLayoutEffectOnFiber @ webpack-internal:///…evelopment.js:21407
recursivelyTraverseLayoutEffects @ webpack-internal:///…evelopment.js:22926
commitLayoutEffectOnFiber @ webpack-internal:///…evelopment.js:21577
recursivelyTraverseLayoutEffects @ webpack-internal:///…evelopment.js:22926
commitLayoutEffectOnFiber @ webpack-internal:///…evelopment.js:21407
recursivelyTraverseLayoutEffects @ webpack-internal:///…evelopment.js:22926
commitLayoutEffectOnFiber @ webpack-internal:///…evelopment.js:21577
recursivelyTraverseLayoutEffects @ webpack-internal:///…evelopment.js:22926
commitLayoutEffectOnFiber @ webpack-internal:///…evelopment.js:21407
recursivelyTraverseLayoutEffects @ webpack-internal:///…evelopment.js:22926
commitLayoutEffectOnFiber @ webpack-internal:///…evelopment.js:21577
recursivelyTraverseLayoutEffects @ webpack-internal:///…evelopment.js:22926
commitLayoutEffectOnFiber @ webpack-internal:///…evelopment.js:21407
recursivelyTraverseLayoutEffects @ webpack-internal:///…evelopment.js:22926
commitLayoutEffectOnFiber @ webpack-internal:///…evelopment.js:21407
recursivelyTraverseLayoutEffects @ webpack-internal:///…evelopment.js:22926
commitLayoutEffectOnFiber @ webpack-internal:///…evelopment.js:21488
recursivelyTraverseLayoutEffects @ webpack-internal:///…evelopment.js:22926
commitLayoutEffectOnFiber @ webpack-internal:///…evelopment.js:21488
recursivelyTraverseLayoutEffects @ webpack-internal:///…evelopment.js:22926
commitLayoutEffectOnFiber @ webpack-internal:///…evelopment.js:21577
recursivelyTraverseLayoutEffects @ webpack-internal:///…evelopment.js:22926
commitLayoutEffectOnFiber @ webpack-internal:///…evelopment.js:21577
recursivelyTraverseLayoutEffects @ webpack-internal:///…evelopment.js:22926
commitLayoutEffectOnFiber @ webpack-internal:///…evelopment.js:21418
recursivelyTraverseLayoutEffects @ webpack-internal:///…evelopment.js:22926
commitLayoutEffectOnFiber @ webpack-internal:///…evelopment.js:21407
recursivelyTraverseLayoutEffects @ webpack-internal:///…evelopment.js:22926
commitLayoutEffectOnFiber @ webpack-internal:///…evelopment.js:21577
recursivelyTraverseLayoutEffects @ webpack-internal:///…evelopment.js:22926
commitLayoutEffectOnFiber @ webpack-internal:///…evelopment.js:21418
recursivelyTraverseLayoutEffects @ webpack-internal:///…evelopment.js:22926
commitLayoutEffectOnFiber @ webpack-internal:///…evelopment.js:21407
recursivelyTraverseLayoutEffects @ webpack-internal:///…evelopment.js:22926
commitLayoutEffectOnFiber @ webpack-internal:///…evelopment.js:21407
recursivelyTraverseLayoutEffects @ webpack-internal:///…evelopment.js:22926
commitLayoutEffectOnFiber @ webpack-internal:///…evelopment.js:21418
recursivelyTraverseLayoutEffects @ webpack-internal:///…evelopment.js:22926
commitLayoutEffectOnFiber @ webpack-internal:///…evelopment.js:21407
recursivelyTraverseLayoutEffects @ webpack-internal:///…evelopment.js:22926
commitLayoutEffectOnFiber @ webpack-internal:///…evelopment.js:21577
recursivelyTraverseLayoutEffects @ webpack-internal:///…evelopment.js:22926
commitLayoutEffectOnFiber @ webpack-internal:///…evelopment.js:21577
recursivelyTraverseLayoutEffects @ webpack-internal:///…evelopment.js:22926
commitLayoutEffectOnFiber @ webpack-internal:///…evelopment.js:21577
recursivelyTraverseLayoutEffects @ webpack-internal:///…evelopment.js:22926
commitLayoutEffectOnFiber @ webpack-internal:///…evelopment.js:21577
recursivelyTraverseLayoutEffects @ webpack-internal:///…evelopment.js:22926
commitLayoutEffectOnFiber @ webpack-internal:///…evelopment.js:21577
recursivelyTraverseLayoutEffects @ webpack-internal:///…evelopment.js:22926
commitLayoutEffectOnFiber @ webpack-internal:///…evelopment.js:21577
recursivelyTraverseLayoutEffects @ webpack-internal:///…evelopment.js:22926
commitLayoutEffectOnFiber @ webpack-internal:///…evelopment.js:21407
recursivelyTraverseLayoutEffects @ webpack-internal:///…evelopment.js:22926
commitLayoutEffectOnFiber @ webpack-internal:///…evelopment.js:21418
recursivelyTraverseLayoutEffects @ webpack-internal:///…evelopment.js:22926
commitLayoutEffectOnFiber @ webpack-internal:///…evelopment.js:21407
recursivelyTraverseLayoutEffects @ webpack-internal:///…evelopment.js:22926
commitLayoutEffectOnFiber @ webpack-internal:///…evelopment.js:21407
recursivelyTraverseLayoutEffects @ webpack-internal:///…evelopment.js:22926
commitLayoutEffectOnFiber @ webpack-internal:///…evelopment.js:21407
recursivelyTraverseLayoutEffects @ webpack-internal:///…evelopment.js:22926
commitLayoutEffectOnFiber @ webpack-internal:///…evelopment.js:21407
recursivelyTraverseLayoutEffects @ webpack-internal:///…evelopment.js:22926
commitLayoutEffectOnFiber @ webpack-internal:///…evelopment.js:21577
recursivelyTraverseLayoutEffects @ webpack-internal:///…evelopment.js:22926
commitLayoutEffectOnFiber @ webpack-internal:///…evelopment.js:21577
recursivelyTraverseLayoutEffects @ webpack-internal:///…evelopment.js:22926
commitLayoutEffectOnFiber @ webpack-internal:///…evelopment.js:21577
recursivelyTraverseLayoutEffects @ webpack-internal:///…evelopment.js:22926
commitLayoutEffectOnFiber @ webpack-internal:///…evelopment.js:21437
commitLayoutEffects @ webpack-internal:///…evelopment.js:22912
commitRootImpl @ webpack-internal:///…evelopment.js:26226
commitRoot @ webpack-internal:///…evelopment.js:26077
commitRootWhenReady @ webpack-internal:///…evelopment.js:24749
finishConcurrentRender @ webpack-internal:///…evelopment.js:24714
performConcurrentWorkOnRoot @ webpack-internal:///…evelopment.js:24559
workLoop @ webpack-internal:///….development.js:256
flushWork @ webpack-internal:///….development.js:225
performWorkUntilDeadline @ webpack-internal:///….development.js:534
15:56:57.134  [CallModal] 🔄 Waiting for stream to become active for cmeifml0h001okung0i95m8s6
15:56:57.135  [VoiceActivity] Effect triggered: {hasStream: true, streamId: '34fa4aea-da9c-415d-afda-d1f0034b119c', audioTracks: 0, threshold: -40}
15:56:57.135  [VoiceActivity] No audio tracks in stream, cleaning up
15:56:57.135  [VoiceActivity] Effect triggered: {hasStream: true, streamId: '34fa4aea-da9c-415d-afda-d1f0034b119c', audioTracks: 0, threshold: -40}
15:56:57.135  [VoiceActivity] No audio tracks in stream, cleaning up
15:56:58.109  [CallModal] Skipping connection verification - no WebRTC or participants
15:56:58.109  [CallModal] Skipping connection verification - no WebRTC or participants
15:56:58.109  [CallModal] Skipping connection verification - no WebRTC or participants
15:56:58.110  [CallModal] Skipping connection verification - no WebRTC or participants
15:56:58.111  [CallModal] Rendered - voice call opened
15:56:58.111  [CallModal] Rendered - voice call opened
15:56:58.111  [VoiceParticipant] Tester voice activity debug: {participantId: 'cmeifml0h001okung0i95m8s6', hasOriginalStream: true, hasLatestStream: true, streamActive: false, audioTracksCount: 0, …}
15:56:58.112  [CallModal] 🔊 Setting up audio element for participant cmeifml0h001okung0i95m8s6
15:56:58.112  [CallModal] Stream details: {id: '34fa4aea-da9c-415d-afda-d1f0034b119c', active: false, audioTracks: Array(0)}
15:56:58.112  [CallModal] Previous audio element for cmeifml0h001okung0i95m8s6: false
15:56:58.113  [CallModal] Cleared previous srcObject for cmeifml0h001okung0i95m8s6
15:56:58.113  [CallModal] 🔄 Stream not ready, waiting...
15:56:58.114  [CallModal] ❌ Initial audio play failed for cmeifml0h001okung0i95m8s6: 
attemptPlay @ webpack-internal:///…/CallModal.tsx:3124
ref @ webpack-internal:///…/CallModal.tsx:3158
commitAttachRef @ webpack-internal:///…evelopment.js:21677
safelyAttachRef @ webpack-internal:///…evelopment.js:20803
commitLayoutEffectOnFiber @ webpack-internal:///…evelopment.js:21498
recursivelyTraverseLayoutEffects @ webpack-internal:///…evelopment.js:22926
commitLayoutEffectOnFiber @ webpack-internal:///…evelopment.js:21577
recursivelyTraverseLayoutEffects @ webpack-internal:///…evelopment.js:22926
commitLayoutEffectOnFiber @ webpack-internal:///…evelopment.js:21488
recursivelyTraverseLayoutEffects @ webpack-internal:///…evelopment.js:22926
commitLayoutEffectOnFiber @ webpack-internal:///…evelopment.js:21488
recursivelyTraverseLayoutEffects @ webpack-internal:///…evelopment.js:22926
commitLayoutEffectOnFiber @ webpack-internal:///…evelopment.js:21488
recursivelyTraverseLayoutEffects @ webpack-internal:///…evelopment.js:22926
commitLayoutEffectOnFiber @ webpack-internal:///…evelopment.js:21488
recursivelyTraverseLayoutEffects @ webpack-internal:///…evelopment.js:22926
commitLayoutEffectOnFiber @ webpack-internal:///…evelopment.js:21407
recursivelyTraverseLayoutEffects @ webpack-internal:///…evelopment.js:22926
commitLayoutEffectOnFiber @ webpack-internal:///…evelopment.js:21407
recursivelyTraverseLayoutEffects @ webpack-internal:///…evelopment.js:22926
commitLayoutEffectOnFiber @ webpack-internal:///…evelopment.js:21577
recursivelyTraverseLayoutEffects @ webpack-internal:///…evelopment.js:22926
commitLayoutEffectOnFiber @ webpack-internal:///…evelopment.js:21407
recursivelyTraverseLayoutEffects @ webpack-internal:///…evelopment.js:22926
commitLayoutEffectOnFiber @ webpack-internal:///…evelopment.js:21577
recursivelyTraverseLayoutEffects @ webpack-internal:///…evelopment.js:22926
commitLayoutEffectOnFiber @ webpack-internal:///…evelopment.js:21407
recursivelyTraverseLayoutEffects @ webpack-internal:///…evelopment.js:22926
commitLayoutEffectOnFiber @ webpack-internal:///…evelopment.js:21577
recursivelyTraverseLayoutEffects @ webpack-internal:///…evelopment.js:22926
commitLayoutEffectOnFiber @ webpack-internal:///…evelopment.js:21407
recursivelyTraverseLayoutEffects @ webpack-internal:///…evelopment.js:22926
commitLayoutEffectOnFiber @ webpack-internal:///…evelopment.js:21577
recursivelyTraverseLayoutEffects @ webpack-internal:///…evelopment.js:22926
commitLayoutEffectOnFiber @ webpack-internal:///…evelopment.js:21407
recursivelyTraverseLayoutEffects @ webpack-internal:///…evelopment.js:22926
commitLayoutEffectOnFiber @ webpack-internal:///…evelopment.js:21407
recursivelyTraverseLayoutEffects @ webpack-internal:///…evelopment.js:22926
commitLayoutEffectOnFiber @ webpack-internal:///…evelopment.js:21488
recursivelyTraverseLayoutEffects @ webpack-internal:///…evelopment.js:22926
commitLayoutEffectOnFiber @ webpack-internal:///…evelopment.js:21488
recursivelyTraverseLayoutEffects @ webpack-internal:///…evelopment.js:22926
commitLayoutEffectOnFiber @ webpack-internal:///…evelopment.js:21577
recursivelyTraverseLayoutEffects @ webpack-internal:///…evelopment.js:22926
commitLayoutEffectOnFiber @ webpack-internal:///…evelopment.js:21577
recursivelyTraverseLayoutEffects @ webpack-internal:///…evelopment.js:22926
commitLayoutEffectOnFiber @ webpack-internal:///…evelopment.js:21418
recursivelyTraverseLayoutEffects @ webpack-internal:///…evelopment.js:22926
commitLayoutEffectOnFiber @ webpack-internal:///…evelopment.js:21407
recursivelyTraverseLayoutEffects @ webpack-internal:///…evelopment.js:22926
commitLayoutEffectOnFiber @ webpack-internal:///…evelopment.js:21577
recursivelyTraverseLayoutEffects @ webpack-internal:///…evelopment.js:22926
commitLayoutEffectOnFiber @ webpack-internal:///…evelopment.js:21418
recursivelyTraverseLayoutEffects @ webpack-internal:///…evelopment.js:22926
commitLayoutEffectOnFiber @ webpack-internal:///…evelopment.js:21407
recursivelyTraverseLayoutEffects @ webpack-internal:///…evelopment.js:22926
commitLayoutEffectOnFiber @ webpack-internal:///…evelopment.js:21407
recursivelyTraverseLayoutEffects @ webpack-internal:///…evelopment.js:22926
commitLayoutEffectOnFiber @ webpack-internal:///…evelopment.js:21418
recursivelyTraverseLayoutEffects @ webpack-internal:///…evelopment.js:22926
commitLayoutEffectOnFiber @ webpack-internal:///…evelopment.js:21407
recursivelyTraverseLayoutEffects @ webpack-internal:///…evelopment.js:22926
commitLayoutEffectOnFiber @ webpack-internal:///…evelopment.js:21577
recursivelyTraverseLayoutEffects @ webpack-internal:///…evelopment.js:22926
commitLayoutEffectOnFiber @ webpack-internal:///…evelopment.js:21577
recursivelyTraverseLayoutEffects @ webpack-internal:///…evelopment.js:22926
commitLayoutEffectOnFiber @ webpack-internal:///…evelopment.js:21577
recursivelyTraverseLayoutEffects @ webpack-internal:///…evelopment.js:22926
commitLayoutEffectOnFiber @ webpack-internal:///…evelopment.js:21577
recursivelyTraverseLayoutEffects @ webpack-internal:///…evelopment.js:22926
commitLayoutEffectOnFiber @ webpack-internal:///…evelopment.js:21577
recursivelyTraverseLayoutEffects @ webpack-internal:///…evelopment.js:22926
commitLayoutEffectOnFiber @ webpack-internal:///…evelopment.js:21577
recursivelyTraverseLayoutEffects @ webpack-internal:///…evelopment.js:22926
commitLayoutEffectOnFiber @ webpack-internal:///…evelopment.js:21407
recursivelyTraverseLayoutEffects @ webpack-internal:///…evelopment.js:22926
commitLayoutEffectOnFiber @ webpack-internal:///…evelopment.js:21418
recursivelyTraverseLayoutEffects @ webpack-internal:///…evelopment.js:22926
commitLayoutEffectOnFiber @ webpack-internal:///…evelopment.js:21407
recursivelyTraverseLayoutEffects @ webpack-internal:///…evelopment.js:22926
commitLayoutEffectOnFiber @ webpack-internal:///…evelopment.js:21407
recursivelyTraverseLayoutEffects @ webpack-internal:///…evelopment.js:22926
commitLayoutEffectOnFiber @ webpack-internal:///…evelopment.js:21407
recursivelyTraverseLayoutEffects @ webpack-internal:///…evelopment.js:22926
commitLayoutEffectOnFiber @ webpack-internal:///…evelopment.js:21407
recursivelyTraverseLayoutEffects @ webpack-internal:///…evelopment.js:22926
commitLayoutEffectOnFiber @ webpack-internal:///…evelopment.js:21577
recursivelyTraverseLayoutEffects @ webpack-internal:///…evelopment.js:22926
commitLayoutEffectOnFiber @ webpack-internal:///…evelopment.js:21577
recursivelyTraverseLayoutEffects @ webpack-internal:///…evelopment.js:22926
commitLayoutEffectOnFiber @ webpack-internal:///…evelopment.js:21577
recursivelyTraverseLayoutEffects @ webpack-internal:///…evelopment.js:22926
commitLayoutEffectOnFiber @ webpack-internal:///…evelopment.js:21437
commitLayoutEffects @ webpack-internal:///…evelopment.js:22912
commitRootImpl @ webpack-internal:///…evelopment.js:26226
commitRoot @ webpack-internal:///…evelopment.js:26077
commitRootWhenReady @ webpack-internal:///…evelopment.js:24749
finishConcurrentRender @ webpack-internal:///…evelopment.js:24714
performConcurrentWorkOnRoot @ webpack-internal:///…evelopment.js:24559
workLoop @ webpack-internal:///….development.js:256
flushWork @ webpack-internal:///….development.js:225
performWorkUntilDeadline @ webpack-internal:///….development.js:534
15:56:58.114  [CallModal] 🔄 Waiting for stream to become active for cmeifml0h001okung0i95m8s6
15:56:58.114  [VoiceActivity] Effect triggered: {hasStream: true, streamId: '34fa4aea-da9c-415d-afda-d1f0034b119c', audioTracks: 0, threshold: -40}
15:56:58.115  [VoiceActivity] No audio tracks in stream, cleaning up
15:56:58.116  [VoiceActivity] Effect triggered: {hasStream: true, streamId: '34fa4aea-da9c-415d-afda-d1f0034b119c', audioTracks: 0, threshold: -40}
15:56:58.116  [VoiceActivity] No audio tracks in stream, cleaning up
15:56:58.593  NotificationContext: Page visibility changed to: true
15:56:58.595  SocketContext: Tab became visible, re-establishing connection
15:56:58.599  🏠 ChatWindow mounted/re-rendered with conversationId: null
15:56:58.599  🏠 ChatWindow mounted/re-rendered with conversationId: null
15:56:58.600  🧹 GlobalNotificationListener: Cleaning up socket listener for new-notification
15:56:58.601  🌐 GlobalNotificationListener: useEffect triggered {hasSocket: true, hasSession: true, socketConnected: true, socketId: 'iNfQGURQisw8eZaxAAAH'}
15:56:58.601  🚀 GlobalNotificationListener: Setting up global socket listeners for user: cmeumah180000kuygq63oa1qx
15:56:58.601  🔄 GlobalNotificationListener: Re-emitted join-user-room for safety
15:56:58.602  ✅ GlobalNotificationListener: Socket listener registered for new-notification events
15:56:58.607  [CallModal] Rendered - voice call opened
15:56:58.607  [CallModal] Rendered - voice call opened
15:56:58.655  🏠 ChatWindow mounted/re-rendered with conversationId: null
15:56:58.656  🏠 ChatWindow mounted/re-rendered with conversationId: null
15:56:58.657  [CallModal] Rendered - voice call opened
15:56:58.657  [CallModal] Rendered - voice call opened
15:56:58.659  [VoiceParticipant] Tester voice activity debug: {participantId: 'cmeifml0h001okung0i95m8s6', hasOriginalStream: true, hasLatestStream: true, streamActive: false, audioTracksCount: 0, …}
15:56:58.662  [CallModal] 🔊 Setting up audio element for participant cmeifml0h001okung0i95m8s6
15:56:58.662  [CallModal] Stream details: {id: '34fa4aea-da9c-415d-afda-d1f0034b119c', active: false, audioTracks: Array(0)}
15:56:58.663  [CallModal] Previous audio element for cmeifml0h001okung0i95m8s6: false
15:56:58.664  [CallModal] Cleared previous srcObject for cmeifml0h001okung0i95m8s6
15:56:58.665  [CallModal] 🔄 Stream not ready, waiting...
15:56:58.665  [CallModal] ❌ Initial audio play failed for cmeifml0h001okung0i95m8s6: 
attemptPlay @ webpack-internal:///…/CallModal.tsx:3124
ref @ webpack-internal:///…/CallModal.tsx:3158
commitAttachRef @ webpack-internal:///…evelopment.js:21677
safelyAttachRef @ webpack-internal:///…evelopment.js:20803
commitLayoutEffectOnFiber @ webpack-internal:///…evelopment.js:21498
recursivelyTraverseLayoutEffects @ webpack-internal:///…evelopment.js:22926
commitLayoutEffectOnFiber @ webpack-internal:///…evelopment.js:21577
recursivelyTraverseLayoutEffects @ webpack-internal:///…evelopment.js:22926
commitLayoutEffectOnFiber @ webpack-internal:///…evelopment.js:21488
recursivelyTraverseLayoutEffects @ webpack-internal:///…evelopment.js:22926
commitLayoutEffectOnFiber @ webpack-internal:///…evelopment.js:21488
recursivelyTraverseLayoutEffects @ webpack-internal:///…evelopment.js:22926
commitLayoutEffectOnFiber @ webpack-internal:///…evelopment.js:21488
recursivelyTraverseLayoutEffects @ webpack-internal:///…evelopment.js:22926
commitLayoutEffectOnFiber @ webpack-internal:///…evelopment.js:21488
recursivelyTraverseLayoutEffects @ webpack-internal:///…evelopment.js:22926
commitLayoutEffectOnFiber @ webpack-internal:///…evelopment.js:21407
recursivelyTraverseLayoutEffects @ webpack-internal:///…evelopment.js:22926
commitLayoutEffectOnFiber @ webpack-internal:///…evelopment.js:21407
recursivelyTraverseLayoutEffects @ webpack-internal:///…evelopment.js:22926
commitLayoutEffectOnFiber @ webpack-internal:///…evelopment.js:21577
recursivelyTraverseLayoutEffects @ webpack-internal:///…evelopment.js:22926
commitLayoutEffectOnFiber @ webpack-internal:///…evelopment.js:21407
recursivelyTraverseLayoutEffects @ webpack-internal:///…evelopment.js:22926
commitLayoutEffectOnFiber @ webpack-internal:///…evelopment.js:21577
recursivelyTraverseLayoutEffects @ webpack-internal:///…evelopment.js:22926
commitLayoutEffectOnFiber @ webpack-internal:///…evelopment.js:21407
recursivelyTraverseLayoutEffects @ webpack-internal:///…evelopment.js:22926
commitLayoutEffectOnFiber @ webpack-internal:///…evelopment.js:21577
recursivelyTraverseLayoutEffects @ webpack-internal:///…evelopment.js:22926
commitLayoutEffectOnFiber @ webpack-internal:///…evelopment.js:21407
recursivelyTraverseLayoutEffects @ webpack-internal:///…evelopment.js:22926
commitLayoutEffectOnFiber @ webpack-internal:///…evelopment.js:21577
recursivelyTraverseLayoutEffects @ webpack-internal:///…evelopment.js:22926
commitLayoutEffectOnFiber @ webpack-internal:///…evelopment.js:21407
recursivelyTraverseLayoutEffects @ webpack-internal:///…evelopment.js:22926
commitLayoutEffectOnFiber @ webpack-internal:///…evelopment.js:21407
recursivelyTraverseLayoutEffects @ webpack-internal:///…evelopment.js:22926
commitLayoutEffectOnFiber @ webpack-internal:///…evelopment.js:21488
recursivelyTraverseLayoutEffects @ webpack-internal:///…evelopment.js:22926
commitLayoutEffectOnFiber @ webpack-internal:///…evelopment.js:21488
recursivelyTraverseLayoutEffects @ webpack-internal:///…evelopment.js:22926
commitLayoutEffectOnFiber @ webpack-internal:///…evelopment.js:21577
recursivelyTraverseLayoutEffects @ webpack-internal:///…evelopment.js:22926
commitLayoutEffectOnFiber @ webpack-internal:///…evelopment.js:21577
recursivelyTraverseLayoutEffects @ webpack-internal:///…evelopment.js:22926
commitLayoutEffectOnFiber @ webpack-internal:///…evelopment.js:21418
recursivelyTraverseLayoutEffects @ webpack-internal:///…evelopment.js:22926
commitLayoutEffectOnFiber @ webpack-internal:///…evelopment.js:21407
recursivelyTraverseLayoutEffects @ webpack-internal:///…evelopment.js:22926
commitLayoutEffectOnFiber @ webpack-internal:///…evelopment.js:21577
recursivelyTraverseLayoutEffects @ webpack-internal:///…evelopment.js:22926
commitLayoutEffectOnFiber @ webpack-internal:///…evelopment.js:21418
recursivelyTraverseLayoutEffects @ webpack-internal:///…evelopment.js:22926
commitLayoutEffectOnFiber @ webpack-internal:///…evelopment.js:21407
recursivelyTraverseLayoutEffects @ webpack-internal:///…evelopment.js:22926
commitLayoutEffectOnFiber @ webpack-internal:///…evelopment.js:21407
recursivelyTraverseLayoutEffects @ webpack-internal:///…evelopment.js:22926
commitLayoutEffectOnFiber @ webpack-internal:///…evelopment.js:21418
recursivelyTraverseLayoutEffects @ webpack-internal:///…evelopment.js:22926
commitLayoutEffectOnFiber @ webpack-internal:///…evelopment.js:21407
recursivelyTraverseLayoutEffects @ webpack-internal:///…evelopment.js:22926
commitLayoutEffectOnFiber @ webpack-internal:///…evelopment.js:21577
recursivelyTraverseLayoutEffects @ webpack-internal:///…evelopment.js:22926
commitLayoutEffectOnFiber @ webpack-internal:///…evelopment.js:21577
recursivelyTraverseLayoutEffects @ webpack-internal:///…evelopment.js:22926
commitLayoutEffectOnFiber @ webpack-internal:///…evelopment.js:21577
recursivelyTraverseLayoutEffects @ webpack-internal:///…evelopment.js:22926
commitLayoutEffectOnFiber @ webpack-internal:///…evelopment.js:21577
recursivelyTraverseLayoutEffects @ webpack-internal:///…evelopment.js:22926
commitLayoutEffectOnFiber @ webpack-internal:///…evelopment.js:21577
recursivelyTraverseLayoutEffects @ webpack-internal:///…evelopment.js:22926
commitLayoutEffectOnFiber @ webpack-internal:///…evelopment.js:21577
recursivelyTraverseLayoutEffects @ webpack-internal:///…evelopment.js:22926
commitLayoutEffectOnFiber @ webpack-internal:///…evelopment.js:21407
recursivelyTraverseLayoutEffects @ webpack-internal:///…evelopment.js:22926
commitLayoutEffectOnFiber @ webpack-internal:///…evelopment.js:21418
recursivelyTraverseLayoutEffects @ webpack-internal:///…evelopment.js:22926
commitLayoutEffectOnFiber @ webpack-internal:///…evelopment.js:21407
recursivelyTraverseLayoutEffects @ webpack-internal:///…evelopment.js:22926
commitLayoutEffectOnFiber @ webpack-internal:///…evelopment.js:21407
recursivelyTraverseLayoutEffects @ webpack-internal:///…evelopment.js:22926
commitLayoutEffectOnFiber @ webpack-internal:///…evelopment.js:21407
recursivelyTraverseLayoutEffects @ webpack-internal:///…evelopment.js:22926
commitLayoutEffectOnFiber @ webpack-internal:///…evelopment.js:21407
recursivelyTraverseLayoutEffects @ webpack-internal:///…evelopment.js:22926
commitLayoutEffectOnFiber @ webpack-internal:///…evelopment.js:21577
recursivelyTraverseLayoutEffects @ webpack-internal:///…evelopment.js:22926
commitLayoutEffectOnFiber @ webpack-internal:///…evelopment.js:21577
recursivelyTraverseLayoutEffects @ webpack-internal:///…evelopment.js:22926
commitLayoutEffectOnFiber @ webpack-internal:///…evelopment.js:21577
recursivelyTraverseLayoutEffects @ webpack-internal:///…evelopment.js:22926
commitLayoutEffectOnFiber @ webpack-internal:///…evelopment.js:21437
commitLayoutEffects @ webpack-internal:///…evelopment.js:22912
commitRootImpl @ webpack-internal:///…evelopment.js:26226
commitRoot @ webpack-internal:///…evelopment.js:26077
commitRootWhenReady @ webpack-internal:///…evelopment.js:24749
finishConcurrentRender @ webpack-internal:///…evelopment.js:24714
performConcurrentWorkOnRoot @ webpack-internal:///…evelopment.js:24559
workLoop @ webpack-internal:///….development.js:256
flushWork @ webpack-internal:///….development.js:225
performWorkUntilDeadline @ webpack-internal:///….development.js:534
15:56:58.666  [CallModal] 🔄 Waiting for stream to become active for cmeifml0h001okung0i95m8s6
15:56:58.672  🧹 GlobalNotificationListener: Cleaning up socket listener for new-notification
15:56:58.673  🌐 GlobalNotificationListener: useEffect triggered {hasSocket: true, hasSession: true, socketConnected: true, socketId: 'iNfQGURQisw8eZaxAAAH'}
15:56:58.674  🚀 GlobalNotificationListener: Setting up global socket listeners for user: cmeumah180000kuygq63oa1qx
15:56:58.674  🔄 GlobalNotificationListener: Re-emitted join-user-room for safety
15:56:58.675  ✅ GlobalNotificationListener: Socket listener registered for new-notification events
15:56:58.675  [VoiceActivity] Effect triggered: {hasStream: true, streamId: '34fa4aea-da9c-415d-afda-d1f0034b119c', audioTracks: 0, threshold: -40}
15:56:58.676  [VoiceActivity] No audio tracks in stream, cleaning up
15:56:58.677  [CallModal] Initialized active participants (excluding self): ['cmeifml0h001okung0i95m8s6']
15:56:58.677  [CallModal] Skipping connection verification - no WebRTC or participants
15:56:58.678  [VoiceActivity] Effect triggered: {hasStream: true, streamId: '34fa4aea-da9c-415d-afda-d1f0034b119c', audioTracks: 0, threshold: -40}
15:56:58.678  [VoiceActivity] No audio tracks in stream, cleaning up
15:56:58.681  🏠 ChatWindow mounted/re-rendered with conversationId: null
15:56:58.681  🏠 ChatWindow mounted/re-rendered with conversationId: null
15:56:58.682  [CallModal] Rendered - voice call opened
15:56:58.682  [CallModal] Rendered - voice call opened
15:56:58.682  [VoiceParticipant] Tester voice activity debug: {participantId: 'cmeifml0h001okung0i95m8s6', hasOriginalStream: true, hasLatestStream: true, streamActive: false, audioTracksCount: 0, …}
15:56:58.685  [CallModal] 🔊 Setting up audio element for participant cmeifml0h001okung0i95m8s6
15:56:58.685  [CallModal] Stream details: {id: '34fa4aea-da9c-415d-afda-d1f0034b119c', active: false, audioTracks: Array(0)}
15:56:58.686  [CallModal] Previous audio element for cmeifml0h001okung0i95m8s6: false
15:56:58.687  [CallModal] Cleared previous srcObject for cmeifml0h001okung0i95m8s6
15:56:58.688  [CallModal] 🔄 Stream not ready, waiting...
15:56:58.688  [CallModal] ❌ Initial audio play failed for cmeifml0h001okung0i95m8s6: 
attemptPlay @ webpack-internal:///…/CallModal.tsx:3124
ref @ webpack-internal:///…/CallModal.tsx:3158
commitAttachRef @ webpack-internal:///…evelopment.js:21677
safelyAttachRef @ webpack-internal:///…evelopment.js:20803
commitLayoutEffectOnFiber @ webpack-internal:///…evelopment.js:21498
recursivelyTraverseLayoutEffects @ webpack-internal:///…evelopment.js:22926
commitLayoutEffectOnFiber @ webpack-internal:///…evelopment.js:21577
recursivelyTraverseLayoutEffects @ webpack-internal:///…evelopment.js:22926
commitLayoutEffectOnFiber @ webpack-internal:///…evelopment.js:21488
recursivelyTraverseLayoutEffects @ webpack-internal:///…evelopment.js:22926
commitLayoutEffectOnFiber @ webpack-internal:///…evelopment.js:21488
recursivelyTraverseLayoutEffects @ webpack-internal:///…evelopment.js:22926
commitLayoutEffectOnFiber @ webpack-internal:///…evelopment.js:21488
recursivelyTraverseLayoutEffects @ webpack-internal:///…evelopment.js:22926
commitLayoutEffectOnFiber @ webpack-internal:///…evelopment.js:21488
recursivelyTraverseLayoutEffects @ webpack-internal:///…evelopment.js:22926
commitLayoutEffectOnFiber @ webpack-internal:///…evelopment.js:21407
recursivelyTraverseLayoutEffects @ webpack-internal:///…evelopment.js:22926
commitLayoutEffectOnFiber @ webpack-internal:///…evelopment.js:21407
recursivelyTraverseLayoutEffects @ webpack-internal:///…evelopment.js:22926
commitLayoutEffectOnFiber @ webpack-internal:///…evelopment.js:21577
recursivelyTraverseLayoutEffects @ webpack-internal:///…evelopment.js:22926
commitLayoutEffectOnFiber @ webpack-internal:///…evelopment.js:21407
recursivelyTraverseLayoutEffects @ webpack-internal:///…evelopment.js:22926
commitLayoutEffectOnFiber @ webpack-internal:///…evelopment.js:21577
recursivelyTraverseLayoutEffects @ webpack-internal:///…evelopment.js:22926
commitLayoutEffectOnFiber @ webpack-internal:///…evelopment.js:21407
recursivelyTraverseLayoutEffects @ webpack-internal:///…evelopment.js:22926
commitLayoutEffectOnFiber @ webpack-internal:///…evelopment.js:21577
recursivelyTraverseLayoutEffects @ webpack-internal:///…evelopment.js:22926
commitLayoutEffectOnFiber @ webpack-internal:///…evelopment.js:21407
recursivelyTraverseLayoutEffects @ webpack-internal:///…evelopment.js:22926
commitLayoutEffectOnFiber @ webpack-internal:///…evelopment.js:21577
recursivelyTraverseLayoutEffects @ webpack-internal:///…evelopment.js:22926
commitLayoutEffectOnFiber @ webpack-internal:///…evelopment.js:21407
recursivelyTraverseLayoutEffects @ webpack-internal:///…evelopment.js:22926
commitLayoutEffectOnFiber @ webpack-internal:///…evelopment.js:21407
recursivelyTraverseLayoutEffects @ webpack-internal:///…evelopment.js:22926
commitLayoutEffectOnFiber @ webpack-internal:///…evelopment.js:21488
recursivelyTraverseLayoutEffects @ webpack-internal:///…evelopment.js:22926
commitLayoutEffectOnFiber @ webpack-internal:///…evelopment.js:21488
recursivelyTraverseLayoutEffects @ webpack-internal:///…evelopment.js:22926
commitLayoutEffectOnFiber @ webpack-internal:///…evelopment.js:21577
recursivelyTraverseLayoutEffects @ webpack-internal:///…evelopment.js:22926
commitLayoutEffectOnFiber @ webpack-internal:///…evelopment.js:21577
recursivelyTraverseLayoutEffects @ webpack-internal:///…evelopment.js:22926
commitLayoutEffectOnFiber @ webpack-internal:///…evelopment.js:21418
recursivelyTraverseLayoutEffects @ webpack-internal:///…evelopment.js:22926
commitLayoutEffectOnFiber @ webpack-internal:///…evelopment.js:21407
recursivelyTraverseLayoutEffects @ webpack-internal:///…evelopment.js:22926
commitLayoutEffectOnFiber @ webpack-internal:///…evelopment.js:21577
recursivelyTraverseLayoutEffects @ webpack-internal:///…evelopment.js:22926
commitLayoutEffectOnFiber @ webpack-internal:///…evelopment.js:21418
recursivelyTraverseLayoutEffects @ webpack-internal:///…evelopment.js:22926
commitLayoutEffectOnFiber @ webpack-internal:///…evelopment.js:21407
recursivelyTraverseLayoutEffects @ webpack-internal:///…evelopment.js:22926
commitLayoutEffectOnFiber @ webpack-internal:///…evelopment.js:21407
recursivelyTraverseLayoutEffects @ webpack-internal:///…evelopment.js:22926
commitLayoutEffectOnFiber @ webpack-internal:///…evelopment.js:21418
recursivelyTraverseLayoutEffects @ webpack-internal:///…evelopment.js:22926
commitLayoutEffectOnFiber @ webpack-internal:///…evelopment.js:21407
recursivelyTraverseLayoutEffects @ webpack-internal:///…evelopment.js:22926
commitLayoutEffectOnFiber @ webpack-internal:///…evelopment.js:21577
recursivelyTraverseLayoutEffects @ webpack-internal:///…evelopment.js:22926
commitLayoutEffectOnFiber @ webpack-internal:///…evelopment.js:21577
recursivelyTraverseLayoutEffects @ webpack-internal:///…evelopment.js:22926
commitLayoutEffectOnFiber @ webpack-internal:///…evelopment.js:21577
recursivelyTraverseLayoutEffects @ webpack-internal:///…evelopment.js:22926
commitLayoutEffectOnFiber @ webpack-internal:///…evelopment.js:21577
recursivelyTraverseLayoutEffects @ webpack-internal:///…evelopment.js:22926
commitLayoutEffectOnFiber @ webpack-internal:///…evelopment.js:21577
recursivelyTraverseLayoutEffects @ webpack-internal:///…evelopment.js:22926
commitLayoutEffectOnFiber @ webpack-internal:///…evelopment.js:21577
recursivelyTraverseLayoutEffects @ webpack-internal:///…evelopment.js:22926
commitLayoutEffectOnFiber @ webpack-internal:///…evelopment.js:21407
recursivelyTraverseLayoutEffects @ webpack-internal:///…evelopment.js:22926
commitLayoutEffectOnFiber @ webpack-internal:///…evelopment.js:21418
recursivelyTraverseLayoutEffects @ webpack-internal:///…evelopment.js:22926
commitLayoutEffectOnFiber @ webpack-internal:///…evelopment.js:21407
recursivelyTraverseLayoutEffects @ webpack-internal:///…evelopment.js:22926
commitLayoutEffectOnFiber @ webpack-internal:///…evelopment.js:21407
recursivelyTraverseLayoutEffects @ webpack-internal:///…evelopment.js:22926
commitLayoutEffectOnFiber @ webpack-internal:///…evelopment.js:21407
recursivelyTraverseLayoutEffects @ webpack-internal:///…evelopment.js:22926
commitLayoutEffectOnFiber @ webpack-internal:///…evelopment.js:21407
recursivelyTraverseLayoutEffects @ webpack-internal:///…evelopment.js:22926
commitLayoutEffectOnFiber @ webpack-internal:///…evelopment.js:21577
recursivelyTraverseLayoutEffects @ webpack-internal:///…evelopment.js:22926
commitLayoutEffectOnFiber @ webpack-internal:///…evelopment.js:21577
recursivelyTraverseLayoutEffects @ webpack-internal:///…evelopment.js:22926
commitLayoutEffectOnFiber @ webpack-internal:///…evelopment.js:21577
recursivelyTraverseLayoutEffects @ webpack-internal:///…evelopment.js:22926
commitLayoutEffectOnFiber @ webpack-internal:///…evelopment.js:21437
commitLayoutEffects @ webpack-internal:///…evelopment.js:22912
commitRootImpl @ webpack-internal:///…evelopment.js:26226
commitRoot @ webpack-internal:///…evelopment.js:26077
commitRootWhenReady @ webpack-internal:///…evelopment.js:24749
finishConcurrentRender @ webpack-internal:///…evelopment.js:24714
performConcurrentWorkOnRoot @ webpack-internal:///…evelopment.js:24559
workLoop @ webpack-internal:///….development.js:256
flushWork @ webpack-internal:///….development.js:225
performWorkUntilDeadline @ webpack-internal:///….development.js:534
15:56:58.689  [CallModal] 🔄 Waiting for stream to become active for cmeifml0h001okung0i95m8s6
15:56:58.693  ChatSidebar: Conversations updated, count: 4
15:56:58.693  ChatSidebar: Latest conversation: cmfbwdnf60000kuzg41ovkra2 last message: cmfc8zta3000bkulfrpl6vutn
15:56:58.694  [VoiceActivity] Effect triggered: {hasStream: true, streamId: '34fa4aea-da9c-415d-afda-d1f0034b119c', audioTracks: 0, threshold: -40}
15:56:58.694  [VoiceActivity] No audio tracks in stream, cleaning up
15:56:58.695  [CallModal] Initialized active participants (excluding self): ['cmeifml0h001okung0i95m8s6']
15:56:58.695  [CallModal] Skipping connection verification - no WebRTC or participants
15:56:58.696  [VoiceActivity] Effect triggered: {hasStream: true, streamId: '34fa4aea-da9c-415d-afda-d1f0034b119c', audioTracks: 0, threshold: -40}
15:56:58.696  [VoiceActivity] No audio tracks in stream, cleaning up
15:56:58.697  [CallModal] Rendered - voice call opened
15:56:58.697  [CallModal] Rendered - voice call opened
15:56:58.700  [VoiceParticipant] Tester voice activity debug: {participantId: 'cmeifml0h001okung0i95m8s6', hasOriginalStream: true, hasLatestStream: true, streamActive: false, audioTracksCount: 0, …}
15:56:58.702  [CallModal] 🔊 Setting up audio element for participant cmeifml0h001okung0i95m8s6
15:56:58.702  [CallModal] Stream details: {id: '34fa4aea-da9c-415d-afda-d1f0034b119c', active: false, audioTracks: Array(0)}
15:56:58.703  [CallModal] Previous audio element for cmeifml0h001okung0i95m8s6: false
15:56:58.705  [CallModal] Cleared previous srcObject for cmeifml0h001okung0i95m8s6
15:56:58.706  [CallModal] 🔄 Stream not ready, waiting...
15:56:58.707  [CallModal] ❌ Initial audio play failed for cmeifml0h001okung0i95m8s6: 
attemptPlay @ webpack-internal:///…/CallModal.tsx:3124
ref @ webpack-internal:///…/CallModal.tsx:3158
commitAttachRef @ webpack-internal:///…evelopment.js:21677
safelyAttachRef @ webpack-internal:///…evelopment.js:20803
commitLayoutEffectOnFiber @ webpack-internal:///…evelopment.js:21498
recursivelyTraverseLayoutEffects @ webpack-internal:///…evelopment.js:22926
commitLayoutEffectOnFiber @ webpack-internal:///…evelopment.js:21577
recursivelyTraverseLayoutEffects @ webpack-internal:///…evelopment.js:22926
commitLayoutEffectOnFiber @ webpack-internal:///…evelopment.js:21488
recursivelyTraverseLayoutEffects @ webpack-internal:///…evelopment.js:22926
commitLayoutEffectOnFiber @ webpack-internal:///…evelopment.js:21488
recursivelyTraverseLayoutEffects @ webpack-internal:///…evelopment.js:22926
commitLayoutEffectOnFiber @ webpack-internal:///…evelopment.js:21488
recursivelyTraverseLayoutEffects @ webpack-internal:///…evelopment.js:22926
commitLayoutEffectOnFiber @ webpack-internal:///…evelopment.js:21488
recursivelyTraverseLayoutEffects @ webpack-internal:///…evelopment.js:22926
commitLayoutEffectOnFiber @ webpack-internal:///…evelopment.js:21407
recursivelyTraverseLayoutEffects @ webpack-internal:///…evelopment.js:22926
commitLayoutEffectOnFiber @ webpack-internal:///…evelopment.js:21407
recursivelyTraverseLayoutEffects @ webpack-internal:///…evelopment.js:22926
commitLayoutEffectOnFiber @ webpack-internal:///…evelopment.js:21577
recursivelyTraverseLayoutEffects @ webpack-internal:///…evelopment.js:22926
commitLayoutEffectOnFiber @ webpack-internal:///…evelopment.js:21407
recursivelyTraverseLayoutEffects @ webpack-internal:///…evelopment.js:22926
commitLayoutEffectOnFiber @ webpack-internal:///…evelopment.js:21577
recursivelyTraverseLayoutEffects @ webpack-internal:///…evelopment.js:22926
commitLayoutEffectOnFiber @ webpack-internal:///…evelopment.js:21407
recursivelyTraverseLayoutEffects @ webpack-internal:///…evelopment.js:22926
commitLayoutEffectOnFiber @ webpack-internal:///…evelopment.js:21577
recursivelyTraverseLayoutEffects @ webpack-internal:///…evelopment.js:22926
commitLayoutEffectOnFiber @ webpack-internal:///…evelopment.js:21407
recursivelyTraverseLayoutEffects @ webpack-internal:///…evelopment.js:22926
commitLayoutEffectOnFiber @ webpack-internal:///…evelopment.js:21577
recursivelyTraverseLayoutEffects @ webpack-internal:///…evelopment.js:22926
commitLayoutEffectOnFiber @ webpack-internal:///…evelopment.js:21407
recursivelyTraverseLayoutEffects @ webpack-internal:///…evelopment.js:22926
commitLayoutEffectOnFiber @ webpack-internal:///…evelopment.js:21407
recursivelyTraverseLayoutEffects @ webpack-internal:///…evelopment.js:22926
commitLayoutEffectOnFiber @ webpack-internal:///…evelopment.js:21488
recursivelyTraverseLayoutEffects @ webpack-internal:///…evelopment.js:22926
commitLayoutEffectOnFiber @ webpack-internal:///…evelopment.js:21488
recursivelyTraverseLayoutEffects @ webpack-internal:///…evelopment.js:22926
commitLayoutEffectOnFiber @ webpack-internal:///…evelopment.js:21577
recursivelyTraverseLayoutEffects @ webpack-internal:///…evelopment.js:22926
commitLayoutEffectOnFiber @ webpack-internal:///…evelopment.js:21577
recursivelyTraverseLayoutEffects @ webpack-internal:///…evelopment.js:22926
commitLayoutEffectOnFiber @ webpack-internal:///…evelopment.js:21418
recursivelyTraverseLayoutEffects @ webpack-internal:///…evelopment.js:22926
commitLayoutEffectOnFiber @ webpack-internal:///…evelopment.js:21407
recursivelyTraverseLayoutEffects @ webpack-internal:///…evelopment.js:22926
commitLayoutEffectOnFiber @ webpack-internal:///…evelopment.js:21577
recursivelyTraverseLayoutEffects @ webpack-internal:///…evelopment.js:22926
commitLayoutEffectOnFiber @ webpack-internal:///…evelopment.js:21418
recursivelyTraverseLayoutEffects @ webpack-internal:///…evelopment.js:22926
commitLayoutEffectOnFiber @ webpack-internal:///…evelopment.js:21407
recursivelyTraverseLayoutEffects @ webpack-internal:///…evelopment.js:22926
commitLayoutEffectOnFiber @ webpack-internal:///…evelopment.js:21407
recursivelyTraverseLayoutEffects @ webpack-internal:///…evelopment.js:22926
commitLayoutEffectOnFiber @ webpack-internal:///…evelopment.js:21418
recursivelyTraverseLayoutEffects @ webpack-internal:///…evelopment.js:22926
commitLayoutEffectOnFiber @ webpack-internal:///…evelopment.js:21407
recursivelyTraverseLayoutEffects @ webpack-internal:///…evelopment.js:22926
commitLayoutEffectOnFiber @ webpack-internal:///…evelopment.js:21577
recursivelyTraverseLayoutEffects @ webpack-internal:///…evelopment.js:22926
commitLayoutEffectOnFiber @ webpack-internal:///…evelopment.js:21577
recursivelyTraverseLayoutEffects @ webpack-internal:///…evelopment.js:22926
commitLayoutEffectOnFiber @ webpack-internal:///…evelopment.js:21577
recursivelyTraverseLayoutEffects @ webpack-internal:///…evelopment.js:22926
commitLayoutEffectOnFiber @ webpack-internal:///…evelopment.js:21577
recursivelyTraverseLayoutEffects @ webpack-internal:///…evelopment.js:22926
commitLayoutEffectOnFiber @ webpack-internal:///…evelopment.js:21577
recursivelyTraverseLayoutEffects @ webpack-internal:///…evelopment.js:22926
commitLayoutEffectOnFiber @ webpack-internal:///…evelopment.js:21577
recursivelyTraverseLayoutEffects @ webpack-internal:///…evelopment.js:22926
commitLayoutEffectOnFiber @ webpack-internal:///…evelopment.js:21407
recursivelyTraverseLayoutEffects @ webpack-internal:///…evelopment.js:22926
commitLayoutEffectOnFiber @ webpack-internal:///…evelopment.js:21418
recursivelyTraverseLayoutEffects @ webpack-internal:///…evelopment.js:22926
commitLayoutEffectOnFiber @ webpack-internal:///…evelopment.js:21407
recursivelyTraverseLayoutEffects @ webpack-internal:///…evelopment.js:22926
commitLayoutEffectOnFiber @ webpack-internal:///…evelopment.js:21407
recursivelyTraverseLayoutEffects @ webpack-internal:///…evelopment.js:22926
commitLayoutEffectOnFiber @ webpack-internal:///…evelopment.js:21407
recursivelyTraverseLayoutEffects @ webpack-internal:///…evelopment.js:22926
commitLayoutEffectOnFiber @ webpack-internal:///…evelopment.js:21407
recursivelyTraverseLayoutEffects @ webpack-internal:///…evelopment.js:22926
commitLayoutEffectOnFiber @ webpack-internal:///…evelopment.js:21577
recursivelyTraverseLayoutEffects @ webpack-internal:///…evelopment.js:22926
commitLayoutEffectOnFiber @ webpack-internal:///…evelopment.js:21577
recursivelyTraverseLayoutEffects @ webpack-internal:///…evelopment.js:22926
commitLayoutEffectOnFiber @ webpack-internal:///…evelopment.js:21577
recursivelyTraverseLayoutEffects @ webpack-internal:///…evelopment.js:22926
commitLayoutEffectOnFiber @ webpack-internal:///…evelopment.js:21437
commitLayoutEffects @ webpack-internal:///…evelopment.js:22912
commitRootImpl @ webpack-internal:///…evelopment.js:26226
commitRoot @ webpack-internal:///…evelopment.js:26077
commitRootWhenReady @ webpack-internal:///…evelopment.js:24749
finishConcurrentRender @ webpack-internal:///…evelopment.js:24714
performConcurrentWorkOnRoot @ webpack-internal:///…evelopment.js:24559
workLoop @ webpack-internal:///….development.js:256
flushWork @ webpack-internal:///….development.js:225
performWorkUntilDeadline @ webpack-internal:///….development.js:534
15:56:58.707  [CallModal] 🔄 Waiting for stream to become active for cmeifml0h001okung0i95m8s6
15:56:58.709  [VoiceActivity] Effect triggered: {hasStream: true, streamId: '34fa4aea-da9c-415d-afda-d1f0034b119c', audioTracks: 0, threshold: -40}
15:56:58.710  [VoiceActivity] No audio tracks in stream, cleaning up
15:56:58.710  [VoiceActivity] Effect triggered: {hasStream: true, streamId: '34fa4aea-da9c-415d-afda-d1f0034b119c', audioTracks: 0, threshold: -40}
15:56:58.710  [VoiceActivity] No audio tracks in stream, cleaning up
15:56:58.713  [CallModal] Skipping connection verification - no WebRTC or participants
15:56:58.719  [CallModal] Rendered - voice call opened
15:56:58.719  [CallModal] Rendered - voice call opened
15:56:58.931  [CallModal] Updated peer connections for performance monitoring: 2
15:56:58.931  [CallModal] Peer connection participants: (2) ['cmeifml0h001okung0i95m8s6', 'cmeifn5qp002dkunge64m0xss']
