10:19:48.376  [CallModal] Audio canplay event for cmeifn5qp002dkunge64m0xss
10:19:48.376  [CallModal] Audio canplay event for cmeifn5qp002dkunge64m0xss
10:19:48.376  [CallModal] Audio canplay event for cmeifn5qp002dkunge64m0xss
10:19:48.376  [CallModal] Audio canplay event for cmeifn5qp002dkunge64m0xss
10:19:48.376  [CallModal] Audio canplay event for cmeifn5qp002dkunge64m0xss
10:19:48.376  [CallModal] Audio canplay event for cmeifn5qp002dkunge64m0xss
10:19:48.376  [CallModal] Audio canplay event for cmeifn5qp002dkunge64m0xss
10:19:48.376  [CallModal] Audio canplay event for cmeifn5qp002dkunge64m0xss
10:19:48.376  [CallModal] Audio canplay event for cmeifn5qp002dkunge64m0xss
10:19:48.376  [CallModal] Audio is playing for cmeifn5qp002dkunge64m0xss
10:19:48.376  [CallModal] ✅ Audio playing immediately for participant cmeifn5qp002dkunge64m0xss
10:19:48.376  [CallModal] ✅ Audio playing immediately for participant cmeifn5qp002dkunge64m0xss
10:19:48.376  [CallModal] ✅ Audio playing immediately for participant cmeifn5qp002dkunge64m0xss
10:19:48.376  [CallModal] ✅ Audio playing immediately for participant cmeifn5qp002dkunge64m0xss
10:19:48.376  [CallModal] ✅ Audio playing immediately for participant cmeifn5qp002dkunge64m0xss
10:19:48.376  [CallModal] ✅ Audio playing immediately for participant cmeifn5qp002dkunge64m0xss
10:19:48.376  [CallModal] ✅ Audio playing immediately for participant cmeifn5qp002dkunge64m0xss
10:19:48.376  [CallModal] ✅ Audio playing immediately for participant cmeifn5qp002dkunge64m0xss
10:19:48.376  [CallModal] ✅ Audio playing immediately for participant cmeifn5qp002dkunge64m0xss
10:19:48.376  [CallModal] ✅ Audio playing immediately for participant cmeifn5qp002dkunge64m0xss
10:19:48.376  [CallModal] ✅ Audio playing immediately for participant cmeifn5qp002dkunge64m0xss
10:19:48.376  [CallModal] ✅ Audio playing immediately for participant cmeifn5qp002dkunge64m0xss
10:19:48.376  [CallModal] ✅ Audio playing immediately for participant cmeifn5qp002dkunge64m0xss
10:19:48.376  [CallModal] ✅ Audio playing immediately for participant cmeifn5qp002dkunge64m0xss
10:19:48.376  [CallModal] ✅ Audio playing immediately for participant cmeifn5qp002dkunge64m0xss
10:19:48.376  [CallModal] ✅ Audio playing immediately for participant cmeifn5qp002dkunge64m0xss
10:19:48.376  [CallModal] ✅ Audio playing immediately for participant cmeifn5qp002dkunge64m0xss
10:19:48.376  [CallModal] ✅ Audio playing immediately for participant cmeifn5qp002dkunge64m0xss
10:19:48.376  [CallModal] ✅ Audio playing immediately for participant cmeifn5qp002dkunge64m0xss
10:19:48.376  [CallModal] ✅ Audio playing immediately for participant cmeifn5qp002dkunge64m0xss
10:19:48.376  [CallModal] ✅ Audio playing immediately for participant cmeifn5qp002dkunge64m0xss
10:19:48.376  SocketContext: Additional heartbeat sent after becoming visible
10:19:48.377  [CallModal] Rendered - voice call opened
10:19:48.377  [CallModal] Rendered - voice call opened
10:19:48.377  [VoiceParticipant] Zber Samolde voice activity debug: Object
10:19:48.377  [VoiceParticipant] Zber Samolde voice activity debug: Object
10:19:48.377  [VoiceParticipant] Tester2 voice activity debug: Object
10:19:48.377  [VoiceParticipant] Tester2 voice activity debug: Object
10:19:48.378  [CallModal] 🔊 Setting up audio element for participant cmeifn5qp002dkunge64m0xss
10:19:48.379  [CallModal] Stream details: Object
10:19:48.379  [CallModal] Previous audio element for cmeifn5qp002dkunge64m0xss: false
10:19:48.379  [CallModal] Cleared previous srcObject for cmeifn5qp002dkunge64m0xss
10:19:48.380  [VoiceActivity] Effect triggered: Object
10:19:48.380  [VoiceActivity] No stream provided, cleaning up
10:19:48.380  [VoiceActivity] Effect triggered: Object
10:19:48.380  [VoiceActivity] Initializing for stream: 11f1cb2e-ff24-4f0a-9e82-dab593c0342f with 1 audio tracks
10:19:48.380  [VoiceActivity] Effect triggered: Object
10:19:48.380  [VoiceActivity] No stream provided, cleaning up
10:19:48.380  [VoiceActivity] Effect triggered: Object
10:19:48.380  [VoiceActivity] Initializing for stream: 11f1cb2e-ff24-4f0a-9e82-dab593c0342f with 1 audio tracks
10:19:48.513  [CallModal] Rendered - voice call opened
10:19:48.513  [CallModal] Rendered - voice call opened
10:19:48.514  [CallModal] Audio loadeddata event for cmeifn5qp002dkunge64m0xss
10:19:48.514  [CallModal] Audio can play for cmeifn5qp002dkunge64m0xss
10:19:48.514  [CallModal] Audio canplay event for cmeifn5qp002dkunge64m0xss
10:19:48.514  [CallModal] Audio is playing for cmeifn5qp002dkunge64m0xss
10:19:48.514  [CallModal] ✅ Audio playing immediately for participant cmeifn5qp002dkunge64m0xss
10:19:48.515  [CallModal] ✅ Audio playing immediately for participant cmeifn5qp002dkunge64m0xss
10:19:48.515  [CallModal] ✅ Audio playing immediately for participant cmeifn5qp002dkunge64m0xss
10:19:48.590  [CallModal] Rendered - voice call opened
10:19:48.590  [CallModal] Rendered - voice call opened
10:19:48.591  [VoiceParticipant] Zber Samolde voice activity debug: Object
10:19:48.591  [VoiceParticipant] Zber Samolde voice activity debug: Object
10:19:48.591  [VoiceParticipant] Tester2 voice activity debug: Object
10:19:48.591  [VoiceParticipant] Tester2 voice activity debug: Object
10:19:48.591  [CallModal] 🔊 Setting up audio element for participant cmeifn5qp002dkunge64m0xss
10:19:48.591  [CallModal] Stream details: Object
10:19:48.591  [CallModal] Previous audio element for cmeifn5qp002dkunge64m0xss: false
10:19:48.592  [CallModal] Cleared previous srcObject for cmeifn5qp002dkunge64m0xss
10:19:48.593  [VoiceActivity] Effect triggered: Object
10:19:48.593  [VoiceActivity] No stream provided, cleaning up
10:19:48.593  [VoiceActivity] Effect triggered: Object
10:19:48.593  [VoiceActivity] Initializing for stream: 11f1cb2e-ff24-4f0a-9e82-dab593c0342f with 1 audio tracks
10:19:48.593  [VoiceActivity] Effect triggered: Object
10:19:48.593  [VoiceActivity] No stream provided, cleaning up
10:19:48.593  [VoiceActivity] Effect triggered: Object
10:19:48.593  [VoiceActivity] Initializing for stream: 11f1cb2e-ff24-4f0a-9e82-dab593c0342f with 1 audio tracks
10:19:48.674  [CallModal] Audio loadeddata event for cmeifn5qp002dkunge64m0xss
10:19:48.674  [CallModal] Audio can play for cmeifn5qp002dkunge64m0xss
10:19:48.675  [CallModal] Audio canplay event for cmeifn5qp002dkunge64m0xss
10:19:48.675  [CallModal] Audio is playing for cmeifn5qp002dkunge64m0xss
10:19:48.675  [CallModal] ✅ Audio playing immediately for participant cmeifn5qp002dkunge64m0xss
10:19:48.675  [CallModal] ✅ Audio playing immediately for participant cmeifn5qp002dkunge64m0xss
10:19:48.675  [CallModal] ✅ Audio playing immediately for participant cmeifn5qp002dkunge64m0xss
10:19:48.676  [CallModal] 🔍 Connection verification:
10:19:48.676  [CallModal] - Expected participants: Array(2)
10:19:48.676  [CallModal] - Active connections: Array(2)
10:19:48.676  [CallModal] ✅ All expected WebRTC connections are active
10:19:48.676  [CallModal] Rendered - voice call opened
10:19:48.676  [CallModal] Rendered - voice call opened
10:19:48.679  [VoiceActivity] Volume analysis: Object
10:19:48.694  [CallModal] Rendered - voice call opened
10:19:48.694  [CallModal] Rendered - voice call opened
10:19:48.695  [VoiceParticipant] Zber Samolde voice activity debug: Object
10:19:48.695  [VoiceParticipant] Zber Samolde voice activity debug: Object
10:19:48.695  [VoiceParticipant] Tester2 voice activity debug: Object
10:19:48.695  [VoiceParticipant] Tester2 voice activity debug: Object
10:19:48.696  [CallModal] 🔊 Setting up audio element for participant cmeifn5qp002dkunge64m0xss
10:19:48.696  [CallModal] Stream details: Object
10:19:48.696  [CallModal] Previous audio element for cmeifn5qp002dkunge64m0xss: false
10:19:48.696  [CallModal] Cleared previous srcObject for cmeifn5qp002dkunge64m0xss
10:19:48.696  [VoiceActivity] Effect triggered: Object
10:19:48.697  [VoiceActivity] No stream provided, cleaning up
10:19:48.697  [VoiceActivity] Effect triggered: Object
10:19:48.697  [VoiceActivity] Initializing for stream: 11f1cb2e-ff24-4f0a-9e82-dab593c0342f with 1 audio tracks
10:19:48.697  [VoiceActivity] Effect triggered: Object
10:19:48.697  [VoiceActivity] No stream provided, cleaning up
10:19:48.697  [VoiceActivity] Effect triggered: Object
10:19:48.697  [VoiceActivity] Initializing for stream: 11f1cb2e-ff24-4f0a-9e82-dab593c0342f with 1 audio tracks
10:19:48.853  [CallModal] Audio loadeddata event for cmeifn5qp002dkunge64m0xss
10:19:48.853  [CallModal] Audio can play for cmeifn5qp002dkunge64m0xss
10:19:48.853  [CallModal] Audio canplay event for cmeifn5qp002dkunge64m0xss
10:19:48.853  [CallModal] Audio is playing for cmeifn5qp002dkunge64m0xss
10:19:48.853  [CallModal] ✅ Audio playing immediately for participant cmeifn5qp002dkunge64m0xss
10:19:48.853  [CallModal] ✅ Audio playing immediately for participant cmeifn5qp002dkunge64m0xss
10:19:48.853  [CallModal] ✅ Audio playing immediately for participant cmeifn5qp002dkunge64m0xss
10:19:48.853  [CallModal] 🔍 Connection verification:
10:19:48.853  [CallModal] - Expected participants: Array(2)
10:19:48.853  [CallModal] - Active connections: Array(2)
10:19:48.853  [CallModal] ✅ All expected WebRTC connections are active
10:19:48.854  [CallModal] Rendered - voice call opened
10:19:48.854  [CallModal] Rendered - voice call opened
10:19:49.002  [CallModal] Rendered - voice call opened
10:19:49.002  [CallModal] Rendered - voice call opened
10:19:49.003  [VoiceParticipant] Zber Samolde voice activity debug: Object
10:19:49.003  [VoiceParticipant] Zber Samolde voice activity debug: Object
10:19:49.003  [VoiceParticipant] Tester2 voice activity debug: Object
10:19:49.003  [VoiceParticipant] Tester2 voice activity debug: Object
10:19:49.004  [CallModal] 🔊 Setting up audio element for participant cmeifn5qp002dkunge64m0xss
10:19:49.004  [CallModal] Stream details: Object
10:19:49.004  [CallModal] Previous audio element for cmeifn5qp002dkunge64m0xss: false
10:19:49.004  [CallModal] Cleared previous srcObject for cmeifn5qp002dkunge64m0xss
10:19:49.005  [VoiceActivity] Effect triggered: Object
10:19:49.005  [VoiceActivity] No stream provided, cleaning up
10:19:49.005  [VoiceActivity] Effect triggered: Object
10:19:49.005  [VoiceActivity] Initializing for stream: 11f1cb2e-ff24-4f0a-9e82-dab593c0342f with 1 audio tracks
10:19:49.006  [VoiceActivity] Effect triggered: Object
10:19:49.006  [VoiceActivity] No stream provided, cleaning up
10:19:49.006  [VoiceActivity] Effect triggered: Object
10:19:49.006  [VoiceActivity] Initializing for stream: 11f1cb2e-ff24-4f0a-9e82-dab593c0342f with 1 audio tracks
10:19:49.106  Updated online status for user cmeifn5qp002dkunge64m0xss in conversation cmew64hqq0008kud8i3zywuwd
10:19:49.106  Updated online status for user cmeifn5qp002dkunge64m0xss in conversation cmew64hqq0008kud8i3zywuwd
10:19:49.106  [CallModal] Audio loadeddata event for cmeifn5qp002dkunge64m0xss
10:19:49.107  [CallModal] Audio can play for cmeifn5qp002dkunge64m0xss
10:19:49.107  [CallModal] Audio canplay event for cmeifn5qp002dkunge64m0xss
10:19:49.107  [CallModal] Audio is playing for cmeifn5qp002dkunge64m0xss
10:19:49.107  [CallModal] ✅ Audio playing immediately for participant cmeifn5qp002dkunge64m0xss
10:19:49.107  [CallModal] ✅ Audio playing immediately for participant cmeifn5qp002dkunge64m0xss
10:19:49.107  [CallModal] ✅ Audio playing immediately for participant cmeifn5qp002dkunge64m0xss
10:19:49.107  [CallModal] 🔍 Connection verification:
10:19:49.107  [CallModal] - Expected participants: Array(2)
10:19:49.107  [CallModal] - Active connections: Array(2)
10:19:49.107  [CallModal] ✅ All expected WebRTC connections are active
10:19:49.109  🏠 ChatWindow mounted/re-rendered with conversationId: cmfbwdnf60000kuzg41ovkra2
10:19:49.109  🏠 ChatWindow mounted/re-rendered with conversationId: cmfbwdnf60000kuzg41ovkra2
10:19:49.110  [CallModal] Rendered - voice call opened
10:19:49.110  [CallModal] Rendered - voice call opened
10:19:49.111  [VoiceParticipant] Zber Samolde voice activity debug: Object
10:19:49.111  [VoiceParticipant] Zber Samolde voice activity debug: Object
10:19:49.111  [VoiceParticipant] Tester2 voice activity debug: Object
10:19:49.111  [VoiceParticipant] Tester2 voice activity debug: Object
10:19:49.112  [CallModal] 🔊 Setting up audio element for participant cmeifn5qp002dkunge64m0xss
10:19:49.112  [CallModal] Stream details: Object
10:19:49.112  [CallModal] Previous audio element for cmeifn5qp002dkunge64m0xss: false
10:19:49.114  [CallModal] Cleared previous srcObject for cmeifn5qp002dkunge64m0xss
10:19:49.151  ChatSidebar: Conversations updated, count: 5
10:19:49.152  ChatSidebar: Latest conversation: cmfbwdnf60000kuzg41ovkra2 last message: cmfbx8gcx0007kutn3b3m0jwd
10:19:49.152  [VoiceActivity] Effect triggered: Object
10:19:49.152  [VoiceActivity] No stream provided, cleaning up
10:19:49.152  [VoiceActivity] Effect triggered: Object
10:19:49.152  [VoiceActivity] Initializing for stream: 11f1cb2e-ff24-4f0a-9e82-dab593c0342f with 1 audio tracks
10:19:49.152  [CallModal] Initialized active participants (excluding self): Array(2)
10:19:49.152  [CallModal] 🔍 Connection verification:
10:19:49.152  [CallModal] - Expected participants: Array(2)
10:19:49.152  [CallModal] - Active connections: Array(2)
10:19:49.152  [CallModal] ✅ All expected WebRTC connections are active
10:19:49.153  🔄 ChatWindow: Conversation participants count: 3
10:19:49.153  🔄 ChatWindow: Participants: Array(3)
10:19:49.153  [VoiceActivity] Effect triggered: Object
10:19:49.153  [VoiceActivity] No stream provided, cleaning up
10:19:49.153  [VoiceActivity] Effect triggered: Object
10:19:49.153  [VoiceActivity] Initializing for stream: 11f1cb2e-ff24-4f0a-9e82-dab593c0342f with 1 audio tracks
10:19:49.153  🏠 ChatWindow mounted/re-rendered with conversationId: cmfbwdnf60000kuzg41ovkra2
10:19:49.153  🏠 ChatWindow mounted/re-rendered with conversationId: cmfbwdnf60000kuzg41ovkra2
10:19:49.154  [CallModal] Rendered - voice call opened
10:19:49.155  [CallModal] Rendered - voice call opened
10:19:49.155  [VoiceParticipant] Zber Samolde voice activity debug: Object
10:19:49.155  [VoiceParticipant] Zber Samolde voice activity debug: Object
10:19:49.155  [VoiceParticipant] Tester2 voice activity debug: Object
10:19:49.155  [VoiceParticipant] Tester2 voice activity debug: Object
10:19:49.156  [CallModal] 🔊 Setting up audio element for participant cmeifn5qp002dkunge64m0xss
10:19:49.156  [CallModal] Stream details: Object
10:19:49.156  [CallModal] Previous audio element for cmeifn5qp002dkunge64m0xss: false
10:19:49.157  [CallModal] Cleared previous srcObject for cmeifn5qp002dkunge64m0xss
10:19:49.157  [CallModal] ✅ Audio playing immediately for participant cmeifn5qp002dkunge64m0xss
10:19:49.245  [VoiceActivity] Effect triggered: Object
10:19:49.245  [VoiceActivity] No stream provided, cleaning up
10:19:49.245  [VoiceActivity] Effect triggered: Object
10:19:49.245  [VoiceActivity] Initializing for stream: 11f1cb2e-ff24-4f0a-9e82-dab593c0342f with 1 audio tracks
10:19:49.246  [CallModal] Initialized active participants (excluding self): Array(2)
10:19:49.246  [CallModal] 🔍 Connection verification:
10:19:49.246  [CallModal] - Expected participants: Array(2)
10:19:49.246  [CallModal] - Active connections: Array(2)
10:19:49.246  [CallModal] ✅ All expected WebRTC connections are active
10:19:49.246  [VoiceActivity] Effect triggered: Object
10:19:49.246  [VoiceActivity] No stream provided, cleaning up
10:19:49.246  [VoiceActivity] Effect triggered: Object
10:19:49.246  [VoiceActivity] Initializing for stream: 11f1cb2e-ff24-4f0a-9e82-dab593c0342f with 1 audio tracks
10:19:49.247  [CallModal] Rendered - voice call opened
10:19:49.247  [CallModal] Rendered - voice call opened
10:19:49.248  [VoiceParticipant] Zber Samolde voice activity debug: Object
10:19:49.248  [VoiceParticipant] Zber Samolde voice activity debug: Object
10:19:49.248  [VoiceParticipant] Tester2 voice activity debug: Object
10:19:49.248  [VoiceParticipant] Tester2 voice activity debug: Object
10:19:49.249  [CallModal] 🔊 Setting up audio element for participant cmeifn5qp002dkunge64m0xss
10:19:49.249  [CallModal] Stream details: Object
10:19:49.249  [CallModal] Previous audio element for cmeifn5qp002dkunge64m0xss: false
10:19:49.250  [CallModal] Cleared previous srcObject for cmeifn5qp002dkunge64m0xss
10:19:49.250  [CallModal] ✅ Audio playing immediately for participant cmeifn5qp002dkunge64m0xss
10:19:49.254  [CallModal] 🔍 Connection verification:
10:19:49.254  [CallModal] - Expected participants: Array(2)
10:19:49.254  [CallModal] - Active connections: Array(2)
10:19:49.254  [CallModal] ✅ All expected WebRTC connections are active
10:19:49.254  [CallModal] 🔍 Connection verification:
10:19:49.254  [CallModal] - Expected participants: Array(2)
10:19:49.254  [CallModal] - Active connections: Array(2)
10:19:49.254  [CallModal] ✅ All expected WebRTC connections are active
10:19:49.254  [CallModal] 🔍 Connection verification:
10:19:49.254  [CallModal] - Expected participants: Array(2)
10:19:49.254  [CallModal] - Active connections: Array(2)
10:19:49.254  [CallModal] ✅ All expected WebRTC connections are active
10:19:49.308  [VoiceActivity] Effect triggered: Object
10:19:49.308  [VoiceActivity] No stream provided, cleaning up
10:19:49.308  [VoiceActivity] Effect triggered: Object
10:19:49.308  [VoiceActivity] Initializing for stream: 11f1cb2e-ff24-4f0a-9e82-dab593c0342f with 1 audio tracks
10:19:49.309  [VoiceActivity] Effect triggered: Object
10:19:49.309  [VoiceActivity] No stream provided, cleaning up
10:19:49.309  [VoiceActivity] Effect triggered: Object
10:19:49.309  [VoiceActivity] Initializing for stream: 11f1cb2e-ff24-4f0a-9e82-dab593c0342f with 1 audio tracks
10:19:49.310  [CallModal] Rendered - voice call opened
10:19:49.310  [CallModal] Rendered - voice call opened
10:19:49.312  [CallModal] Audio loadeddata event for cmeifn5qp002dkunge64m0xss
10:19:49.312  [CallModal] Audio loadeddata event for cmeifn5qp002dkunge64m0xss
10:19:49.312  [CallModal] Audio loadeddata event for cmeifn5qp002dkunge64m0xss
10:19:49.313  [CallModal] Audio can play for cmeifn5qp002dkunge64m0xss
10:19:49.313  [CallModal] Audio canplay event for cmeifn5qp002dkunge64m0xss
10:19:49.313  [CallModal] Audio canplay event for cmeifn5qp002dkunge64m0xss
10:19:49.313  [CallModal] Audio canplay event for cmeifn5qp002dkunge64m0xss
10:19:49.313  [CallModal] Audio is playing for cmeifn5qp002dkunge64m0xss
10:19:49.313  [CallModal] ✅ Audio playing immediately for participant cmeifn5qp002dkunge64m0xss
10:19:49.313  [CallModal] ✅ Audio playing immediately for participant cmeifn5qp002dkunge64m0xss
10:19:49.313  [CallModal] ✅ Audio playing immediately for participant cmeifn5qp002dkunge64m0xss
10:19:49.313  [CallModal] ✅ Audio playing immediately for participant cmeifn5qp002dkunge64m0xss
10:19:49.313  [CallModal] ✅ Audio playing immediately for participant cmeifn5qp002dkunge64m0xss
10:19:49.313  [CallModal] ✅ Audio playing immediately for participant cmeifn5qp002dkunge64m0xss
10:19:49.313  [CallModal] ✅ Audio playing immediately for participant cmeifn5qp002dkunge64m0xss
10:19:49.332  [CallModal] Rendered - voice call opened
10:19:49.332  [CallModal] Rendered - voice call opened
10:19:49.333  [VoiceParticipant] Zber Samolde voice activity debug: Object
10:19:49.333  [VoiceParticipant] Zber Samolde voice activity debug: Object
10:19:49.333  [VoiceParticipant] Tester2 voice activity debug: Object
10:19:49.333  [VoiceParticipant] Tester2 voice activity debug: Object
10:19:49.334  [CallModal] 🔊 Setting up audio element for participant cmeifn5qp002dkunge64m0xss
10:19:49.334  [CallModal] Stream details: Object
10:19:49.334  [CallModal] Previous audio element for cmeifn5qp002dkunge64m0xss: false
10:19:49.335  [CallModal] Cleared previous srcObject for cmeifn5qp002dkunge64m0xss
10:19:49.335  [VoiceActivity] Effect triggered: Object
10:19:49.335  [VoiceActivity] No stream provided, cleaning up
10:19:49.335  [VoiceActivity] Effect triggered: Object
10:19:49.335  [VoiceActivity] Initializing for stream: 11f1cb2e-ff24-4f0a-9e82-dab593c0342f with 1 audio tracks
10:19:49.336  [VoiceActivity] Effect triggered: Object
10:19:49.336  [VoiceActivity] No stream provided, cleaning up
10:19:49.336  [VoiceActivity] Effect triggered: Object
10:19:49.336  [VoiceActivity] Initializing for stream: 11f1cb2e-ff24-4f0a-9e82-dab593c0342f with 1 audio tracks
10:19:49.453  [CallModal] Audio loadeddata event for cmeifn5qp002dkunge64m0xss
10:19:49.455  [CallModal] Audio can play for cmeifn5qp002dkunge64m0xss
10:19:49.456  [CallModal] Audio canplay event for cmeifn5qp002dkunge64m0xss
10:19:49.456  [CallModal] Audio is playing for cmeifn5qp002dkunge64m0xss
10:19:49.456  [CallModal] ✅ Audio playing immediately for participant cmeifn5qp002dkunge64m0xss
10:19:49.456  [CallModal] ✅ Audio playing immediately for participant cmeifn5qp002dkunge64m0xss
10:19:49.456  [CallModal] ✅ Audio playing immediately for participant cmeifn5qp002dkunge64m0xss
10:19:49.456  [CallModal] Rendered - voice call opened
10:19:49.456  [CallModal] Rendered - voice call opened
10:19:49.512  [VoiceActivity] Volume analysis: Object
10:19:49.524  [VoiceParticipant] Tester2 voice activity debug: Object
10:19:49.524  [VoiceParticipant] Tester2 voice activity debug: Object
10:19:49.546  [VoiceParticipant] Tester2 voice activity debug: Object
10:19:49.546  [VoiceParticipant] Tester2 voice activity debug: Object
10:19:49.569  [VoiceParticipant] Tester2 voice activity debug: Object
10:19:49.569  [VoiceParticipant] Tester2 voice activity debug: Object
10:19:49.573  [VoiceParticipant] Tester2 voice activity debug: Object
10:19:49.573  [VoiceParticipant] Tester2 voice activity debug: Object
10:19:49.600  [CallModal] 🔍 Connection verification:
10:19:49.600  [CallModal] - Expected participants: Array(2)
10:19:49.600  [CallModal] - Active connections: Array(2)
10:19:49.600  [CallModal] ✅ All expected WebRTC connections are active
10:19:49.669  NotificationContext: Page visibility changed to: false
10:19:49.670  SocketContext: Tab became hidden, maintaining aggressive background connection
10:19:49.673  🏠 ChatWindow mounted/re-rendered with conversationId: cmfbwdnf60000kuzg41ovkra2
10:19:49.674  🏠 ChatWindow mounted/re-rendered with conversationId: cmfbwdnf60000kuzg41ovkra2
10:19:49.676  [CallModal] Rendered - voice call opened
10:19:49.676  [CallModal] Rendered - voice call opened
10:19:49.677  [VoiceParticipant] Zber Samolde voice activity debug: Object
10:19:49.677  [VoiceParticipant] Zber Samolde voice activity debug: Object
10:19:49.677  [VoiceParticipant] Tester2 voice activity debug: Object
10:19:49.677  [VoiceParticipant] Tester2 voice activity debug: Object
10:19:49.679  [CallModal] 🔊 Setting up audio element for participant cmeifn5qp002dkunge64m0xss
10:19:49.680  [CallModal] Stream details: Object
10:19:49.680  [CallModal] Previous audio element for cmeifn5qp002dkunge64m0xss: false
10:19:49.681  [CallModal] Cleared previous srcObject for cmeifn5qp002dkunge64m0xss
10:19:49.765  🧹 GlobalNotificationListener: Cleaning up socket listener for new-notification
10:19:49.765  🌐 GlobalNotificationListener: useEffect triggered Object
10:19:49.765  🚀 GlobalNotificationListener: Setting up global socket listeners for user: cmeifml0h001okung0i95m8s6
10:19:49.765  🔄 GlobalNotificationListener: Re-emitted join-user-room for safety
10:19:49.765  ✅ GlobalNotificationListener: Socket listener registered for new-notification events
10:19:49.765  [VoiceActivity] Effect triggered: Object
10:19:49.765  [VoiceActivity] No stream provided, cleaning up
10:19:49.765  [VoiceActivity] Effect triggered: Object
10:19:49.765  [VoiceActivity] Initializing for stream: 11f1cb2e-ff24-4f0a-9e82-dab593c0342f with 1 audio tracks
10:19:49.836  [CallModal] Initialized active participants (excluding self): Array(2)
10:19:49.836  [CallModal] 🔍 Connection verification:
10:19:49.836  [CallModal] - Expected participants: Array(2)
10:19:49.836  [CallModal] - Active connections: Array(2)
10:19:49.836  [CallModal] ✅ All expected WebRTC connections are active
10:19:49.836  [VoiceActivity] Effect triggered: Object
10:19:49.836  [VoiceActivity] No stream provided, cleaning up
10:19:49.836  [VoiceActivity] Effect triggered: Object
10:19:49.836  [VoiceActivity] Initializing for stream: 11f1cb2e-ff24-4f0a-9e82-dab593c0342f with 1 audio tracks
10:19:49.838  [CallModal] Audio loadeddata event for cmeifn5qp002dkunge64m0xss
10:19:49.838  [CallModal] Audio can play for cmeifn5qp002dkunge64m0xss
10:19:49.838  [CallModal] Audio canplay event for cmeifn5qp002dkunge64m0xss
10:19:49.838  [CallModal] Audio is playing for cmeifn5qp002dkunge64m0xss
10:19:49.838  [CallModal] ✅ Audio playing immediately for participant cmeifn5qp002dkunge64m0xss
10:19:49.838  [CallModal] ✅ Audio playing immediately for participant cmeifn5qp002dkunge64m0xss
10:19:49.838  [CallModal] ✅ Audio playing immediately for participant cmeifn5qp002dkunge64m0xss
10:19:49.838  [CallModal] 🔍 Connection verification:
10:19:49.838  [CallModal] - Expected participants: Array(2)
10:19:49.838  [CallModal] - Active connections: Array(2)
10:19:49.838  [CallModal] ✅ All expected WebRTC connections are active
10:19:49.838  [CallModal] 🔍 Connection verification:
10:19:49.838  [CallModal] - Expected participants: Array(2)
10:19:49.838  [CallModal] - Active connections: Array(2)
10:19:49.838  [CallModal] ✅ All expected WebRTC connections are active
10:19:49.839  [CallModal] Rendered - voice call opened
10:19:49.839  [CallModal] Rendered - voice call opened
10:19:49.840  [VoiceParticipant] Zber Samolde voice activity debug: Object
10:19:49.840  [VoiceParticipant] Zber Samolde voice activity debug: Object
10:19:49.840  [VoiceParticipant] Tester2 voice activity debug: Object
10:19:49.840  [VoiceParticipant] Tester2 voice activity debug: Object
10:19:49.841  [CallModal] 🔊 Setting up audio element for participant cmeifn5qp002dkunge64m0xss
10:19:49.841  [CallModal] Stream details: Object
10:19:49.841  [CallModal] Previous audio element for cmeifn5qp002dkunge64m0xss: false
10:19:49.841  [CallModal] Cleared previous srcObject for cmeifn5qp002dkunge64m0xss
10:19:49.842  [VoiceActivity] Effect triggered: Object
10:19:49.842  [VoiceActivity] No stream provided, cleaning up
10:19:49.842  [VoiceActivity] Effect triggered: Object
10:19:49.842  [VoiceActivity] Initializing for stream: 11f1cb2e-ff24-4f0a-9e82-dab593c0342f with 1 audio tracks
10:19:49.842  [VoiceActivity] Effect triggered: Object
10:19:49.842  [VoiceActivity] No stream provided, cleaning up
10:19:49.842  [VoiceActivity] Effect triggered: Object
10:19:49.842  [VoiceActivity] Initializing for stream: 11f1cb2e-ff24-4f0a-9e82-dab593c0342f with 1 audio tracks
10:19:49.842  [CallModal] Updated peer connections for performance monitoring: 2
10:19:49.842  [CallModal] Peer connection participants: Array(2)
10:19:50.104  [CallModal] Rendered - voice call opened
10:19:50.105  [CallModal] Rendered - voice call opened
10:19:50.105  [VoiceParticipant] Zber Samolde voice activity debug: Object
10:19:50.105  [VoiceParticipant] Zber Samolde voice activity debug: Object
10:19:50.105  [VoiceParticipant] Tester2 voice activity debug: Object
10:19:50.105  [VoiceParticipant] Tester2 voice activity debug: Object
10:19:50.106  [CallModal] 🔊 Setting up audio element for participant cmeifn5qp002dkunge64m0xss
10:19:50.106  [CallModal] Stream details: Object
10:19:50.106  [CallModal] Previous audio element for cmeifn5qp002dkunge64m0xss: false
10:19:50.108  [CallModal] Cleared previous srcObject for cmeifn5qp002dkunge64m0xss
10:19:50.108  [VoiceActivity] Effect triggered: Object
10:19:50.108  [VoiceActivity] No stream provided, cleaning up
10:19:50.108  [VoiceActivity] Effect triggered: Object
10:19:50.108  [VoiceActivity] Initializing for stream: 11f1cb2e-ff24-4f0a-9e82-dab593c0342f with 1 audio tracks
10:19:50.109  [useCallPerformance] Connection states: Array(2)
10:19:50.109  [useCallPerformance] Starting monitoring for 2 valid connections
10:19:50.109  [VoiceActivity] Effect triggered: Object
10:19:50.109  [VoiceActivity] No stream provided, cleaning up
10:19:50.109  [VoiceActivity] Effect triggered: Object
10:19:50.109  [VoiceActivity] Initializing for stream: 11f1cb2e-ff24-4f0a-9e82-dab593c0342f with 1 audio tracks
10:19:50.109  [CallModal] ✅ Audio playing immediately for participant cmeifn5qp002dkunge64m0xss
10:19:50.109  [CallModal] 🔍 Connection verification:
10:19:50.109  [CallModal] - Expected participants: Array(2)
10:19:50.109  [CallModal] - Active connections: Array(2)
10:19:50.109  [CallModal] ✅ All expected WebRTC connections are active
10:19:50.185  [useCallPerformance] No valid network data yet, assuming good quality
10:19:50.185  [CallModal] Audio loadeddata event for cmeifn5qp002dkunge64m0xss
10:19:50.185  [CallModal] Audio loadeddata event for cmeifn5qp002dkunge64m0xss
10:19:50.185  [CallModal] Audio can play for cmeifn5qp002dkunge64m0xss
10:19:50.185  [CallModal] Audio canplay event for cmeifn5qp002dkunge64m0xss
10:19:50.185  [CallModal] Audio canplay event for cmeifn5qp002dkunge64m0xss
10:19:50.185  [CallModal] Audio is playing for cmeifn5qp002dkunge64m0xss
10:19:50.185  [CallModal] ✅ Audio playing immediately for participant cmeifn5qp002dkunge64m0xss
10:19:50.185  [CallModal] ✅ Audio playing immediately for participant cmeifn5qp002dkunge64m0xss
10:19:50.186  [CallModal] ✅ Audio playing immediately for participant cmeifn5qp002dkunge64m0xss
10:19:50.186  [CallModal] ✅ Audio playing immediately for participant cmeifn5qp002dkunge64m0xss
10:19:50.186  [CallModal] ✅ Audio playing immediately for participant cmeifn5qp002dkunge64m0xss
10:19:50.187  [useCallPerformance] No valid network data yet, assuming good quality
10:19:50.188  [CallModal] Rendered - voice call opened
10:19:50.188  [CallModal] Rendered - voice call opened
10:19:50.189  [VoiceParticipant] Zber Samolde voice activity debug: Object
10:19:50.189  [VoiceParticipant] Zber Samolde voice activity debug: Object
10:19:50.189  [VoiceParticipant] Tester2 voice activity debug: Object
10:19:50.189  [VoiceParticipant] Tester2 voice activity debug: Object
10:19:50.189  [CallModal] 🔊 Setting up audio element for participant cmeifn5qp002dkunge64m0xss
10:19:50.189  [CallModal] Stream details: Object
10:19:50.189  [CallModal] Previous audio element for cmeifn5qp002dkunge64m0xss: false
10:19:50.190  [CallModal] Cleared previous srcObject for cmeifn5qp002dkunge64m0xss
10:19:50.190  [VoiceActivity] Effect triggered: Object
10:19:50.190  [VoiceActivity] No stream provided, cleaning up
10:19:50.190  [VoiceActivity] Effect triggered: Object
10:19:50.190  [VoiceActivity] Initializing for stream: 11f1cb2e-ff24-4f0a-9e82-dab593c0342f with 1 audio tracks
10:19:50.191  [VoiceActivity] Effect triggered: Object
10:19:50.191  [VoiceActivity] No stream provided, cleaning up
10:19:50.191  [VoiceActivity] Effect triggered: Object
10:19:50.191  [VoiceActivity] Initializing for stream: 11f1cb2e-ff24-4f0a-9e82-dab593c0342f with 1 audio tracks
10:19:50.255  [CallModal] Audio loadeddata event for cmeifn5qp002dkunge64m0xss
10:19:50.255  [CallModal] Audio can play for cmeifn5qp002dkunge64m0xss
10:19:50.255  [CallModal] Audio canplay event for cmeifn5qp002dkunge64m0xss
10:19:50.255  [CallModal] Audio is playing for cmeifn5qp002dkunge64m0xss
10:19:50.255  [CallModal] ✅ Audio playing immediately for participant cmeifn5qp002dkunge64m0xss
10:19:50.255  [CallModal] ✅ Audio playing immediately for participant cmeifn5qp002dkunge64m0xss
10:19:50.255  [CallModal] ✅ Audio playing immediately for participant cmeifn5qp002dkunge64m0xss
10:19:50.255  [CallModal] 🔍 Connection verification:
10:19:50.255  [CallModal] - Expected participants: Array(2)
10:19:50.255  [CallModal] - Active connections: Array(2)
10:19:50.255  [CallModal] ✅ All expected WebRTC connections are active
10:19:50.745  [WebRTC] Excellent network detected - restoring quality
10:19:50.746  [WebRTC] Improved audio quality for: cmeifn5qp002dkunge64m0xss
10:19:50.837  [CallModal] Rendered - voice call opened
10:19:50.837  [CallModal] Rendered - voice call opened
10:19:50.837  [VoiceParticipant] Zber Samolde voice activity debug: Object
10:19:50.837  [VoiceParticipant] Zber Samolde voice activity debug: Object
10:19:50.838  [VoiceParticipant] Tester2 voice activity debug: Object
10:19:50.838  [VoiceParticipant] Tester2 voice activity debug: Object
10:19:50.839  [CallModal] 🔊 Setting up audio element for participant cmeifn5qp002dkunge64m0xss
10:19:50.839  [CallModal] Stream details: Object
10:19:50.839  [CallModal] Previous audio element for cmeifn5qp002dkunge64m0xss: false
10:19:50.840  [CallModal] Cleared previous srcObject for cmeifn5qp002dkunge64m0xss
10:19:50.840  [VoiceActivity] Effect triggered: Object
10:19:50.840  [VoiceActivity] No stream provided, cleaning up
10:19:50.840  [VoiceActivity] Effect triggered: Object
10:19:50.840  [VoiceActivity] Initializing for stream: 11f1cb2e-ff24-4f0a-9e82-dab593c0342f with 1 audio tracks
10:19:50.841  [VoiceActivity] Effect triggered: Object
10:19:50.841  [VoiceActivity] No stream provided, cleaning up
10:19:50.841  [VoiceActivity] Effect triggered: Object
10:19:50.841  [VoiceActivity] Initializing for stream: 11f1cb2e-ff24-4f0a-9e82-dab593c0342f with 1 audio tracks
10:19:50.915  [CallModal] Audio loadeddata event for cmeifn5qp002dkunge64m0xss
10:19:50.915  [CallModal] Audio can play for cmeifn5qp002dkunge64m0xss
10:19:50.915  [CallModal] Audio canplay event for cmeifn5qp002dkunge64m0xss
10:19:50.915  [CallModal] Audio is playing for cmeifn5qp002dkunge64m0xss
10:19:50.916  [CallModal] ✅ Audio playing immediately for participant cmeifn5qp002dkunge64m0xss
10:19:50.916  [CallModal] ✅ Audio playing immediately for participant cmeifn5qp002dkunge64m0xss
10:19:50.916  [CallModal] ✅ Audio playing immediately for participant cmeifn5qp002dkunge64m0xss
10:19:51.154  [CallModal] 🔍 Connection verification:
10:19:51.154  [CallModal] - Expected participants: Array(2)
10:19:51.154  [CallModal] - Active connections: Array(2)
10:19:51.154  [CallModal] ✅ All expected WebRTC connections are active
10:19:51.247  [CallModal] 🔍 Connection verification:
10:19:51.247  [CallModal] - Expected participants: Array(2)
10:19:51.247  [CallModal] - Active connections: Array(2)
10:19:51.247  [CallModal] ✅ All expected WebRTC connections are active
10:19:51.826  [CallModal] Updated peer connections for performance monitoring: 2
10:19:51.826  [CallModal] Peer connection participants: Array(2)
10:19:51.826  [CallModal] Rendered - voice call opened
10:19:51.826  [CallModal] Rendered - voice call opened
10:19:51.826  [VoiceParticipant] Zber Samolde voice activity debug: Object
10:19:51.826  [VoiceParticipant] Zber Samolde voice activity debug: Object
10:19:51.827  [VoiceParticipant] Tester2 voice activity debug: Object
10:19:51.827  [VoiceParticipant] Tester2 voice activity debug: Object
10:19:51.827  [CallModal] 🔊 Setting up audio element for participant cmeifn5qp002dkunge64m0xss
10:19:51.828  [CallModal] Stream details: Object
10:19:51.828  [CallModal] Previous audio element for cmeifn5qp002dkunge64m0xss: false
10:19:51.829  [CallModal] Cleared previous srcObject for cmeifn5qp002dkunge64m0xss
10:19:51.829  [VoiceActivity] Effect triggered: Object
10:19:51.829  [VoiceActivity] No stream provided, cleaning up
10:19:51.829  [VoiceActivity] Effect triggered: Object
10:19:51.829  [VoiceActivity] Initializing for stream: 11f1cb2e-ff24-4f0a-9e82-dab593c0342f with 1 audio tracks
10:19:51.830  [useCallPerformance] Connection states: Array(2)
10:19:51.830  [useCallPerformance] Starting monitoring for 2 valid connections
10:19:51.830  [VoiceActivity] Effect triggered: Object
10:19:51.830  [VoiceActivity] No stream provided, cleaning up
10:19:51.830  [VoiceActivity] Effect triggered: Object
10:19:51.830  [VoiceActivity] Initializing for stream: 11f1cb2e-ff24-4f0a-9e82-dab593c0342f with 1 audio tracks
10:19:51.956  [useCallPerformance] No valid network data yet, assuming good quality
10:19:51.957  [CallModal] Audio loadeddata event for cmeifn5qp002dkunge64m0xss
10:19:51.957  [CallModal] Audio can play for cmeifn5qp002dkunge64m0xss
10:19:51.957  [CallModal] Audio canplay event for cmeifn5qp002dkunge64m0xss
10:19:51.957  [CallModal] Audio is playing for cmeifn5qp002dkunge64m0xss
10:19:51.957  [CallModal] ✅ Audio playing immediately for participant cmeifn5qp002dkunge64m0xss
10:19:51.957  [CallModal] ✅ Audio playing immediately for participant cmeifn5qp002dkunge64m0xss
10:19:51.957  [CallModal] ✅ Audio playing immediately for participant cmeifn5qp002dkunge64m0xss
10:19:51.957  [CallModal] 🔍 Connection verification:
10:19:51.957  [CallModal] - Expected participants: Array(2)
10:19:51.957  [CallModal] - Active connections: Array(2)
10:19:51.957  [CallModal] ✅ All expected WebRTC connections are active
10:19:51.957  [useCallPerformance] No valid network data yet, assuming good quality
10:19:51.958  [CallModal] Rendered - voice call opened
10:19:51.958  [CallModal] Rendered - voice call opened
10:19:51.958  [VoiceParticipant] Zber Samolde voice activity debug: Object
10:19:51.958  [VoiceParticipant] Zber Samolde voice activity debug: Object
10:19:51.958  [VoiceParticipant] Tester2 voice activity debug: Object
10:19:51.958  [VoiceParticipant] Tester2 voice activity debug: Object
10:19:51.959  [CallModal] 🔊 Setting up audio element for participant cmeifn5qp002dkunge64m0xss
10:19:51.959  [CallModal] Stream details: Object
10:19:51.959  [CallModal] Previous audio element for cmeifn5qp002dkunge64m0xss: false
10:19:51.959  [CallModal] Cleared previous srcObject for cmeifn5qp002dkunge64m0xss
10:19:51.960  [VoiceActivity] Effect triggered: Object
10:19:51.960  [VoiceActivity] No stream provided, cleaning up
10:19:51.960  [VoiceActivity] Effect triggered: Object
10:19:51.960  [VoiceActivity] Initializing for stream: 11f1cb2e-ff24-4f0a-9e82-dab593c0342f with 1 audio tracks
10:19:51.960  [VoiceActivity] Effect triggered: Object
10:19:51.960  [VoiceActivity] No stream provided, cleaning up
10:19:51.960  [VoiceActivity] Effect triggered: Object
10:19:51.960  [VoiceActivity] Initializing for stream: 11f1cb2e-ff24-4f0a-9e82-dab593c0342f with 1 audio tracks
10:19:52.004  [CallModal] Audio loadeddata event for cmeifn5qp002dkunge64m0xss
10:19:52.004  [CallModal] Audio can play for cmeifn5qp002dkunge64m0xss
10:19:52.004  [CallModal] Audio canplay event for cmeifn5qp002dkunge64m0xss
10:19:52.004  [CallModal] Audio is playing for cmeifn5qp002dkunge64m0xss
10:19:52.004  [CallModal] ✅ Audio playing immediately for participant cmeifn5qp002dkunge64m0xss
10:19:52.004  [CallModal] ✅ Audio playing immediately for participant cmeifn5qp002dkunge64m0xss
10:19:52.004  [CallModal] ✅ Audio playing immediately for participant cmeifn5qp002dkunge64m0xss
10:19:52.837  [CallModal] Rendered - voice call opened
10:19:52.838  [CallModal] Rendered - voice call opened
10:19:52.838  [VoiceParticipant] Zber Samolde voice activity debug: Object
10:19:52.838  [VoiceParticipant] Zber Samolde voice activity debug: Object
10:19:52.838  [VoiceParticipant] Tester2 voice activity debug: Object
10:19:52.838  [VoiceParticipant] Tester2 voice activity debug: Object
10:19:52.839  [CallModal] 🔊 Setting up audio element for participant cmeifn5qp002dkunge64m0xss
10:19:52.839  [CallModal] Stream details: Object
10:19:52.839  [CallModal] Previous audio element for cmeifn5qp002dkunge64m0xss: false
10:19:52.840  [CallModal] Cleared previous srcObject for cmeifn5qp002dkunge64m0xss
10:19:52.841  [VoiceActivity] Effect triggered: Object
10:19:52.841  [VoiceActivity] No stream provided, cleaning up
10:19:52.841  [VoiceActivity] Effect triggered: Object
10:19:52.841  [VoiceActivity] Initializing for stream: 11f1cb2e-ff24-4f0a-9e82-dab593c0342f with 1 audio tracks
10:19:52.841  [VoiceActivity] Effect triggered: Object
10:19:52.841  [VoiceActivity] No stream provided, cleaning up
10:19:52.841  [VoiceActivity] Effect triggered: Object
10:19:52.841  [VoiceActivity] Initializing for stream: 11f1cb2e-ff24-4f0a-9e82-dab593c0342f with 1 audio tracks
10:19:52.956  NotificationContext: Window focused
10:19:52.958  🏠 ChatWindow mounted/re-rendered with conversationId: cmfbwdnf60000kuzg41ovkra2
10:19:52.958  🏠 ChatWindow mounted/re-rendered with conversationId: cmfbwdnf60000kuzg41ovkra2
10:19:52.960  [CallModal] Rendered - voice call opened
10:19:52.960  [CallModal] Rendered - voice call opened
10:19:52.960  [VoiceParticipant] Zber Samolde voice activity debug: Object
10:19:52.960  [VoiceParticipant] Zber Samolde voice activity debug: Object
10:19:52.961  [VoiceParticipant] Tester2 voice activity debug: Object
10:19:52.961  [VoiceParticipant] Tester2 voice activity debug: Object
10:19:52.964  [CallModal] 🔊 Setting up audio element for participant cmeifn5qp002dkunge64m0xss
10:19:52.964  [CallModal] Stream details: Object
10:19:52.964  [CallModal] Previous audio element for cmeifn5qp002dkunge64m0xss: false
10:19:52.964  [CallModal] Cleared previous srcObject for cmeifn5qp002dkunge64m0xss
10:19:52.964  🧹 GlobalNotificationListener: Cleaning up socket listener for new-notification
10:19:52.966  🌐 GlobalNotificationListener: useEffect triggered Object
10:19:52.966  🚀 GlobalNotificationListener: Setting up global socket listeners for user: cmeifml0h001okung0i95m8s6
10:19:52.966  🔄 GlobalNotificationListener: Re-emitted join-user-room for safety
10:19:52.966  ✅ GlobalNotificationListener: Socket listener registered for new-notification events
10:19:52.966  [VoiceActivity] Effect triggered: Object
10:19:52.966  [VoiceActivity] No stream provided, cleaning up
10:19:52.966  [VoiceActivity] Effect triggered: Object
10:19:52.966  [VoiceActivity] Initializing for stream: 11f1cb2e-ff24-4f0a-9e82-dab593c0342f with 1 audio tracks
10:19:52.967  [CallModal] Initialized active participants (excluding self): Array(2)
10:19:52.967  [CallModal] 🔍 Connection verification:
10:19:52.967  [CallModal] - Expected participants: Array(2)
10:19:52.967  [CallModal] - Active connections: Array(2)
10:19:52.967  [CallModal] ✅ All expected WebRTC connections are active
10:19:52.967  [VoiceActivity] Effect triggered: Object
10:19:52.967  [VoiceActivity] No stream provided, cleaning up
10:19:52.967  [VoiceActivity] Effect triggered: Object
10:19:52.967  [VoiceActivity] Initializing for stream: 11f1cb2e-ff24-4f0a-9e82-dab593c0342f with 1 audio tracks
10:19:52.967  [CallModal] ✅ Audio playing immediately for participant cmeifn5qp002dkunge64m0xss
10:19:52.967  SocketContext: Window focused, refreshing connection
10:19:52.969  [CallModal] Rendered - voice call opened
10:19:52.969  [CallModal] Rendered - voice call opened
10:19:52.969  [VoiceParticipant] Zber Samolde voice activity debug: Object
10:19:52.969  [VoiceParticipant] Zber Samolde voice activity debug: Object
10:19:52.969  [VoiceParticipant] Tester2 voice activity debug: Object
10:19:52.969  [VoiceParticipant] Tester2 voice activity debug: Object
10:19:52.970  [CallModal] 🔊 Setting up audio element for participant cmeifn5qp002dkunge64m0xss
10:19:52.970  [CallModal] Stream details: Object
10:19:52.970  [CallModal] Previous audio element for cmeifn5qp002dkunge64m0xss: false
10:19:52.970  [CallModal] Cleared previous srcObject for cmeifn5qp002dkunge64m0xss
10:19:52.970  [VoiceActivity] Effect triggered: Object
10:19:52.970  [VoiceActivity] No stream provided, cleaning up
10:19:52.970  [VoiceActivity] Effect triggered: Object
10:19:52.970  [VoiceActivity] Initializing for stream: 11f1cb2e-ff24-4f0a-9e82-dab593c0342f with 1 audio tracks
10:19:52.971  [VoiceActivity] Effect triggered: Object
10:19:52.971  [VoiceActivity] No stream provided, cleaning up
10:19:52.971  [VoiceActivity] Effect triggered: Object
10:19:52.971  [VoiceActivity] Initializing for stream: 11f1cb2e-ff24-4f0a-9e82-dab593c0342f with 1 audio tracks
10:19:52.972  [CallModal] ❌ Initial audio play failed for cmeifn5qp002dkunge64m0xss: 
attemptPlay @ webpack-internal:///…/CallModal.tsx:3122
10:19:52.972  NotificationContext: Page visibility changed to: true
10:19:52.973  SocketContext: Tab became visible, re-establishing connection
10:19:53.083  🏠 ChatWindow mounted/re-rendered with conversationId: cmfbwdnf60000kuzg41ovkra2
10:19:53.083  🏠 ChatWindow mounted/re-rendered with conversationId: cmfbwdnf60000kuzg41ovkra2
10:19:53.085  [CallModal] Rendered - voice call opened
10:19:53.085  [CallModal] Rendered - voice call opened
10:19:53.086  [VoiceParticipant] Zber Samolde voice activity debug: Object
10:19:53.086  [VoiceParticipant] Zber Samolde voice activity debug: Object
10:19:53.086  [VoiceParticipant] Tester2 voice activity debug: Object
10:19:53.086  [VoiceParticipant] Tester2 voice activity debug: Object
10:19:53.087  [CallModal] 🔊 Setting up audio element for participant cmeifn5qp002dkunge64m0xss
10:19:53.087  [CallModal] Stream details: Object
10:19:53.087  [CallModal] Previous audio element for cmeifn5qp002dkunge64m0xss: false
10:19:53.088  [CallModal] Cleared previous srcObject for cmeifn5qp002dkunge64m0xss
10:19:53.088  [CallModal] ✅ Audio playing immediately for participant cmeifn5qp002dkunge64m0xss
10:19:53.114  🧹 GlobalNotificationListener: Cleaning up socket listener for new-notification
10:19:53.115  🌐 GlobalNotificationListener: useEffect triggered Object
10:19:53.115  🚀 GlobalNotificationListener: Setting up global socket listeners for user: cmeifml0h001okung0i95m8s6
10:19:53.115  🔄 GlobalNotificationListener: Re-emitted join-user-room for safety
10:19:53.115  ✅ GlobalNotificationListener: Socket listener registered for new-notification events
10:19:53.115  [VoiceActivity] Effect triggered: Object
10:19:53.115  [VoiceActivity] No stream provided, cleaning up
10:19:53.115  [VoiceActivity] Effect triggered: Object
10:19:53.115  [VoiceActivity] Initializing for stream: 11f1cb2e-ff24-4f0a-9e82-dab593c0342f with 1 audio tracks
10:19:53.116  [CallModal] Initialized active participants (excluding self): Array(2)
10:19:53.116  [CallModal] 🔍 Connection verification:
10:19:53.116  [CallModal] - Expected participants: Array(2)
10:19:53.116  [CallModal] - Active connections: Array(2)
10:19:53.116  [CallModal] ✅ All expected WebRTC connections are active
10:19:53.116  [VoiceActivity] Effect triggered: Object
10:19:53.116  [VoiceActivity] No stream provided, cleaning up
10:19:53.116  [VoiceActivity] Effect triggered: Object
10:19:53.116  [VoiceActivity] Initializing for stream: 11f1cb2e-ff24-4f0a-9e82-dab593c0342f with 1 audio tracks
10:19:53.116  [CallModal] Rendered - voice call opened
10:19:53.116  [CallModal] Rendered - voice call opened
10:19:53.117  [VoiceParticipant] Zber Samolde voice activity debug: Object
10:19:53.117  [VoiceParticipant] Zber Samolde voice activity debug: Object
10:19:53.117  [VoiceParticipant] Tester2 voice activity debug: Object
10:19:53.117  [VoiceParticipant] Tester2 voice activity debug: Object
10:19:53.118  [CallModal] 🔊 Setting up audio element for participant cmeifn5qp002dkunge64m0xss
10:19:53.118  [CallModal] Stream details: Object
10:19:53.118  [CallModal] Previous audio element for cmeifn5qp002dkunge64m0xss: false
10:19:53.118  [CallModal] Cleared previous srcObject for cmeifn5qp002dkunge64m0xss
10:19:53.119  [VoiceActivity] Effect triggered: Object
10:19:53.119  [VoiceActivity] No stream provided, cleaning up
10:19:53.119  [VoiceActivity] Effect triggered: Object
10:19:53.119  [VoiceActivity] Initializing for stream: 11f1cb2e-ff24-4f0a-9e82-dab593c0342f with 1 audio tracks
10:19:53.119  [VoiceActivity] Effect triggered: Object
10:19:53.119  [VoiceActivity] No stream provided, cleaning up
10:19:53.119  [VoiceActivity] Effect triggered: Object
10:19:53.119  [VoiceActivity] Initializing for stream: 11f1cb2e-ff24-4f0a-9e82-dab593c0342f with 1 audio tracks
10:19:53.120  [CallModal] ✅ Audio playing immediately for participant cmeifn5qp002dkunge64m0xss
10:19:53.235  🏠 ChatWindow mounted/re-rendered with conversationId: cmfbwdnf60000kuzg41ovkra2
10:19:53.235  🏠 ChatWindow mounted/re-rendered with conversationId: cmfbwdnf60000kuzg41ovkra2
10:19:53.237  [CallModal] Rendered - voice call opened
10:19:53.237  [CallModal] Rendered - voice call opened
10:19:53.238  [VoiceParticipant] Zber Samolde voice activity debug: Object
10:19:53.238  [VoiceParticipant] Zber Samolde voice activity debug: Object
10:19:53.238  [VoiceParticipant] Tester2 voice activity debug: Object
10:19:53.238  [VoiceParticipant] Tester2 voice activity debug: Object
10:19:53.239  [CallModal] 🔊 Setting up audio element for participant cmeifn5qp002dkunge64m0xss
10:19:53.239  [CallModal] Stream details: Object
10:19:53.239  [CallModal] Previous audio element for cmeifn5qp002dkunge64m0xss: false
10:19:53.240  [CallModal] Cleared previous srcObject for cmeifn5qp002dkunge64m0xss
10:19:53.240  [CallModal] ✅ Audio playing immediately for participant cmeifn5qp002dkunge64m0xss
10:19:53.280  🧹 GlobalNotificationListener: Cleaning up socket listener for new-notification
10:19:53.281  🌐 GlobalNotificationListener: useEffect triggered Object
10:19:53.281  🚀 GlobalNotificationListener: Setting up global socket listeners for user: cmeifml0h001okung0i95m8s6
10:19:53.281  🔄 GlobalNotificationListener: Re-emitted join-user-room for safety
10:19:53.281  ✅ GlobalNotificationListener: Socket listener registered for new-notification events
10:19:53.281  [VoiceActivity] Effect triggered: Object
10:19:53.281  [VoiceActivity] No stream provided, cleaning up
10:19:53.281  [VoiceActivity] Effect triggered: Object
10:19:53.281  [VoiceActivity] Initializing for stream: 11f1cb2e-ff24-4f0a-9e82-dab593c0342f with 1 audio tracks
10:19:53.281  [CallModal] Initialized active participants (excluding self): Array(2)
10:19:53.281  [CallModal] 🔍 Connection verification:
10:19:53.281  [CallModal] - Expected participants: Array(2)
10:19:53.281  [CallModal] - Active connections: Array(2)
10:19:53.281  [CallModal] ✅ All expected WebRTC connections are active
10:19:53.281  [VoiceActivity] Effect triggered: Object
10:19:53.282  [VoiceActivity] No stream provided, cleaning up
10:19:53.282  [VoiceActivity] Effect triggered: Object
10:19:53.282  [VoiceActivity] Initializing for stream: 11f1cb2e-ff24-4f0a-9e82-dab593c0342f with 1 audio tracks
10:19:53.284  [CallModal] Audio loadeddata event for cmeifn5qp002dkunge64m0xss
10:19:53.284  [CallModal] Audio loadeddata event for cmeifn5qp002dkunge64m0xss
10:19:53.284  [CallModal] Audio loadeddata event for cmeifn5qp002dkunge64m0xss
10:19:53.284  [CallModal] Audio loadeddata event for cmeifn5qp002dkunge64m0xss
10:19:53.284  [CallModal] Audio loadeddata event for cmeifn5qp002dkunge64m0xss
10:19:53.284  [CallModal] Audio loadeddata event for cmeifn5qp002dkunge64m0xss
10:19:53.284  [CallModal] Audio can play for cmeifn5qp002dkunge64m0xss
10:19:53.284  [CallModal] Audio canplay event for cmeifn5qp002dkunge64m0xss
10:19:53.285  [CallModal] Audio canplay event for cmeifn5qp002dkunge64m0xss
10:19:53.285  [CallModal] Audio canplay event for cmeifn5qp002dkunge64m0xss
10:19:53.285  [CallModal] Audio canplay event for cmeifn5qp002dkunge64m0xss
10:19:53.285  [CallModal] Audio canplay event for cmeifn5qp002dkunge64m0xss
10:19:53.285  [CallModal] Audio canplay event for cmeifn5qp002dkunge64m0xss
10:19:53.285  [CallModal] Audio is playing for cmeifn5qp002dkunge64m0xss
10:19:53.285  [CallModal] ✅ Audio playing immediately for participant cmeifn5qp002dkunge64m0xss
10:19:53.285  [CallModal] ✅ Audio playing immediately for participant cmeifn5qp002dkunge64m0xss
10:19:53.285  [CallModal] ✅ Audio playing immediately for participant cmeifn5qp002dkunge64m0xss
10:19:53.285  [CallModal] ✅ Audio playing immediately for participant cmeifn5qp002dkunge64m0xss
10:19:53.285  [CallModal] ✅ Audio playing immediately for participant cmeifn5qp002dkunge64m0xss
10:19:53.285  [CallModal] ✅ Audio playing immediately for participant cmeifn5qp002dkunge64m0xss
10:19:53.285  [CallModal] ✅ Audio playing immediately for participant cmeifn5qp002dkunge64m0xss
10:19:53.285  [CallModal] ✅ Audio playing immediately for participant cmeifn5qp002dkunge64m0xss
10:19:53.285  [CallModal] ✅ Audio playing immediately for participant cmeifn5qp002dkunge64m0xss
10:19:53.285  [CallModal] ✅ Audio playing immediately for participant cmeifn5qp002dkunge64m0xss
10:19:53.285  [CallModal] ✅ Audio playing immediately for participant cmeifn5qp002dkunge64m0xss
10:19:53.285  [CallModal] ✅ Audio playing immediately for participant cmeifn5qp002dkunge64m0xss
10:19:53.285  [CallModal] ✅ Audio playing immediately for participant cmeifn5qp002dkunge64m0xss
10:19:53.285  [CallModal] Rendered - voice call opened
10:19:53.285  [CallModal] Rendered - voice call opened
10:19:53.286  [VoiceParticipant] Zber Samolde voice activity debug: Object
10:19:53.286  [VoiceParticipant] Zber Samolde voice activity debug: Object
10:19:53.286  [VoiceParticipant] Tester2 voice activity debug: Object
10:19:53.286  [VoiceParticipant] Tester2 voice activity debug: Object
10:19:53.287  [CallModal] 🔊 Setting up audio element for participant cmeifn5qp002dkunge64m0xss
10:19:53.287  [CallModal] Stream details: Object
10:19:53.287  [CallModal] Previous audio element for cmeifn5qp002dkunge64m0xss: false
10:19:53.288  [CallModal] Cleared previous srcObject for cmeifn5qp002dkunge64m0xss
10:19:53.288  [VoiceActivity] Effect triggered: Object
10:19:53.288  [VoiceActivity] No stream provided, cleaning up
10:19:53.288  [VoiceActivity] Effect triggered: Object
10:19:53.288  [VoiceActivity] Initializing for stream: 11f1cb2e-ff24-4f0a-9e82-dab593c0342f with 1 audio tracks
10:19:53.289  [VoiceActivity] Effect triggered: Object
10:19:53.289  [VoiceActivity] No stream provided, cleaning up
10:19:53.289  [VoiceActivity] Effect triggered: Object
10:19:53.289  [VoiceActivity] Initializing for stream: 11f1cb2e-ff24-4f0a-9e82-dab593c0342f with 1 audio tracks
10:19:53.290  [CallModal] ✅ Audio playing after retry for participant cmeifn5qp002dkunge64m0xss
10:19:53.437  [CallModal] Audio loadeddata event for cmeifn5qp002dkunge64m0xss
10:19:53.437  [CallModal] Audio can play for cmeifn5qp002dkunge64m0xss
10:19:53.437  [CallModal] Audio canplay event for cmeifn5qp002dkunge64m0xss
10:19:53.437  [CallModal] Audio is playing for cmeifn5qp002dkunge64m0xss
10:19:53.437  [CallModal] ✅ Audio playing immediately for participant cmeifn5qp002dkunge64m0xss
10:19:53.437  [CallModal] ✅ Audio playing immediately for participant cmeifn5qp002dkunge64m0xss
10:19:53.437  [CallModal] ✅ Audio playing immediately for participant cmeifn5qp002dkunge64m0xss
10:19:53.437  [CallModal] Rendered - voice call opened
10:19:53.437  [CallModal] Rendered - voice call opened
10:19:53.601  [VoiceActivity] Volume analysis: Object
10:19:53.734  [VoiceActivity] Volume analysis: Object
10:19:53.747  [WebRTC] Excellent network detected - restoring quality
10:19:53.747  [WebRTC] Improved audio quality for: cmeifn5qp002dkunge64m0xss
10:19:53.825  [VoiceActivity] Volume analysis: Object
10:19:53.825  [CallModal] Updated peer connections for performance monitoring: 2
10:19:53.825  [CallModal] Peer connection participants: Array(2)
10:19:53.825  [CallModal] Rendered - voice call opened
10:19:53.826  [CallModal] Rendered - voice call opened
10:19:53.826  [VoiceParticipant] Zber Samolde voice activity debug: Object
10:19:53.826  [VoiceParticipant] Zber Samolde voice activity debug: Object
10:19:53.826  [VoiceParticipant] Tester2 voice activity debug: Object
10:19:53.826  [VoiceParticipant] Tester2 voice activity debug: Object
10:19:53.827  [CallModal] 🔊 Setting up audio element for participant cmeifn5qp002dkunge64m0xss
10:19:53.827  [CallModal] Stream details: Object
10:19:53.827  [CallModal] Previous audio element for cmeifn5qp002dkunge64m0xss: false
10:19:53.827  [CallModal] Cleared previous srcObject for cmeifn5qp002dkunge64m0xss
10:19:53.828  [VoiceActivity] Effect triggered: Object
10:19:53.828  [VoiceActivity] No stream provided, cleaning up
10:19:53.828  [VoiceActivity] Effect triggered: Object
10:19:53.828  [VoiceActivity] Initializing for stream: 11f1cb2e-ff24-4f0a-9e82-dab593c0342f with 1 audio tracks
10:19:53.828  [useCallPerformance] Connection states: Array(2)
10:19:53.828  [useCallPerformance] Starting monitoring for 2 valid connections
10:19:53.828  [VoiceActivity] Effect triggered: Object
10:19:53.828  [VoiceActivity] No stream provided, cleaning up
10:19:53.828  [VoiceActivity] Effect triggered: Object
10:19:53.828  [VoiceActivity] Initializing for stream: 11f1cb2e-ff24-4f0a-9e82-dab593c0342f with 1 audio tracks
10:19:53.924  [useCallPerformance] Network metrics: Object
10:19:53.927  [CallModal] Audio loadeddata event for cmeifn5qp002dkunge64m0xss
10:19:53.927  [CallModal] Audio can play for cmeifn5qp002dkunge64m0xss
10:19:53.927  [CallModal] Audio canplay event for cmeifn5qp002dkunge64m0xss
10:19:53.927  [CallModal] Audio is playing for cmeifn5qp002dkunge64m0xss
10:19:53.927  [CallModal] ✅ Audio playing immediately for participant cmeifn5qp002dkunge64m0xss
10:19:53.927  [CallModal] ✅ Audio playing immediately for participant cmeifn5qp002dkunge64m0xss
10:19:53.927  [CallModal] ✅ Audio playing immediately for participant cmeifn5qp002dkunge64m0xss
10:19:53.927  [CallModal] Rendered - voice call opened
10:19:53.927  [CallModal] Rendered - voice call opened
10:19:53.928  [useCallPerformance] No valid network data yet, assuming good quality
10:19:53.929  [CallModal] Rendered - voice call opened
10:19:53.929  [CallModal] Rendered - voice call opened
10:19:53.929  [VoiceParticipant] Zber Samolde voice activity debug: Object
10:19:53.929  [VoiceParticipant] Zber Samolde voice activity debug: Object
10:19:53.929  [VoiceParticipant] Tester2 voice activity debug: Object
10:19:53.929  [VoiceParticipant] Tester2 voice activity debug: Object
10:19:53.930  [CallModal] 🔊 Setting up audio element for participant cmeifn5qp002dkunge64m0xss
10:19:53.930  [CallModal] Stream details: Object
10:19:53.930  [CallModal] Previous audio element for cmeifn5qp002dkunge64m0xss: false
10:19:53.930  [CallModal] Cleared previous srcObject for cmeifn5qp002dkunge64m0xss
10:19:53.931  [VoiceActivity] Effect triggered: Object
10:19:53.931  [VoiceActivity] No stream provided, cleaning up
10:19:53.931  [VoiceActivity] Effect triggered: Object
10:19:53.931  [VoiceActivity] Initializing for stream: 11f1cb2e-ff24-4f0a-9e82-dab593c0342f with 1 audio tracks
10:19:53.931  [VoiceActivity] Effect triggered: Object
10:19:53.931  [VoiceActivity] No stream provided, cleaning up
10:19:53.931  [VoiceActivity] Effect triggered: Object
10:19:53.931  [VoiceActivity] Initializing for stream: 11f1cb2e-ff24-4f0a-9e82-dab593c0342f with 1 audio tracks
10:19:54.017  [CallModal] Rendered - voice call opened
10:19:54.018  [CallModal] Rendered - voice call opened
10:19:54.019  User status update received: Object
10:19:54.019  Updated online status for user cmeumah180000kuygq63oa1qx in conversation cmew64hqq0008kud8i3zywuwd
10:19:54.019  [CallModal] Audio loadeddata event for cmeifn5qp002dkunge64m0xss
10:19:54.019  [CallModal] Audio can play for cmeifn5qp002dkunge64m0xss
10:19:54.019  [CallModal] Audio canplay event for cmeifn5qp002dkunge64m0xss
10:19:54.019  [CallModal] Audio is playing for cmeifn5qp002dkunge64m0xss
10:19:54.019  [CallModal] ✅ Audio playing immediately for participant cmeifn5qp002dkunge64m0xss
10:19:54.019  [CallModal] ✅ Audio playing immediately for participant cmeifn5qp002dkunge64m0xss
10:19:54.019  [CallModal] ✅ Audio playing immediately for participant cmeifn5qp002dkunge64m0xss
10:19:54.020  SocketContext: Additional heartbeat sent after becoming visible
10:19:54.021  ChatSidebar: Filtered 5 -> 5 conversations
10:19:54.021  ChatSidebar: Final conversation list: Array(5)
10:19:54.021  ChatSidebar: Filtered 5 -> 5 conversations
10:19:54.021  ChatSidebar: Final conversation list: Array(5)
10:19:54.022  🏠 ChatWindow mounted/re-rendered with conversationId: cmfbwdnf60000kuzg41ovkra2
10:19:54.022  Updated online status for user cmeumah180000kuygq63oa1qx in conversation cmfbwdnf60000kuzg41ovkra2
10:19:54.022  🏠 ChatWindow mounted/re-rendered with conversationId: cmfbwdnf60000kuzg41ovkra2
10:19:54.026  [CallModal] Rendered - voice call opened
10:19:54.027  [CallModal] Rendered - voice call opened
10:19:54.027  [VoiceParticipant] Zber Samolde voice activity debug: Object
10:19:54.027  [VoiceParticipant] Zber Samolde voice activity debug: Object
10:19:54.027  [VoiceParticipant] Tester2 voice activity debug: Object
10:19:54.027  [VoiceParticipant] Tester2 voice activity debug: Object
10:19:54.029  [CallModal] 🔊 Setting up audio element for participant cmeifn5qp002dkunge64m0xss
10:19:54.029  [CallModal] Stream details: Object
10:19:54.029  [CallModal] Previous audio element for cmeifn5qp002dkunge64m0xss: false
10:19:54.030  [CallModal] Cleared previous srcObject for cmeifn5qp002dkunge64m0xss
10:19:54.087  ChatSidebar: Conversations updated, count: 5
10:19:54.087  ChatSidebar: Latest conversation: cmfbwdnf60000kuzg41ovkra2 last message: cmfbx8gcx0007kutn3b3m0jwd
10:19:54.088  [VoiceActivity] Effect triggered: Object
10:19:54.088  [VoiceActivity] No stream provided, cleaning up
10:19:54.088  [VoiceActivity] Effect triggered: Object
10:19:54.088  [VoiceActivity] Initializing for stream: 11f1cb2e-ff24-4f0a-9e82-dab593c0342f with 1 audio tracks
10:19:54.088  [CallModal] Initialized active participants (excluding self): Array(2)
10:19:54.088  [CallModal] 🔍 Connection verification:
10:19:54.088  [CallModal] - Expected participants: Array(2)
10:19:54.088  [CallModal] - Active connections: Array(2)
10:19:54.088  [CallModal] ✅ All expected WebRTC connections are active
10:19:54.088  🔄 ChatWindow: Conversation participants count: 3
10:19:54.088  🔄 ChatWindow: Participants: Array(3)
10:19:54.089  [VoiceActivity] Effect triggered: Object
10:19:54.089  [VoiceActivity] No stream provided, cleaning up
10:19:54.089  [VoiceActivity] Effect triggered: Object
10:19:54.089  [VoiceActivity] Initializing for stream: 11f1cb2e-ff24-4f0a-9e82-dab593c0342f with 1 audio tracks
10:19:54.089  🏠 ChatWindow mounted/re-rendered with conversationId: cmfbwdnf60000kuzg41ovkra2
10:19:54.090  🏠 ChatWindow mounted/re-rendered with conversationId: cmfbwdnf60000kuzg41ovkra2
10:19:54.091  [CallModal] Rendered - voice call opened
10:19:54.091  [CallModal] Rendered - voice call opened
10:19:54.091  [VoiceParticipant] Zber Samolde voice activity debug: Object
10:19:54.091  [VoiceParticipant] Zber Samolde voice activity debug: Object
10:19:54.091  [VoiceParticipant] Tester2 voice activity debug: Object
10:19:54.092  [VoiceParticipant] Tester2 voice activity debug: Object
10:19:54.093  [CallModal] 🔊 Setting up audio element for participant cmeifn5qp002dkunge64m0xss
10:19:54.093  [CallModal] Stream details: Object
10:19:54.093  [CallModal] Previous audio element for cmeifn5qp002dkunge64m0xss: false
10:19:54.094  [CallModal] Cleared previous srcObject for cmeifn5qp002dkunge64m0xss
10:19:54.094  [CallModal] ✅ Audio playing immediately for participant cmeifn5qp002dkunge64m0xss
10:19:54.274  [VoiceActivity] Effect triggered: Object
10:19:54.274  [VoiceActivity] No stream provided, cleaning up
10:19:54.274  [VoiceActivity] Effect triggered: Object
10:19:54.274  [VoiceActivity] Initializing for stream: 11f1cb2e-ff24-4f0a-9e82-dab593c0342f with 1 audio tracks
10:19:54.274  [CallModal] Initialized active participants (excluding self): Array(2)
10:19:54.274  [CallModal] 🔍 Connection verification:
10:19:54.274  [CallModal] - Expected participants: Array(2)
10:19:54.274  [CallModal] - Active connections: Array(2)
10:19:54.274  [CallModal] ✅ All expected WebRTC connections are active
10:19:54.275  [VoiceActivity] Effect triggered: Object
10:19:54.275  [VoiceActivity] No stream provided, cleaning up
10:19:54.275  [VoiceActivity] Effect triggered: Object
10:19:54.275  [VoiceActivity] Initializing for stream: 11f1cb2e-ff24-4f0a-9e82-dab593c0342f with 1 audio tracks
10:19:54.276  [CallModal] Rendered - voice call opened
10:19:54.276  [CallModal] Rendered - voice call opened
10:19:54.276  [VoiceParticipant] Zber Samolde voice activity debug: Object
10:19:54.276  [VoiceParticipant] Zber Samolde voice activity debug: Object
10:19:54.277  [VoiceParticipant] Tester2 voice activity debug: Object
10:19:54.277  [VoiceParticipant] Tester2 voice activity debug: Object
10:19:54.278 CallModal.tsx:2917 [CallModal] 🔊 Setting up audio element for participant cmeifn5qp002dkunge64m0xss
10:19:54.278 CallModal.tsx:2918 [CallModal] Stream details: Object
10:19:54.278 CallModal.tsx:2932 [CallModal] Previous audio element for cmeifn5qp002dkunge64m0xss: false
10:19:54.278 CallModal.tsx:2941 [CallModal] Cleared previous srcObject for cmeifn5qp002dkunge64m0xss
10:19:54.278 useVoiceActivity.ts:22 [VoiceActivity] Effect triggered: Object
10:19:54.278 useVoiceActivity.ts:30 [VoiceActivity] No stream provided, cleaning up
10:19:54.279 useVoiceActivity.ts:22 [VoiceActivity] Effect triggered: Object
10:19:54.279 useVoiceActivity.ts:42 [VoiceActivity] Initializing for stream: 11f1cb2e-ff24-4f0a-9e82-dab593c0342f with 1 audio tracks
10:19:54.279 useVoiceActivity.ts:22 [VoiceActivity] Effect triggered: Object
10:19:54.279 useVoiceActivity.ts:30 [VoiceActivity] No stream provided, cleaning up
10:19:54.279 useVoiceActivity.ts:22 [VoiceActivity] Effect triggered: Object
10:19:54.279 useVoiceActivity.ts:42 [VoiceActivity] Initializing for stream: 11f1cb2e-ff24-4f0a-9e82-dab593c0342f with 1 audio tracks
10:19:54.279 CallModal.tsx:2965 [CallModal] ✅ Audio playing immediately for participant cmeifn5qp002dkunge64m0xss
10:19:54.496 CallModal.tsx:62 [CallModal] Rendered - voice call opened
10:19:54.496 CallModal.tsx:62 [CallModal] Rendered - voice call opened
10:19:54.497 CallModal.tsx:3013 [CallModal] Audio loadeddata event for cmeifn5qp002dkunge64m0xss
10:19:54.497 CallModal.tsx:3013 [CallModal] Audio loadeddata event for cmeifn5qp002dkunge64m0xss
10:19:54.497 CallModal.tsx:3013 [CallModal] Audio loadeddata event for cmeifn5qp002dkunge64m0xss
10:19:54.497 CallModal.tsx:3029 [CallModal] Audio can play for cmeifn5qp002dkunge64m0xss
10:19:54.497 CallModal.tsx:3018 [CallModal] Audio canplay event for cmeifn5qp002dkunge64m0xss
10:19:54.497 CallModal.tsx:3018 [CallModal] Audio canplay event for cmeifn5qp002dkunge64m0xss
10:19:54.497 CallModal.tsx:3018 [CallModal] Audio canplay event for cmeifn5qp002dkunge64m0xss
10:19:54.497 CallModal.tsx:3030 [CallModal] Audio is playing for cmeifn5qp002dkunge64m0xss
10:19:54.497 CallModal.tsx:2965 [CallModal] ✅ Audio playing immediately for participant cmeifn5qp002dkunge64m0xss
10:19:54.497 CallModal.tsx:2965 [CallModal] ✅ Audio playing immediately for participant cmeifn5qp002dkunge64m0xss
10:19:54.497 CallModal.tsx:2965 [CallModal] ✅ Audio playing immediately for participant cmeifn5qp002dkunge64m0xss
10:19:54.497 CallModal.tsx:2965 [CallModal] ✅ Audio playing immediately for participant cmeifn5qp002dkunge64m0xss
10:19:54.497 CallModal.tsx:2965 [CallModal] ✅ Audio playing immediately for participant cmeifn5qp002dkunge64m0xss
10:19:54.497 CallModal.tsx:2965 [CallModal] ✅ Audio playing immediately for participant cmeifn5qp002dkunge64m0xss
10:19:54.497 CallModal.tsx:2965 [CallModal] ✅ Audio playing immediately for participant cmeifn5qp002dkunge64m0xss
10:19:54.589 useVoiceActivity.ts:81 [VoiceActivity] Volume analysis: Object
10:19:54.631 useVoiceActivity.ts:81 [VoiceActivity] Volume analysis: Object
10:19:54.746 useVoiceActivity.ts:81 [VoiceActivity] Volume analysis: Object
10:19:54.967 CallModal.tsx:1453 [CallModal] 🔍 Connection verification:
10:19:54.967 CallModal.tsx:1454 [CallModal] - Expected participants: Array(2)
10:19:54.967 CallModal.tsx:1455 [CallModal] - Active connections: Array(2)
10:19:54.967 CallModal.tsx:1471 [CallModal] ✅ All expected WebRTC connections are active
10:19:55.116 CallModal.tsx:1453 [CallModal] 🔍 Connection verification:
10:19:55.116 CallModal.tsx:1454 [CallModal] - Expected participants: Array(2)
10:19:55.116 CallModal.tsx:1455 [CallModal] - Active connections: Array(2)
10:19:55.116 CallModal.tsx:1471 [CallModal] ✅ All expected WebRTC connections are active
10:19:55.275 CallModal.tsx:62 [CallModal] Rendered - voice call opened
10:19:55.275 CallModal.tsx:62 [CallModal] Rendered - voice call opened
10:19:55.276 CallModal.tsx:2603 [VoiceParticipant] Zber Samolde voice activity debug: Object
10:19:55.276 CallModal.tsx:2603 [VoiceParticipant] Zber Samolde voice activity debug: Object
10:19:55.276 CallModal.tsx:2603 [VoiceParticipant] Tester2 voice activity debug: Object
10:19:55.276 CallModal.tsx:2603 [VoiceParticipant] Tester2 voice activity debug: Object
10:19:55.277 CallModal.tsx:2917 [CallModal] 🔊 Setting up audio element for participant cmeifn5qp002dkunge64m0xss
10:19:55.277 CallModal.tsx:2918 [CallModal] Stream details: Object
10:19:55.277 CallModal.tsx:2932 [CallModal] Previous audio element for cmeifn5qp002dkunge64m0xss: false
10:19:55.278 CallModal.tsx:2941 [CallModal] Cleared previous srcObject for cmeifn5qp002dkunge64m0xss
10:19:55.278 useVoiceActivity.ts:22 [VoiceActivity] Effect triggered: Object
10:19:55.278 useVoiceActivity.ts:30 [VoiceActivity] No stream provided, cleaning up
10:19:55.278 useVoiceActivity.ts:22 [VoiceActivity] Effect triggered: Object
10:19:55.278 useVoiceActivity.ts:42 [VoiceActivity] Initializing for stream: 11f1cb2e-ff24-4f0a-9e82-dab593c0342f with 1 audio tracks
10:19:55.317 useVoiceActivity.ts:22 [VoiceActivity] Effect triggered: Object
10:19:55.317 useVoiceActivity.ts:30 [VoiceActivity] No stream provided, cleaning up
10:19:55.317 useVoiceActivity.ts:22 [VoiceActivity] Effect triggered: Object
10:19:55.317 useVoiceActivity.ts:42 [VoiceActivity] Initializing for stream: 11f1cb2e-ff24-4f0a-9e82-dab593c0342f with 1 audio tracks
10:19:55.408 NotificationContext.tsx:213 NotificationContext: Window blurred
10:19:55.410 ChatWindow.tsx:92 🏠 ChatWindow mounted/re-rendered with conversationId: cmfbwdnf60000kuzg41ovkra2
10:19:55.410 ChatWindow.tsx:92 🏠 ChatWindow mounted/re-rendered with conversationId: cmfbwdnf60000kuzg41ovkra2
10:19:55.411 CallModal.tsx:62 [CallModal] Rendered - voice call opened
10:19:55.411 CallModal.tsx:62 [CallModal] Rendered - voice call opened
10:19:55.412 CallModal.tsx:2603 [VoiceParticipant] Zber Samolde voice activity debug: Object
10:19:55.412 CallModal.tsx:2603 [VoiceParticipant] Zber Samolde voice activity debug: Object
10:19:55.412 CallModal.tsx:2603 [VoiceParticipant] Tester2 voice activity debug: Object
10:19:55.412 CallModal.tsx:2603 [VoiceParticipant] Tester2 voice activity debug: Object
10:19:55.413 CallModal.tsx:2917 [CallModal] 🔊 Setting up audio element for participant cmeifn5qp002dkunge64m0xss
10:19:55.413 CallModal.tsx:2918 [CallModal] Stream details: Object
10:19:55.413 CallModal.tsx:2932 [CallModal] Previous audio element for cmeifn5qp002dkunge64m0xss: false
10:19:55.415 CallModal.tsx:2941 [CallModal] Cleared previous srcObject for cmeifn5qp002dkunge64m0xss
10:19:55.415 GlobalNotificationListener.tsx:173 🧹 GlobalNotificationListener: Cleaning up socket listener for new-notification
10:19:55.415 GlobalNotificationListener.tsx:26 🌐 GlobalNotificationListener: useEffect triggered Object
10:19:55.415 GlobalNotificationListener.tsx:43 🚀 GlobalNotificationListener: Setting up global socket listeners for user: cmeifml0h001okung0i95m8s6
10:19:55.416 GlobalNotificationListener.tsx:48 🔄 GlobalNotificationListener: Re-emitted join-user-room for safety
10:19:55.416 GlobalNotificationListener.tsx:170 ✅ GlobalNotificationListener: Socket listener registered for new-notification events
10:19:55.416 useVoiceActivity.ts:22 [VoiceActivity] Effect triggered: Object
10:19:55.416 useVoiceActivity.ts:30 [VoiceActivity] No stream provided, cleaning up
10:19:55.416 useVoiceActivity.ts:22 [VoiceActivity] Effect triggered: Object
10:19:55.416 useVoiceActivity.ts:42 [VoiceActivity] Initializing for stream: 11f1cb2e-ff24-4f0a-9e82-dab593c0342f with 1 audio tracks
10:19:55.416 CallModal.tsx:86 [CallModal] Initialized active participants (excluding self): Array(2)
10:19:55.416 CallModal.tsx:1453 [CallModal] 🔍 Connection verification:
10:19:55.416 CallModal.tsx:1454 [CallModal] - Expected participants: Array(2)
10:19:55.416 CallModal.tsx:1455 [CallModal] - Active connections: Array(2)
10:19:55.416 CallModal.tsx:1471 [CallModal] ✅ All expected WebRTC connections are active
10:19:55.417 useVoiceActivity.ts:22 [VoiceActivity] Effect triggered: Object
10:19:55.417 useVoiceActivity.ts:30 [VoiceActivity] No stream provided, cleaning up
10:19:55.417 useVoiceActivity.ts:22 [VoiceActivity] Effect triggered: Object
10:19:55.417 useVoiceActivity.ts:42 [VoiceActivity] Initializing for stream: 11f1cb2e-ff24-4f0a-9e82-dab593c0342f with 1 audio tracks
10:19:55.417 CallModal.tsx:2965 [CallModal] ✅ Audio playing immediately for participant cmeifn5qp002dkunge64m0xss
10:19:55.417 SocketContext.tsx:399 SocketContext: Window blurred, sending pre-blur heartbeat
10:19:55.418 useVoiceActivity.ts:81 [VoiceActivity] Volume analysis: Object
10:19:55.420 CallModal.tsx:1453 [CallModal] 🔍 Connection verification:
10:19:55.420 CallModal.tsx:1454 [CallModal] - Expected participants: Array(2)
10:19:55.420 CallModal.tsx:1455 [CallModal] - Active connections: Array(2)
10:19:55.420 CallModal.tsx:1471 [CallModal] ✅ All expected WebRTC connections are active
10:19:55.431 CallModal.tsx:62 [CallModal] Rendered - voice call opened
10:19:55.431 CallModal.tsx:62 [CallModal] Rendered - voice call opened
10:19:55.431 CallModal.tsx:2603 [VoiceParticipant] Zber Samolde voice activity debug: Object
10:19:55.431 CallModal.tsx:2603 [VoiceParticipant] Zber Samolde voice activity debug: Object
10:19:55.432 CallModal.tsx:2603 [VoiceParticipant] Tester2 voice activity debug: Object
10:19:55.432 CallModal.tsx:2603 [VoiceParticipant] Tester2 voice activity debug: Object
10:19:55.433 CallModal.tsx:2917 [CallModal] 🔊 Setting up audio element for participant cmeifn5qp002dkunge64m0xss
10:19:55.433 CallModal.tsx:2918 [CallModal] Stream details: Object
10:19:55.433 CallModal.tsx:2932 [CallModal] Previous audio element for cmeifn5qp002dkunge64m0xss: false
10:19:55.433 CallModal.tsx:2941 [CallModal] Cleared previous srcObject for cmeifn5qp002dkunge64m0xss
10:19:55.434 useVoiceActivity.ts:22 [VoiceActivity] Effect triggered: Object
10:19:55.434 useVoiceActivity.ts:30 [VoiceActivity] No stream provided, cleaning up
10:19:55.434 useVoiceActivity.ts:22 [VoiceActivity] Effect triggered: Object
10:19:55.434 useVoiceActivity.ts:42 [VoiceActivity] Initializing for stream: 11f1cb2e-ff24-4f0a-9e82-dab593c0342f with 1 audio tracks
10:19:55.434 useVoiceActivity.ts:22 [VoiceActivity] Effect triggered: Object
10:19:55.434 useVoiceActivity.ts:30 [VoiceActivity] No stream provided, cleaning up
10:19:55.434 useVoiceActivity.ts:22 [VoiceActivity] Effect triggered: Object
10:19:55.434 useVoiceActivity.ts:42 [VoiceActivity] Initializing for stream: 11f1cb2e-ff24-4f0a-9e82-dab593c0342f with 1 audio tracks
10:19:55.435 CallModal.tsx:2971 [CallModal] ❌ Initial audio play failed for cmeifn5qp002dkunge64m0xss: AbortError: The play() request was interrupted by a call to pause(). https://goo.gl/LdLk22
attemptPlay @ CallModal.tsx:2971
10:19:55.565 CallModal.tsx:62 [CallModal] Rendered - voice call opened
10:19:55.565 CallModal.tsx:62 [CallModal] Rendered - voice call opened
10:19:55.567 CallModal.tsx:3013 [CallModal] Audio loadeddata event for cmeifn5qp002dkunge64m0xss
10:19:55.567 CallModal.tsx:3013 [CallModal] Audio loadeddata event for cmeifn5qp002dkunge64m0xss
10:19:55.567 CallModal.tsx:3013 [CallModal] Audio loadeddata event for cmeifn5qp002dkunge64m0xss
10:19:55.567 CallModal.tsx:3029 [CallModal] Audio can play for cmeifn5qp002dkunge64m0xss
10:19:55.567 CallModal.tsx:3018 [CallModal] Audio canplay event for cmeifn5qp002dkunge64m0xss
10:19:55.567 CallModal.tsx:3018 [CallModal] Audio canplay event for cmeifn5qp002dkunge64m0xss
10:19:55.567 CallModal.tsx:3018 [CallModal] Audio canplay event for cmeifn5qp002dkunge64m0xss
10:19:55.567 CallModal.tsx:3030 [CallModal] Audio is playing for cmeifn5qp002dkunge64m0xss
10:19:55.567 CallModal.tsx:2965 [CallModal] ✅ Audio playing immediately for participant cmeifn5qp002dkunge64m0xss
10:19:55.567 CallModal.tsx:2965 [CallModal] ✅ Audio playing immediately for participant cmeifn5qp002dkunge64m0xss
10:19:55.567 CallModal.tsx:2965 [CallModal] ✅ Audio playing immediately for participant cmeifn5qp002dkunge64m0xss
10:19:55.567 CallModal.tsx:2965 [CallModal] ✅ Audio playing immediately for participant cmeifn5qp002dkunge64m0xss
10:19:55.567 CallModal.tsx:2965 [CallModal] ✅ Audio playing immediately for participant cmeifn5qp002dkunge64m0xss
10:19:55.567 CallModal.tsx:2965 [CallModal] ✅ Audio playing immediately for participant cmeifn5qp002dkunge64m0xss
10:19:55.567 CallModal.tsx:2965 [CallModal] ✅ Audio playing immediately for participant cmeifn5qp002dkunge64m0xss
10:19:55.956 CallModal.tsx:228 [CallModal] Updated peer connections for performance monitoring: 2
10:19:55.956 CallModal.tsx:229 [CallModal] Peer connection participants: (2) ['cmeifn5qp002dkunge64m0xss', 'cmeumah180000kuygq63oa1qx']
10:19:55.956 CallModal.tsx:2992 [CallModal] ✅ Audio playing after retry for participant cmeifn5qp002dkunge64m0xss
10:19:55.956 CallModal.tsx:62 [CallModal] Rendered - voice call opened
10:19:55.957 CallModal.tsx:62 [CallModal] Rendered - voice call opened
10:19:55.957 CallModal.tsx:2603 [VoiceParticipant] Zber Samolde voice activity debug: {participantId: 'cmeumah180000kuygq63oa1qx', hasOriginalStream: false, hasLatestStream: false, streamActive: undefined, audioTracksCount: 0, …}
10:19:55.957 CallModal.tsx:2603 [VoiceParticipant] Zber Samolde voice activity debug: {participantId: 'cmeumah180000kuygq63oa1qx', hasOriginalStream: false, hasLatestStream: false, streamActive: undefined, audioTracksCount: 0, …}
10:19:55.957 CallModal.tsx:2603 [VoiceParticipant] Tester2 voice activity debug: {participantId: 'cmeifn5qp002dkunge64m0xss', hasOriginalStream: true, hasLatestStream: true, streamActive: true, audioTracksCount: 1, …}
10:19:55.957 CallModal.tsx:2603 [VoiceParticipant] Tester2 voice activity debug: {participantId: 'cmeifn5qp002dkunge64m0xss', hasOriginalStream: true, hasLatestStream: true, streamActive: true, audioTracksCount: 1, …}
10:19:55.958 CallModal.tsx:2917 [CallModal] 🔊 Setting up audio element for participant cmeifn5qp002dkunge64m0xss
10:19:55.959 CallModal.tsx:2918 [CallModal] Stream details: {id: '11f1cb2e-ff24-4f0a-9e82-dab593c0342f', active: true, audioTracks: Array(1)}
10:19:55.959 CallModal.tsx:2932 [CallModal] Previous audio element for cmeifn5qp002dkunge64m0xss: false
10:19:55.961 CallModal.tsx:2941 [CallModal] Cleared previous srcObject for cmeifn5qp002dkunge64m0xss
10:19:56.002 useVoiceActivity.ts:22 [VoiceActivity] Effect triggered: {hasStream: false, streamId: undefined, audioTracks: 0, threshold: -40}
10:19:56.003 useVoiceActivity.ts:30 [VoiceActivity] No stream provided, cleaning up
10:19:56.003 useVoiceActivity.ts:22 [VoiceActivity] Effect triggered: {hasStream: true, streamId: '11f1cb2e-ff24-4f0a-9e82-dab593c0342f', audioTracks: 1, threshold: -40}
10:19:56.004 useVoiceActivity.ts:42 [VoiceActivity] Initializing for stream: 11f1cb2e-ff24-4f0a-9e82-dab593c0342f with 1 audio tracks
10:19:56.005 useCallPerformance.ts:242 [useCallPerformance] Connection states: (2) [{…}, {…}]
10:19:56.005 useCallPerformance.ts:246 [useCallPerformance] Starting monitoring for 2 valid connections
10:19:56.006 useVoiceActivity.ts:22 [VoiceActivity] Effect triggered: {hasStream: false, streamId: undefined, audioTracks: 0, threshold: -40}
10:19:56.006 useVoiceActivity.ts:30 [VoiceActivity] No stream provided, cleaning up
10:19:56.006 useVoiceActivity.ts:22 [VoiceActivity] Effect triggered: {hasStream: true, streamId: '11f1cb2e-ff24-4f0a-9e82-dab593c0342f', audioTracks: 1, threshold: -40}
10:19:56.006 useVoiceActivity.ts:42 [VoiceActivity] Initializing for stream: 11f1cb2e-ff24-4f0a-9e82-dab593c0342f with 1 audio tracks
10:19:56.007 CallModal.tsx:3013 [CallModal] Audio loadeddata event for cmeifn5qp002dkunge64m0xss
10:19:56.008 CallModal.tsx:3029 [CallModal] Audio can play for cmeifn5qp002dkunge64m0xss
10:19:56.008 CallModal.tsx:3018 [CallModal] Audio canplay event for cmeifn5qp002dkunge64m0xss
10:19:56.008 CallModal.tsx:3030 [CallModal] Audio is playing for cmeifn5qp002dkunge64m0xss
10:19:56.008 CallModal.tsx:2965 [CallModal] ✅ Audio playing immediately for participant cmeifn5qp002dkunge64m0xss
10:19:56.008 CallModal.tsx:2965 [CallModal] ✅ Audio playing immediately for participant cmeifn5qp002dkunge64m0xss
10:19:56.008 CallModal.tsx:2965 [CallModal] ✅ Audio playing immediately for participant cmeifn5qp002dkunge64m0xss
10:19:56.008 useCallPerformance.ts:41 [useCallPerformance] Network metrics: {audioPacketLoss: 0, videoPacketLoss: 0, videoFrameRate: 0, latency: 2, callType: 'voice'}
10:19:56.009 CallModal.tsx:62 [CallModal] Rendered - voice call opened
10:19:56.009 CallModal.tsx:62 [CallModal] Rendered - voice call opened
10:19:56.010 useCallPerformance.ts:37 [useCallPerformance] No valid network data yet, assuming good quality
10:19:56.010 CallModal.tsx:62 [CallModal] Rendered - voice call opened
10:19:56.010 CallModal.tsx:62 [CallModal] Rendered - voice call opened
10:19:56.010 CallModal.tsx:2603 [VoiceParticipant] Zber Samolde voice activity debug: {participantId: 'cmeumah180000kuygq63oa1qx', hasOriginalStream: false, hasLatestStream: false, streamActive: undefined, audioTracksCount: 0, …}
10:19:56.011 CallModal.tsx:2603 [VoiceParticipant] Zber Samolde voice activity debug: {participantId: 'cmeumah180000kuygq63oa1qx', hasOriginalStream: false, hasLatestStream: false, streamActive: undefined, audioTracksCount: 0, …}
10:19:56.011 CallModal.tsx:2603 [VoiceParticipant] Tester2 voice activity debug: {participantId: 'cmeifn5qp002dkunge64m0xss', hasOriginalStream: true, hasLatestStream: true, streamActive: true, audioTracksCount: 1, …}
10:19:56.011 CallModal.tsx:2603 [VoiceParticipant] Tester2 voice activity debug: {participantId: 'cmeifn5qp002dkunge64m0xss', hasOriginalStream: true, hasLatestStream: true, streamActive: true, audioTracksCount: 1, …}
10:19:56.013 CallModal.tsx:2917 [CallModal] 🔊 Setting up audio element for participant cmeifn5qp002dkunge64m0xss
10:19:56.014 CallModal.tsx:2918 [CallModal] Stream details: {id: '11f1cb2e-ff24-4f0a-9e82-dab593c0342f', active: true, audioTracks: Array(1)}
10:19:56.015 CallModal.tsx:2932 [CallModal] Previous audio element for cmeifn5qp002dkunge64m0xss: false
10:19:56.017 CallModal.tsx:2941 [CallModal] Cleared previous srcObject for cmeifn5qp002dkunge64m0xss
10:19:56.079 useVoiceActivity.ts:22 [VoiceActivity] Effect triggered: {hasStream: false, streamId: undefined, audioTracks: 0, threshold: -40}
10:19:56.080 useVoiceActivity.ts:30 [VoiceActivity] No stream provided, cleaning up
10:19:56.080 useVoiceActivity.ts:22 [VoiceActivity] Effect triggered: {hasStream: true, streamId: '11f1cb2e-ff24-4f0a-9e82-dab593c0342f', audioTracks: 1, threshold: -40}
10:19:56.081 useVoiceActivity.ts:42 [VoiceActivity] Initializing for stream: 11f1cb2e-ff24-4f0a-9e82-dab593c0342f with 1 audio tracks
10:19:56.082 useVoiceActivity.ts:22 [VoiceActivity] Effect triggered: {hasStream: false, streamId: undefined, audioTracks: 0, threshold: -40}
10:19:56.082 useVoiceActivity.ts:30 [VoiceActivity] No stream provided, cleaning up
10:19:56.082 useVoiceActivity.ts:22 [VoiceActivity] Effect triggered: {hasStream: true, streamId: '11f1cb2e-ff24-4f0a-9e82-dab593c0342f', audioTracks: 1, threshold: -40}
10:19:56.082 useVoiceActivity.ts:42 [VoiceActivity] Initializing for stream: 11f1cb2e-ff24-4f0a-9e82-dab593c0342f with 1 audio tracks
10:19:56.083 CallModal.tsx:62 [CallModal] Rendered - voice call opened
10:19:56.083 CallModal.tsx:62 [CallModal] Rendered - voice call opened
10:19:56.084 CallModal.tsx:3013 [CallModal] Audio loadeddata event for cmeifn5qp002dkunge64m0xss
10:19:56.084 CallModal.tsx:3029 [CallModal] Audio can play for cmeifn5qp002dkunge64m0xss
10:19:56.084 CallModal.tsx:3018 [CallModal] Audio canplay event for cmeifn5qp002dkunge64m0xss
10:19:56.085 CallModal.tsx:3030 [CallModal] Audio is playing for cmeifn5qp002dkunge64m0xss
10:19:56.085 CallModal.tsx:2965 [CallModal] ✅ Audio playing immediately for participant cmeifn5qp002dkunge64m0xss
10:19:56.085 CallModal.tsx:2965 [CallModal] ✅ Audio playing immediately for participant cmeifn5qp002dkunge64m0xss
10:19:56.085 CallModal.tsx:2965 [CallModal] ✅ Audio playing immediately for participant cmeifn5qp002dkunge64m0xss
10:19:56.090 CallModal.tsx:1453 [CallModal] 🔍 Connection verification:
10:19:56.090 CallModal.tsx:1454 [CallModal] - Expected participants: (2) ['cmeumah180000kuygq63oa1qx', 'cmeifn5qp002dkunge64m0xss']
10:19:56.090 CallModal.tsx:1455 [CallModal] - Active connections: (2) ['cmeifn5qp002dkunge64m0xss', 'cmeumah180000kuygq63oa1qx']
10:19:56.090 CallModal.tsx:1471 [CallModal] ✅ All expected WebRTC connections are active
10:19:56.110 CallModal.tsx:62 [CallModal] Rendered - voice call opened
10:19:56.111 CallModal.tsx:62 [CallModal] Rendered - voice call opened
10:19:56.111 CallModal.tsx:2603 [VoiceParticipant] Zber Samolde voice activity debug: {participantId: 'cmeumah180000kuygq63oa1qx', hasOriginalStream: false, hasLatestStream: false, streamActive: undefined, audioTracksCount: 0, …}
10:19:56.111 CallModal.tsx:2603 [VoiceParticipant] Zber Samolde voice activity debug: {participantId: 'cmeumah180000kuygq63oa1qx', hasOriginalStream: false, hasLatestStream: false, streamActive: undefined, audioTracksCount: 0, …}
10:19:56.112 CallModal.tsx:2603 [VoiceParticipant] Tester2 voice activity debug: {participantId: 'cmeifn5qp002dkunge64m0xss', hasOriginalStream: true, hasLatestStream: true, streamActive: true, audioTracksCount: 1, …}
10:19:56.112 CallModal.tsx:2603 [VoiceParticipant] Tester2 voice activity debug: {participantId: 'cmeifn5qp002dkunge64m0xss', hasOriginalStream: true, hasLatestStream: true, streamActive: true, audioTracksCount: 1, …}
10:19:56.113 CallModal.tsx:2917 [CallModal] 🔊 Setting up audio element for participant cmeifn5qp002dkunge64m0xss
10:19:56.114 CallModal.tsx:2918 [CallModal] Stream details: {id: '11f1cb2e-ff24-4f0a-9e82-dab593c0342f', active: true, audioTracks: Array(1)}
10:19:56.114 CallModal.tsx:2932 [CallModal] Previous audio element for cmeifn5qp002dkunge64m0xss: false
10:19:56.118 CallModal.tsx:2941 [CallModal] Cleared previous srcObject for cmeifn5qp002dkunge64m0xss
10:19:56.167 useVoiceActivity.ts:22 [VoiceActivity] Effect triggered: {hasStream: false, streamId: undefined, audioTracks: 0, threshold: -40}
10:19:56.168 useVoiceActivity.ts:30 [VoiceActivity] No stream provided, cleaning up
10:19:56.168 useVoiceActivity.ts:22 [VoiceActivity] Effect triggered: {hasStream: true, streamId: '11f1cb2e-ff24-4f0a-9e82-dab593c0342f', audioTracks: 1, threshold: -40}
10:19:56.168 useVoiceActivity.ts:42 [VoiceActivity] Initializing for stream: 11f1cb2e-ff24-4f0a-9e82-dab593c0342f with 1 audio tracks
10:19:56.169 useVoiceActivity.ts:22 [VoiceActivity] Effect triggered: {hasStream: false, streamId: undefined, audioTracks: 0, threshold: -40}
10:19:56.170 useVoiceActivity.ts:30 [VoiceActivity] No stream provided, cleaning up
10:19:56.170 useVoiceActivity.ts:22 [VoiceActivity] Effect triggered: {hasStream: true, streamId: '11f1cb2e-ff24-4f0a-9e82-dab593c0342f', audioTracks: 1, threshold: -40}
10:19:56.170 useVoiceActivity.ts:42 [VoiceActivity] Initializing for stream: 11f1cb2e-ff24-4f0a-9e82-dab593c0342f with 1 audio tracks
10:19:56.170 CallModal.tsx:62 [CallModal] Rendered - voice call opened
10:19:56.171 CallModal.tsx:62 [CallModal] Rendered - voice call opened
10:19:56.171 CallModal.tsx:2603 [VoiceParticipant] Zber Samolde voice activity debug: {participantId: 'cmeumah180000kuygq63oa1qx', hasOriginalStream: false, hasLatestStream: false, streamActive: undefined, audioTracksCount: 0, …}
10:19:56.171 CallModal.tsx:2603 [VoiceParticipant] Zber Samolde voice activity debug: {participantId: 'cmeumah180000kuygq63oa1qx', hasOriginalStream: false, hasLatestStream: false, streamActive: undefined, audioTracksCount: 0, …}
10:19:56.171 CallModal.tsx:2603 [VoiceParticipant] Tester2 voice activity debug: {participantId: 'cmeifn5qp002dkunge64m0xss', hasOriginalStream: true, hasLatestStream: true, streamActive: true, audioTracksCount: 1, …}
10:19:56.171 CallModal.tsx:2603 [VoiceParticipant] Tester2 voice activity debug: {participantId: 'cmeifn5qp002dkunge64m0xss', hasOriginalStream: true, hasLatestStream: true, streamActive: true, audioTracksCount: 1, …}
10:19:56.172 CallModal.tsx:2917 [CallModal] 🔊 Setting up audio element for participant cmeifn5qp002dkunge64m0xss
10:19:56.173 CallModal.tsx:2918 [CallModal] Stream details: {id: '11f1cb2e-ff24-4f0a-9e82-dab593c0342f', active: true, audioTracks: Array(1)}
10:19:56.174 CallModal.tsx:2932 [CallModal] Previous audio element for cmeifn5qp002dkunge64m0xss: false
10:19:56.176 CallModal.tsx:2941 [CallModal] Cleared previous srcObject for cmeifn5qp002dkunge64m0xss
10:19:56.178 CallModal.tsx:2965 [CallModal] ✅ Audio playing immediately for participant cmeifn5qp002dkunge64m0xss
10:19:56.255 useVoiceActivity.ts:22 [VoiceActivity] Effect triggered: {hasStream: false, streamId: undefined, audioTracks: 0, threshold: -40}
10:19:56.255 useVoiceActivity.ts:30 [VoiceActivity] No stream provided, cleaning up
10:19:56.256 useVoiceActivity.ts:22 [VoiceActivity] Effect triggered: {hasStream: true, streamId: '11f1cb2e-ff24-4f0a-9e82-dab593c0342f', audioTracks: 1, threshold: -40}
10:19:56.256 useVoiceActivity.ts:42 [VoiceActivity] Initializing for stream: 11f1cb2e-ff24-4f0a-9e82-dab593c0342f with 1 audio tracks
10:19:56.258 useVoiceActivity.ts:22 [VoiceActivity] Effect triggered: {hasStream: false, streamId: undefined, audioTracks: 0, threshold: -40}
10:19:56.258 useVoiceActivity.ts:30 [VoiceActivity] No stream provided, cleaning up
10:19:56.258 useVoiceActivity.ts:22 [VoiceActivity] Effect triggered: {hasStream: true, streamId: '11f1cb2e-ff24-4f0a-9e82-dab593c0342f', audioTracks: 1, threshold: -40}
10:19:56.258 useVoiceActivity.ts:42 [VoiceActivity] Initializing for stream: 11f1cb2e-ff24-4f0a-9e82-dab593c0342f with 1 audio tracks
10:19:56.259 CallModal.tsx:62 [CallModal] Rendered - voice call opened
10:19:56.259 CallModal.tsx:62 [CallModal] Rendered - voice call opened
10:19:56.260 CallModal.tsx:3013 [CallModal] Audio loadeddata event for cmeifn5qp002dkunge64m0xss
10:19:56.260 CallModal.tsx:3013 [CallModal] Audio loadeddata event for cmeifn5qp002dkunge64m0xss
10:19:56.261 CallModal.tsx:3029 [CallModal] Audio can play for cmeifn5qp002dkunge64m0xss
10:19:56.261 CallModal.tsx:3018 [CallModal] Audio canplay event for cmeifn5qp002dkunge64m0xss
10:19:56.261 CallModal.tsx:3018 [CallModal] Audio canplay event for cmeifn5qp002dkunge64m0xss
10:19:56.261 CallModal.tsx:3030 [CallModal] Audio is playing for cmeifn5qp002dkunge64m0xss
10:19:56.261 CallModal.tsx:2965 [CallModal] ✅ Audio playing immediately for participant cmeifn5qp002dkunge64m0xss
10:19:56.261 CallModal.tsx:2965 [CallModal] ✅ Audio playing immediately for participant cmeifn5qp002dkunge64m0xss
10:19:56.261 CallModal.tsx:2965 [CallModal] ✅ Audio playing immediately for participant cmeifn5qp002dkunge64m0xss
10:19:56.261 CallModal.tsx:2965 [CallModal] ✅ Audio playing immediately for participant cmeifn5qp002dkunge64m0xss
10:19:56.261 CallModal.tsx:2965 [CallModal] ✅ Audio playing immediately for participant cmeifn5qp002dkunge64m0xss
10:19:56.273 useVoiceActivity.ts:81 [VoiceActivity] Volume analysis: {average: '10.3', volume: '-27.9', threshold: -50, speaking: true, streamActive: true, …}
10:19:56.274 CallModal.tsx:62 [CallModal] Rendered - voice call opened
10:19:56.274 CallModal.tsx:62 [CallModal] Rendered - voice call opened
10:19:56.275 CallModal.tsx:2603 [VoiceParticipant] Zber Samolde voice activity debug: {participantId: 'cmeumah180000kuygq63oa1qx', hasOriginalStream: false, hasLatestStream: false, streamActive: undefined, audioTracksCount: 0, …}
10:19:56.275 CallModal.tsx:2603 [VoiceParticipant] Zber Samolde voice activity debug: {participantId: 'cmeumah180000kuygq63oa1qx', hasOriginalStream: false, hasLatestStream: false, streamActive: undefined, audioTracksCount: 0, …}
10:19:56.275 CallModal.tsx:2603 [VoiceParticipant] Tester2 voice activity debug: {participantId: 'cmeifn5qp002dkunge64m0xss', hasOriginalStream: true, hasLatestStream: true, streamActive: true, audioTracksCount: 1, …}
10:19:56.275 CallModal.tsx:2603 [VoiceParticipant] Tester2 voice activity debug: {participantId: 'cmeifn5qp002dkunge64m0xss', hasOriginalStream: true, hasLatestStream: true, streamActive: true, audioTracksCount: 1, …}
10:19:56.276 CallModal.tsx:2917 [CallModal] 🔊 Setting up audio element for participant cmeifn5qp002dkunge64m0xss
10:19:56.277 CallModal.tsx:2918 [CallModal] Stream details: {id: '11f1cb2e-ff24-4f0a-9e82-dab593c0342f', active: true, audioTracks: Array(1)}
10:19:56.277 CallModal.tsx:2932 [CallModal] Previous audio element for cmeifn5qp002dkunge64m0xss: false
10:19:56.279 CallModal.tsx:2941 [CallModal] Cleared previous srcObject for cmeifn5qp002dkunge64m0xss
10:19:56.362 useVoiceActivity.ts:22 [VoiceActivity] Effect triggered: {hasStream: false, streamId: undefined, audioTracks: 0, threshold: -40}
10:19:56.362 useVoiceActivity.ts:30 [VoiceActivity] No stream provided, cleaning up
10:19:56.363 useVoiceActivity.ts:22 [VoiceActivity] Effect triggered: {hasStream: true, streamId: '11f1cb2e-ff24-4f0a-9e82-dab593c0342f', audioTracks: 1, threshold: -40}
10:19:56.363 useVoiceActivity.ts:42 [VoiceActivity] Initializing for stream: 11f1cb2e-ff24-4f0a-9e82-dab593c0342f with 1 audio tracks
10:19:56.365 useVoiceActivity.ts:22 [VoiceActivity] Effect triggered: {hasStream: false, streamId: undefined, audioTracks: 0, threshold: -40}
10:19:56.365 useVoiceActivity.ts:30 [VoiceActivity] No stream provided, cleaning up
10:19:56.365 useVoiceActivity.ts:22 [VoiceActivity] Effect triggered: {hasStream: true, streamId: '11f1cb2e-ff24-4f0a-9e82-dab593c0342f', audioTracks: 1, threshold: -40}
10:19:56.365 useVoiceActivity.ts:42 [VoiceActivity] Initializing for stream: 11f1cb2e-ff24-4f0a-9e82-dab593c0342f with 1 audio tracks
10:19:56.366 CallModal.tsx:62 [CallModal] Rendered - voice call opened
10:19:56.366 CallModal.tsx:62 [CallModal] Rendered - voice call opened
10:19:56.367 CallModal.tsx:1453 [CallModal] 🔍 Connection verification:
10:19:56.367 CallModal.tsx:1454 [CallModal] - Expected participants: (2) ['cmeumah180000kuygq63oa1qx', 'cmeifn5qp002dkunge64m0xss']
10:19:56.367 CallModal.tsx:1455 [CallModal] - Active connections: (2) ['cmeifn5qp002dkunge64m0xss', 'cmeumah180000kuygq63oa1qx']
10:19:56.367 CallModal.tsx:1471 [CallModal] ✅ All expected WebRTC connections are active
10:19:56.368 CallModal.tsx:3013 [CallModal] Audio loadeddata event for cmeifn5qp002dkunge64m0xss
10:19:56.368 CallModal.tsx:3029 [CallModal] Audio can play for cmeifn5qp002dkunge64m0xss
10:19:56.369 CallModal.tsx:3018 [CallModal] Audio canplay event for cmeifn5qp002dkunge64m0xss
10:19:56.369 CallModal.tsx:3030 [CallModal] Audio is playing for cmeifn5qp002dkunge64m0xss
10:19:56.369 CallModal.tsx:2965 [CallModal] ✅ Audio playing immediately for participant cmeifn5qp002dkunge64m0xss
10:19:56.369 CallModal.tsx:2965 [CallModal] ✅ Audio playing immediately for participant cmeifn5qp002dkunge64m0xss
10:19:56.369 CallModal.tsx:2965 [CallModal] ✅ Audio playing immediately for participant cmeifn5qp002dkunge64m0xss
10:19:56.369 CallModal.tsx:62 [CallModal] Rendered - voice call opened
10:19:56.370 CallModal.tsx:62 [CallModal] Rendered - voice call opened
10:19:56.370 CallModal.tsx:2603 [VoiceParticipant] Zber Samolde voice activity debug: {participantId: 'cmeumah180000kuygq63oa1qx', hasOriginalStream: false, hasLatestStream: false, streamActive: undefined, audioTracksCount: 0, …}
10:19:56.370 CallModal.tsx:2603 [VoiceParticipant] Zber Samolde voice activity debug: {participantId: 'cmeumah180000kuygq63oa1qx', hasOriginalStream: false, hasLatestStream: false, streamActive: undefined, audioTracksCount: 0, …}
10:19:56.370 CallModal.tsx:2603 [VoiceParticipant] Tester2 voice activity debug: {participantId: 'cmeifn5qp002dkunge64m0xss', hasOriginalStream: true, hasLatestStream: true, streamActive: true, audioTracksCount: 1, …}
10:19:56.370 CallModal.tsx:2603 [VoiceParticipant] Tester2 voice activity debug: {participantId: 'cmeifn5qp002dkunge64m0xss', hasOriginalStream: true, hasLatestStream: true, streamActive: true, audioTracksCount: 1, …}
10:19:56.371 CallModal.tsx:2917 [CallModal] 🔊 Setting up audio element for participant cmeifn5qp002dkunge64m0xss
10:19:56.372 CallModal.tsx:2918 [CallModal] Stream details: {id: '11f1cb2e-ff24-4f0a-9e82-dab593c0342f', active: true, audioTracks: Array(1)}
10:19:56.373 CallModal.tsx:2932 [CallModal] Previous audio element for cmeifn5qp002dkunge64m0xss: false
10:19:56.375 CallModal.tsx:2941 [CallModal] Cleared previous srcObject for cmeifn5qp002dkunge64m0xss
10:19:56.454 useVoiceActivity.ts:22 [VoiceActivity] Effect triggered: {hasStream: false, streamId: undefined, audioTracks: 0, threshold: -40}
10:19:56.455 useVoiceActivity.ts:30 [VoiceActivity] No stream provided, cleaning up
10:19:56.455 useVoiceActivity.ts:22 [VoiceActivity] Effect triggered: {hasStream: true, streamId: '11f1cb2e-ff24-4f0a-9e82-dab593c0342f', audioTracks: 1, threshold: -40}
10:19:56.455 useVoiceActivity.ts:42 [VoiceActivity] Initializing for stream: 11f1cb2e-ff24-4f0a-9e82-dab593c0342f with 1 audio tracks
10:19:56.456 useVoiceActivity.ts:22 [VoiceActivity] Effect triggered: {hasStream: false, streamId: undefined, audioTracks: 0, threshold: -40}
10:19:56.456 useVoiceActivity.ts:30 [VoiceActivity] No stream provided, cleaning up
10:19:56.456 useVoiceActivity.ts:22 [VoiceActivity] Effect triggered: {hasStream: true, streamId: '11f1cb2e-ff24-4f0a-9e82-dab593c0342f', audioTracks: 1, threshold: -40}
10:19:56.456 useVoiceActivity.ts:42 [VoiceActivity] Initializing for stream: 11f1cb2e-ff24-4f0a-9e82-dab593c0342f with 1 audio tracks
10:19:56.457 CallModal.tsx:62 [CallModal] Rendered - voice call opened
10:19:56.458 CallModal.tsx:62 [CallModal] Rendered - voice call opened
10:19:56.461 CallModal.tsx:3013 [CallModal] Audio loadeddata event for cmeifn5qp002dkunge64m0xss
10:19:56.461 CallModal.tsx:3029 [CallModal] Audio can play for cmeifn5qp002dkunge64m0xss
10:19:56.461 CallModal.tsx:3018 [CallModal] Audio canplay event for cmeifn5qp002dkunge64m0xss
10:19:56.461 CallModal.tsx:3030 [CallModal] Audio is playing for cmeifn5qp002dkunge64m0xss
10:19:56.461 CallModal.tsx:2965 [CallModal] ✅ Audio playing immediately for participant cmeifn5qp002dkunge64m0xss
10:19:56.461 CallModal.tsx:2965 [CallModal] ✅ Audio playing immediately for participant cmeifn5qp002dkunge64m0xss
10:19:56.461 CallModal.tsx:2965 [CallModal] ✅ Audio playing immediately for participant cmeifn5qp002dkunge64m0xss
10:19:56.462 CallModal.tsx:62 [CallModal] Rendered - voice call opened
10:19:56.462 CallModal.tsx:62 [CallModal] Rendered - voice call opened
10:19:56.463 CallModal.tsx:2603 [VoiceParticipant] Zber Samolde voice activity debug: {participantId: 'cmeumah180000kuygq63oa1qx', hasOriginalStream: false, hasLatestStream: false, streamActive: undefined, audioTracksCount: 0, …}
10:19:56.463 CallModal.tsx:2603 [VoiceParticipant] Zber Samolde voice activity debug: {participantId: 'cmeumah180000kuygq63oa1qx', hasOriginalStream: false, hasLatestStream: false, streamActive: undefined, audioTracksCount: 0, …}
10:19:56.463 CallModal.tsx:2603 [VoiceParticipant] Tester2 voice activity debug: {participantId: 'cmeifn5qp002dkunge64m0xss', hasOriginalStream: true, hasLatestStream: true, streamActive: true, audioTracksCount: 1, …}
10:19:56.463 CallModal.tsx:2603 [VoiceParticipant] Tester2 voice activity debug: {participantId: 'cmeifn5qp002dkunge64m0xss', hasOriginalStream: true, hasLatestStream: true, streamActive: true, audioTracksCount: 1, …}
10:19:56.464 CallModal.tsx:2917 [CallModal] 🔊 Setting up audio element for participant cmeifn5qp002dkunge64m0xss
10:19:56.464 CallModal.tsx:2918 [CallModal] Stream details: {id: '11f1cb2e-ff24-4f0a-9e82-dab593c0342f', active: true, audioTracks: Array(1)}
10:19:56.465 CallModal.tsx:2932 [CallModal] Previous audio element for cmeifn5qp002dkunge64m0xss: false
10:19:56.467 CallModal.tsx:2941 [CallModal] Cleared previous srcObject for cmeifn5qp002dkunge64m0xss
10:19:56.518 useVoiceActivity.ts:22 [VoiceActivity] Effect triggered: {hasStream: false, streamId: undefined, audioTracks: 0, threshold: -40}
10:19:56.519 useVoiceActivity.ts:30 [VoiceActivity] No stream provided, cleaning up
10:19:56.520 useVoiceActivity.ts:22 [VoiceActivity] Effect triggered: {hasStream: true, streamId: '11f1cb2e-ff24-4f0a-9e82-dab593c0342f', audioTracks: 1, threshold: -40}
10:19:56.520 useVoiceActivity.ts:42 [VoiceActivity] Initializing for stream: 11f1cb2e-ff24-4f0a-9e82-dab593c0342f with 1 audio tracks
10:19:56.521 useVoiceActivity.ts:81 [VoiceActivity] Volume analysis: {average: '0.0', volume: '-100.0', threshold: -40, speaking: false, streamActive: true, …}
10:19:56.522 useVoiceActivity.ts:22 [VoiceActivity] Effect triggered: {hasStream: false, streamId: undefined, audioTracks: 0, threshold: -40}
10:19:56.522 useVoiceActivity.ts:30 [VoiceActivity] No stream provided, cleaning up
10:19:56.522 useVoiceActivity.ts:22 [VoiceActivity] Effect triggered: {hasStream: true, streamId: '11f1cb2e-ff24-4f0a-9e82-dab593c0342f', audioTracks: 1, threshold: -40}
10:19:56.522 useVoiceActivity.ts:42 [VoiceActivity] Initializing for stream: 11f1cb2e-ff24-4f0a-9e82-dab593c0342f with 1 audio tracks
10:19:56.524 CallModal.tsx:3013 [CallModal] Audio loadeddata event for cmeifn5qp002dkunge64m0xss
10:19:56.525 CallModal.tsx:3029 [CallModal] Audio can play for cmeifn5qp002dkunge64m0xss
10:19:56.525 CallModal.tsx:3018 [CallModal] Audio canplay event for cmeifn5qp002dkunge64m0xss
10:19:56.526 CallModal.tsx:3030 [CallModal] Audio is playing for cmeifn5qp002dkunge64m0xss
10:19:56.526 CallModal.tsx:2965 [CallModal] ✅ Audio playing immediately for participant cmeifn5qp002dkunge64m0xss
10:19:56.526 CallModal.tsx:2965 [CallModal] ✅ Audio playing immediately for participant cmeifn5qp002dkunge64m0xss
10:19:56.526 CallModal.tsx:2965 [CallModal] ✅ Audio playing immediately for participant cmeifn5qp002dkunge64m0xss
10:19:56.526 CallModal.tsx:62 [CallModal] Rendered - voice call opened
10:19:56.527 CallModal.tsx:62 [CallModal] Rendered - voice call opened
10:19:56.570 CallModal.tsx:62 [CallModal] Rendered - voice call opened
10:19:56.571 CallModal.tsx:62 [CallModal] Rendered - voice call opened
10:19:56.571 CallModal.tsx:2603 [VoiceParticipant] Zber Samolde voice activity debug: {participantId: 'cmeumah180000kuygq63oa1qx', hasOriginalStream: false, hasLatestStream: false, streamActive: undefined, audioTracksCount: 0, …}
10:19:56.572 CallModal.tsx:2603 [VoiceParticipant] Zber Samolde voice activity debug: {participantId: 'cmeumah180000kuygq63oa1qx', hasOriginalStream: false, hasLatestStream: false, streamActive: undefined, audioTracksCount: 0, …}
10:19:56.572 CallModal.tsx:2603 [VoiceParticipant] Tester2 voice activity debug: {participantId: 'cmeifn5qp002dkunge64m0xss', hasOriginalStream: true, hasLatestStream: true, streamActive: true, audioTracksCount: 1, …}
10:19:56.572 CallModal.tsx:2603 [VoiceParticipant] Tester2 voice activity debug: {participantId: 'cmeifn5qp002dkunge64m0xss', hasOriginalStream: true, hasLatestStream: true, streamActive: true, audioTracksCount: 1, …}
10:19:56.573 CallModal.tsx:2917 [CallModal] 🔊 Setting up audio element for participant cmeifn5qp002dkunge64m0xss
10:19:56.574 CallModal.tsx:2918 [CallModal] Stream details: {id: '11f1cb2e-ff24-4f0a-9e82-dab593c0342f', active: true, audioTracks: Array(1)}
10:19:56.574 CallModal.tsx:2932 [CallModal] Previous audio element for cmeifn5qp002dkunge64m0xss: false
10:19:56.577 CallModal.tsx:2941 [CallModal] Cleared previous srcObject for cmeifn5qp002dkunge64m0xss
10:19:56.626 useVoiceActivity.ts:22 [VoiceActivity] Effect triggered: {hasStream: false, streamId: undefined, audioTracks: 0, threshold: -40}
10:19:56.627 useVoiceActivity.ts:30 [VoiceActivity] No stream provided, cleaning up
10:19:56.627 useVoiceActivity.ts:22 [VoiceActivity] Effect triggered: {hasStream: true, streamId: '11f1cb2e-ff24-4f0a-9e82-dab593c0342f', audioTracks: 1, threshold: -40}
10:19:56.627 useVoiceActivity.ts:42 [VoiceActivity] Initializing for stream: 11f1cb2e-ff24-4f0a-9e82-dab593c0342f with 1 audio tracks
10:19:56.628 useVoiceActivity.ts:22 [VoiceActivity] Effect triggered: {hasStream: false, streamId: undefined, audioTracks: 0, threshold: -40}
10:19:56.628 useVoiceActivity.ts:30 [VoiceActivity] No stream provided, cleaning up
10:19:56.629 useVoiceActivity.ts:22 [VoiceActivity] Effect triggered: {hasStream: true, streamId: '11f1cb2e-ff24-4f0a-9e82-dab593c0342f', audioTracks: 1, threshold: -40}
10:19:56.629 useVoiceActivity.ts:42 [VoiceActivity] Initializing for stream: 11f1cb2e-ff24-4f0a-9e82-dab593c0342f with 1 audio tracks
10:19:56.632 CallModal.tsx:3013 [CallModal] Audio loadeddata event for cmeifn5qp002dkunge64m0xss
10:19:56.633 CallModal.tsx:3029 [CallModal] Audio can play for cmeifn5qp002dkunge64m0xss
10:19:56.634 CallModal.tsx:3018 [CallModal] Audio canplay event for cmeifn5qp002dkunge64m0xss
10:19:56.635 CallModal.tsx:3030 [CallModal] Audio is playing for cmeifn5qp002dkunge64m0xss
10:19:56.635 CallModal.tsx:2965 [CallModal] ✅ Audio playing immediately for participant cmeifn5qp002dkunge64m0xss
10:19:56.635 CallModal.tsx:2965 [CallModal] ✅ Audio playing immediately for participant cmeifn5qp002dkunge64m0xss
10:19:56.635 CallModal.tsx:2965 [CallModal] ✅ Audio playing immediately for participant cmeifn5qp002dkunge64m0xss
10:19:56.635 CallModal.tsx:62 [CallModal] Rendered - voice call opened
10:19:56.636 CallModal.tsx:62 [CallModal] Rendered - voice call opened
10:19:56.746 webrtc.ts:1765 [WebRTC] Excellent network detected - restoring quality
10:19:56.746 webrtc.ts:1839 [WebRTC] Improved audio quality for: cmeifn5qp002dkunge64m0xss
10:19:57.044 CallModal.tsx:2603 [VoiceParticipant] Tester2 voice activity debug: {participantId: 'cmeifn5qp002dkunge64m0xss', hasOriginalStream: true, hasLatestStream: true, streamActive: true, audioTracksCount: 1, …}
10:19:57.044 CallModal.tsx:2603 [VoiceParticipant] Tester2 voice activity debug: {participantId: 'cmeifn5qp002dkunge64m0xss', hasOriginalStream: true, hasLatestStream: true, streamActive: true, audioTracksCount: 1, …}
10:19:57.050 CallModal.tsx:62 [CallModal] Rendered - voice call opened
10:19:57.051 CallModal.tsx:62 [CallModal] Rendered - voice call opened
10:19:57.051 CallModal.tsx:2603 [VoiceParticipant] Zber Samolde voice activity debug: {participantId: 'cmeumah180000kuygq63oa1qx', hasOriginalStream: false, hasLatestStream: false, streamActive: undefined, audioTracksCount: 0, …}
10:19:57.052 CallModal.tsx:2603 [VoiceParticipant] Zber Samolde voice activity debug: {participantId: 'cmeumah180000kuygq63oa1qx', hasOriginalStream: false, hasLatestStream: false, streamActive: undefined, audioTracksCount: 0, …}
10:19:57.052 CallModal.tsx:2603 [VoiceParticipant] Tester2 voice activity debug: {participantId: 'cmeifn5qp002dkunge64m0xss', hasOriginalStream: true, hasLatestStream: true, streamActive: true, audioTracksCount: 1, …}
10:19:57.052 CallModal.tsx:2603 [VoiceParticipant] Tester2 voice activity debug: {participantId: 'cmeifn5qp002dkunge64m0xss', hasOriginalStream: true, hasLatestStream: true, streamActive: true, audioTracksCount: 1, …}
10:19:57.053 CallModal.tsx:2917 [CallModal] 🔊 Setting up audio element for participant cmeifn5qp002dkunge64m0xss
10:19:57.053 CallModal.tsx:2918 [CallModal] Stream details: {id: '11f1cb2e-ff24-4f0a-9e82-dab593c0342f', active: true, audioTracks: Array(1)}
10:19:57.053 CallModal.tsx:2932 [CallModal] Previous audio element for cmeifn5qp002dkunge64m0xss: false
10:19:57.055 CallModal.tsx:2941 [CallModal] Cleared previous srcObject for cmeifn5qp002dkunge64m0xss
10:19:57.077 useVoiceActivity.ts:22 [VoiceActivity] Effect triggered: {hasStream: false, streamId: undefined, audioTracks: 0, threshold: -40}
10:19:57.077 useVoiceActivity.ts:30 [VoiceActivity] No stream provided, cleaning up
10:19:57.078 useVoiceActivity.ts:22 [VoiceActivity] Effect triggered: {hasStream: true, streamId: '11f1cb2e-ff24-4f0a-9e82-dab593c0342f', audioTracks: 1, threshold: -40}
10:19:57.078 useVoiceActivity.ts:42 [VoiceActivity] Initializing for stream: 11f1cb2e-ff24-4f0a-9e82-dab593c0342f with 1 audio tracks
10:19:57.079 useVoiceActivity.ts:22 [VoiceActivity] Effect triggered: {hasStream: false, streamId: undefined, audioTracks: 0, threshold: -40}
10:19:57.079 useVoiceActivity.ts:30 [VoiceActivity] No stream provided, cleaning up
10:19:57.080 useVoiceActivity.ts:22 [VoiceActivity] Effect triggered: {hasStream: true, streamId: '11f1cb2e-ff24-4f0a-9e82-dab593c0342f', audioTracks: 1, threshold: -40}
10:19:57.080 useVoiceActivity.ts:42 [VoiceActivity] Initializing for stream: 11f1cb2e-ff24-4f0a-9e82-dab593c0342f with 1 audio tracks
10:19:57.080 CallModal.tsx:62 [CallModal] Rendered - voice call opened
10:19:57.081 CallModal.tsx:62 [CallModal] Rendered - voice call opened
10:19:57.082 CallModal.tsx:3013 [CallModal] Audio loadeddata event for cmeifn5qp002dkunge64m0xss
10:19:57.082 CallModal.tsx:3029 [CallModal] Audio can play for cmeifn5qp002dkunge64m0xss
10:19:57.082 CallModal.tsx:3018 [CallModal] Audio canplay event for cmeifn5qp002dkunge64m0xss
10:19:57.082 CallModal.tsx:3030 [CallModal] Audio is playing for cmeifn5qp002dkunge64m0xss
10:19:57.083 CallModal.tsx:2965 [CallModal] ✅ Audio playing immediately for participant cmeifn5qp002dkunge64m0xss
10:19:57.083 CallModal.tsx:2965 [CallModal] ✅ Audio playing immediately for participant cmeifn5qp002dkunge64m0xss
10:19:57.083 CallModal.tsx:2965 [CallModal] ✅ Audio playing immediately for participant cmeifn5qp002dkunge64m0xss
10:19:57.190 CallModal.tsx:62 [CallModal] Rendered - voice call opened
10:19:57.191 CallModal.tsx:62 [CallModal] Rendered - voice call opened
10:19:57.191 CallModal.tsx:2603 [VoiceParticipant] Zber Samolde voice activity debug: {participantId: 'cmeumah180000kuygq63oa1qx', hasOriginalStream: false, hasLatestStream: false, streamActive: undefined, audioTracksCount: 0, …}
10:19:57.192 CallModal.tsx:2603 [VoiceParticipant] Zber Samolde voice activity debug: {participantId: 'cmeumah180000kuygq63oa1qx', hasOriginalStream: false, hasLatestStream: false, streamActive: undefined, audioTracksCount: 0, …}
10:19:57.192 CallModal.tsx:2603 [VoiceParticipant] Tester2 voice activity debug: {participantId: 'cmeifn5qp002dkunge64m0xss', hasOriginalStream: true, hasLatestStream: true, streamActive: true, audioTracksCount: 1, …}
10:19:57.192 CallModal.tsx:2603 [VoiceParticipant] Tester2 voice activity debug: {participantId: 'cmeifn5qp002dkunge64m0xss', hasOriginalStream: true, hasLatestStream: true, streamActive: true, audioTracksCount: 1, …}
10:19:57.194 CallModal.tsx:2917 [CallModal] 🔊 Setting up audio element for participant cmeifn5qp002dkunge64m0xss
10:19:57.195 CallModal.tsx:2918 [CallModal] Stream details: {id: '11f1cb2e-ff24-4f0a-9e82-dab593c0342f', active: true, audioTracks: Array(1)}
10:19:57.195 CallModal.tsx:2932 [CallModal] Previous audio element for cmeifn5qp002dkunge64m0xss: false
10:19:57.197 CallModal.tsx:2941 [CallModal] Cleared previous srcObject for cmeifn5qp002dkunge64m0xss
10:19:57.220 useVoiceActivity.ts:22 [VoiceActivity] Effect triggered: {hasStream: false, streamId: undefined, audioTracks: 0, threshold: -40}
10:19:57.220 useVoiceActivity.ts:30 [VoiceActivity] No stream provided, cleaning up
10:19:57.221 useVoiceActivity.ts:22 [VoiceActivity] Effect triggered: {hasStream: true, streamId: '11f1cb2e-ff24-4f0a-9e82-dab593c0342f', audioTracks: 1, threshold: -40}
10:19:57.221 useVoiceActivity.ts:42 [VoiceActivity] Initializing for stream: 11f1cb2e-ff24-4f0a-9e82-dab593c0342f with 1 audio tracks
10:19:57.222 useVoiceActivity.ts:22 [VoiceActivity] Effect triggered: {hasStream: false, streamId: undefined, audioTracks: 0, threshold: -40}
10:19:57.223 useVoiceActivity.ts:30 [VoiceActivity] No stream provided, cleaning up
10:19:57.223 useVoiceActivity.ts:22 [VoiceActivity] Effect triggered: {hasStream: true, streamId: '11f1cb2e-ff24-4f0a-9e82-dab593c0342f', audioTracks: 1, threshold: -40}
10:19:57.223 useVoiceActivity.ts:42 [VoiceActivity] Initializing for stream: 11f1cb2e-ff24-4f0a-9e82-dab593c0342f with 1 audio tracks
10:19:57.223 CallModal.tsx:62 [CallModal] Rendered - voice call opened
10:19:57.224 CallModal.tsx:62 [CallModal] Rendered - voice call opened
10:19:57.226 CallModal.tsx:3013 [CallModal] Audio loadeddata event for cmeifn5qp002dkunge64m0xss
10:19:57.227 CallModal.tsx:3029 [CallModal] Audio can play for cmeifn5qp002dkunge64m0xss
10:19:57.227 CallModal.tsx:3018 [CallModal] Audio canplay event for cmeifn5qp002dkunge64m0xss
10:19:57.227 CallModal.tsx:3030 [CallModal] Audio is playing for cmeifn5qp002dkunge64m0xss
10:19:57.227 CallModal.tsx:2965 [CallModal] ✅ Audio playing immediately for participant cmeifn5qp002dkunge64m0xss
10:19:57.228 CallModal.tsx:2965 [CallModal] ✅ Audio playing immediately for participant cmeifn5qp002dkunge64m0xss
10:19:57.228 CallModal.tsx:2965 [CallModal] ✅ Audio playing immediately for participant cmeifn5qp002dkunge64m0xss
10:19:57.418 CallModal.tsx:1453 [CallModal] 🔍 Connection verification:
10:19:57.418 CallModal.tsx:1454 [CallModal] - Expected participants: (2) ['cmeumah180000kuygq63oa1qx', 'cmeifn5qp002dkunge64m0xss']
10:19:57.419 CallModal.tsx:1455 [CallModal] - Active connections: (2) ['cmeifn5qp002dkunge64m0xss', 'cmeumah180000kuygq63oa1qx']
10:19:57.419 CallModal.tsx:1471 [CallModal] ✅ All expected WebRTC connections are active
10:19:57.419 CallModal.tsx:62 [CallModal] Rendered - voice call opened
10:19:57.419 CallModal.tsx:62 [CallModal] Rendered - voice call opened
10:19:57.420 CallModal.tsx:2603 [VoiceParticipant] Zber Samolde voice activity debug: {participantId: 'cmeumah180000kuygq63oa1qx', hasOriginalStream: false, hasLatestStream: false, streamActive: undefined, audioTracksCount: 0, …}
10:19:57.420 CallModal.tsx:2603 [VoiceParticipant] Zber Samolde voice activity debug: {participantId: 'cmeumah180000kuygq63oa1qx', hasOriginalStream: false, hasLatestStream: false, streamActive: undefined, audioTracksCount: 0, …}
10:19:57.420 CallModal.tsx:2603 [VoiceParticipant] Tester2 voice activity debug: {participantId: 'cmeifn5qp002dkunge64m0xss', hasOriginalStream: true, hasLatestStream: true, streamActive: true, audioTracksCount: 1, …}
10:19:57.421 CallModal.tsx:2603 [VoiceParticipant] Tester2 voice activity debug: {participantId: 'cmeifn5qp002dkunge64m0xss', hasOriginalStream: true, hasLatestStream: true, streamActive: true, audioTracksCount: 1, …}
10:19:57.424 CallModal.tsx:2917 [CallModal] 🔊 Setting up audio element for participant cmeifn5qp002dkunge64m0xss
10:19:57.425 CallModal.tsx:2918 [CallModal] Stream details: {id: '11f1cb2e-ff24-4f0a-9e82-dab593c0342f', active: true, audioTracks: Array(1)}
10:19:57.425 CallModal.tsx:2932 [CallModal] Previous audio element for cmeifn5qp002dkunge64m0xss: false
10:19:57.428 CallModal.tsx:2941 [CallModal] Cleared previous srcObject for cmeifn5qp002dkunge64m0xss
10:19:57.453 useVoiceActivity.ts:22 [VoiceActivity] Effect triggered: {hasStream: false, streamId: undefined, audioTracks: 0, threshold: -40}
10:19:57.454 useVoiceActivity.ts:30 [VoiceActivity] No stream provided, cleaning up
10:19:57.454 useVoiceActivity.ts:22 [VoiceActivity] Effect triggered: {hasStream: true, streamId: '11f1cb2e-ff24-4f0a-9e82-dab593c0342f', audioTracks: 1, threshold: -40}
10:19:57.454 useVoiceActivity.ts:42 [VoiceActivity] Initializing for stream: 11f1cb2e-ff24-4f0a-9e82-dab593c0342f with 1 audio tracks
10:19:57.455 useVoiceActivity.ts:22 [VoiceActivity] Effect triggered: {hasStream: false, streamId: undefined, audioTracks: 0, threshold: -40}
10:19:57.456 useVoiceActivity.ts:30 [VoiceActivity] No stream provided, cleaning up
10:19:57.456 useVoiceActivity.ts:22 [VoiceActivity] Effect triggered: {hasStream: true, streamId: '11f1cb2e-ff24-4f0a-9e82-dab593c0342f', audioTracks: 1, threshold: -40}
10:19:57.456 useVoiceActivity.ts:42 [VoiceActivity] Initializing for stream: 11f1cb2e-ff24-4f0a-9e82-dab593c0342f with 1 audio tracks
10:19:57.459 CallModal.tsx:3013 [CallModal] Audio loadeddata event for cmeifn5qp002dkunge64m0xss
10:19:57.459 CallModal.tsx:3029 [CallModal] Audio can play for cmeifn5qp002dkunge64m0xss
10:19:57.459 CallModal.tsx:3018 [CallModal] Audio canplay event for cmeifn5qp002dkunge64m0xss
10:19:57.459 CallModal.tsx:3030 [CallModal] Audio is playing for cmeifn5qp002dkunge64m0xss
10:19:57.459 CallModal.tsx:2965 [CallModal] ✅ Audio playing immediately for participant cmeifn5qp002dkunge64m0xss
10:19:57.459 CallModal.tsx:2965 [CallModal] ✅ Audio playing immediately for participant cmeifn5qp002dkunge64m0xss
10:19:57.459 CallModal.tsx:2965 [CallModal] ✅ Audio playing immediately for participant cmeifn5qp002dkunge64m0xss
10:19:57.460 CallModal.tsx:62 [CallModal] Rendered - voice call opened
10:19:57.460 CallModal.tsx:62 [CallModal] Rendered - voice call opened
10:19:57.642 useVoiceActivity.ts:81 [VoiceActivity] Volume analysis: {average: '7.4', volume: '-30.7', threshold: -40, speaking: false, streamActive: true, …}
10:19:57.721 useVoiceActivity.ts:81 [VoiceActivity] Volume analysis: {average: '7.9', volume: '-30.2', threshold: -40, speaking: false, streamActive: true, …}
10:19:57.825 CallModal.tsx:228 [CallModal] Updated peer connections for performance monitoring: 2
10:19:57.825 CallModal.tsx:229 [CallModal] Peer connection participants: (2) ['cmeifn5qp002dkunge64m0xss', 'cmeumah180000kuygq63oa1qx']
10:19:57.825 CallModal.tsx:62 [CallModal] Rendered - voice call opened
10:19:57.826 CallModal.tsx:62 [CallModal] Rendered - voice call opened
10:19:57.826 CallModal.tsx:2603 [VoiceParticipant] Zber Samolde voice activity debug: {participantId: 'cmeumah180000kuygq63oa1qx', hasOriginalStream: false, hasLatestStream: false, streamActive: undefined, audioTracksCount: 0, …}
10:19:57.826 CallModal.tsx:2603 [VoiceParticipant] Zber Samolde voice activity debug: {participantId: 'cmeumah180000kuygq63oa1qx', hasOriginalStream: false, hasLatestStream: false, streamActive: undefined, audioTracksCount: 0, …}
10:19:57.826 CallModal.tsx:2603 [VoiceParticipant] Tester2 voice activity debug: {participantId: 'cmeifn5qp002dkunge64m0xss', hasOriginalStream: true, hasLatestStream: true, streamActive: true, audioTracksCount: 1, …}
10:19:57.826 CallModal.tsx:2603 [VoiceParticipant] Tester2 voice activity debug: {participantId: 'cmeifn5qp002dkunge64m0xss', hasOriginalStream: true, hasLatestStream: true, streamActive: true, audioTracksCount: 1, …}
10:19:57.827 CallModal.tsx:2917 [CallModal] 🔊 Setting up audio element for participant cmeifn5qp002dkunge64m0xss
10:19:57.828 CallModal.tsx:2918 [CallModal] Stream details: {id: '11f1cb2e-ff24-4f0a-9e82-dab593c0342f', active: true, audioTracks: Array(1)}
10:19:57.828 CallModal.tsx:2932 [CallModal] Previous audio element for cmeifn5qp002dkunge64m0xss: false
10:19:57.830 CallModal.tsx:2941 [CallModal] Cleared previous srcObject for cmeifn5qp002dkunge64m0xss
10:19:57.847 useVoiceActivity.ts:22 [VoiceActivity] Effect triggered: {hasStream: false, streamId: undefined, audioTracks: 0, threshold: -40}
10:19:57.848 useVoiceActivity.ts:30 [VoiceActivity] No stream provided, cleaning up
10:19:57.848 useVoiceActivity.ts:22 [VoiceActivity] Effect triggered: {hasStream: true, streamId: '11f1cb2e-ff24-4f0a-9e82-dab593c0342f', audioTracks: 1, threshold: -40}
10:19:57.849 useVoiceActivity.ts:42 [VoiceActivity] Initializing for stream: 11f1cb2e-ff24-4f0a-9e82-dab593c0342f with 1 audio tracks
10:19:57.850 useCallPerformance.ts:242 [useCallPerformance] Connection states: (2) [{…}, {…}]
10:19:57.851 useCallPerformance.ts:246 [useCallPerformance] Starting monitoring for 2 valid connections
10:19:57.851 useVoiceActivity.ts:22 [VoiceActivity] Effect triggered: {hasStream: false, streamId: undefined, audioTracks: 0, threshold: -40}
10:19:57.851 useVoiceActivity.ts:30 [VoiceActivity] No stream provided, cleaning up
10:19:57.851 useVoiceActivity.ts:22 [VoiceActivity] Effect triggered: {hasStream: true, streamId: '11f1cb2e-ff24-4f0a-9e82-dab593c0342f', audioTracks: 1, threshold: -40}
10:19:57.851 useVoiceActivity.ts:42 [VoiceActivity] Initializing for stream: 11f1cb2e-ff24-4f0a-9e82-dab593c0342f with 1 audio tracks
10:19:57.852 CallModal.tsx:3013 [CallModal] Audio loadeddata event for cmeifn5qp002dkunge64m0xss
10:19:57.853 CallModal.tsx:3029 [CallModal] Audio can play for cmeifn5qp002dkunge64m0xss
10:19:57.853 CallModal.tsx:3018 [CallModal] Audio canplay event for cmeifn5qp002dkunge64m0xss
10:19:57.853 CallModal.tsx:3030 [CallModal] Audio is playing for cmeifn5qp002dkunge64m0xss
10:19:57.853 CallModal.tsx:2965 [CallModal] ✅ Audio playing immediately for participant cmeifn5qp002dkunge64m0xss
10:19:57.853 CallModal.tsx:2965 [CallModal] ✅ Audio playing immediately for participant cmeifn5qp002dkunge64m0xss
10:19:57.853 CallModal.tsx:2965 [CallModal] ✅ Audio playing immediately for participant cmeifn5qp002dkunge64m0xss
10:19:57.853 useCallPerformance.ts:41 [useCallPerformance] Network metrics: {audioPacketLoss: 0, videoPacketLoss: 0, videoFrameRate: 0, latency: 2, callType: 'voice'}
10:19:57.854 CallModal.tsx:62 [CallModal] Rendered - voice call opened
10:19:57.854 CallModal.tsx:62 [CallModal] Rendered - voice call opened
10:19:57.855 useCallPerformance.ts:37 [useCallPerformance] No valid network data yet, assuming good quality
10:19:57.855 CallModal.tsx:62 [CallModal] Rendered - voice call opened
10:19:57.856 CallModal.tsx:62 [CallModal] Rendered - voice call opened
10:19:57.856 CallModal.tsx:2603 [VoiceParticipant] Zber Samolde voice activity debug: {participantId: 'cmeumah180000kuygq63oa1qx', hasOriginalStream: false, hasLatestStream: false, streamActive: undefined, audioTracksCount: 0, …}
10:19:57.856 CallModal.tsx:2603 [VoiceParticipant] Zber Samolde voice activity debug: {participantId: 'cmeumah180000kuygq63oa1qx', hasOriginalStream: false, hasLatestStream: false, streamActive: undefined, audioTracksCount: 0, …}
10:19:57.856 CallModal.tsx:2603 [VoiceParticipant] Tester2 voice activity debug: {participantId: 'cmeifn5qp002dkunge64m0xss', hasOriginalStream: true, hasLatestStream: true, streamActive: true, audioTracksCount: 1, …}
10:19:57.857 CallModal.tsx:2603 [VoiceParticipant] Tester2 voice activity debug: {participantId: 'cmeifn5qp002dkunge64m0xss', hasOriginalStream: true, hasLatestStream: true, streamActive: true, audioTracksCount: 1, …}
10:19:57.857 CallModal.tsx:2917 [CallModal] 🔊 Setting up audio element for participant cmeifn5qp002dkunge64m0xss
10:19:57.858 CallModal.tsx:2918 [CallModal] Stream details: {id: '11f1cb2e-ff24-4f0a-9e82-dab593c0342f', active: true, audioTracks: Array(1)}
10:19:57.858 CallModal.tsx:2932 [CallModal] Previous audio element for cmeifn5qp002dkunge64m0xss: false
10:19:57.860 CallModal.tsx:2941 [CallModal] Cleared previous srcObject for cmeifn5qp002dkunge64m0xss
10:19:57.909 useVoiceActivity.ts:22 [VoiceActivity] Effect triggered: {hasStream: false, streamId: undefined, audioTracks: 0, threshold: -40}
10:19:57.910 useVoiceActivity.ts:30 [VoiceActivity] No stream provided, cleaning up
10:19:57.910 useVoiceActivity.ts:22 [VoiceActivity] Effect triggered: {hasStream: true, streamId: '11f1cb2e-ff24-4f0a-9e82-dab593c0342f', audioTracks: 1, threshold: -40}
10:19:57.910 useVoiceActivity.ts:42 [VoiceActivity] Initializing for stream: 11f1cb2e-ff24-4f0a-9e82-dab593c0342f with 1 audio tracks
10:19:57.911 useVoiceActivity.ts:22 [VoiceActivity] Effect triggered: {hasStream: false, streamId: undefined, audioTracks: 0, threshold: -40}
10:19:57.911 useVoiceActivity.ts:30 [VoiceActivity] No stream provided, cleaning up
10:19:57.911 useVoiceActivity.ts:22 [VoiceActivity] Effect triggered: {hasStream: true, streamId: '11f1cb2e-ff24-4f0a-9e82-dab593c0342f', audioTracks: 1, threshold: -40}
10:19:57.911 useVoiceActivity.ts:42 [VoiceActivity] Initializing for stream: 11f1cb2e-ff24-4f0a-9e82-dab593c0342f with 1 audio tracks
10:19:57.912 CallModal.tsx:62 [CallModal] Rendered - voice call opened
10:19:57.912 CallModal.tsx:62 [CallModal] Rendered - voice call opened
10:19:57.912 CallModal.tsx:3013 [CallModal] Audio loadeddata event for cmeifn5qp002dkunge64m0xss
10:19:57.912 CallModal.tsx:3029 [CallModal] Audio can play for cmeifn5qp002dkunge64m0xss
10:19:57.912 CallModal.tsx:3018 [CallModal] Audio canplay event for cmeifn5qp002dkunge64m0xss
10:19:57.912 CallModal.tsx:3030 [CallModal] Audio is playing for cmeifn5qp002dkunge64m0xss
10:19:57.913 CallModal.tsx:2965 [CallModal] ✅ Audio playing immediately for participant cmeifn5qp002dkunge64m0xss
10:19:57.913 CallModal.tsx:2965 [CallModal] ✅ Audio playing immediately for participant cmeifn5qp002dkunge64m0xss
10:19:57.913 CallModal.tsx:2965 [CallModal] ✅ Audio playing immediately for participant cmeifn5qp002dkunge64m0xss
10:19:58.200 CallModal.tsx:62 [CallModal] Rendered - voice call opened
10:19:58.200 CallModal.tsx:62 [CallModal] Rendered - voice call opened
10:19:58.201 CallModal.tsx:2603 [VoiceParticipant] Zber Samolde voice activity debug: {participantId: 'cmeumah180000kuygq63oa1qx', hasOriginalStream: false, hasLatestStream: false, streamActive: undefined, audioTracksCount: 0, …}
10:19:58.201 CallModal.tsx:2603 [VoiceParticipant] Zber Samolde voice activity debug: {participantId: 'cmeumah180000kuygq63oa1qx', hasOriginalStream: false, hasLatestStream: false, streamActive: undefined, audioTracksCount: 0, …}
10:19:58.201 CallModal.tsx:2603 [VoiceParticipant] Tester2 voice activity debug: {participantId: 'cmeifn5qp002dkunge64m0xss', hasOriginalStream: true, hasLatestStream: true, streamActive: true, audioTracksCount: 1, …}
10:19:58.201 CallModal.tsx:2603 [VoiceParticipant] Tester2 voice activity debug: {participantId: 'cmeifn5qp002dkunge64m0xss', hasOriginalStream: true, hasLatestStream: true, streamActive: true, audioTracksCount: 1, …}
10:19:58.202 CallModal.tsx:2917 [CallModal] 🔊 Setting up audio element for participant cmeifn5qp002dkunge64m0xss
10:19:58.203 CallModal.tsx:2918 [CallModal] Stream details: {id: '11f1cb2e-ff24-4f0a-9e82-dab593c0342f', active: true, audioTracks: Array(1)}
10:19:58.203 CallModal.tsx:2932 [CallModal] Previous audio element for cmeifn5qp002dkunge64m0xss: false
10:19:58.205 CallModal.tsx:2941 [CallModal] Cleared previous srcObject for cmeifn5qp002dkunge64m0xss
10:19:58.232 useVoiceActivity.ts:22 [VoiceActivity] Effect triggered: {hasStream: false, streamId: undefined, audioTracks: 0, threshold: -40}
10:19:58.233 useVoiceActivity.ts:30 [VoiceActivity] No stream provided, cleaning up
10:19:58.233 useVoiceActivity.ts:22 [VoiceActivity] Effect triggered: {hasStream: true, streamId: '11f1cb2e-ff24-4f0a-9e82-dab593c0342f', audioTracks: 1, threshold: -40}
10:19:58.233 useVoiceActivity.ts:42 [VoiceActivity] Initializing for stream: 11f1cb2e-ff24-4f0a-9e82-dab593c0342f with 1 audio tracks
10:19:58.234 useVoiceActivity.ts:22 [VoiceActivity] Effect triggered: {hasStream: false, streamId: undefined, audioTracks: 0, threshold: -40}
10:19:58.234 useVoiceActivity.ts:30 [VoiceActivity] No stream provided, cleaning up
10:19:58.234 useVoiceActivity.ts:22 [VoiceActivity] Effect triggered: {hasStream: true, streamId: '11f1cb2e-ff24-4f0a-9e82-dab593c0342f', audioTracks: 1, threshold: -40}
10:19:58.234 useVoiceActivity.ts:42 [VoiceActivity] Initializing for stream: 11f1cb2e-ff24-4f0a-9e82-dab593c0342f with 1 audio tracks
10:19:58.235 CallModal.tsx:62 [CallModal] Rendered - voice call opened
10:19:58.235 CallModal.tsx:62 [CallModal] Rendered - voice call opened
10:19:58.238 CallModal.tsx:3013 [CallModal] Audio loadeddata event for cmeifn5qp002dkunge64m0xss
10:19:58.238 CallModal.tsx:3029 [CallModal] Audio can play for cmeifn5qp002dkunge64m0xss
10:19:58.238 CallModal.tsx:3018 [CallModal] Audio canplay event for cmeifn5qp002dkunge64m0xss
10:19:58.238 CallModal.tsx:3030 [CallModal] Audio is playing for cmeifn5qp002dkunge64m0xss
10:19:58.238 CallModal.tsx:2965 [CallModal] ✅ Audio playing immediately for participant cmeifn5qp002dkunge64m0xss
10:19:58.238 CallModal.tsx:2965 [CallModal] ✅ Audio playing immediately for participant cmeifn5qp002dkunge64m0xss
10:19:58.238 CallModal.tsx:2965 [CallModal] ✅ Audio playing immediately for participant cmeifn5qp002dkunge64m0xss
10:19:58.285 CallModal.tsx:62 [CallModal] Rendered - voice call opened
10:19:58.285 CallModal.tsx:62 [CallModal] Rendered - voice call opened
10:19:58.285 CallModal.tsx:2603 [VoiceParticipant] Zber Samolde voice activity debug: {participantId: 'cmeumah180000kuygq63oa1qx', hasOriginalStream: false, hasLatestStream: false, streamActive: undefined, audioTracksCount: 0, …}
10:19:58.286 CallModal.tsx:2603 [VoiceParticipant] Zber Samolde voice activity debug: {participantId: 'cmeumah180000kuygq63oa1qx', hasOriginalStream: false, hasLatestStream: false, streamActive: undefined, audioTracksCount: 0, …}
10:19:58.286 CallModal.tsx:2603 [VoiceParticipant] Tester2 voice activity debug: {participantId: 'cmeifn5qp002dkunge64m0xss', hasOriginalStream: true, hasLatestStream: true, streamActive: true, audioTracksCount: 1, …}
10:19:58.286 CallModal.tsx:2603 [VoiceParticipant] Tester2 voice activity debug: {participantId: 'cmeifn5qp002dkunge64m0xss', hasOriginalStream: true, hasLatestStream: true, streamActive: true, audioTracksCount: 1, …}
10:19:58.287  [CallModal] 🔊 Setting up audio element for participant cmeifn5qp002dkunge64m0xss
10:19:58.288  [CallModal] Stream details: {id: '11f1cb2e-ff24-4f0a-9e82-dab593c0342f', active: true, audioTracks: Array(1)}
10:19:58.288  [CallModal] Previous audio element for cmeifn5qp002dkunge64m0xss: false
10:19:58.290  [CallModal] Cleared previous srcObject for cmeifn5qp002dkunge64m0xss
10:19:58.325  [VoiceActivity] Effect triggered: {hasStream: false, streamId: undefined, audioTracks: 0, threshold: -40}
10:19:58.326  [VoiceActivity] No stream provided, cleaning up
10:19:58.326  [VoiceActivity] Effect triggered: {hasStream: true, streamId: '11f1cb2e-ff24-4f0a-9e82-dab593c0342f', audioTracks: 1, threshold: -40}
10:19:58.326  [VoiceActivity] Initializing for stream: 11f1cb2e-ff24-4f0a-9e82-dab593c0342f with 1 audio tracks
10:19:58.327  [VoiceActivity] Effect triggered: {hasStream: false, streamId: undefined, audioTracks: 0, threshold: -40}
10:19:58.327  [VoiceActivity] No stream provided, cleaning up
10:19:58.327  [VoiceActivity] Effect triggered: {hasStream: true, streamId: '11f1cb2e-ff24-4f0a-9e82-dab593c0342f', audioTracks: 1, threshold: -40}
10:19:58.327  [VoiceActivity] Initializing for stream: 11f1cb2e-ff24-4f0a-9e82-dab593c0342f with 1 audio tracks
10:19:58.328  [CallModal] Rendered - voice call opened
10:19:58.328  [CallModal] Rendered - voice call opened
10:19:58.329  [CallModal] Audio loadeddata event for cmeifn5qp002dkunge64m0xss
10:19:58.329  [CallModal] Audio can play for cmeifn5qp002dkunge64m0xss
10:19:58.330  [CallModal] Audio canplay event for cmeifn5qp002dkunge64m0xss
10:19:58.330  [CallModal] Audio is playing for cmeifn5qp002dkunge64m0xss
10:19:58.330  [CallModal] ✅ Audio playing immediately for participant cmeifn5qp002dkunge64m0xss
10:19:58.330  [CallModal] ✅ Audio playing immediately for participant cmeifn5qp002dkunge64m0xss
10:19:58.330  [CallModal] ✅ Audio playing immediately for participant cmeifn5qp002dkunge64m0xss
10:19:58.401  [CallModal] Rendered - voice call opened
10:19:58.401  [CallModal] Rendered - voice call opened
10:19:58.402  [VoiceParticipant] Zber Samolde voice activity debug: {participantId: 'cmeumah180000kuygq63oa1qx', hasOriginalStream: false, hasLatestStream: false, streamActive: undefined, audioTracksCount: 0, …}
10:19:58.402  [VoiceParticipant] Zber Samolde voice activity debug: {participantId: 'cmeumah180000kuygq63oa1qx', hasOriginalStream: false, hasLatestStream: false, streamActive: undefined, audioTracksCount: 0, …}
10:19:58.402  [VoiceParticipant] Tester2 voice activity debug: {participantId: 'cmeifn5qp002dkunge64m0xss', hasOriginalStream: true, hasLatestStream: true, streamActive: true, audioTracksCount: 1, …}
10:19:58.402  [VoiceParticipant] Tester2 voice activity debug: {participantId: 'cmeifn5qp002dkunge64m0xss', hasOriginalStream: true, hasLatestStream: true, streamActive: true, audioTracksCount: 1, …}
10:19:58.403  [CallModal] 🔊 Setting up audio element for participant cmeifn5qp002dkunge64m0xss
10:19:58.404  [CallModal] Stream details: {id: '11f1cb2e-ff24-4f0a-9e82-dab593c0342f', active: true, audioTracks: Array(1)}
10:19:58.405  [CallModal] Previous audio element for cmeifn5qp002dkunge64m0xss: false
10:19:58.407  [CallModal] Cleared previous srcObject for cmeifn5qp002dkunge64m0xss
10:19:58.449  [VoiceActivity] Effect triggered: {hasStream: false, streamId: undefined, audioTracks: 0, threshold: -40}
10:19:58.449  [VoiceActivity] No stream provided, cleaning up
10:19:58.450  [VoiceActivity] Effect triggered: {hasStream: true, streamId: '11f1cb2e-ff24-4f0a-9e82-dab593c0342f', audioTracks: 1, threshold: -40}
10:19:58.450  [VoiceActivity] Initializing for stream: 11f1cb2e-ff24-4f0a-9e82-dab593c0342f with 1 audio tracks
10:19:58.451  [VoiceActivity] Effect triggered: {hasStream: false, streamId: undefined, audioTracks: 0, threshold: -40}
10:19:58.451  [VoiceActivity] No stream provided, cleaning up
10:19:58.451  [VoiceActivity] Effect triggered: {hasStream: true, streamId: '11f1cb2e-ff24-4f0a-9e82-dab593c0342f', audioTracks: 1, threshold: -40}
10:19:58.451  [VoiceActivity] Initializing for stream: 11f1cb2e-ff24-4f0a-9e82-dab593c0342f with 1 audio tracks
10:19:58.454  [CallModal] Audio loadeddata event for cmeifn5qp002dkunge64m0xss
10:19:58.454  [CallModal] Audio can play for cmeifn5qp002dkunge64m0xss
10:19:58.455  [CallModal] Audio canplay event for cmeifn5qp002dkunge64m0xss
10:19:58.455  [CallModal] Audio is playing for cmeifn5qp002dkunge64m0xss
10:19:58.455  [CallModal] ✅ Audio playing immediately for participant cmeifn5qp002dkunge64m0xss
10:19:58.455  [CallModal] ✅ Audio playing immediately for participant cmeifn5qp002dkunge64m0xss
10:19:58.455  [CallModal] ✅ Audio playing immediately for participant cmeifn5qp002dkunge64m0xss
10:19:58.455  [CallModal] Rendered - voice call opened
10:19:58.455  [CallModal] Rendered - voice call opened
10:19:58.456  [VoiceParticipant] Zber Samolde voice activity debug: {participantId: 'cmeumah180000kuygq63oa1qx', hasOriginalStream: false, hasLatestStream: false, streamActive: undefined, audioTracksCount: 0, …}
10:19:58.456  [VoiceParticipant] Zber Samolde voice activity debug: {participantId: 'cmeumah180000kuygq63oa1qx', hasOriginalStream: false, hasLatestStream: false, streamActive: undefined, audioTracksCount: 0, …}
10:19:58.456  [VoiceParticipant] Tester2 voice activity debug: {participantId: 'cmeifn5qp002dkunge64m0xss', hasOriginalStream: true, hasLatestStream: true, streamActive: true, audioTracksCount: 1, …}
10:19:58.456  [VoiceParticipant] Tester2 voice activity debug: {participantId: 'cmeifn5qp002dkunge64m0xss', hasOriginalStream: true, hasLatestStream: true, streamActive: true, audioTracksCount: 1, …}
10:19:58.458  [CallModal] 🔊 Setting up audio element for participant cmeifn5qp002dkunge64m0xss
10:19:58.459  [CallModal] Stream details: {id: '11f1cb2e-ff24-4f0a-9e82-dab593c0342f', active: true, audioTracks: Array(1)}
10:19:58.459  [CallModal] Previous audio element for cmeifn5qp002dkunge64m0xss: false
10:19:58.462  [CallModal] Cleared previous srcObject for cmeifn5qp002dkunge64m0xss
10:19:58.501  [VoiceActivity] Effect triggered: {hasStream: false, streamId: undefined, audioTracks: 0, threshold: -40}
10:19:58.501  [VoiceActivity] No stream provided, cleaning up
10:19:58.502  [VoiceActivity] Effect triggered: {hasStream: true, streamId: '11f1cb2e-ff24-4f0a-9e82-dab593c0342f', audioTracks: 1, threshold: -40}
10:19:58.502  [VoiceActivity] Initializing for stream: 11f1cb2e-ff24-4f0a-9e82-dab593c0342f with 1 audio tracks
10:19:58.503  [VoiceActivity] Effect triggered: {hasStream: false, streamId: undefined, audioTracks: 0, threshold: -40}
10:19:58.503  [VoiceActivity] No stream provided, cleaning up
10:19:58.503  [VoiceActivity] Effect triggered: {hasStream: true, streamId: '11f1cb2e-ff24-4f0a-9e82-dab593c0342f', audioTracks: 1, threshold: -40}
10:19:58.503  [VoiceActivity] Initializing for stream: 11f1cb2e-ff24-4f0a-9e82-dab593c0342f with 1 audio tracks
10:19:58.504  [CallModal] Rendered - voice call opened
10:19:58.504  [CallModal] Rendered - voice call opened
10:19:58.507  [CallModal] Audio loadeddata event for cmeifn5qp002dkunge64m0xss
10:19:58.507  [CallModal] Audio can play for cmeifn5qp002dkunge64m0xss
10:19:58.507  [CallModal] Audio canplay event for cmeifn5qp002dkunge64m0xss
10:19:58.508  [CallModal] Audio is playing for cmeifn5qp002dkunge64m0xss
10:19:58.508  [CallModal] ✅ Audio playing immediately for participant cmeifn5qp002dkunge64m0xss
10:19:58.508  [CallModal] ✅ Audio playing immediately for participant cmeifn5qp002dkunge64m0xss
10:19:58.508  [CallModal] ✅ Audio playing immediately for participant cmeifn5qp002dkunge64m0xss
10:19:58.521  [CallModal] Rendered - voice call opened
10:19:58.522  [CallModal] Rendered - voice call opened
10:19:58.522  [VoiceParticipant] Zber Samolde voice activity debug: {participantId: 'cmeumah180000kuygq63oa1qx', hasOriginalStream: false, hasLatestStream: false, streamActive: undefined, audioTracksCount: 0, …}
10:19:58.523  [VoiceParticipant] Zber Samolde voice activity debug: {participantId: 'cmeumah180000kuygq63oa1qx', hasOriginalStream: false, hasLatestStream: false, streamActive: undefined, audioTracksCount: 0, …}
10:19:58.523  [VoiceParticipant] Tester2 voice activity debug: {participantId: 'cmeifn5qp002dkunge64m0xss', hasOriginalStream: true, hasLatestStream: true, streamActive: true, audioTracksCount: 1, …}
10:19:58.523  [VoiceParticipant] Tester2 voice activity debug: {participantId: 'cmeifn5qp002dkunge64m0xss', hasOriginalStream: true, hasLatestStream: true, streamActive: true, audioTracksCount: 1, …}
10:19:58.524  [CallModal] 🔊 Setting up audio element for participant cmeifn5qp002dkunge64m0xss
10:19:58.525  [CallModal] Stream details: {id: '11f1cb2e-ff24-4f0a-9e82-dab593c0342f', active: true, audioTracks: Array(1)}
10:19:58.525  [CallModal] Previous audio element for cmeifn5qp002dkunge64m0xss: false
10:19:58.528  [CallModal] Cleared previous srcObject for cmeifn5qp002dkunge64m0xss
10:19:58.578  [VoiceActivity] Effect triggered: {hasStream: false, streamId: undefined, audioTracks: 0, threshold: -40}
10:19:58.579  [VoiceActivity] No stream provided, cleaning up
10:19:58.579  [VoiceActivity] Effect triggered: {hasStream: true, streamId: '11f1cb2e-ff24-4f0a-9e82-dab593c0342f', audioTracks: 1, threshold: -40}
10:19:58.580  [VoiceActivity] Initializing for stream: 11f1cb2e-ff24-4f0a-9e82-dab593c0342f with 1 audio tracks
10:19:58.581  [VoiceActivity] Effect triggered: {hasStream: false, streamId: undefined, audioTracks: 0, threshold: -40}
10:19:58.581  [VoiceActivity] No stream provided, cleaning up
10:19:58.581  [VoiceActivity] Effect triggered: {hasStream: true, streamId: '11f1cb2e-ff24-4f0a-9e82-dab593c0342f', audioTracks: 1, threshold: -40}
10:19:58.581  [VoiceActivity] Initializing for stream: 11f1cb2e-ff24-4f0a-9e82-dab593c0342f with 1 audio tracks
10:19:58.582  [CallModal] Rendered - voice call opened
10:19:58.583  [CallModal] Rendered - voice call opened
10:19:58.583  [VoiceParticipant] Zber Samolde voice activity debug: {participantId: 'cmeumah180000kuygq63oa1qx', hasOriginalStream: false, hasLatestStream: false, streamActive: undefined, audioTracksCount: 0, …}
10:19:58.583  [VoiceParticipant] Zber Samolde voice activity debug: {participantId: 'cmeumah180000kuygq63oa1qx', hasOriginalStream: false, hasLatestStream: false, streamActive: undefined, audioTracksCount: 0, …}
10:19:58.583  [VoiceParticipant] Tester2 voice activity debug: {participantId: 'cmeifn5qp002dkunge64m0xss', hasOriginalStream: true, hasLatestStream: true, streamActive: true, audioTracksCount: 1, …}
10:19:58.584  [VoiceParticipant] Tester2 voice activity debug: {participantId: 'cmeifn5qp002dkunge64m0xss', hasOriginalStream: true, hasLatestStream: true, streamActive: true, audioTracksCount: 1, …}
10:19:58.585  [CallModal] 🔊 Setting up audio element for participant cmeifn5qp002dkunge64m0xss
10:19:58.585  [CallModal] Stream details: {id: '11f1cb2e-ff24-4f0a-9e82-dab593c0342f', active: true, audioTracks: Array(1)}
10:19:58.586  [CallModal] Previous audio element for cmeifn5qp002dkunge64m0xss: false
10:19:58.588  [CallModal] Cleared previous srcObject for cmeifn5qp002dkunge64m0xss
10:19:58.589  [CallModal] ✅ Audio playing immediately for participant cmeifn5qp002dkunge64m0xss
10:19:58.684  [VoiceActivity] Effect triggered: {hasStream: false, streamId: undefined, audioTracks: 0, threshold: -40}
10:19:58.686  [VoiceActivity] No stream provided, cleaning up
10:19:58.687  [VoiceActivity] Effect triggered: {hasStream: true, streamId: '11f1cb2e-ff24-4f0a-9e82-dab593c0342f', audioTracks: 1, threshold: -40}
10:19:58.688  [VoiceActivity] Initializing for stream: 11f1cb2e-ff24-4f0a-9e82-dab593c0342f with 1 audio tracks
10:19:58.689  [VoiceActivity] Effect triggered: {hasStream: false, streamId: undefined, audioTracks: 0, threshold: -40}
10:19:58.690  [VoiceActivity] No stream provided, cleaning up
10:19:58.690  [VoiceActivity] Effect triggered: {hasStream: true, streamId: '11f1cb2e-ff24-4f0a-9e82-dab593c0342f', audioTracks: 1, threshold: -40}
10:19:58.690  [VoiceActivity] Initializing for stream: 11f1cb2e-ff24-4f0a-9e82-dab593c0342f with 1 audio tracks
10:19:58.693  [CallModal] Audio loadeddata event for cmeifn5qp002dkunge64m0xss
10:19:58.693  [CallModal] Audio loadeddata event for cmeifn5qp002dkunge64m0xss
10:19:58.693  [CallModal] Audio can play for cmeifn5qp002dkunge64m0xss
10:19:58.693  [CallModal] Audio canplay event for cmeifn5qp002dkunge64m0xss
10:19:58.693  [CallModal] Audio canplay event for cmeifn5qp002dkunge64m0xss
10:19:58.693  [CallModal] Audio is playing for cmeifn5qp002dkunge64m0xss
10:19:58.693  [CallModal] ✅ Audio playing immediately for participant cmeifn5qp002dkunge64m0xss
10:19:58.693  [CallModal] ✅ Audio playing immediately for participant cmeifn5qp002dkunge64m0xss
10:19:58.693  [CallModal] ✅ Audio playing immediately for participant cmeifn5qp002dkunge64m0xss
10:19:58.693  [CallModal] ✅ Audio playing immediately for participant cmeifn5qp002dkunge64m0xss
10:19:58.693  [CallModal] ✅ Audio playing immediately for participant cmeifn5qp002dkunge64m0xss
10:19:58.694  [CallModal] Rendered - voice call opened
10:19:58.694  [CallModal] Rendered - voice call opened
10:19:58.695  [VoiceParticipant] Zber Samolde voice activity debug: {participantId: 'cmeumah180000kuygq63oa1qx', hasOriginalStream: false, hasLatestStream: false, streamActive: undefined, audioTracksCount: 0, …}
10:19:58.695  [VoiceParticipant] Zber Samolde voice activity debug: {participantId: 'cmeumah180000kuygq63oa1qx', hasOriginalStream: false, hasLatestStream: false, streamActive: undefined, audioTracksCount: 0, …}
10:19:58.695  [VoiceParticipant] Tester2 voice activity debug: {participantId: 'cmeifn5qp002dkunge64m0xss', hasOriginalStream: true, hasLatestStream: true, streamActive: true, audioTracksCount: 1, …}
10:19:58.696  [VoiceParticipant] Tester2 voice activity debug: {participantId: 'cmeifn5qp002dkunge64m0xss', hasOriginalStream: true, hasLatestStream: true, streamActive: true, audioTracksCount: 1, …}
10:19:58.697  [CallModal] 🔊 Setting up audio element for participant cmeifn5qp002dkunge64m0xss
10:19:58.697  [CallModal] Stream details: {id: '11f1cb2e-ff24-4f0a-9e82-dab593c0342f', active: true, audioTracks: Array(1)}
10:19:58.698  [CallModal] Previous audio element for cmeifn5qp002dkunge64m0xss: false
10:19:58.701  [CallModal] Cleared previous srcObject for cmeifn5qp002dkunge64m0xss
10:19:58.778  [VoiceActivity] Effect triggered: {hasStream: false, streamId: undefined, audioTracks: 0, threshold: -40}
10:19:58.778  [VoiceActivity] No stream provided, cleaning up
10:19:58.779  [VoiceActivity] Effect triggered: {hasStream: true, streamId: '11f1cb2e-ff24-4f0a-9e82-dab593c0342f', audioTracks: 1, threshold: -40}
10:19:58.779  [VoiceActivity] Initializing for stream: 11f1cb2e-ff24-4f0a-9e82-dab593c0342f with 1 audio tracks
10:19:58.780  [VoiceActivity] Effect triggered: {hasStream: false, streamId: undefined, audioTracks: 0, threshold: -40}
10:19:58.780  [VoiceActivity] No stream provided, cleaning up
10:19:58.780  [VoiceActivity] Effect triggered: {hasStream: true, streamId: '11f1cb2e-ff24-4f0a-9e82-dab593c0342f', audioTracks: 1, threshold: -40}
10:19:58.780  [VoiceActivity] Initializing for stream: 11f1cb2e-ff24-4f0a-9e82-dab593c0342f with 1 audio tracks
10:19:58.781  [CallModal] Rendered - voice call opened
10:19:58.781  [CallModal] Rendered - voice call opened
10:19:58.783  [CallModal] Audio loadeddata event for cmeifn5qp002dkunge64m0xss
10:19:58.784  [CallModal] Audio can play for cmeifn5qp002dkunge64m0xss
10:19:58.784  [CallModal] Audio canplay event for cmeifn5qp002dkunge64m0xss
10:19:58.784  [CallModal] Audio is playing for cmeifn5qp002dkunge64m0xss
10:19:58.784  [CallModal] ✅ Audio playing immediately for participant cmeifn5qp002dkunge64m0xss
10:19:58.784  [CallModal] ✅ Audio playing immediately for participant cmeifn5qp002dkunge64m0xss
10:19:58.784  [CallModal] ✅ Audio playing immediately for participant cmeifn5qp002dkunge64m0xss
10:19:58.784  [CallModal] Rendered - voice call opened
10:19:58.785  [CallModal] Rendered - voice call opened
10:19:58.785  [VoiceParticipant] Zber Samolde voice activity debug: {participantId: 'cmeumah180000kuygq63oa1qx', hasOriginalStream: false, hasLatestStream: false, streamActive: undefined, audioTracksCount: 0, …}
10:19:58.786  [VoiceParticipant] Zber Samolde voice activity debug: {participantId: 'cmeumah180000kuygq63oa1qx', hasOriginalStream: false, hasLatestStream: false, streamActive: undefined, audioTracksCount: 0, …}
10:19:58.786  [VoiceParticipant] Tester2 voice activity debug: {participantId: 'cmeifn5qp002dkunge64m0xss', hasOriginalStream: true, hasLatestStream: true, streamActive: true, audioTracksCount: 1, …}
10:19:58.786  [VoiceParticipant] Tester2 voice activity debug: {participantId: 'cmeifn5qp002dkunge64m0xss', hasOriginalStream: true, hasLatestStream: true, streamActive: true, audioTracksCount: 1, …}
10:19:58.788  [CallModal] 🔊 Setting up audio element for participant cmeifn5qp002dkunge64m0xss
10:19:58.789  [CallModal] Stream details: {id: '11f1cb2e-ff24-4f0a-9e82-dab593c0342f', active: true, audioTracks: Array(1)}
10:19:58.789  [CallModal] Previous audio element for cmeifn5qp002dkunge64m0xss: false
10:19:58.792  [CallModal] Cleared previous srcObject for cmeifn5qp002dkunge64m0xss
10:19:58.886  [VoiceActivity] Effect triggered: {hasStream: false, streamId: undefined, audioTracks: 0, threshold: -40}
10:19:58.887  [VoiceActivity] No stream provided, cleaning up
10:19:58.887  [VoiceActivity] Effect triggered: {hasStream: true, streamId: '11f1cb2e-ff24-4f0a-9e82-dab593c0342f', audioTracks: 1, threshold: -40}
10:19:58.887  [VoiceActivity] Initializing for stream: 11f1cb2e-ff24-4f0a-9e82-dab593c0342f with 1 audio tracks
10:19:58.889  [VoiceActivity] Effect triggered: {hasStream: false, streamId: undefined, audioTracks: 0, threshold: -40}
10:19:58.889  [VoiceActivity] No stream provided, cleaning up
10:19:58.889  [VoiceActivity] Effect triggered: {hasStream: true, streamId: '11f1cb2e-ff24-4f0a-9e82-dab593c0342f', audioTracks: 1, threshold: -40}
10:19:58.889  [VoiceActivity] Initializing for stream: 11f1cb2e-ff24-4f0a-9e82-dab593c0342f with 1 audio tracks
10:19:58.893  [VoiceActivity] Volume analysis: {average: '0.0', volume: '-100.0', threshold: -40, speaking: false, streamActive: true, …}
10:19:58.896  [CallModal] Audio loadeddata event for cmeifn5qp002dkunge64m0xss
10:19:58.897  [CallModal] Audio can play for cmeifn5qp002dkunge64m0xss
10:19:58.897  [CallModal] Audio canplay event for cmeifn5qp002dkunge64m0xss
10:19:58.897  [CallModal] Audio is playing for cmeifn5qp002dkunge64m0xss
10:19:58.897  [CallModal] ✅ Audio playing immediately for participant cmeifn5qp002dkunge64m0xss
10:19:58.897  [CallModal] ✅ Audio playing immediately for participant cmeifn5qp002dkunge64m0xss
10:19:58.897  [CallModal] ✅ Audio playing immediately for participant cmeifn5qp002dkunge64m0xss
10:19:58.898  [CallModal] Rendered - voice call opened
10:19:58.898  [CallModal] Rendered - voice call opened
10:19:58.900  [CallModal] Rendered - voice call opened
10:19:58.900  [CallModal] Rendered - voice call opened
10:19:58.901  [VoiceParticipant] Zber Samolde voice activity debug: {participantId: 'cmeumah180000kuygq63oa1qx', hasOriginalStream: false, hasLatestStream: false, streamActive: undefined, audioTracksCount: 0, …}
10:19:58.901  [VoiceParticipant] Zber Samolde voice activity debug: {participantId: 'cmeumah180000kuygq63oa1qx', hasOriginalStream: false, hasLatestStream: false, streamActive: undefined, audioTracksCount: 0, …}
10:19:58.901  [VoiceParticipant] Tester2 voice activity debug: {participantId: 'cmeifn5qp002dkunge64m0xss', hasOriginalStream: true, hasLatestStream: true, streamActive: true, audioTracksCount: 1, …}
10:19:58.901  [VoiceParticipant] Tester2 voice activity debug: {participantId: 'cmeifn5qp002dkunge64m0xss', hasOriginalStream: true, hasLatestStream: true, streamActive: true, audioTracksCount: 1, …}
10:19:58.903  [CallModal] 🔊 Setting up audio element for participant cmeifn5qp002dkunge64m0xss
10:19:58.904  [CallModal] Stream details: {id: '11f1cb2e-ff24-4f0a-9e82-dab593c0342f', active: true, audioTracks: Array(1)}
10:19:58.905  [CallModal] Previous audio element for cmeifn5qp002dkunge64m0xss: false
10:19:58.906  [CallModal] Cleared previous srcObject for cmeifn5qp002dkunge64m0xss
10:19:59.032  [VoiceActivity] Effect triggered: {hasStream: false, streamId: undefined, audioTracks: 0, threshold: -40}
10:19:59.033  [VoiceActivity] No stream provided, cleaning up
10:19:59.033  [VoiceActivity] Effect triggered: {hasStream: true, streamId: '11f1cb2e-ff24-4f0a-9e82-dab593c0342f', audioTracks: 1, threshold: -40}
10:19:59.033  [VoiceActivity] Initializing for stream: 11f1cb2e-ff24-4f0a-9e82-dab593c0342f with 1 audio tracks
10:19:59.035  [VoiceActivity] Effect triggered: {hasStream: false, streamId: undefined, audioTracks: 0, threshold: -40}
10:19:59.035  [VoiceActivity] No stream provided, cleaning up
10:19:59.035  [VoiceActivity] Effect triggered: {hasStream: true, streamId: '11f1cb2e-ff24-4f0a-9e82-dab593c0342f', audioTracks: 1, threshold: -40}
10:19:59.035  [VoiceActivity] Initializing for stream: 11f1cb2e-ff24-4f0a-9e82-dab593c0342f with 1 audio tracks
10:19:59.039  User status update received: {userId: 'cmeifn5qp002dkunge64m0xss', isOnline: true, lastSeen: '2025-09-09T02:19:59.015Z'}
10:19:59.039  Updated online status for user cmeifn5qp002dkunge64m0xss in conversation cmfbwdnf60000kuzg41ovkra2
10:19:59.040  [CallModal] Audio loadeddata event for cmeifn5qp002dkunge64m0xss
10:19:59.040  [CallModal] Audio can play for cmeifn5qp002dkunge64m0xss
10:19:59.040  [CallModal] Audio canplay event for cmeifn5qp002dkunge64m0xss
10:19:59.041  [CallModal] Audio is playing for cmeifn5qp002dkunge64m0xss
10:19:59.041  [CallModal] ✅ Audio playing immediately for participant cmeifn5qp002dkunge64m0xss
10:19:59.041  [CallModal] ✅ Audio playing immediately for participant cmeifn5qp002dkunge64m0xss
10:19:59.041  [CallModal] ✅ Audio playing immediately for participant cmeifn5qp002dkunge64m0xss
10:19:59.042  ChatSidebar: Group conversation cmew64hqq0008kud8i3zywuwd (Test) - members: 3
10:19:59.043  Updated online status for user cmeifn5qp002dkunge64m0xss in conversation cmeifnahq003ekungumhkl6ux
10:19:59.043  🏠 ChatWindow mounted/re-rendered with conversationId: cmfbwdnf60000kuzg41ovkra2
10:19:59.044  🏠 ChatWindow mounted/re-rendered with conversationId: cmfbwdnf60000kuzg41ovkra2
10:19:59.045  [CallModal] Rendered - voice call opened
10:19:59.046  [CallModal] Rendered - voice call opened
10:19:59.046  [VoiceParticipant] Zber Samolde voice activity debug: {participantId: 'cmeumah180000kuygq63oa1qx', hasOriginalStream: false, hasLatestStream: false, streamActive: undefined, audioTracksCount: 0, …}
10:19:59.046  [VoiceParticipant] Zber Samolde voice activity debug: {participantId: 'cmeumah180000kuygq63oa1qx', hasOriginalStream: false, hasLatestStream: false, streamActive: undefined, audioTracksCount: 0, …}
10:19:59.047  [VoiceParticipant] Tester2 voice activity debug: {participantId: 'cmeifn5qp002dkunge64m0xss', hasOriginalStream: true, hasLatestStream: true, streamActive: true, audioTracksCount: 1, …}
10:19:59.047  [VoiceParticipant] Tester2 voice activity debug: {participantId: 'cmeifn5qp002dkunge64m0xss', hasOriginalStream: true, hasLatestStream: true, streamActive: true, audioTracksCount: 1, …}
10:19:59.049  [CallModal] 🔊 Setting up audio element for participant cmeifn5qp002dkunge64m0xss
10:19:59.050  [CallModal] Stream details: {id: '11f1cb2e-ff24-4f0a-9e82-dab593c0342f', active: true, audioTracks: Array(1)}
10:19:59.050  [CallModal] Previous audio element for cmeifn5qp002dkunge64m0xss: false
10:19:59.053  [CallModal] Cleared previous srcObject for cmeifn5qp002dkunge64m0xss
10:19:59.055  ChatSidebar: Conversations updated, count: 5
10:19:59.056  ChatSidebar: Latest conversation: cmfbwdnf60000kuzg41ovkra2 last message: cmfbx8gcx0007kutn3b3m0jwd
10:19:59.056  [VoiceActivity] Effect triggered: {hasStream: false, streamId: undefined, audioTracks: 0, threshold: -40}
10:19:59.057  [VoiceActivity] No stream provided, cleaning up
10:19:59.058  [VoiceActivity] Effect triggered: {hasStream: true, streamId: '11f1cb2e-ff24-4f0a-9e82-dab593c0342f', audioTracks: 1, threshold: -40}
10:19:59.058  [VoiceActivity] Initializing for stream: 11f1cb2e-ff24-4f0a-9e82-dab593c0342f with 1 audio tracks
10:19:59.059  [CallModal] Initialized active participants (excluding self): (2) ['cmeumah180000kuygq63oa1qx', 'cmeifn5qp002dkunge64m0xss']
10:19:59.060  [CallModal] 🔍 Connection verification:
10:19:59.061  [CallModal] - Expected participants: (2) ['cmeumah180000kuygq63oa1qx', 'cmeifn5qp002dkunge64m0xss']
10:19:59.061  [CallModal] - Active connections: (2) ['cmeifn5qp002dkunge64m0xss', 'cmeumah180000kuygq63oa1qx']
10:19:59.062  [CallModal] ✅ All expected WebRTC connections are active
10:19:59.062  🔄 ChatWindow: Conversation participants count: 3
10:19:59.062  🔄 ChatWindow: Participants: (3) [{…}, {…}, {…}]
10:19:59.063  [VoiceActivity] Effect triggered: {hasStream: false, streamId: undefined, audioTracks: 0, threshold: -40}
10:19:59.064  [VoiceActivity] No stream provided, cleaning up
10:19:59.064  [VoiceActivity] Effect triggered: {hasStream: true, streamId: '11f1cb2e-ff24-4f0a-9e82-dab593c0342f', audioTracks: 1, threshold: -40}
10:19:59.064  [VoiceActivity] Initializing for stream: 11f1cb2e-ff24-4f0a-9e82-dab593c0342f with 1 audio tracks
10:19:59.065  🏠 ChatWindow mounted/re-rendered with conversationId: cmfbwdnf60000kuzg41ovkra2
10:19:59.066  🏠 ChatWindow mounted/re-rendered with conversationId: cmfbwdnf60000kuzg41ovkra2
10:19:59.069  [CallModal] Rendered - voice call opened
10:19:59.070  [CallModal] Rendered - voice call opened
10:19:59.071  [VoiceParticipant] Zber Samolde voice activity debug: {participantId: 'cmeumah180000kuygq63oa1qx', hasOriginalStream: false, hasLatestStream: false, streamActive: undefined, audioTracksCount: 0, …}
10:19:59.071  [VoiceParticipant] Zber Samolde voice activity debug: {participantId: 'cmeumah180000kuygq63oa1qx', hasOriginalStream: false, hasLatestStream: false, streamActive: undefined, audioTracksCount: 0, …}
10:19:59.072  [VoiceParticipant] Tester2 voice activity debug: {participantId: 'cmeifn5qp002dkunge64m0xss', hasOriginalStream: true, hasLatestStream: true, streamActive: true, audioTracksCount: 1, …}
10:19:59.073  [VoiceParticipant] Tester2 voice activity debug: {participantId: 'cmeifn5qp002dkunge64m0xss', hasOriginalStream: true, hasLatestStream: true, streamActive: true, audioTracksCount: 1, …}
10:19:59.075  [CallModal] 🔊 Setting up audio element for participant cmeifn5qp002dkunge64m0xss
10:19:59.076  [CallModal] Stream details: {id: '11f1cb2e-ff24-4f0a-9e82-dab593c0342f', active: true, audioTracks: Array(1)}
10:19:59.077  [CallModal] Previous audio element for cmeifn5qp002dkunge64m0xss: false
10:19:59.079  [CallModal] Cleared previous srcObject for cmeifn5qp002dkunge64m0xss
10:19:59.081  [VoiceActivity] Effect triggered: {hasStream: false, streamId: undefined, audioTracks: 0, threshold: -40}
10:19:59.081  [VoiceActivity] No stream provided, cleaning up
10:19:59.082  [VoiceActivity] Effect triggered: {hasStream: true, streamId: '11f1cb2e-ff24-4f0a-9e82-dab593c0342f', audioTracks: 1, threshold: -40}
10:19:59.082  [VoiceActivity] Initializing for stream: 11f1cb2e-ff24-4f0a-9e82-dab593c0342f with 1 audio tracks
10:19:59.083  [CallModal] Initialized active participants (excluding self): (2) ['cmeumah180000kuygq63oa1qx', 'cmeifn5qp002dkunge64m0xss']
10:19:59.084  [CallModal] 🔍 Connection verification:
10:19:59.086  [CallModal] - Expected participants: (2) ['cmeumah180000kuygq63oa1qx', 'cmeifn5qp002dkunge64m0xss']
10:19:59.086  [CallModal] - Active connections: (2) ['cmeifn5qp002dkunge64m0xss', 'cmeumah180000kuygq63oa1qx']
10:19:59.086  [CallModal] ✅ All expected WebRTC connections are active
10:19:59.087  [CallModal] 🆘 EMERGENCY WebRTC RECOVERY - Call is connected but WebRTC needs help!
10:19:59.087  [CallModal] 🔧 Emergency details: {needsInit: false, needsConnectionRecovery: true, callState: 'connected', isIncoming: false, participants: Array(2), …}
10:19:59.088  [VoiceActivity] Effect triggered: {hasStream: false, streamId: undefined, audioTracks: 0, threshold: -40}
10:19:59.088  [VoiceActivity] No stream provided, cleaning up
10:19:59.088  [VoiceActivity] Effect triggered: {hasStream: true, streamId: '11f1cb2e-ff24-4f0a-9e82-dab593c0342f', audioTracks: 1, threshold: -40}
10:19:59.088  [VoiceActivity] Initializing for stream: 11f1cb2e-ff24-4f0a-9e82-dab593c0342f with 1 audio tracks
10:19:59.090  [CallModal] ❌ Initial audio play failed for cmeifn5qp002dkunge64m0xss: 
attemptPlay @ webpack-internal:///…/CallModal.tsx:3122
await in attemptPlay
ref @ webpack-internal:///…/CallModal.tsx:3156
commitAttachRef @ webpack-internal:///…evelopment.js:21677
safelyAttachRef @ webpack-internal:///…evelopment.js:20803
commitLayoutEffectOnFiber @ webpack-internal:///…evelopment.js:21498
recursivelyTraverseLayoutEffects @ webpack-internal:///…evelopment.js:22926
commitLayoutEffectOnFiber @ webpack-internal:///…evelopment.js:21577
recursivelyTraverseLayoutEffects @ webpack-internal:///…evelopment.js:22926
commitLayoutEffectOnFiber @ webpack-internal:///…evelopment.js:21488
recursivelyTraverseLayoutEffects @ webpack-internal:///…evelopment.js:22926
commitLayoutEffectOnFiber @ webpack-internal:///…evelopment.js:21488
recursivelyTraverseLayoutEffects @ webpack-internal:///…evelopment.js:22926
commitLayoutEffectOnFiber @ webpack-internal:///…evelopment.js:21488
recursivelyTraverseLayoutEffects @ webpack-internal:///…evelopment.js:22926
commitLayoutEffectOnFiber @ webpack-internal:///…evelopment.js:21488
recursivelyTraverseLayoutEffects @ webpack-internal:///…evelopment.js:22926
commitLayoutEffectOnFiber @ webpack-internal:///…evelopment.js:21407
recursivelyTraverseLayoutEffects @ webpack-internal:///…evelopment.js:22926
commitLayoutEffectOnFiber @ webpack-internal:///…evelopment.js:21488
recursivelyTraverseLayoutEffects @ webpack-internal:///…evelopment.js:22926
commitLayoutEffectOnFiber @ webpack-internal:///…evelopment.js:21407
recursivelyTraverseLayoutEffects @ webpack-internal:///…evelopment.js:22926
commitLayoutEffectOnFiber @ webpack-internal:///…evelopment.js:21488
recursivelyTraverseLayoutEffects @ webpack-internal:///…evelopment.js:22926
commitLayoutEffectOnFiber @ webpack-internal:///…evelopment.js:21488
recursivelyTraverseLayoutEffects @ webpack-internal:///…evelopment.js:22926
commitLayoutEffectOnFiber @ webpack-internal:///…evelopment.js:21488
recursivelyTraverseLayoutEffects @ webpack-internal:///…evelopment.js:22926
commitLayoutEffectOnFiber @ webpack-internal:///…evelopment.js:21407
recursivelyTraverseLayoutEffects @ webpack-internal:///…evelopment.js:22926
commitLayoutEffectOnFiber @ webpack-internal:///…evelopment.js:21407
recursivelyTraverseLayoutEffects @ webpack-internal:///…evelopment.js:22926
commitLayoutEffectOnFiber @ webpack-internal:///…evelopment.js:21577
recursivelyTraverseLayoutEffects @ webpack-internal:///…evelopment.js:22926
commitLayoutEffectOnFiber @ webpack-internal:///…evelopment.js:21577
recursivelyTraverseLayoutEffects @ webpack-internal:///…evelopment.js:22926
commitLayoutEffectOnFiber @ webpack-internal:///…evelopment.js:21407
recursivelyTraverseLayoutEffects @ webpack-internal:///…evelopment.js:22926
commitLayoutEffectOnFiber @ webpack-internal:///…evelopment.js:21418
recursivelyTraverseLayoutEffects @ webpack-internal:///…evelopment.js:22926
commitLayoutEffectOnFiber @ webpack-internal:///…evelopment.js:21407
recursivelyTraverseLayoutEffects @ webpack-internal:///…evelopment.js:22926
commitLayoutEffectOnFiber @ webpack-internal:///…evelopment.js:21407
recursivelyTraverseLayoutEffects @ webpack-internal:///…evelopment.js:22926
commitLayoutEffectOnFiber @ webpack-internal:///…evelopment.js:21407
recursivelyTraverseLayoutEffects @ webpack-internal:///…evelopment.js:22926
commitLayoutEffectOnFiber @ webpack-internal:///…evelopment.js:21407
recursivelyTraverseLayoutEffects @ webpack-internal:///…evelopment.js:22926
commitLayoutEffectOnFiber @ webpack-internal:///…evelopment.js:21418
recursivelyTraverseLayoutEffects @ webpack-internal:///…evelopment.js:22926
commitLayoutEffectOnFiber @ webpack-internal:///…evelopment.js:21407
recursivelyTraverseLayoutEffects @ webpack-internal:///…evelopment.js:22926
commitLayoutEffectOnFiber @ webpack-internal:///…evelopment.js:21407
recursivelyTraverseLayoutEffects @ webpack-internal:///…evelopment.js:22926
commitLayoutEffectOnFiber @ webpack-internal:///…evelopment.js:21577
recursivelyTraverseLayoutEffects @ webpack-internal:///…evelopment.js:22926
commitLayoutEffectOnFiber @ webpack-internal:///…evelopment.js:21407
recursivelyTraverseLayoutEffects @ webpack-internal:///…evelopment.js:22926
commitLayoutEffectOnFiber @ webpack-internal:///…evelopment.js:21577
recursivelyTraverseLayoutEffects @ webpack-internal:///…evelopment.js:22926
commitLayoutEffectOnFiber @ webpack-internal:///…evelopment.js:21407
recursivelyTraverseLayoutEffects @ webpack-internal:///…evelopment.js:22926
commitLayoutEffectOnFiber @ webpack-internal:///…evelopment.js:21418
recursivelyTraverseLayoutEffects @ webpack-internal:///…evelopment.js:22926
commitLayoutEffectOnFiber @ webpack-internal:///…evelopment.js:21407
recursivelyTraverseLayoutEffects @ webpack-internal:///…evelopment.js:22926
commitLayoutEffectOnFiber @ webpack-internal:///…evelopment.js:21418
recursivelyTraverseLayoutEffects @ webpack-internal:///…evelopment.js:22926
commitLayoutEffectOnFiber @ webpack-internal:///…evelopment.js:21407
recursivelyTraverseLayoutEffects @ webpack-internal:///…evelopment.js:22926
commitLayoutEffectOnFiber @ webpack-internal:///…evelopment.js:21407
recursivelyTraverseLayoutEffects @ webpack-internal:///…evelopment.js:22926
commitLayoutEffectOnFiber @ webpack-internal:///…evelopment.js:21407
recursivelyTraverseLayoutEffects @ webpack-internal:///…evelopment.js:22926
commitLayoutEffectOnFiber @ webpack-internal:///…evelopment.js:21418
recursivelyTraverseLayoutEffects @ webpack-internal:///…evelopment.js:22926
commitLayoutEffectOnFiber @ webpack-internal:///…evelopment.js:21407
recursivelyTraverseLayoutEffects @ webpack-internal:///…evelopment.js:22926
commitLayoutEffectOnFiber @ webpack-internal:///…evelopment.js:21407
recursivelyTraverseLayoutEffects @ webpack-internal:///…evelopment.js:22926
commitLayoutEffectOnFiber @ webpack-internal:///…evelopment.js:21577
recursivelyTraverseLayoutEffects @ webpack-internal:///…evelopment.js:22926
commitLayoutEffectOnFiber @ webpack-internal:///…evelopment.js:21407
recursivelyTraverseLayoutEffects @ webpack-internal:///…evelopment.js:22926
commitLayoutEffectOnFiber @ webpack-internal:///…evelopment.js:21488
recursivelyTraverseLayoutEffects @ webpack-internal:///…evelopment.js:22926
commitLayoutEffectOnFiber @ webpack-internal:///…evelopment.js:21577
recursivelyTraverseLayoutEffects @ webpack-internal:///…evelopment.js:22926
commitLayoutEffectOnFiber @ webpack-internal:///…evelopment.js:21407
recursivelyTraverseLayoutEffects @ webpack-internal:///…evelopment.js:22926
commitLayoutEffectOnFiber @ webpack-internal:///…evelopment.js:21577
recursivelyTraverseLayoutEffects @ webpack-internal:///…evelopment.js:22926
commitLayoutEffectOnFiber @ webpack-internal:///…evelopment.js:21407
recursivelyTraverseLayoutEffects @ webpack-internal:///…evelopment.js:22926
commitLayoutEffectOnFiber @ webpack-internal:///…evelopment.js:21577
recursivelyTraverseLayoutEffects @ webpack-internal:///…evelopment.js:22926
commitLayoutEffectOnFiber @ webpack-internal:///…evelopment.js:21407
recursivelyTraverseLayoutEffects @ webpack-internal:///…evelopment.js:22926
commitLayoutEffectOnFiber @ webpack-internal:///…evelopment.js:21577
recursivelyTraverseLayoutEffects @ webpack-internal:///…evelopment.js:22926
commitLayoutEffectOnFiber @ webpack-internal:///…evelopment.js:21407
recursivelyTraverseLayoutEffects @ webpack-internal:///…evelopment.js:22926
commitLayoutEffectOnFiber @ webpack-internal:///…evelopment.js:21577
recursivelyTraverseLayoutEffects @ webpack-internal:///…evelopment.js:22926
commitLayoutEffectOnFiber @ webpack-internal:///…evelopment.js:21407
recursivelyTraverseLayoutEffects @ webpack-internal:///…evelopment.js:22926
commitLayoutEffectOnFiber @ webpack-internal:///…evelopment.js:21407
recursivelyTraverseLayoutEffects @ webpack-internal:///…evelopment.js:22926
commitLayoutEffectOnFiber @ webpack-internal:///…evelopment.js:21488
recursivelyTraverseLayoutEffects @ webpack-internal:///…evelopment.js:22926
commitLayoutEffectOnFiber @ webpack-internal:///…evelopment.js:21488
recursivelyTraverseLayoutEffects @ webpack-internal:///…evelopment.js:22926
commitLayoutEffectOnFiber @ webpack-internal:///…evelopment.js:21577
recursivelyTraverseLayoutEffects @ webpack-internal:///…evelopment.js:22926
commitLayoutEffectOnFiber @ webpack-internal:///…evelopment.js:21577
recursivelyTraverseLayoutEffects @ webpack-internal:///…evelopment.js:22926
commitLayoutEffectOnFiber @ webpack-internal:///…evelopment.js:21418
recursivelyTraverseLayoutEffects @ webpack-internal:///…evelopment.js:22926
commitLayoutEffectOnFiber @ webpack-internal:///…evelopment.js:21407
recursivelyTraverseLayoutEffects @ webpack-internal:///…evelopment.js:22926
commitLayoutEffectOnFiber @ webpack-internal:///…evelopment.js:21577
recursivelyTraverseLayoutEffects @ webpack-internal:///…evelopment.js:22926
commitLayoutEffectOnFiber @ webpack-internal:///…evelopment.js:21418
recursivelyTraverseLayoutEffects @ webpack-internal:///…evelopment.js:22926
commitLayoutEffectOnFiber @ webpack-internal:///…evelopment.js:21407
recursivelyTraverseLayoutEffects @ webpack-internal:///…evelopment.js:22926
commitLayoutEffectOnFiber @ webpack-internal:///…evelopment.js:21407
recursivelyTraverseLayoutEffects @ webpack-internal:///…evelopment.js:22926
commitLayoutEffectOnFiber @ webpack-internal:///…evelopment.js:21418
recursivelyTraverseLayoutEffects @ webpack-internal:///…evelopment.js:22926
commitLayoutEffectOnFiber @ webpack-internal:///…evelopment.js:21407
recursivelyTraverseLayoutEffects @ webpack-internal:///…evelopment.js:22926
commitLayoutEffectOnFiber @ webpack-internal:///…evelopment.js:21577
recursivelyTraverseLayoutEffects @ webpack-internal:///…evelopment.js:22926
commitLayoutEffectOnFiber @ webpack-internal:///…evelopment.js:21577
recursivelyTraverseLayoutEffects @ webpack-internal:///…evelopment.js:22926
commitLayoutEffectOnFiber @ webpack-internal:///…evelopment.js:21577
recursivelyTraverseLayoutEffects @ webpack-internal:///…evelopment.js:22926
commitLayoutEffectOnFiber @ webpack-internal:///…evelopment.js:21577
recursivelyTraverseLayoutEffects @ webpack-internal:///…evelopment.js:22926
commitLayoutEffectOnFiber @ webpack-internal:///…evelopment.js:21577
recursivelyTraverseLayoutEffects @ webpack-internal:///…evelopment.js:22926
commitLayoutEffectOnFiber @ webpack-internal:///…evelopment.js:21577
recursivelyTraverseLayoutEffects @ webpack-internal:///…evelopment.js:22926
commitLayoutEffectOnFiber @ webpack-internal:///…evelopment.js:21407
recursivelyTraverseLayoutEffects @ webpack-internal:///…evelopment.js:22926
commitLayoutEffectOnFiber @ webpack-internal:///…evelopment.js:21418
recursivelyTraverseLayoutEffects @ webpack-internal:///…evelopment.js:22926
commitLayoutEffectOnFiber @ webpack-internal:///…evelopment.js:21407
recursivelyTraverseLayoutEffects @ webpack-internal:///…evelopment.js:22926
commitLayoutEffectOnFiber @ webpack-internal:///…evelopment.js:21407
recursivelyTraverseLayoutEffects @ webpack-internal:///…evelopment.js:22926
commitLayoutEffectOnFiber @ webpack-internal:///…evelopment.js:21407
recursivelyTraverseLayoutEffects @ webpack-internal:///…evelopment.js:22926
commitLayoutEffectOnFiber @ webpack-internal:///…evelopment.js:21407
recursivelyTraverseLayoutEffects @ webpack-internal:///…evelopment.js:22926
commitLayoutEffectOnFiber @ webpack-internal:///…evelopment.js:21577
recursivelyTraverseLayoutEffects @ webpack-internal:///…evelopment.js:22926
commitLayoutEffectOnFiber @ webpack-internal:///…evelopment.js:21577
recursivelyTraverseLayoutEffects @ webpack-internal:///…evelopment.js:22926
commitLayoutEffectOnFiber @ webpack-internal:///…evelopment.js:21577
recursivelyTraverseLayoutEffects @ webpack-internal:///…evelopment.js:22926
commitLayoutEffectOnFiber @ webpack-internal:///…evelopment.js:21437
commitLayoutEffects @ webpack-internal:///…evelopment.js:22912
commitRootImpl @ webpack-internal:///…evelopment.js:26226
commitRoot @ webpack-internal:///…evelopment.js:26077
commitRootWhenReady @ webpack-internal:///…evelopment.js:24749
finishConcurrentRender @ webpack-internal:///…evelopment.js:24714
performConcurrentWorkOnRoot @ webpack-internal:///…evelopment.js:24559
workLoop @ webpack-internal:///….development.js:256
flushWork @ webpack-internal:///….development.js:225
performWorkUntilDeadline @ webpack-internal:///….development.js:534
10:19:59.205  [CallModal] Rendered - voice call opened
10:19:59.206  [CallModal] Rendered - voice call opened
10:19:59.207  [VoiceParticipant] Zber Samolde voice activity debug: {participantId: 'cmeumah180000kuygq63oa1qx', hasOriginalStream: false, hasLatestStream: false, streamActive: undefined, audioTracksCount: 0, …}
10:19:59.207  [VoiceParticipant] Zber Samolde voice activity debug: {participantId: 'cmeumah180000kuygq63oa1qx', hasOriginalStream: false, hasLatestStream: false, streamActive: undefined, audioTracksCount: 0, …}
10:19:59.207  [VoiceParticipant] Tester2 voice activity debug: {participantId: 'cmeifn5qp002dkunge64m0xss', hasOriginalStream: true, hasLatestStream: true, streamActive: true, audioTracksCount: 1, …}
10:19:59.207  [VoiceParticipant] Tester2 voice activity debug: {participantId: 'cmeifn5qp002dkunge64m0xss', hasOriginalStream: true, hasLatestStream: true, streamActive: true, audioTracksCount: 1, …}
10:19:59.209  [CallModal] 🔊 Setting up audio element for participant cmeifn5qp002dkunge64m0xss
10:19:59.210  [CallModal] Stream details: {id: '11f1cb2e-ff24-4f0a-9e82-dab593c0342f', active: true, audioTracks: Array(1)}
10:19:59.210  [CallModal] Previous audio element for cmeifn5qp002dkunge64m0xss: false
10:19:59.213  [CallModal] Cleared previous srcObject for cmeifn5qp002dkunge64m0xss
10:19:59.214  [CallModal] ✅ Audio playing immediately for participant cmeifn5qp002dkunge64m0xss
10:19:59.248  [VoiceActivity] Effect triggered: {hasStream: false, streamId: undefined, audioTracks: 0, threshold: -40}
10:19:59.249  [VoiceActivity] No stream provided, cleaning up
10:19:59.252  [VoiceActivity] Effect triggered: {hasStream: true, streamId: '11f1cb2e-ff24-4f0a-9e82-dab593c0342f', audioTracks: 1, threshold: -40}
10:19:59.252  [VoiceActivity] Initializing for stream: 11f1cb2e-ff24-4f0a-9e82-dab593c0342f with 1 audio tracks
10:19:59.253  [VoiceActivity] Effect triggered: {hasStream: false, streamId: undefined, audioTracks: 0, threshold: -40}
10:19:59.253  [VoiceActivity] No stream provided, cleaning up
10:19:59.253  [VoiceActivity] Effect triggered: {hasStream: true, streamId: '11f1cb2e-ff24-4f0a-9e82-dab593c0342f', audioTracks: 1, threshold: -40}
10:19:59.253  [VoiceActivity] Initializing for stream: 11f1cb2e-ff24-4f0a-9e82-dab593c0342f with 1 audio tracks
10:19:59.256  [CallModal] Audio loadeddata event for cmeifn5qp002dkunge64m0xss
10:19:59.256  [CallModal] Audio loadeddata event for cmeifn5qp002dkunge64m0xss
10:19:59.256  [CallModal] Audio loadeddata event for cmeifn5qp002dkunge64m0xss
10:19:59.256  [CallModal] Audio can play for cmeifn5qp002dkunge64m0xss
10:19:59.256  [CallModal] Audio canplay event for cmeifn5qp002dkunge64m0xss
10:19:59.256  [CallModal] Audio canplay event for cmeifn5qp002dkunge64m0xss
10:19:59.256  [CallModal] Audio canplay event for cmeifn5qp002dkunge64m0xss
10:19:59.257  [CallModal] Audio is playing for cmeifn5qp002dkunge64m0xss
10:19:59.257  [CallModal] ✅ Audio playing immediately for participant cmeifn5qp002dkunge64m0xss
10:19:59.257  [CallModal] ✅ Audio playing immediately for participant cmeifn5qp002dkunge64m0xss
10:19:59.257  [CallModal] ✅ Audio playing immediately for participant cmeifn5qp002dkunge64m0xss
10:19:59.257  [CallModal] ✅ Audio playing immediately for participant cmeifn5qp002dkunge64m0xss
10:19:59.257  [CallModal] ✅ Audio playing immediately for participant cmeifn5qp002dkunge64m0xss
10:19:59.257  [CallModal] ✅ Audio playing immediately for participant cmeifn5qp002dkunge64m0xss
10:19:59.257  [CallModal] ✅ Audio playing immediately for participant cmeifn5qp002dkunge64m0xss
10:19:59.257  [CallModal] Rendered - voice call opened
10:19:59.258  [CallModal] Rendered - voice call opened
10:19:59.258  [VoiceParticipant] Zber Samolde voice activity debug: {participantId: 'cmeumah180000kuygq63oa1qx', hasOriginalStream: false, hasLatestStream: false, streamActive: undefined, audioTracksCount: 0, …}
10:19:59.258  [VoiceParticipant] Zber Samolde voice activity debug: {participantId: 'cmeumah180000kuygq63oa1qx', hasOriginalStream: false, hasLatestStream: false, streamActive: undefined, audioTracksCount: 0, …}
10:19:59.259  [VoiceParticipant] Tester2 voice activity debug: {participantId: 'cmeifn5qp002dkunge64m0xss', hasOriginalStream: true, hasLatestStream: true, streamActive: true, audioTracksCount: 1, …}
10:19:59.259  [VoiceParticipant] Tester2 voice activity debug: {participantId: 'cmeifn5qp002dkunge64m0xss', hasOriginalStream: true, hasLatestStream: true, streamActive: true, audioTracksCount: 1, …}
10:19:59.261  [CallModal] 🔊 Setting up audio element for participant cmeifn5qp002dkunge64m0xss
10:19:59.262  [CallModal] Stream details: {id: '11f1cb2e-ff24-4f0a-9e82-dab593c0342f', active: true, audioTracks: Array(1)}
10:19:59.262  [CallModal] Previous audio element for cmeifn5qp002dkunge64m0xss: false
10:19:59.265  [CallModal] Cleared previous srcObject for cmeifn5qp002dkunge64m0xss
10:19:59.355  [VoiceActivity] Effect triggered: {hasStream: false, streamId: undefined, audioTracks: 0, threshold: -40}
10:19:59.356  [VoiceActivity] No stream provided, cleaning up
10:19:59.356  [VoiceActivity] Effect triggered: {hasStream: true, streamId: '11f1cb2e-ff24-4f0a-9e82-dab593c0342f', audioTracks: 1, threshold: -40}
10:19:59.356  [VoiceActivity] Initializing for stream: 11f1cb2e-ff24-4f0a-9e82-dab593c0342f with 1 audio tracks
10:19:59.357  [VoiceActivity] Effect triggered: {hasStream: false, streamId: undefined, audioTracks: 0, threshold: -40}
10:19:59.358  [VoiceActivity] No stream provided, cleaning up
10:19:59.358  [VoiceActivity] Effect triggered: {hasStream: true, streamId: '11f1cb2e-ff24-4f0a-9e82-dab593c0342f', audioTracks: 1, threshold: -40}
10:19:59.358  [VoiceActivity] Initializing for stream: 11f1cb2e-ff24-4f0a-9e82-dab593c0342f with 1 audio tracks
10:19:59.358  [CallModal] Rendered - voice call opened
10:19:59.359  [CallModal] Rendered - voice call opened
10:19:59.360  [CallModal] Audio loadeddata event for cmeifn5qp002dkunge64m0xss
10:19:59.360  [CallModal] Audio can play for cmeifn5qp002dkunge64m0xss
10:19:59.360  [CallModal] Audio canplay event for cmeifn5qp002dkunge64m0xss
10:19:59.360  [CallModal] Audio is playing for cmeifn5qp002dkunge64m0xss
10:19:59.361  [CallModal] ✅ Audio playing immediately for participant cmeifn5qp002dkunge64m0xss
10:19:59.361  [CallModal] ✅ Audio playing immediately for participant cmeifn5qp002dkunge64m0xss
10:19:59.361  [CallModal] ✅ Audio playing immediately for participant cmeifn5qp002dkunge64m0xss
10:19:59.361  [CallModal] Rendered - voice call opened
10:19:59.361  [CallModal] Rendered - voice call opened
10:19:59.362  [VoiceParticipant] Zber Samolde voice activity debug: {participantId: 'cmeumah180000kuygq63oa1qx', hasOriginalStream: false, hasLatestStream: false, streamActive: undefined, audioTracksCount: 0, …}
10:19:59.362  [VoiceParticipant] Zber Samolde voice activity debug: {participantId: 'cmeumah180000kuygq63oa1qx', hasOriginalStream: false, hasLatestStream: false, streamActive: undefined, audioTracksCount: 0, …}
10:19:59.362  [VoiceParticipant] Tester2 voice activity debug: {participantId: 'cmeifn5qp002dkunge64m0xss', hasOriginalStream: true, hasLatestStream: true, streamActive: true, audioTracksCount: 1, …}
10:19:59.362  [VoiceParticipant] Tester2 voice activity debug: {participantId: 'cmeifn5qp002dkunge64m0xss', hasOriginalStream: true, hasLatestStream: true, streamActive: true, audioTracksCount: 1, …}
10:19:59.363  [CallModal] 🔊 Setting up audio element for participant cmeifn5qp002dkunge64m0xss
10:19:59.364  [CallModal] Stream details: {id: '11f1cb2e-ff24-4f0a-9e82-dab593c0342f', active: true, audioTracks: Array(1)}
10:19:59.365  [CallModal] Previous audio element for cmeifn5qp002dkunge64m0xss: false
10:19:59.368  [CallModal] Cleared previous srcObject for cmeifn5qp002dkunge64m0xss
10:19:59.447  [VoiceActivity] Effect triggered: {hasStream: false, streamId: undefined, audioTracks: 0, threshold: -40}
10:19:59.448  [VoiceActivity] No stream provided, cleaning up
10:19:59.448  [VoiceActivity] Effect triggered: {hasStream: true, streamId: '11f1cb2e-ff24-4f0a-9e82-dab593c0342f', audioTracks: 1, threshold: -40}
10:19:59.449  [VoiceActivity] Initializing for stream: 11f1cb2e-ff24-4f0a-9e82-dab593c0342f with 1 audio tracks
10:19:59.451  [VoiceActivity] Effect triggered: {hasStream: false, streamId: undefined, audioTracks: 0, threshold: -40}
10:19:59.451  [VoiceActivity] No stream provided, cleaning up
10:19:59.451  [VoiceActivity] Effect triggered: {hasStream: true, streamId: '11f1cb2e-ff24-4f0a-9e82-dab593c0342f', audioTracks: 1, threshold: -40}
10:19:59.451  [VoiceActivity] Initializing for stream: 11f1cb2e-ff24-4f0a-9e82-dab593c0342f with 1 audio tracks
10:19:59.453  [CallModal] Audio loadeddata event for cmeifn5qp002dkunge64m0xss
10:19:59.453  [CallModal] Audio can play for cmeifn5qp002dkunge64m0xss
10:19:59.453  [CallModal] Audio canplay event for cmeifn5qp002dkunge64m0xss
10:19:59.454  [CallModal] Audio is playing for cmeifn5qp002dkunge64m0xss
10:19:59.454  [CallModal] ✅ Audio playing immediately for participant cmeifn5qp002dkunge64m0xss
10:19:59.454  [CallModal] ✅ Audio playing immediately for participant cmeifn5qp002dkunge64m0xss
10:19:59.454  [CallModal] ✅ Audio playing immediately for participant cmeifn5qp002dkunge64m0xss
10:19:59.454  [CallModal] Rendered - voice call opened
10:19:59.454  [CallModal] Rendered - voice call opened
10:19:59.455  [CallModal] ✅ Audio playing after retry for participant cmeifn5qp002dkunge64m0xss
10:19:59.473  [CallModal] Rendered - voice call opened
10:19:59.473  [CallModal] Rendered - voice call opened
10:19:59.474  [VoiceParticipant] Zber Samolde voice activity debug: {participantId: 'cmeumah180000kuygq63oa1qx', hasOriginalStream: false, hasLatestStream: false, streamActive: undefined, audioTracksCount: 0, …}
10:19:59.474  [VoiceParticipant] Zber Samolde voice activity debug: {participantId: 'cmeumah180000kuygq63oa1qx', hasOriginalStream: false, hasLatestStream: false, streamActive: undefined, audioTracksCount: 0, …}
10:19:59.474  [VoiceParticipant] Tester2 voice activity debug: {participantId: 'cmeifn5qp002dkunge64m0xss', hasOriginalStream: true, hasLatestStream: true, streamActive: true, audioTracksCount: 1, …}
10:19:59.474  [VoiceParticipant] Tester2 voice activity debug: {participantId: 'cmeifn5qp002dkunge64m0xss', hasOriginalStream: true, hasLatestStream: true, streamActive: true, audioTracksCount: 1, …}
10:19:59.475  [CallModal] 🔊 Setting up audio element for participant cmeifn5qp002dkunge64m0xss
10:19:59.476  [CallModal] Stream details: {id: '11f1cb2e-ff24-4f0a-9e82-dab593c0342f', active: true, audioTracks: Array(1)}
10:19:59.477  [CallModal] Previous audio element for cmeifn5qp002dkunge64m0xss: false
10:19:59.479  [CallModal] Cleared previous srcObject for cmeifn5qp002dkunge64m0xss
10:19:59.556  [VoiceActivity] Effect triggered: {hasStream: false, streamId: undefined, audioTracks: 0, threshold: -40}
10:19:59.557  [VoiceActivity] No stream provided, cleaning up
10:19:59.557  [VoiceActivity] Effect triggered: {hasStream: true, streamId: '11f1cb2e-ff24-4f0a-9e82-dab593c0342f', audioTracks: 1, threshold: -40}
10:19:59.558  [VoiceActivity] Initializing for stream: 11f1cb2e-ff24-4f0a-9e82-dab593c0342f with 1 audio tracks
10:19:59.559  [VoiceActivity] Effect triggered: {hasStream: false, streamId: undefined, audioTracks: 0, threshold: -40}
10:19:59.559  [VoiceActivity] No stream provided, cleaning up
10:19:59.559  [VoiceActivity] Effect triggered: {hasStream: true, streamId: '11f1cb2e-ff24-4f0a-9e82-dab593c0342f', audioTracks: 1, threshold: -40}
10:19:59.560  [VoiceActivity] Initializing for stream: 11f1cb2e-ff24-4f0a-9e82-dab593c0342f with 1 audio tracks
10:19:59.566  [CallModal] Audio loadeddata event for cmeifn5qp002dkunge64m0xss
10:19:59.566  [CallModal] Audio can play for cmeifn5qp002dkunge64m0xss
10:19:59.566  [CallModal] Audio canplay event for cmeifn5qp002dkunge64m0xss
10:19:59.566  [CallModal] Audio is playing for cmeifn5qp002dkunge64m0xss
10:19:59.566  [CallModal] ✅ Audio playing immediately for participant cmeifn5qp002dkunge64m0xss
10:19:59.566  [CallModal] ✅ Audio playing immediately for participant cmeifn5qp002dkunge64m0xss
10:19:59.567  [CallModal] ✅ Audio playing immediately for participant cmeifn5qp002dkunge64m0xss
10:19:59.568  [CallModal] Rendered - voice call opened
10:19:59.568  [CallModal] Rendered - voice call opened
10:19:59.658  [WebRTC] 📞 RECEIVED OFFER from: cmeumah180000kuygq63oa1qx
10:19:59.658  [WebRTC] Call ID check: {received: 'call-1757384369155-78u7pu5k6', ours: 'call-1757384369155-78u7pu5k6'}
10:19:59.659  [WebRTC] ✅ Processing offer from: cmeumah180000kuygq63oa1qx
10:19:59.659  [WebRTC] Creating peer connection for: cmeumah180000kuygq63oa1qx
10:19:59.659  [WebRTC] ⚠️ Peer connection already exists for: cmeumah180000kuygq63oa1qx {connectionState: 'connecting', iceConnectionState: 'checking', signalingState: 'stable'}
10:19:59.659  [WebRTC] ✅ Reusing healthy existing connection for: cmeumah180000kuygq63oa1qx
10:19:59.659  [WebRTC] Local stream ready with tracks: 1
10:19:59.659  [WebRTC] 🔍 Peer connection senders before answer: 2
10:19:59.659  [WebRTC]   Sender 0: {hasTrack: true, trackKind: 'audio', trackEnabled: true, trackReadyState: 'live'}
10:19:59.660  [WebRTC]   Sender 1: {hasTrack: false, trackKind: undefined, trackEnabled: undefined, trackReadyState: undefined}
10:19:59.660  [WebRTC] Setting remote description from offer...
10:19:59.668  [WebRTC] Received ICE candidate from: cmeumah180000kuygq63oa1qx
10:19:59.673  [WebRTC] Received ICE candidate from: cmeumah180000kuygq63oa1qx
10:19:59.674  [WebRTC] Received ICE candidate from: cmeumah180000kuygq63oa1qx
10:19:59.675  [WebRTC] Remote description set, applying any buffered ICE candidates
10:19:59.675  [WebRTC] Creating answer with ultra-low-latency options...
10:19:59.687  [WebRTC] ICE candidate added for: cmeumah180000kuygq63oa1qx
10:19:59.687  [WebRTC] ICE candidate added for: cmeumah180000kuygq63oa1qx
10:19:59.687  [WebRTC] ICE candidate added for: cmeumah180000kuygq63oa1qx
10:19:59.687  [WebRTC] 🧊 ICE connection state changed to: connected for cmeumah180000kuygq63oa1qx
10:19:59.688  [WebRTC] ICE diagnostics: {participantId: 'cmeumah180000kuygq63oa1qx', iceConnectionState: 'connected', connectionState: 'connecting', iceGatheringState: 'gathering', timestamp: 1757384399687}
10:19:59.688  [WebRTC] ✅ ICE connection established for cmeumah180000kuygq63oa1qx - media flow should be stable
10:19:59.689  [WebRTC] 🚀 Optimizing SDP for ultra-low latency...
10:19:59.689  [WebRTC] ✅ SDP optimized for ultra-low latency
10:19:59.689  [WebRTC] Answer created and SDP optimized, analyzing...
10:19:59.689  [WebRTC] 🔍 Answer SDP analysis: {hasAudio: true, hasVideo: true}
10:19:59.689  [WebRTC] Setting local description with answer...
10:19:59.694  [WebRTC] 📡 Sending answer to: cmeumah180000kuygq63oa1qx
10:19:59.694  [WebRTC] ✅ Answer successfully sent to: cmeumah180000kuygq63oa1qx
10:19:59.696  [WebRTC] Sending ICE candidate to: cmeumah180000kuygq63oa1qx
10:19:59.696  [WebRTC] Sending ICE candidate to: cmeumah180000kuygq63oa1qx
10:19:59.697  [WebRTC] Sending ICE candidate to: cmeumah180000kuygq63oa1qx
10:19:59.708  [WebRTC] Received ICE candidate from: cmeumah180000kuygq63oa1qx
10:19:59.709  [WebRTC] ICE candidate added for: cmeumah180000kuygq63oa1qx
10:19:59.732  [WebRTC] Sending ICE candidate to: cmeumah180000kuygq63oa1qx
10:19:59.746  [WebRTC] Excellent network detected - restoring quality
10:19:59.746  [WebRTC] Improved audio quality for: cmeifn5qp002dkunge64m0xss
10:19:59.758  [WebRTC] Received ICE candidate from: cmeumah180000kuygq63oa1qx
10:19:59.760  [WebRTC] ICE candidate added for: cmeumah180000kuygq63oa1qx
10:19:59.766  [WebRTC] Received ICE candidate from: cmeumah180000kuygq63oa1qx
10:19:59.767  [WebRTC] Received ICE candidate from: cmeumah180000kuygq63oa1qx
10:19:59.768  [WebRTC] ICE candidate added for: cmeumah180000kuygq63oa1qx
10:19:59.768  [WebRTC] ICE candidate added for: cmeumah180000kuygq63oa1qx
10:19:59.800  [VoiceActivity] Volume analysis: {average: '8.1', volume: '-30.0', threshold: -50, speaking: false, streamActive: true, …}
10:19:59.805  [VoiceActivity] Volume analysis: {average: '8.4', volume: '-29.7', threshold: -40, speaking: false, streamActive: true, …}
10:19:59.810  [WebRTC] 🔄 Connection state changed to: failed for cmeumah180000kuygq63oa1qx
10:19:59.811  [WebRTC] 🔍 DEBUG - Full connection diagnostic: {participantId: 'cmeumah180000kuygq63oa1qx', connectionState: 'failed', iceConnectionState: 'connected', iceGatheringState: 'gathering', signalingState: 'stable', …}
10:19:59.811  [WebRTC] ❌ Connection FAILED for cmeumah180000kuygq63oa1qx - attempting recovery
window.console.error @ webpack-internal:///…ent/app-index.js:33
console.error @ webpack-internal:///…on-error-info.js:63
pc.onconnectionstatechange @ webpack-internal:///…c/lib/webrtc.ts:662
10:19:59.811  [WebRTC] Connection FAILED for: cmeumah180000kuygq63oa1qx - Immediate reconnection attempt
10:19:59.811  [WebRTC] Attempting reconnection for: cmeumah180000kuygq63oa1qx (attempt 1/3)
10:19:59.811  [WebRTC] 🔍 Connection closure requested for: cmeumah180000kuygq63oa1qx {connectionState: 'failed', iceConnectionState: 'connected', signalingState: 'stable', localDescription: true, remoteDescription: true, …}
10:19:59.811  [WebRTC] ⚠️ PREVENTING closure of healthy connection for: cmeumah180000kuygq63oa1qx State: failed ICE: connected
closePeerConnection @ webpack-internal:///…/lib/webrtc.ts:1138
attemptReconnection @ webpack-internal:///…/lib/webrtc.ts:1659
pc.onconnectionstatechange @ webpack-internal:///…c/lib/webrtc.ts:691
10:19:59.812  [WebRTC] ✅ Preserving healthy connection for: cmeumah180000kuygq63oa1qx
10:19:59.815  [WebRTC] Sending ICE candidate to: cmeumah180000kuygq63oa1qx
10:19:59.815  [WebRTC] Sending ICE candidate to: cmeumah180000kuygq63oa1qx
10:19:59.816  [WebRTC] Sending ICE candidate to: cmeumah180000kuygq63oa1qx
10:19:59.825  [CallModal] Updated peer connections for performance monitoring: 2
10:19:59.825  [CallModal] Peer connection participants: (2) ['cmeifn5qp002dkunge64m0xss', 'cmeumah180000kuygq63oa1qx']
10:19:59.827  [CallModal] Rendered - voice call opened
10:19:59.827  [CallModal] Rendered - voice call opened
10:19:59.828  [VoiceParticipant] Zber Samolde voice activity debug: {participantId: 'cmeumah180000kuygq63oa1qx', hasOriginalStream: false, hasLatestStream: false, streamActive: undefined, audioTracksCount: 0, …}
10:19:59.828  [VoiceParticipant] Zber Samolde voice activity debug: {participantId: 'cmeumah180000kuygq63oa1qx', hasOriginalStream: false, hasLatestStream: false, streamActive: undefined, audioTracksCount: 0, …}
10:19:59.828  [VoiceParticipant] Tester2 voice activity debug: {participantId: 'cmeifn5qp002dkunge64m0xss', hasOriginalStream: true, hasLatestStream: true, streamActive: true, audioTracksCount: 1, …}
10:19:59.828  [VoiceParticipant] Tester2 voice activity debug: {participantId: 'cmeifn5qp002dkunge64m0xss', hasOriginalStream: true, hasLatestStream: true, streamActive: true, audioTracksCount: 1, …}
10:19:59.829  [CallModal] 🔊 Setting up audio element for participant cmeifn5qp002dkunge64m0xss
10:19:59.830  [CallModal] Stream details: {id: '11f1cb2e-ff24-4f0a-9e82-dab593c0342f', active: true, audioTracks: Array(1)}
10:19:59.830  [CallModal] Previous audio element for cmeifn5qp002dkunge64m0xss: false
10:19:59.835  [CallModal] Cleared previous srcObject for cmeifn5qp002dkunge64m0xss
10:19:59.864  [VoiceActivity] Effect triggered: {hasStream: false, streamId: undefined, audioTracks: 0, threshold: -40}
10:19:59.865  [VoiceActivity] No stream provided, cleaning up
10:19:59.865  [VoiceActivity] Effect triggered: {hasStream: true, streamId: '11f1cb2e-ff24-4f0a-9e82-dab593c0342f', audioTracks: 1, threshold: -40}
10:19:59.866  [VoiceActivity] Initializing for stream: 11f1cb2e-ff24-4f0a-9e82-dab593c0342f with 1 audio tracks
10:19:59.867  [useCallPerformance] Connection states: (2) [{…}, {…}]
10:19:59.867  [useCallPerformance] Starting monitoring for 1 valid connections
10:19:59.868  [VoiceActivity] Effect triggered: {hasStream: false, streamId: undefined, audioTracks: 0, threshold: -40}
10:19:59.868  [VoiceActivity] No stream provided, cleaning up
10:19:59.868  [VoiceActivity] Effect triggered: {hasStream: true, streamId: '11f1cb2e-ff24-4f0a-9e82-dab593c0342f', audioTracks: 1, threshold: -40}
10:19:59.868  [VoiceActivity] Initializing for stream: 11f1cb2e-ff24-4f0a-9e82-dab593c0342f with 1 audio tracks
10:19:59.871  [CallModal] Audio loadeddata event for cmeifn5qp002dkunge64m0xss
10:19:59.871  [CallModal] Audio can play for cmeifn5qp002dkunge64m0xss
10:19:59.871  [CallModal] Audio canplay event for cmeifn5qp002dkunge64m0xss
10:19:59.872  [CallModal] Audio is playing for cmeifn5qp002dkunge64m0xss
10:19:59.872  [CallModal] ✅ Audio playing immediately for participant cmeifn5qp002dkunge64m0xss
10:19:59.872  [CallModal] ✅ Audio playing immediately for participant cmeifn5qp002dkunge64m0xss
10:19:59.872  [CallModal] ✅ Audio playing immediately for participant cmeifn5qp002dkunge64m0xss
10:19:59.873  [useCallPerformance] Network metrics: {audioPacketLoss: 0, videoPacketLoss: 0, videoFrameRate: 0, latency: 1, callType: 'voice'}
10:19:59.873  [useCallPerformance] Skipping stats for cmeumah180000kuygq63oa1qx - connection state: failed
eval @ webpack-internal:///…lPerformance.ts:102
await in eval
eval @ webpack-internal:///…lPerformance.ts:178
eval @ webpack-internal:///…lPerformance.ts:209
commitHookEffectListMount @ webpack-internal:///…evelopment.js:21102
commitHookPassiveMountEffects @ webpack-internal:///…evelopment.js:23154
commitPassiveMountOnFiber @ webpack-internal:///…evelopment.js:23259
recursivelyTraversePassiveMountEffects @ webpack-internal:///…evelopment.js:23237
commitPassiveMountOnFiber @ webpack-internal:///…evelopment.js:23370
recursivelyTraversePassiveMountEffects @ webpack-internal:///…evelopment.js:23237
commitPassiveMountOnFiber @ webpack-internal:///…evelopment.js:23256
recursivelyTraversePassiveMountEffects @ webpack-internal:///…evelopment.js:23237
commitPassiveMountOnFiber @ webpack-internal:///…evelopment.js:23370
recursivelyTraversePassiveMountEffects @ webpack-internal:///…evelopment.js:23237
commitPassiveMountOnFiber @ webpack-internal:///…evelopment.js:23370
recursivelyTraversePassiveMountEffects @ webpack-internal:///…evelopment.js:23237
commitPassiveMountOnFiber @ webpack-internal:///…evelopment.js:23370
recursivelyTraversePassiveMountEffects @ webpack-internal:///…evelopment.js:23237
commitPassiveMountOnFiber @ webpack-internal:///…evelopment.js:23256
recursivelyTraversePassiveMountEffects @ webpack-internal:///…evelopment.js:23237
commitPassiveMountOnFiber @ webpack-internal:///…evelopment.js:23256
recursivelyTraversePassiveMountEffects @ webpack-internal:///…evelopment.js:23237
commitPassiveMountOnFiber @ webpack-internal:///…evelopment.js:23370
recursivelyTraversePassiveMountEffects @ webpack-internal:///…evelopment.js:23237
commitPassiveMountOnFiber @ webpack-internal:///…evelopment.js:23370
recursivelyTraversePassiveMountEffects @ webpack-internal:///…evelopment.js:23237
commitPassiveMountOnFiber @ webpack-internal:///…evelopment.js:23256
recursivelyTraversePassiveMountEffects @ webpack-internal:///…evelopment.js:23237
commitPassiveMountOnFiber @ webpack-internal:///…evelopment.js:23370
recursivelyTraversePassiveMountEffects @ webpack-internal:///…evelopment.js:23237
commitPassiveMountOnFiber @ webpack-internal:///…evelopment.js:23256
recursivelyTraversePassiveMountEffects @ webpack-internal:///…evelopment.js:23237
commitPassiveMountOnFiber @ webpack-internal:///…evelopment.js:23256
recursivelyTraversePassiveMountEffects @ webpack-internal:///…evelopment.js:23237
commitPassiveMountOnFiber @ webpack-internal:///…evelopment.js:23256
recursivelyTraversePassiveMountEffects @ webpack-internal:///…evelopment.js:23237
commitPassiveMountOnFiber @ webpack-internal:///…evelopment.js:23256
recursivelyTraversePassiveMountEffects @ webpack-internal:///…evelopment.js:23237
commitPassiveMountOnFiber @ webpack-internal:///…evelopment.js:23370
recursivelyTraversePassiveMountEffects @ webpack-internal:///…evelopment.js:23237
commitPassiveMountOnFiber @ webpack-internal:///…evelopment.js:23256
recursivelyTraversePassiveMountEffects @ webpack-internal:///…evelopment.js:23237
commitPassiveMountOnFiber @ webpack-internal:///…evelopment.js:23256
recursivelyTraversePassiveMountEffects @ webpack-internal:///…evelopment.js:23237
commitPassiveMountOnFiber @ webpack-internal:///…evelopment.js:23370
recursivelyTraversePassiveMountEffects @ webpack-internal:///…evelopment.js:23237
commitPassiveMountOnFiber @ webpack-internal:///…evelopment.js:23256
recursivelyTraversePassiveMountEffects @ webpack-internal:///…evelopment.js:23237
commitPassiveMountOnFiber @ webpack-internal:///…evelopment.js:23370
recursivelyTraversePassiveMountEffects @ webpack-internal:///…evelopment.js:23237
commitPassiveMountOnFiber @ webpack-internal:///…evelopment.js:23256
recursivelyTraversePassiveMountEffects @ webpack-internal:///…evelopment.js:23237
commitPassiveMountOnFiber @ webpack-internal:///…evelopment.js:23370
recursivelyTraversePassiveMountEffects @ webpack-internal:///…evelopment.js:23237
commitPassiveMountOnFiber @ webpack-internal:///…evelopment.js:23256
recursivelyTraversePassiveMountEffects @ webpack-internal:///…evelopment.js:23237
commitPassiveMountOnFiber @ webpack-internal:///…evelopment.js:23370
recursivelyTraversePassiveMountEffects @ webpack-internal:///…evelopment.js:23237
commitPassiveMountOnFiber @ webpack-internal:///…evelopment.js:23256
recursivelyTraversePassiveMountEffects @ webpack-internal:///…evelopment.js:23237
commitPassiveMountOnFiber @ webpack-internal:///…evelopment.js:23256
recursivelyTraversePassiveMountEffects @ webpack-internal:///…evelopment.js:23237
commitPassiveMountOnFiber @ webpack-internal:///…evelopment.js:23256
recursivelyTraversePassiveMountEffects @ webpack-internal:///…evelopment.js:23237
commitPassiveMountOnFiber @ webpack-internal:///…evelopment.js:23370
recursivelyTraversePassiveMountEffects @ webpack-internal:///…evelopment.js:23237
commitPassiveMountOnFiber @ webpack-internal:///…evelopment.js:23256
recursivelyTraversePassiveMountEffects @ webpack-internal:///…evelopment.js:23237
commitPassiveMountOnFiber @ webpack-internal:///…evelopment.js:23256
recursivelyTraversePassiveMountEffects @ webpack-internal:///…evelopment.js:23237
commitPassiveMountOnFiber @ webpack-internal:///…evelopment.js:23370
recursivelyTraversePassiveMountEffects @ webpack-internal:///…evelopment.js:23237
commitPassiveMountOnFiber @ webpack-internal:///…evelopment.js:23256
recursivelyTraversePassiveMountEffects @ webpack-internal:///…evelopment.js:23237
commitPassiveMountOnFiber @ webpack-internal:///…evelopment.js:23370
recursivelyTraversePassiveMountEffects @ webpack-internal:///…evelopment.js:23237
commitPassiveMountOnFiber @ webpack-internal:///…evelopment.js:23370
recursivelyTraversePassiveMountEffects @ webpack-internal:///…evelopment.js:23237
commitPassiveMountOnFiber @ webpack-internal:///…evelopment.js:23256
recursivelyTraversePassiveMountEffects @ webpack-internal:///…evelopment.js:23237
commitPassiveMountOnFiber @ webpack-internal:///…evelopment.js:23370
recursivelyTraversePassiveMountEffects @ webpack-internal:///…evelopment.js:23237
commitPassiveMountOnFiber @ webpack-internal:///…evelopment.js:23256
recursivelyTraversePassiveMountEffects @ webpack-internal:///…evelopment.js:23237
commitPassiveMountOnFiber @ webpack-internal:///…evelopment.js:23370
recursivelyTraversePassiveMountEffects @ webpack-internal:///…evelopment.js:23237
commitPassiveMountOnFiber @ webpack-internal:///…evelopment.js:23256
recursivelyTraversePassiveMountEffects @ webpack-internal:///…evelopment.js:23237
commitPassiveMountOnFiber @ webpack-internal:///…evelopment.js:23370
recursivelyTraversePassiveMountEffects @ webpack-internal:///…evelopment.js:23237
commitPassiveMountOnFiber @ webpack-internal:///…evelopment.js:23256
recursivelyTraversePassiveMountEffects @ webpack-internal:///…evelopment.js:23237
commitPassiveMountOnFiber @ webpack-internal:///…evelopment.js:23370
recursivelyTraversePassiveMountEffects @ webpack-internal:///…evelopment.js:23237
commitPassiveMountOnFiber @ webpack-internal:///…evelopment.js:23256
recursivelyTraversePassiveMountEffects @ webpack-internal:///…evelopment.js:23237
commitPassiveMountOnFiber @ webpack-internal:///…evelopment.js:23256
recursivelyTraversePassiveMountEffects @ webpack-internal:///…evelopment.js:23237
commitPassiveMountOnFiber @ webpack-internal:///…evelopment.js:23370
recursivelyTraversePassiveMountEffects @ webpack-internal:///…evelopment.js:23237
commitPassiveMountOnFiber @ webpack-internal:///…evelopment.js:23370
recursivelyTraversePassiveMountEffects @ webpack-internal:///…evelopment.js:23237
commitPassiveMountOnFiber @ webpack-internal:///…evelopment.js:23370
recursivelyTraversePassiveMountEffects @ webpack-internal:///…evelopment.js:23237
commitPassiveMountOnFiber @ webpack-internal:///…evelopment.js:23370
recursivelyTraversePassiveMountEffects @ webpack-internal:///…evelopment.js:23237
commitPassiveMountOnFiber @ webpack-internal:///…evelopment.js:23370
recursivelyTraversePassiveMountEffects @ webpack-internal:///…evelopment.js:23237
commitPassiveMountOnFiber @ webpack-internal:///…evelopment.js:23256
recursivelyTraversePassiveMountEffects @ webpack-internal:///…evelopment.js:23237
commitPassiveMountOnFiber @ webpack-internal:///…evelopment.js:23370
recursivelyTraversePassiveMountEffects @ webpack-internal:///…evelopment.js:23237
commitPassiveMountOnFiber @ webpack-internal:///…evelopment.js:23370
recursivelyTraversePassiveMountEffects @ webpack-internal:///…evelopment.js:23237
commitPassiveMountOnFiber @ webpack-internal:///…evelopment.js:23256
recursivelyTraversePassiveMountEffects @ webpack-internal:///…evelopment.js:23237
commitPassiveMountOnFiber @ webpack-internal:///…evelopment.js:23256
recursivelyTraversePassiveMountEffects @ webpack-internal:///…evelopment.js:23237
commitPassiveMountOnFiber @ webpack-internal:///…evelopment.js:23370
recursivelyTraversePassiveMountEffects @ webpack-internal:///…evelopment.js:23237
commitPassiveMountOnFiber @ webpack-internal:///…evelopment.js:23256
recursivelyTraversePassiveMountEffects @ webpack-internal:///…evelopment.js:23237
commitPassiveMountOnFiber @ webpack-internal:///…evelopment.js:23370
recursivelyTraversePassiveMountEffects @ webpack-internal:///…evelopment.js:23237
commitPassiveMountOnFiber @ webpack-internal:///…evelopment.js:23370
recursivelyTraversePassiveMountEffects @ webpack-internal:///…evelopment.js:23237
commitPassiveMountOnFiber @ webpack-internal:///…evelopment.js:23370
recursivelyTraversePassiveMountEffects @ webpack-internal:///…evelopment.js:23237
commitPassiveMountOnFiber @ webpack-internal:///…evelopment.js:23370
recursivelyTraversePassiveMountEffects @ webpack-internal:///…evelopment.js:23237
commitPassiveMountOnFiber @ webpack-internal:///…evelopment.js:23370
recursivelyTraversePassiveMountEffects @ webpack-internal:///…evelopment.js:23237
commitPassiveMountOnFiber @ webpack-internal:///…evelopment.js:23370
recursivelyTraversePassiveMountEffects @ webpack-internal:///…evelopment.js:23237
commitPassiveMountOnFiber @ webpack-internal:///…evelopment.js:23256
recursivelyTraversePassiveMountEffects @ webpack-internal:///…evelopment.js:23237
commitPassiveMountOnFiber @ webpack-internal:///…evelopment.js:23370
recursivelyTraversePassiveMountEffects @ webpack-internal:///…evelopment.js:23237
commitPassiveMountOnFiber @ webpack-internal:///…evelopment.js:23256
recursivelyTraversePassiveMountEffects @ webpack-internal:///…evelopment.js:23237
commitPassiveMountOnFiber @ webpack-internal:///…evelopment.js:23256
recursivelyTraversePassiveMountEffects @ webpack-internal:///…evelopment.js:23237
commitPassiveMountOnFiber @ webpack-internal:///…evelopment.js:23256
recursivelyTraversePassiveMountEffects @ webpack-internal:///…evelopment.js:23237
commitPassiveMountOnFiber @ webpack-internal:///…evelopment.js:23256
recursivelyTraversePassiveMountEffects @ webpack-internal:///…evelopment.js:23237
commitPassiveMountOnFiber @ webpack-internal:///…evelopment.js:23370
recursivelyTraversePassiveMountEffects @ webpack-internal:///…evelopment.js:23237
commitPassiveMountOnFiber @ webpack-internal:///…evelopment.js:23370
recursivelyTraversePassiveMountEffects @ webpack-internal:///…evelopment.js:23237
commitPassiveMountOnFiber @ webpack-internal:///…evelopment.js:23370
recursivelyTraversePassiveMountEffects @ webpack-internal:///…evelopment.js:23237
commitPassiveMountOnFiber @ webpack-internal:///…evelopment.js:23267
commitPassiveMountEffects @ webpack-internal:///…evelopment.js:23225
flushPassiveEffectsImpl @ webpack-internal:///…evelopment.js:26497
flushPassiveEffects @ webpack-internal:///…evelopment.js:26438
eval @ webpack-internal:///…evelopment.js:26172
workLoop @ webpack-internal:///….development.js:256
flushWork @ webpack-internal:///….development.js:225
performWorkUntilDeadline @ webpack-internal:///….development.js:534
10:19:59.874  [CallModal] Rendered - voice call opened
10:19:59.874  [CallModal] Rendered - voice call opened
10:19:59.875  [VoiceParticipant] Zber Samolde voice activity debug: {participantId: 'cmeumah180000kuygq63oa1qx', hasOriginalStream: false, hasLatestStream: false, streamActive: undefined, audioTracksCount: 0, …}
10:19:59.875  [VoiceParticipant] Zber Samolde voice activity debug: {participantId: 'cmeumah180000kuygq63oa1qx', hasOriginalStream: false, hasLatestStream: false, streamActive: undefined, audioTracksCount: 0, …}
10:19:59.875  [VoiceParticipant] Tester2 voice activity debug: {participantId: 'cmeifn5qp002dkunge64m0xss', hasOriginalStream: true, hasLatestStream: true, streamActive: true, audioTracksCount: 1, …}
10:19:59.875  [VoiceParticipant] Tester2 voice activity debug: {participantId: 'cmeifn5qp002dkunge64m0xss', hasOriginalStream: true, hasLatestStream: true, streamActive: true, audioTracksCount: 1, …}
10:19:59.877  [CallModal] 🔊 Setting up audio element for participant cmeifn5qp002dkunge64m0xss
10:19:59.878  [CallModal] Stream details: {id: '11f1cb2e-ff24-4f0a-9e82-dab593c0342f', active: true, audioTracks: Array(1)}
10:19:59.879  [CallModal] Previous audio element for cmeifn5qp002dkunge64m0xss: false
10:19:59.881  [CallModal] Cleared previous srcObject for cmeifn5qp002dkunge64m0xss
10:19:59.885  [WebRTC] ⚠️ Connection unstable for participant: cmeumah180000kuygq63oa1qx Connection: failed ICE: connected
10:19:59.885  [WebRTC Enhanced] Recovery attempt 1/3 for cmeumah180000kuygq63oa1qx
10:19:59.960  [VoiceActivity] Effect triggered: {hasStream: false, streamId: undefined, audioTracks: 0, threshold: -40}
10:19:59.962  [VoiceActivity] No stream provided, cleaning up
10:19:59.962  [VoiceActivity] Effect triggered: {hasStream: true, streamId: '11f1cb2e-ff24-4f0a-9e82-dab593c0342f', audioTracks: 1, threshold: -40}
10:19:59.963  [VoiceActivity] Initializing for stream: 11f1cb2e-ff24-4f0a-9e82-dab593c0342f with 1 audio tracks
10:19:59.964  [VoiceActivity] Effect triggered: {hasStream: false, streamId: undefined, audioTracks: 0, threshold: -40}
10:19:59.964  [VoiceActivity] No stream provided, cleaning up
10:19:59.964  [VoiceActivity] Effect triggered: {hasStream: true, streamId: '11f1cb2e-ff24-4f0a-9e82-dab593c0342f', audioTracks: 1, threshold: -40}
10:19:59.964  [VoiceActivity] Initializing for stream: 11f1cb2e-ff24-4f0a-9e82-dab593c0342f with 1 audio tracks
10:19:59.966  [CallModal] Audio loadeddata event for cmeifn5qp002dkunge64m0xss
10:19:59.966  [CallModal] Audio can play for cmeifn5qp002dkunge64m0xss
10:19:59.966  [CallModal] Audio canplay event for cmeifn5qp002dkunge64m0xss
10:19:59.966  [CallModal] Audio is playing for cmeifn5qp002dkunge64m0xss
10:19:59.967  [CallModal] ✅ Audio playing immediately for participant cmeifn5qp002dkunge64m0xss
10:19:59.967  [CallModal] ✅ Audio playing immediately for participant cmeifn5qp002dkunge64m0xss
10:19:59.967  [CallModal] ✅ Audio playing immediately for participant cmeifn5qp002dkunge64m0xss
10:19:59.967  [CallModal] 🔍 WebRTC stream ready for participant: cmeumah180000kuygq63oa1qx
10:19:59.967  [CallModal] 🔍 Our callId: call-1757384369155-78u7pu5k6 Event callId: call-1757384369155-78u7pu5k6
10:19:59.967  [CallModal] 🔍 Our user ID: cmeifml0h001okung0i95m8s6
10:19:59.967  [CallModal] 🔍 Current call state: dialing
10:19:59.967  [CallModal] 🔍 Current participant states: {}
10:19:59.968  [CallModal] ✅ Processing REMOTE stream ready event
10:19:59.968  [CallModal] 🆔 Our session ID: cmeifml0h001okung0i95m8s6
10:19:59.968  [CallModal] 🆔 Remote participant ID: cmeumah180000kuygq63oa1qx
10:19:59.968  [CallModal] 🔍 Stream data: {callId: 'call-1757384369155-78u7pu5k6', participantId: 'cmeumah180000kuygq63oa1qx', streamId: '22684b8b-e675-484e-8ba1-c9d3f02f2c18', hasAudio: true, hasVideo: false}
10:19:59.968  [CallModal] 🚀 INITIATING PEER CONNECTION for remote participant: cmeumah180000kuygq63oa1qx
10:19:59.968  [CallModal] 🚀 WebRTC service available: true
10:19:59.968  [CallModal] 🎥 Processing webrtc_stream_ready for REMOTE participant: cmeumah180000kuygq63oa1qx
10:19:59.968  [CallModal] 🔗 Active peer connections: []
10:19:59.968  [CallModal] 🔗 Has connection to cmeumah180000kuygq63oa1qx : false
10:19:59.968  [CallModal] 🚀 Creating peer connection to cmeumah180000kuygq63oa1qx
10:19:59.968  [WebRTC] 📞 Safe creating offer for participant: cmeumah180000kuygq63oa1qx
10:19:59.968  [WebRTC] ⏳ Waiting for local stream to be ready...
10:19:59.968  [WebRTC] 🔍 hasLocalStream: {hasStream: true, streamActive: true, totalTracks: 1, liveTracks: 1, result: true}
10:19:59.968  [WebRTC] ✅ Local stream is ready!
10:19:59.968  [WebRTC] Creating peer connection for: cmeumah180000kuygq63oa1qx
10:19:59.968  [WebRTC] ⚠️ Peer connection already exists for: cmeumah180000kuygq63oa1qx {connectionState: 'failed', iceConnectionState: 'connected', signalingState: 'stable'}
10:19:59.968  [WebRTC] ✅ Reusing healthy existing connection for: cmeumah180000kuygq63oa1qx
10:19:59.975  [CallModal] Rendered - voice call opened
10:19:59.975  [CallModal] Rendered - voice call opened
10:19:59.977  [WebRTC] 🚀 Optimizing SDP for ultra-low latency...
10:19:59.978  [WebRTC] ✅ SDP optimized for ultra-low latency
10:19:59.981  [CallModal] 🔍 WebRTC stream ready for participant: cmeumah180000kuygq63oa1qx
10:19:59.981  [CallModal] 🔍 Our callId: call-1757384369155-78u7pu5k6 Event callId: call-1757384369155-78u7pu5k6
10:19:59.981  [CallModal] 🔍 Our user ID: cmeifml0h001okung0i95m8s6
10:19:59.981  [CallModal] 🔍 Current call state: dialing
10:19:59.982  [CallModal] 🔍 Current participant states: {}
10:19:59.982  [CallModal] ✅ Processing REMOTE stream ready event
10:19:59.982  [CallModal] 🆔 Our session ID: cmeifml0h001okung0i95m8s6
10:19:59.982  [CallModal] 🆔 Remote participant ID: cmeumah180000kuygq63oa1qx
10:19:59.982  [CallModal] 🔍 Stream data: {callId: 'call-1757384369155-78u7pu5k6', participantId: 'cmeumah180000kuygq63oa1qx', streamId: '22684b8b-e675-484e-8ba1-c9d3f02f2c18', hasAudio: true, hasVideo: false}
10:19:59.983  [CallModal] 🚀 INITIATING PEER CONNECTION for remote participant: cmeumah180000kuygq63oa1qx
10:19:59.983  [CallModal] 🚀 WebRTC service available: true
10:19:59.983  [CallModal] 🎥 Processing webrtc_stream_ready for REMOTE participant: cmeumah180000kuygq63oa1qx
10:19:59.983  [CallModal] 🔗 Active peer connections: []
10:19:59.983  [CallModal] 🔗 Has connection to cmeumah180000kuygq63oa1qx : false
10:19:59.983  [CallModal] 🚀 Creating peer connection to cmeumah180000kuygq63oa1qx
10:19:59.983  [WebRTC] 📞 Safe creating offer for participant: cmeumah180000kuygq63oa1qx
10:19:59.983  [WebRTC] ⏳ Waiting for local stream to be ready...
10:19:59.983  [WebRTC] 🔍 hasLocalStream: {hasStream: true, streamActive: true, totalTracks: 1, liveTracks: 1, result: true}
10:19:59.983  [WebRTC] ✅ Local stream is ready!
10:19:59.984  [WebRTC] Creating peer connection for: cmeumah180000kuygq63oa1qx
10:19:59.984  [WebRTC] ⚠️ Peer connection already exists for: cmeumah180000kuygq63oa1qx {connectionState: 'failed', iceConnectionState: 'connected', signalingState: 'stable'}
10:19:59.984  [WebRTC] ✅ Reusing healthy existing connection for: cmeumah180000kuygq63oa1qx
10:19:59.989  [CallModal] Rendered - voice call opened
10:19:59.990  [CallModal] Rendered - voice call opened
10:19:59.991  [VoiceParticipant] Zber Samolde voice activity debug: {participantId: 'cmeumah180000kuygq63oa1qx', hasOriginalStream: false, hasLatestStream: false, streamActive: undefined, audioTracksCount: 0, …}
10:19:59.991  [VoiceParticipant] Zber Samolde voice activity debug: {participantId: 'cmeumah180000kuygq63oa1qx', hasOriginalStream: false, hasLatestStream: false, streamActive: undefined, audioTracksCount: 0, …}
10:19:59.991  [VoiceParticipant] Tester2 voice activity debug: {participantId: 'cmeifn5qp002dkunge64m0xss', hasOriginalStream: true, hasLatestStream: true, streamActive: true, audioTracksCount: 1, …}
10:19:59.991  [VoiceParticipant] Tester2 voice activity debug: {participantId: 'cmeifn5qp002dkunge64m0xss', hasOriginalStream: true, hasLatestStream: true, streamActive: true, audioTracksCount: 1, …}
10:19:59.993  [CallModal] 🔊 Setting up audio element for participant cmeifn5qp002dkunge64m0xss
10:19:59.993  [CallModal] Stream details: {id: '11f1cb2e-ff24-4f0a-9e82-dab593c0342f', active: true, audioTracks: Array(1)}
10:19:59.994  [CallModal] Previous audio element for cmeifn5qp002dkunge64m0xss: false
10:19:59.998  [CallModal] Cleared previous srcObject for cmeifn5qp002dkunge64m0xss
10:20:00.005  [WebRTC] 📡 Sending offer to participant: cmeumah180000kuygq63oa1qx
10:20:00.007  [CallModal] ✅ Peer connection offer created successfully
10:20:00.007  [CallModal] Retrieved remote stream for cmeumah180000kuygq63oa1qx : true
10:20:00.007  [CallModal] Remote stream tracks: [{…}]
10:20:00.007  [CallModal] ✅ Remote stream added to state for VideoGrid
10:20:00.008  [WebRTC] 🚀 Optimizing SDP for ultra-low latency...
10:20:00.009  [WebRTC] ✅ SDP optimized for ultra-low latency
10:20:00.052  [VoiceActivity] Effect triggered: {hasStream: false, streamId: undefined, audioTracks: 0, threshold: -40}
10:20:00.052  [VoiceActivity] No stream provided, cleaning up
10:20:00.053  [VoiceActivity] Effect triggered: {hasStream: true, streamId: '11f1cb2e-ff24-4f0a-9e82-dab593c0342f', audioTracks: 1, threshold: -40}
10:20:00.053  [VoiceActivity] Initializing for stream: 11f1cb2e-ff24-4f0a-9e82-dab593c0342f with 1 audio tracks
10:20:00.054  [VoiceActivity] Effect triggered: {hasStream: false, streamId: undefined, audioTracks: 0, threshold: -40}
10:20:00.055  [VoiceActivity] No stream provided, cleaning up
10:20:00.055  [VoiceActivity] Effect triggered: {hasStream: true, streamId: '11f1cb2e-ff24-4f0a-9e82-dab593c0342f', audioTracks: 1, threshold: -40}
10:20:00.055  [VoiceActivity] Initializing for stream: 11f1cb2e-ff24-4f0a-9e82-dab593c0342f with 1 audio tracks
10:20:00.055  [CallModal] Rendered - voice call opened
10:20:00.056  [CallModal] Updated remote streams map, now has: (2) ['cmeifn5qp002dkunge64m0xss', 'cmeumah180000kuygq63oa1qx']
10:20:00.056  [CallModal] Updated remote streams map, now has: (2) ['cmeifn5qp002dkunge64m0xss', 'cmeumah180000kuygq63oa1qx']
10:20:00.056  [CallModal] Rendered - voice call opened
10:20:00.057  [VoiceParticipant] Zber Samolde voice activity debug: {participantId: 'cmeumah180000kuygq63oa1qx', hasOriginalStream: true, hasLatestStream: true, streamActive: true, audioTracksCount: 1, …}
10:20:00.057  [VoiceParticipant] Zber Samolde voice activity debug: {participantId: 'cmeumah180000kuygq63oa1qx', hasOriginalStream: true, hasLatestStream: true, streamActive: true, audioTracksCount: 1, …}
10:20:00.057  [VoiceParticipant] Tester2 voice activity debug: {participantId: 'cmeifn5qp002dkunge64m0xss', hasOriginalStream: true, hasLatestStream: true, streamActive: true, audioTracksCount: 1, …}
10:20:00.057  [VoiceParticipant] Tester2 voice activity debug: {participantId: 'cmeifn5qp002dkunge64m0xss', hasOriginalStream: true, hasLatestStream: true, streamActive: true, audioTracksCount: 1, …}
10:20:00.064  [CallModal] 🔊 Setting up audio element for participant cmeifn5qp002dkunge64m0xss
10:20:00.065  [CallModal] Stream details: {id: '11f1cb2e-ff24-4f0a-9e82-dab593c0342f', active: true, audioTracks: Array(1)}
10:20:00.066  [CallModal] Previous audio element for cmeifn5qp002dkunge64m0xss: false
10:20:00.069  [CallModal] Cleared previous srcObject for cmeifn5qp002dkunge64m0xss
10:20:00.071  [CallModal] 🔊 Setting up audio element for participant cmeumah180000kuygq63oa1qx
10:20:00.071  [CallModal] Stream details: {id: 'bc884001-458b-454b-890a-15ea46c82cad', active: true, audioTracks: Array(1)}
10:20:00.072  [CallModal] Previous audio element for cmeumah180000kuygq63oa1qx: false
10:20:00.073  [CallModal] ✅ Audio playing immediately for participant cmeifn5qp002dkunge64m0xss
10:20:00.075  [WebRTC] 📡 Sending offer to participant: cmeumah180000kuygq63oa1qx
10:20:00.075  [CallModal] ✅ Peer connection offer created successfully
10:20:00.075  [CallModal] Retrieved remote stream for cmeumah180000kuygq63oa1qx : true
10:20:00.075  [CallModal] Remote stream tracks: [{…}]
10:20:00.075  [CallModal] ✅ Remote stream added to state for VideoGrid
10:20:00.144  [VoiceActivity] Effect triggered: {hasStream: true, streamId: 'bc884001-458b-454b-890a-15ea46c82cad', audioTracks: 1, threshold: -40}
10:20:00.144  [VoiceActivity] Initializing for stream: bc884001-458b-454b-890a-15ea46c82cad with 1 audio tracks
10:20:00.146  [VoiceActivity] Effect triggered: {hasStream: true, streamId: '11f1cb2e-ff24-4f0a-9e82-dab593c0342f', audioTracks: 1, threshold: -40}
10:20:00.146  [VoiceActivity] Initializing for stream: 11f1cb2e-ff24-4f0a-9e82-dab593c0342f with 1 audio tracks
10:20:00.147  [CallModal] Updated peer connections for performance monitoring: 2
10:20:00.148  [CallModal] Peer connection participants: (2) ['cmeifn5qp002dkunge64m0xss', 'cmeumah180000kuygq63oa1qx']
10:20:00.149  [VoiceActivity] Effect triggered: {hasStream: true, streamId: 'bc884001-458b-454b-890a-15ea46c82cad', audioTracks: 1, threshold: -40}
10:20:00.149  [VoiceActivity] Initializing for stream: bc884001-458b-454b-890a-15ea46c82cad with 1 audio tracks
10:20:00.149  [VoiceActivity] Effect triggered: {hasStream: true, streamId: '11f1cb2e-ff24-4f0a-9e82-dab593c0342f', audioTracks: 1, threshold: -40}
10:20:00.150  [VoiceActivity] Initializing for stream: 11f1cb2e-ff24-4f0a-9e82-dab593c0342f with 1 audio tracks
10:20:00.153  [CallModal] Audio loadeddata event for cmeifn5qp002dkunge64m0xss
10:20:00.154  [CallModal] Audio loadeddata event for cmeifn5qp002dkunge64m0xss
10:20:00.154  [CallModal] Audio can play for cmeifn5qp002dkunge64m0xss
10:20:00.154  [CallModal] Audio canplay event for cmeifn5qp002dkunge64m0xss
10:20:00.154  [CallModal] Audio canplay event for cmeifn5qp002dkunge64m0xss
10:20:00.154  [CallModal] Audio is playing for cmeifn5qp002dkunge64m0xss
10:20:00.154  [CallModal] ✅ Audio playing immediately for participant cmeifn5qp002dkunge64m0xss
10:20:00.155  [CallModal] ✅ Audio playing immediately for participant cmeifn5qp002dkunge64m0xss
10:20:00.155  [CallModal] ✅ Audio playing immediately for participant cmeifn5qp002dkunge64m0xss
10:20:00.155  [CallModal] ✅ Audio playing immediately for participant cmeifn5qp002dkunge64m0xss
10:20:00.155  [CallModal] ✅ Audio playing immediately for participant cmeifn5qp002dkunge64m0xss
10:20:00.155  [CallModal] Audio loadeddata event for cmeumah180000kuygq63oa1qx
10:20:00.156  [CallModal] Audio can play for cmeumah180000kuygq63oa1qx
10:20:00.156  [CallModal] Audio canplay event for cmeumah180000kuygq63oa1qx
10:20:00.156  [CallModal] Audio is playing for cmeumah180000kuygq63oa1qx
10:20:00.156  [CallModal] ✅ Audio playing immediately for participant cmeumah180000kuygq63oa1qx
10:20:00.156  [CallModal] ✅ Audio playing immediately for participant cmeumah180000kuygq63oa1qx
10:20:00.156  [CallModal] ✅ Audio playing immediately for participant cmeumah180000kuygq63oa1qx
10:20:00.157  [CallModal] Rendered - voice call opened
10:20:00.157  [CallModal] Updated remote streams map, now has: (2) ['cmeifn5qp002dkunge64m0xss', 'cmeumah180000kuygq63oa1qx']
10:20:00.157  [CallModal] Updated remote streams map, now has: (2) ['cmeifn5qp002dkunge64m0xss', 'cmeumah180000kuygq63oa1qx']
10:20:00.158  [CallModal] Rendered - voice call opened
10:20:00.159  [VoiceParticipant] Zber Samolde voice activity debug: {participantId: 'cmeumah180000kuygq63oa1qx', hasOriginalStream: true, hasLatestStream: true, streamActive: true, audioTracksCount: 1, …}
10:20:00.159  [VoiceParticipant] Zber Samolde voice activity debug: {participantId: 'cmeumah180000kuygq63oa1qx', hasOriginalStream: true, hasLatestStream: true, streamActive: true, audioTracksCount: 1, …}
10:20:00.159  [VoiceParticipant] Tester2 voice activity debug: {participantId: 'cmeifn5qp002dkunge64m0xss', hasOriginalStream: true, hasLatestStream: true, streamActive: true, audioTracksCount: 1, …}
10:20:00.159  [VoiceParticipant] Tester2 voice activity debug: {participantId: 'cmeifn5qp002dkunge64m0xss', hasOriginalStream: true, hasLatestStream: true, streamActive: true, audioTracksCount: 1, …}
10:20:00.161  [CallModal] 🔊 Setting up audio element for participant cmeifn5qp002dkunge64m0xss
10:20:00.161  [CallModal] Stream details: {id: '11f1cb2e-ff24-4f0a-9e82-dab593c0342f', active: true, audioTracks: Array(1)}
10:20:00.162  [CallModal] Previous audio element for cmeifn5qp002dkunge64m0xss: false
10:20:00.163  [CallModal] Cleared previous srcObject for cmeifn5qp002dkunge64m0xss
10:20:00.165  [CallModal] 🔊 Setting up audio element for participant cmeumah180000kuygq63oa1qx
10:20:00.165  [CallModal] Stream details: {id: 'bc884001-458b-454b-890a-15ea46c82cad', active: true, audioTracks: Array(1)}
10:20:00.165  [CallModal] Previous audio element for cmeumah180000kuygq63oa1qx: false
10:20:00.168  [CallModal] Cleared previous srcObject for cmeumah180000kuygq63oa1qx
10:20:00.268  [VoiceActivity] Effect triggered: {hasStream: true, streamId: 'bc884001-458b-454b-890a-15ea46c82cad', audioTracks: 1, threshold: -40}
10:20:00.269  [VoiceActivity] Initializing for stream: bc884001-458b-454b-890a-15ea46c82cad with 1 audio tracks
10:20:00.270  [VoiceActivity] Effect triggered: {hasStream: true, streamId: '11f1cb2e-ff24-4f0a-9e82-dab593c0342f', audioTracks: 1, threshold: -40}
10:20:00.270  [VoiceActivity] Initializing for stream: 11f1cb2e-ff24-4f0a-9e82-dab593c0342f with 1 audio tracks
10:20:00.271  [CallModal] Updated peer connections for performance monitoring: 2
10:20:00.272  [CallModal] Peer connection participants: (2) ['cmeifn5qp002dkunge64m0xss', 'cmeumah180000kuygq63oa1qx']
10:20:00.274  [useCallPerformance] Connection states: (2) [{…}, {…}]
10:20:00.274  [useCallPerformance] Starting monitoring for 1 valid connections
10:20:00.276  [VoiceActivity] Effect triggered: {hasStream: true, streamId: 'bc884001-458b-454b-890a-15ea46c82cad', audioTracks: 1, threshold: -40}
10:20:00.276  [VoiceActivity] Initializing for stream: bc884001-458b-454b-890a-15ea46c82cad with 1 audio tracks
10:20:00.276  [VoiceActivity] Effect triggered: {hasStream: true, streamId: '11f1cb2e-ff24-4f0a-9e82-dab593c0342f', audioTracks: 1, threshold: -40}
10:20:00.276  [VoiceActivity] Initializing for stream: 11f1cb2e-ff24-4f0a-9e82-dab593c0342f with 1 audio tracks
10:20:00.278  [CallModal] Audio loadeddata event for cmeifn5qp002dkunge64m0xss
10:20:00.279  [CallModal] Audio can play for cmeifn5qp002dkunge64m0xss
10:20:00.279  [CallModal] Audio canplay event for cmeifn5qp002dkunge64m0xss
10:20:00.279  [CallModal] Audio is playing for cmeifn5qp002dkunge64m0xss
10:20:00.282  [CallModal] ✅ Audio playing immediately for participant cmeifn5qp002dkunge64m0xss
10:20:00.282  [CallModal] ✅ Audio playing immediately for participant cmeifn5qp002dkunge64m0xss
10:20:00.282  [CallModal] ✅ Audio playing immediately for participant cmeifn5qp002dkunge64m0xss
10:20:00.282  [CallModal] Audio loadeddata event for cmeumah180000kuygq63oa1qx
10:20:00.283  [CallModal] Audio can play for cmeumah180000kuygq63oa1qx
10:20:00.283  [CallModal] Audio canplay event for cmeumah180000kuygq63oa1qx
10:20:00.283  [CallModal] Audio is playing for cmeumah180000kuygq63oa1qx
10:20:00.283  [CallModal] ✅ Audio playing immediately for participant cmeumah180000kuygq63oa1qx
10:20:00.283  [CallModal] ✅ Audio playing immediately for participant cmeumah180000kuygq63oa1qx
10:20:00.283  [CallModal] ✅ Audio playing immediately for participant cmeumah180000kuygq63oa1qx
10:20:00.284  [useCallPerformance] Network metrics: {audioPacketLoss: 0, videoPacketLoss: 0, videoFrameRate: 0, latency: 1, callType: 'voice'}
10:20:00.284  [useCallPerformance] Skipping stats for cmeumah180000kuygq63oa1qx - connection state: failed
eval @ webpack-internal:///…lPerformance.ts:102
await in eval
eval @ webpack-internal:///…lPerformance.ts:178
eval @ webpack-internal:///…lPerformance.ts:209
commitHookEffectListMount @ webpack-internal:///…evelopment.js:21102
commitHookPassiveMountEffects @ webpack-internal:///…evelopment.js:23154
commitPassiveMountOnFiber @ webpack-internal:///…evelopment.js:23259
recursivelyTraversePassiveMountEffects @ webpack-internal:///…evelopment.js:23237
commitPassiveMountOnFiber @ webpack-internal:///…evelopment.js:23370
recursivelyTraversePassiveMountEffects @ webpack-internal:///…evelopment.js:23237
commitPassiveMountOnFiber @ webpack-internal:///…evelopment.js:23256
recursivelyTraversePassiveMountEffects @ webpack-internal:///…evelopment.js:23237
commitPassiveMountOnFiber @ webpack-internal:///…evelopment.js:23370
recursivelyTraversePassiveMountEffects @ webpack-internal:///…evelopment.js:23237
commitPassiveMountOnFiber @ webpack-internal:///…evelopment.js:23370
recursivelyTraversePassiveMountEffects @ webpack-internal:///…evelopment.js:23237
commitPassiveMountOnFiber @ webpack-internal:///…evelopment.js:23370
recursivelyTraversePassiveMountEffects @ webpack-internal:///…evelopment.js:23237
commitPassiveMountOnFiber @ webpack-internal:///…evelopment.js:23256
recursivelyTraversePassiveMountEffects @ webpack-internal:///…evelopment.js:23237
commitPassiveMountOnFiber @ webpack-internal:///…evelopment.js:23256
recursivelyTraversePassiveMountEffects @ webpack-internal:///…evelopment.js:23237
commitPassiveMountOnFiber @ webpack-internal:///…evelopment.js:23370
recursivelyTraversePassiveMountEffects @ webpack-internal:///…evelopment.js:23237
commitPassiveMountOnFiber @ webpack-internal:///…evelopment.js:23370
recursivelyTraversePassiveMountEffects @ webpack-internal:///…evelopment.js:23237
commitPassiveMountOnFiber @ webpack-internal:///…evelopment.js:23256
recursivelyTraversePassiveMountEffects @ webpack-internal:///…evelopment.js:23237
commitPassiveMountOnFiber @ webpack-internal:///…evelopment.js:23370
recursivelyTraversePassiveMountEffects @ webpack-internal:///…evelopment.js:23237
commitPassiveMountOnFiber @ webpack-internal:///…evelopment.js:23256
recursivelyTraversePassiveMountEffects @ webpack-internal:///…evelopment.js:23237
commitPassiveMountOnFiber @ webpack-internal:///…evelopment.js:23256
recursivelyTraversePassiveMountEffects @ webpack-internal:///…evelopment.js:23237
commitPassiveMountOnFiber @ webpack-internal:///…evelopment.js:23256
recursivelyTraversePassiveMountEffects @ webpack-internal:///…evelopment.js:23237
commitPassiveMountOnFiber @ webpack-internal:///…evelopment.js:23256
recursivelyTraversePassiveMountEffects @ webpack-internal:///…evelopment.js:23237
commitPassiveMountOnFiber @ webpack-internal:///…evelopment.js:23370
recursivelyTraversePassiveMountEffects @ webpack-internal:///…evelopment.js:23237
commitPassiveMountOnFiber @ webpack-internal:///…evelopment.js:23256
recursivelyTraversePassiveMountEffects @ webpack-internal:///…evelopment.js:23237
commitPassiveMountOnFiber @ webpack-internal:///…evelopment.js:23256
recursivelyTraversePassiveMountEffects @ webpack-internal:///…evelopment.js:23237
commitPassiveMountOnFiber @ webpack-internal:///…evelopment.js:23370
recursivelyTraversePassiveMountEffects @ webpack-internal:///…evelopment.js:23237
commitPassiveMountOnFiber @ webpack-internal:///…evelopment.js:23256
recursivelyTraversePassiveMountEffects @ webpack-internal:///…evelopment.js:23237
commitPassiveMountOnFiber @ webpack-internal:///…evelopment.js:23370
recursivelyTraversePassiveMountEffects @ webpack-internal:///…evelopment.js:23237
commitPassiveMountOnFiber @ webpack-internal:///…evelopment.js:23256
recursivelyTraversePassiveMountEffects @ webpack-internal:///…evelopment.js:23237
commitPassiveMountOnFiber @ webpack-internal:///…evelopment.js:23370
recursivelyTraversePassiveMountEffects @ webpack-internal:///…evelopment.js:23237
commitPassiveMountOnFiber @ webpack-internal:///…evelopment.js:23256
recursivelyTraversePassiveMountEffects @ webpack-internal:///…evelopment.js:23237
commitPassiveMountOnFiber @ webpack-internal:///…evelopment.js:23370
recursivelyTraversePassiveMountEffects @ webpack-internal:///…evelopment.js:23237
commitPassiveMountOnFiber @ webpack-internal:///…evelopment.js:23256
recursivelyTraversePassiveMountEffects @ webpack-internal:///…evelopment.js:23237
commitPassiveMountOnFiber @ webpack-internal:///…evelopment.js:23256
recursivelyTraversePassiveMountEffects @ webpack-internal:///…evelopment.js:23237
commitPassiveMountOnFiber @ webpack-internal:///…evelopment.js:23256
recursivelyTraversePassiveMountEffects @ webpack-internal:///…evelopment.js:23237
commitPassiveMountOnFiber @ webpack-internal:///…evelopment.js:23370
recursivelyTraversePassiveMountEffects @ webpack-internal:///…evelopment.js:23237
commitPassiveMountOnFiber @ webpack-internal:///…evelopment.js:23256
recursivelyTraversePassiveMountEffects @ webpack-internal:///…evelopment.js:23237
commitPassiveMountOnFiber @ webpack-internal:///…evelopment.js:23256
recursivelyTraversePassiveMountEffects @ webpack-internal:///…evelopment.js:23237
commitPassiveMountOnFiber @ webpack-internal:///…evelopment.js:23370
recursivelyTraversePassiveMountEffects @ webpack-internal:///…evelopment.js:23237
commitPassiveMountOnFiber @ webpack-internal:///…evelopment.js:23256
recursivelyTraversePassiveMountEffects @ webpack-internal:///…evelopment.js:23237
commitPassiveMountOnFiber @ webpack-internal:///…evelopment.js:23370
recursivelyTraversePassiveMountEffects @ webpack-internal:///…evelopment.js:23237
commitPassiveMountOnFiber @ webpack-internal:///…evelopment.js:23370
recursivelyTraversePassiveMountEffects @ webpack-internal:///…evelopment.js:23237
commitPassiveMountOnFiber @ webpack-internal:///…evelopment.js:23256
recursivelyTraversePassiveMountEffects @ webpack-internal:///…evelopment.js:23237
commitPassiveMountOnFiber @ webpack-internal:///…evelopment.js:23370
recursivelyTraversePassiveMountEffects @ webpack-internal:///…evelopment.js:23237
commitPassiveMountOnFiber @ webpack-internal:///…evelopment.js:23256
recursivelyTraversePassiveMountEffects @ webpack-internal:///…evelopment.js:23237
commitPassiveMountOnFiber @ webpack-internal:///…evelopment.js:23370
recursivelyTraversePassiveMountEffects @ webpack-internal:///…evelopment.js:23237
commitPassiveMountOnFiber @ webpack-internal:///…evelopment.js:23256
recursivelyTraversePassiveMountEffects @ webpack-internal:///…evelopment.js:23237
commitPassiveMountOnFiber @ webpack-internal:///…evelopment.js:23370
recursivelyTraversePassiveMountEffects @ webpack-internal:///…evelopment.js:23237
commitPassiveMountOnFiber @ webpack-internal:///…evelopment.js:23256
recursivelyTraversePassiveMountEffects @ webpack-internal:///…evelopment.js:23237
commitPassiveMountOnFiber @ webpack-internal:///…evelopment.js:23370
recursivelyTraversePassiveMountEffects @ webpack-internal:///…evelopment.js:23237
commitPassiveMountOnFiber @ webpack-internal:///…evelopment.js:23256
recursivelyTraversePassiveMountEffects @ webpack-internal:///…evelopment.js:23237
commitPassiveMountOnFiber @ webpack-internal:///…evelopment.js:23256
recursivelyTraversePassiveMountEffects @ webpack-internal:///…evelopment.js:23237
commitPassiveMountOnFiber @ webpack-internal:///…evelopment.js:23370
recursivelyTraversePassiveMountEffects @ webpack-internal:///…evelopment.js:23237
commitPassiveMountOnFiber @ webpack-internal:///…evelopment.js:23370
recursivelyTraversePassiveMountEffects @ webpack-internal:///…evelopment.js:23237
commitPassiveMountOnFiber @ webpack-internal:///…evelopment.js:23370
recursivelyTraversePassiveMountEffects @ webpack-internal:///…evelopment.js:23237
commitPassiveMountOnFiber @ webpack-internal:///…evelopment.js:23370
recursivelyTraversePassiveMountEffects @ webpack-internal:///…evelopment.js:23237
commitPassiveMountOnFiber @ webpack-internal:///…evelopment.js:23370
recursivelyTraversePassiveMountEffects @ webpack-internal:///…evelopment.js:23237
commitPassiveMountOnFiber @ webpack-internal:///…evelopment.js:23256
recursivelyTraversePassiveMountEffects @ webpack-internal:///…evelopment.js:23237
commitPassiveMountOnFiber @ webpack-internal:///…evelopment.js:23370
recursivelyTraversePassiveMountEffects @ webpack-internal:///…evelopment.js:23237
commitPassiveMountOnFiber @ webpack-internal:///…evelopment.js:23370
recursivelyTraversePassiveMountEffects @ webpack-internal:///…evelopment.js:23237
commitPassiveMountOnFiber @ webpack-internal:///…evelopment.js:23256
recursivelyTraversePassiveMountEffects @ webpack-internal:///…evelopment.js:23237
commitPassiveMountOnFiber @ webpack-internal:///…evelopment.js:23256
recursivelyTraversePassiveMountEffects @ webpack-internal:///…evelopment.js:23237
commitPassiveMountOnFiber @ webpack-internal:///…evelopment.js:23370
recursivelyTraversePassiveMountEffects @ webpack-internal:///…evelopment.js:23237
commitPassiveMountOnFiber @ webpack-internal:///…evelopment.js:23256
recursivelyTraversePassiveMountEffects @ webpack-internal:///…evelopment.js:23237
commitPassiveMountOnFiber @ webpack-internal:///…evelopment.js:23370
recursivelyTraversePassiveMountEffects @ webpack-internal:///…evelopment.js:23237
commitPassiveMountOnFiber @ webpack-internal:///…evelopment.js:23370
recursivelyTraversePassiveMountEffects @ webpack-internal:///…evelopment.js:23237
commitPassiveMountOnFiber @ webpack-internal:///…evelopment.js:23370
recursivelyTraversePassiveMountEffects @ webpack-internal:///…evelopment.js:23237
commitPassiveMountOnFiber @ webpack-internal:///…evelopment.js:23370
recursivelyTraversePassiveMountEffects @ webpack-internal:///…evelopment.js:23237
commitPassiveMountOnFiber @ webpack-internal:///…evelopment.js:23370
recursivelyTraversePassiveMountEffects @ webpack-internal:///…evelopment.js:23237
commitPassiveMountOnFiber @ webpack-internal:///…evelopment.js:23370
recursivelyTraversePassiveMountEffects @ webpack-internal:///…evelopment.js:23237
commitPassiveMountOnFiber @ webpack-internal:///…evelopment.js:23256
recursivelyTraversePassiveMountEffects @ webpack-internal:///…evelopment.js:23237
commitPassiveMountOnFiber @ webpack-internal:///…evelopment.js:23370
recursivelyTraversePassiveMountEffects @ webpack-internal:///…evelopment.js:23237
commitPassiveMountOnFiber @ webpack-internal:///…evelopment.js:23256
recursivelyTraversePassiveMountEffects @ webpack-internal:///…evelopment.js:23237
commitPassiveMountOnFiber @ webpack-internal:///…evelopment.js:23256
recursivelyTraversePassiveMountEffects @ webpack-internal:///…evelopment.js:23237
commitPassiveMountOnFiber @ webpack-internal:///…evelopment.js:23256
recursivelyTraversePassiveMountEffects @ webpack-internal:///…evelopment.js:23237
commitPassiveMountOnFiber @ webpack-internal:///…evelopment.js:23256
recursivelyTraversePassiveMountEffects @ webpack-internal:///…evelopment.js:23237
commitPassiveMountOnFiber @ webpack-internal:///…evelopment.js:23370
recursivelyTraversePassiveMountEffects @ webpack-internal:///…evelopment.js:23237
commitPassiveMountOnFiber @ webpack-internal:///…evelopment.js:23370
recursivelyTraversePassiveMountEffects @ webpack-internal:///…evelopment.js:23237
commitPassiveMountOnFiber @ webpack-internal:///…evelopment.js:23370
recursivelyTraversePassiveMountEffects @ webpack-internal:///…evelopment.js:23237
commitPassiveMountOnFiber @ webpack-internal:///…evelopment.js:23267
commitPassiveMountEffects @ webpack-internal:///…evelopment.js:23225
flushPassiveEffectsImpl @ webpack-internal:///…evelopment.js:26497
flushPassiveEffects @ webpack-internal:///…evelopment.js:26438
eval @ webpack-internal:///…evelopment.js:26172
workLoop @ webpack-internal:///….development.js:256
flushWork @ webpack-internal:///….development.js:225
performWorkUntilDeadline @ webpack-internal:///….development.js:534
10:20:00.285  [CallModal] Rendered - voice call opened
10:20:00.286  [CallModal] Rendered - voice call opened
10:20:00.287  [VoiceParticipant] Zber Samolde voice activity debug: {participantId: 'cmeumah180000kuygq63oa1qx', hasOriginalStream: true, hasLatestStream: true, streamActive: true, audioTracksCount: 1, …}
10:20:00.287  [VoiceParticipant] Zber Samolde voice activity debug: {participantId: 'cmeumah180000kuygq63oa1qx', hasOriginalStream: true, hasLatestStream: true, streamActive: true, audioTracksCount: 1, …}
10:20:00.287  [VoiceParticipant] Tester2 voice activity debug: {participantId: 'cmeifn5qp002dkunge64m0xss', hasOriginalStream: true, hasLatestStream: true, streamActive: true, audioTracksCount: 1, …}
10:20:00.288  [VoiceParticipant] Tester2 voice activity debug: {participantId: 'cmeifn5qp002dkunge64m0xss', hasOriginalStream: true, hasLatestStream: true, streamActive: true, audioTracksCount: 1, …}
10:20:00.289  [CallModal] 🔊 Setting up audio element for participant cmeifn5qp002dkunge64m0xss
10:20:00.290  [CallModal] Stream details: {id: '11f1cb2e-ff24-4f0a-9e82-dab593c0342f', active: true, audioTracks: Array(1)}
10:20:00.290  [CallModal] Previous audio element for cmeifn5qp002dkunge64m0xss: false
10:20:00.292  [CallModal] Cleared previous srcObject for cmeifn5qp002dkunge64m0xss
10:20:00.293  [CallModal] 🔊 Setting up audio element for participant cmeumah180000kuygq63oa1qx
10:20:00.294  [CallModal] Stream details: {id: 'bc884001-458b-454b-890a-15ea46c82cad', active: true, audioTracks: Array(1)}
10:20:00.294  [CallModal] Previous audio element for cmeumah180000kuygq63oa1qx: false
10:20:00.296  [CallModal] Cleared previous srcObject for cmeumah180000kuygq63oa1qx
10:20:00.416  [VoiceActivity] Effect triggered: {hasStream: true, streamId: 'bc884001-458b-454b-890a-15ea46c82cad', audioTracks: 1, threshold: -40}
10:20:00.416  [VoiceActivity] Initializing for stream: bc884001-458b-454b-890a-15ea46c82cad with 1 audio tracks
10:20:00.457  [VoiceActivity] Effect triggered: {hasStream: true, streamId: '11f1cb2e-ff24-4f0a-9e82-dab593c0342f', audioTracks: 1, threshold: -40}
10:20:00.457  [VoiceActivity] Initializing for stream: 11f1cb2e-ff24-4f0a-9e82-dab593c0342f with 1 audio tracks
10:20:00.459  [useCallPerformance] Connection states: (2) [{…}, {…}]
10:20:00.459  [useCallPerformance] Starting monitoring for 1 valid connections
10:20:00.460  [VoiceActivity] Effect triggered: {hasStream: true, streamId: 'bc884001-458b-454b-890a-15ea46c82cad', audioTracks: 1, threshold: -40}
10:20:00.460  [VoiceActivity] Initializing for stream: bc884001-458b-454b-890a-15ea46c82cad with 1 audio tracks
10:20:00.460  [VoiceActivity] Effect triggered: {hasStream: true, streamId: '11f1cb2e-ff24-4f0a-9e82-dab593c0342f', audioTracks: 1, threshold: -40}
10:20:00.461  [VoiceActivity] Initializing for stream: 11f1cb2e-ff24-4f0a-9e82-dab593c0342f with 1 audio tracks
10:20:00.461  [CallModal] Audio loadeddata event for cmeifn5qp002dkunge64m0xss
10:20:00.461  [CallModal] Audio can play for cmeifn5qp002dkunge64m0xss
10:20:00.462  [CallModal] Audio canplay event for cmeifn5qp002dkunge64m0xss
10:20:00.462  [CallModal] Audio is playing for cmeifn5qp002dkunge64m0xss
10:20:00.462  [CallModal] ✅ Audio playing immediately for participant cmeifn5qp002dkunge64m0xss
10:20:00.462  [CallModal] ✅ Audio playing immediately for participant cmeifn5qp002dkunge64m0xss
10:20:00.462  [CallModal] ✅ Audio playing immediately for participant cmeifn5qp002dkunge64m0xss
10:20:00.462  [CallModal] Audio loadeddata event for cmeumah180000kuygq63oa1qx
10:20:00.462  [CallModal] Audio can play for cmeumah180000kuygq63oa1qx
10:20:00.462  [CallModal] Audio canplay event for cmeumah180000kuygq63oa1qx
10:20:00.462  [CallModal] Audio is playing for cmeumah180000kuygq63oa1qx
10:20:00.462  [CallModal] ✅ Audio playing immediately for participant cmeumah180000kuygq63oa1qx
10:20:00.462  [CallModal] ✅ Audio playing immediately for participant cmeumah180000kuygq63oa1qx
10:20:00.462  [CallModal] ✅ Audio playing immediately for participant cmeumah180000kuygq63oa1qx
10:20:00.463  [useCallPerformance] Network metrics: {audioPacketLoss: 0, videoPacketLoss: 0, videoFrameRate: 0, latency: 1, callType: 'voice'}
10:20:00.464  [useCallPerformance] Skipping stats for cmeumah180000kuygq63oa1qx - connection state: failed
eval @ webpack-internal:///…lPerformance.ts:102
await in eval
eval @ webpack-internal:///…lPerformance.ts:178
eval @ webpack-internal:///…lPerformance.ts:209
commitHookEffectListMount @ webpack-internal:///…evelopment.js:21102
commitHookPassiveMountEffects @ webpack-internal:///…evelopment.js:23154
commitPassiveMountOnFiber @ webpack-internal:///…evelopment.js:23259
recursivelyTraversePassiveMountEffects @ webpack-internal:///…evelopment.js:23237
commitPassiveMountOnFiber @ webpack-internal:///…evelopment.js:23370
recursivelyTraversePassiveMountEffects @ webpack-internal:///…evelopment.js:23237
commitPassiveMountOnFiber @ webpack-internal:///…evelopment.js:23256
recursivelyTraversePassiveMountEffects @ webpack-internal:///…evelopment.js:23237
commitPassiveMountOnFiber @ webpack-internal:///…evelopment.js:23370
recursivelyTraversePassiveMountEffects @ webpack-internal:///…evelopment.js:23237
commitPassiveMountOnFiber @ webpack-internal:///…evelopment.js:23370
recursivelyTraversePassiveMountEffects @ webpack-internal:///…evelopment.js:23237
commitPassiveMountOnFiber @ webpack-internal:///…evelopment.js:23370
recursivelyTraversePassiveMountEffects @ webpack-internal:///…evelopment.js:23237
commitPassiveMountOnFiber @ webpack-internal:///…evelopment.js:23256
recursivelyTraversePassiveMountEffects @ webpack-internal:///…evelopment.js:23237
commitPassiveMountOnFiber @ webpack-internal:///…evelopment.js:23256
recursivelyTraversePassiveMountEffects @ webpack-internal:///…evelopment.js:23237
commitPassiveMountOnFiber @ webpack-internal:///…evelopment.js:23370
recursivelyTraversePassiveMountEffects @ webpack-internal:///…evelopment.js:23237
commitPassiveMountOnFiber @ webpack-internal:///…evelopment.js:23370
recursivelyTraversePassiveMountEffects @ webpack-internal:///…evelopment.js:23237
commitPassiveMountOnFiber @ webpack-internal:///…evelopment.js:23256
recursivelyTraversePassiveMountEffects @ webpack-internal:///…evelopment.js:23237
commitPassiveMountOnFiber @ webpack-internal:///…evelopment.js:23370
recursivelyTraversePassiveMountEffects @ webpack-internal:///…evelopment.js:23237
commitPassiveMountOnFiber @ webpack-internal:///…evelopment.js:23256
recursivelyTraversePassiveMountEffects @ webpack-internal:///…evelopment.js:23237
commitPassiveMountOnFiber @ webpack-internal:///…evelopment.js:23256
recursivelyTraversePassiveMountEffects @ webpack-internal:///…evelopment.js:23237
commitPassiveMountOnFiber @ webpack-internal:///…evelopment.js:23256
recursivelyTraversePassiveMountEffects @ webpack-internal:///…evelopment.js:23237
commitPassiveMountOnFiber @ webpack-internal:///…evelopment.js:23256
recursivelyTraversePassiveMountEffects @ webpack-internal:///…evelopment.js:23237
commitPassiveMountOnFiber @ webpack-internal:///…evelopment.js:23370
recursivelyTraversePassiveMountEffects @ webpack-internal:///…evelopment.js:23237
commitPassiveMountOnFiber @ webpack-internal:///…evelopment.js:23256
recursivelyTraversePassiveMountEffects @ webpack-internal:///…evelopment.js:23237
commitPassiveMountOnFiber @ webpack-internal:///…evelopment.js:23256
recursivelyTraversePassiveMountEffects @ webpack-internal:///…evelopment.js:23237
commitPassiveMountOnFiber @ webpack-internal:///…evelopment.js:23370
recursivelyTraversePassiveMountEffects @ webpack-internal:///…evelopment.js:23237
commitPassiveMountOnFiber @ webpack-internal:///…evelopment.js:23256
recursivelyTraversePassiveMountEffects @ webpack-internal:///…evelopment.js:23237
commitPassiveMountOnFiber @ webpack-internal:///…evelopment.js:23370
recursivelyTraversePassiveMountEffects @ webpack-internal:///…evelopment.js:23237
commitPassiveMountOnFiber @ webpack-internal:///…evelopment.js:23256
recursivelyTraversePassiveMountEffects @ webpack-internal:///…evelopment.js:23237
commitPassiveMountOnFiber @ webpack-internal:///…evelopment.js:23370
recursivelyTraversePassiveMountEffects @ webpack-internal:///…evelopment.js:23237
commitPassiveMountOnFiber @ webpack-internal:///…evelopment.js:23256
recursivelyTraversePassiveMountEffects @ webpack-internal:///…evelopment.js:23237
commitPassiveMountOnFiber @ webpack-internal:///…evelopment.js:23370
recursivelyTraversePassiveMountEffects @ webpack-internal:///…evelopment.js:23237
commitPassiveMountOnFiber @ webpack-internal:///…evelopment.js:23256
recursivelyTraversePassiveMountEffects @ webpack-internal:///…evelopment.js:23237
commitPassiveMountOnFiber @ webpack-internal:///…evelopment.js:23256
recursivelyTraversePassiveMountEffects @ webpack-internal:///…evelopment.js:23237
commitPassiveMountOnFiber @ webpack-internal:///…evelopment.js:23256
recursivelyTraversePassiveMountEffects @ webpack-internal:///…evelopment.js:23237
commitPassiveMountOnFiber @ webpack-internal:///…evelopment.js:23370
recursivelyTraversePassiveMountEffects @ webpack-internal:///…evelopment.js:23237
commitPassiveMountOnFiber @ webpack-internal:///…evelopment.js:23256
recursivelyTraversePassiveMountEffects @ webpack-internal:///…evelopment.js:23237
commitPassiveMountOnFiber @ webpack-internal:///…evelopment.js:23256
recursivelyTraversePassiveMountEffects @ webpack-internal:///…evelopment.js:23237
commitPassiveMountOnFiber @ webpack-internal:///…evelopment.js:23370
recursivelyTraversePassiveMountEffects @ webpack-internal:///…evelopment.js:23237
commitPassiveMountOnFiber @ webpack-internal:///…evelopment.js:23256
recursivelyTraversePassiveMountEffects @ webpack-internal:///…evelopment.js:23237
commitPassiveMountOnFiber @ webpack-internal:///…evelopment.js:23370
recursivelyTraversePassiveMountEffects @ webpack-internal:///…evelopment.js:23237
commitPassiveMountOnFiber @ webpack-internal:///…evelopment.js:23370
recursivelyTraversePassiveMountEffects @ webpack-internal:///…evelopment.js:23237
commitPassiveMountOnFiber @ webpack-internal:///…evelopment.js:23256
recursivelyTraversePassiveMountEffects @ webpack-internal:///…evelopment.js:23237
commitPassiveMountOnFiber @ webpack-internal:///…evelopment.js:23370
recursivelyTraversePassiveMountEffects @ webpack-internal:///…evelopment.js:23237
commitPassiveMountOnFiber @ webpack-internal:///…evelopment.js:23256
recursivelyTraversePassiveMountEffects @ webpack-internal:///…evelopment.js:23237
commitPassiveMountOnFiber @ webpack-internal:///…evelopment.js:23370
recursivelyTraversePassiveMountEffects @ webpack-internal:///…evelopment.js:23237
commitPassiveMountOnFiber @ webpack-internal:///…evelopment.js:23256
recursivelyTraversePassiveMountEffects @ webpack-internal:///…evelopment.js:23237
commitPassiveMountOnFiber @ webpack-internal:///…evelopment.js:23370
recursivelyTraversePassiveMountEffects @ webpack-internal:///…evelopment.js:23237
commitPassiveMountOnFiber @ webpack-internal:///…evelopment.js:23256
recursivelyTraversePassiveMountEffects @ webpack-internal:///…evelopment.js:23237
commitPassiveMountOnFiber @ webpack-internal:///…evelopment.js:23370
recursivelyTraversePassiveMountEffects @ webpack-internal:///…evelopment.js:23237
commitPassiveMountOnFiber @ webpack-internal:///…evelopment.js:23256
recursivelyTraversePassiveMountEffects @ webpack-internal:///…evelopment.js:23237
commitPassiveMountOnFiber @ webpack-internal:///…evelopment.js:23256
recursivelyTraversePassiveMountEffects @ webpack-internal:///…evelopment.js:23237
commitPassiveMountOnFiber @ webpack-internal:///…evelopment.js:23370
recursivelyTraversePassiveMountEffects @ webpack-internal:///…evelopment.js:23237
commitPassiveMountOnFiber @ webpack-internal:///…evelopment.js:23370
recursivelyTraversePassiveMountEffects @ webpack-internal:///…evelopment.js:23237
commitPassiveMountOnFiber @ webpack-internal:///…evelopment.js:23370
recursivelyTraversePassiveMountEffects @ webpack-internal:///…evelopment.js:23237
commitPassiveMountOnFiber @ webpack-internal:///…evelopment.js:23370
recursivelyTraversePassiveMountEffects @ webpack-internal:///…evelopment.js:23237
commitPassiveMountOnFiber @ webpack-internal:///…evelopment.js:23370
recursivelyTraversePassiveMountEffects @ webpack-internal:///…evelopment.js:23237
commitPassiveMountOnFiber @ webpack-internal:///…evelopment.js:23256
recursivelyTraversePassiveMountEffects @ webpack-internal:///…evelopment.js:23237
commitPassiveMountOnFiber @ webpack-internal:///…evelopment.js:23370
recursivelyTraversePassiveMountEffects @ webpack-internal:///…evelopment.js:23237
commitPassiveMountOnFiber @ webpack-internal:///…evelopment.js:23370
recursivelyTraversePassiveMountEffects @ webpack-internal:///…evelopment.js:23237
commitPassiveMountOnFiber @ webpack-internal:///…evelopment.js:23256
recursivelyTraversePassiveMountEffects @ webpack-internal:///…evelopment.js:23237
commitPassiveMountOnFiber @ webpack-internal:///…evelopment.js:23256
recursivelyTraversePassiveMountEffects @ webpack-internal:///…evelopment.js:23237
commitPassiveMountOnFiber @ webpack-internal:///…evelopment.js:23370
recursivelyTraversePassiveMountEffects @ webpack-internal:///…evelopment.js:23237
commitPassiveMountOnFiber @ webpack-internal:///…evelopment.js:23256
recursivelyTraversePassiveMountEffects @ webpack-internal:///…evelopment.js:23237
commitPassiveMountOnFiber @ webpack-internal:///…evelopment.js:23370
recursivelyTraversePassiveMountEffects @ webpack-internal:///…evelopment.js:23237
commitPassiveMountOnFiber @ webpack-internal:///…evelopment.js:23370
recursivelyTraversePassiveMountEffects @ webpack-internal:///…evelopment.js:23237
commitPassiveMountOnFiber @ webpack-internal:///…evelopment.js:23370
recursivelyTraversePassiveMountEffects @ webpack-internal:///…evelopment.js:23237
commitPassiveMountOnFiber @ webpack-internal:///…evelopment.js:23370
recursivelyTraversePassiveMountEffects @ webpack-internal:///…evelopment.js:23237
commitPassiveMountOnFiber @ webpack-internal:///…evelopment.js:23370
recursivelyTraversePassiveMountEffects @ webpack-internal:///…evelopment.js:23237
commitPassiveMountOnFiber @ webpack-internal:///…evelopment.js:23370
recursivelyTraversePassiveMountEffects @ webpack-internal:///…evelopment.js:23237
commitPassiveMountOnFiber @ webpack-internal:///…evelopment.js:23256
recursivelyTraversePassiveMountEffects @ webpack-internal:///…evelopment.js:23237
commitPassiveMountOnFiber @ webpack-internal:///…evelopment.js:23370
recursivelyTraversePassiveMountEffects @ webpack-internal:///…evelopment.js:23237
commitPassiveMountOnFiber @ webpack-internal:///…evelopment.js:23256
recursivelyTraversePassiveMountEffects @ webpack-internal:///…evelopment.js:23237
commitPassiveMountOnFiber @ webpack-internal:///…evelopment.js:23256
recursivelyTraversePassiveMountEffects @ webpack-internal:///…evelopment.js:23237
commitPassiveMountOnFiber @ webpack-internal:///…evelopment.js:23256
recursivelyTraversePassiveMountEffects @ webpack-internal:///…evelopment.js:23237
commitPassiveMountOnFiber @ webpack-internal:///…evelopment.js:23256
recursivelyTraversePassiveMountEffects @ webpack-internal:///…evelopment.js:23237
commitPassiveMountOnFiber @ webpack-internal:///…evelopment.js:23370
recursivelyTraversePassiveMountEffects @ webpack-internal:///…evelopment.js:23237
commitPassiveMountOnFiber @ webpack-internal:///…evelopment.js:23370
recursivelyTraversePassiveMountEffects @ webpack-internal:///…evelopment.js:23237
commitPassiveMountOnFiber @ webpack-internal:///…evelopment.js:23370
recursivelyTraversePassiveMountEffects @ webpack-internal:///…evelopment.js:23237
commitPassiveMountOnFiber @ webpack-internal:///…evelopment.js:23267
commitPassiveMountEffects @ webpack-internal:///…evelopment.js:23225
flushPassiveEffectsImpl @ webpack-internal:///…evelopment.js:26497
flushPassiveEffects @ webpack-internal:///…evelopment.js:26438
eval @ webpack-internal:///…evelopment.js:26172
workLoop @ webpack-internal:///….development.js:256
flushWork @ webpack-internal:///….development.js:225
performWorkUntilDeadline @ webpack-internal:///….development.js:534
10:20:00.464  [CallModal] Rendered - voice call opened
10:20:00.464  [CallModal] Rendered - voice call opened
10:20:00.465  [VoiceParticipant] Zber Samolde voice activity debug: {participantId: 'cmeumah180000kuygq63oa1qx', hasOriginalStream: true, hasLatestStream: true, streamActive: true, audioTracksCount: 1, …}
10:20:00.465  [VoiceParticipant] Zber Samolde voice activity debug: {participantId: 'cmeumah180000kuygq63oa1qx', hasOriginalStream: true, hasLatestStream: true, streamActive: true, audioTracksCount: 1, …}
10:20:00.465  [VoiceParticipant] Tester2 voice activity debug: {participantId: 'cmeifn5qp002dkunge64m0xss', hasOriginalStream: true, hasLatestStream: true, streamActive: true, audioTracksCount: 1, …}
10:20:00.465  [VoiceParticipant] Tester2 voice activity debug: {participantId: 'cmeifn5qp002dkunge64m0xss', hasOriginalStream: true, hasLatestStream: true, streamActive: true, audioTracksCount: 1, …}
10:20:00.468  [CallModal] 🔊 Setting up audio element for participant cmeifn5qp002dkunge64m0xss
10:20:00.469  [CallModal] Stream details: {id: '11f1cb2e-ff24-4f0a-9e82-dab593c0342f', active: true, audioTracks: Array(1)}
10:20:00.470  [CallModal] Previous audio element for cmeifn5qp002dkunge64m0xss: false
10:20:00.472  [CallModal] Cleared previous srcObject for cmeifn5qp002dkunge64m0xss
10:20:00.473  [CallModal] 🔊 Setting up audio element for participant cmeumah180000kuygq63oa1qx
10:20:00.473  [CallModal] Stream details: {id: 'bc884001-458b-454b-890a-15ea46c82cad', active: true, audioTracks: Array(1)}
10:20:00.474  [CallModal] Previous audio element for cmeumah180000kuygq63oa1qx: false
10:20:00.479  [CallModal] Cleared previous srcObject for cmeumah180000kuygq63oa1qx
10:20:00.597  [VoiceActivity] Effect triggered: {hasStream: true, streamId: 'bc884001-458b-454b-890a-15ea46c82cad', audioTracks: 1, threshold: -40}
10:20:00.598  [VoiceActivity] Initializing for stream: bc884001-458b-454b-890a-15ea46c82cad with 1 audio tracks
10:20:00.599  [VoiceActivity] Effect triggered: {hasStream: true, streamId: '11f1cb2e-ff24-4f0a-9e82-dab593c0342f', audioTracks: 1, threshold: -40}
10:20:00.600  [VoiceActivity] Initializing for stream: 11f1cb2e-ff24-4f0a-9e82-dab593c0342f with 1 audio tracks
10:20:00.601  [VoiceActivity] Effect triggered: {hasStream: true, streamId: 'bc884001-458b-454b-890a-15ea46c82cad', audioTracks: 1, threshold: -40}
10:20:00.601  [VoiceActivity] Initializing for stream: bc884001-458b-454b-890a-15ea46c82cad with 1 audio tracks
10:20:00.602  [VoiceActivity] Effect triggered: {hasStream: true, streamId: '11f1cb2e-ff24-4f0a-9e82-dab593c0342f', audioTracks: 1, threshold: -40}
10:20:00.602  [VoiceActivity] Initializing for stream: 11f1cb2e-ff24-4f0a-9e82-dab593c0342f with 1 audio tracks
10:20:00.603  [CallModal] Audio loadeddata event for cmeifn5qp002dkunge64m0xss
10:20:00.603  [CallModal] Audio can play for cmeifn5qp002dkunge64m0xss
10:20:00.603  [CallModal] Audio canplay event for cmeifn5qp002dkunge64m0xss
10:20:00.603  [CallModal] Audio is playing for cmeifn5qp002dkunge64m0xss
10:20:00.603  [CallModal] ✅ Audio playing immediately for participant cmeifn5qp002dkunge64m0xss
10:20:00.603  [CallModal] ✅ Audio playing immediately for participant cmeifn5qp002dkunge64m0xss
10:20:00.603  [CallModal] ✅ Audio playing immediately for participant cmeifn5qp002dkunge64m0xss
10:20:00.604  [CallModal] Audio loadeddata event for cmeumah180000kuygq63oa1qx
10:20:00.604  [CallModal] Audio can play for cmeumah180000kuygq63oa1qx
10:20:00.604  [CallModal] Audio canplay event for cmeumah180000kuygq63oa1qx
10:20:00.604  [CallModal] Audio is playing for cmeumah180000kuygq63oa1qx
10:20:00.604  [CallModal] ✅ Audio playing immediately for participant cmeumah180000kuygq63oa1qx
10:20:00.604  [CallModal] ✅ Audio playing immediately for participant cmeumah180000kuygq63oa1qx
10:20:00.604  [CallModal] ✅ Audio playing immediately for participant cmeumah180000kuygq63oa1qx
10:20:00.605  [CallModal] Rendered - voice call opened
10:20:00.605  [CallModal] Rendered - voice call opened
10:20:00.654  [VoiceActivity] Volume analysis: {average: '0.0', volume: '-100.0', threshold: -40, speaking: false, streamActive: true, …}
10:20:00.695  [WebRTC] Post-answer states for cmeumah180000kuygq63oa1qx
10:20:00.696  [WebRTC]   Connection state: failed
10:20:00.696  [WebRTC]   Signaling state: have-local-offer
10:20:00.812  [WebRTC] 🔄 Attempting recovery for failed connection: cmeumah180000kuygq63oa1qx
10:20:00.812  [WebRTC Enhanced] Recovery attempt 2/3 for cmeumah180000kuygq63oa1qx
10:20:00.812  [WebRTC] Creating new offer for reconnection attempt 1
10:20:00.812  [WebRTC] 📞 Creating offer for participant: cmeumah180000kuygq63oa1qx
10:20:00.812  [WebRTC] Creating peer connection for: cmeumah180000kuygq63oa1qx
10:20:00.812  [WebRTC] ⚠️ Peer connection already exists for: cmeumah180000kuygq63oa1qx {connectionState: 'failed', iceConnectionState: 'connected', signalingState: 'have-local-offer'}
10:20:00.812  [WebRTC] ✅ Reusing healthy existing connection for: cmeumah180000kuygq63oa1qx
10:20:00.812  [WebRTC] Local stream verification - tracks: 1
10:20:00.813  [WebRTC] 🔍 Peer connection senders before offer: 2
10:20:00.813  [WebRTC]   Sender 0: {hasTrack: true, trackKind: 'audio', trackEnabled: true, trackReadyState: 'live'}
10:20:00.813  [WebRTC]   Sender 1: {hasTrack: false, trackKind: undefined, trackEnabled: undefined, trackReadyState: undefined}
10:20:00.813  [WebRTC] Creating offer with low-latency options...
10:20:00.820  [WebRTC] 🚀 Optimizing SDP for ultra-low latency...
10:20:00.821  [WebRTC] ✅ SDP optimized for ultra-low latency
10:20:00.822  [WebRTC] Offer created and SDP optimized, analyzing...
10:20:00.822  [WebRTC] 🔍 Offer SDP analysis: {hasAudio: true, hasVideo: true}
10:20:00.822  [WebRTC] Setting local description...
10:20:00.827  [WebRTC] 📡 Sending offer to participant: cmeumah180000kuygq63oa1qx
10:20:00.828  [WebRTC] ✅ Offer successfully sent to: cmeumah180000kuygq63oa1qx
10:20:00.851  [CallModal] Rendered - voice call opened
10:20:00.851  [CallModal] Rendered - voice call opened
10:20:00.853  [VoiceParticipant] Zber Samolde voice activity debug: {participantId: 'cmeumah180000kuygq63oa1qx', hasOriginalStream: true, hasLatestStream: true, streamActive: true, audioTracksCount: 1, …}
10:20:00.853  [VoiceParticipant] Zber Samolde voice activity debug: {participantId: 'cmeumah180000kuygq63oa1qx', hasOriginalStream: true, hasLatestStream: true, streamActive: true, audioTracksCount: 1, …}
10:20:00.853  [VoiceParticipant] Tester2 voice activity debug: {participantId: 'cmeifn5qp002dkunge64m0xss', hasOriginalStream: true, hasLatestStream: true, streamActive: true, audioTracksCount: 1, …}
10:20:00.853  [VoiceParticipant] Tester2 voice activity debug: {participantId: 'cmeifn5qp002dkunge64m0xss', hasOriginalStream: true, hasLatestStream: true, streamActive: true, audioTracksCount: 1, …}
10:20:00.854  [CallModal] 🔊 Setting up audio element for participant cmeifn5qp002dkunge64m0xss
10:20:00.855  [CallModal] Stream details: {id: '11f1cb2e-ff24-4f0a-9e82-dab593c0342f', active: true, audioTracks: Array(1)}
10:20:00.855  [CallModal] Previous audio element for cmeifn5qp002dkunge64m0xss: false
10:20:00.857  [CallModal] Cleared previous srcObject for cmeifn5qp002dkunge64m0xss
10:20:00.859  [CallModal] 🔊 Setting up audio element for participant cmeumah180000kuygq63oa1qx
10:20:00.859  [CallModal] Stream details: {id: 'bc884001-458b-454b-890a-15ea46c82cad', active: true, audioTracks: Array(1)}
10:20:00.860  [CallModal] Previous audio element for cmeumah180000kuygq63oa1qx: false
10:20:00.871  [CallModal] Cleared previous srcObject for cmeumah180000kuygq63oa1qx
10:20:00.897  [VoiceActivity] Effect triggered: {hasStream: true, streamId: 'bc884001-458b-454b-890a-15ea46c82cad', audioTracks: 1, threshold: -40}
10:20:00.899  [VoiceActivity] Initializing for stream: bc884001-458b-454b-890a-15ea46c82cad with 1 audio tracks
10:20:00.900  [VoiceActivity] Effect triggered: {hasStream: true, streamId: '11f1cb2e-ff24-4f0a-9e82-dab593c0342f', audioTracks: 1, threshold: -40}
10:20:00.900  [VoiceActivity] Initializing for stream: 11f1cb2e-ff24-4f0a-9e82-dab593c0342f with 1 audio tracks
10:20:00.901  [VoiceActivity] Effect triggered: {hasStream: true, streamId: 'bc884001-458b-454b-890a-15ea46c82cad', audioTracks: 1, threshold: -40}
10:20:00.901  [VoiceActivity] Initializing for stream: bc884001-458b-454b-890a-15ea46c82cad with 1 audio tracks
10:20:00.902  [VoiceActivity] Effect triggered: {hasStream: true, streamId: '11f1cb2e-ff24-4f0a-9e82-dab593c0342f', audioTracks: 1, threshold: -40}
10:20:00.902  [VoiceActivity] Initializing for stream: 11f1cb2e-ff24-4f0a-9e82-dab593c0342f with 1 audio tracks
10:20:00.904  [CallModal] Audio loadeddata event for cmeifn5qp002dkunge64m0xss
10:20:00.904  [CallModal] Audio can play for cmeifn5qp002dkunge64m0xss
10:20:00.904  [CallModal] Audio canplay event for cmeifn5qp002dkunge64m0xss
10:20:00.904  [CallModal] Audio is playing for cmeifn5qp002dkunge64m0xss
10:20:00.904  [CallModal] ✅ Audio playing immediately for participant cmeifn5qp002dkunge64m0xss
10:20:00.904  [CallModal] ✅ Audio playing immediately for participant cmeifn5qp002dkunge64m0xss
10:20:00.904  [CallModal] ✅ Audio playing immediately for participant cmeifn5qp002dkunge64m0xss
10:20:00.904  [CallModal] Audio loadeddata event for cmeumah180000kuygq63oa1qx
10:20:00.905  [CallModal] Audio can play for cmeumah180000kuygq63oa1qx
10:20:00.905  [CallModal] Audio canplay event for cmeumah180000kuygq63oa1qx
10:20:00.905  [CallModal] Audio is playing for cmeumah180000kuygq63oa1qx
10:20:00.905  [CallModal] ✅ Audio playing immediately for participant cmeumah180000kuygq63oa1qx
10:20:00.905  [CallModal] ✅ Audio playing immediately for participant cmeumah180000kuygq63oa1qx
10:20:00.905  [CallModal] ✅ Audio playing immediately for participant cmeumah180000kuygq63oa1qx
10:20:00.905  [CallModal] Rendered - voice call opened
10:20:00.906  [CallModal] Rendered - voice call opened
10:20:00.946  [CallModal] Rendered - voice call opened
10:20:00.946  [CallModal] Rendered - voice call opened
10:20:00.947  [VoiceParticipant] Zber Samolde voice activity debug: {participantId: 'cmeumah180000kuygq63oa1qx', hasOriginalStream: true, hasLatestStream: true, streamActive: true, audioTracksCount: 1, …}
10:20:00.947  [VoiceParticipant] Zber Samolde voice activity debug: {participantId: 'cmeumah180000kuygq63oa1qx', hasOriginalStream: true, hasLatestStream: true, streamActive: true, audioTracksCount: 1, …}
10:20:00.948  [VoiceParticipant] Tester2 voice activity debug: {participantId: 'cmeifn5qp002dkunge64m0xss', hasOriginalStream: true, hasLatestStream: true, streamActive: true, audioTracksCount: 1, …}
10:20:00.948  [VoiceParticipant] Tester2 voice activity debug: {participantId: 'cmeifn5qp002dkunge64m0xss', hasOriginalStream: true, hasLatestStream: true, streamActive: true, audioTracksCount: 1, …}
10:20:00.950  [CallModal] 🔊 Setting up audio element for participant cmeifn5qp002dkunge64m0xss
10:20:00.951  [CallModal] Stream details: {id: '11f1cb2e-ff24-4f0a-9e82-dab593c0342f', active: true, audioTracks: Array(1)}
10:20:00.952  [CallModal] Previous audio element for cmeifn5qp002dkunge64m0xss: false
10:20:00.954  [CallModal] Cleared previous srcObject for cmeifn5qp002dkunge64m0xss
10:20:00.955  [CallModal] 🔊 Setting up audio element for participant cmeumah180000kuygq63oa1qx
10:20:00.955  [CallModal] Stream details: {id: 'bc884001-458b-454b-890a-15ea46c82cad', active: true, audioTracks: Array(1)}
10:20:00.956  [CallModal] Previous audio element for cmeumah180000kuygq63oa1qx: false
10:20:00.959  [CallModal] Cleared previous srcObject for cmeumah180000kuygq63oa1qx
10:20:01.037  [VoiceActivity] Effect triggered: {hasStream: true, streamId: 'bc884001-458b-454b-890a-15ea46c82cad', audioTracks: 1, threshold: -40}
10:20:01.037  [VoiceActivity] Initializing for stream: bc884001-458b-454b-890a-15ea46c82cad with 1 audio tracks
10:20:01.038  [VoiceActivity] Effect triggered: {hasStream: true, streamId: '11f1cb2e-ff24-4f0a-9e82-dab593c0342f', audioTracks: 1, threshold: -40}
10:20:01.039  [VoiceActivity] Initializing for stream: 11f1cb2e-ff24-4f0a-9e82-dab593c0342f with 1 audio tracks
10:20:01.040  [VoiceActivity] Effect triggered: {hasStream: true, streamId: 'bc884001-458b-454b-890a-15ea46c82cad', audioTracks: 1, threshold: -40}
10:20:01.040  [VoiceActivity] Initializing for stream: bc884001-458b-454b-890a-15ea46c82cad with 1 audio tracks
10:20:01.041  [VoiceActivity] Effect triggered: {hasStream: true, streamId: '11f1cb2e-ff24-4f0a-9e82-dab593c0342f', audioTracks: 1, threshold: -40}
10:20:01.041  [VoiceActivity] Initializing for stream: 11f1cb2e-ff24-4f0a-9e82-dab593c0342f with 1 audio tracks
10:20:01.045  [WebRTC] Received answer: {callId: 'call-1757384369155-78u7pu5k6', fromUserId: 'cmeumah180000kuygq63oa1qx', ourCallId: 'call-1757384369155-78u7pu5k6'}
10:20:01.046  [WebRTC] Processing answer from: cmeumah180000kuygq63oa1qx
10:20:01.046  [WebRTC] Current signaling state: have-local-offer
10:20:01.046  [WebRTC] Setting remote description from answer
10:20:01.048  [CallModal] Audio loadeddata event for cmeifn5qp002dkunge64m0xss
10:20:01.049  [CallModal] Audio can play for cmeifn5qp002dkunge64m0xss
10:20:01.049  [CallModal] Audio canplay event for cmeifn5qp002dkunge64m0xss
10:20:01.049  [CallModal] Audio is playing for cmeifn5qp002dkunge64m0xss
10:20:01.050  [CallModal] ✅ Audio playing immediately for participant cmeifn5qp002dkunge64m0xss
10:20:01.050  [CallModal] ✅ Audio playing immediately for participant cmeifn5qp002dkunge64m0xss
10:20:01.050  [CallModal] ✅ Audio playing immediately for participant cmeifn5qp002dkunge64m0xss
10:20:01.050  [CallModal] Audio loadeddata event for cmeumah180000kuygq63oa1qx
10:20:01.050  [CallModal] Audio can play for cmeumah180000kuygq63oa1qx
10:20:01.050  [CallModal] Audio canplay event for cmeumah180000kuygq63oa1qx
10:20:01.050  [CallModal] Audio is playing for cmeumah180000kuygq63oa1qx
10:20:01.050  [CallModal] ✅ Audio playing immediately for participant cmeumah180000kuygq63oa1qx
10:20:01.051  [CallModal] ✅ Audio playing immediately for participant cmeumah180000kuygq63oa1qx
10:20:01.051  [CallModal] ✅ Audio playing immediately for participant cmeumah180000kuygq63oa1qx
10:20:01.051  [CallModal] Rendered - voice call opened
10:20:01.052  [CallModal] Rendered - voice call opened
10:20:01.053  [WebRTC] Remote description set, applying any buffered ICE candidates
10:20:01.053  [WebRTC] Remote description set successfully for: cmeumah180000kuygq63oa1qx
10:20:01.053  [WebRTC] Connection state: failed
10:20:01.058  [WebRTC] Received answer: {callId: 'call-1757384369155-78u7pu5k6', fromUserId: 'cmeumah180000kuygq63oa1qx', ourCallId: 'call-1757384369155-78u7pu5k6'}
10:20:01.059  [WebRTC] Processing answer from: cmeumah180000kuygq63oa1qx
10:20:01.059  [WebRTC] Current signaling state: stable
10:20:01.059  [WebRTC] Invalid signaling state for answer: stable Expected: have-local-offer
handleRemoteAnswer @ webpack-internal:///…/lib/webrtc.ts:1071
Emitter.emit @ webpack-internal:///…ib/esm/index.js:140
emitEvent @ webpack-internal:///…d/esm/socket.js:545
onevent @ webpack-internal:///…d/esm/socket.js:532
onpacket @ webpack-internal:///…d/esm/socket.js:502
Emitter.emit @ webpack-internal:///…ib/esm/index.js:140
eval @ webpack-internal:///…/esm/manager.js:219
Promise.then
eval @ webpack-internal:///…d/esm/globals.js:11
ondecoded @ webpack-internal:///…/esm/manager.js:218
Emitter.emit @ webpack-internal:///…ib/esm/index.js:140
add @ webpack-internal:///…ld/esm/index.js:156
ondata @ webpack-internal:///…/esm/manager.js:205
Emitter.emit @ webpack-internal:///…ib/esm/index.js:140
_onPacket @ webpack-internal:///…d/esm/socket.js:272
Emitter.emit @ webpack-internal:///…ib/esm/index.js:140
onPacket @ webpack-internal:///…sm/transport.js:108
callback @ webpack-internal:///…ports/polling.js:86
onData @ webpack-internal:///…ports/polling.js:89
Emitter.emit @ webpack-internal:///…ib/esm/index.js:140
_onLoad @ webpack-internal:///…/polling-xhr.js:204
xhr.onreadystatechange @ webpack-internal:///…/polling-xhr.js:140
XMLHttpRequest.send
_create @ webpack-internal:///…/polling-xhr.js:150
Request @ webpack-internal:///…s/polling-xhr.js:86
request @ webpack-internal:///…/polling-xhr.js:264
doPoll @ webpack-internal:///…s/polling-xhr.js:63
_poll @ webpack-internal:///…ports/polling.js:66
onData @ webpack-internal:///…ports/polling.js:96
Emitter.emit @ webpack-internal:///…ib/esm/index.js:140
_onLoad @ webpack-internal:///…/polling-xhr.js:204
xhr.onreadystatechange @ webpack-internal:///…/polling-xhr.js:140
XMLHttpRequest.send
_create @ webpack-internal:///…/polling-xhr.js:150
Request @ webpack-internal:///…s/polling-xhr.js:86
request @ webpack-internal:///…/polling-xhr.js:264
doPoll @ webpack-internal:///…s/polling-xhr.js:63
_poll @ webpack-internal:///…ports/polling.js:66
onData @ webpack-internal:///…ports/polling.js:96
Emitter.emit @ webpack-internal:///…ib/esm/index.js:140
_onLoad @ webpack-internal:///…/polling-xhr.js:204
xhr.onreadystatechange @ webpack-internal:///…/polling-xhr.js:140
XMLHttpRequest.send
_create @ webpack-internal:///…/polling-xhr.js:150
Request @ webpack-internal:///…s/polling-xhr.js:86
request @ webpack-internal:///…/polling-xhr.js:264
doPoll @ webpack-internal:///…s/polling-xhr.js:63
_poll @ webpack-internal:///…ports/polling.js:66
onData @ webpack-internal:///…ports/polling.js:96
Emitter.emit @ webpack-internal:///…ib/esm/index.js:140
_onLoad @ webpack-internal:///…/polling-xhr.js:204
xhr.onreadystatechange @ webpack-internal:///…/polling-xhr.js:140
XMLHttpRequest.send
_create @ webpack-internal:///…/polling-xhr.js:150
Request @ webpack-internal:///…s/polling-xhr.js:86
request @ webpack-internal:///…/polling-xhr.js:264
doPoll @ webpack-internal:///…s/polling-xhr.js:63
_poll @ webpack-internal:///…ports/polling.js:66
onData @ webpack-internal:///…ports/polling.js:96
Emitter.emit @ webpack-internal:///…ib/esm/index.js:140
_onLoad @ webpack-internal:///…/polling-xhr.js:204
xhr.onreadystatechange @ webpack-internal:///…/polling-xhr.js:140
XMLHttpRequest.send
_create @ webpack-internal:///…/polling-xhr.js:150
Request @ webpack-internal:///…s/polling-xhr.js:86
request @ webpack-internal:///…/polling-xhr.js:264
doPoll @ webpack-internal:///…s/polling-xhr.js:63
_poll @ webpack-internal:///…ports/polling.js:66
onData @ webpack-internal:///…ports/polling.js:96
Emitter.emit @ webpack-internal:///…ib/esm/index.js:140
_onLoad @ webpack-internal:///…/polling-xhr.js:204
xhr.onreadystatechange @ webpack-internal:///…/polling-xhr.js:140
XMLHttpRequest.send
_create @ webpack-internal:///…/polling-xhr.js:150
Request @ webpack-internal:///…s/polling-xhr.js:86
request @ webpack-internal:///…/polling-xhr.js:264
doPoll @ webpack-internal:///…s/polling-xhr.js:63
_poll @ webpack-internal:///…ports/polling.js:66
onData @ webpack-internal:///…ports/polling.js:96
Emitter.emit @ webpack-internal:///…ib/esm/index.js:140
_onLoad @ webpack-internal:///…/polling-xhr.js:204
xhr.onreadystatechange @ webpack-internal:///…/polling-xhr.js:140
XMLHttpRequest.send
_create @ webpack-internal:///…/polling-xhr.js:150
Request @ webpack-internal:///…s/polling-xhr.js:86
request @ webpack-internal:///…/polling-xhr.js:264
doPoll @ webpack-internal:///…s/polling-xhr.js:63
_poll @ webpack-internal:///…ports/polling.js:66
onData @ webpack-internal:///…ports/polling.js:96
Emitter.emit @ webpack-internal:///…ib/esm/index.js:140
_onLoad @ webpack-internal:///…/polling-xhr.js:204
xhr.onreadystatechange @ webpack-internal:///…/polling-xhr.js:140
XMLHttpRequest.send
_create @ webpack-internal:///…/polling-xhr.js:150
Request @ webpack-internal:///…s/polling-xhr.js:86
request @ webpack-internal:///…/polling-xhr.js:264
doPoll @ webpack-internal:///…s/polling-xhr.js:63
_poll @ webpack-internal:///…ports/polling.js:66
onData @ webpack-internal:///…ports/polling.js:96
Emitter.emit @ webpack-internal:///…ib/esm/index.js:140
_onLoad @ webpack-internal:///…/polling-xhr.js:204
xhr.onreadystatechange @ webpack-internal:///…/polling-xhr.js:140
XMLHttpRequest.send
_create @ webpack-internal:///…/polling-xhr.js:150
Request @ webpack-internal:///…s/polling-xhr.js:86
request @ webpack-internal:///…/polling-xhr.js:264
doPoll @ webpack-internal:///…s/polling-xhr.js:63
_poll @ webpack-internal:///…ports/polling.js:66
onData @ webpack-internal:///…ports/polling.js:96
Emitter.emit @ webpack-internal:///…ib/esm/index.js:140
_onLoad @ webpack-internal:///…/polling-xhr.js:204
xhr.onreadystatechange @ webpack-internal:///…/polling-xhr.js:140
10:20:01.059  [WebRTC] Attempting to recover by recreating peer connection
10:20:01.059  [WebRTC] 🔍 Connection closure requested for: cmeumah180000kuygq63oa1qx {connectionState: 'failed', iceConnectionState: 'connected', signalingState: 'stable', localDescription: true, remoteDescription: true, …}
10:20:01.059  [WebRTC] ⚠️ PREVENTING closure of healthy connection for: cmeumah180000kuygq63oa1qx State: failed ICE: connected
closePeerConnection @ webpack-internal:///…/lib/webrtc.ts:1138
handleRemoteAnswer @ webpack-internal:///…/lib/webrtc.ts:1074
Emitter.emit @ webpack-internal:///…ib/esm/index.js:140
emitEvent @ webpack-internal:///…d/esm/socket.js:545
onevent @ webpack-internal:///…d/esm/socket.js:532
onpacket @ webpack-internal:///…d/esm/socket.js:502
Emitter.emit @ webpack-internal:///…ib/esm/index.js:140
eval @ webpack-internal:///…/esm/manager.js:219
Promise.then
eval @ webpack-internal:///…d/esm/globals.js:11
ondecoded @ webpack-internal:///…/esm/manager.js:218
Emitter.emit @ webpack-internal:///…ib/esm/index.js:140
add @ webpack-internal:///…ld/esm/index.js:156
ondata @ webpack-internal:///…/esm/manager.js:205
Emitter.emit @ webpack-internal:///…ib/esm/index.js:140
_onPacket @ webpack-internal:///…d/esm/socket.js:272
Emitter.emit @ webpack-internal:///…ib/esm/index.js:140
onPacket @ webpack-internal:///…sm/transport.js:108
callback @ webpack-internal:///…ports/polling.js:86
onData @ webpack-internal:///…ports/polling.js:89
Emitter.emit @ webpack-internal:///…ib/esm/index.js:140
_onLoad @ webpack-internal:///…/polling-xhr.js:204
xhr.onreadystatechange @ webpack-internal:///…/polling-xhr.js:140
XMLHttpRequest.send
_create @ webpack-internal:///…/polling-xhr.js:150
Request @ webpack-internal:///…s/polling-xhr.js:86
request @ webpack-internal:///…/polling-xhr.js:264
doPoll @ webpack-internal:///…s/polling-xhr.js:63
_poll @ webpack-internal:///…ports/polling.js:66
onData @ webpack-internal:///…ports/polling.js:96
Emitter.emit @ webpack-internal:///…ib/esm/index.js:140
_onLoad @ webpack-internal:///…/polling-xhr.js:204
xhr.onreadystatechange @ webpack-internal:///…/polling-xhr.js:140
XMLHttpRequest.send
_create @ webpack-internal:///…/polling-xhr.js:150
Request @ webpack-internal:///…s/polling-xhr.js:86
request @ webpack-internal:///…/polling-xhr.js:264
doPoll @ webpack-internal:///…s/polling-xhr.js:63
_poll @ webpack-internal:///…ports/polling.js:66
onData @ webpack-internal:///…ports/polling.js:96
Emitter.emit @ webpack-internal:///…ib/esm/index.js:140
_onLoad @ webpack-internal:///…/polling-xhr.js:204
xhr.onreadystatechange @ webpack-internal:///…/polling-xhr.js:140
XMLHttpRequest.send
_create @ webpack-internal:///…/polling-xhr.js:150
Request @ webpack-internal:///…s/polling-xhr.js:86
request @ webpack-internal:///…/polling-xhr.js:264
doPoll @ webpack-internal:///…s/polling-xhr.js:63
_poll @ webpack-internal:///…ports/polling.js:66
onData @ webpack-internal:///…ports/polling.js:96
Emitter.emit @ webpack-internal:///…ib/esm/index.js:140
_onLoad @ webpack-internal:///…/polling-xhr.js:204
xhr.onreadystatechange @ webpack-internal:///…/polling-xhr.js:140
XMLHttpRequest.send
_create @ webpack-internal:///…/polling-xhr.js:150
Request @ webpack-internal:///…s/polling-xhr.js:86
request @ webpack-internal:///…/polling-xhr.js:264
doPoll @ webpack-internal:///…s/polling-xhr.js:63
_poll @ webpack-internal:///…ports/polling.js:66
onData @ webpack-internal:///…ports/polling.js:96
Emitter.emit @ webpack-internal:///…ib/esm/index.js:140
_onLoad @ webpack-internal:///…/polling-xhr.js:204
xhr.onreadystatechange @ webpack-internal:///…/polling-xhr.js:140
XMLHttpRequest.send
_create @ webpack-internal:///…/polling-xhr.js:150
Request @ webpack-internal:///…s/polling-xhr.js:86
request @ webpack-internal:///…/polling-xhr.js:264
doPoll @ webpack-internal:///…s/polling-xhr.js:63
_poll @ webpack-internal:///…ports/polling.js:66
onData @ webpack-internal:///…ports/polling.js:96
Emitter.emit @ webpack-internal:///…ib/esm/index.js:140
_onLoad @ webpack-internal:///…/polling-xhr.js:204
xhr.onreadystatechange @ webpack-internal:///…/polling-xhr.js:140
XMLHttpRequest.send
_create @ webpack-internal:///…/polling-xhr.js:150
Request @ webpack-internal:///…s/polling-xhr.js:86
request @ webpack-internal:///…/polling-xhr.js:264
doPoll @ webpack-internal:///…s/polling-xhr.js:63
_poll @ webpack-internal:///…ports/polling.js:66
onData @ webpack-internal:///…ports/polling.js:96
Emitter.emit @ webpack-internal:///…ib/esm/index.js:140
_onLoad @ webpack-internal:///…/polling-xhr.js:204
xhr.onreadystatechange @ webpack-internal:///…/polling-xhr.js:140
XMLHttpRequest.send
_create @ webpack-internal:///…/polling-xhr.js:150
Request @ webpack-internal:///…s/polling-xhr.js:86
request @ webpack-internal:///…/polling-xhr.js:264
doPoll @ webpack-internal:///…s/polling-xhr.js:63
_poll @ webpack-internal:///…ports/polling.js:66
onData @ webpack-internal:///…ports/polling.js:96
Emitter.emit @ webpack-internal:///…ib/esm/index.js:140
_onLoad @ webpack-internal:///…/polling-xhr.js:204
xhr.onreadystatechange @ webpack-internal:///…/polling-xhr.js:140
XMLHttpRequest.send
_create @ webpack-internal:///…/polling-xhr.js:150
Request @ webpack-internal:///…s/polling-xhr.js:86
request @ webpack-internal:///…/polling-xhr.js:264
doPoll @ webpack-internal:///…s/polling-xhr.js:63
_poll @ webpack-internal:///…ports/polling.js:66
onData @ webpack-internal:///…ports/polling.js:96
Emitter.emit @ webpack-internal:///…ib/esm/index.js:140
_onLoad @ webpack-internal:///…/polling-xhr.js:204
xhr.onreadystatechange @ webpack-internal:///…/polling-xhr.js:140
XMLHttpRequest.send
_create @ webpack-internal:///…/polling-xhr.js:150
Request @ webpack-internal:///…s/polling-xhr.js:86
request @ webpack-internal:///…/polling-xhr.js:264
doPoll @ webpack-internal:///…s/polling-xhr.js:63
_poll @ webpack-internal:///…ports/polling.js:66
onData @ webpack-internal:///…ports/polling.js:96
Emitter.emit @ webpack-internal:///…ib/esm/index.js:140
_onLoad @ webpack-internal:///…/polling-xhr.js:204
xhr.onreadystatechange @ webpack-internal:///…/polling-xhr.js:140
10:20:01.059  [WebRTC] ✅ Preserving healthy connection for: cmeumah180000kuygq63oa1qx
10:20:01.063  [CallModal] 🔍 Connection verification:
10:20:01.064  [CallModal] - Expected participants: (2) ['cmeumah180000kuygq63oa1qx', 'cmeifn5qp002dkunge64m0xss']
10:20:01.064  [CallModal] - Active connections: (2) ['cmeifn5qp002dkunge64m0xss', 'cmeumah180000kuygq63oa1qx']
10:20:01.064  [CallModal] ✅ All expected WebRTC connections are active
10:20:01.066  [WebRTC] Received answer: {callId: 'call-1757384369155-78u7pu5k6', fromUserId: 'cmeumah180000kuygq63oa1qx', ourCallId: 'call-1757384369155-78u7pu5k6'}
10:20:01.066  [WebRTC] Processing answer from: cmeumah180000kuygq63oa1qx
10:20:01.066  [WebRTC] Current signaling state: stable
10:20:01.066  [WebRTC] Invalid signaling state for answer: stable Expected: have-local-offer
handleRemoteAnswer @ webpack-internal:///…/lib/webrtc.ts:1071
Emitter.emit @ webpack-internal:///…ib/esm/index.js:140
emitEvent @ webpack-internal:///…d/esm/socket.js:545
onevent @ webpack-internal:///…d/esm/socket.js:532
onpacket @ webpack-internal:///…d/esm/socket.js:502
Emitter.emit @ webpack-internal:///…ib/esm/index.js:140
eval @ webpack-internal:///…/esm/manager.js:219
Promise.then
eval @ webpack-internal:///…d/esm/globals.js:11
ondecoded @ webpack-internal:///…/esm/manager.js:218
Emitter.emit @ webpack-internal:///…ib/esm/index.js:140
add @ webpack-internal:///…ld/esm/index.js:156
ondata @ webpack-internal:///…/esm/manager.js:205
Emitter.emit @ webpack-internal:///…ib/esm/index.js:140
_onPacket @ webpack-internal:///…d/esm/socket.js:272
Emitter.emit @ webpack-internal:///…ib/esm/index.js:140
onPacket @ webpack-internal:///…sm/transport.js:108
callback @ webpack-internal:///…ports/polling.js:86
onData @ webpack-internal:///…ports/polling.js:89
Emitter.emit @ webpack-internal:///…ib/esm/index.js:140
_onLoad @ webpack-internal:///…/polling-xhr.js:204
xhr.onreadystatechange @ webpack-internal:///…/polling-xhr.js:140
XMLHttpRequest.send
_create @ webpack-internal:///…/polling-xhr.js:150
Request @ webpack-internal:///…s/polling-xhr.js:86
request @ webpack-internal:///…/polling-xhr.js:264
doPoll @ webpack-internal:///…s/polling-xhr.js:63
_poll @ webpack-internal:///…ports/polling.js:66
onData @ webpack-internal:///…ports/polling.js:96
Emitter.emit @ webpack-internal:///…ib/esm/index.js:140
_onLoad @ webpack-internal:///…/polling-xhr.js:204
xhr.onreadystatechange @ webpack-internal:///…/polling-xhr.js:140
XMLHttpRequest.send
_create @ webpack-internal:///…/polling-xhr.js:150
Request @ webpack-internal:///…s/polling-xhr.js:86
request @ webpack-internal:///…/polling-xhr.js:264
doPoll @ webpack-internal:///…s/polling-xhr.js:63
_poll @ webpack-internal:///…ports/polling.js:66
onData @ webpack-internal:///…ports/polling.js:96
Emitter.emit @ webpack-internal:///…ib/esm/index.js:140
_onLoad @ webpack-internal:///…/polling-xhr.js:204
xhr.onreadystatechange @ webpack-internal:///…/polling-xhr.js:140
XMLHttpRequest.send
_create @ webpack-internal:///…/polling-xhr.js:150
Request @ webpack-internal:///…s/polling-xhr.js:86
request @ webpack-internal:///…/polling-xhr.js:264
doPoll @ webpack-internal:///…s/polling-xhr.js:63
_poll @ webpack-internal:///…ports/polling.js:66
onData @ webpack-internal:///…ports/polling.js:96
Emitter.emit @ webpack-internal:///…ib/esm/index.js:140
_onLoad @ webpack-internal:///…/polling-xhr.js:204
xhr.onreadystatechange @ webpack-internal:///…/polling-xhr.js:140
XMLHttpRequest.send
_create @ webpack-internal:///…/polling-xhr.js:150
Request @ webpack-internal:///…s/polling-xhr.js:86
request @ webpack-internal:///…/polling-xhr.js:264
doPoll @ webpack-internal:///…s/polling-xhr.js:63
_poll @ webpack-internal:///…ports/polling.js:66
onData @ webpack-internal:///…ports/polling.js:96
Emitter.emit @ webpack-internal:///…ib/esm/index.js:140
_onLoad @ webpack-internal:///…/polling-xhr.js:204
xhr.onreadystatechange @ webpack-internal:///…/polling-xhr.js:140
XMLHttpRequest.send
_create @ webpack-internal:///…/polling-xhr.js:150
Request @ webpack-internal:///…s/polling-xhr.js:86
request @ webpack-internal:///…/polling-xhr.js:264
doPoll @ webpack-internal:///…s/polling-xhr.js:63
_poll @ webpack-internal:///…ports/polling.js:66
onData @ webpack-internal:///…ports/polling.js:96
Emitter.emit @ webpack-internal:///…ib/esm/index.js:140
_onLoad @ webpack-internal:///…/polling-xhr.js:204
xhr.onreadystatechange @ webpack-internal:///…/polling-xhr.js:140
XMLHttpRequest.send
_create @ webpack-internal:///…/polling-xhr.js:150
Request @ webpack-internal:///…s/polling-xhr.js:86
request @ webpack-internal:///…/polling-xhr.js:264
doPoll @ webpack-internal:///…s/polling-xhr.js:63
_poll @ webpack-internal:///…ports/polling.js:66
onData @ webpack-internal:///…ports/polling.js:96
Emitter.emit @ webpack-internal:///…ib/esm/index.js:140
_onLoad @ webpack-internal:///…/polling-xhr.js:204
xhr.onreadystatechange @ webpack-internal:///…/polling-xhr.js:140
XMLHttpRequest.send
_create @ webpack-internal:///…/polling-xhr.js:150
Request @ webpack-internal:///…s/polling-xhr.js:86
request @ webpack-internal:///…/polling-xhr.js:264
doPoll @ webpack-internal:///…s/polling-xhr.js:63
_poll @ webpack-internal:///…ports/polling.js:66
onData @ webpack-internal:///…ports/polling.js:96
Emitter.emit @ webpack-internal:///…ib/esm/index.js:140
_onLoad @ webpack-internal:///…/polling-xhr.js:204
xhr.onreadystatechange @ webpack-internal:///…/polling-xhr.js:140
XMLHttpRequest.send
_create @ webpack-internal:///…/polling-xhr.js:150
Request @ webpack-internal:///…s/polling-xhr.js:86
request @ webpack-internal:///…/polling-xhr.js:264
doPoll @ webpack-internal:///…s/polling-xhr.js:63
_poll @ webpack-internal:///…ports/polling.js:66
onData @ webpack-internal:///…ports/polling.js:96
Emitter.emit @ webpack-internal:///…ib/esm/index.js:140
_onLoad @ webpack-internal:///…/polling-xhr.js:204
xhr.onreadystatechange @ webpack-internal:///…/polling-xhr.js:140
XMLHttpRequest.send
_create @ webpack-internal:///…/polling-xhr.js:150
Request @ webpack-internal:///…s/polling-xhr.js:86
request @ webpack-internal:///…/polling-xhr.js:264
doPoll @ webpack-internal:///…s/polling-xhr.js:63
_poll @ webpack-internal:///…ports/polling.js:66
onData @ webpack-internal:///…ports/polling.js:96
Emitter.emit @ webpack-internal:///…ib/esm/index.js:140
_onLoad @ webpack-internal:///…/polling-xhr.js:204
xhr.onreadystatechange @ webpack-internal:///…/polling-xhr.js:140
XMLHttpRequest.send
_create @ webpack-internal:///…/polling-xhr.js:150
Request @ webpack-internal:///…s/polling-xhr.js:86
request @ webpack-internal:///…/polling-xhr.js:264
doPoll @ webpack-internal:///…s/polling-xhr.js:63
_poll @ webpack-internal:///…ports/polling.js:66
onData @ webpack-internal:///…ports/polling.js:96
Emitter.emit @ webpack-internal:///…ib/esm/index.js:140
_onLoad @ webpack-internal:///…/polling-xhr.js:204
xhr.onreadystatechange @ webpack-internal:///…/polling-xhr.js:140
10:20:01.067  [WebRTC] Attempting to recover by recreating peer connection
10:20:01.067  [WebRTC] 🔍 Connection closure requested for: cmeumah180000kuygq63oa1qx {connectionState: 'failed', iceConnectionState: 'connected', signalingState: 'stable', localDescription: true, remoteDescription: true, …}
10:20:01.067  [WebRTC] ⚠️ PREVENTING closure of healthy connection for: cmeumah180000kuygq63oa1qx State: failed ICE: connected
closePeerConnection @ webpack-internal:///…/lib/webrtc.ts:1138
handleRemoteAnswer @ webpack-internal:///…/lib/webrtc.ts:1074
Emitter.emit @ webpack-internal:///…ib/esm/index.js:140
emitEvent @ webpack-internal:///…d/esm/socket.js:545
onevent @ webpack-internal:///…d/esm/socket.js:532
onpacket @ webpack-internal:///…d/esm/socket.js:502
Emitter.emit @ webpack-internal:///…ib/esm/index.js:140
eval @ webpack-internal:///…/esm/manager.js:219
Promise.then
eval @ webpack-internal:///…d/esm/globals.js:11
ondecoded @ webpack-internal:///…/esm/manager.js:218
Emitter.emit @ webpack-internal:///…ib/esm/index.js:140
add @ webpack-internal:///…ld/esm/index.js:156
ondata @ webpack-internal:///…/esm/manager.js:205
Emitter.emit @ webpack-internal:///…ib/esm/index.js:140
_onPacket @ webpack-internal:///…d/esm/socket.js:272
Emitter.emit @ webpack-internal:///…ib/esm/index.js:140
onPacket @ webpack-internal:///…sm/transport.js:108
callback @ webpack-internal:///…ports/polling.js:86
onData @ webpack-internal:///…ports/polling.js:89
Emitter.emit @ webpack-internal:///…ib/esm/index.js:140
_onLoad @ webpack-internal:///…/polling-xhr.js:204
xhr.onreadystatechange @ webpack-internal:///…/polling-xhr.js:140
XMLHttpRequest.send
_create @ webpack-internal:///…/polling-xhr.js:150
Request @ webpack-internal:///…s/polling-xhr.js:86
request @ webpack-internal:///…/polling-xhr.js:264
doPoll @ webpack-internal:///…s/polling-xhr.js:63
_poll @ webpack-internal:///…ports/polling.js:66
onData @ webpack-internal:///…ports/polling.js:96
Emitter.emit @ webpack-internal:///…ib/esm/index.js:140
_onLoad @ webpack-internal:///…/polling-xhr.js:204
xhr.onreadystatechange @ webpack-internal:///…/polling-xhr.js:140
XMLHttpRequest.send
_create @ webpack-internal:///…/polling-xhr.js:150
Request @ webpack-internal:///…s/polling-xhr.js:86
request @ webpack-internal:///…/polling-xhr.js:264
doPoll @ webpack-internal:///…s/polling-xhr.js:63
_poll @ webpack-internal:///…ports/polling.js:66
onData @ webpack-internal:///…ports/polling.js:96
Emitter.emit @ webpack-internal:///…ib/esm/index.js:140
_onLoad @ webpack-internal:///…/polling-xhr.js:204
xhr.onreadystatechange @ webpack-internal:///…/polling-xhr.js:140
XMLHttpRequest.send
_create @ webpack-internal:///…/polling-xhr.js:150
Request @ webpack-internal:///…s/polling-xhr.js:86
request @ webpack-internal:///…/polling-xhr.js:264
doPoll @ webpack-internal:///…s/polling-xhr.js:63
_poll @ webpack-internal:///…ports/polling.js:66
onData @ webpack-internal:///…ports/polling.js:96
Emitter.emit @ webpack-internal:///…ib/esm/index.js:140
_onLoad @ webpack-internal:///…/polling-xhr.js:204
xhr.onreadystatechange @ webpack-internal:///…/polling-xhr.js:140
XMLHttpRequest.send
_create @ webpack-internal:///…/polling-xhr.js:150
Request @ webpack-internal:///…s/polling-xhr.js:86
request @ webpack-internal:///…/polling-xhr.js:264
doPoll @ webpack-internal:///…s/polling-xhr.js:63
_poll @ webpack-internal:///…ports/polling.js:66
onData @ webpack-internal:///…ports/polling.js:96
Emitter.emit @ webpack-internal:///…ib/esm/index.js:140
_onLoad @ webpack-internal:///…/polling-xhr.js:204
xhr.onreadystatechange @ webpack-internal:///…/polling-xhr.js:140
XMLHttpRequest.send
_create @ webpack-internal:///…/polling-xhr.js:150
Request @ webpack-internal:///…s/polling-xhr.js:86
request @ webpack-internal:///…/polling-xhr.js:264
doPoll @ webpack-internal:///…s/polling-xhr.js:63
_poll @ webpack-internal:///…ports/polling.js:66
onData @ webpack-internal:///…ports/polling.js:96
Emitter.emit @ webpack-internal:///…ib/esm/index.js:140
_onLoad @ webpack-internal:///…/polling-xhr.js:204
xhr.onreadystatechange @ webpack-internal:///…/polling-xhr.js:140
XMLHttpRequest.send
_create @ webpack-internal:///…/polling-xhr.js:150
Request @ webpack-internal:///…s/polling-xhr.js:86
request @ webpack-internal:///…/polling-xhr.js:264
doPoll @ webpack-internal:///…s/polling-xhr.js:63
_poll @ webpack-internal:///…ports/polling.js:66
onData @ webpack-internal:///…ports/polling.js:96
Emitter.emit @ webpack-internal:///…ib/esm/index.js:140
_onLoad @ webpack-internal:///…/polling-xhr.js:204
xhr.onreadystatechange @ webpack-internal:///…/polling-xhr.js:140
XMLHttpRequest.send
_create @ webpack-internal:///…/polling-xhr.js:150
Request @ webpack-internal:///…s/polling-xhr.js:86
request @ webpack-internal:///…/polling-xhr.js:264
doPoll @ webpack-internal:///…s/polling-xhr.js:63
_poll @ webpack-internal:///…ports/polling.js:66
onData @ webpack-internal:///…ports/polling.js:96
Emitter.emit @ webpack-internal:///…ib/esm/index.js:140
_onLoad @ webpack-internal:///…/polling-xhr.js:204
xhr.onreadystatechange @ webpack-internal:///…/polling-xhr.js:140
XMLHttpRequest.send
_create @ webpack-internal:///…/polling-xhr.js:150
Request @ webpack-internal:///…s/polling-xhr.js:86
request @ webpack-internal:///…/polling-xhr.js:264
doPoll @ webpack-internal:///…s/polling-xhr.js:63
_poll @ webpack-internal:///…ports/polling.js:66
onData @ webpack-internal:///…ports/polling.js:96
Emitter.emit @ webpack-internal:///…ib/esm/index.js:140
_onLoad @ webpack-internal:///…/polling-xhr.js:204
xhr.onreadystatechange @ webpack-internal:///…/polling-xhr.js:140
XMLHttpRequest.send
_create @ webpack-internal:///…/polling-xhr.js:150
Request @ webpack-internal:///…s/polling-xhr.js:86
request @ webpack-internal:///…/polling-xhr.js:264
doPoll @ webpack-internal:///…s/polling-xhr.js:63
_poll @ webpack-internal:///…ports/polling.js:66
onData @ webpack-internal:///…ports/polling.js:96
Emitter.emit @ webpack-internal:///…ib/esm/index.js:140
_onLoad @ webpack-internal:///…/polling-xhr.js:204
xhr.onreadystatechange @ webpack-internal:///…/polling-xhr.js:140
XMLHttpRequest.send
_create @ webpack-internal:///…/polling-xhr.js:150
Request @ webpack-internal:///…s/polling-xhr.js:86
request @ webpack-internal:///…/polling-xhr.js:264
doPoll @ webpack-internal:///…s/polling-xhr.js:63
_poll @ webpack-internal:///…ports/polling.js:66
onData @ webpack-internal:///…ports/polling.js:96
Emitter.emit @ webpack-internal:///…ib/esm/index.js:140
_onLoad @ webpack-internal:///…/polling-xhr.js:204
xhr.onreadystatechange @ webpack-internal:///…/polling-xhr.js:140
10:20:01.067  [WebRTC] ✅ Preserving healthy connection for: cmeumah180000kuygq63oa1qx
10:20:01.085  [CallModal] Rendered - voice call opened
10:20:01.086  [CallModal] Rendered - voice call opened
10:20:01.086  [VoiceParticipant] Zber Samolde voice activity debug: {participantId: 'cmeumah180000kuygq63oa1qx', hasOriginalStream: true, hasLatestStream: true, streamActive: true, audioTracksCount: 1, …}
10:20:01.087  [VoiceParticipant] Zber Samolde voice activity debug: {participantId: 'cmeumah180000kuygq63oa1qx', hasOriginalStream: true, hasLatestStream: true, streamActive: true, audioTracksCount: 1, …}
10:20:01.087  [VoiceParticipant] Tester2 voice activity debug: {participantId: 'cmeifn5qp002dkunge64m0xss', hasOriginalStream: true, hasLatestStream: true, streamActive: true, audioTracksCount: 1, …}
10:20:01.087  [VoiceParticipant] Tester2 voice activity debug: {participantId: 'cmeifn5qp002dkunge64m0xss', hasOriginalStream: true, hasLatestStream: true, streamActive: true, audioTracksCount: 1, …}
10:20:01.089  [CallModal] 🔊 Setting up audio element for participant cmeifn5qp002dkunge64m0xss
10:20:01.089  [CallModal] Stream details: {id: '11f1cb2e-ff24-4f0a-9e82-dab593c0342f', active: true, audioTracks: Array(1)}
10:20:01.090  [CallModal] Previous audio element for cmeifn5qp002dkunge64m0xss: false
10:20:01.092  [CallModal] Cleared previous srcObject for cmeifn5qp002dkunge64m0xss
10:20:01.094  [CallModal] 🔊 Setting up audio element for participant cmeumah180000kuygq63oa1qx
10:20:01.094  [CallModal] Stream details: {id: 'bc884001-458b-454b-890a-15ea46c82cad', active: true, audioTracks: Array(1)}
10:20:01.094  [CallModal] Previous audio element for cmeumah180000kuygq63oa1qx: false
10:20:01.097  [CallModal] Cleared previous srcObject for cmeumah180000kuygq63oa1qx
10:20:01.160  [VoiceActivity] Effect triggered: {hasStream: true, streamId: 'bc884001-458b-454b-890a-15ea46c82cad', audioTracks: 1, threshold: -40}
10:20:01.161  [VoiceActivity] Initializing for stream: bc884001-458b-454b-890a-15ea46c82cad with 1 audio tracks
10:20:01.163  [VoiceActivity] Volume analysis: {average: '0.0', volume: '-100.0', threshold: -40, speaking: false, streamActive: true, …}
10:20:01.164  [VoiceActivity] Effect triggered: {hasStream: true, streamId: '11f1cb2e-ff24-4f0a-9e82-dab593c0342f', audioTracks: 1, threshold: -40}
10:20:01.164  [VoiceActivity] Initializing for stream: 11f1cb2e-ff24-4f0a-9e82-dab593c0342f with 1 audio tracks
10:20:01.165  [VoiceActivity] Effect triggered: {hasStream: true, streamId: 'bc884001-458b-454b-890a-15ea46c82cad', audioTracks: 1, threshold: -40}
10:20:01.165  [VoiceActivity] Initializing for stream: bc884001-458b-454b-890a-15ea46c82cad with 1 audio tracks
10:20:01.166  [VoiceActivity] Effect triggered: {hasStream: true, streamId: '11f1cb2e-ff24-4f0a-9e82-dab593c0342f', audioTracks: 1, threshold: -40}
10:20:01.166  [VoiceActivity] Initializing for stream: 11f1cb2e-ff24-4f0a-9e82-dab593c0342f with 1 audio tracks
10:20:01.167  [CallModal] 🔍 Connection verification:
10:20:01.167  [CallModal] - Expected participants: (2) ['cmeumah180000kuygq63oa1qx', 'cmeifn5qp002dkunge64m0xss']
10:20:01.168  [CallModal] - Active connections: (2) ['cmeifn5qp002dkunge64m0xss', 'cmeumah180000kuygq63oa1qx']
10:20:01.168  [CallModal] ✅ All expected WebRTC connections are active
10:20:01.171  [WebRTC] Received ICE candidate from: cmeumah180000kuygq63oa1qx
10:20:01.173  [CallModal] Audio loadeddata event for cmeifn5qp002dkunge64m0xss
10:20:01.173  [CallModal] Audio can play for cmeifn5qp002dkunge64m0xss
10:20:01.173  [CallModal] Audio canplay event for cmeifn5qp002dkunge64m0xss
10:20:01.174  [CallModal] Audio is playing for cmeifn5qp002dkunge64m0xss
10:20:01.175  [CallModal] ✅ Audio playing immediately for participant cmeifn5qp002dkunge64m0xss
10:20:01.175  [CallModal] ✅ Audio playing immediately for participant cmeifn5qp002dkunge64m0xss
10:20:01.175  [CallModal] ✅ Audio playing immediately for participant cmeifn5qp002dkunge64m0xss
10:20:01.176  [CallModal] Audio loadeddata event for cmeumah180000kuygq63oa1qx
10:20:01.176  [CallModal] Audio can play for cmeumah180000kuygq63oa1qx
10:20:01.176  [CallModal] Audio canplay event for cmeumah180000kuygq63oa1qx
10:20:01.177  [CallModal] Audio is playing for cmeumah180000kuygq63oa1qx
10:20:01.177  [CallModal] ✅ Audio playing immediately for participant cmeumah180000kuygq63oa1qx
10:20:01.177  [CallModal] ✅ Audio playing immediately for participant cmeumah180000kuygq63oa1qx
10:20:01.177  [CallModal] ✅ Audio playing immediately for participant cmeumah180000kuygq63oa1qx
10:20:01.177  [CallModal] Rendered - voice call opened
10:20:01.178  [CallModal] Rendered - voice call opened
10:20:01.178  [WebRTC] ICE candidate added for: cmeumah180000kuygq63oa1qx
10:20:01.180  [WebRTC] Received ICE candidate from: cmeumah180000kuygq63oa1qx
10:20:01.181  [WebRTC] Received ICE candidate from: cmeumah180000kuygq63oa1qx
10:20:01.182  [WebRTC] Received ICE candidate from: cmeumah180000kuygq63oa1qx
10:20:01.182  [WebRTC] Received ICE candidate from: cmeumah180000kuygq63oa1qx
10:20:01.182  [WebRTC] Received ICE candidate from: cmeumah180000kuygq63oa1qx
10:20:01.183  [WebRTC] Received ICE candidate from: cmeumah180000kuygq63oa1qx
10:20:01.183  [WebRTC] Received ICE candidate from: cmeumah180000kuygq63oa1qx
10:20:01.184  [WebRTC] ICE candidate added for: cmeumah180000kuygq63oa1qx
10:20:01.185  [WebRTC] ICE candidate added for: cmeumah180000kuygq63oa1qx
10:20:01.185  [WebRTC] ICE candidate added for: cmeumah180000kuygq63oa1qx
10:20:01.185  [WebRTC] ICE candidate added for: cmeumah180000kuygq63oa1qx
10:20:01.185  [WebRTC] ICE candidate added for: cmeumah180000kuygq63oa1qx
10:20:01.185  [WebRTC] ICE candidate added for: cmeumah180000kuygq63oa1qx
10:20:01.186  [WebRTC] ICE candidate added for: cmeumah180000kuygq63oa1qx
10:20:01.220  [WebRTC] Received ICE candidate from: cmeumah180000kuygq63oa1qx
10:20:01.222  [WebRTC] ICE candidate added for: cmeumah180000kuygq63oa1qx
10:20:01.226  [WebRTC] Received ICE candidate from: cmeumah180000kuygq63oa1qx
10:20:01.227  [WebRTC] Received ICE candidate from: cmeumah180000kuygq63oa1qx
10:20:01.227  [WebRTC] Received ICE candidate from: cmeumah180000kuygq63oa1qx
10:20:01.228  [WebRTC] Received ICE candidate from: cmeumah180000kuygq63oa1qx
10:20:01.228  [WebRTC] Received ICE candidate from: cmeumah180000kuygq63oa1qx
10:20:01.229  [WebRTC] ICE candidate added for: cmeumah180000kuygq63oa1qx
10:20:01.230  [WebRTC] ICE candidate added for: cmeumah180000kuygq63oa1qx
10:20:01.230  [WebRTC] ICE candidate added for: cmeumah180000kuygq63oa1qx
10:20:01.230  [WebRTC] ICE candidate added for: cmeumah180000kuygq63oa1qx
10:20:01.230  [WebRTC] ICE candidate added for: cmeumah180000kuygq63oa1qx
10:20:01.264  [VoiceActivity] Volume analysis: {average: '0.0', volume: '-100.0', threshold: -40, speaking: false, streamActive: true, …}
10:20:01.269  [CallModal] 🔍 WebRTC stream ready for participant: cmeumah180000kuygq63oa1qx
10:20:01.270  [CallModal] 🔍 Our callId: call-1757384369155-78u7pu5k6 Event callId: call-1757384369155-78u7pu5k6
10:20:01.270  [CallModal] 🔍 Our user ID: cmeifml0h001okung0i95m8s6
10:20:01.270  [CallModal] 🔍 Current call state: dialing
10:20:01.270  [CallModal] 🔍 Current participant states: {}
10:20:01.270  [CallModal] ✅ Processing REMOTE stream ready event
10:20:01.270  [CallModal] 🆔 Our session ID: cmeifml0h001okung0i95m8s6
10:20:01.270  [CallModal] 🆔 Remote participant ID: cmeumah180000kuygq63oa1qx
10:20:01.270  [CallModal] 🔍 Stream data: {callId: 'call-1757384369155-78u7pu5k6', participantId: 'cmeumah180000kuygq63oa1qx', streamId: '22684b8b-e675-484e-8ba1-c9d3f02f2c18', hasAudio: true, hasVideo: false}
10:20:01.270  [CallModal] 🚀 INITIATING PEER CONNECTION for remote participant: cmeumah180000kuygq63oa1qx
10:20:01.270  [CallModal] 🚀 WebRTC service available: true
10:20:01.270  [CallModal] 🎥 Processing webrtc_stream_ready for REMOTE participant: cmeumah180000kuygq63oa1qx
10:20:01.270  [CallModal] 🔗 Active peer connections: []
10:20:01.270  [CallModal] 🔗 Has connection to cmeumah180000kuygq63oa1qx : false
10:20:01.271  [CallModal] 🚀 Creating peer connection to cmeumah180000kuygq63oa1qx
10:20:01.271  [WebRTC] 📞 Safe creating offer for participant: cmeumah180000kuygq63oa1qx
10:20:01.271  [WebRTC] ⏳ Waiting for local stream to be ready...
10:20:01.271  [WebRTC] 🔍 hasLocalStream: {hasStream: true, streamActive: true, totalTracks: 1, liveTracks: 1, result: true}
10:20:01.271  [WebRTC] ✅ Local stream is ready!
10:20:01.271  [WebRTC] Creating peer connection for: cmeumah180000kuygq63oa1qx
10:20:01.271  [WebRTC] ⚠️ Peer connection already exists for: cmeumah180000kuygq63oa1qx {connectionState: 'failed', iceConnectionState: 'connected', signalingState: 'stable'}
10:20:01.271  [WebRTC] ✅ Reusing healthy existing connection for: cmeumah180000kuygq63oa1qx
10:20:01.281  [WebRTC] 🚀 Optimizing SDP for ultra-low latency...
10:20:01.281  [WebRTC] ✅ SDP optimized for ultra-low latency
10:20:01.290  [CallModal] 🔍 WebRTC stream ready for participant: cmeumah180000kuygq63oa1qx
10:20:01.290  [CallModal] 🔍 Our callId: call-1757384369155-78u7pu5k6 Event callId: call-1757384369155-78u7pu5k6
10:20:01.290  [CallModal] 🔍 Our user ID: cmeifml0h001okung0i95m8s6
10:20:01.290  [CallModal] 🔍 Current call state: dialing
10:20:01.291  [CallModal] 🔍 Current participant states: {}
10:20:01.291  [CallModal] ✅ Processing REMOTE stream ready event
10:20:01.291  [CallModal] 🆔 Our session ID: cmeifml0h001okung0i95m8s6
10:20:01.292  [CallModal] 🆔 Remote participant ID: cmeumah180000kuygq63oa1qx
10:20:01.292  [CallModal] 🔍 Stream data: {callId: 'call-1757384369155-78u7pu5k6', participantId: 'cmeumah180000kuygq63oa1qx', streamId: '22684b8b-e675-484e-8ba1-c9d3f02f2c18', hasAudio: true, hasVideo: false}
10:20:01.292  [CallModal] 🚀 INITIATING PEER CONNECTION for remote participant: cmeumah180000kuygq63oa1qx
10:20:01.292  [CallModal] 🚀 WebRTC service available: true
10:20:01.292  [CallModal] 🎥 Processing webrtc_stream_ready for REMOTE participant: cmeumah180000kuygq63oa1qx
10:20:01.292  [CallModal] 🔗 Active peer connections: []
10:20:01.292  [CallModal] 🔗 Has connection to cmeumah180000kuygq63oa1qx : false
10:20:01.292  [CallModal] 🚀 Creating peer connection to cmeumah180000kuygq63oa1qx
10:20:01.292  [WebRTC] 📞 Safe creating offer for participant: cmeumah180000kuygq63oa1qx
10:20:01.292  [WebRTC] ⏳ Waiting for local stream to be ready...
10:20:01.292  [WebRTC] 🔍 hasLocalStream: {hasStream: true, streamActive: true, totalTracks: 1, liveTracks: 1, result: true}
10:20:01.292  [WebRTC] ✅ Local stream is ready!
10:20:01.292  [CallModal] 🔍 WebRTC stream ready for participant: cmeumah180000kuygq63oa1qx
10:20:01.293  [CallModal] 🔍 Our callId: call-1757384369155-78u7pu5k6 Event callId: call-1757384369155-78u7pu5k6
10:20:01.293  [CallModal] 🔍 Our user ID: cmeifml0h001okung0i95m8s6
10:20:01.293  [CallModal] 🔍 Current call state: dialing
10:20:01.293  [CallModal] 🔍 Current participant states: {}
10:20:01.293  [CallModal] ✅ Processing REMOTE stream ready event
10:20:01.293  [CallModal] 🆔 Our session ID: cmeifml0h001okung0i95m8s6
10:20:01.293  [CallModal] 🆔 Remote participant ID: cmeumah180000kuygq63oa1qx
10:20:01.293  [CallModal] 🔍 Stream data: {callId: 'call-1757384369155-78u7pu5k6', participantId: 'cmeumah180000kuygq63oa1qx', streamId: '22684b8b-e675-484e-8ba1-c9d3f02f2c18', hasAudio: true, hasVideo: false}
10:20:01.293  [CallModal] 🚀 INITIATING PEER CONNECTION for remote participant: cmeumah180000kuygq63oa1qx
10:20:01.293  [CallModal] 🚀 WebRTC service available: true
10:20:01.293  [CallModal] 🎥 Processing webrtc_stream_ready for REMOTE participant: cmeumah180000kuygq63oa1qx
10:20:01.293  [CallModal] 🔗 Active peer connections: []
10:20:01.293  [CallModal] 🔗 Has connection to cmeumah180000kuygq63oa1qx : false
10:20:01.293  [CallModal] 🚀 Creating peer connection to cmeumah180000kuygq63oa1qx
10:20:01.293  [WebRTC] 📞 Safe creating offer for participant: cmeumah180000kuygq63oa1qx
10:20:01.293  [WebRTC] ⏳ Waiting for local stream to be ready...
10:20:01.294  [WebRTC] 🔍 hasLocalStream: {hasStream: true, streamActive: true, totalTracks: 1, liveTracks: 1, result: true}
10:20:01.294  [WebRTC] ✅ Local stream is ready!
10:20:01.294  [CallModal] 🔍 WebRTC stream ready for participant: cmeumah180000kuygq63oa1qx
10:20:01.294  [CallModal] 🔍 Our callId: call-1757384369155-78u7pu5k6 Event callId: call-1757384369155-78u7pu5k6
10:20:01.294  [CallModal] 🔍 Our user ID: cmeifml0h001okung0i95m8s6
10:20:01.294  [CallModal] 🔍 Current call state: dialing
10:20:01.294  [CallModal] 🔍 Current participant states: {}
10:20:01.295  [CallModal] ✅ Processing REMOTE stream ready event
10:20:01.295  [CallModal] 🆔 Our session ID: cmeifml0h001okung0i95m8s6
10:20:01.295  [CallModal] 🆔 Remote participant ID: cmeumah180000kuygq63oa1qx
10:20:01.295  [CallModal] 🔍 Stream data: {callId: 'call-1757384369155-78u7pu5k6', participantId: 'cmeumah180000kuygq63oa1qx', streamId: '22684b8b-e675-484e-8ba1-c9d3f02f2c18', hasAudio: true, hasVideo: false}
10:20:01.295  [CallModal] 🚀 INITIATING PEER CONNECTION for remote participant: cmeumah180000kuygq63oa1qx
10:20:01.295  [CallModal] 🚀 WebRTC service available: true
10:20:01.295  [CallModal] 🎥 Processing webrtc_stream_ready for REMOTE participant: cmeumah180000kuygq63oa1qx
10:20:01.295  [CallModal] 🔗 Active peer connections: []
10:20:01.295  [CallModal] 🔗 Has connection to cmeumah180000kuygq63oa1qx : false
10:20:01.295  [CallModal] 🚀 Creating peer connection to cmeumah180000kuygq63oa1qx
10:20:01.295  [WebRTC] 📞 Safe creating offer for participant: cmeumah180000kuygq63oa1qx
10:20:01.295  [WebRTC] ⏳ Waiting for local stream to be ready...
10:20:01.295  [WebRTC] 🔍 hasLocalStream: {hasStream: true, streamActive: true, totalTracks: 1, liveTracks: 1, result: true}
10:20:01.296  [WebRTC] ✅ Local stream is ready!
10:20:01.296  [WebRTC] 📞 RECEIVED OFFER from: cmeumah180000kuygq63oa1qx
10:20:01.296  [WebRTC] Call ID check: {received: 'call-1757384369155-78u7pu5k6', ours: 'call-1757384369155-78u7pu5k6'}
10:20:01.296  [WebRTC] ✅ Processing offer from: cmeumah180000kuygq63oa1qx
10:20:01.296  [WebRTC] Creating peer connection for: cmeumah180000kuygq63oa1qx
10:20:01.296  [WebRTC] ⚠️ Peer connection already exists for: cmeumah180000kuygq63oa1qx {connectionState: 'failed', iceConnectionState: 'connected', signalingState: 'stable'}
10:20:01.296  [WebRTC] ✅ Reusing healthy existing connection for: cmeumah180000kuygq63oa1qx
10:20:01.296  [WebRTC] Creating peer connection for: cmeumah180000kuygq63oa1qx
10:20:01.296  [WebRTC] ⚠️ Peer connection already exists for: cmeumah180000kuygq63oa1qx {connectionState: 'failed', iceConnectionState: 'connected', signalingState: 'stable'}
10:20:01.296  [WebRTC] ✅ Reusing healthy existing connection for: cmeumah180000kuygq63oa1qx
10:20:01.296  [WebRTC] Creating peer connection for: cmeumah180000kuygq63oa1qx
10:20:01.296  [WebRTC] ⚠️ Peer connection already exists for: cmeumah180000kuygq63oa1qx {connectionState: 'failed', iceConnectionState: 'connected', signalingState: 'stable'}
10:20:01.296  [WebRTC] ✅ Reusing healthy existing connection for: cmeumah180000kuygq63oa1qx
10:20:01.296  [WebRTC] Creating peer connection for: cmeumah180000kuygq63oa1qx
10:20:01.296  [WebRTC] ⚠️ Peer connection already exists for: cmeumah180000kuygq63oa1qx {connectionState: 'failed', iceConnectionState: 'connected', signalingState: 'stable'}
10:20:01.296  [WebRTC] ✅ Reusing healthy existing connection for: cmeumah180000kuygq63oa1qx
10:20:01.296  [WebRTC] Local stream ready with tracks: 1
10:20:01.296  [WebRTC] 🔍 Peer connection senders before answer: 2
10:20:01.296  [WebRTC]   Sender 0: {hasTrack: true, trackKind: 'audio', trackEnabled: true, trackReadyState: 'live'}
10:20:01.296  [WebRTC]   Sender 1: {hasTrack: false, trackKind: undefined, trackEnabled: undefined, trackReadyState: undefined}
10:20:01.296  [WebRTC] Setting remote description from offer...
10:20:01.318  [WebRTC] 📡 Sending offer to participant: cmeumah180000kuygq63oa1qx
10:20:01.320  [CallModal] ✅ Peer connection offer created successfully
10:20:01.320  [CallModal] Retrieved remote stream for cmeumah180000kuygq63oa1qx : true
10:20:01.321  [CallModal] Remote stream tracks: [{…}]
10:20:01.321  [CallModal] Updated remote streams map, now has: (2) ['cmeifn5qp002dkunge64m0xss', 'cmeumah180000kuygq63oa1qx']
10:20:01.321  [CallModal] ✅ Remote stream added to state for VideoGrid
10:20:01.322  [WebRTC] Remote description set, applying any buffered ICE candidates
10:20:01.322  [WebRTC] Creating answer with ultra-low-latency options...
10:20:01.331  [WebRTC] 🚀 Optimizing SDP for ultra-low latency...
10:20:01.331  [WebRTC] ✅ SDP optimized for ultra-low latency
10:20:01.332  [WebRTC] 🚀 Optimizing SDP for ultra-low latency...
10:20:01.333  [WebRTC] ✅ SDP optimized for ultra-low latency
10:20:01.334  [WebRTC] 🚀 Optimizing SDP for ultra-low latency...
10:20:01.334  [WebRTC] ✅ SDP optimized for ultra-low latency
10:20:01.336  [CallModal] Rendered - voice call opened
10:20:01.337  [CallModal] Updated remote streams map, now has: (2) ['cmeifn5qp002dkunge64m0xss', 'cmeumah180000kuygq63oa1qx']
10:20:01.337  [CallModal] Rendered - voice call opened
10:20:01.338  [VoiceParticipant] Zber Samolde voice activity debug: {participantId: 'cmeumah180000kuygq63oa1qx', hasOriginalStream: true, hasLatestStream: true, streamActive: true, audioTracksCount: 1, …}
10:20:01.338  [VoiceParticipant] Zber Samolde voice activity debug: {participantId: 'cmeumah180000kuygq63oa1qx', hasOriginalStream: true, hasLatestStream: true, streamActive: true, audioTracksCount: 1, …}
10:20:01.339  [VoiceParticipant] Tester2 voice activity debug: {participantId: 'cmeifn5qp002dkunge64m0xss', hasOriginalStream: true, hasLatestStream: true, streamActive: true, audioTracksCount: 1, …}
10:20:01.339  [VoiceParticipant] Tester2 voice activity debug: {participantId: 'cmeifn5qp002dkunge64m0xss', hasOriginalStream: true, hasLatestStream: true, streamActive: true, audioTracksCount: 1, …}
10:20:01.341  [CallModal] 🔊 Setting up audio element for participant cmeifn5qp002dkunge64m0xss
10:20:01.343  [CallModal] Stream details: {id: '11f1cb2e-ff24-4f0a-9e82-dab593c0342f', active: true, audioTracks: Array(1)}
10:20:01.343  [CallModal] Previous audio element for cmeifn5qp002dkunge64m0xss: false
10:20:01.346  [CallModal] Cleared previous srcObject for cmeifn5qp002dkunge64m0xss
10:20:01.348  [CallModal] 🔊 Setting up audio element for participant cmeumah180000kuygq63oa1qx
10:20:01.348  [CallModal] Stream details: {id: 'bc884001-458b-454b-890a-15ea46c82cad', active: true, audioTracks: Array(1)}
10:20:01.350  [CallModal] Previous audio element for cmeumah180000kuygq63oa1qx: false
10:20:01.355  [CallModal] Cleared previous srcObject for cmeumah180000kuygq63oa1qx
10:20:01.360  [WebRTC] 🚀 Optimizing SDP for ultra-low latency...
10:20:01.361  [WebRTC] ✅ SDP optimized for ultra-low latency
10:20:01.361  [WebRTC] Answer created and SDP optimized, analyzing...
10:20:01.361  [WebRTC] 🔍 Answer SDP analysis: {hasAudio: true, hasVideo: true}
10:20:01.361  [WebRTC] Setting local description with answer...
10:20:01.362  [WebRTC] ❌ Failed to create offer for participant: cmeumah180000kuygq63oa1qx 
window.console.error @ webpack-internal:///…ent/app-index.js:33
console.error @ webpack-internal:///…on-error-info.js:63
safeCreateOffer @ webpack-internal:///…c/lib/webrtc.ts:343
await in safeCreateOffer
handleWebRTCStreamReady @ webpack-internal:///…t/CallModal.tsx:909
Emitter.emit @ webpack-internal:///…ib/esm/index.js:140
emitEvent @ webpack-internal:///…d/esm/socket.js:545
onevent @ webpack-internal:///…d/esm/socket.js:532
onpacket @ webpack-internal:///…d/esm/socket.js:502
Emitter.emit @ webpack-internal:///…ib/esm/index.js:140
eval @ webpack-internal:///…/esm/manager.js:219
Promise.then
eval @ webpack-internal:///…d/esm/globals.js:11
ondecoded @ webpack-internal:///…/esm/manager.js:218
Emitter.emit @ webpack-internal:///…ib/esm/index.js:140
add @ webpack-internal:///…ld/esm/index.js:156
ondata @ webpack-internal:///…/esm/manager.js:205
Emitter.emit @ webpack-internal:///…ib/esm/index.js:140
_onPacket @ webpack-internal:///…d/esm/socket.js:272
Emitter.emit @ webpack-internal:///…ib/esm/index.js:140
onPacket @ webpack-internal:///…sm/transport.js:108
callback @ webpack-internal:///…ports/polling.js:86
onData @ webpack-internal:///…ports/polling.js:89
Emitter.emit @ webpack-internal:///…ib/esm/index.js:140
_onLoad @ webpack-internal:///…/polling-xhr.js:204
xhr.onreadystatechange @ webpack-internal:///…/polling-xhr.js:140
XMLHttpRequest.send
_create @ webpack-internal:///…/polling-xhr.js:150
Request @ webpack-internal:///…s/polling-xhr.js:86
request @ webpack-internal:///…/polling-xhr.js:264
doPoll @ webpack-internal:///…s/polling-xhr.js:63
_poll @ webpack-internal:///…ports/polling.js:66
onData @ webpack-internal:///…ports/polling.js:96
Emitter.emit @ webpack-internal:///…ib/esm/index.js:140
_onLoad @ webpack-internal:///…/polling-xhr.js:204
xhr.onreadystatechange @ webpack-internal:///…/polling-xhr.js:140
XMLHttpRequest.send
_create @ webpack-internal:///…/polling-xhr.js:150
Request @ webpack-internal:///…s/polling-xhr.js:86
request @ webpack-internal:///…/polling-xhr.js:264
doPoll @ webpack-internal:///…s/polling-xhr.js:63
_poll @ webpack-internal:///…ports/polling.js:66
onData @ webpack-internal:///…ports/polling.js:96
Emitter.emit @ webpack-internal:///…ib/esm/index.js:140
_onLoad @ webpack-internal:///…/polling-xhr.js:204
xhr.onreadystatechange @ webpack-internal:///…/polling-xhr.js:140
XMLHttpRequest.send
_create @ webpack-internal:///…/polling-xhr.js:150
Request @ webpack-internal:///…s/polling-xhr.js:86
request @ webpack-internal:///…/polling-xhr.js:264
doPoll @ webpack-internal:///…s/polling-xhr.js:63
_poll @ webpack-internal:///…ports/polling.js:66
onData @ webpack-internal:///…ports/polling.js:96
Emitter.emit @ webpack-internal:///…ib/esm/index.js:140
_onLoad @ webpack-internal:///…/polling-xhr.js:204
xhr.onreadystatechange @ webpack-internal:///…/polling-xhr.js:140
XMLHttpRequest.send
_create @ webpack-internal:///…/polling-xhr.js:150
Request @ webpack-internal:///…s/polling-xhr.js:86
request @ webpack-internal:///…/polling-xhr.js:264
doPoll @ webpack-internal:///…s/polling-xhr.js:63
_poll @ webpack-internal:///…ports/polling.js:66
onData @ webpack-internal:///…ports/polling.js:96
Emitter.emit @ webpack-internal:///…ib/esm/index.js:140
_onLoad @ webpack-internal:///…/polling-xhr.js:204
xhr.onreadystatechange @ webpack-internal:///…/polling-xhr.js:140
XMLHttpRequest.send
_create @ webpack-internal:///…/polling-xhr.js:150
Request @ webpack-internal:///…s/polling-xhr.js:86
request @ webpack-internal:///…/polling-xhr.js:264
doPoll @ webpack-internal:///…s/polling-xhr.js:63
_poll @ webpack-internal:///…ports/polling.js:66
onData @ webpack-internal:///…ports/polling.js:96
Emitter.emit @ webpack-internal:///…ib/esm/index.js:140
_onLoad @ webpack-internal:///…/polling-xhr.js:204
xhr.onreadystatechange @ webpack-internal:///…/polling-xhr.js:140
XMLHttpRequest.send
_create @ webpack-internal:///…/polling-xhr.js:150
Request @ webpack-internal:///…s/polling-xhr.js:86
request @ webpack-internal:///…/polling-xhr.js:264
doPoll @ webpack-internal:///…s/polling-xhr.js:63
_poll @ webpack-internal:///…ports/polling.js:66
onData @ webpack-internal:///…ports/polling.js:96
Emitter.emit @ webpack-internal:///…ib/esm/index.js:140
_onLoad @ webpack-internal:///…/polling-xhr.js:204
xhr.onreadystatechange @ webpack-internal:///…/polling-xhr.js:140
XMLHttpRequest.send
_create @ webpack-internal:///…/polling-xhr.js:150
Request @ webpack-internal:///…s/polling-xhr.js:86
request @ webpack-internal:///…/polling-xhr.js:264
doPoll @ webpack-internal:///…s/polling-xhr.js:63
_poll @ webpack-internal:///…ports/polling.js:66
onData @ webpack-internal:///…ports/polling.js:96
Emitter.emit @ webpack-internal:///…ib/esm/index.js:140
_onLoad @ webpack-internal:///…/polling-xhr.js:204
xhr.onreadystatechange @ webpack-internal:///…/polling-xhr.js:140
XMLHttpRequest.send
_create @ webpack-internal:///…/polling-xhr.js:150
Request @ webpack-internal:///…s/polling-xhr.js:86
request @ webpack-internal:///…/polling-xhr.js:264
doPoll @ webpack-internal:///…s/polling-xhr.js:63
_poll @ webpack-internal:///…ports/polling.js:66
onData @ webpack-internal:///…ports/polling.js:96
Emitter.emit @ webpack-internal:///…ib/esm/index.js:140
_onLoad @ webpack-internal:///…/polling-xhr.js:204
xhr.onreadystatechange @ webpack-internal:///…/polling-xhr.js:140
XMLHttpRequest.send
_create @ webpack-internal:///…/polling-xhr.js:150
Request @ webpack-internal:///…s/polling-xhr.js:86
request @ webpack-internal:///…/polling-xhr.js:264
doPoll @ webpack-internal:///…s/polling-xhr.js:63
_poll @ webpack-internal:///…ports/polling.js:66
onData @ webpack-internal:///…ports/polling.js:96
Emitter.emit @ webpack-internal:///…ib/esm/index.js:140
_onLoad @ webpack-internal:///…/polling-xhr.js:204
xhr.onreadystatechange @ webpack-internal:///…/polling-xhr.js:140
XMLHttpRequest.send
_create @ webpack-internal:///…/polling-xhr.js:150
Request @ webpack-internal:///…s/polling-xhr.js:86
request @ webpack-internal:///…/polling-xhr.js:264
doPoll @ webpack-internal:///…s/polling-xhr.js:63
_poll @ webpack-internal:///…ports/polling.js:66
onData @ webpack-internal:///…ports/polling.js:96
Emitter.emit @ webpack-internal:///…ib/esm/index.js:140
_onLoad @ webpack-internal:///…/polling-xhr.js:204
xhr.onreadystatechange @ webpack-internal:///…/polling-xhr.js:140
XMLHttpRequest.send
_create @ webpack-internal:///…/polling-xhr.js:150
Request @ webpack-internal:///…s/polling-xhr.js:86
request @ webpack-internal:///…/polling-xhr.js:264
doPoll @ webpack-internal:///…s/polling-xhr.js:63
_poll @ webpack-internal:///…ports/polling.js:66
onData @ webpack-internal:///…ports/polling.js:96
Emitter.emit @ webpack-internal:///…ib/esm/index.js:140
_onLoad @ webpack-internal:///…/polling-xhr.js:204
xhr.onreadystatechange @ webpack-internal:///…/polling-xhr.js:140
XMLHttpRequest.send
_create @ webpack-internal:///…/polling-xhr.js:150
Request @ webpack-internal:///…s/polling-xhr.js:86
request @ webpack-internal:///…/polling-xhr.js:264
doPoll @ webpack-internal:///…s/polling-xhr.js:63
_poll @ webpack-internal:///…ports/polling.js:66
onData @ webpack-internal:///…ports/polling.js:96
Emitter.emit @ webpack-internal:///…ib/esm/index.js:140
_onLoad @ webpack-internal:///…/polling-xhr.js:204
xhr.onreadystatechange @ webpack-internal:///…/polling-xhr.js:140
XMLHttpRequest.send
_create @ webpack-internal:///…/polling-xhr.js:150
Request @ webpack-internal:///…s/polling-xhr.js:86
request @ webpack-internal:///…/polling-xhr.js:264
doPoll @ webpack-internal:///…s/polling-xhr.js:63
_poll @ webpack-internal:///…ports/polling.js:66
onData @ webpack-internal:///…ports/polling.js:96
Emitter.emit @ webpack-internal:///…ib/esm/index.js:140
_onLoad @ webpack-internal:///…/polling-xhr.js:204
xhr.onreadystatechange @ webpack-internal:///…/polling-xhr.js:140
XMLHttpRequest.send
_create @ webpack-internal:///…/polling-xhr.js:150
Request @ webpack-internal:///…s/polling-xhr.js:86
request @ webpack-internal:///…/polling-xhr.js:264
doPoll @ webpack-internal:///…s/polling-xhr.js:63
_poll @ webpack-internal:///…ports/polling.js:66
onData @ webpack-internal:///…ports/polling.js:96
Emitter.emit @ webpack-internal:///…ib/esm/index.js:140
_onLoad @ webpack-internal:///…/polling-xhr.js:204
xhr.onreadystatechange @ webpack-internal:///…/polling-xhr.js:140
XMLHttpRequest.send
_create @ webpack-internal:///…/polling-xhr.js:150
Request @ webpack-internal:///…s/polling-xhr.js:86
request @ webpack-internal:///…/polling-xhr.js:264
doPoll @ webpack-internal:///…s/polling-xhr.js:63
_poll @ webpack-internal:///…ports/polling.js:66
onData @ webpack-internal:///…ports/polling.js:96
Emitter.emit @ webpack-internal:///…ib/esm/index.js:140
_onLoad @ webpack-internal:///…/polling-xhr.js:204
xhr.onreadystatechange @ webpack-internal:///…/polling-xhr.js:140
XMLHttpRequest.send
_create @ webpack-internal:///…/polling-xhr.js:150
Request @ webpack-internal:///…s/polling-xhr.js:86
request @ webpack-internal:///…/polling-xhr.js:264
doPoll @ webpack-internal:///…s/polling-xhr.js:63
_poll @ webpack-internal:///…ports/polling.js:66
onData @ webpack-internal:///…ports/polling.js:96
Emitter.emit @ webpack-internal:///…ib/esm/index.js:140
_onLoad @ webpack-internal:///…/polling-xhr.js:204
xhr.onreadystatechange @ webpack-internal:///…/polling-xhr.js:140
10:20:01.364  [CallModal] ❌ Failed to create offer: 
window.console.error @ webpack-internal:///…ent/app-index.js:33
console.error @ webpack-internal:///…on-error-info.js:63
handleWebRTCStreamReady @ webpack-internal:///…t/CallModal.tsx:912
await in handleWebRTCStreamReady
Emitter.emit @ webpack-internal:///…ib/esm/index.js:140
emitEvent @ webpack-internal:///…d/esm/socket.js:545
onevent @ webpack-internal:///…d/esm/socket.js:532
onpacket @ webpack-internal:///…d/esm/socket.js:502
Emitter.emit @ webpack-internal:///…ib/esm/index.js:140
eval @ webpack-internal:///…/esm/manager.js:219
Promise.then
eval @ webpack-internal:///…d/esm/globals.js:11
ondecoded @ webpack-internal:///…/esm/manager.js:218
Emitter.emit @ webpack-internal:///…ib/esm/index.js:140
add @ webpack-internal:///…ld/esm/index.js:156
ondata @ webpack-internal:///…/esm/manager.js:205
Emitter.emit @ webpack-internal:///…ib/esm/index.js:140
_onPacket @ webpack-internal:///…d/esm/socket.js:272
Emitter.emit @ webpack-internal:///…ib/esm/index.js:140
onPacket @ webpack-internal:///…sm/transport.js:108
callback @ webpack-internal:///…ports/polling.js:86
onData @ webpack-internal:///…ports/polling.js:89
Emitter.emit @ webpack-internal:///…ib/esm/index.js:140
_onLoad @ webpack-internal:///…/polling-xhr.js:204
xhr.onreadystatechange @ webpack-internal:///…/polling-xhr.js:140
XMLHttpRequest.send
_create @ webpack-internal:///…/polling-xhr.js:150
Request @ webpack-internal:///…s/polling-xhr.js:86
request @ webpack-internal:///…/polling-xhr.js:264
doPoll @ webpack-internal:///…s/polling-xhr.js:63
_poll @ webpack-internal:///…ports/polling.js:66
onData @ webpack-internal:///…ports/polling.js:96
Emitter.emit @ webpack-internal:///…ib/esm/index.js:140
_onLoad @ webpack-internal:///…/polling-xhr.js:204
xhr.onreadystatechange @ webpack-internal:///…/polling-xhr.js:140
XMLHttpRequest.send
_create @ webpack-internal:///…/polling-xhr.js:150
Request @ webpack-internal:///…s/polling-xhr.js:86
request @ webpack-internal:///…/polling-xhr.js:264
doPoll @ webpack-internal:///…s/polling-xhr.js:63
_poll @ webpack-internal:///…ports/polling.js:66
onData @ webpack-internal:///…ports/polling.js:96
Emitter.emit @ webpack-internal:///…ib/esm/index.js:140
_onLoad @ webpack-internal:///…/polling-xhr.js:204
xhr.onreadystatechange @ webpack-internal:///…/polling-xhr.js:140
XMLHttpRequest.send
_create @ webpack-internal:///…/polling-xhr.js:150
Request @ webpack-internal:///…s/polling-xhr.js:86
request @ webpack-internal:///…/polling-xhr.js:264
doPoll @ webpack-internal:///…s/polling-xhr.js:63
_poll @ webpack-internal:///…ports/polling.js:66
onData @ webpack-internal:///…ports/polling.js:96
Emitter.emit @ webpack-internal:///…ib/esm/index.js:140
_onLoad @ webpack-internal:///…/polling-xhr.js:204
xhr.onreadystatechange @ webpack-internal:///…/polling-xhr.js:140
XMLHttpRequest.send
_create @ webpack-internal:///…/polling-xhr.js:150
Request @ webpack-internal:///…s/polling-xhr.js:86
request @ webpack-internal:///…/polling-xhr.js:264
doPoll @ webpack-internal:///…s/polling-xhr.js:63
_poll @ webpack-internal:///…ports/polling.js:66
onData @ webpack-internal:///…ports/polling.js:96
Emitter.emit @ webpack-internal:///…ib/esm/index.js:140
_onLoad @ webpack-internal:///…/polling-xhr.js:204
xhr.onreadystatechange @ webpack-internal:///…/polling-xhr.js:140
XMLHttpRequest.send
_create @ webpack-internal:///…/polling-xhr.js:150
Request @ webpack-internal:///…s/polling-xhr.js:86
request @ webpack-internal:///…/polling-xhr.js:264
doPoll @ webpack-internal:///…s/polling-xhr.js:63
_poll @ webpack-internal:///…ports/polling.js:66
onData @ webpack-internal:///…ports/polling.js:96
Emitter.emit @ webpack-internal:///…ib/esm/index.js:140
_onLoad @ webpack-internal:///…/polling-xhr.js:204
xhr.onreadystatechange @ webpack-internal:///…/polling-xhr.js:140
XMLHttpRequest.send
_create @ webpack-internal:///…/polling-xhr.js:150
Request @ webpack-internal:///…s/polling-xhr.js:86
request @ webpack-internal:///…/polling-xhr.js:264
doPoll @ webpack-internal:///…s/polling-xhr.js:63
_poll @ webpack-internal:///…ports/polling.js:66
onData @ webpack-internal:///…ports/polling.js:96
Emitter.emit @ webpack-internal:///…ib/esm/index.js:140
_onLoad @ webpack-internal:///…/polling-xhr.js:204
xhr.onreadystatechange @ webpack-internal:///…/polling-xhr.js:140
XMLHttpRequest.send
_create @ webpack-internal:///…/polling-xhr.js:150
Request @ webpack-internal:///…s/polling-xhr.js:86
request @ webpack-internal:///…/polling-xhr.js:264
doPoll @ webpack-internal:///…s/polling-xhr.js:63
_poll @ webpack-internal:///…ports/polling.js:66
onData @ webpack-internal:///…ports/polling.js:96
Emitter.emit @ webpack-internal:///…ib/esm/index.js:140
_onLoad @ webpack-internal:///…/polling-xhr.js:204
xhr.onreadystatechange @ webpack-internal:///…/polling-xhr.js:140
XMLHttpRequest.send
_create @ webpack-internal:///…/polling-xhr.js:150
Request @ webpack-internal:///…s/polling-xhr.js:86
request @ webpack-internal:///…/polling-xhr.js:264
doPoll @ webpack-internal:///…s/polling-xhr.js:63
_poll @ webpack-internal:///…ports/polling.js:66
onData @ webpack-internal:///…ports/polling.js:96
Emitter.emit @ webpack-internal:///…ib/esm/index.js:140
_onLoad @ webpack-internal:///…/polling-xhr.js:204
xhr.onreadystatechange @ webpack-internal:///…/polling-xhr.js:140
XMLHttpRequest.send
_create @ webpack-internal:///…/polling-xhr.js:150
Request @ webpack-internal:///…s/polling-xhr.js:86
request @ webpack-internal:///…/polling-xhr.js:264
doPoll @ webpack-internal:///…s/polling-xhr.js:63
_poll @ webpack-internal:///…ports/polling.js:66
onData @ webpack-internal:///…ports/polling.js:96
Emitter.emit @ webpack-internal:///…ib/esm/index.js:140
_onLoad @ webpack-internal:///…/polling-xhr.js:204
xhr.onreadystatechange @ webpack-internal:///…/polling-xhr.js:140
XMLHttpRequest.send
_create @ webpack-internal:///…/polling-xhr.js:150
Request @ webpack-internal:///…s/polling-xhr.js:86
request @ webpack-internal:///…/polling-xhr.js:264
doPoll @ webpack-internal:///…s/polling-xhr.js:63
_poll @ webpack-internal:///…ports/polling.js:66
onData @ webpack-internal:///…ports/polling.js:96
Emitter.emit @ webpack-internal:///…ib/esm/index.js:140
_onLoad @ webpack-internal:///…/polling-xhr.js:204
xhr.onreadystatechange @ webpack-internal:///…/polling-xhr.js:140
XMLHttpRequest.send
_create @ webpack-internal:///…/polling-xhr.js:150
Request @ webpack-internal:///…s/polling-xhr.js:86
request @ webpack-internal:///…/polling-xhr.js:264
doPoll @ webpack-internal:///…s/polling-xhr.js:63
_poll @ webpack-internal:///…ports/polling.js:66
onData @ webpack-internal:///…ports/polling.js:96
Emitter.emit @ webpack-internal:///…ib/esm/index.js:140
_onLoad @ webpack-internal:///…/polling-xhr.js:204
xhr.onreadystatechange @ webpack-internal:///…/polling-xhr.js:140
XMLHttpRequest.send
_create @ webpack-internal:///…/polling-xhr.js:150
Request @ webpack-internal:///…s/polling-xhr.js:86
request @ webpack-internal:///…/polling-xhr.js:264
doPoll @ webpack-internal:///…s/polling-xhr.js:63
_poll @ webpack-internal:///…ports/polling.js:66
onData @ webpack-internal:///…ports/polling.js:96
Emitter.emit @ webpack-internal:///…ib/esm/index.js:140
_onLoad @ webpack-internal:///…/polling-xhr.js:204
xhr.onreadystatechange @ webpack-internal:///…/polling-xhr.js:140
XMLHttpRequest.send
_create @ webpack-internal:///…/polling-xhr.js:150
Request @ webpack-internal:///…s/polling-xhr.js:86
request @ webpack-internal:///…/polling-xhr.js:264
doPoll @ webpack-internal:///…s/polling-xhr.js:63
_poll @ webpack-internal:///…ports/polling.js:66
onData @ webpack-internal:///…ports/polling.js:96
Emitter.emit @ webpack-internal:///…ib/esm/index.js:140
_onLoad @ webpack-internal:///…/polling-xhr.js:204
xhr.onreadystatechange @ webpack-internal:///…/polling-xhr.js:140
XMLHttpRequest.send
_create @ webpack-internal:///…/polling-xhr.js:150
Request @ webpack-internal:///…s/polling-xhr.js:86
request @ webpack-internal:///…/polling-xhr.js:264
doPoll @ webpack-internal:///…s/polling-xhr.js:63
_poll @ webpack-internal:///…ports/polling.js:66
onData @ webpack-internal:///…ports/polling.js:96
Emitter.emit @ webpack-internal:///…ib/esm/index.js:140
_onLoad @ webpack-internal:///…/polling-xhr.js:204
xhr.onreadystatechange @ webpack-internal:///…/polling-xhr.js:140
XMLHttpRequest.send
_create @ webpack-internal:///…/polling-xhr.js:150
Request @ webpack-internal:///…s/polling-xhr.js:86
request @ webpack-internal:///…/polling-xhr.js:264
doPoll @ webpack-internal:///…s/polling-xhr.js:63
_poll @ webpack-internal:///…ports/polling.js:66
onData @ webpack-internal:///…ports/polling.js:96
Emitter.emit @ webpack-internal:///…ib/esm/index.js:140
_onLoad @ webpack-internal:///…/polling-xhr.js:204
xhr.onreadystatechange @ webpack-internal:///…/polling-xhr.js:140
XMLHttpRequest.send
_create @ webpack-internal:///…/polling-xhr.js:150
Request @ webpack-internal:///…s/polling-xhr.js:86
request @ webpack-internal:///…/polling-xhr.js:264
doPoll @ webpack-internal:///…s/polling-xhr.js:63
_poll @ webpack-internal:///…ports/polling.js:66
onData @ webpack-internal:///…ports/polling.js:96
Emitter.emit @ webpack-internal:///…ib/esm/index.js:140
_onLoad @ webpack-internal:///…/polling-xhr.js:204
xhr.onreadystatechange @ webpack-internal:///…/polling-xhr.js:140
10:20:01.364  [CallModal] Retrieved remote stream for cmeumah180000kuygq63oa1qx : true
10:20:01.364  [CallModal] Remote stream tracks: [{…}]
10:20:01.364  [CallModal] ✅ Remote stream added to state for VideoGrid
10:20:01.365  [WebRTC] ❌ Failed to create offer for participant: cmeumah180000kuygq63oa1qx 
window.console.error @ webpack-internal:///…ent/app-index.js:33
console.error @ webpack-internal:///…on-error-info.js:63
safeCreateOffer @ webpack-internal:///…c/lib/webrtc.ts:343
await in safeCreateOffer
handleWebRTCStreamReady @ webpack-internal:///…t/CallModal.tsx:909
Emitter.emit @ webpack-internal:///…ib/esm/index.js:140
emitEvent @ webpack-internal:///…d/esm/socket.js:545
onevent @ webpack-internal:///…d/esm/socket.js:532
onpacket @ webpack-internal:///…d/esm/socket.js:502
Emitter.emit @ webpack-internal:///…ib/esm/index.js:140
eval @ webpack-internal:///…/esm/manager.js:219
Promise.then
eval @ webpack-internal:///…d/esm/globals.js:11
ondecoded @ webpack-internal:///…/esm/manager.js:218
Emitter.emit @ webpack-internal:///…ib/esm/index.js:140
add @ webpack-internal:///…ld/esm/index.js:156
ondata @ webpack-internal:///…/esm/manager.js:205
Emitter.emit @ webpack-internal:///…ib/esm/index.js:140
_onPacket @ webpack-internal:///…d/esm/socket.js:272
Emitter.emit @ webpack-internal:///…ib/esm/index.js:140
onPacket @ webpack-internal:///…sm/transport.js:108
callback @ webpack-internal:///…ports/polling.js:86
onData @ webpack-internal:///…ports/polling.js:89
Emitter.emit @ webpack-internal:///…ib/esm/index.js:140
_onLoad @ webpack-internal:///…/polling-xhr.js:204
xhr.onreadystatechange @ webpack-internal:///…/polling-xhr.js:140
XMLHttpRequest.send
_create @ webpack-internal:///…/polling-xhr.js:150
Request @ webpack-internal:///…s/polling-xhr.js:86
request @ webpack-internal:///…/polling-xhr.js:264
doPoll @ webpack-internal:///…s/polling-xhr.js:63
_poll @ webpack-internal:///…ports/polling.js:66
onData @ webpack-internal:///…ports/polling.js:96
Emitter.emit @ webpack-internal:///…ib/esm/index.js:140
_onLoad @ webpack-internal:///…/polling-xhr.js:204
xhr.onreadystatechange @ webpack-internal:///…/polling-xhr.js:140
XMLHttpRequest.send
_create @ webpack-internal:///…/polling-xhr.js:150
Request @ webpack-internal:///…s/polling-xhr.js:86
request @ webpack-internal:///…/polling-xhr.js:264
doPoll @ webpack-internal:///…s/polling-xhr.js:63
_poll @ webpack-internal:///…ports/polling.js:66
onData @ webpack-internal:///…ports/polling.js:96
Emitter.emit @ webpack-internal:///…ib/esm/index.js:140
_onLoad @ webpack-internal:///…/polling-xhr.js:204
xhr.onreadystatechange @ webpack-internal:///…/polling-xhr.js:140
XMLHttpRequest.send
_create @ webpack-internal:///…/polling-xhr.js:150
Request @ webpack-internal:///…s/polling-xhr.js:86
request @ webpack-internal:///…/polling-xhr.js:264
doPoll @ webpack-internal:///…s/polling-xhr.js:63
_poll @ webpack-internal:///…ports/polling.js:66
onData @ webpack-internal:///…ports/polling.js:96
Emitter.emit @ webpack-internal:///…ib/esm/index.js:140
_onLoad @ webpack-internal:///…/polling-xhr.js:204
xhr.onreadystatechange @ webpack-internal:///…/polling-xhr.js:140
XMLHttpRequest.send
_create @ webpack-internal:///…/polling-xhr.js:150
Request @ webpack-internal:///…s/polling-xhr.js:86
request @ webpack-internal:///…/polling-xhr.js:264
doPoll @ webpack-internal:///…s/polling-xhr.js:63
_poll @ webpack-internal:///…ports/polling.js:66
onData @ webpack-internal:///…ports/polling.js:96
Emitter.emit @ webpack-internal:///…ib/esm/index.js:140
_onLoad @ webpack-internal:///…/polling-xhr.js:204
xhr.onreadystatechange @ webpack-internal:///…/polling-xhr.js:140
XMLHttpRequest.send
_create @ webpack-internal:///…/polling-xhr.js:150
Request @ webpack-internal:///…s/polling-xhr.js:86
request @ webpack-internal:///…/polling-xhr.js:264
doPoll @ webpack-internal:///…s/polling-xhr.js:63
_poll @ webpack-internal:///…ports/polling.js:66
onData @ webpack-internal:///…ports/polling.js:96
Emitter.emit @ webpack-internal:///…ib/esm/index.js:140
_onLoad @ webpack-internal:///…/polling-xhr.js:204
xhr.onreadystatechange @ webpack-internal:///…/polling-xhr.js:140
XMLHttpRequest.send
_create @ webpack-internal:///…/polling-xhr.js:150
Request @ webpack-internal:///…s/polling-xhr.js:86
request @ webpack-internal:///…/polling-xhr.js:264
doPoll @ webpack-internal:///…s/polling-xhr.js:63
_poll @ webpack-internal:///…ports/polling.js:66
onData @ webpack-internal:///…ports/polling.js:96
Emitter.emit @ webpack-internal:///…ib/esm/index.js:140
_onLoad @ webpack-internal:///…/polling-xhr.js:204
xhr.onreadystatechange @ webpack-internal:///…/polling-xhr.js:140
XMLHttpRequest.send
_create @ webpack-internal:///…/polling-xhr.js:150
Request @ webpack-internal:///…s/polling-xhr.js:86
request @ webpack-internal:///…/polling-xhr.js:264
doPoll @ webpack-internal:///…s/polling-xhr.js:63
_poll @ webpack-internal:///…ports/polling.js:66
onData @ webpack-internal:///…ports/polling.js:96
Emitter.emit @ webpack-internal:///…ib/esm/index.js:140
_onLoad @ webpack-internal:///…/polling-xhr.js:204
xhr.onreadystatechange @ webpack-internal:///…/polling-xhr.js:140
XMLHttpRequest.send
_create @ webpack-internal:///…/polling-xhr.js:150
Request @ webpack-internal:///…s/polling-xhr.js:86
request @ webpack-internal:///…/polling-xhr.js:264
doPoll @ webpack-internal:///…s/polling-xhr.js:63
_poll @ webpack-internal:///…ports/polling.js:66
onData @ webpack-internal:///…ports/polling.js:96
Emitter.emit @ webpack-internal:///…ib/esm/index.js:140
_onLoad @ webpack-internal:///…/polling-xhr.js:204
xhr.onreadystatechange @ webpack-internal:///…/polling-xhr.js:140
XMLHttpRequest.send
_create @ webpack-internal:///…/polling-xhr.js:150
Request @ webpack-internal:///…s/polling-xhr.js:86
request @ webpack-internal:///…/polling-xhr.js:264
doPoll @ webpack-internal:///…s/polling-xhr.js:63
_poll @ webpack-internal:///…ports/polling.js:66
onData @ webpack-internal:///…ports/polling.js:96
Emitter.emit @ webpack-internal:///…ib/esm/index.js:140
_onLoad @ webpack-internal:///…/polling-xhr.js:204
xhr.onreadystatechange @ webpack-internal:///…/polling-xhr.js:140
XMLHttpRequest.send
_create @ webpack-internal:///…/polling-xhr.js:150
Request @ webpack-internal:///…s/polling-xhr.js:86
request @ webpack-internal:///…/polling-xhr.js:264
doPoll @ webpack-internal:///…s/polling-xhr.js:63
_poll @ webpack-internal:///…ports/polling.js:66
onData @ webpack-internal:///…ports/polling.js:96
Emitter.emit @ webpack-internal:///…ib/esm/index.js:140
_onLoad @ webpack-internal:///…/polling-xhr.js:204
xhr.onreadystatechange @ webpack-internal:///…/polling-xhr.js:140
XMLHttpRequest.send
_create @ webpack-internal:///…/polling-xhr.js:150
Request @ webpack-internal:///…s/polling-xhr.js:86
request @ webpack-internal:///…/polling-xhr.js:264
doPoll @ webpack-internal:///…s/polling-xhr.js:63
_poll @ webpack-internal:///…ports/polling.js:66
onData @ webpack-internal:///…ports/polling.js:96
Emitter.emit @ webpack-internal:///…ib/esm/index.js:140
_onLoad @ webpack-internal:///…/polling-xhr.js:204
xhr.onreadystatechange @ webpack-internal:///…/polling-xhr.js:140
XMLHttpRequest.send
_create @ webpack-internal:///…/polling-xhr.js:150
Request @ webpack-internal:///…s/polling-xhr.js:86
request @ webpack-internal:///…/polling-xhr.js:264
doPoll @ webpack-internal:///…s/polling-xhr.js:63
_poll @ webpack-internal:///…ports/polling.js:66
onData @ webpack-internal:///…ports/polling.js:96
Emitter.emit @ webpack-internal:///…ib/esm/index.js:140
_onLoad @ webpack-internal:///…/polling-xhr.js:204
xhr.onreadystatechange @ webpack-internal:///…/polling-xhr.js:140
XMLHttpRequest.send
_create @ webpack-internal:///…/polling-xhr.js:150
Request @ webpack-internal:///…s/polling-xhr.js:86
request @ webpack-internal:///…/polling-xhr.js:264
doPoll @ webpack-internal:///…s/polling-xhr.js:63
_poll @ webpack-internal:///…ports/polling.js:66
onData @ webpack-internal:///…ports/polling.js:96
Emitter.emit @ webpack-internal:///…ib/esm/index.js:140
_onLoad @ webpack-internal:///…/polling-xhr.js:204
xhr.onreadystatechange @ webpack-internal:///…/polling-xhr.js:140
XMLHttpRequest.send
_create @ webpack-internal:///…/polling-xhr.js:150
Request @ webpack-internal:///…s/polling-xhr.js:86
request @ webpack-internal:///…/polling-xhr.js:264
doPoll @ webpack-internal:///…s/polling-xhr.js:63
_poll @ webpack-internal:///…ports/polling.js:66
onData @ webpack-internal:///…ports/polling.js:96
Emitter.emit @ webpack-internal:///…ib/esm/index.js:140
_onLoad @ webpack-internal:///…/polling-xhr.js:204
xhr.onreadystatechange @ webpack-internal:///…/polling-xhr.js:140
XMLHttpRequest.send
_create @ webpack-internal:///…/polling-xhr.js:150
Request @ webpack-internal:///…s/polling-xhr.js:86
request @ webpack-internal:///…/polling-xhr.js:264
doPoll @ webpack-internal:///…s/polling-xhr.js:63
_poll @ webpack-internal:///…ports/polling.js:66
onData @ webpack-internal:///…ports/polling.js:96
Emitter.emit @ webpack-internal:///…ib/esm/index.js:140
_onLoad @ webpack-internal:///…/polling-xhr.js:204
xhr.onreadystatechange @ webpack-internal:///…/polling-xhr.js:140
XMLHttpRequest.send
_create @ webpack-internal:///…/polling-xhr.js:150
Request @ webpack-internal:///…s/polling-xhr.js:86
request @ webpack-internal:///…/polling-xhr.js:264
doPoll @ webpack-internal:///…s/polling-xhr.js:63
_poll @ webpack-internal:///…ports/polling.js:66
onData @ webpack-internal:///…ports/polling.js:96
Emitter.emit @ webpack-internal:///…ib/esm/index.js:140
_onLoad @ webpack-internal:///…/polling-xhr.js:204
xhr.onreadystatechange @ webpack-internal:///…/polling-xhr.js:140
10:20:01.365  [CallModal] ❌ Failed to create offer: 
window.console.error @ webpack-internal:///…ent/app-index.js:33
console.error @ webpack-internal:///…on-error-info.js:63
handleWebRTCStreamReady @ webpack-internal:///…t/CallModal.tsx:912
await in handleWebRTCStreamReady
Emitter.emit @ webpack-internal:///…ib/esm/index.js:140
emitEvent @ webpack-internal:///…d/esm/socket.js:545
onevent @ webpack-internal:///…d/esm/socket.js:532
onpacket @ webpack-internal:///…d/esm/socket.js:502
Emitter.emit @ webpack-internal:///…ib/esm/index.js:140
eval @ webpack-internal:///…/esm/manager.js:219
Promise.then
eval @ webpack-internal:///…d/esm/globals.js:11
ondecoded @ webpack-internal:///…/esm/manager.js:218
Emitter.emit @ webpack-internal:///…ib/esm/index.js:140
add @ webpack-internal:///…ld/esm/index.js:156
ondata @ webpack-internal:///…/esm/manager.js:205
Emitter.emit @ webpack-internal:///…ib/esm/index.js:140
_onPacket @ webpack-internal:///…d/esm/socket.js:272
Emitter.emit @ webpack-internal:///…ib/esm/index.js:140
onPacket @ webpack-internal:///…sm/transport.js:108
callback @ webpack-internal:///…ports/polling.js:86
onData @ webpack-internal:///…ports/polling.js:89
Emitter.emit @ webpack-internal:///…ib/esm/index.js:140
_onLoad @ webpack-internal:///…/polling-xhr.js:204
xhr.onreadystatechange @ webpack-internal:///…/polling-xhr.js:140
XMLHttpRequest.send
_create @ webpack-internal:///…/polling-xhr.js:150
Request @ webpack-internal:///…s/polling-xhr.js:86
request @ webpack-internal:///…/polling-xhr.js:264
doPoll @ webpack-internal:///…s/polling-xhr.js:63
_poll @ webpack-internal:///…ports/polling.js:66
onData @ webpack-internal:///…ports/polling.js:96
Emitter.emit @ webpack-internal:///…ib/esm/index.js:140
_onLoad @ webpack-internal:///…/polling-xhr.js:204
xhr.onreadystatechange @ webpack-internal:///…/polling-xhr.js:140
XMLHttpRequest.send
_create @ webpack-internal:///…/polling-xhr.js:150
Request @ webpack-internal:///…s/polling-xhr.js:86
request @ webpack-internal:///…/polling-xhr.js:264
doPoll @ webpack-internal:///…s/polling-xhr.js:63
_poll @ webpack-internal:///…ports/polling.js:66
onData @ webpack-internal:///…ports/polling.js:96
Emitter.emit @ webpack-internal:///…ib/esm/index.js:140
_onLoad @ webpack-internal:///…/polling-xhr.js:204
xhr.onreadystatechange @ webpack-internal:///…/polling-xhr.js:140
XMLHttpRequest.send
_create @ webpack-internal:///…/polling-xhr.js:150
Request @ webpack-internal:///…s/polling-xhr.js:86
request @ webpack-internal:///…/polling-xhr.js:264
doPoll @ webpack-internal:///…s/polling-xhr.js:63
_poll @ webpack-internal:///…ports/polling.js:66
onData @ webpack-internal:///…ports/polling.js:96
Emitter.emit @ webpack-internal:///…ib/esm/index.js:140
_onLoad @ webpack-internal:///…/polling-xhr.js:204
xhr.onreadystatechange @ webpack-internal:///…/polling-xhr.js:140
XMLHttpRequest.send
_create @ webpack-internal:///…/polling-xhr.js:150
Request @ webpack-internal:///…s/polling-xhr.js:86
request @ webpack-internal:///…/polling-xhr.js:264
doPoll @ webpack-internal:///…s/polling-xhr.js:63
_poll @ webpack-internal:///…ports/polling.js:66
onData @ webpack-internal:///…ports/polling.js:96
Emitter.emit @ webpack-internal:///…ib/esm/index.js:140
_onLoad @ webpack-internal:///…/polling-xhr.js:204
xhr.onreadystatechange @ webpack-internal:///…/polling-xhr.js:140
XMLHttpRequest.send
_create @ webpack-internal:///…/polling-xhr.js:150
Request @ webpack-internal:///…s/polling-xhr.js:86
request @ webpack-internal:///…/polling-xhr.js:264
doPoll @ webpack-internal:///…s/polling-xhr.js:63
_poll @ webpack-internal:///…ports/polling.js:66
onData @ webpack-internal:///…ports/polling.js:96
Emitter.emit @ webpack-internal:///…ib/esm/index.js:140
_onLoad @ webpack-internal:///…/polling-xhr.js:204
xhr.onreadystatechange @ webpack-internal:///…/polling-xhr.js:140
XMLHttpRequest.send
_create @ webpack-internal:///…/polling-xhr.js:150
Request @ webpack-internal:///…s/polling-xhr.js:86
request @ webpack-internal:///…/polling-xhr.js:264
doPoll @ webpack-internal:///…s/polling-xhr.js:63
_poll @ webpack-internal:///…ports/polling.js:66
onData @ webpack-internal:///…ports/polling.js:96
Emitter.emit @ webpack-internal:///…ib/esm/index.js:140
_onLoad @ webpack-internal:///…/polling-xhr.js:204
xhr.onreadystatechange @ webpack-internal:///…/polling-xhr.js:140
XMLHttpRequest.send
_create @ webpack-internal:///…/polling-xhr.js:150
Request @ webpack-internal:///…s/polling-xhr.js:86
request @ webpack-internal:///…/polling-xhr.js:264
doPoll @ webpack-internal:///…s/polling-xhr.js:63
_poll @ webpack-internal:///…ports/polling.js:66
onData @ webpack-internal:///…ports/polling.js:96
Emitter.emit @ webpack-internal:///…ib/esm/index.js:140
_onLoad @ webpack-internal:///…/polling-xhr.js:204
xhr.onreadystatechange @ webpack-internal:///…/polling-xhr.js:140
XMLHttpRequest.send
_create @ webpack-internal:///…/polling-xhr.js:150
Request @ webpack-internal:///…s/polling-xhr.js:86
request @ webpack-internal:///…/polling-xhr.js:264
doPoll @ webpack-internal:///…s/polling-xhr.js:63
_poll @ webpack-internal:///…ports/polling.js:66
onData @ webpack-internal:///…ports/polling.js:96
Emitter.emit @ webpack-internal:///…ib/esm/index.js:140
_onLoad @ webpack-internal:///…/polling-xhr.js:204
xhr.onreadystatechange @ webpack-internal:///…/polling-xhr.js:140
XMLHttpRequest.send
_create @ webpack-internal:///…/polling-xhr.js:150
Request @ webpack-internal:///…s/polling-xhr.js:86
request @ webpack-internal:///…/polling-xhr.js:264
doPoll @ webpack-internal:///…s/polling-xhr.js:63
_poll @ webpack-internal:///…ports/polling.js:66
onData @ webpack-internal:///…ports/polling.js:96
Emitter.emit @ webpack-internal:///…ib/esm/index.js:140
_onLoad @ webpack-internal:///…/polling-xhr.js:204
xhr.onreadystatechange @ webpack-internal:///…/polling-xhr.js:140
XMLHttpRequest.send
_create @ webpack-internal:///…/polling-xhr.js:150
Request @ webpack-internal:///…s/polling-xhr.js:86
request @ webpack-internal:///…/polling-xhr.js:264
doPoll @ webpack-internal:///…s/polling-xhr.js:63
_poll @ webpack-internal:///…ports/polling.js:66
onData @ webpack-internal:///…ports/polling.js:96
Emitter.emit @ webpack-internal:///…ib/esm/index.js:140
_onLoad @ webpack-internal:///…/polling-xhr.js:204
xhr.onreadystatechange @ webpack-internal:///…/polling-xhr.js:140
XMLHttpRequest.send
_create @ webpack-internal:///…/polling-xhr.js:150
Request @ webpack-internal:///…s/polling-xhr.js:86
request @ webpack-internal:///…/polling-xhr.js:264
doPoll @ webpack-internal:///…s/polling-xhr.js:63
_poll @ webpack-internal:///…ports/polling.js:66
onData @ webpack-internal:///…ports/polling.js:96
Emitter.emit @ webpack-internal:///…ib/esm/index.js:140
_onLoad @ webpack-internal:///…/polling-xhr.js:204
xhr.onreadystatechange @ webpack-internal:///…/polling-xhr.js:140
XMLHttpRequest.send
_create @ webpack-internal:///…/polling-xhr.js:150
Request @ webpack-internal:///…s/polling-xhr.js:86
request @ webpack-internal:///…/polling-xhr.js:264
doPoll @ webpack-internal:///…s/polling-xhr.js:63
_poll @ webpack-internal:///…ports/polling.js:66
onData @ webpack-internal:///…ports/polling.js:96
Emitter.emit @ webpack-internal:///…ib/esm/index.js:140
_onLoad @ webpack-internal:///…/polling-xhr.js:204
xhr.onreadystatechange @ webpack-internal:///…/polling-xhr.js:140
XMLHttpRequest.send
_create @ webpack-internal:///…/polling-xhr.js:150
Request @ webpack-internal:///…s/polling-xhr.js:86
request @ webpack-internal:///…/polling-xhr.js:264
doPoll @ webpack-internal:///…s/polling-xhr.js:63
_poll @ webpack-internal:///…ports/polling.js:66
onData @ webpack-internal:///…ports/polling.js:96
Emitter.emit @ webpack-internal:///…ib/esm/index.js:140
_onLoad @ webpack-internal:///…/polling-xhr.js:204
xhr.onreadystatechange @ webpack-internal:///…/polling-xhr.js:140
XMLHttpRequest.send
_create @ webpack-internal:///…/polling-xhr.js:150
Request @ webpack-internal:///…s/polling-xhr.js:86
request @ webpack-internal:///…/polling-xhr.js:264
doPoll @ webpack-internal:///…s/polling-xhr.js:63
_poll @ webpack-internal:///…ports/polling.js:66
onData @ webpack-internal:///…ports/polling.js:96
Emitter.emit @ webpack-internal:///…ib/esm/index.js:140
_onLoad @ webpack-internal:///…/polling-xhr.js:204
xhr.onreadystatechange @ webpack-internal:///…/polling-xhr.js:140
XMLHttpRequest.send
_create @ webpack-internal:///…/polling-xhr.js:150
Request @ webpack-internal:///…s/polling-xhr.js:86
request @ webpack-internal:///…/polling-xhr.js:264
doPoll @ webpack-internal:///…s/polling-xhr.js:63
_poll @ webpack-internal:///…ports/polling.js:66
onData @ webpack-internal:///…ports/polling.js:96
Emitter.emit @ webpack-internal:///…ib/esm/index.js:140
_onLoad @ webpack-internal:///…/polling-xhr.js:204
xhr.onreadystatechange @ webpack-internal:///…/polling-xhr.js:140
XMLHttpRequest.send
_create @ webpack-internal:///…/polling-xhr.js:150
Request @ webpack-internal:///…s/polling-xhr.js:86
request @ webpack-internal:///…/polling-xhr.js:264
doPoll @ webpack-internal:///…s/polling-xhr.js:63
_poll @ webpack-internal:///…ports/polling.js:66
onData @ webpack-internal:///…ports/polling.js:96
Emitter.emit @ webpack-internal:///…ib/esm/index.js:140
_onLoad @ webpack-internal:///…/polling-xhr.js:204
xhr.onreadystatechange @ webpack-internal:///…/polling-xhr.js:140
10:20:01.365  [CallModal] Retrieved remote stream for cmeumah180000kuygq63oa1qx : true
10:20:01.365  [CallModal] Remote stream tracks: [{…}]
10:20:01.366  [CallModal] ✅ Remote stream added to state for VideoGrid
10:20:01.366  [WebRTC] ❌ Failed to create offer for participant: cmeumah180000kuygq63oa1qx 
window.console.error @ webpack-internal:///…ent/app-index.js:33
console.error @ webpack-internal:///…on-error-info.js:63
safeCreateOffer @ webpack-internal:///…c/lib/webrtc.ts:343
await in safeCreateOffer
handleWebRTCStreamReady @ webpack-internal:///…t/CallModal.tsx:909
Emitter.emit @ webpack-internal:///…ib/esm/index.js:140
emitEvent @ webpack-internal:///…d/esm/socket.js:545
onevent @ webpack-internal:///…d/esm/socket.js:532
onpacket @ webpack-internal:///…d/esm/socket.js:502
Emitter.emit @ webpack-internal:///…ib/esm/index.js:140
eval @ webpack-internal:///…/esm/manager.js:219
Promise.then
eval @ webpack-internal:///…d/esm/globals.js:11
ondecoded @ webpack-internal:///…/esm/manager.js:218
Emitter.emit @ webpack-internal:///…ib/esm/index.js:140
add @ webpack-internal:///…ld/esm/index.js:156
ondata @ webpack-internal:///…/esm/manager.js:205
Emitter.emit @ webpack-internal:///…ib/esm/index.js:140
_onPacket @ webpack-internal:///…d/esm/socket.js:272
Emitter.emit @ webpack-internal:///…ib/esm/index.js:140
onPacket @ webpack-internal:///…sm/transport.js:108
callback @ webpack-internal:///…ports/polling.js:86
onData @ webpack-internal:///…ports/polling.js:89
Emitter.emit @ webpack-internal:///…ib/esm/index.js:140
_onLoad @ webpack-internal:///…/polling-xhr.js:204
xhr.onreadystatechange @ webpack-internal:///…/polling-xhr.js:140
XMLHttpRequest.send
_create @ webpack-internal:///…/polling-xhr.js:150
Request @ webpack-internal:///…s/polling-xhr.js:86
request @ webpack-internal:///…/polling-xhr.js:264
doPoll @ webpack-internal:///…s/polling-xhr.js:63
_poll @ webpack-internal:///…ports/polling.js:66
onData @ webpack-internal:///…ports/polling.js:96
Emitter.emit @ webpack-internal:///…ib/esm/index.js:140
_onLoad @ webpack-internal:///…/polling-xhr.js:204
xhr.onreadystatechange @ webpack-internal:///…/polling-xhr.js:140
XMLHttpRequest.send
_create @ webpack-internal:///…/polling-xhr.js:150
Request @ webpack-internal:///…s/polling-xhr.js:86
request @ webpack-internal:///…/polling-xhr.js:264
doPoll @ webpack-internal:///…s/polling-xhr.js:63
_poll @ webpack-internal:///…ports/polling.js:66
onData @ webpack-internal:///…ports/polling.js:96
Emitter.emit @ webpack-internal:///…ib/esm/index.js:140
_onLoad @ webpack-internal:///…/polling-xhr.js:204
xhr.onreadystatechange @ webpack-internal:///…/polling-xhr.js:140
XMLHttpRequest.send
_create @ webpack-internal:///…/polling-xhr.js:150
Request @ webpack-internal:///…s/polling-xhr.js:86
request @ webpack-internal:///…/polling-xhr.js:264
doPoll @ webpack-internal:///…s/polling-xhr.js:63
_poll @ webpack-internal:///…ports/polling.js:66
onData @ webpack-internal:///…ports/polling.js:96
Emitter.emit @ webpack-internal:///…ib/esm/index.js:140
_onLoad @ webpack-internal:///…/polling-xhr.js:204
xhr.onreadystatechange @ webpack-internal:///…/polling-xhr.js:140
XMLHttpRequest.send
_create @ webpack-internal:///…/polling-xhr.js:150
Request @ webpack-internal:///…s/polling-xhr.js:86
request @ webpack-internal:///…/polling-xhr.js:264
doPoll @ webpack-internal:///…s/polling-xhr.js:63
_poll @ webpack-internal:///…ports/polling.js:66
onData @ webpack-internal:///…ports/polling.js:96
Emitter.emit @ webpack-internal:///…ib/esm/index.js:140
_onLoad @ webpack-internal:///…/polling-xhr.js:204
xhr.onreadystatechange @ webpack-internal:///…/polling-xhr.js:140
XMLHttpRequest.send
_create @ webpack-internal:///…/polling-xhr.js:150
Request @ webpack-internal:///…s/polling-xhr.js:86
request @ webpack-internal:///…/polling-xhr.js:264
doPoll @ webpack-internal:///…s/polling-xhr.js:63
_poll @ webpack-internal:///…ports/polling.js:66
onData @ webpack-internal:///…ports/polling.js:96
Emitter.emit @ webpack-internal:///…ib/esm/index.js:140
_onLoad @ webpack-internal:///…/polling-xhr.js:204
xhr.onreadystatechange @ webpack-internal:///…/polling-xhr.js:140
XMLHttpRequest.send
_create @ webpack-internal:///…/polling-xhr.js:150
Request @ webpack-internal:///…s/polling-xhr.js:86
request @ webpack-internal:///…/polling-xhr.js:264
doPoll @ webpack-internal:///…s/polling-xhr.js:63
_poll @ webpack-internal:///…ports/polling.js:66
onData @ webpack-internal:///…ports/polling.js:96
Emitter.emit @ webpack-internal:///…ib/esm/index.js:140
_onLoad @ webpack-internal:///…/polling-xhr.js:204
xhr.onreadystatechange @ webpack-internal:///…/polling-xhr.js:140
XMLHttpRequest.send
_create @ webpack-internal:///…/polling-xhr.js:150
Request @ webpack-internal:///…s/polling-xhr.js:86
request @ webpack-internal:///…/polling-xhr.js:264
doPoll @ webpack-internal:///…s/polling-xhr.js:63
_poll @ webpack-internal:///…ports/polling.js:66
onData @ webpack-internal:///…ports/polling.js:96
Emitter.emit @ webpack-internal:///…ib/esm/index.js:140
_onLoad @ webpack-internal:///…/polling-xhr.js:204
xhr.onreadystatechange @ webpack-internal:///…/polling-xhr.js:140
XMLHttpRequest.send
_create @ webpack-internal:///…/polling-xhr.js:150
Request @ webpack-internal:///…s/polling-xhr.js:86
request @ webpack-internal:///…/polling-xhr.js:264
doPoll @ webpack-internal:///…s/polling-xhr.js:63
_poll @ webpack-internal:///…ports/polling.js:66
onData @ webpack-internal:///…ports/polling.js:96
Emitter.emit @ webpack-internal:///…ib/esm/index.js:140
_onLoad @ webpack-internal:///…/polling-xhr.js:204
xhr.onreadystatechange @ webpack-internal:///…/polling-xhr.js:140
XMLHttpRequest.send
_create @ webpack-internal:///…/polling-xhr.js:150
Request @ webpack-internal:///…s/polling-xhr.js:86
request @ webpack-internal:///…/polling-xhr.js:264
doPoll @ webpack-internal:///…s/polling-xhr.js:63
_poll @ webpack-internal:///…ports/polling.js:66
onData @ webpack-internal:///…ports/polling.js:96
Emitter.emit @ webpack-internal:///…ib/esm/index.js:140
_onLoad @ webpack-internal:///…/polling-xhr.js:204
xhr.onreadystatechange @ webpack-internal:///…/polling-xhr.js:140
XMLHttpRequest.send
_create @ webpack-internal:///…/polling-xhr.js:150
Request @ webpack-internal:///…s/polling-xhr.js:86
request @ webpack-internal:///…/polling-xhr.js:264
doPoll @ webpack-internal:///…s/polling-xhr.js:63
_poll @ webpack-internal:///…ports/polling.js:66
onData @ webpack-internal:///…ports/polling.js:96
Emitter.emit @ webpack-internal:///…ib/esm/index.js:140
_onLoad @ webpack-internal:///…/polling-xhr.js:204
xhr.onreadystatechange @ webpack-internal:///…/polling-xhr.js:140
XMLHttpRequest.send
_create @ webpack-internal:///…/polling-xhr.js:150
Request @ webpack-internal:///…s/polling-xhr.js:86
request @ webpack-internal:///…/polling-xhr.js:264
doPoll @ webpack-internal:///…s/polling-xhr.js:63
_poll @ webpack-internal:///…ports/polling.js:66
onData @ webpack-internal:///…ports/polling.js:96
Emitter.emit @ webpack-internal:///…ib/esm/index.js:140
_onLoad @ webpack-internal:///…/polling-xhr.js:204
xhr.onreadystatechange @ webpack-internal:///…/polling-xhr.js:140
XMLHttpRequest.send
_create @ webpack-internal:///…/polling-xhr.js:150
Request @ webpack-internal:///…s/polling-xhr.js:86
request @ webpack-internal:///…/polling-xhr.js:264
doPoll @ webpack-internal:///…s/polling-xhr.js:63
_poll @ webpack-internal:///…ports/polling.js:66
onData @ webpack-internal:///…ports/polling.js:96
Emitter.emit @ webpack-internal:///…ib/esm/index.js:140
_onLoad @ webpack-internal:///…/polling-xhr.js:204
xhr.onreadystatechange @ webpack-internal:///…/polling-xhr.js:140
XMLHttpRequest.send
_create @ webpack-internal:///…/polling-xhr.js:150
Request @ webpack-internal:///…s/polling-xhr.js:86
request @ webpack-internal:///…/polling-xhr.js:264
doPoll @ webpack-internal:///…s/polling-xhr.js:63
_poll @ webpack-internal:///…ports/polling.js:66
onData @ webpack-internal:///…ports/polling.js:96
Emitter.emit @ webpack-internal:///…ib/esm/index.js:140
_onLoad @ webpack-internal:///…/polling-xhr.js:204
xhr.onreadystatechange @ webpack-internal:///…/polling-xhr.js:140
XMLHttpRequest.send
_create @ webpack-internal:///…/polling-xhr.js:150
Request @ webpack-internal:///…s/polling-xhr.js:86
request @ webpack-internal:///…/polling-xhr.js:264
doPoll @ webpack-internal:///…s/polling-xhr.js:63
_poll @ webpack-internal:///…ports/polling.js:66
onData @ webpack-internal:///…ports/polling.js:96
Emitter.emit @ webpack-internal:///…ib/esm/index.js:140
_onLoad @ webpack-internal:///…/polling-xhr.js:204
xhr.onreadystatechange @ webpack-internal:///…/polling-xhr.js:140
XMLHttpRequest.send
_create @ webpack-internal:///…/polling-xhr.js:150
Request @ webpack-internal:///…s/polling-xhr.js:86
request @ webpack-internal:///…/polling-xhr.js:264
doPoll @ webpack-internal:///…s/polling-xhr.js:63
_poll @ webpack-internal:///…ports/polling.js:66
onData @ webpack-internal:///…ports/polling.js:96
Emitter.emit @ webpack-internal:///…ib/esm/index.js:140
_onLoad @ webpack-internal:///…/polling-xhr.js:204
xhr.onreadystatechange @ webpack-internal:///…/polling-xhr.js:140
XMLHttpRequest.send
_create @ webpack-internal:///…/polling-xhr.js:150
Request @ webpack-internal:///…s/polling-xhr.js:86
request @ webpack-internal:///…/polling-xhr.js:264
doPoll @ webpack-internal:///…s/polling-xhr.js:63
_poll @ webpack-internal:///…ports/polling.js:66
onData @ webpack-internal:///…ports/polling.js:96
Emitter.emit @ webpack-internal:///…ib/esm/index.js:140
_onLoad @ webpack-internal:///…/polling-xhr.js:204
xhr.onreadystatechange @ webpack-internal:///…/polling-xhr.js:140
10:20:01.366  [CallModal] ❌ Failed to create offer: 
window.console.error @ webpack-internal:///…ent/app-index.js:33
console.error @ webpack-internal:///…on-error-info.js:63
handleWebRTCStreamReady @ webpack-internal:///…t/CallModal.tsx:912
await in handleWebRTCStreamReady
Emitter.emit @ webpack-internal:///…ib/esm/index.js:140
emitEvent @ webpack-internal:///…d/esm/socket.js:545
onevent @ webpack-internal:///…d/esm/socket.js:532
onpacket @ webpack-internal:///…d/esm/socket.js:502
Emitter.emit @ webpack-internal:///…ib/esm/index.js:140
eval @ webpack-internal:///…/esm/manager.js:219
Promise.then
eval @ webpack-internal:///…d/esm/globals.js:11
ondecoded @ webpack-internal:///…/esm/manager.js:218
Emitter.emit @ webpack-internal:///…ib/esm/index.js:140
add @ webpack-internal:///…ld/esm/index.js:156
ondata @ webpack-internal:///…/esm/manager.js:205
Emitter.emit @ webpack-internal:///…ib/esm/index.js:140
_onPacket @ webpack-internal:///…d/esm/socket.js:272
Emitter.emit @ webpack-internal:///…ib/esm/index.js:140
onPacket @ webpack-internal:///…sm/transport.js:108
callback @ webpack-internal:///…ports/polling.js:86
onData @ webpack-internal:///…ports/polling.js:89
Emitter.emit @ webpack-internal:///…ib/esm/index.js:140
_onLoad @ webpack-internal:///…/polling-xhr.js:204
xhr.onreadystatechange @ webpack-internal:///…/polling-xhr.js:140
XMLHttpRequest.send
_create @ webpack-internal:///…/polling-xhr.js:150
Request @ webpack-internal:///…s/polling-xhr.js:86
request @ webpack-internal:///…/polling-xhr.js:264
doPoll @ webpack-internal:///…s/polling-xhr.js:63
_poll @ webpack-internal:///…ports/polling.js:66
onData @ webpack-internal:///…ports/polling.js:96
Emitter.emit @ webpack-internal:///…ib/esm/index.js:140
_onLoad @ webpack-internal:///…/polling-xhr.js:204
xhr.onreadystatechange @ webpack-internal:///…/polling-xhr.js:140
XMLHttpRequest.send
_create @ webpack-internal:///…/polling-xhr.js:150
Request @ webpack-internal:///…s/polling-xhr.js:86
request @ webpack-internal:///…/polling-xhr.js:264
doPoll @ webpack-internal:///…s/polling-xhr.js:63
_poll @ webpack-internal:///…ports/polling.js:66
onData @ webpack-internal:///…ports/polling.js:96
Emitter.emit @ webpack-internal:///…ib/esm/index.js:140
_onLoad @ webpack-internal:///…/polling-xhr.js:204
xhr.onreadystatechange @ webpack-internal:///…/polling-xhr.js:140
XMLHttpRequest.send
_create @ webpack-internal:///…/polling-xhr.js:150
Request @ webpack-internal:///…s/polling-xhr.js:86
request @ webpack-internal:///…/polling-xhr.js:264
doPoll @ webpack-internal:///…s/polling-xhr.js:63
_poll @ webpack-internal:///…ports/polling.js:66
onData @ webpack-internal:///…ports/polling.js:96
Emitter.emit @ webpack-internal:///…ib/esm/index.js:140
_onLoad @ webpack-internal:///…/polling-xhr.js:204
xhr.onreadystatechange @ webpack-internal:///…/polling-xhr.js:140
XMLHttpRequest.send
_create @ webpack-internal:///…/polling-xhr.js:150
Request @ webpack-internal:///…s/polling-xhr.js:86
request @ webpack-internal:///…/polling-xhr.js:264
doPoll @ webpack-internal:///…s/polling-xhr.js:63
_poll @ webpack-internal:///…ports/polling.js:66
onData @ webpack-internal:///…ports/polling.js:96
Emitter.emit @ webpack-internal:///…ib/esm/index.js:140
_onLoad @ webpack-internal:///…/polling-xhr.js:204
xhr.onreadystatechange @ webpack-internal:///…/polling-xhr.js:140
XMLHttpRequest.send
_create @ webpack-internal:///…/polling-xhr.js:150
Request @ webpack-internal:///…s/polling-xhr.js:86
request @ webpack-internal:///…/polling-xhr.js:264
doPoll @ webpack-internal:///…s/polling-xhr.js:63
_poll @ webpack-internal:///…ports/polling.js:66
onData @ webpack-internal:///…ports/polling.js:96
Emitter.emit @ webpack-internal:///…ib/esm/index.js:140
_onLoad @ webpack-internal:///…/polling-xhr.js:204
xhr.onreadystatechange @ webpack-internal:///…/polling-xhr.js:140
XMLHttpRequest.send
_create @ webpack-internal:///…/polling-xhr.js:150
Request @ webpack-internal:///…s/polling-xhr.js:86
request @ webpack-internal:///…/polling-xhr.js:264
doPoll @ webpack-internal:///…s/polling-xhr.js:63
_poll @ webpack-internal:///…ports/polling.js:66
onData @ webpack-internal:///…ports/polling.js:96
Emitter.emit @ webpack-internal:///…ib/esm/index.js:140
_onLoad @ webpack-internal:///…/polling-xhr.js:204
xhr.onreadystatechange @ webpack-internal:///…/polling-xhr.js:140
XMLHttpRequest.send
_create @ webpack-internal:///…/polling-xhr.js:150
Request @ webpack-internal:///…s/polling-xhr.js:86
request @ webpack-internal:///…/polling-xhr.js:264
doPoll @ webpack-internal:///…s/polling-xhr.js:63
_poll @ webpack-internal:///…ports/polling.js:66
onData @ webpack-internal:///…ports/polling.js:96
Emitter.emit @ webpack-internal:///…ib/esm/index.js:140
_onLoad @ webpack-internal:///…/polling-xhr.js:204
xhr.onreadystatechange @ webpack-internal:///…/polling-xhr.js:140
XMLHttpRequest.send
_create @ webpack-internal:///…/polling-xhr.js:150
Request @ webpack-internal:///…s/polling-xhr.js:86
request @ webpack-internal:///…/polling-xhr.js:264
doPoll @ webpack-internal:///…s/polling-xhr.js:63
_poll @ webpack-internal:///…ports/polling.js:66
onData @ webpack-internal:///…ports/polling.js:96
Emitter.emit @ webpack-internal:///…ib/esm/index.js:140
_onLoad @ webpack-internal:///…/polling-xhr.js:204
xhr.onreadystatechange @ webpack-internal:///…/polling-xhr.js:140
XMLHttpRequest.send
_create @ webpack-internal:///…/polling-xhr.js:150
Request @ webpack-internal:///…s/polling-xhr.js:86
request @ webpack-internal:///…/polling-xhr.js:264
doPoll @ webpack-internal:///…s/polling-xhr.js:63
_poll @ webpack-internal:///…ports/polling.js:66
onData @ webpack-internal:///…ports/polling.js:96
Emitter.emit @ webpack-internal:///…ib/esm/index.js:140
_onLoad @ webpack-internal:///…/polling-xhr.js:204
xhr.onreadystatechange @ webpack-internal:///…/polling-xhr.js:140
XMLHttpRequest.send
_create @ webpack-internal:///…/polling-xhr.js:150
Request @ webpack-internal:///…s/polling-xhr.js:86
request @ webpack-internal:///…/polling-xhr.js:264
doPoll @ webpack-internal:///…s/polling-xhr.js:63
_poll @ webpack-internal:///…ports/polling.js:66
onData @ webpack-internal:///…ports/polling.js:96
Emitter.emit @ webpack-internal:///…ib/esm/index.js:140
_onLoad @ webpack-internal:///…/polling-xhr.js:204
xhr.onreadystatechange @ webpack-internal:///…/polling-xhr.js:140
XMLHttpRequest.send
_create @ webpack-internal:///…/polling-xhr.js:150
Request @ webpack-internal:///…s/polling-xhr.js:86
request @ webpack-internal:///…/polling-xhr.js:264
doPoll @ webpack-internal:///…s/polling-xhr.js:63
_poll @ webpack-internal:///…ports/polling.js:66
onData @ webpack-internal:///…ports/polling.js:96
Emitter.emit @ webpack-internal:///…ib/esm/index.js:140
_onLoad @ webpack-internal:///…/polling-xhr.js:204
xhr.onreadystatechange @ webpack-internal:///…/polling-xhr.js:140
XMLHttpRequest.send
_create @ webpack-internal:///…/polling-xhr.js:150
Request @ webpack-internal:///…s/polling-xhr.js:86
request @ webpack-internal:///…/polling-xhr.js:264
doPoll @ webpack-internal:///…s/polling-xhr.js:63
_poll @ webpack-internal:///…ports/polling.js:66
onData @ webpack-internal:///…ports/polling.js:96
Emitter.emit @ webpack-internal:///…ib/esm/index.js:140
_onLoad @ webpack-internal:///…/polling-xhr.js:204
xhr.onreadystatechange @ webpack-internal:///…/polling-xhr.js:140
XMLHttpRequest.send
_create @ webpack-internal:///…/polling-xhr.js:150
Request @ webpack-internal:///…s/polling-xhr.js:86
request @ webpack-internal:///…/polling-xhr.js:264
doPoll @ webpack-internal:///…s/polling-xhr.js:63
_poll @ webpack-internal:///…ports/polling.js:66
onData @ webpack-internal:///…ports/polling.js:96
Emitter.emit @ webpack-internal:///…ib/esm/index.js:140
_onLoad @ webpack-internal:///…/polling-xhr.js:204
xhr.onreadystatechange @ webpack-internal:///…/polling-xhr.js:140
XMLHttpRequest.send
_create @ webpack-internal:///…/polling-xhr.js:150
Request @ webpack-internal:///…s/polling-xhr.js:86
request @ webpack-internal:///…/polling-xhr.js:264
doPoll @ webpack-internal:///…s/polling-xhr.js:63
_poll @ webpack-internal:///…ports/polling.js:66
onData @ webpack-internal:///…ports/polling.js:96
Emitter.emit @ webpack-internal:///…ib/esm/index.js:140
_onLoad @ webpack-internal:///…/polling-xhr.js:204
xhr.onreadystatechange @ webpack-internal:///…/polling-xhr.js:140
XMLHttpRequest.send
_create @ webpack-internal:///…/polling-xhr.js:150
Request @ webpack-internal:///…s/polling-xhr.js:86
request @ webpack-internal:///…/polling-xhr.js:264
doPoll @ webpack-internal:///…s/polling-xhr.js:63
_poll @ webpack-internal:///…ports/polling.js:66
onData @ webpack-internal:///…ports/polling.js:96
Emitter.emit @ webpack-internal:///…ib/esm/index.js:140
_onLoad @ webpack-internal:///…/polling-xhr.js:204
xhr.onreadystatechange @ webpack-internal:///…/polling-xhr.js:140
XMLHttpRequest.send
_create @ webpack-internal:///…/polling-xhr.js:150
Request @ webpack-internal:///…s/polling-xhr.js:86
request @ webpack-internal:///…/polling-xhr.js:264
doPoll @ webpack-internal:///…s/polling-xhr.js:63
_poll @ webpack-internal:///…ports/polling.js:66
onData @ webpack-internal:///…ports/polling.js:96
Emitter.emit @ webpack-internal:///…ib/esm/index.js:140
_onLoad @ webpack-internal:///…/polling-xhr.js:204
xhr.onreadystatechange @ webpack-internal:///…/polling-xhr.js:140
10:20:01.366  [CallModal] Retrieved remote stream for cmeumah180000kuygq63oa1qx : true
10:20:01.366  [CallModal] Remote stream tracks: [{…}]
10:20:01.366  [CallModal] ✅ Remote stream added to state for VideoGrid
10:20:01.401  [WebRTC] Received ICE candidate from: cmeumah180000kuygq63oa1qx
10:20:01.405  [VoiceActivity] Effect triggered: {hasStream: true, streamId: 'bc884001-458b-454b-890a-15ea46c82cad', audioTracks: 1, threshold: -40}
10:20:01.406  [VoiceActivity] Initializing for stream: bc884001-458b-454b-890a-15ea46c82cad with 1 audio tracks
10:20:01.407  [VoiceActivity] Effect triggered: {hasStream: true, streamId: '11f1cb2e-ff24-4f0a-9e82-dab593c0342f', audioTracks: 1, threshold: -40}
10:20:01.408  [VoiceActivity] Initializing for stream: 11f1cb2e-ff24-4f0a-9e82-dab593c0342f with 1 audio tracks
10:20:01.409  [CallModal] Updated peer connections for performance monitoring: 2
10:20:01.409  [CallModal] Peer connection participants: (2) ['cmeifn5qp002dkunge64m0xss', 'cmeumah180000kuygq63oa1qx']
10:20:01.410  [VoiceActivity] Effect triggered: {hasStream: true, streamId: 'bc884001-458b-454b-890a-15ea46c82cad', audioTracks: 1, threshold: -40}
10:20:01.410  [VoiceActivity] Initializing for stream: bc884001-458b-454b-890a-15ea46c82cad with 1 audio tracks
10:20:01.411  [VoiceActivity] Effect triggered: {hasStream: true, streamId: '11f1cb2e-ff24-4f0a-9e82-dab593c0342f', audioTracks: 1, threshold: -40}
10:20:01.411  [VoiceActivity] Initializing for stream: 11f1cb2e-ff24-4f0a-9e82-dab593c0342f with 1 audio tracks
10:20:01.412  [WebRTC] 📡 Sending answer to: cmeumah180000kuygq63oa1qx
10:20:01.413  [WebRTC] ✅ Answer successfully sent to: cmeumah180000kuygq63oa1qx
10:20:01.414  [CallModal] Audio loadeddata event for cmeifn5qp002dkunge64m0xss
10:20:01.414  [CallModal] Audio can play for cmeifn5qp002dkunge64m0xss
10:20:01.414  [CallModal] Audio canplay event for cmeifn5qp002dkunge64m0xss
10:20:01.414  [CallModal] Audio is playing for cmeifn5qp002dkunge64m0xss
10:20:01.414  [CallModal] ✅ Audio playing immediately for participant cmeifn5qp002dkunge64m0xss
10:20:01.414  [CallModal] ✅ Audio playing immediately for participant cmeifn5qp002dkunge64m0xss
10:20:01.414  [CallModal] ✅ Audio playing immediately for participant cmeifn5qp002dkunge64m0xss
10:20:01.414  [WebRTC] ICE candidate added for: cmeumah180000kuygq63oa1qx
10:20:01.415  [CallModal] Audio loadeddata event for cmeumah180000kuygq63oa1qx
10:20:01.415  [CallModal] Audio can play for cmeumah180000kuygq63oa1qx
10:20:01.415  [CallModal] Audio canplay event for cmeumah180000kuygq63oa1qx
10:20:01.417  [CallModal] Audio is playing for cmeumah180000kuygq63oa1qx
10:20:01.417  [CallModal] ✅ Audio playing immediately for participant cmeumah180000kuygq63oa1qx
10:20:01.417  [CallModal] ✅ Audio playing immediately for participant cmeumah180000kuygq63oa1qx
10:20:01.417  [CallModal] ✅ Audio playing immediately for participant cmeumah180000kuygq63oa1qx
10:20:01.419  [WebRTC] Received ICE candidate from: cmeumah180000kuygq63oa1qx
10:20:01.420  [CallModal] Rendered - voice call opened
10:20:01.420  [CallModal] Updated remote streams map, now has: (2) ['cmeifn5qp002dkunge64m0xss', 'cmeumah180000kuygq63oa1qx']
10:20:01.421  [CallModal] Updated remote streams map, now has: (2) ['cmeifn5qp002dkunge64m0xss', 'cmeumah180000kuygq63oa1qx']
10:20:01.421  [CallModal] Updated remote streams map, now has: (2) ['cmeifn5qp002dkunge64m0xss', 'cmeumah180000kuygq63oa1qx']
10:20:01.421  [CallModal] Updated remote streams map, now has: (2) ['cmeifn5qp002dkunge64m0xss', 'cmeumah180000kuygq63oa1qx']
10:20:01.421  [CallModal] Updated remote streams map, now has: (2) ['cmeifn5qp002dkunge64m0xss', 'cmeumah180000kuygq63oa1qx']
10:20:01.422  [CallModal] Updated remote streams map, now has: (2) ['cmeifn5qp002dkunge64m0xss', 'cmeumah180000kuygq63oa1qx']
10:20:01.422  [CallModal] Rendered - voice call opened
10:20:01.423  [VoiceParticipant] Zber Samolde voice activity debug: {participantId: 'cmeumah180000kuygq63oa1qx', hasOriginalStream: true, hasLatestStream: true, streamActive: true, audioTracksCount: 1, …}
10:20:01.423  [VoiceParticipant] Zber Samolde voice activity debug: {participantId: 'cmeumah180000kuygq63oa1qx', hasOriginalStream: true, hasLatestStream: true, streamActive: true, audioTracksCount: 1, …}
10:20:01.424  [VoiceParticipant] Tester2 voice activity debug: {participantId: 'cmeifn5qp002dkunge64m0xss', hasOriginalStream: true, hasLatestStream: true, streamActive: true, audioTracksCount: 1, …}
10:20:01.424  [VoiceParticipant] Tester2 voice activity debug: {participantId: 'cmeifn5qp002dkunge64m0xss', hasOriginalStream: true, hasLatestStream: true, streamActive: true, audioTracksCount: 1, …}
10:20:01.426  [CallModal] 🔊 Setting up audio element for participant cmeifn5qp002dkunge64m0xss
10:20:01.426  [CallModal] Stream details: {id: '11f1cb2e-ff24-4f0a-9e82-dab593c0342f', active: true, audioTracks: Array(1)}
10:20:01.427  [CallModal] Previous audio element for cmeifn5qp002dkunge64m0xss: false
10:20:01.430  [CallModal] Cleared previous srcObject for cmeifn5qp002dkunge64m0xss
10:20:01.432  [CallModal] 🔊 Setting up audio element for participant cmeumah180000kuygq63oa1qx
10:20:01.432  [CallModal] Stream details: {id: 'bc884001-458b-454b-890a-15ea46c82cad', active: true, audioTracks: Array(1)}
10:20:01.433  [CallModal] Previous audio element for cmeumah180000kuygq63oa1qx: false
10:20:01.436  [CallModal] Cleared previous srcObject for cmeumah180000kuygq63oa1qx
10:20:01.439  [WebRTC] ICE candidate added for: cmeumah180000kuygq63oa1qx
10:20:01.543  [VoiceActivity] Effect triggered: {hasStream: true, streamId: 'bc884001-458b-454b-890a-15ea46c82cad', audioTracks: 1, threshold: -40}
10:20:01.544  [VoiceActivity] Initializing for stream: bc884001-458b-454b-890a-15ea46c82cad with 1 audio tracks
10:20:01.545  [VoiceActivity] Effect triggered: {hasStream: true, streamId: '11f1cb2e-ff24-4f0a-9e82-dab593c0342f', audioTracks: 1, threshold: -40}
10:20:01.545  [VoiceActivity] Initializing for stream: 11f1cb2e-ff24-4f0a-9e82-dab593c0342f with 1 audio tracks
10:20:01.546  [CallModal] Updated peer connections for performance monitoring: 2
10:20:01.546  [CallModal] Peer connection participants: (2) ['cmeifn5qp002dkunge64m0xss', 'cmeumah180000kuygq63oa1qx']
10:20:01.547  [useCallPerformance] Connection states: (2) [{…}, {…}]
10:20:01.547  [useCallPerformance] Starting monitoring for 1 valid connections
10:20:01.548  [VoiceActivity] Effect triggered: {hasStream: true, streamId: 'bc884001-458b-454b-890a-15ea46c82cad', audioTracks: 1, threshold: -40}
10:20:01.548  [VoiceActivity] Initializing for stream: bc884001-458b-454b-890a-15ea46c82cad with 1 audio tracks
10:20:01.548  [VoiceActivity] Effect triggered: {hasStream: true, streamId: '11f1cb2e-ff24-4f0a-9e82-dab593c0342f', audioTracks: 1, threshold: -40}
10:20:01.548  [VoiceActivity] Initializing for stream: 11f1cb2e-ff24-4f0a-9e82-dab593c0342f with 1 audio tracks
10:20:01.550  [CallModal] Audio loadeddata event for cmeifn5qp002dkunge64m0xss
10:20:01.550  [CallModal] Audio can play for cmeifn5qp002dkunge64m0xss
10:20:01.550  [CallModal] Audio canplay event for cmeifn5qp002dkunge64m0xss
10:20:01.550  [CallModal] Audio is playing for cmeifn5qp002dkunge64m0xss
10:20:01.550  [CallModal] ✅ Audio playing immediately for participant cmeifn5qp002dkunge64m0xss
10:20:01.550  [CallModal] ✅ Audio playing immediately for participant cmeifn5qp002dkunge64m0xss
10:20:01.550  [CallModal] ✅ Audio playing immediately for participant cmeifn5qp002dkunge64m0xss
10:20:01.551  [CallModal] Audio loadeddata event for cmeumah180000kuygq63oa1qx
10:20:01.552  [CallModal] Audio can play for cmeumah180000kuygq63oa1qx
10:20:01.552  [CallModal] Audio canplay event for cmeumah180000kuygq63oa1qx
10:20:01.552  [CallModal] Audio is playing for cmeumah180000kuygq63oa1qx
10:20:01.552  [CallModal] ✅ Audio playing immediately for participant cmeumah180000kuygq63oa1qx
10:20:01.552  [CallModal] ✅ Audio playing immediately for participant cmeumah180000kuygq63oa1qx
10:20:01.552  [CallModal] ✅ Audio playing immediately for participant cmeumah180000kuygq63oa1qx
10:20:01.553  [useCallPerformance] Network metrics: {audioPacketLoss: 0, videoPacketLoss: 0, videoFrameRate: 0, latency: 1, callType: 'voice'}
10:20:01.553  [useCallPerformance] Skipping stats for cmeumah180000kuygq63oa1qx - connection state: failed
eval @ webpack-internal:///…lPerformance.ts:102
await in eval
eval @ webpack-internal:///…lPerformance.ts:178
eval @ webpack-internal:///…lPerformance.ts:209
commitHookEffectListMount @ webpack-internal:///…evelopment.js:21102
commitHookPassiveMountEffects @ webpack-internal:///…evelopment.js:23154
commitPassiveMountOnFiber @ webpack-internal:///…evelopment.js:23259
recursivelyTraversePassiveMountEffects @ webpack-internal:///…evelopment.js:23237
commitPassiveMountOnFiber @ webpack-internal:///…evelopment.js:23370
recursivelyTraversePassiveMountEffects @ webpack-internal:///…evelopment.js:23237
commitPassiveMountOnFiber @ webpack-internal:///…evelopment.js:23256
recursivelyTraversePassiveMountEffects @ webpack-internal:///…evelopment.js:23237
commitPassiveMountOnFiber @ webpack-internal:///…evelopment.js:23370
recursivelyTraversePassiveMountEffects @ webpack-internal:///…evelopment.js:23237
commitPassiveMountOnFiber @ webpack-internal:///…evelopment.js:23370
recursivelyTraversePassiveMountEffects @ webpack-internal:///…evelopment.js:23237
commitPassiveMountOnFiber @ webpack-internal:///…evelopment.js:23370
recursivelyTraversePassiveMountEffects @ webpack-internal:///…evelopment.js:23237
commitPassiveMountOnFiber @ webpack-internal:///…evelopment.js:23256
recursivelyTraversePassiveMountEffects @ webpack-internal:///…evelopment.js:23237
commitPassiveMountOnFiber @ webpack-internal:///…evelopment.js:23256
recursivelyTraversePassiveMountEffects @ webpack-internal:///…evelopment.js:23237
commitPassiveMountOnFiber @ webpack-internal:///…evelopment.js:23370
recursivelyTraversePassiveMountEffects @ webpack-internal:///…evelopment.js:23237
commitPassiveMountOnFiber @ webpack-internal:///…evelopment.js:23370
recursivelyTraversePassiveMountEffects @ webpack-internal:///…evelopment.js:23237
commitPassiveMountOnFiber @ webpack-internal:///…evelopment.js:23256
recursivelyTraversePassiveMountEffects @ webpack-internal:///…evelopment.js:23237
commitPassiveMountOnFiber @ webpack-internal:///…evelopment.js:23370
recursivelyTraversePassiveMountEffects @ webpack-internal:///…evelopment.js:23237
commitPassiveMountOnFiber @ webpack-internal:///…evelopment.js:23256
recursivelyTraversePassiveMountEffects @ webpack-internal:///…evelopment.js:23237
commitPassiveMountOnFiber @ webpack-internal:///…evelopment.js:23256
recursivelyTraversePassiveMountEffects @ webpack-internal:///…evelopment.js:23237
commitPassiveMountOnFiber @ webpack-internal:///…evelopment.js:23256
recursivelyTraversePassiveMountEffects @ webpack-internal:///…evelopment.js:23237
commitPassiveMountOnFiber @ webpack-internal:///…evelopment.js:23256
recursivelyTraversePassiveMountEffects @ webpack-internal:///…evelopment.js:23237
commitPassiveMountOnFiber @ webpack-internal:///…evelopment.js:23370
recursivelyTraversePassiveMountEffects @ webpack-internal:///…evelopment.js:23237
commitPassiveMountOnFiber @ webpack-internal:///…evelopment.js:23256
recursivelyTraversePassiveMountEffects @ webpack-internal:///…evelopment.js:23237
commitPassiveMountOnFiber @ webpack-internal:///…evelopment.js:23256
recursivelyTraversePassiveMountEffects @ webpack-internal:///…evelopment.js:23237
commitPassiveMountOnFiber @ webpack-internal:///…evelopment.js:23370
recursivelyTraversePassiveMountEffects @ webpack-internal:///…evelopment.js:23237
commitPassiveMountOnFiber @ webpack-internal:///…evelopment.js:23256
recursivelyTraversePassiveMountEffects @ webpack-internal:///…evelopment.js:23237
commitPassiveMountOnFiber @ webpack-internal:///…evelopment.js:23370
recursivelyTraversePassiveMountEffects @ webpack-internal:///…evelopment.js:23237
commitPassiveMountOnFiber @ webpack-internal:///…evelopment.js:23256
recursivelyTraversePassiveMountEffects @ webpack-internal:///…evelopment.js:23237
commitPassiveMountOnFiber @ webpack-internal:///…evelopment.js:23370
recursivelyTraversePassiveMountEffects @ webpack-internal:///…evelopment.js:23237
commitPassiveMountOnFiber @ webpack-internal:///…evelopment.js:23256
recursivelyTraversePassiveMountEffects @ webpack-internal:///…evelopment.js:23237
commitPassiveMountOnFiber @ webpack-internal:///…evelopment.js:23370
recursivelyTraversePassiveMountEffects @ webpack-internal:///…evelopment.js:23237
commitPassiveMountOnFiber @ webpack-internal:///…evelopment.js:23256
recursivelyTraversePassiveMountEffects @ webpack-internal:///…evelopment.js:23237
commitPassiveMountOnFiber @ webpack-internal:///…evelopment.js:23256
recursivelyTraversePassiveMountEffects @ webpack-internal:///…evelopment.js:23237
commitPassiveMountOnFiber @ webpack-internal:///…evelopment.js:23256
recursivelyTraversePassiveMountEffects @ webpack-internal:///…evelopment.js:23237
commitPassiveMountOnFiber @ webpack-internal:///…evelopment.js:23370
recursivelyTraversePassiveMountEffects @ webpack-internal:///…evelopment.js:23237
commitPassiveMountOnFiber @ webpack-internal:///…evelopment.js:23256
recursivelyTraversePassiveMountEffects @ webpack-internal:///…evelopment.js:23237
commitPassiveMountOnFiber @ webpack-internal:///…evelopment.js:23256
recursivelyTraversePassiveMountEffects @ webpack-internal:///…evelopment.js:23237
commitPassiveMountOnFiber @ webpack-internal:///…evelopment.js:23370
recursivelyTraversePassiveMountEffects @ webpack-internal:///…evelopment.js:23237
commitPassiveMountOnFiber @ webpack-internal:///…evelopment.js:23256
recursivelyTraversePassiveMountEffects @ webpack-internal:///…evelopment.js:23237
commitPassiveMountOnFiber @ webpack-internal:///…evelopment.js:23370
recursivelyTraversePassiveMountEffects @ webpack-internal:///…evelopment.js:23237
commitPassiveMountOnFiber @ webpack-internal:///…evelopment.js:23370
recursivelyTraversePassiveMountEffects @ webpack-internal:///…evelopment.js:23237
commitPassiveMountOnFiber @ webpack-internal:///…evelopment.js:23256
recursivelyTraversePassiveMountEffects @ webpack-internal:///…evelopment.js:23237
commitPassiveMountOnFiber @ webpack-internal:///…evelopment.js:23370
recursivelyTraversePassiveMountEffects @ webpack-internal:///…evelopment.js:23237
commitPassiveMountOnFiber @ webpack-internal:///…evelopment.js:23256
recursivelyTraversePassiveMountEffects @ webpack-internal:///…evelopment.js:23237
commitPassiveMountOnFiber @ webpack-internal:///…evelopment.js:23370
recursivelyTraversePassiveMountEffects @ webpack-internal:///…evelopment.js:23237
commitPassiveMountOnFiber @ webpack-internal:///…evelopment.js:23256
recursivelyTraversePassiveMountEffects @ webpack-internal:///…evelopment.js:23237
commitPassiveMountOnFiber @ webpack-internal:///…evelopment.js:23370
recursivelyTraversePassiveMountEffects @ webpack-internal:///…evelopment.js:23237
commitPassiveMountOnFiber @ webpack-internal:///…evelopment.js:23256
recursivelyTraversePassiveMountEffects @ webpack-internal:///…evelopment.js:23237
commitPassiveMountOnFiber @ webpack-internal:///…evelopment.js:23370
recursivelyTraversePassiveMountEffects @ webpack-internal:///…evelopment.js:23237
commitPassiveMountOnFiber @ webpack-internal:///…evelopment.js:23256
recursivelyTraversePassiveMountEffects @ webpack-internal:///…evelopment.js:23237
commitPassiveMountOnFiber @ webpack-internal:///…evelopment.js:23256
recursivelyTraversePassiveMountEffects @ webpack-internal:///…evelopment.js:23237
commitPassiveMountOnFiber @ webpack-internal:///…evelopment.js:23370
recursivelyTraversePassiveMountEffects @ webpack-internal:///…evelopment.js:23237
commitPassiveMountOnFiber @ webpack-internal:///…evelopment.js:23370
recursivelyTraversePassiveMountEffects @ webpack-internal:///…evelopment.js:23237
commitPassiveMountOnFiber @ webpack-internal:///…evelopment.js:23370
recursivelyTraversePassiveMountEffects @ webpack-internal:///…evelopment.js:23237
commitPassiveMountOnFiber @ webpack-internal:///…evelopment.js:23370
recursivelyTraversePassiveMountEffects @ webpack-internal:///…evelopment.js:23237
commitPassiveMountOnFiber @ webpack-internal:///…evelopment.js:23370
recursivelyTraversePassiveMountEffects @ webpack-internal:///…evelopment.js:23237
commitPassiveMountOnFiber @ webpack-internal:///…evelopment.js:23256
recursivelyTraversePassiveMountEffects @ webpack-internal:///…evelopment.js:23237
commitPassiveMountOnFiber @ webpack-internal:///…evelopment.js:23370
recursivelyTraversePassiveMountEffects @ webpack-internal:///…evelopment.js:23237
commitPassiveMountOnFiber @ webpack-internal:///…evelopment.js:23370
recursivelyTraversePassiveMountEffects @ webpack-internal:///…evelopment.js:23237
commitPassiveMountOnFiber @ webpack-internal:///…evelopment.js:23256
recursivelyTraversePassiveMountEffects @ webpack-internal:///…evelopment.js:23237
commitPassiveMountOnFiber @ webpack-internal:///…evelopment.js:23256
recursivelyTraversePassiveMountEffects @ webpack-internal:///…evelopment.js:23237
commitPassiveMountOnFiber @ webpack-internal:///…evelopment.js:23370
recursivelyTraversePassiveMountEffects @ webpack-internal:///…evelopment.js:23237
commitPassiveMountOnFiber @ webpack-internal:///…evelopment.js:23256
recursivelyTraversePassiveMountEffects @ webpack-internal:///…evelopment.js:23237
commitPassiveMountOnFiber @ webpack-internal:///…evelopment.js:23370
recursivelyTraversePassiveMountEffects @ webpack-internal:///…evelopment.js:23237
commitPassiveMountOnFiber @ webpack-internal:///…evelopment.js:23370
recursivelyTraversePassiveMountEffects @ webpack-internal:///…evelopment.js:23237
commitPassiveMountOnFiber @ webpack-internal:///…evelopment.js:23370
recursivelyTraversePassiveMountEffects @ webpack-internal:///…evelopment.js:23237
commitPassiveMountOnFiber @ webpack-internal:///…evelopment.js:23370
recursivelyTraversePassiveMountEffects @ webpack-internal:///…evelopment.js:23237
commitPassiveMountOnFiber @ webpack-internal:///…evelopment.js:23370
recursivelyTraversePassiveMountEffects @ webpack-internal:///…evelopment.js:23237
commitPassiveMountOnFiber @ webpack-internal:///…evelopment.js:23370
recursivelyTraversePassiveMountEffects @ webpack-internal:///…evelopment.js:23237
commitPassiveMountOnFiber @ webpack-internal:///…evelopment.js:23256
recursivelyTraversePassiveMountEffects @ webpack-internal:///…evelopment.js:23237
commitPassiveMountOnFiber @ webpack-internal:///…evelopment.js:23370
recursivelyTraversePassiveMountEffects @ webpack-internal:///…evelopment.js:23237
commitPassiveMountOnFiber @ webpack-internal:///…evelopment.js:23256
recursivelyTraversePassiveMountEffects @ webpack-internal:///…evelopment.js:23237
commitPassiveMountOnFiber @ webpack-internal:///…evelopment.js:23256
recursivelyTraversePassiveMountEffects @ webpack-internal:///…evelopment.js:23237
commitPassiveMountOnFiber @ webpack-internal:///…evelopment.js:23256
recursivelyTraversePassiveMountEffects @ webpack-internal:///…evelopment.js:23237
commitPassiveMountOnFiber @ webpack-internal:///…evelopment.js:23256
recursivelyTraversePassiveMountEffects @ webpack-internal:///…evelopment.js:23237
commitPassiveMountOnFiber @ webpack-internal:///…evelopment.js:23370
recursivelyTraversePassiveMountEffects @ webpack-internal:///…evelopment.js:23237
commitPassiveMountOnFiber @ webpack-internal:///…evelopment.js:23370
recursivelyTraversePassiveMountEffects @ webpack-internal:///…evelopment.js:23237
commitPassiveMountOnFiber @ webpack-internal:///…evelopment.js:23370
recursivelyTraversePassiveMountEffects @ webpack-internal:///…evelopment.js:23237
commitPassiveMountOnFiber @ webpack-internal:///…evelopment.js:23267
commitPassiveMountEffects @ webpack-internal:///…evelopment.js:23225
flushPassiveEffectsImpl @ webpack-internal:///…evelopment.js:26497
flushPassiveEffects @ webpack-internal:///…evelopment.js:26438
eval @ webpack-internal:///…evelopment.js:26172
workLoop @ webpack-internal:///….development.js:256
flushWork @ webpack-internal:///….development.js:225
performWorkUntilDeadline @ webpack-internal:///….development.js:534
10:20:01.554  [CallModal] Rendered - voice call opened
10:20:01.554  [CallModal] Rendered - voice call opened
10:20:01.555  [VoiceParticipant] Zber Samolde voice activity debug: {participantId: 'cmeumah180000kuygq63oa1qx', hasOriginalStream: true, hasLatestStream: true, streamActive: true, audioTracksCount: 1, …}
10:20:01.555  [VoiceParticipant] Zber Samolde voice activity debug: {participantId: 'cmeumah180000kuygq63oa1qx', hasOriginalStream: true, hasLatestStream: true, streamActive: true, audioTracksCount: 1, …}
10:20:01.556  [VoiceParticipant] Tester2 voice activity debug: {participantId: 'cmeifn5qp002dkunge64m0xss', hasOriginalStream: true, hasLatestStream: true, streamActive: true, audioTracksCount: 1, …}
10:20:01.556  [VoiceParticipant] Tester2 voice activity debug: {participantId: 'cmeifn5qp002dkunge64m0xss', hasOriginalStream: true, hasLatestStream: true, streamActive: true, audioTracksCount: 1, …}
10:20:01.558  [CallModal] 🔊 Setting up audio element for participant cmeifn5qp002dkunge64m0xss
10:20:01.560  [CallModal] Stream details: {id: '11f1cb2e-ff24-4f0a-9e82-dab593c0342f', active: true, audioTracks: Array(1)}
10:20:01.560  [CallModal] Previous audio element for cmeifn5qp002dkunge64m0xss: false
10:20:01.564  [CallModal] Cleared previous srcObject for cmeifn5qp002dkunge64m0xss
10:20:01.566  [CallModal] 🔊 Setting up audio element for participant cmeumah180000kuygq63oa1qx
10:20:01.567  [CallModal] Stream details: {id: 'bc884001-458b-454b-890a-15ea46c82cad', active: true, audioTracks: Array(1)}
10:20:01.568  [CallModal] Previous audio element for cmeumah180000kuygq63oa1qx: false
10:20:01.570  [CallModal] Cleared previous srcObject for cmeumah180000kuygq63oa1qx
10:20:01.789  [VoiceActivity] Effect triggered: {hasStream: true, streamId: 'bc884001-458b-454b-890a-15ea46c82cad', audioTracks: 1, threshold: -40}
10:20:01.790  [VoiceActivity] Initializing for stream: bc884001-458b-454b-890a-15ea46c82cad with 1 audio tracks
10:20:01.790  [VoiceActivity] Effect triggered: {hasStream: true, streamId: '11f1cb2e-ff24-4f0a-9e82-dab593c0342f', audioTracks: 1, threshold: -40}
10:20:01.791  [VoiceActivity] Initializing for stream: 11f1cb2e-ff24-4f0a-9e82-dab593c0342f with 1 audio tracks
10:20:01.792  [useCallPerformance] Connection states: (2) [{…}, {…}]
10:20:01.792  [useCallPerformance] Starting monitoring for 1 valid connections
10:20:01.793  [VoiceActivity] Effect triggered: {hasStream: true, streamId: 'bc884001-458b-454b-890a-15ea46c82cad', audioTracks: 1, threshold: -40}
10:20:01.793  [VoiceActivity] Initializing for stream: bc884001-458b-454b-890a-15ea46c82cad with 1 audio tracks
10:20:01.793  [VoiceActivity] Effect triggered: {hasStream: true, streamId: '11f1cb2e-ff24-4f0a-9e82-dab593c0342f', audioTracks: 1, threshold: -40}
10:20:01.793  [VoiceActivity] Initializing for stream: 11f1cb2e-ff24-4f0a-9e82-dab593c0342f with 1 audio tracks
10:20:01.795  [CallModal] Audio loadeddata event for cmeifn5qp002dkunge64m0xss
10:20:01.795  [CallModal] Audio can play for cmeifn5qp002dkunge64m0xss
10:20:01.795  [CallModal] Audio canplay event for cmeifn5qp002dkunge64m0xss
10:20:01.795  [CallModal] Audio is playing for cmeifn5qp002dkunge64m0xss
10:20:01.795  [CallModal] ✅ Audio playing immediately for participant cmeifn5qp002dkunge64m0xss
10:20:01.795  [CallModal] ✅ Audio playing immediately for participant cmeifn5qp002dkunge64m0xss
10:20:01.795  [CallModal] ✅ Audio playing immediately for participant cmeifn5qp002dkunge64m0xss
10:20:01.795  [CallModal] Audio loadeddata event for cmeumah180000kuygq63oa1qx
10:20:01.795  [CallModal] Audio can play for cmeumah180000kuygq63oa1qx
10:20:01.795  [CallModal] Audio canplay event for cmeumah180000kuygq63oa1qx
10:20:01.795  [CallModal] Audio is playing for cmeumah180000kuygq63oa1qx
10:20:01.796  [CallModal] ✅ Audio playing immediately for participant cmeumah180000kuygq63oa1qx
10:20:01.796  [CallModal] ✅ Audio playing immediately for participant cmeumah180000kuygq63oa1qx
10:20:01.796  [CallModal] ✅ Audio playing immediately for participant cmeumah180000kuygq63oa1qx
10:20:01.796  [useCallPerformance] Network metrics: {audioPacketLoss: 0, videoPacketLoss: 0, videoFrameRate: 0, latency: 1, callType: 'voice'}
10:20:01.796  [useCallPerformance] Skipping stats for cmeumah180000kuygq63oa1qx - connection state: failed
eval @ webpack-internal:///…lPerformance.ts:102
await in eval
eval @ webpack-internal:///…lPerformance.ts:178
eval @ webpack-internal:///…lPerformance.ts:209
commitHookEffectListMount @ webpack-internal:///…evelopment.js:21102
commitHookPassiveMountEffects @ webpack-internal:///…evelopment.js:23154
commitPassiveMountOnFiber @ webpack-internal:///…evelopment.js:23259
recursivelyTraversePassiveMountEffects @ webpack-internal:///…evelopment.js:23237
commitPassiveMountOnFiber @ webpack-internal:///…evelopment.js:23370
recursivelyTraversePassiveMountEffects @ webpack-internal:///…evelopment.js:23237
commitPassiveMountOnFiber @ webpack-internal:///…evelopment.js:23256
recursivelyTraversePassiveMountEffects @ webpack-internal:///…evelopment.js:23237
commitPassiveMountOnFiber @ webpack-internal:///…evelopment.js:23370
recursivelyTraversePassiveMountEffects @ webpack-internal:///…evelopment.js:23237
commitPassiveMountOnFiber @ webpack-internal:///…evelopment.js:23370
recursivelyTraversePassiveMountEffects @ webpack-internal:///…evelopment.js:23237
commitPassiveMountOnFiber @ webpack-internal:///…evelopment.js:23370
recursivelyTraversePassiveMountEffects @ webpack-internal:///…evelopment.js:23237
commitPassiveMountOnFiber @ webpack-internal:///…evelopment.js:23256
recursivelyTraversePassiveMountEffects @ webpack-internal:///…evelopment.js:23237
commitPassiveMountOnFiber @ webpack-internal:///…evelopment.js:23256
recursivelyTraversePassiveMountEffects @ webpack-internal:///…evelopment.js:23237
commitPassiveMountOnFiber @ webpack-internal:///…evelopment.js:23370
recursivelyTraversePassiveMountEffects @ webpack-internal:///…evelopment.js:23237
commitPassiveMountOnFiber @ webpack-internal:///…evelopment.js:23370
recursivelyTraversePassiveMountEffects @ webpack-internal:///…evelopment.js:23237
commitPassiveMountOnFiber @ webpack-internal:///…evelopment.js:23256
recursivelyTraversePassiveMountEffects @ webpack-internal:///…evelopment.js:23237
commitPassiveMountOnFiber @ webpack-internal:///…evelopment.js:23370
recursivelyTraversePassiveMountEffects @ webpack-internal:///…evelopment.js:23237
commitPassiveMountOnFiber @ webpack-internal:///…evelopment.js:23256
recursivelyTraversePassiveMountEffects @ webpack-internal:///…evelopment.js:23237
commitPassiveMountOnFiber @ webpack-internal:///…evelopment.js:23256
recursivelyTraversePassiveMountEffects @ webpack-internal:///…evelopment.js:23237
commitPassiveMountOnFiber @ webpack-internal:///…evelopment.js:23256
recursivelyTraversePassiveMountEffects @ webpack-internal:///…evelopment.js:23237
commitPassiveMountOnFiber @ webpack-internal:///…evelopment.js:23256
recursivelyTraversePassiveMountEffects @ webpack-internal:///…evelopment.js:23237
commitPassiveMountOnFiber @ webpack-internal:///…evelopment.js:23370
recursivelyTraversePassiveMountEffects @ webpack-internal:///…evelopment.js:23237
commitPassiveMountOnFiber @ webpack-internal:///…evelopment.js:23256
recursivelyTraversePassiveMountEffects @ webpack-internal:///…evelopment.js:23237
commitPassiveMountOnFiber @ webpack-internal:///…evelopment.js:23256
recursivelyTraversePassiveMountEffects @ webpack-internal:///…evelopment.js:23237
commitPassiveMountOnFiber @ webpack-internal:///…evelopment.js:23370
recursivelyTraversePassiveMountEffects @ webpack-internal:///…evelopment.js:23237
commitPassiveMountOnFiber @ webpack-internal:///…evelopment.js:23256
recursivelyTraversePassiveMountEffects @ webpack-internal:///…evelopment.js:23237
commitPassiveMountOnFiber @ webpack-internal:///…evelopment.js:23370
recursivelyTraversePassiveMountEffects @ webpack-internal:///…evelopment.js:23237
commitPassiveMountOnFiber @ webpack-internal:///…evelopment.js:23256
recursivelyTraversePassiveMountEffects @ webpack-internal:///…evelopment.js:23237
commitPassiveMountOnFiber @ webpack-internal:///…evelopment.js:23370
recursivelyTraversePassiveMountEffects @ webpack-internal:///…evelopment.js:23237
commitPassiveMountOnFiber @ webpack-internal:///…evelopment.js:23256
recursivelyTraversePassiveMountEffects @ webpack-internal:///…evelopment.js:23237
commitPassiveMountOnFiber @ webpack-internal:///…evelopment.js:23370
recursivelyTraversePassiveMountEffects @ webpack-internal:///…evelopment.js:23237
commitPassiveMountOnFiber @ webpack-internal:///…evelopment.js:23256
recursivelyTraversePassiveMountEffects @ webpack-internal:///…evelopment.js:23237
commitPassiveMountOnFiber @ webpack-internal:///…evelopment.js:23256
recursivelyTraversePassiveMountEffects @ webpack-internal:///…evelopment.js:23237
commitPassiveMountOnFiber @ webpack-internal:///…evelopment.js:23256
recursivelyTraversePassiveMountEffects @ webpack-internal:///…evelopment.js:23237
commitPassiveMountOnFiber @ webpack-internal:///…evelopment.js:23370
recursivelyTraversePassiveMountEffects @ webpack-internal:///…evelopment.js:23237
commitPassiveMountOnFiber @ webpack-internal:///…evelopment.js:23256
recursivelyTraversePassiveMountEffects @ webpack-internal:///…evelopment.js:23237
commitPassiveMountOnFiber @ webpack-internal:///…evelopment.js:23256
recursivelyTraversePassiveMountEffects @ webpack-internal:///…evelopment.js:23237
commitPassiveMountOnFiber @ webpack-internal:///…evelopment.js:23370
recursivelyTraversePassiveMountEffects @ webpack-internal:///…evelopment.js:23237
commitPassiveMountOnFiber @ webpack-internal:///…evelopment.js:23256
recursivelyTraversePassiveMountEffects @ webpack-internal:///…evelopment.js:23237
commitPassiveMountOnFiber @ webpack-internal:///…evelopment.js:23370
recursivelyTraversePassiveMountEffects @ webpack-internal:///…evelopment.js:23237
commitPassiveMountOnFiber @ webpack-internal:///…evelopment.js:23370
recursivelyTraversePassiveMountEffects @ webpack-internal:///…evelopment.js:23237
commitPassiveMountOnFiber @ webpack-internal:///…evelopment.js:23256
recursivelyTraversePassiveMountEffects @ webpack-internal:///…evelopment.js:23237
commitPassiveMountOnFiber @ webpack-internal:///…evelopment.js:23370
recursivelyTraversePassiveMountEffects @ webpack-internal:///…evelopment.js:23237
commitPassiveMountOnFiber @ webpack-internal:///…evelopment.js:23256
recursivelyTraversePassiveMountEffects @ webpack-internal:///…evelopment.js:23237
commitPassiveMountOnFiber @ webpack-internal:///…evelopment.js:23370
recursivelyTraversePassiveMountEffects @ webpack-internal:///…evelopment.js:23237
commitPassiveMountOnFiber @ webpack-internal:///…evelopment.js:23256
recursivelyTraversePassiveMountEffects @ webpack-internal:///…evelopment.js:23237
commitPassiveMountOnFiber @ webpack-internal:///…evelopment.js:23370
recursivelyTraversePassiveMountEffects @ webpack-internal:///…evelopment.js:23237
commitPassiveMountOnFiber @ webpack-internal:///…evelopment.js:23256
recursivelyTraversePassiveMountEffects @ webpack-internal:///…evelopment.js:23237
commitPassiveMountOnFiber @ webpack-internal:///…evelopment.js:23370
recursivelyTraversePassiveMountEffects @ webpack-internal:///…evelopment.js:23237
commitPassiveMountOnFiber @ webpack-internal:///…evelopment.js:23256
recursivelyTraversePassiveMountEffects @ webpack-internal:///…evelopment.js:23237
commitPassiveMountOnFiber @ webpack-internal:///…evelopment.js:23256
recursivelyTraversePassiveMountEffects @ webpack-internal:///…evelopment.js:23237
commitPassiveMountOnFiber @ webpack-internal:///…evelopment.js:23370
recursivelyTraversePassiveMountEffects @ webpack-internal:///…evelopment.js:23237
commitPassiveMountOnFiber @ webpack-internal:///…evelopment.js:23370
recursivelyTraversePassiveMountEffects @ webpack-internal:///…evelopment.js:23237
commitPassiveMountOnFiber @ webpack-internal:///…evelopment.js:23370
recursivelyTraversePassiveMountEffects @ webpack-internal:///…evelopment.js:23237
commitPassiveMountOnFiber @ webpack-internal:///…evelopment.js:23370
recursivelyTraversePassiveMountEffects @ webpack-internal:///…evelopment.js:23237
commitPassiveMountOnFiber @ webpack-internal:///…evelopment.js:23370
recursivelyTraversePassiveMountEffects @ webpack-internal:///…evelopment.js:23237
commitPassiveMountOnFiber @ webpack-internal:///…evelopment.js:23256
recursivelyTraversePassiveMountEffects @ webpack-internal:///…evelopment.js:23237
commitPassiveMountOnFiber @ webpack-internal:///…evelopment.js:23370
recursivelyTraversePassiveMountEffects @ webpack-internal:///…evelopment.js:23237
commitPassiveMountOnFiber @ webpack-internal:///…evelopment.js:23370
recursivelyTraversePassiveMountEffects @ webpack-internal:///…evelopment.js:23237
commitPassiveMountOnFiber @ webpack-internal:///…evelopment.js:23256
recursivelyTraversePassiveMountEffects @ webpack-internal:///…evelopment.js:23237
commitPassiveMountOnFiber @ webpack-internal:///…evelopment.js:23256
recursivelyTraversePassiveMountEffects @ webpack-internal:///…evelopment.js:23237
commitPassiveMountOnFiber @ webpack-internal:///…evelopment.js:23370
recursivelyTraversePassiveMountEffects @ webpack-internal:///…evelopment.js:23237
commitPassiveMountOnFiber @ webpack-internal:///…evelopment.js:23256
recursivelyTraversePassiveMountEffects @ webpack-internal:///…evelopment.js:23237
commitPassiveMountOnFiber @ webpack-internal:///…evelopment.js:23370
recursivelyTraversePassiveMountEffects @ webpack-internal:///…evelopment.js:23237
commitPassiveMountOnFiber @ webpack-internal:///…evelopment.js:23370
recursivelyTraversePassiveMountEffects @ webpack-internal:///…evelopment.js:23237
commitPassiveMountOnFiber @ webpack-internal:///…evelopment.js:23370
recursivelyTraversePassiveMountEffects @ webpack-internal:///…evelopment.js:23237
commitPassiveMountOnFiber @ webpack-internal:///…evelopment.js:23370
recursivelyTraversePassiveMountEffects @ webpack-internal:///…evelopment.js:23237
commitPassiveMountOnFiber @ webpack-internal:///…evelopment.js:23370
recursivelyTraversePassiveMountEffects @ webpack-internal:///…evelopment.js:23237
commitPassiveMountOnFiber @ webpack-internal:///…evelopment.js:23370
recursivelyTraversePassiveMountEffects @ webpack-internal:///…evelopment.js:23237
commitPassiveMountOnFiber @ webpack-internal:///…evelopment.js:23256
recursivelyTraversePassiveMountEffects @ webpack-internal:///…evelopment.js:23237
commitPassiveMountOnFiber @ webpack-internal:///…evelopment.js:23370
recursivelyTraversePassiveMountEffects @ webpack-internal:///…evelopment.js:23237
commitPassiveMountOnFiber @ webpack-internal:///…evelopment.js:23256
recursivelyTraversePassiveMountEffects @ webpack-internal:///…evelopment.js:23237
commitPassiveMountOnFiber @ webpack-internal:///…evelopment.js:23256
recursivelyTraversePassiveMountEffects @ webpack-internal:///…evelopment.js:23237
commitPassiveMountOnFiber @ webpack-internal:///…evelopment.js:23256
recursivelyTraversePassiveMountEffects @ webpack-internal:///…evelopment.js:23237
commitPassiveMountOnFiber @ webpack-internal:///…evelopment.js:23256
recursivelyTraversePassiveMountEffects @ webpack-internal:///…evelopment.js:23237
commitPassiveMountOnFiber @ webpack-internal:///…evelopment.js:23370
recursivelyTraversePassiveMountEffects @ webpack-internal:///…evelopment.js:23237
commitPassiveMountOnFiber @ webpack-internal:///…evelopment.js:23370
recursivelyTraversePassiveMountEffects @ webpack-internal:///…evelopment.js:23237
commitPassiveMountOnFiber @ webpack-internal:///…evelopment.js:23370
recursivelyTraversePassiveMountEffects @ webpack-internal:///…evelopment.js:23237
commitPassiveMountOnFiber @ webpack-internal:///…evelopment.js:23267
commitPassiveMountEffects @ webpack-internal:///…evelopment.js:23225
flushPassiveEffectsImpl @ webpack-internal:///…evelopment.js:26497
flushPassiveEffects @ webpack-internal:///…evelopment.js:26438
eval @ webpack-internal:///…evelopment.js:26172
workLoop @ webpack-internal:///….development.js:256
flushWork @ webpack-internal:///….development.js:225
performWorkUntilDeadline @ webpack-internal:///….development.js:534
10:20:01.796  [CallModal] Rendered - voice call opened
10:20:01.796  [CallModal] Rendered - voice call opened
10:20:01.797  [VoiceParticipant] Zber Samolde voice activity debug: {participantId: 'cmeumah180000kuygq63oa1qx', hasOriginalStream: true, hasLatestStream: true, streamActive: true, audioTracksCount: 1, …}
10:20:01.797  [VoiceParticipant] Zber Samolde voice activity debug: {participantId: 'cmeumah180000kuygq63oa1qx', hasOriginalStream: true, hasLatestStream: true, streamActive: true, audioTracksCount: 1, …}
10:20:01.797  [VoiceParticipant] Tester2 voice activity debug: {participantId: 'cmeifn5qp002dkunge64m0xss', hasOriginalStream: true, hasLatestStream: true, streamActive: true, audioTracksCount: 1, …}
10:20:01.797  [VoiceParticipant] Tester2 voice activity debug: {participantId: 'cmeifn5qp002dkunge64m0xss', hasOriginalStream: true, hasLatestStream: true, streamActive: true, audioTracksCount: 1, …}
10:20:01.798  [CallModal] 🔊 Setting up audio element for participant cmeifn5qp002dkunge64m0xss
10:20:01.798  [CallModal] Stream details: {id: '11f1cb2e-ff24-4f0a-9e82-dab593c0342f', active: true, audioTracks: Array(1)}
10:20:01.799  [CallModal] Previous audio element for cmeifn5qp002dkunge64m0xss: false
10:20:01.801  [CallModal] Cleared previous srcObject for cmeifn5qp002dkunge64m0xss
10:20:01.802  [CallModal] 🔊 Setting up audio element for participant cmeumah180000kuygq63oa1qx
10:20:01.802  [CallModal] Stream details: {id: 'bc884001-458b-454b-890a-15ea46c82cad', active: true, audioTracks: Array(1)}
10:20:01.803  [CallModal] Previous audio element for cmeumah180000kuygq63oa1qx: false
10:20:01.805  [CallModal] Cleared previous srcObject for cmeumah180000kuygq63oa1qx
10:20:01.976  [VoiceActivity] Effect triggered: {hasStream: true, streamId: 'bc884001-458b-454b-890a-15ea46c82cad', audioTracks: 1, threshold: -40}
10:20:01.977  [VoiceActivity] Initializing for stream: bc884001-458b-454b-890a-15ea46c82cad with 1 audio tracks
10:20:01.978  [VoiceActivity] Effect triggered: {hasStream: true, streamId: '11f1cb2e-ff24-4f0a-9e82-dab593c0342f', audioTracks: 1, threshold: -40}
10:20:01.978  [VoiceActivity] Initializing for stream: 11f1cb2e-ff24-4f0a-9e82-dab593c0342f with 1 audio tracks
10:20:01.979  [VoiceActivity] Effect triggered: {hasStream: true, streamId: 'bc884001-458b-454b-890a-15ea46c82cad', audioTracks: 1, threshold: -40}
10:20:01.979  [VoiceActivity] Initializing for stream: bc884001-458b-454b-890a-15ea46c82cad with 1 audio tracks
10:20:01.979  [VoiceActivity] Effect triggered: {hasStream: true, streamId: '11f1cb2e-ff24-4f0a-9e82-dab593c0342f', audioTracks: 1, threshold: -40}
10:20:01.979  [VoiceActivity] Initializing for stream: 11f1cb2e-ff24-4f0a-9e82-dab593c0342f with 1 audio tracks
10:20:01.980  [CallModal] Rendered - voice call opened
10:20:01.980  [CallModal] Rendered - voice call opened
10:20:01.981  [VoiceParticipant] Zber Samolde voice activity debug: {participantId: 'cmeumah180000kuygq63oa1qx', hasOriginalStream: true, hasLatestStream: true, streamActive: true, audioTracksCount: 1, …}
10:20:01.982  [VoiceParticipant] Zber Samolde voice activity debug: {participantId: 'cmeumah180000kuygq63oa1qx', hasOriginalStream: true, hasLatestStream: true, streamActive: true, audioTracksCount: 1, …}
10:20:01.982  [VoiceParticipant] Tester2 voice activity debug: {participantId: 'cmeifn5qp002dkunge64m0xss', hasOriginalStream: true, hasLatestStream: true, streamActive: true, audioTracksCount: 1, …}
10:20:01.982  [VoiceParticipant] Tester2 voice activity debug: {participantId: 'cmeifn5qp002dkunge64m0xss', hasOriginalStream: true, hasLatestStream: true, streamActive: true, audioTracksCount: 1, …}
10:20:01.983  [CallModal] 🔊 Setting up audio element for participant cmeifn5qp002dkunge64m0xss
10:20:01.983  [CallModal] Stream details: {id: '11f1cb2e-ff24-4f0a-9e82-dab593c0342f', active: true, audioTracks: Array(1)}
10:20:01.984  [CallModal] Previous audio element for cmeifn5qp002dkunge64m0xss: false
10:20:01.985  [CallModal] Cleared previous srcObject for cmeifn5qp002dkunge64m0xss
10:20:01.987  [CallModal] 🔊 Setting up audio element for participant cmeumah180000kuygq63oa1qx
10:20:01.987  [CallModal] Stream details: {id: 'bc884001-458b-454b-890a-15ea46c82cad', active: true, audioTracks: Array(1)}
10:20:01.987  [CallModal] Previous audio element for cmeumah180000kuygq63oa1qx: false
10:20:01.990  [CallModal] Cleared previous srcObject for cmeumah180000kuygq63oa1qx
10:20:01.992  [CallModal] ✅ Audio playing immediately for participant cmeifn5qp002dkunge64m0xss
10:20:01.992  [CallModal] ✅ Audio playing immediately for participant cmeumah180000kuygq63oa1qx
10:20:01.992  [WebRTC] 🔍 Post-offer state for cmeumah180000kuygq63oa1qx : {connectionState: 'failed', signalingState: 'stable', iceConnectionState: 'connected', iceGatheringState: 'complete'}
10:20:01.992  [WebRTC] ⚠️ Connection failed early for: cmeumah180000kuygq63oa1qx triggering recovery
eval @ webpack-internal:///…c/lib/webrtc.ts:921
setTimeout
createOffer @ webpack-internal:///…c/lib/webrtc.ts:909
await in createOffer
eval @ webpack-internal:///…/lib/webrtc.ts:1671
setTimeout
attemptReconnection @ webpack-internal:///…/lib/webrtc.ts:1662
pc.onconnectionstatechange @ webpack-internal:///…c/lib/webrtc.ts:691
10:20:01.992  [WebRTC Enhanced] Recovery attempt 3/3 for cmeumah180000kuygq63oa1qx
10:20:02.102  [VoiceActivity] Effect triggered: {hasStream: true, streamId: 'bc884001-458b-454b-890a-15ea46c82cad', audioTracks: 1, threshold: -40}
10:20:02.103  [VoiceActivity] Initializing for stream: bc884001-458b-454b-890a-15ea46c82cad with 1 audio tracks
10:20:02.105  [VoiceActivity] Effect triggered: {hasStream: true, streamId: '11f1cb2e-ff24-4f0a-9e82-dab593c0342f', audioTracks: 1, threshold: -40}
10:20:02.106  [VoiceActivity] Initializing for stream: 11f1cb2e-ff24-4f0a-9e82-dab593c0342f with 1 audio tracks
10:20:02.108  [VoiceActivity] Effect triggered: {hasStream: true, streamId: 'bc884001-458b-454b-890a-15ea46c82cad', audioTracks: 1, threshold: -40}
10:20:02.108  [VoiceActivity] Initializing for stream: bc884001-458b-454b-890a-15ea46c82cad with 1 audio tracks
10:20:02.109  [VoiceActivity] Volume analysis: {average: '0.0', volume: '-100.0', threshold: -40, speaking: false, streamActive: true, …}
10:20:02.109  [VoiceActivity] Effect triggered: {hasStream: true, streamId: '11f1cb2e-ff24-4f0a-9e82-dab593c0342f', audioTracks: 1, threshold: -40}
10:20:02.109  [VoiceActivity] Initializing for stream: 11f1cb2e-ff24-4f0a-9e82-dab593c0342f with 1 audio tracks
10:20:02.110  [CallModal] Audio loadeddata event for cmeifn5qp002dkunge64m0xss
10:20:02.110  [CallModal] Audio loadeddata event for cmeifn5qp002dkunge64m0xss
10:20:02.111  [CallModal] Audio can play for cmeifn5qp002dkunge64m0xss
10:20:02.111  [CallModal] Audio canplay event for cmeifn5qp002dkunge64m0xss
10:20:02.111  [CallModal] Audio canplay event for cmeifn5qp002dkunge64m0xss
10:20:02.111  [CallModal] Audio is playing for cmeifn5qp002dkunge64m0xss
10:20:02.111  [CallModal] ✅ Audio playing immediately for participant cmeifn5qp002dkunge64m0xss
10:20:02.111  [CallModal] ✅ Audio playing immediately for participant cmeifn5qp002dkunge64m0xss
10:20:02.111  [CallModal] ✅ Audio playing immediately for participant cmeifn5qp002dkunge64m0xss
10:20:02.111  [CallModal] ✅ Audio playing immediately for participant cmeifn5qp002dkunge64m0xss
10:20:02.111  [CallModal] ✅ Audio playing immediately for participant cmeifn5qp002dkunge64m0xss
10:20:02.111  [CallModal] Audio loadeddata event for cmeumah180000kuygq63oa1qx
10:20:02.111  [CallModal] Audio loadeddata event for cmeumah180000kuygq63oa1qx
10:20:02.112  [CallModal] Audio can play for cmeumah180000kuygq63oa1qx
10:20:02.112  [CallModal] Audio canplay event for cmeumah180000kuygq63oa1qx
10:20:02.112  [CallModal] Audio canplay event for cmeumah180000kuygq63oa1qx
10:20:02.112  [CallModal] Audio is playing for cmeumah180000kuygq63oa1qx
10:20:02.112  [CallModal] ✅ Audio playing immediately for participant cmeumah180000kuygq63oa1qx
10:20:02.112  [CallModal] ✅ Audio playing immediately for participant cmeumah180000kuygq63oa1qx
10:20:02.112  [CallModal] ✅ Audio playing immediately for participant cmeumah180000kuygq63oa1qx
10:20:02.112  [CallModal] ✅ Audio playing immediately for participant cmeumah180000kuygq63oa1qx
10:20:02.112  [CallModal] ✅ Audio playing immediately for participant cmeumah180000kuygq63oa1qx
10:20:02.112  [CallModal] Rendered - voice call opened
10:20:02.113  [CallModal] Rendered - voice call opened
10:20:02.113  [VoiceParticipant] Zber Samolde voice activity debug: {participantId: 'cmeumah180000kuygq63oa1qx', hasOriginalStream: true, hasLatestStream: true, streamActive: true, audioTracksCount: 1, …}
10:20:02.113  [VoiceParticipant] Zber Samolde voice activity debug: {participantId: 'cmeumah180000kuygq63oa1qx', hasOriginalStream: true, hasLatestStream: true, streamActive: true, audioTracksCount: 1, …}
10:20:02.114  [VoiceParticipant] Tester2 voice activity debug: {participantId: 'cmeifn5qp002dkunge64m0xss', hasOriginalStream: true, hasLatestStream: true, streamActive: true, audioTracksCount: 1, …}
10:20:02.114  [VoiceParticipant] Tester2 voice activity debug: {participantId: 'cmeifn5qp002dkunge64m0xss', hasOriginalStream: true, hasLatestStream: true, streamActive: true, audioTracksCount: 1, …}
10:20:02.120  [CallModal] 🔊 Setting up audio element for participant cmeifn5qp002dkunge64m0xss
10:20:02.121  [CallModal] Stream details: {id: '11f1cb2e-ff24-4f0a-9e82-dab593c0342f', active: true, audioTracks: Array(1)}
10:20:02.122  [CallModal] Previous audio element for cmeifn5qp002dkunge64m0xss: false
10:20:02.126  [CallModal] Cleared previous srcObject for cmeifn5qp002dkunge64m0xss
10:20:02.127  [CallModal] 🔊 Setting up audio element for participant cmeumah180000kuygq63oa1qx
10:20:02.127  [CallModal] Stream details: {id: 'bc884001-458b-454b-890a-15ea46c82cad', active: true, audioTracks: Array(1)}
10:20:02.128  [CallModal] Previous audio element for cmeumah180000kuygq63oa1qx: false
10:20:02.133  [CallModal] Cleared previous srcObject for cmeumah180000kuygq63oa1qx
10:20:02.248  [VoiceActivity] Effect triggered: {hasStream: true, streamId: 'bc884001-458b-454b-890a-15ea46c82cad', audioTracks: 1, threshold: -40}
10:20:02.249  [VoiceActivity] Initializing for stream: bc884001-458b-454b-890a-15ea46c82cad with 1 audio tracks
10:20:02.250  [VoiceActivity] Effect triggered: {hasStream: true, streamId: '11f1cb2e-ff24-4f0a-9e82-dab593c0342f', audioTracks: 1, threshold: -40}
10:20:02.250  [VoiceActivity] Initializing for stream: 11f1cb2e-ff24-4f0a-9e82-dab593c0342f with 1 audio tracks
10:20:02.252  [VoiceActivity] Effect triggered: {hasStream: true, streamId: 'bc884001-458b-454b-890a-15ea46c82cad', audioTracks: 1, threshold: -40}
10:20:02.252  [VoiceActivity] Initializing for stream: bc884001-458b-454b-890a-15ea46c82cad with 1 audio tracks
10:20:02.253  [VoiceActivity] Effect triggered: {hasStream: true, streamId: '11f1cb2e-ff24-4f0a-9e82-dab593c0342f', audioTracks: 1, threshold: -40}
10:20:02.253  [VoiceActivity] Initializing for stream: 11f1cb2e-ff24-4f0a-9e82-dab593c0342f with 1 audio tracks
10:20:02.254  [CallModal] Audio loadeddata event for cmeifn5qp002dkunge64m0xss
10:20:02.254  [CallModal] Audio can play for cmeifn5qp002dkunge64m0xss
10:20:02.254  [CallModal] Audio canplay event for cmeifn5qp002dkunge64m0xss
10:20:02.254  [CallModal] Audio is playing for cmeifn5qp002dkunge64m0xss
10:20:02.254  [CallModal] ✅ Audio playing immediately for participant cmeifn5qp002dkunge64m0xss
10:20:02.254  [CallModal] ✅ Audio playing immediately for participant cmeifn5qp002dkunge64m0xss
10:20:02.254  [CallModal] ✅ Audio playing immediately for participant cmeifn5qp002dkunge64m0xss
10:20:02.255  [CallModal] Audio loadeddata event for cmeumah180000kuygq63oa1qx
10:20:02.255  [CallModal] Audio can play for cmeumah180000kuygq63oa1qx
10:20:02.255  [CallModal] Audio canplay event for cmeumah180000kuygq63oa1qx
10:20:02.255  [CallModal] Audio is playing for cmeumah180000kuygq63oa1qx
10:20:02.255  [CallModal] ✅ Audio playing immediately for participant cmeumah180000kuygq63oa1qx
10:20:02.255  [CallModal] ✅ Audio playing immediately for participant cmeumah180000kuygq63oa1qx
10:20:02.255  [CallModal] ✅ Audio playing immediately for participant cmeumah180000kuygq63oa1qx
10:20:02.255  [CallModal] Rendered - voice call opened
10:20:02.256  [CallModal] Rendered - voice call opened
10:20:02.256  [VoiceParticipant] Zber Samolde voice activity debug: {participantId: 'cmeumah180000kuygq63oa1qx', hasOriginalStream: true, hasLatestStream: true, streamActive: true, audioTracksCount: 1, …}
10:20:02.256  [VoiceParticipant] Zber Samolde voice activity debug: {participantId: 'cmeumah180000kuygq63oa1qx', hasOriginalStream: true, hasLatestStream: true, streamActive: true, audioTracksCount: 1, …}
10:20:02.256  [VoiceParticipant] Tester2 voice activity debug: {participantId: 'cmeifn5qp002dkunge64m0xss', hasOriginalStream: true, hasLatestStream: true, streamActive: true, audioTracksCount: 1, …}
10:20:02.257  [VoiceParticipant] Tester2 voice activity debug: {participantId: 'cmeifn5qp002dkunge64m0xss', hasOriginalStream: true, hasLatestStream: true, streamActive: true, audioTracksCount: 1, …}
10:20:02.258  [CallModal] 🔊 Setting up audio element for participant cmeifn5qp002dkunge64m0xss
10:20:02.259  [CallModal] Stream details: {id: '11f1cb2e-ff24-4f0a-9e82-dab593c0342f', active: true, audioTracks: Array(1)}
10:20:02.260  [CallModal] Previous audio element for cmeifn5qp002dkunge64m0xss: false
10:20:02.261  [CallModal] Cleared previous srcObject for cmeifn5qp002dkunge64m0xss
10:20:02.263  [CallModal] 🔊 Setting up audio element for participant cmeumah180000kuygq63oa1qx
10:20:02.263  [CallModal] Stream details: {id: 'bc884001-458b-454b-890a-15ea46c82cad', active: true, audioTracks: Array(1)}
10:20:02.263  [CallModal] Previous audio element for cmeumah180000kuygq63oa1qx: false
10:20:02.266  [CallModal] Cleared previous srcObject for cmeumah180000kuygq63oa1qx
10:20:02.268  [VoiceActivity] Volume analysis: {average: '0.0', volume: '-100.0', threshold: -40, speaking: false, streamActive: true, …}
10:20:02.385  [VoiceActivity] Effect triggered: {hasStream: true, streamId: 'bc884001-458b-454b-890a-15ea46c82cad', audioTracks: 1, threshold: -40}
10:20:02.386  [VoiceActivity] Initializing for stream: bc884001-458b-454b-890a-15ea46c82cad with 1 audio tracks
10:20:02.387  [VoiceActivity] Effect triggered: {hasStream: true, streamId: '11f1cb2e-ff24-4f0a-9e82-dab593c0342f', audioTracks: 1, threshold: -40}
10:20:02.388  [VoiceActivity] Initializing for stream: 11f1cb2e-ff24-4f0a-9e82-dab593c0342f with 1 audio tracks
10:20:02.389  [VoiceActivity] Effect triggered: {hasStream: true, streamId: 'bc884001-458b-454b-890a-15ea46c82cad', audioTracks: 1, threshold: -40}
10:20:02.389  [VoiceActivity] Initializing for stream: bc884001-458b-454b-890a-15ea46c82cad with 1 audio tracks
10:20:02.390  [VoiceActivity] Effect triggered: {hasStream: true, streamId: '11f1cb2e-ff24-4f0a-9e82-dab593c0342f', audioTracks: 1, threshold: -40}
10:20:02.390  [VoiceActivity] Initializing for stream: 11f1cb2e-ff24-4f0a-9e82-dab593c0342f with 1 audio tracks
10:20:02.391  [CallModal] Audio loadeddata event for cmeifn5qp002dkunge64m0xss
10:20:02.391  [CallModal] Audio can play for cmeifn5qp002dkunge64m0xss
10:20:02.392  [CallModal] Audio canplay event for cmeifn5qp002dkunge64m0xss
10:20:02.392  [CallModal] Audio is playing for cmeifn5qp002dkunge64m0xss
10:20:02.392  [CallModal] ✅ Audio playing immediately for participant cmeifn5qp002dkunge64m0xss
10:20:02.392  [CallModal] ✅ Audio playing immediately for participant cmeifn5qp002dkunge64m0xss
10:20:02.392  [CallModal] ✅ Audio playing immediately for participant cmeifn5qp002dkunge64m0xss
10:20:02.392  [WebRTC] 🔍 hasLocalStream: {hasStream: true, streamActive: true, totalTracks: 1, liveTracks: 1, result: true}
10:20:02.392  [CallModal] 🔄 Retrying offer creation after delay
10:20:02.392  [WebRTC] 📞 Safe creating offer for participant: cmeumah180000kuygq63oa1qx
10:20:02.392  [WebRTC] ⏳ Waiting for local stream to be ready...
10:20:02.392  [WebRTC] 🔍 hasLocalStream: {hasStream: true, streamActive: true, totalTracks: 1, liveTracks: 1, result: true}
10:20:02.394  [WebRTC] ✅ Local stream is ready!
10:20:02.394  [WebRTC] Creating peer connection for: cmeumah180000kuygq63oa1qx
10:20:02.394  [WebRTC] ⚠️ Peer connection already exists for: cmeumah180000kuygq63oa1qx {connectionState: 'failed', iceConnectionState: 'connected', signalingState: 'stable'}
10:20:02.394  [WebRTC] ✅ Reusing healthy existing connection for: cmeumah180000kuygq63oa1qx
10:20:02.402  [WebRTC] 🔍 hasLocalStream: {hasStream: true, streamActive: true, totalTracks: 1, liveTracks: 1, result: true}
10:20:02.402  [CallModal] 🔄 Retrying offer creation after delay
10:20:02.402  [WebRTC] 📞 Safe creating offer for participant: cmeumah180000kuygq63oa1qx
10:20:02.402  [WebRTC] ⏳ Waiting for local stream to be ready...
10:20:02.402  [WebRTC] 🔍 hasLocalStream: {hasStream: true, streamActive: true, totalTracks: 1, liveTracks: 1, result: true}
10:20:02.402  [WebRTC] ✅ Local stream is ready!
10:20:02.402  [WebRTC] Creating peer connection for: cmeumah180000kuygq63oa1qx
10:20:02.402  [WebRTC] ⚠️ Peer connection already exists for: cmeumah180000kuygq63oa1qx {connectionState: 'failed', iceConnectionState: 'connected', signalingState: 'stable'}
10:20:02.402  [WebRTC] ✅ Reusing healthy existing connection for: cmeumah180000kuygq63oa1qx
10:20:02.412  [WebRTC] 🔍 hasLocalStream: {hasStream: true, streamActive: true, totalTracks: 1, liveTracks: 1, result: true}
10:20:02.412  [CallModal] 🔄 Retrying offer creation after delay
10:20:02.412  [WebRTC] 📞 Safe creating offer for participant: cmeumah180000kuygq63oa1qx
10:20:02.412  [WebRTC] ⏳ Waiting for local stream to be ready...
10:20:02.412  [WebRTC] 🔍 hasLocalStream: {hasStream: true, streamActive: true, totalTracks: 1, liveTracks: 1, result: true}
10:20:02.412  [WebRTC] ✅ Local stream is ready!
10:20:02.412  [WebRTC] Creating peer connection for: cmeumah180000kuygq63oa1qx
10:20:02.412  [WebRTC] ⚠️ Peer connection already exists for: cmeumah180000kuygq63oa1qx {connectionState: 'failed', iceConnectionState: 'connected', signalingState: 'stable'}
10:20:02.412  [WebRTC] ✅ Reusing healthy existing connection for: cmeumah180000kuygq63oa1qx
10:20:02.420  [CallModal] Audio loadeddata event for cmeumah180000kuygq63oa1qx
10:20:02.420  [CallModal] Audio can play for cmeumah180000kuygq63oa1qx
10:20:02.420  [CallModal] Audio canplay event for cmeumah180000kuygq63oa1qx
10:20:02.420  [CallModal] Audio is playing for cmeumah180000kuygq63oa1qx
10:20:02.420  [CallModal] ✅ Audio playing immediately for participant cmeumah180000kuygq63oa1qx
10:20:02.420  [CallModal] ✅ Audio playing immediately for participant cmeumah180000kuygq63oa1qx
10:20:02.420  [CallModal] ✅ Audio playing immediately for participant cmeumah180000kuygq63oa1qx
10:20:02.421  [CallModal] Rendered - voice call opened
10:20:02.421  [CallModal] Rendered - voice call opened
10:20:02.422  [WebRTC] 🚀 Optimizing SDP for ultra-low latency...
10:20:02.422  [WebRTC] ✅ SDP optimized for ultra-low latency
10:20:02.424  [WebRTC] 🚀 Optimizing SDP for ultra-low latency...
10:20:02.424  [WebRTC] ✅ SDP optimized for ultra-low latency
10:20:02.426  [WebRTC] 🚀 Optimizing SDP for ultra-low latency...
10:20:02.426  [WebRTC] ✅ SDP optimized for ultra-low latency
10:20:02.428  [WebRTC] Post-answer states for cmeumah180000kuygq63oa1qx
10:20:02.428  [WebRTC]   Connection state: failed
10:20:02.428  [WebRTC]   Signaling state: stable
10:20:02.431  [WebRTC] 📡 Sending offer to participant: cmeumah180000kuygq63oa1qx
10:20:02.432  [CallModal] ✅ Delayed offer created successfully
10:20:02.434  [VoiceActivity] Volume analysis: {average: '0.0', volume: '-100.0', threshold: -40, speaking: false, streamActive: true, …}
10:20:02.440  [WebRTC] 📡 Sending offer to participant: cmeumah180000kuygq63oa1qx
10:20:02.440  [CallModal] ✅ Delayed offer created successfully
10:20:02.448  [WebRTC] 📡 Sending offer to participant: cmeumah180000kuygq63oa1qx
10:20:02.448  [CallModal] ✅ Delayed offer created successfully
10:20:02.550  [CallModal] Rendered - voice call opened
10:20:02.551  [CallModal] Rendered - voice call opened
10:20:02.552  [VoiceParticipant] Zber Samolde voice activity debug: {participantId: 'cmeumah180000kuygq63oa1qx', hasOriginalStream: true, hasLatestStream: true, streamActive: true, audioTracksCount: 1, …}
10:20:02.552  [VoiceParticipant] Zber Samolde voice activity debug: {participantId: 'cmeumah180000kuygq63oa1qx', hasOriginalStream: true, hasLatestStream: true, streamActive: true, audioTracksCount: 1, …}
10:20:02.553  [VoiceParticipant] Tester2 voice activity debug: {participantId: 'cmeifn5qp002dkunge64m0xss', hasOriginalStream: true, hasLatestStream: true, streamActive: true, audioTracksCount: 1, …}
10:20:02.553  [VoiceParticipant] Tester2 voice activity debug: {participantId: 'cmeifn5qp002dkunge64m0xss', hasOriginalStream: true, hasLatestStream: true, streamActive: true, audioTracksCount: 1, …}
10:20:02.556  [CallModal] 🔊 Setting up audio element for participant cmeifn5qp002dkunge64m0xss
10:20:02.557  [CallModal] Stream details: {id: '11f1cb2e-ff24-4f0a-9e82-dab593c0342f', active: true, audioTracks: Array(1)}
10:20:02.557  [CallModal] Previous audio element for cmeifn5qp002dkunge64m0xss: false
10:20:02.559  [CallModal] Cleared previous srcObject for cmeifn5qp002dkunge64m0xss
10:20:02.561  [CallModal] 🔊 Setting up audio element for participant cmeumah180000kuygq63oa1qx
10:20:02.561  [CallModal] Stream details: {id: 'bc884001-458b-454b-890a-15ea46c82cad', active: true, audioTracks: Array(1)}
10:20:02.562  [CallModal] Previous audio element for cmeumah180000kuygq63oa1qx: false
10:20:02.565  [CallModal] Cleared previous srcObject for cmeumah180000kuygq63oa1qx
10:20:02.615  [VoiceActivity] Effect triggered: {hasStream: true, streamId: 'bc884001-458b-454b-890a-15ea46c82cad', audioTracks: 1, threshold: -40}
10:20:02.616  [VoiceActivity] Initializing for stream: bc884001-458b-454b-890a-15ea46c82cad with 1 audio tracks
10:20:02.617  [VoiceActivity] Effect triggered: {hasStream: true, streamId: '11f1cb2e-ff24-4f0a-9e82-dab593c0342f', audioTracks: 1, threshold: -40}
10:20:02.617  [VoiceActivity] Initializing for stream: 11f1cb2e-ff24-4f0a-9e82-dab593c0342f with 1 audio tracks
10:20:02.618  [VoiceActivity] Effect triggered: {hasStream: true, streamId: 'bc884001-458b-454b-890a-15ea46c82cad', audioTracks: 1, threshold: -40}
10:20:02.618  [VoiceActivity] Initializing for stream: bc884001-458b-454b-890a-15ea46c82cad with 1 audio tracks
10:20:02.619  [VoiceActivity] Effect triggered: {hasStream: true, streamId: '11f1cb2e-ff24-4f0a-9e82-dab593c0342f', audioTracks: 1, threshold: -40}
10:20:02.619  [VoiceActivity] Initializing for stream: 11f1cb2e-ff24-4f0a-9e82-dab593c0342f with 1 audio tracks
10:20:02.620  [CallModal] Audio loadeddata event for cmeifn5qp002dkunge64m0xss
10:20:02.620  [CallModal] Audio can play for cmeifn5qp002dkunge64m0xss
10:20:02.620  [CallModal] Audio canplay event for cmeifn5qp002dkunge64m0xss
10:20:02.620  [CallModal] Audio is playing for cmeifn5qp002dkunge64m0xss
10:20:02.620  [CallModal] ✅ Audio playing immediately for participant cmeifn5qp002dkunge64m0xss
10:20:02.620  [CallModal] ✅ Audio playing immediately for participant cmeifn5qp002dkunge64m0xss
10:20:02.620  [CallModal] ✅ Audio playing immediately for participant cmeifn5qp002dkunge64m0xss
10:20:02.621  [CallModal] Audio loadeddata event for cmeumah180000kuygq63oa1qx
10:20:02.621  [CallModal] Audio can play for cmeumah180000kuygq63oa1qx
10:20:02.621  [CallModal] Audio canplay event for cmeumah180000kuygq63oa1qx
10:20:02.621  [CallModal] Audio is playing for cmeumah180000kuygq63oa1qx
10:20:02.621  [CallModal] ✅ Audio playing immediately for participant cmeumah180000kuygq63oa1qx
10:20:02.621  [CallModal] ✅ Audio playing immediately for participant cmeumah180000kuygq63oa1qx
10:20:02.621  [CallModal] ✅ Audio playing immediately for participant cmeumah180000kuygq63oa1qx
10:20:02.622  [CallModal] Rendered - voice call opened
10:20:02.622  [CallModal] Rendered - voice call opened
10:20:02.642  [CallModal] Rendered - voice call opened
10:20:02.642  [CallModal] Rendered - voice call opened
10:20:02.643  [VoiceParticipant] Zber Samolde voice activity debug: {participantId: 'cmeumah180000kuygq63oa1qx', hasOriginalStream: true, hasLatestStream: true, streamActive: true, audioTracksCount: 1, …}
10:20:02.643  [VoiceParticipant] Zber Samolde voice activity debug: {participantId: 'cmeumah180000kuygq63oa1qx', hasOriginalStream: true, hasLatestStream: true, streamActive: true, audioTracksCount: 1, …}
10:20:02.644  [VoiceParticipant] Tester2 voice activity debug: {participantId: 'cmeifn5qp002dkunge64m0xss', hasOriginalStream: true, hasLatestStream: true, streamActive: true, audioTracksCount: 1, …}
10:20:02.644  [VoiceParticipant] Tester2 voice activity debug: {participantId: 'cmeifn5qp002dkunge64m0xss', hasOriginalStream: true, hasLatestStream: true, streamActive: true, audioTracksCount: 1, …}
10:20:02.646  [CallModal] 🔊 Setting up audio element for participant cmeifn5qp002dkunge64m0xss
10:20:02.646  [CallModal] Stream details: {id: '11f1cb2e-ff24-4f0a-9e82-dab593c0342f', active: true, audioTracks: Array(1)}
10:20:02.647  [CallModal] Previous audio element for cmeifn5qp002dkunge64m0xss: false
10:20:02.649  [CallModal] Cleared previous srcObject for cmeifn5qp002dkunge64m0xss
10:20:02.650  [CallModal] 🔊 Setting up audio element for participant cmeumah180000kuygq63oa1qx
10:20:02.650  [CallModal] Stream details: {id: 'bc884001-458b-454b-890a-15ea46c82cad', active: true, audioTracks: Array(1)}
10:20:02.651  [CallModal] Previous audio element for cmeumah180000kuygq63oa1qx: false
10:20:02.654  [CallModal] Cleared previous srcObject for cmeumah180000kuygq63oa1qx
10:20:02.792  [VoiceActivity] Effect triggered: {hasStream: true, streamId: 'bc884001-458b-454b-890a-15ea46c82cad', audioTracks: 1, threshold: -40}
10:20:02.793  [VoiceActivity] Initializing for stream: bc884001-458b-454b-890a-15ea46c82cad with 1 audio tracks
10:20:02.795  [VoiceActivity] Effect triggered: {hasStream: true, streamId: '11f1cb2e-ff24-4f0a-9e82-dab593c0342f', audioTracks: 1, threshold: -40}
10:20:02.795  [VoiceActivity] Initializing for stream: 11f1cb2e-ff24-4f0a-9e82-dab593c0342f with 1 audio tracks
10:20:02.797  [VoiceActivity] Effect triggered: {hasStream: true, streamId: 'bc884001-458b-454b-890a-15ea46c82cad', audioTracks: 1, threshold: -40}
10:20:02.797  [VoiceActivity] Initializing for stream: bc884001-458b-454b-890a-15ea46c82cad with 1 audio tracks
10:20:02.797  [VoiceActivity] Effect triggered: {hasStream: true, streamId: '11f1cb2e-ff24-4f0a-9e82-dab593c0342f', audioTracks: 1, threshold: -40}
10:20:02.797  [VoiceActivity] Initializing for stream: 11f1cb2e-ff24-4f0a-9e82-dab593c0342f with 1 audio tracks
10:20:02.800  [CallModal] Audio loadeddata event for cmeifn5qp002dkunge64m0xss
10:20:02.800  [CallModal] Audio can play for cmeifn5qp002dkunge64m0xss
10:20:02.800  [CallModal] Audio canplay event for cmeifn5qp002dkunge64m0xss
10:20:02.800  [CallModal] Audio is playing for cmeifn5qp002dkunge64m0xss
10:20:02.800  [CallModal] ✅ Audio playing immediately for participant cmeifn5qp002dkunge64m0xss
10:20:02.800  [CallModal] ✅ Audio playing immediately for participant cmeifn5qp002dkunge64m0xss
10:20:02.800  [CallModal] ✅ Audio playing immediately for participant cmeifn5qp002dkunge64m0xss
10:20:02.801  [CallModal] Audio loadeddata event for cmeumah180000kuygq63oa1qx
10:20:02.801  [CallModal] Audio can play for cmeumah180000kuygq63oa1qx
10:20:02.801  [CallModal] Audio canplay event for cmeumah180000kuygq63oa1qx
10:20:02.801  [CallModal] Audio is playing for cmeumah180000kuygq63oa1qx
10:20:02.801  [CallModal] ✅ Audio playing immediately for participant cmeumah180000kuygq63oa1qx
10:20:02.801  [CallModal] ✅ Audio playing immediately for participant cmeumah180000kuygq63oa1qx
10:20:02.801  [CallModal] ✅ Audio playing immediately for participant cmeumah180000kuygq63oa1qx
10:20:02.802  [CallModal] Rendered - voice call opened
10:20:02.803  [CallModal] Rendered - voice call opened
10:20:02.805  [WebRTC] Excellent network detected - restoring quality
10:20:02.806  [WebRTC] Improved audio quality for: cmeifn5qp002dkunge64m0xss
10:20:02.844  [WebRTC] ⚠️ Connection unstable for participant: cmeumah180000kuygq63oa1qx Connection: failed ICE: connected
10:20:02.845  [WebRTC Enhanced] Max retries exceeded for cmeumah180000kuygq63oa1qx
window.console.error @ webpack-internal:///…ent/app-index.js:33
console.error @ webpack-internal:///…on-error-info.js:63
attemptConnectionRecovery @ webpack-internal:///…brtc-enhanced.ts:79
eval @ webpack-internal:///…/lib/webrtc.ts:1476
10:20:02.890  [VoiceActivity] Volume analysis: {average: '0.0', volume: '-100.0', threshold: -40, speaking: false, streamActive: true, …}
10:20:03.085  [CallModal] Rendered - voice call opened
10:20:03.086  [CallModal] Rendered - voice call opened
10:20:03.086  [VoiceParticipant] Zber Samolde voice activity debug: {participantId: 'cmeumah180000kuygq63oa1qx', hasOriginalStream: true, hasLatestStream: true, streamActive: true, audioTracksCount: 1, …}
10:20:03.087  [VoiceParticipant] Zber Samolde voice activity debug: {participantId: 'cmeumah180000kuygq63oa1qx', hasOriginalStream: true, hasLatestStream: true, streamActive: true, audioTracksCount: 1, …}
10:20:03.087  [VoiceParticipant] Tester2 voice activity debug: {participantId: 'cmeifn5qp002dkunge64m0xss', hasOriginalStream: true, hasLatestStream: true, streamActive: true, audioTracksCount: 1, …}
10:20:03.088  [VoiceParticipant] Tester2 voice activity debug: {participantId: 'cmeifn5qp002dkunge64m0xss', hasOriginalStream: true, hasLatestStream: true, streamActive: true, audioTracksCount: 1, …}
10:20:03.090  [CallModal] 🔊 Setting up audio element for participant cmeifn5qp002dkunge64m0xss
10:20:03.090  [CallModal] Stream details: {id: '11f1cb2e-ff24-4f0a-9e82-dab593c0342f', active: true, audioTracks: Array(1)}
10:20:03.091  [CallModal] Previous audio element for cmeifn5qp002dkunge64m0xss: false
10:20:03.092  [CallModal] Cleared previous srcObject for cmeifn5qp002dkunge64m0xss
10:20:03.093  [CallModal] 🔊 Setting up audio element for participant cmeumah180000kuygq63oa1qx
10:20:03.094  [CallModal] Stream details: {id: 'bc884001-458b-454b-890a-15ea46c82cad', active: true, audioTracks: Array(1)}
10:20:03.095  [CallModal] Previous audio element for cmeumah180000kuygq63oa1qx: false
10:20:03.097  [CallModal] Cleared previous srcObject for cmeumah180000kuygq63oa1qx
10:20:03.134  [VoiceActivity] Effect triggered: {hasStream: true, streamId: 'bc884001-458b-454b-890a-15ea46c82cad', audioTracks: 1, threshold: -40}
10:20:03.135  [VoiceActivity] Initializing for stream: bc884001-458b-454b-890a-15ea46c82cad with 1 audio tracks
10:20:03.135  [VoiceActivity] Effect triggered: {hasStream: true, streamId: '11f1cb2e-ff24-4f0a-9e82-dab593c0342f', audioTracks: 1, threshold: -40}
10:20:03.136  [VoiceActivity] Initializing for stream: 11f1cb2e-ff24-4f0a-9e82-dab593c0342f with 1 audio tracks
10:20:03.137  [VoiceActivity] Effect triggered: {hasStream: true, streamId: 'bc884001-458b-454b-890a-15ea46c82cad', audioTracks: 1, threshold: -40}
10:20:03.137  [VoiceActivity] Initializing for stream: bc884001-458b-454b-890a-15ea46c82cad with 1 audio tracks
10:20:03.137  [VoiceActivity] Effect triggered: {hasStream: true, streamId: '11f1cb2e-ff24-4f0a-9e82-dab593c0342f', audioTracks: 1, threshold: -40}
10:20:03.137  [VoiceActivity] Initializing for stream: 11f1cb2e-ff24-4f0a-9e82-dab593c0342f with 1 audio tracks
10:20:03.139  [CallModal] Audio loadeddata event for cmeifn5qp002dkunge64m0xss
10:20:03.139  [CallModal] Audio can play for cmeifn5qp002dkunge64m0xss
10:20:03.139  [CallModal] Audio canplay event for cmeifn5qp002dkunge64m0xss
10:20:03.139  [CallModal] Audio is playing for cmeifn5qp002dkunge64m0xss
10:20:03.139  [CallModal] ✅ Audio playing immediately for participant cmeifn5qp002dkunge64m0xss
10:20:03.139  [CallModal] ✅ Audio playing immediately for participant cmeifn5qp002dkunge64m0xss
10:20:03.139  [CallModal] ✅ Audio playing immediately for participant cmeifn5qp002dkunge64m0xss
10:20:03.140  [CallModal] Audio loadeddata event for cmeumah180000kuygq63oa1qx
10:20:03.140  [CallModal] Audio can play for cmeumah180000kuygq63oa1qx
10:20:03.140  [CallModal] Audio canplay event for cmeumah180000kuygq63oa1qx
10:20:03.140  [CallModal] Audio is playing for cmeumah180000kuygq63oa1qx
10:20:03.140  [CallModal] ✅ Audio playing immediately for participant cmeumah180000kuygq63oa1qx
10:20:03.140  [CallModal] ✅ Audio playing immediately for participant cmeumah180000kuygq63oa1qx
10:20:03.140  [CallModal] ✅ Audio playing immediately for participant cmeumah180000kuygq63oa1qx
10:20:03.140  [CallModal] Rendered - voice call opened
10:20:03.141  [CallModal] Rendered - voice call opened
10:20:03.162  [VoiceActivity] Volume analysis: {average: '0.0', volume: '-100.0', threshold: -40, speaking: false, streamActive: true, …}
10:20:03.199  [CallModal] Rendered - voice call opened
10:20:03.199  [CallModal] Rendered - voice call opened
10:20:03.200  [VoiceParticipant] Zber Samolde voice activity debug: {participantId: 'cmeumah180000kuygq63oa1qx', hasOriginalStream: true, hasLatestStream: true, streamActive: true, audioTracksCount: 1, …}
10:20:03.200  [VoiceParticipant] Zber Samolde voice activity debug: {participantId: 'cmeumah180000kuygq63oa1qx', hasOriginalStream: true, hasLatestStream: true, streamActive: true, audioTracksCount: 1, …}
10:20:03.200  [VoiceParticipant] Tester2 voice activity debug: {participantId: 'cmeifn5qp002dkunge64m0xss', hasOriginalStream: true, hasLatestStream: true, streamActive: true, audioTracksCount: 1, …}
10:20:03.200  [VoiceParticipant] Tester2 voice activity debug: {participantId: 'cmeifn5qp002dkunge64m0xss', hasOriginalStream: true, hasLatestStream: true, streamActive: true, audioTracksCount: 1, …}
10:20:03.201  [CallModal] 🔊 Setting up audio element for participant cmeifn5qp002dkunge64m0xss
10:20:03.202  [CallModal] Stream details: {id: '11f1cb2e-ff24-4f0a-9e82-dab593c0342f', active: true, audioTracks: Array(1)}
10:20:03.202  [CallModal] Previous audio element for cmeifn5qp002dkunge64m0xss: false
10:20:03.205  [CallModal] Cleared previous srcObject for cmeifn5qp002dkunge64m0xss
10:20:03.207  [CallModal] 🔊 Setting up audio element for participant cmeumah180000kuygq63oa1qx
10:20:03.208  [CallModal] Stream details: {id: 'bc884001-458b-454b-890a-15ea46c82cad', active: true, audioTracks: Array(1)}
10:20:03.208  [CallModal] Previous audio element for cmeumah180000kuygq63oa1qx: false
10:20:03.211  [CallModal] Cleared previous srcObject for cmeumah180000kuygq63oa1qx
10:20:03.260  [VoiceActivity] Effect triggered: {hasStream: true, streamId: 'bc884001-458b-454b-890a-15ea46c82cad', audioTracks: 1, threshold: -40}
10:20:03.261  [VoiceActivity] Initializing for stream: bc884001-458b-454b-890a-15ea46c82cad with 1 audio tracks
10:20:03.262  [VoiceActivity] Effect triggered: {hasStream: true, streamId: '11f1cb2e-ff24-4f0a-9e82-dab593c0342f', audioTracks: 1, threshold: -40}
10:20:03.262  [VoiceActivity] Initializing for stream: 11f1cb2e-ff24-4f0a-9e82-dab593c0342f with 1 audio tracks
10:20:03.263  [VoiceActivity] Effect triggered: {hasStream: true, streamId: 'bc884001-458b-454b-890a-15ea46c82cad', audioTracks: 1, threshold: -40}
10:20:03.264  [VoiceActivity] Initializing for stream: bc884001-458b-454b-890a-15ea46c82cad with 1 audio tracks
10:20:03.265  [VoiceActivity] Effect triggered: {hasStream: true, streamId: '11f1cb2e-ff24-4f0a-9e82-dab593c0342f', audioTracks: 1, threshold: -40}
10:20:03.265  [VoiceActivity] Initializing for stream: 11f1cb2e-ff24-4f0a-9e82-dab593c0342f with 1 audio tracks
10:20:03.266  [CallModal] Audio loadeddata event for cmeifn5qp002dkunge64m0xss
10:20:03.266  [CallModal] Audio can play for cmeifn5qp002dkunge64m0xss
10:20:03.266  [CallModal] Audio canplay event for cmeifn5qp002dkunge64m0xss
10:20:03.266  [CallModal] Audio is playing for cmeifn5qp002dkunge64m0xss
10:20:03.267  [CallModal] ✅ Audio playing immediately for participant cmeifn5qp002dkunge64m0xss
10:20:03.267  [CallModal] ✅ Audio playing immediately for participant cmeifn5qp002dkunge64m0xss
10:20:03.267  [CallModal] ✅ Audio playing immediately for participant cmeifn5qp002dkunge64m0xss
10:20:03.267  [CallModal] Audio loadeddata event for cmeumah180000kuygq63oa1qx
10:20:03.267  [CallModal] Audio can play for cmeumah180000kuygq63oa1qx
10:20:03.268  [CallModal] Audio canplay event for cmeumah180000kuygq63oa1qx
10:20:03.268  [CallModal] Audio is playing for cmeumah180000kuygq63oa1qx
10:20:03.268  [CallModal] ✅ Audio playing immediately for participant cmeumah180000kuygq63oa1qx
10:20:03.268  [CallModal] ✅ Audio playing immediately for participant cmeumah180000kuygq63oa1qx
10:20:03.268  [CallModal] ✅ Audio playing immediately for participant cmeumah180000kuygq63oa1qx
10:20:03.268  [CallModal] Rendered - voice call opened
10:20:03.269  [CallModal] Rendered - voice call opened
10:20:03.294  SocketContext: Heartbeat sent successfully
10:20:03.314  [CallModal] Rendered - voice call opened
10:20:03.315  [CallModal] Rendered - voice call opened
10:20:03.316  [VoiceParticipant] Zber Samolde voice activity debug: {participantId: 'cmeumah180000kuygq63oa1qx', hasOriginalStream: true, hasLatestStream: true, streamActive: true, audioTracksCount: 1, …}
10:20:03.316  [VoiceParticipant] Zber Samolde voice activity debug: {participantId: 'cmeumah180000kuygq63oa1qx', hasOriginalStream: true, hasLatestStream: true, streamActive: true, audioTracksCount: 1, …}
10:20:03.316  [VoiceParticipant] Tester2 voice activity debug: {participantId: 'cmeifn5qp002dkunge64m0xss', hasOriginalStream: true, hasLatestStream: true, streamActive: true, audioTracksCount: 1, …}
10:20:03.316  [VoiceParticipant] Tester2 voice activity debug: {participantId: 'cmeifn5qp002dkunge64m0xss', hasOriginalStream: true, hasLatestStream: true, streamActive: true, audioTracksCount: 1, …}
10:20:03.317  [CallModal] 🔊 Setting up audio element for participant cmeifn5qp002dkunge64m0xss
10:20:03.318  [CallModal] Stream details: {id: '11f1cb2e-ff24-4f0a-9e82-dab593c0342f', active: true, audioTracks: Array(1)}
10:20:03.319  [CallModal] Previous audio element for cmeifn5qp002dkunge64m0xss: false
10:20:03.321  [CallModal] Cleared previous srcObject for cmeifn5qp002dkunge64m0xss
10:20:03.323  [CallModal] 🔊 Setting up audio element for participant cmeumah180000kuygq63oa1qx
10:20:03.323  [CallModal] Stream details: {id: 'bc884001-458b-454b-890a-15ea46c82cad', active: true, audioTracks: Array(1)}
10:20:03.323  [CallModal] Previous audio element for cmeumah180000kuygq63oa1qx: false
10:20:03.326  [CallModal] Cleared previous srcObject for cmeumah180000kuygq63oa1qx
10:20:03.398  [VoiceActivity] Effect triggered: {hasStream: true, streamId: 'bc884001-458b-454b-890a-15ea46c82cad', audioTracks: 1, threshold: -40}
10:20:03.398  [VoiceActivity] Initializing for stream: bc884001-458b-454b-890a-15ea46c82cad with 1 audio tracks
10:20:03.399  [VoiceActivity] Effect triggered: {hasStream: true, streamId: '11f1cb2e-ff24-4f0a-9e82-dab593c0342f', audioTracks: 1, threshold: -40}
10:20:03.400  [VoiceActivity] Initializing for stream: 11f1cb2e-ff24-4f0a-9e82-dab593c0342f with 1 audio tracks
10:20:03.401  [VoiceActivity] Volume analysis: {average: '0.0', volume: '-100.0', threshold: -40, speaking: false, streamActive: true, …}
10:20:03.402  [VoiceActivity] Effect triggered: {hasStream: true, streamId: 'bc884001-458b-454b-890a-15ea46c82cad', audioTracks: 1, threshold: -40}
10:20:03.402  [VoiceActivity] Initializing for stream: bc884001-458b-454b-890a-15ea46c82cad with 1 audio tracks
10:20:03.402  [VoiceActivity] Effect triggered: {hasStream: true, streamId: '11f1cb2e-ff24-4f0a-9e82-dab593c0342f', audioTracks: 1, threshold: -40}
10:20:03.403  [VoiceActivity] Initializing for stream: 11f1cb2e-ff24-4f0a-9e82-dab593c0342f with 1 audio tracks
10:20:03.405  [CallModal] Audio loadeddata event for cmeifn5qp002dkunge64m0xss
10:20:03.405  [CallModal] Audio can play for cmeifn5qp002dkunge64m0xss
10:20:03.405  [CallModal] Audio canplay event for cmeifn5qp002dkunge64m0xss
10:20:03.405  [CallModal] Audio is playing for cmeifn5qp002dkunge64m0xss
10:20:03.405  [CallModal] ✅ Audio playing immediately for participant cmeifn5qp002dkunge64m0xss
10:20:03.405  [CallModal] ✅ Audio playing immediately for participant cmeifn5qp002dkunge64m0xss
10:20:03.405  [CallModal] ✅ Audio playing immediately for participant cmeifn5qp002dkunge64m0xss
10:20:03.406  [CallModal] Audio loadeddata event for cmeumah180000kuygq63oa1qx
10:20:03.406  [CallModal] Audio can play for cmeumah180000kuygq63oa1qx
10:20:03.406  [CallModal] Audio canplay event for cmeumah180000kuygq63oa1qx
10:20:03.406  [CallModal] Audio is playing for cmeumah180000kuygq63oa1qx
10:20:03.406  [CallModal] ✅ Audio playing immediately for participant cmeumah180000kuygq63oa1qx
10:20:03.406  [CallModal] ✅ Audio playing immediately for participant cmeumah180000kuygq63oa1qx
10:20:03.406  [CallModal] ✅ Audio playing immediately for participant cmeumah180000kuygq63oa1qx
10:20:03.407  [CallModal] Rendered - voice call opened
10:20:03.407  [CallModal] Rendered - voice call opened
10:20:03.477  [VoiceActivity] Volume analysis: {average: '0.0', volume: '-100.0', threshold: -40, speaking: false, streamActive: true, …}
10:20:03.547  [CallModal] Updated peer connections for performance monitoring: 2
10:20:03.548  [CallModal] Peer connection participants: (2) ['cmeifn5qp002dkunge64m0xss', 'cmeumah180000kuygq63oa1qx']
10:20:03.548  [CallModal] Rendered - voice call opened
10:20:03.549  [CallModal] Rendered - voice call opened
10:20:03.551  [VoiceParticipant] Zber Samolde voice activity debug: {participantId: 'cmeumah180000kuygq63oa1qx', hasOriginalStream: true, hasLatestStream: true, streamActive: true, audioTracksCount: 1, …}
10:20:03.551  [VoiceParticipant] Zber Samolde voice activity debug: {participantId: 'cmeumah180000kuygq63oa1qx', hasOriginalStream: true, hasLatestStream: true, streamActive: true, audioTracksCount: 1, …}
10:20:03.552  [VoiceParticipant] Tester2 voice activity debug: {participantId: 'cmeifn5qp002dkunge64m0xss', hasOriginalStream: true, hasLatestStream: true, streamActive: true, audioTracksCount: 1, …}
10:20:03.552  [VoiceParticipant] Tester2 voice activity debug: {participantId: 'cmeifn5qp002dkunge64m0xss', hasOriginalStream: true, hasLatestStream: true, streamActive: true, audioTracksCount: 1, …}
10:20:03.553  [CallModal] 🔊 Setting up audio element for participant cmeifn5qp002dkunge64m0xss
10:20:03.555  [CallModal] Stream details: {id: '11f1cb2e-ff24-4f0a-9e82-dab593c0342f', active: true, audioTracks: Array(1)}
10:20:03.556  [CallModal] Previous audio element for cmeifn5qp002dkunge64m0xss: false
10:20:03.559  [CallModal] Cleared previous srcObject for cmeifn5qp002dkunge64m0xss
10:20:03.561  [CallModal] 🔊 Setting up audio element for participant cmeumah180000kuygq63oa1qx
10:20:03.562  [CallModal] Stream details: {id: 'bc884001-458b-454b-890a-15ea46c82cad', active: true, audioTracks: Array(1)}
10:20:03.562  [CallModal] Previous audio element for cmeumah180000kuygq63oa1qx: false
10:20:03.567  [CallModal] Cleared previous srcObject for cmeumah180000kuygq63oa1qx
10:20:03.727  [VoiceActivity] Effect triggered: {hasStream: true, streamId: 'bc884001-458b-454b-890a-15ea46c82cad', audioTracks: 1, threshold: -40}
10:20:03.727  [VoiceActivity] Initializing for stream: bc884001-458b-454b-890a-15ea46c82cad with 1 audio tracks
10:20:03.730  [VoiceActivity] Effect triggered: {hasStream: true, streamId: '11f1cb2e-ff24-4f0a-9e82-dab593c0342f', audioTracks: 1, threshold: -40}
10:20:03.731  [VoiceActivity] Initializing for stream: 11f1cb2e-ff24-4f0a-9e82-dab593c0342f with 1 audio tracks
10:20:03.733  [useCallPerformance] Connection states: (2) [{…}, {…}]
10:20:03.734  [useCallPerformance] Starting monitoring for 1 valid connections
10:20:03.735  [VoiceActivity] Effect triggered: {hasStream: true, streamId: 'bc884001-458b-454b-890a-15ea46c82cad', audioTracks: 1, threshold: -40}
10:20:03.735  [VoiceActivity] Initializing for stream: bc884001-458b-454b-890a-15ea46c82cad with 1 audio tracks
10:20:03.735  [VoiceActivity] Effect triggered: {hasStream: true, streamId: '11f1cb2e-ff24-4f0a-9e82-dab593c0342f', audioTracks: 1, threshold: -40}
10:20:03.736  [VoiceActivity] Initializing for stream: 11f1cb2e-ff24-4f0a-9e82-dab593c0342f with 1 audio tracks
10:20:03.736  [CallModal] Audio loadeddata event for cmeifn5qp002dkunge64m0xss
10:20:03.736  [CallModal] Audio can play for cmeifn5qp002dkunge64m0xss
10:20:03.737  [CallModal] Audio canplay event for cmeifn5qp002dkunge64m0xss
10:20:03.737  [CallModal] Audio is playing for cmeifn5qp002dkunge64m0xss
10:20:03.737  [CallModal] ✅ Audio playing immediately for participant cmeifn5qp002dkunge64m0xss
10:20:03.737  [CallModal] ✅ Audio playing immediately for participant cmeifn5qp002dkunge64m0xss
10:20:03.737  [CallModal] ✅ Audio playing immediately for participant cmeifn5qp002dkunge64m0xss
10:20:03.737  [CallModal] Audio loadeddata event for cmeumah180000kuygq63oa1qx
10:20:03.738  [CallModal] Audio can play for cmeumah180000kuygq63oa1qx
10:20:03.738  [CallModal] Audio canplay event for cmeumah180000kuygq63oa1qx
10:20:03.738  [CallModal] Audio is playing for cmeumah180000kuygq63oa1qx
10:20:03.738  [CallModal] ✅ Audio playing immediately for participant cmeumah180000kuygq63oa1qx
10:20:03.738  [CallModal] ✅ Audio playing immediately for participant cmeumah180000kuygq63oa1qx
10:20:03.738  [CallModal] ✅ Audio playing immediately for participant cmeumah180000kuygq63oa1qx
10:20:03.738  [useCallPerformance] No valid network data yet, assuming good quality
10:20:03.739  [useCallPerformance] Skipping stats for cmeumah180000kuygq63oa1qx - connection state: failed
eval @ webpack-internal:///…lPerformance.ts:102
await in eval
eval @ webpack-internal:///…lPerformance.ts:178
eval @ webpack-internal:///…lPerformance.ts:209
commitHookEffectListMount @ webpack-internal:///…evelopment.js:21102
commitHookPassiveMountEffects @ webpack-internal:///…evelopment.js:23154
commitPassiveMountOnFiber @ webpack-internal:///…evelopment.js:23259
recursivelyTraversePassiveMountEffects @ webpack-internal:///…evelopment.js:23237
commitPassiveMountOnFiber @ webpack-internal:///…evelopment.js:23370
recursivelyTraversePassiveMountEffects @ webpack-internal:///…evelopment.js:23237
commitPassiveMountOnFiber @ webpack-internal:///…evelopment.js:23256
recursivelyTraversePassiveMountEffects @ webpack-internal:///…evelopment.js:23237
commitPassiveMountOnFiber @ webpack-internal:///…evelopment.js:23370
recursivelyTraversePassiveMountEffects @ webpack-internal:///…evelopment.js:23237
commitPassiveMountOnFiber @ webpack-internal:///…evelopment.js:23370
recursivelyTraversePassiveMountEffects @ webpack-internal:///…evelopment.js:23237
commitPassiveMountOnFiber @ webpack-internal:///…evelopment.js:23370
recursivelyTraversePassiveMountEffects @ webpack-internal:///…evelopment.js:23237
commitPassiveMountOnFiber @ webpack-internal:///…evelopment.js:23256
recursivelyTraversePassiveMountEffects @ webpack-internal:///…evelopment.js:23237
commitPassiveMountOnFiber @ webpack-internal:///…evelopment.js:23256
recursivelyTraversePassiveMountEffects @ webpack-internal:///…evelopment.js:23237
commitPassiveMountOnFiber @ webpack-internal:///…evelopment.js:23370
recursivelyTraversePassiveMountEffects @ webpack-internal:///…evelopment.js:23237
commitPassiveMountOnFiber @ webpack-internal:///…evelopment.js:23370
recursivelyTraversePassiveMountEffects @ webpack-internal:///…evelopment.js:23237
commitPassiveMountOnFiber @ webpack-internal:///…evelopment.js:23256
recursivelyTraversePassiveMountEffects @ webpack-internal:///…evelopment.js:23237
commitPassiveMountOnFiber @ webpack-internal:///…evelopment.js:23370
recursivelyTraversePassiveMountEffects @ webpack-internal:///…evelopment.js:23237
commitPassiveMountOnFiber @ webpack-internal:///…evelopment.js:23256
recursivelyTraversePassiveMountEffects @ webpack-internal:///…evelopment.js:23237
commitPassiveMountOnFiber @ webpack-internal:///…evelopment.js:23256
recursivelyTraversePassiveMountEffects @ webpack-internal:///…evelopment.js:23237
commitPassiveMountOnFiber @ webpack-internal:///…evelopment.js:23256
recursivelyTraversePassiveMountEffects @ webpack-internal:///…evelopment.js:23237
commitPassiveMountOnFiber @ webpack-internal:///…evelopment.js:23256
recursivelyTraversePassiveMountEffects @ webpack-internal:///…evelopment.js:23237
commitPassiveMountOnFiber @ webpack-internal:///…evelopment.js:23370
recursivelyTraversePassiveMountEffects @ webpack-internal:///…evelopment.js:23237
commitPassiveMountOnFiber @ webpack-internal:///…evelopment.js:23256
recursivelyTraversePassiveMountEffects @ webpack-internal:///…evelopment.js:23237
commitPassiveMountOnFiber @ webpack-internal:///…evelopment.js:23256
recursivelyTraversePassiveMountEffects @ webpack-internal:///…evelopment.js:23237
commitPassiveMountOnFiber @ webpack-internal:///…evelopment.js:23370
recursivelyTraversePassiveMountEffects @ webpack-internal:///…evelopment.js:23237
commitPassiveMountOnFiber @ webpack-internal:///…evelopment.js:23256
recursivelyTraversePassiveMountEffects @ webpack-internal:///…evelopment.js:23237
commitPassiveMountOnFiber @ webpack-internal:///…evelopment.js:23370
recursivelyTraversePassiveMountEffects @ webpack-internal:///…evelopment.js:23237
commitPassiveMountOnFiber @ webpack-internal:///…evelopment.js:23256
recursivelyTraversePassiveMountEffects @ webpack-internal:///…evelopment.js:23237
commitPassiveMountOnFiber @ webpack-internal:///…evelopment.js:23370
recursivelyTraversePassiveMountEffects @ webpack-internal:///…evelopment.js:23237
commitPassiveMountOnFiber @ webpack-internal:///…evelopment.js:23256
recursivelyTraversePassiveMountEffects @ webpack-internal:///…evelopment.js:23237
commitPassiveMountOnFiber @ webpack-internal:///…evelopment.js:23370
recursivelyTraversePassiveMountEffects @ webpack-internal:///…evelopment.js:23237
commitPassiveMountOnFiber @ webpack-internal:///…evelopment.js:23256
recursivelyTraversePassiveMountEffects @ webpack-internal:///…evelopment.js:23237
commitPassiveMountOnFiber @ webpack-internal:///…evelopment.js:23256
recursivelyTraversePassiveMountEffects @ webpack-internal:///…evelopment.js:23237
commitPassiveMountOnFiber @ webpack-internal:///…evelopment.js:23256
recursivelyTraversePassiveMountEffects @ webpack-internal:///…evelopment.js:23237
commitPassiveMountOnFiber @ webpack-internal:///…evelopment.js:23370
recursivelyTraversePassiveMountEffects @ webpack-internal:///…evelopment.js:23237
commitPassiveMountOnFiber @ webpack-internal:///…evelopment.js:23256
recursivelyTraversePassiveMountEffects @ webpack-internal:///…evelopment.js:23237
commitPassiveMountOnFiber @ webpack-internal:///…evelopment.js:23256
recursivelyTraversePassiveMountEffects @ webpack-internal:///…evelopment.js:23237
commitPassiveMountOnFiber @ webpack-internal:///…evelopment.js:23370
recursivelyTraversePassiveMountEffects @ webpack-internal:///…evelopment.js:23237
commitPassiveMountOnFiber @ webpack-internal:///…evelopment.js:23256
recursivelyTraversePassiveMountEffects @ webpack-internal:///…evelopment.js:23237
commitPassiveMountOnFiber @ webpack-internal:///…evelopment.js:23370
recursivelyTraversePassiveMountEffects @ webpack-internal:///…evelopment.js:23237
commitPassiveMountOnFiber @ webpack-internal:///…evelopment.js:23370
recursivelyTraversePassiveMountEffects @ webpack-internal:///…evelopment.js:23237
commitPassiveMountOnFiber @ webpack-internal:///…evelopment.js:23256
recursivelyTraversePassiveMountEffects @ webpack-internal:///…evelopment.js:23237
commitPassiveMountOnFiber @ webpack-internal:///…evelopment.js:23370
recursivelyTraversePassiveMountEffects @ webpack-internal:///…evelopment.js:23237
commitPassiveMountOnFiber @ webpack-internal:///…evelopment.js:23256
recursivelyTraversePassiveMountEffects @ webpack-internal:///…evelopment.js:23237
commitPassiveMountOnFiber @ webpack-internal:///…evelopment.js:23370
recursivelyTraversePassiveMountEffects @ webpack-internal:///…evelopment.js:23237
commitPassiveMountOnFiber @ webpack-internal:///…evelopment.js:23256
recursivelyTraversePassiveMountEffects @ webpack-internal:///…evelopment.js:23237
commitPassiveMountOnFiber @ webpack-internal:///…evelopment.js:23370
recursivelyTraversePassiveMountEffects @ webpack-internal:///…evelopment.js:23237
commitPassiveMountOnFiber @ webpack-internal:///…evelopment.js:23256
recursivelyTraversePassiveMountEffects @ webpack-internal:///…evelopment.js:23237
commitPassiveMountOnFiber @ webpack-internal:///…evelopment.js:23370
recursivelyTraversePassiveMountEffects @ webpack-internal:///…evelopment.js:23237
commitPassiveMountOnFiber @ webpack-internal:///…evelopment.js:23256
recursivelyTraversePassiveMountEffects @ webpack-internal:///…evelopment.js:23237
commitPassiveMountOnFiber @ webpack-internal:///…evelopment.js:23256
recursivelyTraversePassiveMountEffects @ webpack-internal:///…evelopment.js:23237
commitPassiveMountOnFiber @ webpack-internal:///…evelopment.js:23370
recursivelyTraversePassiveMountEffects @ webpack-internal:///…evelopment.js:23237
commitPassiveMountOnFiber @ webpack-internal:///…evelopment.js:23370
recursivelyTraversePassiveMountEffects @ webpack-internal:///…evelopment.js:23237
commitPassiveMountOnFiber @ webpack-internal:///…evelopment.js:23370
recursivelyTraversePassiveMountEffects @ webpack-internal:///…evelopment.js:23237
commitPassiveMountOnFiber @ webpack-internal:///…evelopment.js:23370
recursivelyTraversePassiveMountEffects @ webpack-internal:///…evelopment.js:23237
commitPassiveMountOnFiber @ webpack-internal:///…evelopment.js:23370
recursivelyTraversePassiveMountEffects @ webpack-internal:///…evelopment.js:23237
commitPassiveMountOnFiber @ webpack-internal:///…evelopment.js:23256
recursivelyTraversePassiveMountEffects @ webpack-internal:///…evelopment.js:23237
commitPassiveMountOnFiber @ webpack-internal:///…evelopment.js:23370
recursivelyTraversePassiveMountEffects @ webpack-internal:///…evelopment.js:23237
commitPassiveMountOnFiber @ webpack-internal:///…evelopment.js:23370
recursivelyTraversePassiveMountEffects @ webpack-internal:///…evelopment.js:23237
commitPassiveMountOnFiber @ webpack-internal:///…evelopment.js:23256
recursivelyTraversePassiveMountEffects @ webpack-internal:///…evelopment.js:23237
commitPassiveMountOnFiber @ webpack-internal:///…evelopment.js:23256
recursivelyTraversePassiveMountEffects @ webpack-internal:///…evelopment.js:23237
commitPassiveMountOnFiber @ webpack-internal:///…evelopment.js:23370
recursivelyTraversePassiveMountEffects @ webpack-internal:///…evelopment.js:23237
commitPassiveMountOnFiber @ webpack-internal:///…evelopment.js:23256
recursivelyTraversePassiveMountEffects @ webpack-internal:///…evelopment.js:23237
commitPassiveMountOnFiber @ webpack-internal:///…evelopment.js:23370
recursivelyTraversePassiveMountEffects @ webpack-internal:///…evelopment.js:23237
commitPassiveMountOnFiber @ webpack-internal:///…evelopment.js:23370
recursivelyTraversePassiveMountEffects @ webpack-internal:///…evelopment.js:23237
commitPassiveMountOnFiber @ webpack-internal:///…evelopment.js:23370
recursivelyTraversePassiveMountEffects @ webpack-internal:///…evelopment.js:23237
commitPassiveMountOnFiber @ webpack-internal:///…evelopment.js:23370
recursivelyTraversePassiveMountEffects @ webpack-internal:///…evelopment.js:23237
commitPassiveMountOnFiber @ webpack-internal:///…evelopment.js:23370
recursivelyTraversePassiveMountEffects @ webpack-internal:///…evelopment.js:23237
commitPassiveMountOnFiber @ webpack-internal:///…evelopment.js:23370
recursivelyTraversePassiveMountEffects @ webpack-internal:///…evelopment.js:23237
commitPassiveMountOnFiber @ webpack-internal:///…evelopment.js:23256
recursivelyTraversePassiveMountEffects @ webpack-internal:///…evelopment.js:23237
commitPassiveMountOnFiber @ webpack-internal:///…evelopment.js:23370
recursivelyTraversePassiveMountEffects @ webpack-internal:///…evelopment.js:23237
commitPassiveMountOnFiber @ webpack-internal:///…evelopment.js:23256
recursivelyTraversePassiveMountEffects @ webpack-internal:///…evelopment.js:23237
commitPassiveMountOnFiber @ webpack-internal:///…evelopment.js:23256
recursivelyTraversePassiveMountEffects @ webpack-internal:///…evelopment.js:23237
commitPassiveMountOnFiber @ webpack-internal:///…evelopment.js:23256
recursivelyTraversePassiveMountEffects @ webpack-internal:///…evelopment.js:23237
commitPassiveMountOnFiber @ webpack-internal:///…evelopment.js:23256
recursivelyTraversePassiveMountEffects @ webpack-internal:///…evelopment.js:23237
commitPassiveMountOnFiber @ webpack-internal:///…evelopment.js:23370
recursivelyTraversePassiveMountEffects @ webpack-internal:///…evelopment.js:23237
commitPassiveMountOnFiber @ webpack-internal:///…evelopment.js:23370
recursivelyTraversePassiveMountEffects @ webpack-internal:///…evelopment.js:23237
commitPassiveMountOnFiber @ webpack-internal:///…evelopment.js:23370
recursivelyTraversePassiveMountEffects @ webpack-internal:///…evelopment.js:23237
commitPassiveMountOnFiber @ webpack-internal:///…evelopment.js:23267
commitPassiveMountEffects @ webpack-internal:///…evelopment.js:23225
flushPassiveEffectsImpl @ webpack-internal:///…evelopment.js:26497
flushPassiveEffects @ webpack-internal:///…evelopment.js:26438
eval @ webpack-internal:///…evelopment.js:26172
workLoop @ webpack-internal:///….development.js:256
flushWork @ webpack-internal:///….development.js:225
performWorkUntilDeadline @ webpack-internal:///….development.js:534
10:20:03.739  [CallModal] Rendered - voice call opened
10:20:03.740  [CallModal] Rendered - voice call opened
10:20:03.740  [VoiceParticipant] Zber Samolde voice activity debug: {participantId: 'cmeumah180000kuygq63oa1qx', hasOriginalStream: true, hasLatestStream: true, streamActive: true, audioTracksCount: 1, …}
10:20:03.741  [VoiceParticipant] Zber Samolde voice activity debug: {participantId: 'cmeumah180000kuygq63oa1qx', hasOriginalStream: true, hasLatestStream: true, streamActive: true, audioTracksCount: 1, …}
10:20:03.743  [VoiceParticipant] Tester2 voice activity debug: {participantId: 'cmeifn5qp002dkunge64m0xss', hasOriginalStream: true, hasLatestStream: true, streamActive: true, audioTracksCount: 1, …}
10:20:03.743  [VoiceParticipant] Tester2 voice activity debug: {participantId: 'cmeifn5qp002dkunge64m0xss', hasOriginalStream: true, hasLatestStream: true, streamActive: true, audioTracksCount: 1, …}
10:20:03.745  [CallModal] 🔊 Setting up audio element for participant cmeifn5qp002dkunge64m0xss
10:20:03.746  [CallModal] Stream details: {id: '11f1cb2e-ff24-4f0a-9e82-dab593c0342f', active: true, audioTracks: Array(1)}
10:20:03.746  [CallModal] Previous audio element for cmeifn5qp002dkunge64m0xss: false
10:20:03.749  [CallModal] Cleared previous srcObject for cmeifn5qp002dkunge64m0xss
10:20:03.751  [CallModal] 🔊 Setting up audio element for participant cmeumah180000kuygq63oa1qx
10:20:03.752  [CallModal] Stream details: {id: 'bc884001-458b-454b-890a-15ea46c82cad', active: true, audioTracks: Array(1)}
10:20:03.752  [CallModal] Previous audio element for cmeumah180000kuygq63oa1qx: false
10:20:03.755  [CallModal] Cleared previous srcObject for cmeumah180000kuygq63oa1qx
10:20:03.930  [VoiceActivity] Effect triggered: {hasStream: true, streamId: 'bc884001-458b-454b-890a-15ea46c82cad', audioTracks: 1, threshold: -40}
10:20:03.931  [VoiceActivity] Initializing for stream: bc884001-458b-454b-890a-15ea46c82cad with 1 audio tracks
10:20:03.934  [VoiceActivity] Effect triggered: {hasStream: true, streamId: '11f1cb2e-ff24-4f0a-9e82-dab593c0342f', audioTracks: 1, threshold: -40}
10:20:03.935  [VoiceActivity] Initializing for stream: 11f1cb2e-ff24-4f0a-9e82-dab593c0342f with 1 audio tracks
10:20:03.938  [VoiceActivity] Effect triggered: {hasStream: true, streamId: 'bc884001-458b-454b-890a-15ea46c82cad', audioTracks: 1, threshold: -40}
10:20:03.938  [VoiceActivity] Initializing for stream: bc884001-458b-454b-890a-15ea46c82cad with 1 audio tracks
10:20:03.940  [VoiceActivity] Effect triggered: {hasStream: true, streamId: '11f1cb2e-ff24-4f0a-9e82-dab593c0342f', audioTracks: 1, threshold: -40}
10:20:03.940  [VoiceActivity] Initializing for stream: 11f1cb2e-ff24-4f0a-9e82-dab593c0342f with 1 audio tracks
10:20:03.944  User status update received: {userId: 'cmeifn5qp002dkunge64m0xss', isOnline: true, lastSeen: '2025-09-09T02:20:03.855Z'}
10:20:03.946  Updated online status for user cmeifn5qp002dkunge64m0xss in conversation cmeifnahq003ekungumhkl6ux
10:20:03.947  [CallModal] Audio loadeddata event for cmeifn5qp002dkunge64m0xss
10:20:03.948  [CallModal] Audio can play for cmeifn5qp002dkunge64m0xss
10:20:03.949  [CallModal] Audio canplay event for cmeifn5qp002dkunge64m0xss
10:20:03.949  [CallModal] Audio is playing for cmeifn5qp002dkunge64m0xss
10:20:03.949  [CallModal] ✅ Audio playing immediately for participant cmeifn5qp002dkunge64m0xss
10:20:03.949  [CallModal] ✅ Audio playing immediately for participant cmeifn5qp002dkunge64m0xss
10:20:03.949  [CallModal] ✅ Audio playing immediately for participant cmeifn5qp002dkunge64m0xss
10:20:03.951  [CallModal] Audio loadeddata event for cmeumah180000kuygq63oa1qx
10:20:03.951  [CallModal] Audio can play for cmeumah180000kuygq63oa1qx
10:20:03.951  [CallModal] Audio canplay event for cmeumah180000kuygq63oa1qx
10:20:03.952  [CallModal] Audio is playing for cmeumah180000kuygq63oa1qx
10:20:03.952  [CallModal] ✅ Audio playing immediately for participant cmeumah180000kuygq63oa1qx
10:20:03.952  [CallModal] ✅ Audio playing immediately for participant cmeumah180000kuygq63oa1qx
10:20:03.952  [CallModal] ✅ Audio playing immediately for participant cmeumah180000kuygq63oa1qx
10:20:03.956  🏠 ChatWindow mounted/re-rendered with conversationId: cmfbwdnf60000kuzg41ovkra2
10:20:03.957  🏠 ChatWindow mounted/re-rendered with conversationId: cmfbwdnf60000kuzg41ovkra2
10:20:03.961  [CallModal] Rendered - voice call opened
10:20:03.962  [CallModal] Rendered - voice call opened
10:20:03.962  [VoiceParticipant] Zber Samolde voice activity debug: {participantId: 'cmeumah180000kuygq63oa1qx', hasOriginalStream: true, hasLatestStream: true, streamActive: true, audioTracksCount: 1, …}
10:20:03.963  [VoiceParticipant] Zber Samolde voice activity debug: {participantId: 'cmeumah180000kuygq63oa1qx', hasOriginalStream: true, hasLatestStream: true, streamActive: true, audioTracksCount: 1, …}
10:20:03.964  [VoiceParticipant] Tester2 voice activity debug: {participantId: 'cmeifn5qp002dkunge64m0xss', hasOriginalStream: true, hasLatestStream: true, streamActive: true, audioTracksCount: 1, …}
10:20:03.965  [VoiceParticipant] Tester2 voice activity debug: {participantId: 'cmeifn5qp002dkunge64m0xss', hasOriginalStream: true, hasLatestStream: true, streamActive: true, audioTracksCount: 1, …}
10:20:03.970  [CallModal] 🔊 Setting up audio element for participant cmeifn5qp002dkunge64m0xss
10:20:03.971  [CallModal] Stream details: {id: '11f1cb2e-ff24-4f0a-9e82-dab593c0342f', active: true, audioTracks: Array(1)}
10:20:03.971  [CallModal] Previous audio element for cmeifn5qp002dkunge64m0xss: false
10:20:03.974  [CallModal] Cleared previous srcObject for cmeifn5qp002dkunge64m0xss
10:20:03.976  [CallModal] 🔊 Setting up audio element for participant cmeumah180000kuygq63oa1qx
10:20:03.977  [CallModal] Stream details: {id: 'bc884001-458b-454b-890a-15ea46c82cad', active: true, audioTracks: Array(1)}
10:20:03.977  [CallModal] Previous audio element for cmeumah180000kuygq63oa1qx: false
10:20:03.980  [CallModal] Cleared previous srcObject for cmeumah180000kuygq63oa1qx
10:20:04.148  ChatSidebar: Conversations updated, count: 5
10:20:04.148  ChatSidebar: Latest conversation: cmfbwdnf60000kuzg41ovkra2 last message: cmfbx8gcx0007kutn3b3m0jwd
10:20:04.149  [VoiceActivity] Effect triggered: {hasStream: true, streamId: 'bc884001-458b-454b-890a-15ea46c82cad', audioTracks: 1, threshold: -40}
10:20:04.149  [VoiceActivity] Initializing for stream: bc884001-458b-454b-890a-15ea46c82cad with 1 audio tracks
10:20:04.150  [VoiceActivity] Effect triggered: {hasStream: true, streamId: '11f1cb2e-ff24-4f0a-9e82-dab593c0342f', audioTracks: 1, threshold: -40}
10:20:04.150  [VoiceActivity] Initializing for stream: 11f1cb2e-ff24-4f0a-9e82-dab593c0342f with 1 audio tracks
10:20:04.151  [CallModal] Initialized active participants (excluding self): (2) ['cmeumah180000kuygq63oa1qx', 'cmeifn5qp002dkunge64m0xss']
10:20:04.152  [CallModal] 🔍 Connection verification:
10:20:04.152  [CallModal] - Expected participants: (2) ['cmeumah180000kuygq63oa1qx', 'cmeifn5qp002dkunge64m0xss']
10:20:04.152  [CallModal] - Active connections: (2) ['cmeifn5qp002dkunge64m0xss', 'cmeumah180000kuygq63oa1qx']
10:20:04.153  [CallModal] ✅ All expected WebRTC connections are active
10:20:04.153  🔄 ChatWindow: Conversation participants count: 3
10:20:04.153  🔄 ChatWindow: Participants: (3) [{…}, {…}, {…}]
10:20:04.154  [VoiceActivity] Effect triggered: {hasStream: true, streamId: 'bc884001-458b-454b-890a-15ea46c82cad', audioTracks: 1, threshold: -40}
10:20:04.154  [VoiceActivity] Initializing for stream: bc884001-458b-454b-890a-15ea46c82cad with 1 audio tracks
10:20:04.155  [VoiceActivity] Effect triggered: {hasStream: true, streamId: '11f1cb2e-ff24-4f0a-9e82-dab593c0342f', audioTracks: 1, threshold: -40}
10:20:04.155  [VoiceActivity] Initializing for stream: 11f1cb2e-ff24-4f0a-9e82-dab593c0342f with 1 audio tracks
10:20:04.155  [CallModal] Audio loadeddata event for cmeifn5qp002dkunge64m0xss
10:20:04.156  [CallModal] Audio can play for cmeifn5qp002dkunge64m0xss
10:20:04.156  [CallModal] Audio canplay event for cmeifn5qp002dkunge64m0xss
10:20:04.156  [CallModal] Audio is playing for cmeifn5qp002dkunge64m0xss
10:20:04.156  [CallModal] ✅ Audio playing immediately for participant cmeifn5qp002dkunge64m0xss
10:20:04.156  [CallModal] ✅ Audio playing immediately for participant cmeifn5qp002dkunge64m0xss
10:20:04.156  [CallModal] ✅ Audio playing immediately for participant cmeifn5qp002dkunge64m0xss
10:20:04.156  [CallModal] Audio loadeddata event for cmeumah180000kuygq63oa1qx
10:20:04.156  [CallModal] Audio can play for cmeumah180000kuygq63oa1qx
10:20:04.156  [CallModal] Audio canplay event for cmeumah180000kuygq63oa1qx
10:20:04.156  [CallModal] Audio is playing for cmeumah180000kuygq63oa1qx
10:20:04.156  [CallModal] ✅ Audio playing immediately for participant cmeumah180000kuygq63oa1qx
10:20:04.156  [CallModal] ✅ Audio playing immediately for participant cmeumah180000kuygq63oa1qx
10:20:04.156  [CallModal] ✅ Audio playing immediately for participant cmeumah180000kuygq63oa1qx
10:20:04.157  🏠 ChatWindow mounted/re-rendered with conversationId: cmfbwdnf60000kuzg41ovkra2
10:20:04.158  🏠 ChatWindow mounted/re-rendered with conversationId: cmfbwdnf60000kuzg41ovkra2
10:20:04.159  [CallModal] Rendered - voice call opened
10:20:04.160  [CallModal] Rendered - voice call opened
10:20:04.160  [VoiceParticipant] Zber Samolde voice activity debug: {participantId: 'cmeumah180000kuygq63oa1qx', hasOriginalStream: true, hasLatestStream: true, streamActive: true, audioTracksCount: 1, …}
10:20:04.160  [VoiceParticipant] Zber Samolde voice activity debug: {participantId: 'cmeumah180000kuygq63oa1qx', hasOriginalStream: true, hasLatestStream: true, streamActive: true, audioTracksCount: 1, …}
10:20:04.161  [VoiceParticipant] Tester2 voice activity debug: {participantId: 'cmeifn5qp002dkunge64m0xss', hasOriginalStream: true, hasLatestStream: true, streamActive: true, audioTracksCount: 1, …}
10:20:04.161  [VoiceParticipant] Tester2 voice activity debug: {participantId: 'cmeifn5qp002dkunge64m0xss', hasOriginalStream: true, hasLatestStream: true, streamActive: true, audioTracksCount: 1, …}
10:20:04.164  [CallModal] 🔊 Setting up audio element for participant cmeifn5qp002dkunge64m0xss
10:20:04.165  [CallModal] Stream details: {id: '11f1cb2e-ff24-4f0a-9e82-dab593c0342f', active: true, audioTracks: Array(1)}
10:20:04.165  [CallModal] Previous audio element for cmeifn5qp002dkunge64m0xss: false
10:20:04.167  [CallModal] Cleared previous srcObject for cmeifn5qp002dkunge64m0xss
10:20:04.170  [CallModal] 🔊 Setting up audio element for participant cmeumah180000kuygq63oa1qx
10:20:04.171  [CallModal] Stream details: {id: 'bc884001-458b-454b-890a-15ea46c82cad', active: true, audioTracks: Array(1)}
10:20:04.171  [CallModal] Previous audio element for cmeumah180000kuygq63oa1qx: false
10:20:04.175  [CallModal] Cleared previous srcObject for cmeumah180000kuygq63oa1qx
10:20:04.287  [VoiceActivity] Effect triggered: {hasStream: true, streamId: 'bc884001-458b-454b-890a-15ea46c82cad', audioTracks: 1, threshold: -40}
10:20:04.288  [VoiceActivity] Initializing for stream: bc884001-458b-454b-890a-15ea46c82cad with 1 audio tracks
10:20:04.289  [VoiceActivity] Effect triggered: {hasStream: true, streamId: '11f1cb2e-ff24-4f0a-9e82-dab593c0342f', audioTracks: 1, threshold: -40}
10:20:04.289  [VoiceActivity] Initializing for stream: 11f1cb2e-ff24-4f0a-9e82-dab593c0342f with 1 audio tracks
10:20:04.290  [CallModal] Initialized active participants (excluding self): (2) ['cmeumah180000kuygq63oa1qx', 'cmeifn5qp002dkunge64m0xss']
10:20:04.291  [CallModal] 🔍 Connection verification:
10:20:04.292  [CallModal] - Expected participants: (2) ['cmeumah180000kuygq63oa1qx', 'cmeifn5qp002dkunge64m0xss']
10:20:04.292  [CallModal] - Active connections: (2) ['cmeifn5qp002dkunge64m0xss', 'cmeumah180000kuygq63oa1qx']
10:20:04.293  [CallModal] ✅ All expected WebRTC connections are active
10:20:04.294  [VoiceActivity] Effect triggered: {hasStream: true, streamId: 'bc884001-458b-454b-890a-15ea46c82cad', audioTracks: 1, threshold: -40}
10:20:04.294  [VoiceActivity] Initializing for stream: bc884001-458b-454b-890a-15ea46c82cad with 1 audio tracks
10:20:04.295  [VoiceActivity] Effect triggered: {hasStream: true, streamId: '11f1cb2e-ff24-4f0a-9e82-dab593c0342f', audioTracks: 1, threshold: -40}
10:20:04.295  [VoiceActivity] Initializing for stream: 11f1cb2e-ff24-4f0a-9e82-dab593c0342f with 1 audio tracks
10:20:04.298  [WebRTC] 📞 RECEIVED OFFER from: cmeifn5qp002dkunge64m0xss
10:20:04.298  [WebRTC] Call ID check: {received: 'call-1757384369155-78u7pu5k6', ours: 'call-1757384369155-78u7pu5k6'}
10:20:04.298  [WebRTC] ✅ Processing offer from: cmeifn5qp002dkunge64m0xss
10:20:04.298  [WebRTC] Creating peer connection for: cmeifn5qp002dkunge64m0xss
10:20:04.298  [WebRTC] ⚠️ Peer connection already exists for: cmeifn5qp002dkunge64m0xss {connectionState: 'connected', iceConnectionState: 'connected', signalingState: 'have-local-offer'}
10:20:04.298  [WebRTC] ✅ Reusing healthy existing connection for: cmeifn5qp002dkunge64m0xss
10:20:04.298  [WebRTC] Local stream ready with tracks: 1
10:20:04.299  [WebRTC] 🔍 Peer connection senders before answer: 2
10:20:04.299  [WebRTC]   Sender 0: {hasTrack: true, trackKind: 'audio', trackEnabled: true, trackReadyState: 'live'}
10:20:04.299  [WebRTC]   Sender 1: {hasTrack: false, trackKind: undefined, trackEnabled: undefined, trackReadyState: undefined}
10:20:04.299  [WebRTC] Setting remote description from offer...
10:20:04.301  [CallModal] Audio loadeddata event for cmeifn5qp002dkunge64m0xss
10:20:04.301  [CallModal] Audio can play for cmeifn5qp002dkunge64m0xss
10:20:04.301  [CallModal] Audio canplay event for cmeifn5qp002dkunge64m0xss
10:20:04.301  [CallModal] Audio is playing for cmeifn5qp002dkunge64m0xss
10:20:04.301  [CallModal] ✅ Audio playing immediately for participant cmeifn5qp002dkunge64m0xss
10:20:04.301  [CallModal] ✅ Audio playing immediately for participant cmeifn5qp002dkunge64m0xss
10:20:04.301  [CallModal] ✅ Audio playing immediately for participant cmeifn5qp002dkunge64m0xss
10:20:04.302  [CallModal] Audio loadeddata event for cmeumah180000kuygq63oa1qx
10:20:04.302  [CallModal] Audio can play for cmeumah180000kuygq63oa1qx
10:20:04.302  [CallModal] Audio canplay event for cmeumah180000kuygq63oa1qx
10:20:04.302  [CallModal] Audio is playing for cmeumah180000kuygq63oa1qx
10:20:04.302  [CallModal] ✅ Audio playing immediately for participant cmeumah180000kuygq63oa1qx
10:20:04.302  [CallModal] ✅ Audio playing immediately for participant cmeumah180000kuygq63oa1qx
10:20:04.302  [CallModal] ✅ Audio playing immediately for participant cmeumah180000kuygq63oa1qx
10:20:04.303  [CallModal] Rendered - voice call opened
10:20:04.303  [CallModal] Rendered - voice call opened
10:20:04.303  [VoiceParticipant] Zber Samolde voice activity debug: {participantId: 'cmeumah180000kuygq63oa1qx', hasOriginalStream: true, hasLatestStream: true, streamActive: true, audioTracksCount: 1, …}
10:20:04.304  [VoiceParticipant] Zber Samolde voice activity debug: {participantId: 'cmeumah180000kuygq63oa1qx', hasOriginalStream: true, hasLatestStream: true, streamActive: true, audioTracksCount: 1, …}
10:20:04.304  [VoiceParticipant] Tester2 voice activity debug: {participantId: 'cmeifn5qp002dkunge64m0xss', hasOriginalStream: true, hasLatestStream: true, streamActive: true, audioTracksCount: 1, …}
10:20:04.304  [VoiceParticipant] Tester2 voice activity debug: {participantId: 'cmeifn5qp002dkunge64m0xss', hasOriginalStream: true, hasLatestStream: true, streamActive: true, audioTracksCount: 1, …}
10:20:04.305  [CallModal] 🔊 Setting up audio element for participant cmeifn5qp002dkunge64m0xss
10:20:04.306  [CallModal] Stream details: {id: '11f1cb2e-ff24-4f0a-9e82-dab593c0342f', active: true, audioTracks: Array(1)}
10:20:04.306  [CallModal] Previous audio element for cmeifn5qp002dkunge64m0xss: false
10:20:04.308  [CallModal] Cleared previous srcObject for cmeifn5qp002dkunge64m0xss
10:20:04.309  [CallModal] 🔊 Setting up audio element for participant cmeumah180000kuygq63oa1qx
10:20:04.309  [CallModal] Stream details: {id: 'bc884001-458b-454b-890a-15ea46c82cad', active: true, audioTracks: Array(1)}
10:20:04.309  [CallModal] Previous audio element for cmeumah180000kuygq63oa1qx: false
10:20:04.312  [CallModal] Cleared previous srcObject for cmeumah180000kuygq63oa1qx
10:20:04.319  User status update received: {userId: 'cmeumah180000kuygq63oa1qx', isOnline: true, lastSeen: '2025-09-09T02:20:04.245Z'}
10:20:04.321  [WebRTC] Remote description set, applying any buffered ICE candidates
10:20:04.321  [WebRTC] Creating answer with ultra-low-latency options...
10:20:04.519  [VoiceActivity] Effect triggered: {hasStream: true, streamId: 'bc884001-458b-454b-890a-15ea46c82cad', audioTracks: 1, threshold: -40}
10:20:04.520  [VoiceActivity] Initializing for stream: bc884001-458b-454b-890a-15ea46c82cad with 1 audio tracks
10:20:04.521  [VoiceActivity] Effect triggered: {hasStream: true, streamId: '11f1cb2e-ff24-4f0a-9e82-dab593c0342f', audioTracks: 1, threshold: -40}
10:20:04.521  [VoiceActivity] Initializing for stream: 11f1cb2e-ff24-4f0a-9e82-dab593c0342f with 1 audio tracks
10:20:04.522  [VoiceActivity] Effect triggered: {hasStream: true, streamId: 'bc884001-458b-454b-890a-15ea46c82cad', audioTracks: 1, threshold: -40}
10:20:04.522  [VoiceActivity] Initializing for stream: bc884001-458b-454b-890a-15ea46c82cad with 1 audio tracks
10:20:04.522  [VoiceActivity] Effect triggered: {hasStream: true, streamId: '11f1cb2e-ff24-4f0a-9e82-dab593c0342f', audioTracks: 1, threshold: -40}
10:20:04.522  [VoiceActivity] Initializing for stream: 11f1cb2e-ff24-4f0a-9e82-dab593c0342f with 1 audio tracks
10:20:04.524  Updated online status for user cmeumah180000kuygq63oa1qx in conversation cmfbwdnf60000kuzg41ovkra2
10:20:04.524  Updated online status for user cmeumah180000kuygq63oa1qx in conversation cmf4reytq000tkuuuioykvp98
10:20:04.524  ChatSidebar: Filtering conversations {totalConversations: 5, blockedUserIds: Array(0), blockerUserIds: Array(0), effectiveSearchQuery: '', forceRefresh: 28, …}
10:20:04.525  🏠 ChatWindow mounted/re-rendered with conversationId: cmfbwdnf60000kuzg41ovkra2
10:20:04.526  🏠 ChatWindow mounted/re-rendered with conversationId: cmfbwdnf60000kuzg41ovkra2
10:20:04.527  [CallModal] Rendered - voice call opened
10:20:04.527  [CallModal] Rendered - voice call opened
10:20:04.527  [VoiceParticipant] Zber Samolde voice activity debug: {participantId: 'cmeumah180000kuygq63oa1qx', hasOriginalStream: true, hasLatestStream: true, streamActive: true, audioTracksCount: 1, …}
10:20:04.527  [VoiceParticipant] Zber Samolde voice activity debug: {participantId: 'cmeumah180000kuygq63oa1qx', hasOriginalStream: true, hasLatestStream: true, streamActive: true, audioTracksCount: 1, …}
10:20:04.528  [VoiceParticipant] Tester2 voice activity debug: {participantId: 'cmeifn5qp002dkunge64m0xss', hasOriginalStream: true, hasLatestStream: true, streamActive: true, audioTracksCount: 1, …}
10:20:04.528  [VoiceParticipant] Tester2 voice activity debug: {participantId: 'cmeifn5qp002dkunge64m0xss', hasOriginalStream: true, hasLatestStream: true, streamActive: true, audioTracksCount: 1, …}
10:20:04.529  Updated online status for user cmeumah180000kuygq63oa1qx in conversation cmfbwdnf60000kuzg41ovkra2
10:20:04.530  [CallModal] 🔊 Setting up audio element for participant cmeifn5qp002dkunge64m0xss
10:20:04.530  [CallModal] Stream details: {id: '11f1cb2e-ff24-4f0a-9e82-dab593c0342f', active: true, audioTracks: Array(1)}
10:20:04.531  [CallModal] Previous audio element for cmeifn5qp002dkunge64m0xss: false
10:20:04.533  [CallModal] Cleared previous srcObject for cmeifn5qp002dkunge64m0xss
10:20:04.534  [CallModal] 🔊 Setting up audio element for participant cmeumah180000kuygq63oa1qx
10:20:04.535  [CallModal] Stream details: {id: 'bc884001-458b-454b-890a-15ea46c82cad', active: true, audioTracks: Array(1)}
10:20:04.536  [CallModal] Previous audio element for cmeumah180000kuygq63oa1qx: false
10:20:04.539  [CallModal] Cleared previous srcObject for cmeumah180000kuygq63oa1qx
10:20:04.541  [CallModal] ✅ Audio playing immediately for participant cmeifn5qp002dkunge64m0xss
10:20:04.541  [CallModal] ✅ Audio playing immediately for participant cmeumah180000kuygq63oa1qx
10:20:04.541  [WebRTC] 🚀 Optimizing SDP for ultra-low latency...
10:20:04.541  [WebRTC] ✅ SDP optimized for ultra-low latency
10:20:04.541  [WebRTC] Answer created and SDP optimized, analyzing...
10:20:04.541  [WebRTC] 🔍 Answer SDP analysis: {hasAudio: true, hasVideo: true}
10:20:04.541  [WebRTC] Setting local description with answer...
10:20:04.647  ChatSidebar: Conversations updated, count: 5
10:20:04.648  ChatSidebar: Latest conversation: cmfbwdnf60000kuzg41ovkra2 last message: cmfbx8gcx0007kutn3b3m0jwd
10:20:04.648  [VoiceActivity] Effect triggered: {hasStream: true, streamId: 'bc884001-458b-454b-890a-15ea46c82cad', audioTracks: 1, threshold: -40}
10:20:04.649  [VoiceActivity] Initializing for stream: bc884001-458b-454b-890a-15ea46c82cad with 1 audio tracks
10:20:04.650  [VoiceActivity] Effect triggered: {hasStream: true, streamId: '11f1cb2e-ff24-4f0a-9e82-dab593c0342f', audioTracks: 1, threshold: -40}
10:20:04.650  [VoiceActivity] Initializing for stream: 11f1cb2e-ff24-4f0a-9e82-dab593c0342f with 1 audio tracks
10:20:04.651  [CallModal] Initialized active participants (excluding self): (2) ['cmeumah180000kuygq63oa1qx', 'cmeifn5qp002dkunge64m0xss']
10:20:04.652  [CallModal] 🔍 Connection verification:
10:20:04.652  [CallModal] - Expected participants: (2) ['cmeumah180000kuygq63oa1qx', 'cmeifn5qp002dkunge64m0xss']
10:20:04.653  [CallModal] - Active connections: (2) ['cmeifn5qp002dkunge64m0xss', 'cmeumah180000kuygq63oa1qx']
10:20:04.653  [CallModal] ✅ All expected WebRTC connections are active
10:20:04.654  🔄 ChatWindow: Conversation participants count: 3
10:20:04.654  🔄 ChatWindow: Participants: (3) [{…}, {…}, {…}]
10:20:04.655  [VoiceActivity] Effect triggered: {hasStream: true, streamId: 'bc884001-458b-454b-890a-15ea46c82cad', audioTracks: 1, threshold: -40}
10:20:04.655  [VoiceActivity] Initializing for stream: bc884001-458b-454b-890a-15ea46c82cad with 1 audio tracks
10:20:04.656  [VoiceActivity] Effect triggered: {hasStream: true, streamId: '11f1cb2e-ff24-4f0a-9e82-dab593c0342f', audioTracks: 1, threshold: -40}
10:20:04.656  [VoiceActivity] Initializing for stream: 11f1cb2e-ff24-4f0a-9e82-dab593c0342f with 1 audio tracks
10:20:04.657  [WebRTC] 📡 Sending answer to: cmeifn5qp002dkunge64m0xss
10:20:04.657  [WebRTC] ✅ Answer successfully sent to: cmeifn5qp002dkunge64m0xss
10:20:04.658  [CallModal] Audio loadeddata event for cmeifn5qp002dkunge64m0xss
10:20:04.658  [CallModal] Audio loadeddata event for cmeifn5qp002dkunge64m0xss
10:20:04.659  [CallModal] Audio can play for cmeifn5qp002dkunge64m0xss
10:20:04.659  [CallModal] Audio canplay event for cmeifn5qp002dkunge64m0xss
10:20:04.659  [CallModal] Audio canplay event for cmeifn5qp002dkunge64m0xss
10:20:04.659  [CallModal] Audio is playing for cmeifn5qp002dkunge64m0xss
10:20:04.659  [CallModal] ✅ Audio playing immediately for participant cmeifn5qp002dkunge64m0xss
10:20:04.659  [CallModal] ✅ Audio playing immediately for participant cmeifn5qp002dkunge64m0xss
10:20:04.659  [CallModal] ✅ Audio playing immediately for participant cmeifn5qp002dkunge64m0xss
10:20:04.659  [CallModal] ✅ Audio playing immediately for participant cmeifn5qp002dkunge64m0xss
10:20:04.659  [CallModal] ✅ Audio playing immediately for participant cmeifn5qp002dkunge64m0xss
10:20:04.660  [CallModal] Audio loadeddata event for cmeumah180000kuygq63oa1qx
10:20:04.661  [CallModal] Audio loadeddata event for cmeumah180000kuygq63oa1qx
10:20:04.661  [CallModal] Audio can play for cmeumah180000kuygq63oa1qx
10:20:04.661  [CallModal] Audio canplay event for cmeumah180000kuygq63oa1qx
10:20:04.661  [CallModal] Audio canplay event for cmeumah180000kuygq63oa1qx
10:20:04.661  [CallModal] Audio is playing for cmeumah180000kuygq63oa1qx
10:20:04.661  [CallModal] ✅ Audio playing immediately for participant cmeumah180000kuygq63oa1qx
10:20:04.661  [CallModal] ✅ Audio playing immediately for participant cmeumah180000kuygq63oa1qx
10:20:04.661  [CallModal] ✅ Audio playing immediately for participant cmeumah180000kuygq63oa1qx
10:20:04.661  [CallModal] ✅ Audio playing immediately for participant cmeumah180000kuygq63oa1qx
10:20:04.661  [CallModal] ✅ Audio playing immediately for participant cmeumah180000kuygq63oa1qx
10:20:04.661  🏠 ChatWindow mounted/re-rendered with conversationId: cmfbwdnf60000kuzg41ovkra2
10:20:04.662  🏠 ChatWindow mounted/re-rendered with conversationId: cmfbwdnf60000kuzg41ovkra2
10:20:04.663  [CallModal] Rendered - voice call opened
10:20:04.664  [CallModal] Rendered - voice call opened
10:20:04.664  [VoiceParticipant] Zber Samolde voice activity debug: {participantId: 'cmeumah180000kuygq63oa1qx', hasOriginalStream: true, hasLatestStream: true, streamActive: true, audioTracksCount: 1, …}
10:20:04.664  [VoiceParticipant] Zber Samolde voice activity debug: {participantId: 'cmeumah180000kuygq63oa1qx', hasOriginalStream: true, hasLatestStream: true, streamActive: true, audioTracksCount: 1, …}
10:20:04.664  [VoiceParticipant] Tester2 voice activity debug: {participantId: 'cmeifn5qp002dkunge64m0xss', hasOriginalStream: true, hasLatestStream: true, streamActive: true, audioTracksCount: 1, …}
10:20:04.664  [VoiceParticipant] Tester2 voice activity debug: {participantId: 'cmeifn5qp002dkunge64m0xss', hasOriginalStream: true, hasLatestStream: true, streamActive: true, audioTracksCount: 1, …}
10:20:04.666  [CallModal] 🔊 Setting up audio element for participant cmeifn5qp002dkunge64m0xss
10:20:04.666  [CallModal] Stream details: {id: '11f1cb2e-ff24-4f0a-9e82-dab593c0342f', active: true, audioTracks: Array(1)}
10:20:04.666  [CallModal] Previous audio element for cmeifn5qp002dkunge64m0xss: false
10:20:04.668  [CallModal] Cleared previous srcObject for cmeifn5qp002dkunge64m0xss
10:20:04.669  [CallModal] 🔊 Setting up audio element for participant cmeumah180000kuygq63oa1qx
10:20:04.670  [CallModal] Stream details: {id: 'bc884001-458b-454b-890a-15ea46c82cad', active: true, audioTracks: Array(1)}
10:20:04.670  [CallModal] Previous audio element for cmeumah180000kuygq63oa1qx: false
10:20:04.672  [CallModal] Cleared previous srcObject for cmeumah180000kuygq63oa1qx
10:20:04.763  [VoiceActivity] Effect triggered: {hasStream: true, streamId: 'bc884001-458b-454b-890a-15ea46c82cad', audioTracks: 1, threshold: -40}
10:20:04.763  [VoiceActivity] Initializing for stream: bc884001-458b-454b-890a-15ea46c82cad with 1 audio tracks
10:20:04.764  [VoiceActivity] Effect triggered: {hasStream: true, streamId: '11f1cb2e-ff24-4f0a-9e82-dab593c0342f', audioTracks: 1, threshold: -40}
10:20:04.765  [VoiceActivity] Initializing for stream: 11f1cb2e-ff24-4f0a-9e82-dab593c0342f with 1 audio tracks
10:20:04.766  [CallModal] Initialized active participants (excluding self): (2) ['cmeumah180000kuygq63oa1qx', 'cmeifn5qp002dkunge64m0xss']
10:20:04.767  [CallModal] 🔍 Connection verification:
10:20:04.767  [CallModal] - Expected participants: (2) ['cmeumah180000kuygq63oa1qx', 'cmeifn5qp002dkunge64m0xss']
10:20:04.768  [CallModal] - Active connections: (2) ['cmeifn5qp002dkunge64m0xss', 'cmeumah180000kuygq63oa1qx']
10:20:04.768  [CallModal] ✅ All expected WebRTC connections are active
10:20:04.769  [VoiceActivity] Effect triggered: {hasStream: true, streamId: 'bc884001-458b-454b-890a-15ea46c82cad', audioTracks: 1, threshold: -40}
10:20:04.770  [VoiceActivity] Initializing for stream: bc884001-458b-454b-890a-15ea46c82cad with 1 audio tracks
10:20:04.770  [VoiceActivity] Effect triggered: {hasStream: true, streamId: '11f1cb2e-ff24-4f0a-9e82-dab593c0342f', audioTracks: 1, threshold: -40}
10:20:04.771  [VoiceActivity] Initializing for stream: 11f1cb2e-ff24-4f0a-9e82-dab593c0342f with 1 audio tracks
10:20:04.773  [CallModal] Audio loadeddata event for cmeifn5qp002dkunge64m0xss
10:20:04.774  [CallModal] Audio can play for cmeifn5qp002dkunge64m0xss
10:20:04.774  [CallModal] Audio canplay event for cmeifn5qp002dkunge64m0xss
10:20:04.774  [CallModal] Audio is playing for cmeifn5qp002dkunge64m0xss
10:20:04.774  [CallModal] ✅ Audio playing immediately for participant cmeifn5qp002dkunge64m0xss
10:20:04.774  [CallModal] ✅ Audio playing immediately for participant cmeifn5qp002dkunge64m0xss
10:20:04.774  [CallModal] ✅ Audio playing immediately for participant cmeifn5qp002dkunge64m0xss
10:20:04.774  [CallModal] Audio loadeddata event for cmeumah180000kuygq63oa1qx
10:20:04.774  [CallModal] Audio can play for cmeumah180000kuygq63oa1qx
10:20:04.774  [CallModal] Audio canplay event for cmeumah180000kuygq63oa1qx
10:20:04.775  [CallModal] Audio is playing for cmeumah180000kuygq63oa1qx
10:20:04.775  [CallModal] ✅ Audio playing immediately for participant cmeumah180000kuygq63oa1qx
10:20:04.775  [CallModal] ✅ Audio playing immediately for participant cmeumah180000kuygq63oa1qx
10:20:04.775  [CallModal] ✅ Audio playing immediately for participant cmeumah180000kuygq63oa1qx
10:20:04.775  [CallModal] Rendered - voice call opened
10:20:04.775  [CallModal] Rendered - voice call opened
10:20:04.776  [VoiceParticipant] Zber Samolde voice activity debug: {participantId: 'cmeumah180000kuygq63oa1qx', hasOriginalStream: true, hasLatestStream: true, streamActive: true, audioTracksCount: 1, …}
10:20:04.776  [VoiceParticipant] Zber Samolde voice activity debug: {participantId: 'cmeumah180000kuygq63oa1qx', hasOriginalStream: true, hasLatestStream: true, streamActive: true, audioTracksCount: 1, …}
10:20:04.776  [VoiceParticipant] Tester2 voice activity debug: {participantId: 'cmeifn5qp002dkunge64m0xss', hasOriginalStream: true, hasLatestStream: true, streamActive: true, audioTracksCount: 1, …}
10:20:04.776  [VoiceParticipant] Tester2 voice activity debug: {participantId: 'cmeifn5qp002dkunge64m0xss', hasOriginalStream: true, hasLatestStream: true, streamActive: true, audioTracksCount: 1, …}
10:20:04.777  [CallModal] 🔊 Setting up audio element for participant cmeifn5qp002dkunge64m0xss
10:20:04.778  [CallModal] Stream details: {id: '11f1cb2e-ff24-4f0a-9e82-dab593c0342f', active: true, audioTracks: Array(1)}
10:20:04.778  [CallModal] Previous audio element for cmeifn5qp002dkunge64m0xss: false
10:20:04.781  [CallModal] Cleared previous srcObject for cmeifn5qp002dkunge64m0xss
10:20:04.782  [CallModal] 🔊 Setting up audio element for participant cmeumah180000kuygq63oa1qx
10:20:04.783  [CallModal] Stream details: {id: 'bc884001-458b-454b-890a-15ea46c82cad', active: true, audioTracks: Array(1)}
10:20:04.783  [CallModal] Previous audio element for cmeumah180000kuygq63oa1qx: false
10:20:04.786  [CallModal] Cleared previous srcObject for cmeumah180000kuygq63oa1qx
10:20:04.912  [VoiceActivity] Effect triggered: {hasStream: true, streamId: 'bc884001-458b-454b-890a-15ea46c82cad', audioTracks: 1, threshold: -40}
10:20:04.912  [VoiceActivity] Initializing for stream: bc884001-458b-454b-890a-15ea46c82cad with 1 audio tracks
10:20:04.913  [VoiceActivity] Effect triggered: {hasStream: true, streamId: '11f1cb2e-ff24-4f0a-9e82-dab593c0342f', audioTracks: 1, threshold: -40}
10:20:04.913  [VoiceActivity] Initializing for stream: 11f1cb2e-ff24-4f0a-9e82-dab593c0342f with 1 audio tracks
10:20:04.914  [VoiceActivity] Effect triggered: {hasStream: true, streamId: 'bc884001-458b-454b-890a-15ea46c82cad', audioTracks: 1, threshold: -40}
10:20:04.914  [VoiceActivity] Initializing for stream: bc884001-458b-454b-890a-15ea46c82cad with 1 audio tracks
10:20:04.915  [VoiceActivity] Effect triggered: {hasStream: true, streamId: '11f1cb2e-ff24-4f0a-9e82-dab593c0342f', audioTracks: 1, threshold: -40}
10:20:04.915  [VoiceActivity] Initializing for stream: 11f1cb2e-ff24-4f0a-9e82-dab593c0342f with 1 audio tracks
10:20:04.916  [CallModal] Rendered - voice call opened
10:20:04.916  [CallModal] Rendered - voice call opened
10:20:04.916  [CallModal] Audio loadeddata event for cmeifn5qp002dkunge64m0xss
10:20:04.916  [CallModal] Audio can play for cmeifn5qp002dkunge64m0xss
10:20:04.916  [CallModal] Audio canplay event for cmeifn5qp002dkunge64m0xss
10:20:04.916  [CallModal] Audio is playing for cmeifn5qp002dkunge64m0xss
10:20:04.917  [CallModal] ✅ Audio playing immediately for participant cmeifn5qp002dkunge64m0xss
10:20:04.917  [CallModal] ✅ Audio playing immediately for participant cmeifn5qp002dkunge64m0xss
10:20:04.917  [CallModal] ✅ Audio playing immediately for participant cmeifn5qp002dkunge64m0xss
10:20:04.917  [CallModal] Audio loadeddata event for cmeumah180000kuygq63oa1qx
10:20:04.917  [CallModal] Audio can play for cmeumah180000kuygq63oa1qx
10:20:04.917  [CallModal] Audio canplay event for cmeumah180000kuygq63oa1qx
10:20:04.917  [CallModal] Audio is playing for cmeumah180000kuygq63oa1qx
10:20:04.917  [CallModal] ✅ Audio playing immediately for participant cmeumah180000kuygq63oa1qx
10:20:04.917  [CallModal] ✅ Audio playing immediately for participant cmeumah180000kuygq63oa1qx
10:20:04.917  [CallModal] ✅ Audio playing immediately for participant cmeumah180000kuygq63oa1qx
10:20:04.926  [VoiceActivity] Volume analysis: {average: '0.0', volume: '-100.0', threshold: -40, speaking: false, streamActive: true, …}
10:20:05.424  [CallModal] Rendered - voice call opened
10:20:05.424  [CallModal] Rendered - voice call opened
10:20:05.425  [VoiceParticipant] Zber Samolde voice activity debug: {participantId: 'cmeumah180000kuygq63oa1qx', hasOriginalStream: true, hasLatestStream: true, streamActive: true, audioTracksCount: 1, …}
10:20:05.425  [VoiceParticipant] Zber Samolde voice activity debug: {participantId: 'cmeumah180000kuygq63oa1qx', hasOriginalStream: true, hasLatestStream: true, streamActive: true, audioTracksCount: 1, …}
10:20:05.425  [VoiceParticipant] Tester2 voice activity debug: {participantId: 'cmeifn5qp002dkunge64m0xss', hasOriginalStream: true, hasLatestStream: true, streamActive: true, audioTracksCount: 1, …}
10:20:05.425  [VoiceParticipant] Tester2 voice activity debug: {participantId: 'cmeifn5qp002dkunge64m0xss', hasOriginalStream: true, hasLatestStream: true, streamActive: true, audioTracksCount: 1, …}
10:20:05.426  [CallModal] 🔊 Setting up audio element for participant cmeifn5qp002dkunge64m0xss
10:20:05.427  [CallModal] Stream details: {id: '11f1cb2e-ff24-4f0a-9e82-dab593c0342f', active: true, audioTracks: Array(1)}
10:20:05.427  [CallModal] Previous audio element for cmeifn5qp002dkunge64m0xss: false
10:20:05.429  [CallModal] Cleared previous srcObject for cmeifn5qp002dkunge64m0xss
10:20:05.431  [CallModal] 🔊 Setting up audio element for participant cmeumah180000kuygq63oa1qx
10:20:05.431  [CallModal] Stream details: {id: 'bc884001-458b-454b-890a-15ea46c82cad', active: true, audioTracks: Array(1)}
10:20:05.432  [CallModal] Previous audio element for cmeumah180000kuygq63oa1qx: false
10:20:05.435  [CallModal] Cleared previous srcObject for cmeumah180000kuygq63oa1qx
10:20:05.487  [VoiceActivity] Effect triggered: {hasStream: true, streamId: 'bc884001-458b-454b-890a-15ea46c82cad', audioTracks: 1, threshold: -40}
10:20:05.487  [VoiceActivity] Initializing for stream: bc884001-458b-454b-890a-15ea46c82cad with 1 audio tracks
10:20:05.529  [VoiceActivity] Effect triggered: {hasStream: true, streamId: '11f1cb2e-ff24-4f0a-9e82-dab593c0342f', audioTracks: 1, threshold: -40}
10:20:05.530  [VoiceActivity] Initializing for stream: 11f1cb2e-ff24-4f0a-9e82-dab593c0342f with 1 audio tracks
10:20:05.531  [VoiceActivity] Effect triggered: {hasStream: true, streamId: 'bc884001-458b-454b-890a-15ea46c82cad', audioTracks: 1, threshold: -40}
10:20:05.531  [VoiceActivity] Initializing for stream: bc884001-458b-454b-890a-15ea46c82cad with 1 audio tracks
10:20:05.532  [VoiceActivity] Effect triggered: {hasStream: true, streamId: '11f1cb2e-ff24-4f0a-9e82-dab593c0342f', audioTracks: 1, threshold: -40}
10:20:05.532  [VoiceActivity] Initializing for stream: 11f1cb2e-ff24-4f0a-9e82-dab593c0342f with 1 audio tracks
10:20:05.534  [CallModal] Audio loadeddata event for cmeifn5qp002dkunge64m0xss
10:20:05.534  [CallModal] Audio can play for cmeifn5qp002dkunge64m0xss
10:20:05.534  [CallModal] Audio canplay event for cmeifn5qp002dkunge64m0xss
10:20:05.534  [CallModal] Audio is playing for cmeifn5qp002dkunge64m0xss
10:20:05.534  [CallModal] ✅ Audio playing immediately for participant cmeifn5qp002dkunge64m0xss
10:20:05.534  [CallModal] ✅ Audio playing immediately for participant cmeifn5qp002dkunge64m0xss
10:20:05.534  [CallModal] ✅ Audio playing immediately for participant cmeifn5qp002dkunge64m0xss
10:20:05.535  [CallModal] Audio loadeddata event for cmeumah180000kuygq63oa1qx
10:20:05.535  [CallModal] Audio can play for cmeumah180000kuygq63oa1qx
10:20:05.535  [CallModal] Audio canplay event for cmeumah180000kuygq63oa1qx
10:20:05.535  [CallModal] Audio is playing for cmeumah180000kuygq63oa1qx
10:20:05.535  [CallModal] ✅ Audio playing immediately for participant cmeumah180000kuygq63oa1qx
10:20:05.535  [CallModal] ✅ Audio playing immediately for participant cmeumah180000kuygq63oa1qx
10:20:05.535  [CallModal] ✅ Audio playing immediately for participant cmeumah180000kuygq63oa1qx
10:20:05.536  [CallModal] Rendered - voice call opened
10:20:05.536  [CallModal] Rendered - voice call opened
10:20:05.548  [CallModal] Updated peer connections for performance monitoring: 2
10:20:05.548  [CallModal] Peer connection participants: (2) ['cmeifn5qp002dkunge64m0xss', 'cmeumah180000kuygq63oa1qx']
10:20:05.549  [CallModal] Rendered - voice call opened
10:20:05.549  [CallModal] Rendered - voice call opened
10:20:05.549  [VoiceParticipant] Zber Samolde voice activity debug: {participantId: 'cmeumah180000kuygq63oa1qx', hasOriginalStream: true, hasLatestStream: true, streamActive: true, audioTracksCount: 1, …}
10:20:05.549  [VoiceParticipant] Zber Samolde voice activity debug: {participantId: 'cmeumah180000kuygq63oa1qx', hasOriginalStream: true, hasLatestStream: true, streamActive: true, audioTracksCount: 1, …}
10:20:05.550  [VoiceParticipant] Tester2 voice activity debug: {participantId: 'cmeifn5qp002dkunge64m0xss', hasOriginalStream: true, hasLatestStream: true, streamActive: true, audioTracksCount: 1, …}
10:20:05.550  [VoiceParticipant] Tester2 voice activity debug: {participantId: 'cmeifn5qp002dkunge64m0xss', hasOriginalStream: true, hasLatestStream: true, streamActive: true, audioTracksCount: 1, …}
10:20:05.551  [CallModal] 🔊 Setting up audio element for participant cmeifn5qp002dkunge64m0xss
10:20:05.552  [CallModal] Stream details: {id: '11f1cb2e-ff24-4f0a-9e82-dab593c0342f', active: true, audioTracks: Array(1)}
10:20:05.552  [CallModal] Previous audio element for cmeifn5qp002dkunge64m0xss: false
10:20:05.554  [CallModal] Cleared previous srcObject for cmeifn5qp002dkunge64m0xss
10:20:05.555  [CallModal] 🔊 Setting up audio element for participant cmeumah180000kuygq63oa1qx
10:20:05.555  [CallModal] Stream details: {id: 'bc884001-458b-454b-890a-15ea46c82cad', active: true, audioTracks: Array(1)}
10:20:05.556  [CallModal] Previous audio element for cmeumah180000kuygq63oa1qx: false
10:20:05.558  [CallModal] Cleared previous srcObject for cmeumah180000kuygq63oa1qx
10:20:05.673  [VoiceActivity] Effect triggered: {hasStream: true, streamId: 'bc884001-458b-454b-890a-15ea46c82cad', audioTracks: 1, threshold: -40}
10:20:05.674  [VoiceActivity] Initializing for stream: bc884001-458b-454b-890a-15ea46c82cad with 1 audio tracks
10:20:05.675  [VoiceActivity] Effect triggered: {hasStream: true, streamId: '11f1cb2e-ff24-4f0a-9e82-dab593c0342f', audioTracks: 1, threshold: -40}
10:20:05.675  [VoiceActivity] Initializing for stream: 11f1cb2e-ff24-4f0a-9e82-dab593c0342f with 1 audio tracks
10:20:05.676  [useCallPerformance] Connection states: (2) [{…}, {…}]
10:20:05.676  [useCallPerformance] Starting monitoring for 1 valid connections
10:20:05.677  [VoiceActivity] Effect triggered: {hasStream: true, streamId: 'bc884001-458b-454b-890a-15ea46c82cad', audioTracks: 1, threshold: -40}
10:20:05.677  [VoiceActivity] Initializing for stream: bc884001-458b-454b-890a-15ea46c82cad with 1 audio tracks
10:20:05.678  [VoiceActivity] Effect triggered: {hasStream: true, streamId: '11f1cb2e-ff24-4f0a-9e82-dab593c0342f', audioTracks: 1, threshold: -40}
10:20:05.678  [VoiceActivity] Initializing for stream: 11f1cb2e-ff24-4f0a-9e82-dab593c0342f with 1 audio tracks
10:20:05.679  [CallModal] Audio loadeddata event for cmeifn5qp002dkunge64m0xss
10:20:05.680  [CallModal] Audio can play for cmeifn5qp002dkunge64m0xss
10:20:05.680  [CallModal] Audio canplay event for cmeifn5qp002dkunge64m0xss
10:20:05.680  [CallModal] Audio is playing for cmeifn5qp002dkunge64m0xss
10:20:05.680  [CallModal] ✅ Audio playing immediately for participant cmeifn5qp002dkunge64m0xss
10:20:05.680  [CallModal] ✅ Audio playing immediately for participant cmeifn5qp002dkunge64m0xss
10:20:05.680  [CallModal] ✅ Audio playing immediately for participant cmeifn5qp002dkunge64m0xss
10:20:05.681  [WebRTC] Post-answer states for cmeifn5qp002dkunge64m0xss
10:20:05.681  [WebRTC]   Connection state: connected
10:20:05.681  [WebRTC]   Signaling state: stable
10:20:05.681  [CallModal] Audio loadeddata event for cmeumah180000kuygq63oa1qx
10:20:05.682  [CallModal] Audio can play for cmeumah180000kuygq63oa1qx
10:20:05.682  [CallModal] Audio canplay event for cmeumah180000kuygq63oa1qx
10:20:05.682  [CallModal] Audio is playing for cmeumah180000kuygq63oa1qx
10:20:05.682  [CallModal] ✅ Audio playing immediately for participant cmeumah180000kuygq63oa1qx
10:20:05.682  [CallModal] ✅ Audio playing immediately for participant cmeumah180000kuygq63oa1qx
10:20:05.682  [CallModal] ✅ Audio playing immediately for participant cmeumah180000kuygq63oa1qx
10:20:05.682  [useCallPerformance] No valid network data yet, assuming good quality
10:20:05.682  [useCallPerformance] Skipping stats for cmeumah180000kuygq63oa1qx - connection state: failed
eval @ webpack-internal:///…lPerformance.ts:102
await in eval
eval @ webpack-internal:///…lPerformance.ts:178
eval @ webpack-internal:///…lPerformance.ts:209
commitHookEffectListMount @ webpack-internal:///…evelopment.js:21102
commitHookPassiveMountEffects @ webpack-internal:///…evelopment.js:23154
commitPassiveMountOnFiber @ webpack-internal:///…evelopment.js:23259
recursivelyTraversePassiveMountEffects @ webpack-internal:///…evelopment.js:23237
commitPassiveMountOnFiber @ webpack-internal:///…evelopment.js:23370
recursivelyTraversePassiveMountEffects @ webpack-internal:///…evelopment.js:23237
commitPassiveMountOnFiber @ webpack-internal:///…evelopment.js:23256
recursivelyTraversePassiveMountEffects @ webpack-internal:///…evelopment.js:23237
commitPassiveMountOnFiber @ webpack-internal:///…evelopment.js:23370
recursivelyTraversePassiveMountEffects @ webpack-internal:///…evelopment.js:23237
commitPassiveMountOnFiber @ webpack-internal:///…evelopment.js:23370
recursivelyTraversePassiveMountEffects @ webpack-internal:///…evelopment.js:23237
commitPassiveMountOnFiber @ webpack-internal:///…evelopment.js:23370
recursivelyTraversePassiveMountEffects @ webpack-internal:///…evelopment.js:23237
commitPassiveMountOnFiber @ webpack-internal:///…evelopment.js:23256
recursivelyTraversePassiveMountEffects @ webpack-internal:///…evelopment.js:23237
commitPassiveMountOnFiber @ webpack-internal:///…evelopment.js:23256
recursivelyTraversePassiveMountEffects @ webpack-internal:///…evelopment.js:23237
commitPassiveMountOnFiber @ webpack-internal:///…evelopment.js:23370
recursivelyTraversePassiveMountEffects @ webpack-internal:///…evelopment.js:23237
commitPassiveMountOnFiber @ webpack-internal:///…evelopment.js:23370
recursivelyTraversePassiveMountEffects @ webpack-internal:///…evelopment.js:23237
commitPassiveMountOnFiber @ webpack-internal:///…evelopment.js:23256
recursivelyTraversePassiveMountEffects @ webpack-internal:///…evelopment.js:23237
commitPassiveMountOnFiber @ webpack-internal:///…evelopment.js:23370
recursivelyTraversePassiveMountEffects @ webpack-internal:///…evelopment.js:23237
commitPassiveMountOnFiber @ webpack-internal:///…evelopment.js:23256
recursivelyTraversePassiveMountEffects @ webpack-internal:///…evelopment.js:23237
commitPassiveMountOnFiber @ webpack-internal:///…evelopment.js:23256
recursivelyTraversePassiveMountEffects @ webpack-internal:///…evelopment.js:23237
commitPassiveMountOnFiber @ webpack-internal:///…evelopment.js:23256
recursivelyTraversePassiveMountEffects @ webpack-internal:///…evelopment.js:23237
commitPassiveMountOnFiber @ webpack-internal:///…evelopment.js:23256
recursivelyTraversePassiveMountEffects @ webpack-internal:///…evelopment.js:23237
commitPassiveMountOnFiber @ webpack-internal:///…evelopment.js:23370
recursivelyTraversePassiveMountEffects @ webpack-internal:///…evelopment.js:23237
commitPassiveMountOnFiber @ webpack-internal:///…evelopment.js:23256
recursivelyTraversePassiveMountEffects @ webpack-internal:///…evelopment.js:23237
commitPassiveMountOnFiber @ webpack-internal:///…evelopment.js:23256
recursivelyTraversePassiveMountEffects @ webpack-internal:///…evelopment.js:23237
commitPassiveMountOnFiber @ webpack-internal:///…evelopment.js:23370
recursivelyTraversePassiveMountEffects @ webpack-internal:///…evelopment.js:23237
commitPassiveMountOnFiber @ webpack-internal:///…evelopment.js:23256
recursivelyTraversePassiveMountEffects @ webpack-internal:///…evelopment.js:23237
commitPassiveMountOnFiber @ webpack-internal:///…evelopment.js:23370
recursivelyTraversePassiveMountEffects @ webpack-internal:///…evelopment.js:23237
commitPassiveMountOnFiber @ webpack-internal:///…evelopment.js:23256
recursivelyTraversePassiveMountEffects @ webpack-internal:///…evelopment.js:23237
commitPassiveMountOnFiber @ webpack-internal:///…evelopment.js:23370
recursivelyTraversePassiveMountEffects @ webpack-internal:///…evelopment.js:23237
commitPassiveMountOnFiber @ webpack-internal:///…evelopment.js:23256
recursivelyTraversePassiveMountEffects @ webpack-internal:///…evelopment.js:23237
commitPassiveMountOnFiber @ webpack-internal:///…evelopment.js:23370
recursivelyTraversePassiveMountEffects @ webpack-internal:///…evelopment.js:23237
commitPassiveMountOnFiber @ webpack-internal:///…evelopment.js:23256
recursivelyTraversePassiveMountEffects @ webpack-internal:///…evelopment.js:23237
commitPassiveMountOnFiber @ webpack-internal:///…evelopment.js:23256
recursivelyTraversePassiveMountEffects @ webpack-internal:///…evelopment.js:23237
commitPassiveMountOnFiber @ webpack-internal:///…evelopment.js:23256
recursivelyTraversePassiveMountEffects @ webpack-internal:///…evelopment.js:23237
commitPassiveMountOnFiber @ webpack-internal:///…evelopment.js:23370
recursivelyTraversePassiveMountEffects @ webpack-internal:///…evelopment.js:23237
commitPassiveMountOnFiber @ webpack-internal:///…evelopment.js:23256
recursivelyTraversePassiveMountEffects @ webpack-internal:///…evelopment.js:23237
commitPassiveMountOnFiber @ webpack-internal:///…evelopment.js:23256
recursivelyTraversePassiveMountEffects @ webpack-internal:///…evelopment.js:23237
commitPassiveMountOnFiber @ webpack-internal:///…evelopment.js:23370
recursivelyTraversePassiveMountEffects @ webpack-internal:///…evelopment.js:23237
commitPassiveMountOnFiber @ webpack-internal:///…evelopment.js:23256
recursivelyTraversePassiveMountEffects @ webpack-internal:///…evelopment.js:23237
commitPassiveMountOnFiber @ webpack-internal:///…evelopment.js:23370
recursivelyTraversePassiveMountEffects @ webpack-internal:///…evelopment.js:23237
commitPassiveMountOnFiber @ webpack-internal:///…evelopment.js:23370
recursivelyTraversePassiveMountEffects @ webpack-internal:///…evelopment.js:23237
commitPassiveMountOnFiber @ webpack-internal:///…evelopment.js:23256
recursivelyTraversePassiveMountEffects @ webpack-internal:///…evelopment.js:23237
commitPassiveMountOnFiber @ webpack-internal:///…evelopment.js:23370
recursivelyTraversePassiveMountEffects @ webpack-internal:///…evelopment.js:23237
commitPassiveMountOnFiber @ webpack-internal:///…evelopment.js:23256
recursivelyTraversePassiveMountEffects @ webpack-internal:///…evelopment.js:23237
commitPassiveMountOnFiber @ webpack-internal:///…evelopment.js:23370
recursivelyTraversePassiveMountEffects @ webpack-internal:///…evelopment.js:23237
commitPassiveMountOnFiber @ webpack-internal:///…evelopment.js:23256
recursivelyTraversePassiveMountEffects @ webpack-internal:///…evelopment.js:23237
commitPassiveMountOnFiber @ webpack-internal:///…evelopment.js:23370
recursivelyTraversePassiveMountEffects @ webpack-internal:///…evelopment.js:23237
commitPassiveMountOnFiber @ webpack-internal:///…evelopment.js:23256
recursivelyTraversePassiveMountEffects @ webpack-internal:///…evelopment.js:23237
commitPassiveMountOnFiber @ webpack-internal:///…evelopment.js:23370
recursivelyTraversePassiveMountEffects @ webpack-internal:///…evelopment.js:23237
commitPassiveMountOnFiber @ webpack-internal:///…evelopment.js:23256
recursivelyTraversePassiveMountEffects @ webpack-internal:///…evelopment.js:23237
commitPassiveMountOnFiber @ webpack-internal:///…evelopment.js:23256
recursivelyTraversePassiveMountEffects @ webpack-internal:///…evelopment.js:23237
commitPassiveMountOnFiber @ webpack-internal:///…evelopment.js:23370
recursivelyTraversePassiveMountEffects @ webpack-internal:///…evelopment.js:23237
commitPassiveMountOnFiber @ webpack-internal:///…evelopment.js:23370
recursivelyTraversePassiveMountEffects @ webpack-internal:///…evelopment.js:23237
commitPassiveMountOnFiber @ webpack-internal:///…evelopment.js:23370
recursivelyTraversePassiveMountEffects @ webpack-internal:///…evelopment.js:23237
commitPassiveMountOnFiber @ webpack-internal:///…evelopment.js:23370
recursivelyTraversePassiveMountEffects @ webpack-internal:///…evelopment.js:23237
commitPassiveMountOnFiber @ webpack-internal:///…evelopment.js:23370
recursivelyTraversePassiveMountEffects @ webpack-internal:///…evelopment.js:23237
commitPassiveMountOnFiber @ webpack-internal:///…evelopment.js:23256
recursivelyTraversePassiveMountEffects @ webpack-internal:///…evelopment.js:23237
commitPassiveMountOnFiber @ webpack-internal:///…evelopment.js:23370
recursivelyTraversePassiveMountEffects @ webpack-internal:///…evelopment.js:23237
commitPassiveMountOnFiber @ webpack-internal:///…evelopment.js:23370
recursivelyTraversePassiveMountEffects @ webpack-internal:///…evelopment.js:23237
commitPassiveMountOnFiber @ webpack-internal:///…evelopment.js:23256
recursivelyTraversePassiveMountEffects @ webpack-internal:///…evelopment.js:23237
commitPassiveMountOnFiber @ webpack-internal:///…evelopment.js:23256
recursivelyTraversePassiveMountEffects @ webpack-internal:///…evelopment.js:23237
commitPassiveMountOnFiber @ webpack-internal:///…evelopment.js:23370
recursivelyTraversePassiveMountEffects @ webpack-internal:///…evelopment.js:23237
commitPassiveMountOnFiber @ webpack-internal:///…evelopment.js:23256
recursivelyTraversePassiveMountEffects @ webpack-internal:///…evelopment.js:23237
commitPassiveMountOnFiber @ webpack-internal:///…evelopment.js:23370
recursivelyTraversePassiveMountEffects @ webpack-internal:///…evelopment.js:23237
commitPassiveMountOnFiber @ webpack-internal:///…evelopment.js:23370
recursivelyTraversePassiveMountEffects @ webpack-internal:///…evelopment.js:23237
commitPassiveMountOnFiber @ webpack-internal:///…evelopment.js:23370
recursivelyTraversePassiveMountEffects @ webpack-internal:///…evelopment.js:23237
commitPassiveMountOnFiber @ webpack-internal:///…evelopment.js:23370
recursivelyTraversePassiveMountEffects @ webpack-internal:///…evelopment.js:23237
commitPassiveMountOnFiber @ webpack-internal:///…evelopment.js:23370
recursivelyTraversePassiveMountEffects @ webpack-internal:///…evelopment.js:23237
commitPassiveMountOnFiber @ webpack-internal:///…evelopment.js:23370
recursivelyTraversePassiveMountEffects @ webpack-internal:///…evelopment.js:23237
commitPassiveMountOnFiber @ webpack-internal:///…evelopment.js:23256
recursivelyTraversePassiveMountEffects @ webpack-internal:///…evelopment.js:23237
commitPassiveMountOnFiber @ webpack-internal:///…evelopment.js:23370
recursivelyTraversePassiveMountEffects @ webpack-internal:///…evelopment.js:23237
commitPassiveMountOnFiber @ webpack-internal:///…evelopment.js:23256
recursivelyTraversePassiveMountEffects @ webpack-internal:///…evelopment.js:23237
commitPassiveMountOnFiber @ webpack-internal:///…evelopment.js:23256
recursivelyTraversePassiveMountEffects @ webpack-internal:///…evelopment.js:23237
commitPassiveMountOnFiber @ webpack-internal:///…evelopment.js:23256
recursivelyTraversePassiveMountEffects @ webpack-internal:///…evelopment.js:23237
commitPassiveMountOnFiber @ webpack-internal:///…evelopment.js:23256
recursivelyTraversePassiveMountEffects @ webpack-internal:///…evelopment.js:23237
commitPassiveMountOnFiber @ webpack-internal:///…evelopment.js:23370
recursivelyTraversePassiveMountEffects @ webpack-internal:///…evelopment.js:23237
commitPassiveMountOnFiber @ webpack-internal:///…evelopment.js:23370
recursivelyTraversePassiveMountEffects @ webpack-internal:///…evelopment.js:23237
commitPassiveMountOnFiber @ webpack-internal:///…evelopment.js:23370
recursivelyTraversePassiveMountEffects @ webpack-internal:///…evelopment.js:23237
commitPassiveMountOnFiber @ webpack-internal:///…evelopment.js:23267
commitPassiveMountEffects @ webpack-internal:///…evelopment.js:23225
flushPassiveEffectsImpl @ webpack-internal:///…evelopment.js:26497
flushPassiveEffects @ webpack-internal:///…evelopment.js:26438
eval @ webpack-internal:///…evelopment.js:26172
workLoop @ webpack-internal:///….development.js:256
flushWork @ webpack-internal:///….development.js:225
performWorkUntilDeadline @ webpack-internal:///….development.js:534
10:20:05.683  [CallModal] Rendered - voice call opened
10:20:05.684  [CallModal] Rendered - voice call opened
10:20:05.684  [VoiceParticipant] Zber Samolde voice activity debug: {participantId: 'cmeumah180000kuygq63oa1qx', hasOriginalStream: true, hasLatestStream: true, streamActive: true, audioTracksCount: 1, …}
10:20:05.685  [VoiceParticipant] Zber Samolde voice activity debug: {participantId: 'cmeumah180000kuygq63oa1qx', hasOriginalStream: true, hasLatestStream: true, streamActive: true, audioTracksCount: 1, …}
10:20:05.685  [VoiceParticipant] Tester2 voice activity debug: {participantId: 'cmeifn5qp002dkunge64m0xss', hasOriginalStream: true, hasLatestStream: true, streamActive: true, audioTracksCount: 1, …}
10:20:05.685  [VoiceParticipant] Tester2 voice activity debug: {participantId: 'cmeifn5qp002dkunge64m0xss', hasOriginalStream: true, hasLatestStream: true, streamActive: true, audioTracksCount: 1, …}
10:20:05.687  [CallModal] 🔊 Setting up audio element for participant cmeifn5qp002dkunge64m0xss
10:20:05.689  [CallModal] Stream details: {id: '11f1cb2e-ff24-4f0a-9e82-dab593c0342f', active: true, audioTracks: Array(1)}
10:20:05.690  [CallModal] Previous audio element for cmeifn5qp002dkunge64m0xss: false
10:20:05.692  [CallModal] Cleared previous srcObject for cmeifn5qp002dkunge64m0xss
10:20:05.694  [CallModal] 🔊 Setting up audio element for participant cmeumah180000kuygq63oa1qx
10:20:05.694  [CallModal] Stream details: {id: 'bc884001-458b-454b-890a-15ea46c82cad', active: true, audioTracks: Array(1)}
10:20:05.694  [CallModal] Previous audio element for cmeumah180000kuygq63oa1qx: false
10:20:05.696  [CallModal] Cleared previous srcObject for cmeumah180000kuygq63oa1qx
10:20:05.873  [VoiceActivity] Effect triggered: {hasStream: true, streamId: 'bc884001-458b-454b-890a-15ea46c82cad', audioTracks: 1, threshold: -40}
10:20:05.873  [VoiceActivity] Initializing for stream: bc884001-458b-454b-890a-15ea46c82cad with 1 audio tracks
10:20:05.874  [VoiceActivity] Effect triggered: {hasStream: true, streamId: '11f1cb2e-ff24-4f0a-9e82-dab593c0342f', audioTracks: 1, threshold: -40}
10:20:05.875  [VoiceActivity] Initializing for stream: 11f1cb2e-ff24-4f0a-9e82-dab593c0342f with 1 audio tracks
10:20:05.876  [VoiceActivity] Effect triggered: {hasStream: true, streamId: 'bc884001-458b-454b-890a-15ea46c82cad', audioTracks: 1, threshold: -40}
10:20:05.876  [VoiceActivity] Initializing for stream: bc884001-458b-454b-890a-15ea46c82cad with 1 audio tracks
10:20:05.876  [VoiceActivity] Effect triggered: {hasStream: true, streamId: '11f1cb2e-ff24-4f0a-9e82-dab593c0342f', audioTracks: 1, threshold: -40}
10:20:05.876  [VoiceActivity] Initializing for stream: 11f1cb2e-ff24-4f0a-9e82-dab593c0342f with 1 audio tracks
10:20:05.877  [CallModal] Rendered - voice call opened
10:20:05.878  [CallModal] Rendered - voice call opened
10:20:05.880  [CallModal] Audio loadeddata event for cmeifn5qp002dkunge64m0xss
10:20:05.881  [CallModal] Audio can play for cmeifn5qp002dkunge64m0xss
10:20:05.881  [CallModal] Audio canplay event for cmeifn5qp002dkunge64m0xss
10:20:05.881  [CallModal] Audio is playing for cmeifn5qp002dkunge64m0xss
10:20:05.881  [CallModal] ✅ Audio playing immediately for participant cmeifn5qp002dkunge64m0xss
10:20:05.881  [CallModal] ✅ Audio playing immediately for participant cmeifn5qp002dkunge64m0xss
10:20:05.881  [CallModal] ✅ Audio playing immediately for participant cmeifn5qp002dkunge64m0xss
10:20:05.882  [WebRTC] ⚠️ Delayed connection failure for: cmeumah180000kuygq63oa1qx attempting recovery
eval @ webpack-internal:///…c/lib/webrtc.ts:931
setTimeout
createOffer @ webpack-internal:///…c/lib/webrtc.ts:927
await in createOffer
eval @ webpack-internal:///…/lib/webrtc.ts:1671
setTimeout
attemptReconnection @ webpack-internal:///…/lib/webrtc.ts:1662
pc.onconnectionstatechange @ webpack-internal:///…c/lib/webrtc.ts:691
10:20:05.882  [WebRTC Enhanced] Recovery attempt 1/3 for cmeumah180000kuygq63oa1qx
10:20:05.882  [WebRTC] Reconnection attempt 1 failed, retrying...
10:20:05.882  [WebRTC] Attempting reconnection for: cmeumah180000kuygq63oa1qx (attempt 2/3)
10:20:05.882  [WebRTC] 🔍 Connection closure requested for: cmeumah180000kuygq63oa1qx {connectionState: 'failed', iceConnectionState: 'connected', signalingState: 'have-local-offer', localDescription: true, remoteDescription: true, …}
10:20:05.882  [WebRTC] ⚠️ PREVENTING closure of healthy connection for: cmeumah180000kuygq63oa1qx State: failed ICE: connected
closePeerConnection @ webpack-internal:///…/lib/webrtc.ts:1138
attemptReconnection @ webpack-internal:///…/lib/webrtc.ts:1659
eval @ webpack-internal:///…/lib/webrtc.ts:1677
setTimeout
eval @ webpack-internal:///…/lib/webrtc.ts:1673
setTimeout
attemptReconnection @ webpack-internal:///…/lib/webrtc.ts:1662
pc.onconnectionstatechange @ webpack-internal:///…c/lib/webrtc.ts:691
10:20:05.882  [WebRTC] ✅ Preserving healthy connection for: cmeumah180000kuygq63oa1qx
10:20:05.883  [CallModal] Audio loadeddata event for cmeumah180000kuygq63oa1qx
10:20:05.883  [CallModal] Audio can play for cmeumah180000kuygq63oa1qx
10:20:05.883  [CallModal] Audio canplay event for cmeumah180000kuygq63oa1qx
10:20:05.884  [CallModal] Audio is playing for cmeumah180000kuygq63oa1qx
10:20:05.884  [CallModal] ✅ Audio playing immediately for participant cmeumah180000kuygq63oa1qx
10:20:05.884  [CallModal] ✅ Audio playing immediately for participant cmeumah180000kuygq63oa1qx
10:20:05.884  [CallModal] ✅ Audio playing immediately for participant cmeumah180000kuygq63oa1qx
10:20:05.885  [CallModal] Rendered - voice call opened
10:20:05.885  [CallModal] Rendered - voice call opened
10:20:05.886  [VoiceParticipant] Zber Samolde voice activity debug: {participantId: 'cmeumah180000kuygq63oa1qx', hasOriginalStream: true, hasLatestStream: true, streamActive: true, audioTracksCount: 1, …}
10:20:05.886  [VoiceParticipant] Zber Samolde voice activity debug: {participantId: 'cmeumah180000kuygq63oa1qx', hasOriginalStream: true, hasLatestStream: true, streamActive: true, audioTracksCount: 1, …}
10:20:05.887  [VoiceParticipant] Tester2 voice activity debug: {participantId: 'cmeifn5qp002dkunge64m0xss', hasOriginalStream: true, hasLatestStream: true, streamActive: true, audioTracksCount: 1, …}
10:20:05.887  [VoiceParticipant] Tester2 voice activity debug: {participantId: 'cmeifn5qp002dkunge64m0xss', hasOriginalStream: true, hasLatestStream: true, streamActive: true, audioTracksCount: 1, …}
10:20:05.889  [CallModal] 🔊 Setting up audio element for participant cmeifn5qp002dkunge64m0xss
10:20:05.889  [CallModal] Stream details: {id: '11f1cb2e-ff24-4f0a-9e82-dab593c0342f', active: true, audioTracks: Array(1)}
10:20:05.890  [CallModal] Previous audio element for cmeifn5qp002dkunge64m0xss: false
10:20:05.892  [CallModal] Cleared previous srcObject for cmeifn5qp002dkunge64m0xss
10:20:05.893  [CallModal] 🔊 Setting up audio element for participant cmeumah180000kuygq63oa1qx
10:20:05.894  [CallModal] Stream details: {id: 'bc884001-458b-454b-890a-15ea46c82cad', active: true, audioTracks: Array(1)}
10:20:05.894  [CallModal] Previous audio element for cmeumah180000kuygq63oa1qx: false
10:20:05.896  [CallModal] Cleared previous srcObject for cmeumah180000kuygq63oa1qx
10:20:05.900  [WebRTC] Excellent network detected - restoring quality
10:20:05.901  [WebRTC] Improved audio quality for: cmeifn5qp002dkunge64m0xss
10:20:05.902  [WebRTC] ⚠️ Connection unstable for participant: cmeumah180000kuygq63oa1qx Connection: failed ICE: connected
10:20:05.903  [WebRTC Enhanced] Recovery attempt 2/3 for cmeumah180000kuygq63oa1qx
10:20:06.064  [VoiceActivity] Effect triggered: {hasStream: true, streamId: 'bc884001-458b-454b-890a-15ea46c82cad', audioTracks: 1, threshold: -40}
10:20:06.065  [VoiceActivity] Initializing for stream: bc884001-458b-454b-890a-15ea46c82cad with 1 audio tracks
10:20:06.066  [VoiceActivity] Effect triggered: {hasStream: true, streamId: '11f1cb2e-ff24-4f0a-9e82-dab593c0342f', audioTracks: 1, threshold: -40}
10:20:06.066  [VoiceActivity] Initializing for stream: 11f1cb2e-ff24-4f0a-9e82-dab593c0342f with 1 audio tracks
10:20:06.067  [VoiceActivity] Effect triggered: {hasStream: true, streamId: 'bc884001-458b-454b-890a-15ea46c82cad', audioTracks: 1, threshold: -40}
10:20:06.067  [VoiceActivity] Initializing for stream: bc884001-458b-454b-890a-15ea46c82cad with 1 audio tracks
10:20:06.068  [VoiceActivity] Effect triggered: {hasStream: true, streamId: '11f1cb2e-ff24-4f0a-9e82-dab593c0342f', audioTracks: 1, threshold: -40}
10:20:06.068  [VoiceActivity] Initializing for stream: 11f1cb2e-ff24-4f0a-9e82-dab593c0342f with 1 audio tracks
10:20:06.070  [CallModal] Audio loadeddata event for cmeifn5qp002dkunge64m0xss
10:20:06.070  [CallModal] Audio can play for cmeifn5qp002dkunge64m0xss
10:20:06.070  [CallModal] Audio canplay event for cmeifn5qp002dkunge64m0xss
10:20:06.070  [CallModal] Audio is playing for cmeifn5qp002dkunge64m0xss
10:20:06.071  [CallModal] ✅ Audio playing immediately for participant cmeifn5qp002dkunge64m0xss
10:20:06.071  [CallModal] ✅ Audio playing immediately for participant cmeifn5qp002dkunge64m0xss
10:20:06.071  [CallModal] ✅ Audio playing immediately for participant cmeifn5qp002dkunge64m0xss
10:20:06.071  [CallModal] Audio loadeddata event for cmeumah180000kuygq63oa1qx
10:20:06.071  [CallModal] Audio can play for cmeumah180000kuygq63oa1qx
10:20:06.071  [CallModal] Audio canplay event for cmeumah180000kuygq63oa1qx
10:20:06.072  [CallModal] Audio is playing for cmeumah180000kuygq63oa1qx
10:20:06.072  [CallModal] ✅ Audio playing immediately for participant cmeumah180000kuygq63oa1qx
10:20:06.072  [CallModal] ✅ Audio playing immediately for participant cmeumah180000kuygq63oa1qx
10:20:06.072  [CallModal] ✅ Audio playing immediately for participant cmeumah180000kuygq63oa1qx
10:20:06.073  [CallModal] Rendered - voice call opened
10:20:06.073  [CallModal] Rendered - voice call opened
10:20:06.154  [CallModal] 🔍 Connection verification:
10:20:06.154  [CallModal] - Expected participants: (2) ['cmeumah180000kuygq63oa1qx', 'cmeifn5qp002dkunge64m0xss']
10:20:06.155  [CallModal] - Active connections: (2) ['cmeifn5qp002dkunge64m0xss', 'cmeumah180000kuygq63oa1qx']
10:20:06.155  [CallModal] ✅ All expected WebRTC connections are active
10:20:06.156  [VoiceActivity] Volume analysis: {average: '12.9', volume: '-25.9', threshold: -50, speaking: true, streamActive: true, …}
10:20:06.192  [VoiceActivity] Volume analysis: {average: '2.7', volume: '-39.4', threshold: -40, speaking: false, streamActive: true, …}
10:20:06.294  [CallModal] 🔍 Connection verification:
10:20:06.294  [CallModal] - Expected participants: (2) ['cmeumah180000kuygq63oa1qx', 'cmeifn5qp002dkunge64m0xss']
10:20:06.295  [CallModal] - Active connections: (2) ['cmeifn5qp002dkunge64m0xss', 'cmeumah180000kuygq63oa1qx']
10:20:06.295  [CallModal] ✅ All expected WebRTC connections are active
10:20:06.296  [VoiceParticipant] Tester2 voice activity debug: {participantId: 'cmeifn5qp002dkunge64m0xss', hasOriginalStream: true, hasLatestStream: true, streamActive: true, audioTracksCount: 1, …}
10:20:06.296  [VoiceParticipant] Tester2 voice activity debug: {participantId: 'cmeifn5qp002dkunge64m0xss', hasOriginalStream: true, hasLatestStream: true, streamActive: true, audioTracksCount: 1, …}
10:20:06.300  [VoiceParticipant] Tester2 voice activity debug: {participantId: 'cmeifn5qp002dkunge64m0xss', hasOriginalStream: true, hasLatestStream: true, streamActive: true, audioTracksCount: 1, …}
10:20:06.300  [VoiceParticipant] Tester2 voice activity debug: {participantId: 'cmeifn5qp002dkunge64m0xss', hasOriginalStream: true, hasLatestStream: true, streamActive: true, audioTracksCount: 1, …}
10:20:06.301  [CallModal] Rendered - voice call opened
10:20:06.301  [CallModal] Rendered - voice call opened
10:20:06.302  [VoiceParticipant] Zber Samolde voice activity debug: {participantId: 'cmeumah180000kuygq63oa1qx', hasOriginalStream: true, hasLatestStream: true, streamActive: true, audioTracksCount: 1, …}
10:20:06.302  [VoiceParticipant] Zber Samolde voice activity debug: {participantId: 'cmeumah180000kuygq63oa1qx', hasOriginalStream: true, hasLatestStream: true, streamActive: true, audioTracksCount: 1, …}
10:20:06.302  [VoiceParticipant] Tester2 voice activity debug: {participantId: 'cmeifn5qp002dkunge64m0xss', hasOriginalStream: true, hasLatestStream: true, streamActive: true, audioTracksCount: 1, …}
10:20:06.302  [VoiceParticipant] Tester2 voice activity debug: {participantId: 'cmeifn5qp002dkunge64m0xss', hasOriginalStream: true, hasLatestStream: true, streamActive: true, audioTracksCount: 1, …}
10:20:06.303  [CallModal] 🔊 Setting up audio element for participant cmeifn5qp002dkunge64m0xss
10:20:06.304  [CallModal] Stream details: {id: '11f1cb2e-ff24-4f0a-9e82-dab593c0342f', active: true, audioTracks: Array(1)}
10:20:06.304  [CallModal] Previous audio element for cmeifn5qp002dkunge64m0xss: false
10:20:06.306  [CallModal] Cleared previous srcObject for cmeifn5qp002dkunge64m0xss
10:20:06.307  [CallModal] 🔊 Setting up audio element for participant cmeumah180000kuygq63oa1qx
10:20:06.308  [CallModal] Stream details: {id: 'bc884001-458b-454b-890a-15ea46c82cad', active: true, audioTracks: Array(1)}
10:20:06.308  [CallModal] Previous audio element for cmeumah180000kuygq63oa1qx: false
10:20:06.311  [CallModal] Cleared previous srcObject for cmeumah180000kuygq63oa1qx
10:20:06.340  [VoiceActivity] Effect triggered: {hasStream: true, streamId: 'bc884001-458b-454b-890a-15ea46c82cad', audioTracks: 1, threshold: -40}
10:20:06.340  [VoiceActivity] Initializing for stream: bc884001-458b-454b-890a-15ea46c82cad with 1 audio tracks
10:20:06.341  [VoiceActivity] Effect triggered: {hasStream: true, streamId: '11f1cb2e-ff24-4f0a-9e82-dab593c0342f', audioTracks: 1, threshold: -40}
10:20:06.342  [VoiceActivity] Initializing for stream: 11f1cb2e-ff24-4f0a-9e82-dab593c0342f with 1 audio tracks
10:20:06.343  [VoiceActivity] Effect triggered: {hasStream: true, streamId: 'bc884001-458b-454b-890a-15ea46c82cad', audioTracks: 1, threshold: -40}
10:20:06.343  [VoiceActivity] Initializing for stream: bc884001-458b-454b-890a-15ea46c82cad with 1 audio tracks
10:20:06.344  [VoiceActivity] Effect triggered: {hasStream: true, streamId: '11f1cb2e-ff24-4f0a-9e82-dab593c0342f', audioTracks: 1, threshold: -40}
10:20:06.344  [VoiceActivity] Initializing for stream: 11f1cb2e-ff24-4f0a-9e82-dab593c0342f with 1 audio tracks
10:20:06.348  [CallModal] Audio loadeddata event for cmeifn5qp002dkunge64m0xss
10:20:06.349  [CallModal] Audio can play for cmeifn5qp002dkunge64m0xss
10:20:06.349  [CallModal] Audio canplay event for cmeifn5qp002dkunge64m0xss
10:20:06.349  [CallModal] Audio is playing for cmeifn5qp002dkunge64m0xss
10:20:06.349  [CallModal] ✅ Audio playing immediately for participant cmeifn5qp002dkunge64m0xss
10:20:06.349  [CallModal] ✅ Audio playing immediately for participant cmeifn5qp002dkunge64m0xss
10:20:06.349  [CallModal] ✅ Audio playing immediately for participant cmeifn5qp002dkunge64m0xss
10:20:06.349  [CallModal] Audio loadeddata event for cmeumah180000kuygq63oa1qx
10:20:06.350  [CallModal] Audio can play for cmeumah180000kuygq63oa1qx
10:20:06.350  [CallModal] Audio canplay event for cmeumah180000kuygq63oa1qx
10:20:06.350  [CallModal] Audio is playing for cmeumah180000kuygq63oa1qx
10:20:06.350  [CallModal] ✅ Audio playing immediately for participant cmeumah180000kuygq63oa1qx
10:20:06.350  [CallModal] ✅ Audio playing immediately for participant cmeumah180000kuygq63oa1qx
10:20:06.350  [CallModal] ✅ Audio playing immediately for participant cmeumah180000kuygq63oa1qx
10:20:06.351  [CallModal] Rendered - voice call opened
10:20:06.351  [CallModal] Rendered - voice call opened
10:20:06.353  [VoiceParticipant] Zber Samolde voice activity debug: {participantId: 'cmeumah180000kuygq63oa1qx', hasOriginalStream: true, hasLatestStream: true, streamActive: true, audioTracksCount: 1, …}
10:20:06.353  [VoiceParticipant] Zber Samolde voice activity debug: {participantId: 'cmeumah180000kuygq63oa1qx', hasOriginalStream: true, hasLatestStream: true, streamActive: true, audioTracksCount: 1, …}
10:20:06.354  [VoiceParticipant] Tester2 voice activity debug: {participantId: 'cmeifn5qp002dkunge64m0xss', hasOriginalStream: true, hasLatestStream: true, streamActive: true, audioTracksCount: 1, …}
10:20:06.354  [VoiceParticipant] Tester2 voice activity debug: {participantId: 'cmeifn5qp002dkunge64m0xss', hasOriginalStream: true, hasLatestStream: true, streamActive: true, audioTracksCount: 1, …}
10:20:06.356  [CallModal] 🔊 Setting up audio element for participant cmeifn5qp002dkunge64m0xss
10:20:06.356  [CallModal] Stream details: {id: '11f1cb2e-ff24-4f0a-9e82-dab593c0342f', active: true, audioTracks: Array(1)}
10:20:06.357  [CallModal] Previous audio element for cmeifn5qp002dkunge64m0xss: false
10:20:06.358  [CallModal] Cleared previous srcObject for cmeifn5qp002dkunge64m0xss
10:20:06.360  [CallModal] 🔊 Setting up audio element for participant cmeumah180000kuygq63oa1qx
10:20:06.360  [CallModal] Stream details: {id: 'bc884001-458b-454b-890a-15ea46c82cad', active: true, audioTracks: Array(1)}
10:20:06.360  [CallModal] Previous audio element for cmeumah180000kuygq63oa1qx: false
10:20:06.363  [CallModal] Cleared previous srcObject for cmeumah180000kuygq63oa1qx
10:20:06.499  [VoiceActivity] Effect triggered: {hasStream: true, streamId: 'bc884001-458b-454b-890a-15ea46c82cad', audioTracks: 1, threshold: -40}
10:20:06.500  [VoiceActivity] Initializing for stream: bc884001-458b-454b-890a-15ea46c82cad with 1 audio tracks
10:20:06.501  [VoiceActivity] Effect triggered: {hasStream: true, streamId: '11f1cb2e-ff24-4f0a-9e82-dab593c0342f', audioTracks: 1, threshold: -40}
10:20:06.501  [VoiceActivity] Initializing for stream: 11f1cb2e-ff24-4f0a-9e82-dab593c0342f with 1 audio tracks
10:20:06.502  [VoiceActivity] Effect triggered: {hasStream: true, streamId: 'bc884001-458b-454b-890a-15ea46c82cad', audioTracks: 1, threshold: -40}
10:20:06.502  [VoiceActivity] Initializing for stream: bc884001-458b-454b-890a-15ea46c82cad with 1 audio tracks
10:20:06.503  [VoiceActivity] Effect triggered: {hasStream: true, streamId: '11f1cb2e-ff24-4f0a-9e82-dab593c0342f', audioTracks: 1, threshold: -40}
10:20:06.503  [VoiceActivity] Initializing for stream: 11f1cb2e-ff24-4f0a-9e82-dab593c0342f with 1 audio tracks
10:20:06.503  [CallModal] Rendered - voice call opened
10:20:06.504  [CallModal] Rendered - voice call opened
10:20:06.504  [CallModal] Audio loadeddata event for cmeifn5qp002dkunge64m0xss
10:20:06.505  [CallModal] Audio can play for cmeifn5qp002dkunge64m0xss
10:20:06.505  [CallModal] Audio canplay event for cmeifn5qp002dkunge64m0xss
10:20:06.505  [CallModal] Audio is playing for cmeifn5qp002dkunge64m0xss
10:20:06.505  [CallModal] ✅ Audio playing immediately for participant cmeifn5qp002dkunge64m0xss
10:20:06.505  [CallModal] ✅ Audio playing immediately for participant cmeifn5qp002dkunge64m0xss
10:20:06.505  [CallModal] ✅ Audio playing immediately for participant cmeifn5qp002dkunge64m0xss
10:20:06.507  [CallModal] Audio loadeddata event for cmeumah180000kuygq63oa1qx
10:20:06.507  [CallModal] Audio can play for cmeumah180000kuygq63oa1qx
10:20:06.507  [CallModal] Audio canplay event for cmeumah180000kuygq63oa1qx
10:20:06.507  [CallModal] Audio is playing for cmeumah180000kuygq63oa1qx
10:20:06.507  [CallModal] ✅ Audio playing immediately for participant cmeumah180000kuygq63oa1qx
10:20:06.507  [CallModal] ✅ Audio playing immediately for participant cmeumah180000kuygq63oa1qx
10:20:06.507  [CallModal] ✅ Audio playing immediately for participant cmeumah180000kuygq63oa1qx
10:20:06.654  [CallModal] 🔍 Connection verification:
10:20:06.654  [CallModal] - Expected participants: (2) ['cmeumah180000kuygq63oa1qx', 'cmeifn5qp002dkunge64m0xss']
10:20:06.655  [CallModal] - Active connections: (2) ['cmeifn5qp002dkunge64m0xss', 'cmeumah180000kuygq63oa1qx']
10:20:06.655  [CallModal] ✅ All expected WebRTC connections are active
10:20:06.678  [VoiceParticipant] Tester2 voice activity debug: {participantId: 'cmeifn5qp002dkunge64m0xss', hasOriginalStream: true, hasLatestStream: true, streamActive: true, audioTracksCount: 1, …}
10:20:06.678  [VoiceParticipant] Tester2 voice activity debug: {participantId: 'cmeifn5qp002dkunge64m0xss', hasOriginalStream: true, hasLatestStream: true, streamActive: true, audioTracksCount: 1, …}
10:20:06.684  [VoiceParticipant] Tester2 voice activity debug: {participantId: 'cmeifn5qp002dkunge64m0xss', hasOriginalStream: true, hasLatestStream: true, streamActive: true, audioTracksCount: 1, …}
10:20:06.684  [VoiceParticipant] Tester2 voice activity debug: {participantId: 'cmeifn5qp002dkunge64m0xss', hasOriginalStream: true, hasLatestStream: true, streamActive: true, audioTracksCount: 1, …}
10:20:06.768  [CallModal] Rendered - voice call opened
10:20:06.769  [CallModal] Rendered - voice call opened
10:20:06.769  [VoiceParticipant] Zber Samolde voice activity debug: {participantId: 'cmeumah180000kuygq63oa1qx', hasOriginalStream: true, hasLatestStream: true, streamActive: true, audioTracksCount: 1, …}
10:20:06.769  [VoiceParticipant] Zber Samolde voice activity debug: {participantId: 'cmeumah180000kuygq63oa1qx', hasOriginalStream: true, hasLatestStream: true, streamActive: true, audioTracksCount: 1, …}
10:20:06.770  [VoiceParticipant] Tester2 voice activity debug: {participantId: 'cmeifn5qp002dkunge64m0xss', hasOriginalStream: true, hasLatestStream: true, streamActive: true, audioTracksCount: 1, …}
10:20:06.770  [VoiceParticipant] Tester2 voice activity debug: {participantId: 'cmeifn5qp002dkunge64m0xss', hasOriginalStream: true, hasLatestStream: true, streamActive: true, audioTracksCount: 1, …}
10:20:06.771  [CallModal] 🔊 Setting up audio element for participant cmeifn5qp002dkunge64m0xss
10:20:06.772  [CallModal] Stream details: {id: '11f1cb2e-ff24-4f0a-9e82-dab593c0342f', active: true, audioTracks: Array(1)}
10:20:06.772  [CallModal] Previous audio element for cmeifn5qp002dkunge64m0xss: false
10:20:06.774  [CallModal] Cleared previous srcObject for cmeifn5qp002dkunge64m0xss
10:20:06.775  [CallModal] 🔊 Setting up audio element for participant cmeumah180000kuygq63oa1qx
10:20:06.775  [CallModal] Stream details: {id: 'bc884001-458b-454b-890a-15ea46c82cad', active: true, audioTracks: Array(1)}
10:20:06.776  [CallModal] Previous audio element for cmeumah180000kuygq63oa1qx: false
10:20:06.778  [CallModal] Cleared previous srcObject for cmeumah180000kuygq63oa1qx
10:20:06.813  [VoiceActivity] Effect triggered: {hasStream: true, streamId: 'bc884001-458b-454b-890a-15ea46c82cad', audioTracks: 1, threshold: -40}
10:20:06.814  [VoiceActivity] Initializing for stream: bc884001-458b-454b-890a-15ea46c82cad with 1 audio tracks
10:20:06.815  [VoiceActivity] Effect triggered: {hasStream: true, streamId: '11f1cb2e-ff24-4f0a-9e82-dab593c0342f', audioTracks: 1, threshold: -40}
10:20:06.815  [VoiceActivity] Initializing for stream: 11f1cb2e-ff24-4f0a-9e82-dab593c0342f with 1 audio tracks
10:20:06.816  [VoiceActivity] Effect triggered: {hasStream: true, streamId: 'bc884001-458b-454b-890a-15ea46c82cad', audioTracks: 1, threshold: -40}
10:20:06.816  [VoiceActivity] Initializing for stream: bc884001-458b-454b-890a-15ea46c82cad with 1 audio tracks
10:20:06.817  [VoiceActivity] Effect triggered: {hasStream: true, streamId: '11f1cb2e-ff24-4f0a-9e82-dab593c0342f', audioTracks: 1, threshold: -40}
10:20:06.817  [VoiceActivity] Initializing for stream: 11f1cb2e-ff24-4f0a-9e82-dab593c0342f with 1 audio tracks
10:20:06.817  [CallModal] 🔍 Connection verification:
10:20:06.817  [CallModal] - Expected participants: (2) ['cmeumah180000kuygq63oa1qx', 'cmeifn5qp002dkunge64m0xss']
10:20:06.818  [CallModal] - Active connections: (2) ['cmeifn5qp002dkunge64m0xss', 'cmeumah180000kuygq63oa1qx']
10:20:06.818  [CallModal] ✅ All expected WebRTC connections are active
10:20:06.823  [CallModal] Audio loadeddata event for cmeifn5qp002dkunge64m0xss
10:20:06.824  [CallModal] Audio can play for cmeifn5qp002dkunge64m0xss
10:20:06.824  [CallModal] Audio canplay event for cmeifn5qp002dkunge64m0xss
10:20:06.824  [CallModal] Audio is playing for cmeifn5qp002dkunge64m0xss
10:20:06.825  [CallModal] ✅ Audio playing immediately for participant cmeifn5qp002dkunge64m0xss
10:20:06.825  [CallModal] ✅ Audio playing immediately for participant cmeifn5qp002dkunge64m0xss
10:20:06.825  [CallModal] ✅ Audio playing immediately for participant cmeifn5qp002dkunge64m0xss
10:20:06.825  [CallModal] Audio loadeddata event for cmeumah180000kuygq63oa1qx
10:20:06.825  [CallModal] Audio can play for cmeumah180000kuygq63oa1qx
10:20:06.825  [CallModal] Audio canplay event for cmeumah180000kuygq63oa1qx
10:20:06.825  [CallModal] Audio is playing for cmeumah180000kuygq63oa1qx
10:20:06.826  [CallModal] ✅ Audio playing immediately for participant cmeumah180000kuygq63oa1qx
10:20:06.826  [CallModal] ✅ Audio playing immediately for participant cmeumah180000kuygq63oa1qx
10:20:06.826  [CallModal] ✅ Audio playing immediately for participant cmeumah180000kuygq63oa1qx
10:20:06.826  [CallModal] Rendered - voice call opened
10:20:06.826  [CallModal] Rendered - voice call opened
10:20:06.965  [CallModal] Rendered - voice call opened
10:20:06.966  [CallModal] Rendered - voice call opened
10:20:06.966  [VoiceParticipant] Zber Samolde voice activity debug: {participantId: 'cmeumah180000kuygq63oa1qx', hasOriginalStream: true, hasLatestStream: true, streamActive: true, audioTracksCount: 1, …}
10:20:06.967  [VoiceParticipant] Zber Samolde voice activity debug: {participantId: 'cmeumah180000kuygq63oa1qx', hasOriginalStream: true, hasLatestStream: true, streamActive: true, audioTracksCount: 1, …}
10:20:06.967  [VoiceParticipant] Tester2 voice activity debug: {participantId: 'cmeifn5qp002dkunge64m0xss', hasOriginalStream: true, hasLatestStream: true, streamActive: true, audioTracksCount: 1, …}
10:20:06.967  [VoiceParticipant] Tester2 voice activity debug: {participantId: 'cmeifn5qp002dkunge64m0xss', hasOriginalStream: true, hasLatestStream: true, streamActive: true, audioTracksCount: 1, …}
10:20:06.969  [CallModal] 🔊 Setting up audio element for participant cmeifn5qp002dkunge64m0xss
10:20:06.970  [CallModal] Stream details: {id: '11f1cb2e-ff24-4f0a-9e82-dab593c0342f', active: true, audioTracks: Array(1)}
10:20:06.970  [CallModal] Previous audio element for cmeifn5qp002dkunge64m0xss: false
10:20:06.972  [CallModal] Cleared previous srcObject for cmeifn5qp002dkunge64m0xss
10:20:06.974  [CallModal] 🔊 Setting up audio element for participant cmeumah180000kuygq63oa1qx
10:20:06.974  [CallModal] Stream details: {id: 'bc884001-458b-454b-890a-15ea46c82cad', active: true, audioTracks: Array(1)}
10:20:06.974  [CallModal] Previous audio element for cmeumah180000kuygq63oa1qx: false
10:20:06.976  [CallModal] Cleared previous srcObject for cmeumah180000kuygq63oa1qx
10:20:07.026  [VoiceActivity] Effect triggered: {hasStream: true, streamId: 'bc884001-458b-454b-890a-15ea46c82cad', audioTracks: 1, threshold: -40}
10:20:07.027  [VoiceActivity] Initializing for stream: bc884001-458b-454b-890a-15ea46c82cad with 1 audio tracks
10:20:07.028  [VoiceActivity] Effect triggered: {hasStream: true, streamId: '11f1cb2e-ff24-4f0a-9e82-dab593c0342f', audioTracks: 1, threshold: -40}
10:20:07.029  [VoiceActivity] Initializing for stream: 11f1cb2e-ff24-4f0a-9e82-dab593c0342f with 1 audio tracks
10:20:07.030  [VoiceActivity] Effect triggered: {hasStream: true, streamId: 'bc884001-458b-454b-890a-15ea46c82cad', audioTracks: 1, threshold: -40}
10:20:07.030  [VoiceActivity] Initializing for stream: bc884001-458b-454b-890a-15ea46c82cad with 1 audio tracks
10:20:07.030  [VoiceActivity] Effect triggered: {hasStream: true, streamId: '11f1cb2e-ff24-4f0a-9e82-dab593c0342f', audioTracks: 1, threshold: -40}
10:20:07.030  [VoiceActivity] Initializing for stream: 11f1cb2e-ff24-4f0a-9e82-dab593c0342f with 1 audio tracks
10:20:07.032  [CallModal] Audio loadeddata event for cmeifn5qp002dkunge64m0xss
10:20:07.032  [CallModal] Audio can play for cmeifn5qp002dkunge64m0xss
10:20:07.032  [CallModal] Audio canplay event for cmeifn5qp002dkunge64m0xss
10:20:07.033  [CallModal] Audio is playing for cmeifn5qp002dkunge64m0xss
10:20:07.033  [CallModal] ✅ Audio playing immediately for participant cmeifn5qp002dkunge64m0xss
10:20:07.033  [CallModal] ✅ Audio playing immediately for participant cmeifn5qp002dkunge64m0xss
10:20:07.033  [CallModal] ✅ Audio playing immediately for participant cmeifn5qp002dkunge64m0xss
10:20:07.033  [CallModal] Audio loadeddata event for cmeumah180000kuygq63oa1qx
10:20:07.034  [CallModal] Audio can play for cmeumah180000kuygq63oa1qx
10:20:07.034  [CallModal] Audio canplay event for cmeumah180000kuygq63oa1qx
10:20:07.034  [CallModal] Audio is playing for cmeumah180000kuygq63oa1qx
10:20:07.034  [CallModal] ✅ Audio playing immediately for participant cmeumah180000kuygq63oa1qx
10:20:07.034  [CallModal] ✅ Audio playing immediately for participant cmeumah180000kuygq63oa1qx
10:20:07.034  [CallModal] ✅ Audio playing immediately for participant cmeumah180000kuygq63oa1qx
10:20:07.035  [CallModal] Rendered - voice call opened
10:20:07.035  [CallModal] Rendered - voice call opened
10:20:07.043  [CallModal] Rendered - voice call opened
10:20:07.043  [CallModal] Rendered - voice call opened
10:20:07.044  [VoiceParticipant] Zber Samolde voice activity debug: {participantId: 'cmeumah180000kuygq63oa1qx', hasOriginalStream: true, hasLatestStream: true, streamActive: true, audioTracksCount: 1, …}
10:20:07.044  [VoiceParticipant] Zber Samolde voice activity debug: {participantId: 'cmeumah180000kuygq63oa1qx', hasOriginalStream: true, hasLatestStream: true, streamActive: true, audioTracksCount: 1, …}
10:20:07.045  [VoiceParticipant] Tester2 voice activity debug: {participantId: 'cmeifn5qp002dkunge64m0xss', hasOriginalStream: true, hasLatestStream: true, streamActive: true, audioTracksCount: 1, …}
10:20:07.045  [VoiceParticipant] Tester2 voice activity debug: {participantId: 'cmeifn5qp002dkunge64m0xss', hasOriginalStream: true, hasLatestStream: true, streamActive: true, audioTracksCount: 1, …}
10:20:07.046  [CallModal] 🔊 Setting up audio element for participant cmeifn5qp002dkunge64m0xss
10:20:07.046  [CallModal] Stream details: {id: '11f1cb2e-ff24-4f0a-9e82-dab593c0342f', active: true, audioTracks: Array(1)}
10:20:07.047  [CallModal] Previous audio element for cmeifn5qp002dkunge64m0xss: false
10:20:07.049  [CallModal] Cleared previous srcObject for cmeifn5qp002dkunge64m0xss
10:20:07.050  [CallModal] 🔊 Setting up audio element for participant cmeumah180000kuygq63oa1qx
10:20:07.050  [CallModal] Stream details: {id: 'bc884001-458b-454b-890a-15ea46c82cad', active: true, audioTracks: Array(1)}
10:20:07.050  [CallModal] Previous audio element for cmeumah180000kuygq63oa1qx: false
10:20:07.053  [CallModal] Cleared previous srcObject for cmeumah180000kuygq63oa1qx
10:20:07.174  [VoiceActivity] Effect triggered: {hasStream: true, streamId: 'bc884001-458b-454b-890a-15ea46c82cad', audioTracks: 1, threshold: -40}
10:20:07.175  [VoiceActivity] Initializing for stream: bc884001-458b-454b-890a-15ea46c82cad with 1 audio tracks
10:20:07.176  [VoiceActivity] Effect triggered: {hasStream: true, streamId: '11f1cb2e-ff24-4f0a-9e82-dab593c0342f', audioTracks: 1, threshold: -40}
10:20:07.176  [VoiceActivity] Initializing for stream: 11f1cb2e-ff24-4f0a-9e82-dab593c0342f with 1 audio tracks
10:20:07.177  [VoiceActivity] Effect triggered: {hasStream: true, streamId: 'bc884001-458b-454b-890a-15ea46c82cad', audioTracks: 1, threshold: -40}
10:20:07.178  [VoiceActivity] Initializing for stream: bc884001-458b-454b-890a-15ea46c82cad with 1 audio tracks
10:20:07.178  [VoiceActivity] Effect triggered: {hasStream: true, streamId: '11f1cb2e-ff24-4f0a-9e82-dab593c0342f', audioTracks: 1, threshold: -40}
10:20:07.178  [VoiceActivity] Initializing for stream: 11f1cb2e-ff24-4f0a-9e82-dab593c0342f with 1 audio tracks
10:20:07.179  [CallModal] Audio loadeddata event for cmeifn5qp002dkunge64m0xss
10:20:07.179  [CallModal] Audio can play for cmeifn5qp002dkunge64m0xss
10:20:07.179  [CallModal] Audio canplay event for cmeifn5qp002dkunge64m0xss
10:20:07.180  [CallModal] Audio is playing for cmeifn5qp002dkunge64m0xss
10:20:07.180  [CallModal] ✅ Audio playing immediately for participant cmeifn5qp002dkunge64m0xss
10:20:07.180  [CallModal] ✅ Audio playing immediately for participant cmeifn5qp002dkunge64m0xss
10:20:07.180  [CallModal] ✅ Audio playing immediately for participant cmeifn5qp002dkunge64m0xss
10:20:07.182  [CallModal] Audio loadeddata event for cmeumah180000kuygq63oa1qx
10:20:07.182  [CallModal] Audio can play for cmeumah180000kuygq63oa1qx
10:20:07.182  [CallModal] Audio canplay event for cmeumah180000kuygq63oa1qx
10:20:07.183  [CallModal] Audio is playing for cmeumah180000kuygq63oa1qx
10:20:07.183  [CallModal] ✅ Audio playing immediately for participant cmeumah180000kuygq63oa1qx
10:20:07.183  [CallModal] ✅ Audio playing immediately for participant cmeumah180000kuygq63oa1qx
10:20:07.183  [CallModal] ✅ Audio playing immediately for participant cmeumah180000kuygq63oa1qx
10:20:07.184  [CallModal] Rendered - voice call opened
10:20:07.184  [CallModal] Rendered - voice call opened
10:20:07.185  [VoiceActivity] Volume analysis: {average: '16.1', volume: '-24.0', threshold: -50, speaking: true, streamActive: true, …}
10:20:07.372  [VoiceActivity] Volume analysis: {average: '0.0', volume: '-100.0', threshold: -40, speaking: false, streamActive: true, …}
10:20:07.461  [VoiceParticipant] Tester2 voice activity debug: {participantId: 'cmeifn5qp002dkunge64m0xss', hasOriginalStream: true, hasLatestStream: true, streamActive: true, audioTracksCount: 1, …}
10:20:07.461  [VoiceParticipant] Tester2 voice activity debug: {participantId: 'cmeifn5qp002dkunge64m0xss', hasOriginalStream: true, hasLatestStream: true, streamActive: true, audioTracksCount: 1, …}
10:20:07.480  [VoiceParticipant] Tester2 voice activity debug: {participantId: 'cmeifn5qp002dkunge64m0xss', hasOriginalStream: true, hasLatestStream: true, streamActive: true, audioTracksCount: 1, …}
10:20:07.480  [VoiceParticipant] Tester2 voice activity debug: {participantId: 'cmeifn5qp002dkunge64m0xss', hasOriginalStream: true, hasLatestStream: true, streamActive: true, audioTracksCount: 1, …}
10:20:07.547  [CallModal] Updated peer connections for performance monitoring: 2
10:20:07.547  [CallModal] Peer connection participants: (2) ['cmeifn5qp002dkunge64m0xss', 'cmeumah180000kuygq63oa1qx']
10:20:07.548  [CallModal] Rendered - voice call opened
10:20:07.548  [CallModal] Rendered - voice call opened
10:20:07.549  [VoiceParticipant] Zber Samolde voice activity debug: {participantId: 'cmeumah180000kuygq63oa1qx', hasOriginalStream: true, hasLatestStream: true, streamActive: true, audioTracksCount: 1, …}
10:20:07.550  [VoiceParticipant] Zber Samolde voice activity debug: {participantId: 'cmeumah180000kuygq63oa1qx', hasOriginalStream: true, hasLatestStream: true, streamActive: true, audioTracksCount: 1, …}
10:20:07.550  [VoiceParticipant] Tester2 voice activity debug: {participantId: 'cmeifn5qp002dkunge64m0xss', hasOriginalStream: true, hasLatestStream: true, streamActive: true, audioTracksCount: 1, …}
10:20:07.551  [VoiceParticipant] Tester2 voice activity debug: {participantId: 'cmeifn5qp002dkunge64m0xss', hasOriginalStream: true, hasLatestStream: true, streamActive: true, audioTracksCount: 1, …}
10:20:07.554  [CallModal] 🔊 Setting up audio element for participant cmeifn5qp002dkunge64m0xss
10:20:07.557  [CallModal] Stream details: {id: '11f1cb2e-ff24-4f0a-9e82-dab593c0342f', active: true, audioTracks: Array(1)}
10:20:07.558  [CallModal] Previous audio element for cmeifn5qp002dkunge64m0xss: false
10:20:07.561  [CallModal] Cleared previous srcObject for cmeifn5qp002dkunge64m0xss
10:20:07.564  [CallModal] 🔊 Setting up audio element for participant cmeumah180000kuygq63oa1qx
10:20:07.565  [CallModal] Stream details: {id: 'bc884001-458b-454b-890a-15ea46c82cad', active: true, audioTracks: Array(1)}
10:20:07.565  [CallModal] Previous audio element for cmeumah180000kuygq63oa1qx: false
10:20:07.569  [CallModal] Cleared previous srcObject for cmeumah180000kuygq63oa1qx
10:20:07.618  [VoiceActivity] Effect triggered: {hasStream: true, streamId: 'bc884001-458b-454b-890a-15ea46c82cad', audioTracks: 1, threshold: -40}
10:20:07.619  [VoiceActivity] Initializing for stream: bc884001-458b-454b-890a-15ea46c82cad with 1 audio tracks
10:20:07.620  [VoiceActivity] Effect triggered: {hasStream: true, streamId: '11f1cb2e-ff24-4f0a-9e82-dab593c0342f', audioTracks: 1, threshold: -40}
10:20:07.620  [VoiceActivity] Initializing for stream: 11f1cb2e-ff24-4f0a-9e82-dab593c0342f with 1 audio tracks
10:20:07.621  [useCallPerformance] Connection states: (2) [{…}, {…}]
10:20:07.622  [useCallPerformance] Starting monitoring for 1 valid connections
10:20:07.622  [VoiceActivity] Effect triggered: {hasStream: true, streamId: 'bc884001-458b-454b-890a-15ea46c82cad', audioTracks: 1, threshold: -40}
10:20:07.623  [VoiceActivity] Initializing for stream: bc884001-458b-454b-890a-15ea46c82cad with 1 audio tracks
10:20:07.623  [VoiceActivity] Effect triggered: {hasStream: true, streamId: '11f1cb2e-ff24-4f0a-9e82-dab593c0342f', audioTracks: 1, threshold: -40}
10:20:07.623  [VoiceActivity] Initializing for stream: 11f1cb2e-ff24-4f0a-9e82-dab593c0342f with 1 audio tracks
10:20:07.624  [CallModal] Audio loadeddata event for cmeifn5qp002dkunge64m0xss
10:20:07.624  [CallModal] Audio can play for cmeifn5qp002dkunge64m0xss
10:20:07.624  [CallModal] Audio canplay event for cmeifn5qp002dkunge64m0xss
10:20:07.624  [CallModal] Audio is playing for cmeifn5qp002dkunge64m0xss
10:20:07.624  [CallModal] ✅ Audio playing immediately for participant cmeifn5qp002dkunge64m0xss
10:20:07.625  [CallModal] ✅ Audio playing immediately for participant cmeifn5qp002dkunge64m0xss
10:20:07.625  [CallModal] ✅ Audio playing immediately for participant cmeifn5qp002dkunge64m0xss
10:20:07.625  [CallModal] Audio loadeddata event for cmeumah180000kuygq63oa1qx
10:20:07.625  [CallModal] Audio can play for cmeumah180000kuygq63oa1qx
10:20:07.625  [CallModal] Audio canplay event for cmeumah180000kuygq63oa1qx
10:20:07.625  [CallModal] Audio is playing for cmeumah180000kuygq63oa1qx
10:20:07.625  [CallModal] ✅ Audio playing immediately for participant cmeumah180000kuygq63oa1qx
10:20:07.625  [CallModal] ✅ Audio playing immediately for participant cmeumah180000kuygq63oa1qx
10:20:07.625  [CallModal] ✅ Audio playing immediately for participant cmeumah180000kuygq63oa1qx
10:20:07.625  [useCallPerformance] Network metrics: {audioPacketLoss: 0, videoPacketLoss: 0, videoFrameRate: 0, latency: 1, callType: 'voice'}
10:20:07.625  [useCallPerformance] Skipping stats for cmeumah180000kuygq63oa1qx - connection state: failed
eval @ webpack-internal:///…lPerformance.ts:102
await in eval
eval @ webpack-internal:///…lPerformance.ts:178
eval @ webpack-internal:///…lPerformance.ts:209
commitHookEffectListMount @ webpack-internal:///…evelopment.js:21102
commitHookPassiveMountEffects @ webpack-internal:///…evelopment.js:23154
commitPassiveMountOnFiber @ webpack-internal:///…evelopment.js:23259
recursivelyTraversePassiveMountEffects @ webpack-internal:///…evelopment.js:23237
commitPassiveMountOnFiber @ webpack-internal:///…evelopment.js:23370
recursivelyTraversePassiveMountEffects @ webpack-internal:///…evelopment.js:23237
commitPassiveMountOnFiber @ webpack-internal:///…evelopment.js:23256
recursivelyTraversePassiveMountEffects @ webpack-internal:///…evelopment.js:23237
commitPassiveMountOnFiber @ webpack-internal:///…evelopment.js:23370
recursivelyTraversePassiveMountEffects @ webpack-internal:///…evelopment.js:23237
commitPassiveMountOnFiber @ webpack-internal:///…evelopment.js:23370
recursivelyTraversePassiveMountEffects @ webpack-internal:///…evelopment.js:23237
commitPassiveMountOnFiber @ webpack-internal:///…evelopment.js:23370
recursivelyTraversePassiveMountEffects @ webpack-internal:///…evelopment.js:23237
commitPassiveMountOnFiber @ webpack-internal:///…evelopment.js:23256
recursivelyTraversePassiveMountEffects @ webpack-internal:///…evelopment.js:23237
commitPassiveMountOnFiber @ webpack-internal:///…evelopment.js:23256
recursivelyTraversePassiveMountEffects @ webpack-internal:///…evelopment.js:23237
commitPassiveMountOnFiber @ webpack-internal:///…evelopment.js:23370
recursivelyTraversePassiveMountEffects @ webpack-internal:///…evelopment.js:23237
commitPassiveMountOnFiber @ webpack-internal:///…evelopment.js:23370
recursivelyTraversePassiveMountEffects @ webpack-internal:///…evelopment.js:23237
commitPassiveMountOnFiber @ webpack-internal:///…evelopment.js:23256
recursivelyTraversePassiveMountEffects @ webpack-internal:///…evelopment.js:23237
commitPassiveMountOnFiber @ webpack-internal:///…evelopment.js:23370
recursivelyTraversePassiveMountEffects @ webpack-internal:///…evelopment.js:23237
commitPassiveMountOnFiber @ webpack-internal:///…evelopment.js:23256
recursivelyTraversePassiveMountEffects @ webpack-internal:///…evelopment.js:23237
commitPassiveMountOnFiber @ webpack-internal:///…evelopment.js:23256
recursivelyTraversePassiveMountEffects @ webpack-internal:///…evelopment.js:23237
commitPassiveMountOnFiber @ webpack-internal:///…evelopment.js:23256
recursivelyTraversePassiveMountEffects @ webpack-internal:///…evelopment.js:23237
commitPassiveMountOnFiber @ webpack-internal:///…evelopment.js:23256
recursivelyTraversePassiveMountEffects @ webpack-internal:///…evelopment.js:23237
commitPassiveMountOnFiber @ webpack-internal:///…evelopment.js:23370
recursivelyTraversePassiveMountEffects @ webpack-internal:///…evelopment.js:23237
commitPassiveMountOnFiber @ webpack-internal:///…evelopment.js:23256
recursivelyTraversePassiveMountEffects @ webpack-internal:///…evelopment.js:23237
commitPassiveMountOnFiber @ webpack-internal:///…evelopment.js:23256
recursivelyTraversePassiveMountEffects @ webpack-internal:///…evelopment.js:23237
commitPassiveMountOnFiber @ webpack-internal:///…evelopment.js:23370
recursivelyTraversePassiveMountEffects @ webpack-internal:///…evelopment.js:23237
commitPassiveMountOnFiber @ webpack-internal:///…evelopment.js:23256
recursivelyTraversePassiveMountEffects @ webpack-internal:///…evelopment.js:23237
commitPassiveMountOnFiber @ webpack-internal:///…evelopment.js:23370
recursivelyTraversePassiveMountEffects @ webpack-internal:///…evelopment.js:23237
commitPassiveMountOnFiber @ webpack-internal:///…evelopment.js:23256
recursivelyTraversePassiveMountEffects @ webpack-internal:///…evelopment.js:23237
commitPassiveMountOnFiber @ webpack-internal:///…evelopment.js:23370
recursivelyTraversePassiveMountEffects @ webpack-internal:///…evelopment.js:23237
commitPassiveMountOnFiber @ webpack-internal:///…evelopment.js:23256
recursivelyTraversePassiveMountEffects @ webpack-internal:///…evelopment.js:23237
commitPassiveMountOnFiber @ webpack-internal:///…evelopment.js:23370
recursivelyTraversePassiveMountEffects @ webpack-internal:///…evelopment.js:23237
commitPassiveMountOnFiber @ webpack-internal:///…evelopment.js:23256
recursivelyTraversePassiveMountEffects @ webpack-internal:///…evelopment.js:23237
commitPassiveMountOnFiber @ webpack-internal:///…evelopment.js:23256
recursivelyTraversePassiveMountEffects @ webpack-internal:///…evelopment.js:23237
commitPassiveMountOnFiber @ webpack-internal:///…evelopment.js:23256
recursivelyTraversePassiveMountEffects @ webpack-internal:///…evelopment.js:23237
commitPassiveMountOnFiber @ webpack-internal:///…evelopment.js:23370
recursivelyTraversePassiveMountEffects @ webpack-internal:///…evelopment.js:23237
commitPassiveMountOnFiber @ webpack-internal:///…evelopment.js:23256
recursivelyTraversePassiveMountEffects @ webpack-internal:///…evelopment.js:23237
commitPassiveMountOnFiber @ webpack-internal:///…evelopment.js:23256
recursivelyTraversePassiveMountEffects @ webpack-internal:///…evelopment.js:23237
commitPassiveMountOnFiber @ webpack-internal:///…evelopment.js:23370
recursivelyTraversePassiveMountEffects @ webpack-internal:///…evelopment.js:23237
commitPassiveMountOnFiber @ webpack-internal:///…evelopment.js:23256
recursivelyTraversePassiveMountEffects @ webpack-internal:///…evelopment.js:23237
commitPassiveMountOnFiber @ webpack-internal:///…evelopment.js:23370
recursivelyTraversePassiveMountEffects @ webpack-internal:///…evelopment.js:23237
commitPassiveMountOnFiber @ webpack-internal:///…evelopment.js:23370
recursivelyTraversePassiveMountEffects @ webpack-internal:///…evelopment.js:23237
commitPassiveMountOnFiber @ webpack-internal:///…evelopment.js:23256
recursivelyTraversePassiveMountEffects @ webpack-internal:///…evelopment.js:23237
commitPassiveMountOnFiber @ webpack-internal:///…evelopment.js:23370
recursivelyTraversePassiveMountEffects @ webpack-internal:///…evelopment.js:23237
commitPassiveMountOnFiber @ webpack-internal:///…evelopment.js:23256
recursivelyTraversePassiveMountEffects @ webpack-internal:///…evelopment.js:23237
commitPassiveMountOnFiber @ webpack-internal:///…evelopment.js:23370
recursivelyTraversePassiveMountEffects @ webpack-internal:///…evelopment.js:23237
commitPassiveMountOnFiber @ webpack-internal:///…evelopment.js:23256
recursivelyTraversePassiveMountEffects @ webpack-internal:///…evelopment.js:23237
commitPassiveMountOnFiber @ webpack-internal:///…evelopment.js:23370
recursivelyTraversePassiveMountEffects @ webpack-internal:///…evelopment.js:23237
commitPassiveMountOnFiber @ webpack-internal:///…evelopment.js:23256
recursivelyTraversePassiveMountEffects @ webpack-internal:///…evelopment.js:23237
commitPassiveMountOnFiber @ webpack-internal:///…evelopment.js:23370
recursivelyTraversePassiveMountEffects @ webpack-internal:///…evelopment.js:23237
commitPassiveMountOnFiber @ webpack-internal:///…evelopment.js:23256
recursivelyTraversePassiveMountEffects @ webpack-internal:///…evelopment.js:23237
commitPassiveMountOnFiber @ webpack-internal:///…evelopment.js:23256
recursivelyTraversePassiveMountEffects @ webpack-internal:///…evelopment.js:23237
commitPassiveMountOnFiber @ webpack-internal:///…evelopment.js:23370
recursivelyTraversePassiveMountEffects @ webpack-internal:///…evelopment.js:23237
commitPassiveMountOnFiber @ webpack-internal:///…evelopment.js:23370
recursivelyTraversePassiveMountEffects @ webpack-internal:///…evelopment.js:23237
commitPassiveMountOnFiber @ webpack-internal:///…evelopment.js:23370
recursivelyTraversePassiveMountEffects @ webpack-internal:///…evelopment.js:23237
commitPassiveMountOnFiber @ webpack-internal:///…evelopment.js:23370
recursivelyTraversePassiveMountEffects @ webpack-internal:///…evelopment.js:23237
commitPassiveMountOnFiber @ webpack-internal:///…evelopment.js:23370
recursivelyTraversePassiveMountEffects @ webpack-internal:///…evelopment.js:23237
commitPassiveMountOnFiber @ webpack-internal:///…evelopment.js:23256
recursivelyTraversePassiveMountEffects @ webpack-internal:///…evelopment.js:23237
commitPassiveMountOnFiber @ webpack-internal:///…evelopment.js:23370
recursivelyTraversePassiveMountEffects @ webpack-internal:///…evelopment.js:23237
commitPassiveMountOnFiber @ webpack-internal:///…evelopment.js:23370
recursivelyTraversePassiveMountEffects @ webpack-internal:///…evelopment.js:23237
commitPassiveMountOnFiber @ webpack-internal:///…evelopment.js:23256
recursivelyTraversePassiveMountEffects @ webpack-internal:///…evelopment.js:23237
commitPassiveMountOnFiber @ webpack-internal:///…evelopment.js:23256
recursivelyTraversePassiveMountEffects @ webpack-internal:///…evelopment.js:23237
commitPassiveMountOnFiber @ webpack-internal:///…evelopment.js:23370
recursivelyTraversePassiveMountEffects @ webpack-internal:///…evelopment.js:23237
commitPassiveMountOnFiber @ webpack-internal:///…evelopment.js:23256
recursivelyTraversePassiveMountEffects @ webpack-internal:///…evelopment.js:23237
commitPassiveMountOnFiber @ webpack-internal:///…evelopment.js:23370
recursivelyTraversePassiveMountEffects @ webpack-internal:///…evelopment.js:23237
commitPassiveMountOnFiber @ webpack-internal:///…evelopment.js:23370
recursivelyTraversePassiveMountEffects @ webpack-internal:///…evelopment.js:23237
commitPassiveMountOnFiber @ webpack-internal:///…evelopment.js:23370
recursivelyTraversePassiveMountEffects @ webpack-internal:///…evelopment.js:23237
commitPassiveMountOnFiber @ webpack-internal:///…evelopment.js:23370
recursivelyTraversePassiveMountEffects @ webpack-internal:///…evelopment.js:23237
commitPassiveMountOnFiber @ webpack-internal:///…evelopment.js:23370
recursivelyTraversePassiveMountEffects @ webpack-internal:///…evelopment.js:23237
commitPassiveMountOnFiber @ webpack-internal:///…evelopment.js:23370
recursivelyTraversePassiveMountEffects @ webpack-internal:///…evelopment.js:23237
commitPassiveMountOnFiber @ webpack-internal:///…evelopment.js:23256
recursivelyTraversePassiveMountEffects @ webpack-internal:///…evelopment.js:23237
commitPassiveMountOnFiber @ webpack-internal:///…evelopment.js:23370
recursivelyTraversePassiveMountEffects @ webpack-internal:///…evelopment.js:23237
commitPassiveMountOnFiber @ webpack-internal:///…evelopment.js:23256
recursivelyTraversePassiveMountEffects @ webpack-internal:///…evelopment.js:23237
commitPassiveMountOnFiber @ webpack-internal:///…evelopment.js:23256
recursivelyTraversePassiveMountEffects @ webpack-internal:///…evelopment.js:23237
commitPassiveMountOnFiber @ webpack-internal:///…evelopment.js:23256
recursivelyTraversePassiveMountEffects @ webpack-internal:///…evelopment.js:23237
commitPassiveMountOnFiber @ webpack-internal:///…evelopment.js:23256
recursivelyTraversePassiveMountEffects @ webpack-internal:///…evelopment.js:23237
commitPassiveMountOnFiber @ webpack-internal:///…evelopment.js:23370
recursivelyTraversePassiveMountEffects @ webpack-internal:///…evelopment.js:23237
commitPassiveMountOnFiber @ webpack-internal:///…evelopment.js:23370
recursivelyTraversePassiveMountEffects @ webpack-internal:///…evelopment.js:23237
commitPassiveMountOnFiber @ webpack-internal:///…evelopment.js:23370
recursivelyTraversePassiveMountEffects @ webpack-internal:///…evelopment.js:23237
commitPassiveMountOnFiber @ webpack-internal:///…evelopment.js:23267
commitPassiveMountEffects @ webpack-internal:///…evelopment.js:23225
flushPassiveEffectsImpl @ webpack-internal:///…evelopment.js:26497
flushPassiveEffects @ webpack-internal:///…evelopment.js:26438
eval @ webpack-internal:///…evelopment.js:26172
workLoop @ webpack-internal:///….development.js:256
flushWork @ webpack-internal:///….development.js:225
performWorkUntilDeadline @ webpack-internal:///….development.js:534
10:20:07.626  [CallModal] Rendered - voice call opened
10:20:07.626  [CallModal] Rendered - voice call opened
10:20:07.627  [VoiceParticipant] Zber Samolde voice activity debug: {participantId: 'cmeumah180000kuygq63oa1qx', hasOriginalStream: true, hasLatestStream: true, streamActive: true, audioTracksCount: 1, …}
10:20:07.627  [VoiceParticipant] Zber Samolde voice activity debug: {participantId: 'cmeumah180000kuygq63oa1qx', hasOriginalStream: true, hasLatestStream: true, streamActive: true, audioTracksCount: 1, …}
10:20:07.627  [VoiceParticipant] Tester2 voice activity debug: {participantId: 'cmeifn5qp002dkunge64m0xss', hasOriginalStream: true, hasLatestStream: true, streamActive: true, audioTracksCount: 1, …}
10:20:07.627  [VoiceParticipant] Tester2 voice activity debug: {participantId: 'cmeifn5qp002dkunge64m0xss', hasOriginalStream: true, hasLatestStream: true, streamActive: true, audioTracksCount: 1, …}
10:20:07.629  [CallModal] 🔊 Setting up audio element for participant cmeifn5qp002dkunge64m0xss
10:20:07.629  [CallModal] Stream details: {id: '11f1cb2e-ff24-4f0a-9e82-dab593c0342f', active: true, audioTracks: Array(1)}
10:20:07.630  [CallModal] Previous audio element for cmeifn5qp002dkunge64m0xss: false
10:20:07.633  [CallModal] Cleared previous srcObject for cmeifn5qp002dkunge64m0xss
10:20:07.635  [CallModal] 🔊 Setting up audio element for participant cmeumah180000kuygq63oa1qx
10:20:07.635  [CallModal] Stream details: {id: 'bc884001-458b-454b-890a-15ea46c82cad', active: true, audioTracks: Array(1)}
10:20:07.636  [CallModal] Previous audio element for cmeumah180000kuygq63oa1qx: false
10:20:07.637  [CallModal] Cleared previous srcObject for cmeumah180000kuygq63oa1qx
10:20:07.901  [VoiceActivity] Effect triggered: {hasStream: true, streamId: 'bc884001-458b-454b-890a-15ea46c82cad', audioTracks: 1, threshold: -40}
10:20:07.901  [VoiceActivity] Initializing for stream: bc884001-458b-454b-890a-15ea46c82cad with 1 audio tracks
10:20:07.902  [VoiceActivity] Effect triggered: {hasStream: true, streamId: '11f1cb2e-ff24-4f0a-9e82-dab593c0342f', audioTracks: 1, threshold: -40}
10:20:07.903  [VoiceActivity] Initializing for stream: 11f1cb2e-ff24-4f0a-9e82-dab593c0342f with 1 audio tracks
10:20:07.903  [VoiceActivity] Effect triggered: {hasStream: true, streamId: 'bc884001-458b-454b-890a-15ea46c82cad', audioTracks: 1, threshold: -40}
10:20:07.903  [VoiceActivity] Initializing for stream: bc884001-458b-454b-890a-15ea46c82cad with 1 audio tracks
10:20:07.904  [VoiceActivity] Effect triggered: {hasStream: true, streamId: '11f1cb2e-ff24-4f0a-9e82-dab593c0342f', audioTracks: 1, threshold: -40}
10:20:07.904  [VoiceActivity] Initializing for stream: 11f1cb2e-ff24-4f0a-9e82-dab593c0342f with 1 audio tracks
10:20:07.905  [CallModal] Audio loadeddata event for cmeifn5qp002dkunge64m0xss
10:20:07.905  [CallModal] Audio can play for cmeifn5qp002dkunge64m0xss
10:20:07.905  [CallModal] Audio canplay event for cmeifn5qp002dkunge64m0xss
10:20:07.905  [CallModal] Audio is playing for cmeifn5qp002dkunge64m0xss
10:20:07.905  [CallModal] ✅ Audio playing immediately for participant cmeifn5qp002dkunge64m0xss
10:20:07.905  [CallModal] ✅ Audio playing immediately for participant cmeifn5qp002dkunge64m0xss
10:20:07.905  [CallModal] ✅ Audio playing immediately for participant cmeifn5qp002dkunge64m0xss
10:20:07.905  [WebRTC] Creating new offer for reconnection attempt 2
10:20:07.905  [WebRTC] 📞 Creating offer for participant: cmeumah180000kuygq63oa1qx
10:20:07.906  [WebRTC] Creating peer connection for: cmeumah180000kuygq63oa1qx
10:20:07.906  [WebRTC] ⚠️ Peer connection already exists for: cmeumah180000kuygq63oa1qx {connectionState: 'failed', iceConnectionState: 'connected', signalingState: 'have-local-offer'}
10:20:07.906  [WebRTC] ✅ Reusing healthy existing connection for: cmeumah180000kuygq63oa1qx
10:20:07.906  [WebRTC] Local stream verification - tracks: 1
10:20:07.906  [WebRTC] 🔍 Peer connection senders before offer: 2
10:20:07.906  [WebRTC]   Sender 0: {hasTrack: true, trackKind: 'audio', trackEnabled: true, trackReadyState: 'live'}
10:20:07.906  [WebRTC]   Sender 1: {hasTrack: false, trackKind: undefined, trackEnabled: undefined, trackReadyState: undefined}
10:20:07.906  [WebRTC] Creating offer with low-latency options...
10:20:07.912  [CallModal] Audio loadeddata event for cmeumah180000kuygq63oa1qx
10:20:07.912  [CallModal] Audio can play for cmeumah180000kuygq63oa1qx
10:20:07.912  [CallModal] Audio canplay event for cmeumah180000kuygq63oa1qx
10:20:07.912  [CallModal] Audio is playing for cmeumah180000kuygq63oa1qx
10:20:07.912  [CallModal] ✅ Audio playing immediately for participant cmeumah180000kuygq63oa1qx
10:20:07.912  [CallModal] ✅ Audio playing immediately for participant cmeumah180000kuygq63oa1qx
10:20:07.913  [CallModal] ✅ Audio playing immediately for participant cmeumah180000kuygq63oa1qx
10:20:07.914  [CallModal] Rendered - voice call opened
10:20:07.915  [CallModal] Rendered - voice call opened
10:20:07.916  [VoiceParticipant] Zber Samolde voice activity debug: {participantId: 'cmeumah180000kuygq63oa1qx', hasOriginalStream: true, hasLatestStream: true, streamActive: true, audioTracksCount: 1, …}
10:20:07.916  [VoiceParticipant] Zber Samolde voice activity debug: {participantId: 'cmeumah180000kuygq63oa1qx', hasOriginalStream: true, hasLatestStream: true, streamActive: true, audioTracksCount: 1, …}
10:20:07.916  [VoiceParticipant] Tester2 voice activity debug: {participantId: 'cmeifn5qp002dkunge64m0xss', hasOriginalStream: true, hasLatestStream: true, streamActive: true, audioTracksCount: 1, …}
10:20:07.916  [VoiceParticipant] Tester2 voice activity debug: {participantId: 'cmeifn5qp002dkunge64m0xss', hasOriginalStream: true, hasLatestStream: true, streamActive: true, audioTracksCount: 1, …}
10:20:07.918  [CallModal] 🔊 Setting up audio element for participant cmeifn5qp002dkunge64m0xss
10:20:07.919  [CallModal] Stream details: {id: '11f1cb2e-ff24-4f0a-9e82-dab593c0342f', active: true, audioTracks: Array(1)}
10:20:07.919  [CallModal] Previous audio element for cmeifn5qp002dkunge64m0xss: false
10:20:07.921  [CallModal] Cleared previous srcObject for cmeifn5qp002dkunge64m0xss
10:20:07.922  [CallModal] 🔊 Setting up audio element for participant cmeumah180000kuygq63oa1qx
10:20:07.923  [CallModal] Stream details: {id: 'bc884001-458b-454b-890a-15ea46c82cad', active: true, audioTracks: Array(1)}
10:20:07.923  [CallModal] Previous audio element for cmeumah180000kuygq63oa1qx: false
10:20:07.925  [CallModal] Cleared previous srcObject for cmeumah180000kuygq63oa1qx
10:20:07.927  [WebRTC] 🚀 Optimizing SDP for ultra-low latency...
10:20:07.927  [WebRTC] ✅ SDP optimized for ultra-low latency
10:20:07.927  [WebRTC] Offer created and SDP optimized, analyzing...
10:20:07.927  [WebRTC] 🔍 Offer SDP analysis: {hasAudio: true, hasVideo: true}
10:20:07.927  [WebRTC] Setting local description...
10:20:08.054  [VoiceActivity] Effect triggered: {hasStream: true, streamId: 'bc884001-458b-454b-890a-15ea46c82cad', audioTracks: 1, threshold: -40}
10:20:08.054  [VoiceActivity] Initializing for stream: bc884001-458b-454b-890a-15ea46c82cad with 1 audio tracks
10:20:08.055  [VoiceActivity] Effect triggered: {hasStream: true, streamId: '11f1cb2e-ff24-4f0a-9e82-dab593c0342f', audioTracks: 1, threshold: -40}
10:20:08.056  [VoiceActivity] Initializing for stream: 11f1cb2e-ff24-4f0a-9e82-dab593c0342f with 1 audio tracks
10:20:08.057  [VoiceActivity] Effect triggered: {hasStream: true, streamId: 'bc884001-458b-454b-890a-15ea46c82cad', audioTracks: 1, threshold: -40}
10:20:08.058  [VoiceActivity] Initializing for stream: bc884001-458b-454b-890a-15ea46c82cad with 1 audio tracks
10:20:08.058  [VoiceActivity] Effect triggered: {hasStream: true, streamId: '11f1cb2e-ff24-4f0a-9e82-dab593c0342f', audioTracks: 1, threshold: -40}
10:20:08.058  [VoiceActivity] Initializing for stream: 11f1cb2e-ff24-4f0a-9e82-dab593c0342f with 1 audio tracks
10:20:08.060  [WebRTC] 📡 Sending offer to participant: cmeumah180000kuygq63oa1qx
10:20:08.061  [WebRTC] ✅ Offer successfully sent to: cmeumah180000kuygq63oa1qx
10:20:08.062  [CallModal] Audio loadeddata event for cmeifn5qp002dkunge64m0xss
10:20:08.062  [CallModal] Audio can play for cmeifn5qp002dkunge64m0xss
10:20:08.062  [CallModal] Audio canplay event for cmeifn5qp002dkunge64m0xss
10:20:08.062  [CallModal] Audio is playing for cmeifn5qp002dkunge64m0xss
10:20:08.063  [CallModal] ✅ Audio playing immediately for participant cmeifn5qp002dkunge64m0xss
10:20:08.063  [CallModal] ✅ Audio playing immediately for participant cmeifn5qp002dkunge64m0xss
10:20:08.063  [CallModal] ✅ Audio playing immediately for participant cmeifn5qp002dkunge64m0xss
10:20:08.063  [CallModal] Audio loadeddata event for cmeumah180000kuygq63oa1qx
10:20:08.063  [CallModal] Audio can play for cmeumah180000kuygq63oa1qx
10:20:08.063  [CallModal] Audio canplay event for cmeumah180000kuygq63oa1qx
10:20:08.063  [CallModal] Audio is playing for cmeumah180000kuygq63oa1qx
10:20:08.063  [CallModal] ✅ Audio playing immediately for participant cmeumah180000kuygq63oa1qx
10:20:08.063  [CallModal] ✅ Audio playing immediately for participant cmeumah180000kuygq63oa1qx
10:20:08.063  [CallModal] ✅ Audio playing immediately for participant cmeumah180000kuygq63oa1qx
10:20:08.065  [CallModal] Rendered - voice call opened
10:20:08.066  [CallModal] Rendered - voice call opened
10:20:08.211  [WebRTC] Received answer: {callId: 'call-1757384369155-78u7pu5k6', fromUserId: 'cmeumah180000kuygq63oa1qx', ourCallId: 'call-1757384369155-78u7pu5k6'}
10:20:08.211  [WebRTC] Processing answer from: cmeumah180000kuygq63oa1qx
10:20:08.211  [WebRTC] Current signaling state: have-local-offer
10:20:08.211  [WebRTC] Setting remote description from answer
10:20:08.217  [WebRTC] 🎵 RECEIVED REMOTE TRACK: audio from: cmeumah180000kuygq63oa1qx
10:20:08.218  [WebRTC] Track state: {id: '036da6c5-ecd8-426f-bf07-e7b3c3a0af1f', label: '036da6c5-ecd8-426f-bf07-e7b3c3a0af1f', enabled: true, readyState: 'live', muted: true}
10:20:08.218  [WebRTC] 🔧 UNMUTING muted remote audio track from: cmeumah180000kuygq63oa1qx
10:20:08.218  [WebRTC] 🎵 Remote audio track configured for first call: {enabled: true, muted: true, readyState: 'live', participantId: 'cmeumah180000kuygq63oa1qx'}
10:20:08.218  [WebRTC] ✅ Using stream from event: 5996fd78-9403-4dcf-9a7d-d28299d2034c
10:20:08.218  [WebRTC] 📊 Stream verification for cmeumah180000kuygq63oa1qx:
10:20:08.218  [WebRTC]   Audio tracks: 1 [{…}]
10:20:08.218  [WebRTC]   Video tracks: 0 []
10:20:08.218  [WebRTC]   Stream active: true
10:20:08.218  [WebRTC] 📡 Scheduling notification about remote stream for: cmeumah180000kuygq63oa1qx
10:20:08.218  [WebRTC] 🔍 Checking call readiness after receiving remote track
10:20:08.218  [WebRTC] 🔍 DETAILED Call readiness check:
10:20:08.218  [WebRTC]   Total peers: 2
10:20:08.218  [WebRTC]   Connected peers: 1
10:20:08.218  [WebRTC]   Peers with streams: 2
10:20:08.218  [WebRTC]   Peer details: (2) [{…}, {…}]
10:20:08.219  [WebRTC] ✅ Call is ready! Signaling server...
10:20:08.219  [WebRTC] 📡 EMITTING webrtc_call_ready - peers: 1 streams: 2
10:20:08.219  [WebRTC] Remote description set, applying any buffered ICE candidates
10:20:08.220  [WebRTC] Remote description set successfully for: cmeumah180000kuygq63oa1qx
10:20:08.220  [WebRTC] Connection state: failed
10:20:08.220  [WebRTC] 🔄 Connection state changed to: connecting for cmeumah180000kuygq63oa1qx
10:20:08.220  [WebRTC] 🔍 DEBUG - Full connection diagnostic: {participantId: 'cmeumah180000kuygq63oa1qx', connectionState: 'connecting', iceConnectionState: 'connected', iceGatheringState: 'complete', signalingState: 'stable', …}
10:20:08.260  [WebRTC] Received answer: {callId: 'call-1757384369155-78u7pu5k6', fromUserId: 'cmeumah180000kuygq63oa1qx', ourCallId: 'call-1757384369155-78u7pu5k6'}
10:20:08.260  [WebRTC] Processing answer from: cmeumah180000kuygq63oa1qx
10:20:08.260  [WebRTC] Current signaling state: stable
10:20:08.260  [WebRTC] Invalid signaling state for answer: stable Expected: have-local-offer
handleRemoteAnswer @ webpack-internal:///…/lib/webrtc.ts:1071
Emitter.emit @ webpack-internal:///…ib/esm/index.js:140
emitEvent @ webpack-internal:///…d/esm/socket.js:545
onevent @ webpack-internal:///…d/esm/socket.js:532
onpacket @ webpack-internal:///…d/esm/socket.js:502
Emitter.emit @ webpack-internal:///…ib/esm/index.js:140
eval @ webpack-internal:///…/esm/manager.js:219
Promise.then
eval @ webpack-internal:///…d/esm/globals.js:11
ondecoded @ webpack-internal:///…/esm/manager.js:218
Emitter.emit @ webpack-internal:///…ib/esm/index.js:140
add @ webpack-internal:///…ld/esm/index.js:156
ondata @ webpack-internal:///…/esm/manager.js:205
Emitter.emit @ webpack-internal:///…ib/esm/index.js:140
_onPacket @ webpack-internal:///…d/esm/socket.js:272
Emitter.emit @ webpack-internal:///…ib/esm/index.js:140
onPacket @ webpack-internal:///…sm/transport.js:108
callback @ webpack-internal:///…ports/polling.js:86
onData @ webpack-internal:///…ports/polling.js:89
Emitter.emit @ webpack-internal:///…ib/esm/index.js:140
_onLoad @ webpack-internal:///…/polling-xhr.js:204
xhr.onreadystatechange @ webpack-internal:///…/polling-xhr.js:140
XMLHttpRequest.send
_create @ webpack-internal:///…/polling-xhr.js:150
Request @ webpack-internal:///…s/polling-xhr.js:86
request @ webpack-internal:///…/polling-xhr.js:264
doPoll @ webpack-internal:///…s/polling-xhr.js:63
_poll @ webpack-internal:///…ports/polling.js:66
onData @ webpack-internal:///…ports/polling.js:96
Emitter.emit @ webpack-internal:///…ib/esm/index.js:140
_onLoad @ webpack-internal:///…/polling-xhr.js:204
xhr.onreadystatechange @ webpack-internal:///…/polling-xhr.js:140
XMLHttpRequest.send
_create @ webpack-internal:///…/polling-xhr.js:150
Request @ webpack-internal:///…s/polling-xhr.js:86
request @ webpack-internal:///…/polling-xhr.js:264
doPoll @ webpack-internal:///…s/polling-xhr.js:63
_poll @ webpack-internal:///…ports/polling.js:66
onData @ webpack-internal:///…ports/polling.js:96
Emitter.emit @ webpack-internal:///…ib/esm/index.js:140
_onLoad @ webpack-internal:///…/polling-xhr.js:204
xhr.onreadystatechange @ webpack-internal:///…/polling-xhr.js:140
XMLHttpRequest.send
_create @ webpack-internal:///…/polling-xhr.js:150
Request @ webpack-internal:///…s/polling-xhr.js:86
request @ webpack-internal:///…/polling-xhr.js:264
doPoll @ webpack-internal:///…s/polling-xhr.js:63
_poll @ webpack-internal:///…ports/polling.js:66
onData @ webpack-internal:///…ports/polling.js:96
Emitter.emit @ webpack-internal:///…ib/esm/index.js:140
_onLoad @ webpack-internal:///…/polling-xhr.js:204
xhr.onreadystatechange @ webpack-internal:///…/polling-xhr.js:140
XMLHttpRequest.send
_create @ webpack-internal:///…/polling-xhr.js:150
Request @ webpack-internal:///…s/polling-xhr.js:86
request @ webpack-internal:///…/polling-xhr.js:264
doPoll @ webpack-internal:///…s/polling-xhr.js:63
_poll @ webpack-internal:///…ports/polling.js:66
onData @ webpack-internal:///…ports/polling.js:96
Emitter.emit @ webpack-internal:///…ib/esm/index.js:140
_onLoad @ webpack-internal:///…/polling-xhr.js:204
xhr.onreadystatechange @ webpack-internal:///…/polling-xhr.js:140
XMLHttpRequest.send
_create @ webpack-internal:///…/polling-xhr.js:150
Request @ webpack-internal:///…s/polling-xhr.js:86
request @ webpack-internal:///…/polling-xhr.js:264
doPoll @ webpack-internal:///…s/polling-xhr.js:63
_poll @ webpack-internal:///…ports/polling.js:66
onData @ webpack-internal:///…ports/polling.js:96
Emitter.emit @ webpack-internal:///…ib/esm/index.js:140
_onLoad @ webpack-internal:///…/polling-xhr.js:204
xhr.onreadystatechange @ webpack-internal:///…/polling-xhr.js:140
XMLHttpRequest.send
_create @ webpack-internal:///…/polling-xhr.js:150
Request @ webpack-internal:///…s/polling-xhr.js:86
request @ webpack-internal:///…/polling-xhr.js:264
doPoll @ webpack-internal:///…s/polling-xhr.js:63
_poll @ webpack-internal:///…ports/polling.js:66
onData @ webpack-internal:///…ports/polling.js:96
Emitter.emit @ webpack-internal:///…ib/esm/index.js:140
_onLoad @ webpack-internal:///…/polling-xhr.js:204
xhr.onreadystatechange @ webpack-internal:///…/polling-xhr.js:140
XMLHttpRequest.send
_create @ webpack-internal:///…/polling-xhr.js:150
Request @ webpack-internal:///…s/polling-xhr.js:86
request @ webpack-internal:///…/polling-xhr.js:264
doPoll @ webpack-internal:///…s/polling-xhr.js:63
_poll @ webpack-internal:///…ports/polling.js:66
onData @ webpack-internal:///…ports/polling.js:96
Emitter.emit @ webpack-internal:///…ib/esm/index.js:140
_onLoad @ webpack-internal:///…/polling-xhr.js:204
xhr.onreadystatechange @ webpack-internal:///…/polling-xhr.js:140
XMLHttpRequest.send
_create @ webpack-internal:///…/polling-xhr.js:150
Request @ webpack-internal:///…s/polling-xhr.js:86
request @ webpack-internal:///…/polling-xhr.js:264
doPoll @ webpack-internal:///…s/polling-xhr.js:63
_poll @ webpack-internal:///…ports/polling.js:66
onData @ webpack-internal:///…ports/polling.js:96
Emitter.emit @ webpack-internal:///…ib/esm/index.js:140
_onLoad @ webpack-internal:///…/polling-xhr.js:204
xhr.onreadystatechange @ webpack-internal:///…/polling-xhr.js:140
XMLHttpRequest.send
_create @ webpack-internal:///…/polling-xhr.js:150
Request @ webpack-internal:///…s/polling-xhr.js:86
request @ webpack-internal:///…/polling-xhr.js:264
doPoll @ webpack-internal:///…s/polling-xhr.js:63
_poll @ webpack-internal:///…ports/polling.js:66
onData @ webpack-internal:///…ports/polling.js:96
Emitter.emit @ webpack-internal:///…ib/esm/index.js:140
_onLoad @ webpack-internal:///…/polling-xhr.js:204
xhr.onreadystatechange @ webpack-internal:///…/polling-xhr.js:140
XMLHttpRequest.send
_create @ webpack-internal:///…/polling-xhr.js:150
Request @ webpack-internal:///…s/polling-xhr.js:86
request @ webpack-internal:///…/polling-xhr.js:264
doPoll @ webpack-internal:///…s/polling-xhr.js:63
_poll @ webpack-internal:///…ports/polling.js:66
onData @ webpack-internal:///…ports/polling.js:96
Emitter.emit @ webpack-internal:///…ib/esm/index.js:140
_onLoad @ webpack-internal:///…/polling-xhr.js:204
xhr.onreadystatechange @ webpack-internal:///…/polling-xhr.js:140
XMLHttpRequest.send
_create @ webpack-internal:///…/polling-xhr.js:150
Request @ webpack-internal:///…s/polling-xhr.js:86
request @ webpack-internal:///…/polling-xhr.js:264
doPoll @ webpack-internal:///…s/polling-xhr.js:63
_poll @ webpack-internal:///…ports/polling.js:66
onData @ webpack-internal:///…ports/polling.js:96
Emitter.emit @ webpack-internal:///…ib/esm/index.js:140
_onLoad @ webpack-internal:///…/polling-xhr.js:204
xhr.onreadystatechange @ webpack-internal:///…/polling-xhr.js:140
XMLHttpRequest.send
_create @ webpack-internal:///…/polling-xhr.js:150
Request @ webpack-internal:///…s/polling-xhr.js:86
request @ webpack-internal:///…/polling-xhr.js:264
doPoll @ webpack-internal:///…s/polling-xhr.js:63
_poll @ webpack-internal:///…ports/polling.js:66
onData @ webpack-internal:///…ports/polling.js:96
Emitter.emit @ webpack-internal:///…ib/esm/index.js:140
_onLoad @ webpack-internal:///…/polling-xhr.js:204
xhr.onreadystatechange @ webpack-internal:///…/polling-xhr.js:140
XMLHttpRequest.send
_create @ webpack-internal:///…/polling-xhr.js:150
Request @ webpack-internal:///…s/polling-xhr.js:86
request @ webpack-internal:///…/polling-xhr.js:264
doPoll @ webpack-internal:///…s/polling-xhr.js:63
_poll @ webpack-internal:///…ports/polling.js:66
onData @ webpack-internal:///…ports/polling.js:96
Emitter.emit @ webpack-internal:///…ib/esm/index.js:140
_onLoad @ webpack-internal:///…/polling-xhr.js:204
xhr.onreadystatechange @ webpack-internal:///…/polling-xhr.js:140
XMLHttpRequest.send
_create @ webpack-internal:///…/polling-xhr.js:150
Request @ webpack-internal:///…s/polling-xhr.js:86
request @ webpack-internal:///…/polling-xhr.js:264
doPoll @ webpack-internal:///…s/polling-xhr.js:63
_poll @ webpack-internal:///…ports/polling.js:66
onData @ webpack-internal:///…ports/polling.js:96
Emitter.emit @ webpack-internal:///…ib/esm/index.js:140
_onLoad @ webpack-internal:///…/polling-xhr.js:204
xhr.onreadystatechange @ webpack-internal:///…/polling-xhr.js:140
XMLHttpRequest.send
_create @ webpack-internal:///…/polling-xhr.js:150
Request @ webpack-internal:///…s/polling-xhr.js:86
request @ webpack-internal:///…/polling-xhr.js:264
doPoll @ webpack-internal:///…s/polling-xhr.js:63
_poll @ webpack-internal:///…ports/polling.js:66
onData @ webpack-internal:///…ports/polling.js:96
Emitter.emit @ webpack-internal:///…ib/esm/index.js:140
_onLoad @ webpack-internal:///…/polling-xhr.js:204
xhr.onreadystatechange @ webpack-internal:///…/polling-xhr.js:140
XMLHttpRequest.send
_create @ webpack-internal:///…/polling-xhr.js:150
Request @ webpack-internal:///…s/polling-xhr.js:86
request @ webpack-internal:///…/polling-xhr.js:264
doPoll @ webpack-internal:///…s/polling-xhr.js:63
_poll @ webpack-internal:///…ports/polling.js:66
onData @ webpack-internal:///…ports/polling.js:96
Emitter.emit @ webpack-internal:///…ib/esm/index.js:140
_onLoad @ webpack-internal:///…/polling-xhr.js:204
xhr.onreadystatechange @ webpack-internal:///…/polling-xhr.js:140
XMLHttpRequest.send
_create @ webpack-internal:///…/polling-xhr.js:150
Request @ webpack-internal:///…s/polling-xhr.js:86
request @ webpack-internal:///…/polling-xhr.js:264
doPoll @ webpack-internal:///…s/polling-xhr.js:63
_poll @ webpack-internal:///…ports/polling.js:66
onData @ webpack-internal:///…ports/polling.js:96
Emitter.emit @ webpack-internal:///…ib/esm/index.js:140
_onLoad @ webpack-internal:///…/polling-xhr.js:204
xhr.onreadystatechange @ webpack-internal:///…/polling-xhr.js:140
XMLHttpRequest.send
_create @ webpack-internal:///…/polling-xhr.js:150
Request @ webpack-internal:///…s/polling-xhr.js:86
request @ webpack-internal:///…/polling-xhr.js:264
doPoll @ webpack-internal:///…s/polling-xhr.js:63
_poll @ webpack-internal:///…ports/polling.js:66
onData @ webpack-internal:///…ports/polling.js:96
Emitter.emit @ webpack-internal:///…ib/esm/index.js:140
_onLoad @ webpack-internal:///…/polling-xhr.js:204
xhr.onreadystatechange @ webpack-internal:///…/polling-xhr.js:140
XMLHttpRequest.send
_create @ webpack-internal:///…/polling-xhr.js:150
Request @ webpack-internal:///…s/polling-xhr.js:86
request @ webpack-internal:///…/polling-xhr.js:264
doPoll @ webpack-internal:///…s/polling-xhr.js:63
_poll @ webpack-internal:///…ports/polling.js:66
onData @ webpack-internal:///…ports/polling.js:96
Emitter.emit @ webpack-internal:///…ib/esm/index.js:140
_onLoad @ webpack-internal:///…/polling-xhr.js:204
xhr.onreadystatechange @ webpack-internal:///…/polling-xhr.js:140
XMLHttpRequest.send
_create @ webpack-internal:///…/polling-xhr.js:150
Request @ webpack-internal:///…s/polling-xhr.js:86
request @ webpack-internal:///…/polling-xhr.js:264
doPoll @ webpack-internal:///…s/polling-xhr.js:63
_poll @ webpack-internal:///…ports/polling.js:66
onData @ webpack-internal:///…ports/polling.js:96
Emitter.emit @ webpack-internal:///…ib/esm/index.js:140
_onLoad @ webpack-internal:///…/polling-xhr.js:204
xhr.onreadystatechange @ webpack-internal:///…/polling-xhr.js:140
XMLHttpRequest.send
_create @ webpack-internal:///…/polling-xhr.js:150
Request @ webpack-internal:///…s/polling-xhr.js:86
request @ webpack-internal:///…/polling-xhr.js:264
doPoll @ webpack-internal:///…s/polling-xhr.js:63
_poll @ webpack-internal:///…ports/polling.js:66
onData @ webpack-internal:///…ports/polling.js:96
Emitter.emit @ webpack-internal:///…ib/esm/index.js:140
_onLoad @ webpack-internal:///…/polling-xhr.js:204
xhr.onreadystatechange @ webpack-internal:///…/polling-xhr.js:140
XMLHttpRequest.send
_create @ webpack-internal:///…/polling-xhr.js:150
Request @ webpack-internal:///…s/polling-xhr.js:86
request @ webpack-internal:///…/polling-xhr.js:264
doPoll @ webpack-internal:///…s/polling-xhr.js:63
_poll @ webpack-internal:///…ports/polling.js:66
onData @ webpack-internal:///…ports/polling.js:96
Emitter.emit @ webpack-internal:///…ib/esm/index.js:140
_onLoad @ webpack-internal:///…/polling-xhr.js:204
xhr.onreadystatechange @ webpack-internal:///…/polling-xhr.js:140
XMLHttpRequest.send
_create @ webpack-internal:///…/polling-xhr.js:150
Request @ webpack-internal:///…s/polling-xhr.js:86
request @ webpack-internal:///…/polling-xhr.js:264
doPoll @ webpack-internal:///…s/polling-xhr.js:63
_poll @ webpack-internal:///…ports/polling.js:66
onData @ webpack-internal:///…ports/polling.js:96
Emitter.emit @ webpack-internal:///…ib/esm/index.js:140
_onLoad @ webpack-internal:///…/polling-xhr.js:204
xhr.onreadystatechange @ webpack-internal:///…/polling-xhr.js:140
10:20:08.261  [WebRTC] Attempting to recover by recreating peer connection
10:20:08.261  [WebRTC] 🔍 Connection closure requested for: cmeumah180000kuygq63oa1qx {connectionState: 'connecting', iceConnectionState: 'connected', signalingState: 'stable', localDescription: true, remoteDescription: true, …}
10:20:08.261  [WebRTC] ⚠️ PREVENTING closure of healthy connection for: cmeumah180000kuygq63oa1qx State: connecting ICE: connected
closePeerConnection @ webpack-internal:///…/lib/webrtc.ts:1138
handleRemoteAnswer @ webpack-internal:///…/lib/webrtc.ts:1074
Emitter.emit @ webpack-internal:///…ib/esm/index.js:140
emitEvent @ webpack-internal:///…d/esm/socket.js:545
onevent @ webpack-internal:///…d/esm/socket.js:532
onpacket @ webpack-internal:///…d/esm/socket.js:502
Emitter.emit @ webpack-internal:///…ib/esm/index.js:140
eval @ webpack-internal:///…/esm/manager.js:219
Promise.then
eval @ webpack-internal:///…d/esm/globals.js:11
ondecoded @ webpack-internal:///…/esm/manager.js:218
Emitter.emit @ webpack-internal:///…ib/esm/index.js:140
add @ webpack-internal:///…ld/esm/index.js:156
ondata @ webpack-internal:///…/esm/manager.js:205
Emitter.emit @ webpack-internal:///…ib/esm/index.js:140
_onPacket @ webpack-internal:///…d/esm/socket.js:272
Emitter.emit @ webpack-internal:///…ib/esm/index.js:140
onPacket @ webpack-internal:///…sm/transport.js:108
callback @ webpack-internal:///…ports/polling.js:86
onData @ webpack-internal:///…ports/polling.js:89
Emitter.emit @ webpack-internal:///…ib/esm/index.js:140
_onLoad @ webpack-internal:///…/polling-xhr.js:204
xhr.onreadystatechange @ webpack-internal:///…/polling-xhr.js:140
XMLHttpRequest.send
_create @ webpack-internal:///…/polling-xhr.js:150
Request @ webpack-internal:///…s/polling-xhr.js:86
request @ webpack-internal:///…/polling-xhr.js:264
doPoll @ webpack-internal:///…s/polling-xhr.js:63
_poll @ webpack-internal:///…ports/polling.js:66
onData @ webpack-internal:///…ports/polling.js:96
Emitter.emit @ webpack-internal:///…ib/esm/index.js:140
_onLoad @ webpack-internal:///…/polling-xhr.js:204
xhr.onreadystatechange @ webpack-internal:///…/polling-xhr.js:140
XMLHttpRequest.send
_create @ webpack-internal:///…/polling-xhr.js:150
Request @ webpack-internal:///…s/polling-xhr.js:86
request @ webpack-internal:///…/polling-xhr.js:264
doPoll @ webpack-internal:///…s/polling-xhr.js:63
_poll @ webpack-internal:///…ports/polling.js:66
onData @ webpack-internal:///…ports/polling.js:96
Emitter.emit @ webpack-internal:///…ib/esm/index.js:140
_onLoad @ webpack-internal:///…/polling-xhr.js:204
xhr.onreadystatechange @ webpack-internal:///…/polling-xhr.js:140
XMLHttpRequest.send
_create @ webpack-internal:///…/polling-xhr.js:150
Request @ webpack-internal:///…s/polling-xhr.js:86
request @ webpack-internal:///…/polling-xhr.js:264
doPoll @ webpack-internal:///…s/polling-xhr.js:63
_poll @ webpack-internal:///…ports/polling.js:66
onData @ webpack-internal:///…ports/polling.js:96
Emitter.emit @ webpack-internal:///…ib/esm/index.js:140
_onLoad @ webpack-internal:///…/polling-xhr.js:204
xhr.onreadystatechange @ webpack-internal:///…/polling-xhr.js:140
XMLHttpRequest.send
_create @ webpack-internal:///…/polling-xhr.js:150
Request @ webpack-internal:///…s/polling-xhr.js:86
request @ webpack-internal:///…/polling-xhr.js:264
doPoll @ webpack-internal:///…s/polling-xhr.js:63
_poll @ webpack-internal:///…ports/polling.js:66
onData @ webpack-internal:///…ports/polling.js:96
Emitter.emit @ webpack-internal:///…ib/esm/index.js:140
_onLoad @ webpack-internal:///…/polling-xhr.js:204
xhr.onreadystatechange @ webpack-internal:///…/polling-xhr.js:140
XMLHttpRequest.send
_create @ webpack-internal:///…/polling-xhr.js:150
Request @ webpack-internal:///…s/polling-xhr.js:86
request @ webpack-internal:///…/polling-xhr.js:264
doPoll @ webpack-internal:///…s/polling-xhr.js:63
_poll @ webpack-internal:///…ports/polling.js:66
onData @ webpack-internal:///…ports/polling.js:96
Emitter.emit @ webpack-internal:///…ib/esm/index.js:140
_onLoad @ webpack-internal:///…/polling-xhr.js:204
xhr.onreadystatechange @ webpack-internal:///…/polling-xhr.js:140
XMLHttpRequest.send
_create @ webpack-internal:///…/polling-xhr.js:150
Request @ webpack-internal:///…s/polling-xhr.js:86
request @ webpack-internal:///…/polling-xhr.js:264
doPoll @ webpack-internal:///…s/polling-xhr.js:63
_poll @ webpack-internal:///…ports/polling.js:66
onData @ webpack-internal:///…ports/polling.js:96
Emitter.emit @ webpack-internal:///…ib/esm/index.js:140
_onLoad @ webpack-internal:///…/polling-xhr.js:204
xhr.onreadystatechange @ webpack-internal:///…/polling-xhr.js:140
XMLHttpRequest.send
_create @ webpack-internal:///…/polling-xhr.js:150
Request @ webpack-internal:///…s/polling-xhr.js:86
request @ webpack-internal:///…/polling-xhr.js:264
doPoll @ webpack-internal:///…s/polling-xhr.js:63
_poll @ webpack-internal:///…ports/polling.js:66
onData @ webpack-internal:///…ports/polling.js:96
Emitter.emit @ webpack-internal:///…ib/esm/index.js:140
_onLoad @ webpack-internal:///…/polling-xhr.js:204
xhr.onreadystatechange @ webpack-internal:///…/polling-xhr.js:140
XMLHttpRequest.send
_create @ webpack-internal:///…/polling-xhr.js:150
Request @ webpack-internal:///…s/polling-xhr.js:86
request @ webpack-internal:///…/polling-xhr.js:264
doPoll @ webpack-internal:///…s/polling-xhr.js:63
_poll @ webpack-internal:///…ports/polling.js:66
onData @ webpack-internal:///…ports/polling.js:96
Emitter.emit @ webpack-internal:///…ib/esm/index.js:140
_onLoad @ webpack-internal:///…/polling-xhr.js:204
xhr.onreadystatechange @ webpack-internal:///…/polling-xhr.js:140
XMLHttpRequest.send
_create @ webpack-internal:///…/polling-xhr.js:150
Request @ webpack-internal:///…s/polling-xhr.js:86
request @ webpack-internal:///…/polling-xhr.js:264
doPoll @ webpack-internal:///…s/polling-xhr.js:63
_poll @ webpack-internal:///…ports/polling.js:66
onData @ webpack-internal:///…ports/polling.js:96
Emitter.emit @ webpack-internal:///…ib/esm/index.js:140
_onLoad @ webpack-internal:///…/polling-xhr.js:204
xhr.onreadystatechange @ webpack-internal:///…/polling-xhr.js:140
XMLHttpRequest.send
_create @ webpack-internal:///…/polling-xhr.js:150
Request @ webpack-internal:///…s/polling-xhr.js:86
request @ webpack-internal:///…/polling-xhr.js:264
doPoll @ webpack-internal:///…s/polling-xhr.js:63
_poll @ webpack-internal:///…ports/polling.js:66
onData @ webpack-internal:///…ports/polling.js:96
Emitter.emit @ webpack-internal:///…ib/esm/index.js:140
_onLoad @ webpack-internal:///…/polling-xhr.js:204
xhr.onreadystatechange @ webpack-internal:///…/polling-xhr.js:140
XMLHttpRequest.send
_create @ webpack-internal:///…/polling-xhr.js:150
Request @ webpack-internal:///…s/polling-xhr.js:86
request @ webpack-internal:///…/polling-xhr.js:264
doPoll @ webpack-internal:///…s/polling-xhr.js:63
_poll @ webpack-internal:///…ports/polling.js:66
onData @ webpack-internal:///…ports/polling.js:96
Emitter.emit @ webpack-internal:///…ib/esm/index.js:140
_onLoad @ webpack-internal:///…/polling-xhr.js:204
xhr.onreadystatechange @ webpack-internal:///…/polling-xhr.js:140
XMLHttpRequest.send
_create @ webpack-internal:///…/polling-xhr.js:150
Request @ webpack-internal:///…s/polling-xhr.js:86
request @ webpack-internal:///…/polling-xhr.js:264
doPoll @ webpack-internal:///…s/polling-xhr.js:63
_poll @ webpack-internal:///…ports/polling.js:66
onData @ webpack-internal:///…ports/polling.js:96
Emitter.emit @ webpack-internal:///…ib/esm/index.js:140
_onLoad @ webpack-internal:///…/polling-xhr.js:204
xhr.onreadystatechange @ webpack-internal:///…/polling-xhr.js:140
XMLHttpRequest.send
_create @ webpack-internal:///…/polling-xhr.js:150
Request @ webpack-internal:///…s/polling-xhr.js:86
request @ webpack-internal:///…/polling-xhr.js:264
doPoll @ webpack-internal:///…s/polling-xhr.js:63
_poll @ webpack-internal:///…ports/polling.js:66
onData @ webpack-internal:///…ports/polling.js:96
Emitter.emit @ webpack-internal:///…ib/esm/index.js:140
_onLoad @ webpack-internal:///…/polling-xhr.js:204
xhr.onreadystatechange @ webpack-internal:///…/polling-xhr.js:140
XMLHttpRequest.send
_create @ webpack-internal:///…/polling-xhr.js:150
Request @ webpack-internal:///…s/polling-xhr.js:86
request @ webpack-internal:///…/polling-xhr.js:264
doPoll @ webpack-internal:///…s/polling-xhr.js:63
_poll @ webpack-internal:///…ports/polling.js:66
onData @ webpack-internal:///…ports/polling.js:96
Emitter.emit @ webpack-internal:///…ib/esm/index.js:140
_onLoad @ webpack-internal:///…/polling-xhr.js:204
xhr.onreadystatechange @ webpack-internal:///…/polling-xhr.js:140
XMLHttpRequest.send
_create @ webpack-internal:///…/polling-xhr.js:150
Request @ webpack-internal:///…s/polling-xhr.js:86
request @ webpack-internal:///…/polling-xhr.js:264
doPoll @ webpack-internal:///…s/polling-xhr.js:63
_poll @ webpack-internal:///…ports/polling.js:66
onData @ webpack-internal:///…ports/polling.js:96
Emitter.emit @ webpack-internal:///…ib/esm/index.js:140
_onLoad @ webpack-internal:///…/polling-xhr.js:204
xhr.onreadystatechange @ webpack-internal:///…/polling-xhr.js:140
XMLHttpRequest.send
_create @ webpack-internal:///…/polling-xhr.js:150
Request @ webpack-internal:///…s/polling-xhr.js:86
request @ webpack-internal:///…/polling-xhr.js:264
doPoll @ webpack-internal:///…s/polling-xhr.js:63
_poll @ webpack-internal:///…ports/polling.js:66
onData @ webpack-internal:///…ports/polling.js:96
Emitter.emit @ webpack-internal:///…ib/esm/index.js:140
_onLoad @ webpack-internal:///…/polling-xhr.js:204
xhr.onreadystatechange @ webpack-internal:///…/polling-xhr.js:140
XMLHttpRequest.send
_create @ webpack-internal:///…/polling-xhr.js:150
Request @ webpack-internal:///…s/polling-xhr.js:86
request @ webpack-internal:///…/polling-xhr.js:264
doPoll @ webpack-internal:///…s/polling-xhr.js:63
_poll @ webpack-internal:///…ports/polling.js:66
onData @ webpack-internal:///…ports/polling.js:96
Emitter.emit @ webpack-internal:///…ib/esm/index.js:140
_onLoad @ webpack-internal:///…/polling-xhr.js:204
xhr.onreadystatechange @ webpack-internal:///…/polling-xhr.js:140
XMLHttpRequest.send
_create @ webpack-internal:///…/polling-xhr.js:150
Request @ webpack-internal:///…s/polling-xhr.js:86
request @ webpack-internal:///…/polling-xhr.js:264
doPoll @ webpack-internal:///…s/polling-xhr.js:63
_poll @ webpack-internal:///…ports/polling.js:66
onData @ webpack-internal:///…ports/polling.js:96
Emitter.emit @ webpack-internal:///…ib/esm/index.js:140
_onLoad @ webpack-internal:///…/polling-xhr.js:204
xhr.onreadystatechange @ webpack-internal:///…/polling-xhr.js:140
XMLHttpRequest.send
_create @ webpack-internal:///…/polling-xhr.js:150
Request @ webpack-internal:///…s/polling-xhr.js:86
request @ webpack-internal:///…/polling-xhr.js:264
doPoll @ webpack-internal:///…s/polling-xhr.js:63
_poll @ webpack-internal:///…ports/polling.js:66
onData @ webpack-internal:///…ports/polling.js:96
Emitter.emit @ webpack-internal:///…ib/esm/index.js:140
_onLoad @ webpack-internal:///…/polling-xhr.js:204
xhr.onreadystatechange @ webpack-internal:///…/polling-xhr.js:140
XMLHttpRequest.send
_create @ webpack-internal:///…/polling-xhr.js:150
Request @ webpack-internal:///…s/polling-xhr.js:86
request @ webpack-internal:///…/polling-xhr.js:264
doPoll @ webpack-internal:///…s/polling-xhr.js:63
_poll @ webpack-internal:///…ports/polling.js:66
onData @ webpack-internal:///…ports/polling.js:96
Emitter.emit @ webpack-internal:///…ib/esm/index.js:140
_onLoad @ webpack-internal:///…/polling-xhr.js:204
xhr.onreadystatechange @ webpack-internal:///…/polling-xhr.js:140
XMLHttpRequest.send
_create @ webpack-internal:///…/polling-xhr.js:150
Request @ webpack-internal:///…s/polling-xhr.js:86
request @ webpack-internal:///…/polling-xhr.js:264
doPoll @ webpack-internal:///…s/polling-xhr.js:63
_poll @ webpack-internal:///…ports/polling.js:66
onData @ webpack-internal:///…ports/polling.js:96
Emitter.emit @ webpack-internal:///…ib/esm/index.js:140
_onLoad @ webpack-internal:///…/polling-xhr.js:204
xhr.onreadystatechange @ webpack-internal:///…/polling-xhr.js:140
XMLHttpRequest.send
_create @ webpack-internal:///…/polling-xhr.js:150
Request @ webpack-internal:///…s/polling-xhr.js:86
request @ webpack-internal:///…/polling-xhr.js:264
doPoll @ webpack-internal:///…s/polling-xhr.js:63
_poll @ webpack-internal:///…ports/polling.js:66
onData @ webpack-internal:///…ports/polling.js:96
Emitter.emit @ webpack-internal:///…ib/esm/index.js:140
_onLoad @ webpack-internal:///…/polling-xhr.js:204
xhr.onreadystatechange @ webpack-internal:///…/polling-xhr.js:140
XMLHttpRequest.send
_create @ webpack-internal:///…/polling-xhr.js:150
Request @ webpack-internal:///…s/polling-xhr.js:86
request @ webpack-internal:///…/polling-xhr.js:264
doPoll @ webpack-internal:///…s/polling-xhr.js:63
_poll @ webpack-internal:///…ports/polling.js:66
onData @ webpack-internal:///…ports/polling.js:96
Emitter.emit @ webpack-internal:///…ib/esm/index.js:140
_onLoad @ webpack-internal:///…/polling-xhr.js:204
xhr.onreadystatechange @ webpack-internal:///…/polling-xhr.js:140
10:20:08.261  [WebRTC] ✅ Preserving healthy connection for: cmeumah180000kuygq63oa1qx
10:20:08.266  [WebRTC] Received answer: {callId: 'call-1757384369155-78u7pu5k6', fromUserId: 'cmeumah180000kuygq63oa1qx', ourCallId: 'call-1757384369155-78u7pu5k6'}
10:20:08.266  [WebRTC] Processing answer from: cmeumah180000kuygq63oa1qx
10:20:08.267  [WebRTC] Current signaling state: stable
10:20:08.267  [WebRTC] Invalid signaling state for answer: stable Expected: have-local-offer
handleRemoteAnswer @ webpack-internal:///…/lib/webrtc.ts:1071
Emitter.emit @ webpack-internal:///…ib/esm/index.js:140
emitEvent @ webpack-internal:///…d/esm/socket.js:545
onevent @ webpack-internal:///…d/esm/socket.js:532
onpacket @ webpack-internal:///…d/esm/socket.js:502
Emitter.emit @ webpack-internal:///…ib/esm/index.js:140
eval @ webpack-internal:///…/esm/manager.js:219
Promise.then
eval @ webpack-internal:///…d/esm/globals.js:11
ondecoded @ webpack-internal:///…/esm/manager.js:218
Emitter.emit @ webpack-internal:///…ib/esm/index.js:140
add @ webpack-internal:///…ld/esm/index.js:156
ondata @ webpack-internal:///…/esm/manager.js:205
Emitter.emit @ webpack-internal:///…ib/esm/index.js:140
_onPacket @ webpack-internal:///…d/esm/socket.js:272
Emitter.emit @ webpack-internal:///…ib/esm/index.js:140
onPacket @ webpack-internal:///…sm/transport.js:108
callback @ webpack-internal:///…ports/polling.js:86
onData @ webpack-internal:///…ports/polling.js:89
Emitter.emit @ webpack-internal:///…ib/esm/index.js:140
_onLoad @ webpack-internal:///…/polling-xhr.js:204
xhr.onreadystatechange @ webpack-internal:///…/polling-xhr.js:140
XMLHttpRequest.send
_create @ webpack-internal:///…/polling-xhr.js:150
Request @ webpack-internal:///…s/polling-xhr.js:86
request @ webpack-internal:///…/polling-xhr.js:264
doPoll @ webpack-internal:///…s/polling-xhr.js:63
_poll @ webpack-internal:///…ports/polling.js:66
onData @ webpack-internal:///…ports/polling.js:96
Emitter.emit @ webpack-internal:///…ib/esm/index.js:140
_onLoad @ webpack-internal:///…/polling-xhr.js:204
xhr.onreadystatechange @ webpack-internal:///…/polling-xhr.js:140
XMLHttpRequest.send
_create @ webpack-internal:///…/polling-xhr.js:150
Request @ webpack-internal:///…s/polling-xhr.js:86
request @ webpack-internal:///…/polling-xhr.js:264
doPoll @ webpack-internal:///…s/polling-xhr.js:63
_poll @ webpack-internal:///…ports/polling.js:66
onData @ webpack-internal:///…ports/polling.js:96
Emitter.emit @ webpack-internal:///…ib/esm/index.js:140
_onLoad @ webpack-internal:///…/polling-xhr.js:204
xhr.onreadystatechange @ webpack-internal:///…/polling-xhr.js:140
XMLHttpRequest.send
_create @ webpack-internal:///…/polling-xhr.js:150
Request @ webpack-internal:///…s/polling-xhr.js:86
request @ webpack-internal:///…/polling-xhr.js:264
doPoll @ webpack-internal:///…s/polling-xhr.js:63
_poll @ webpack-internal:///…ports/polling.js:66
onData @ webpack-internal:///…ports/polling.js:96
Emitter.emit @ webpack-internal:///…ib/esm/index.js:140
_onLoad @ webpack-internal:///…/polling-xhr.js:204
xhr.onreadystatechange @ webpack-internal:///…/polling-xhr.js:140
XMLHttpRequest.send
_create @ webpack-internal:///…/polling-xhr.js:150
Request @ webpack-internal:///…s/polling-xhr.js:86
request @ webpack-internal:///…/polling-xhr.js:264
doPoll @ webpack-internal:///…s/polling-xhr.js:63
_poll @ webpack-internal:///…ports/polling.js:66
onData @ webpack-internal:///…ports/polling.js:96
Emitter.emit @ webpack-internal:///…ib/esm/index.js:140
_onLoad @ webpack-internal:///…/polling-xhr.js:204
xhr.onreadystatechange @ webpack-internal:///…/polling-xhr.js:140
XMLHttpRequest.send
_create @ webpack-internal:///…/polling-xhr.js:150
Request @ webpack-internal:///…s/polling-xhr.js:86
request @ webpack-internal:///…/polling-xhr.js:264
doPoll @ webpack-internal:///…s/polling-xhr.js:63
_poll @ webpack-internal:///…ports/polling.js:66
onData @ webpack-internal:///…ports/polling.js:96
Emitter.emit @ webpack-internal:///…ib/esm/index.js:140
_onLoad @ webpack-internal:///…/polling-xhr.js:204
xhr.onreadystatechange @ webpack-internal:///…/polling-xhr.js:140
XMLHttpRequest.send
_create @ webpack-internal:///…/polling-xhr.js:150
Request @ webpack-internal:///…s/polling-xhr.js:86
request @ webpack-internal:///…/polling-xhr.js:264
doPoll @ webpack-internal:///…s/polling-xhr.js:63
_poll @ webpack-internal:///…ports/polling.js:66
onData @ webpack-internal:///…ports/polling.js:96
Emitter.emit @ webpack-internal:///…ib/esm/index.js:140
_onLoad @ webpack-internal:///…/polling-xhr.js:204
xhr.onreadystatechange @ webpack-internal:///…/polling-xhr.js:140
XMLHttpRequest.send
_create @ webpack-internal:///…/polling-xhr.js:150
Request @ webpack-internal:///…s/polling-xhr.js:86
request @ webpack-internal:///…/polling-xhr.js:264
doPoll @ webpack-internal:///…s/polling-xhr.js:63
_poll @ webpack-internal:///…ports/polling.js:66
onData @ webpack-internal:///…ports/polling.js:96
Emitter.emit @ webpack-internal:///…ib/esm/index.js:140
_onLoad @ webpack-internal:///…/polling-xhr.js:204
xhr.onreadystatechange @ webpack-internal:///…/polling-xhr.js:140
XMLHttpRequest.send
_create @ webpack-internal:///…/polling-xhr.js:150
Request @ webpack-internal:///…s/polling-xhr.js:86
request @ webpack-internal:///…/polling-xhr.js:264
doPoll @ webpack-internal:///…s/polling-xhr.js:63
_poll @ webpack-internal:///…ports/polling.js:66
onData @ webpack-internal:///…ports/polling.js:96
Emitter.emit @ webpack-internal:///…ib/esm/index.js:140
_onLoad @ webpack-internal:///…/polling-xhr.js:204
xhr.onreadystatechange @ webpack-internal:///…/polling-xhr.js:140
XMLHttpRequest.send
_create @ webpack-internal:///…/polling-xhr.js:150
Request @ webpack-internal:///…s/polling-xhr.js:86
request @ webpack-internal:///…/polling-xhr.js:264
doPoll @ webpack-internal:///…s/polling-xhr.js:63
_poll @ webpack-internal:///…ports/polling.js:66
onData @ webpack-internal:///…ports/polling.js:96
Emitter.emit @ webpack-internal:///…ib/esm/index.js:140
_onLoad @ webpack-internal:///…/polling-xhr.js:204
xhr.onreadystatechange @ webpack-internal:///…/polling-xhr.js:140
XMLHttpRequest.send
_create @ webpack-internal:///…/polling-xhr.js:150
Request @ webpack-internal:///…s/polling-xhr.js:86
request @ webpack-internal:///…/polling-xhr.js:264
doPoll @ webpack-internal:///…s/polling-xhr.js:63
_poll @ webpack-internal:///…ports/polling.js:66
onData @ webpack-internal:///…ports/polling.js:96
Emitter.emit @ webpack-internal:///…ib/esm/index.js:140
_onLoad @ webpack-internal:///…/polling-xhr.js:204
xhr.onreadystatechange @ webpack-internal:///…/polling-xhr.js:140
XMLHttpRequest.send
_create @ webpack-internal:///…/polling-xhr.js:150
Request @ webpack-internal:///…s/polling-xhr.js:86
request @ webpack-internal:///…/polling-xhr.js:264
doPoll @ webpack-internal:///…s/polling-xhr.js:63
_poll @ webpack-internal:///…ports/polling.js:66
onData @ webpack-internal:///…ports/polling.js:96
Emitter.emit @ webpack-internal:///…ib/esm/index.js:140
_onLoad @ webpack-internal:///…/polling-xhr.js:204
xhr.onreadystatechange @ webpack-internal:///…/polling-xhr.js:140
XMLHttpRequest.send
_create @ webpack-internal:///…/polling-xhr.js:150
Request @ webpack-internal:///…s/polling-xhr.js:86
request @ webpack-internal:///…/polling-xhr.js:264
doPoll @ webpack-internal:///…s/polling-xhr.js:63
_poll @ webpack-internal:///…ports/polling.js:66
onData @ webpack-internal:///…ports/polling.js:96
Emitter.emit @ webpack-internal:///…ib/esm/index.js:140
_onLoad @ webpack-internal:///…/polling-xhr.js:204
xhr.onreadystatechange @ webpack-internal:///…/polling-xhr.js:140
XMLHttpRequest.send
_create @ webpack-internal:///…/polling-xhr.js:150
Request @ webpack-internal:///…s/polling-xhr.js:86
request @ webpack-internal:///…/polling-xhr.js:264
doPoll @ webpack-internal:///…s/polling-xhr.js:63
_poll @ webpack-internal:///…ports/polling.js:66
onData @ webpack-internal:///…ports/polling.js:96
Emitter.emit @ webpack-internal:///…ib/esm/index.js:140
_onLoad @ webpack-internal:///…/polling-xhr.js:204
xhr.onreadystatechange @ webpack-internal:///…/polling-xhr.js:140
XMLHttpRequest.send
_create @ webpack-internal:///…/polling-xhr.js:150
Request @ webpack-internal:///…s/polling-xhr.js:86
request @ webpack-internal:///…/polling-xhr.js:264
doPoll @ webpack-internal:///…s/polling-xhr.js:63
_poll @ webpack-internal:///…ports/polling.js:66
onData @ webpack-internal:///…ports/polling.js:96
Emitter.emit @ webpack-internal:///…ib/esm/index.js:140
_onLoad @ webpack-internal:///…/polling-xhr.js:204
xhr.onreadystatechange @ webpack-internal:///…/polling-xhr.js:140
XMLHttpRequest.send
_create @ webpack-internal:///…/polling-xhr.js:150
Request @ webpack-internal:///…s/polling-xhr.js:86
request @ webpack-internal:///…/polling-xhr.js:264
doPoll @ webpack-internal:///…s/polling-xhr.js:63
_poll @ webpack-internal:///…ports/polling.js:66
onData @ webpack-internal:///…ports/polling.js:96
Emitter.emit @ webpack-internal:///…ib/esm/index.js:140
_onLoad @ webpack-internal:///…/polling-xhr.js:204
xhr.onreadystatechange @ webpack-internal:///…/polling-xhr.js:140
XMLHttpRequest.send
_create @ webpack-internal:///…/polling-xhr.js:150
Request @ webpack-internal:///…s/polling-xhr.js:86
request @ webpack-internal:///…/polling-xhr.js:264
doPoll @ webpack-internal:///…s/polling-xhr.js:63
_poll @ webpack-internal:///…ports/polling.js:66
onData @ webpack-internal:///…ports/polling.js:96
Emitter.emit @ webpack-internal:///…ib/esm/index.js:140
_onLoad @ webpack-internal:///…/polling-xhr.js:204
xhr.onreadystatechange @ webpack-internal:///…/polling-xhr.js:140
XMLHttpRequest.send
_create @ webpack-internal:///…/polling-xhr.js:150
Request @ webpack-internal:///…s/polling-xhr.js:86
request @ webpack-internal:///…/polling-xhr.js:264
doPoll @ webpack-internal:///…s/polling-xhr.js:63
_poll @ webpack-internal:///…ports/polling.js:66
onData @ webpack-internal:///…ports/polling.js:96
Emitter.emit @ webpack-internal:///…ib/esm/index.js:140
_onLoad @ webpack-internal:///…/polling-xhr.js:204
xhr.onreadystatechange @ webpack-internal:///…/polling-xhr.js:140
XMLHttpRequest.send
_create @ webpack-internal:///…/polling-xhr.js:150
Request @ webpack-internal:///…s/polling-xhr.js:86
request @ webpack-internal:///…/polling-xhr.js:264
doPoll @ webpack-internal:///…s/polling-xhr.js:63
_poll @ webpack-internal:///…ports/polling.js:66
onData @ webpack-internal:///…ports/polling.js:96
Emitter.emit @ webpack-internal:///…ib/esm/index.js:140
_onLoad @ webpack-internal:///…/polling-xhr.js:204
xhr.onreadystatechange @ webpack-internal:///…/polling-xhr.js:140
XMLHttpRequest.send
_create @ webpack-internal:///…/polling-xhr.js:150
Request @ webpack-internal:///…s/polling-xhr.js:86
request @ webpack-internal:///…/polling-xhr.js:264
doPoll @ webpack-internal:///…s/polling-xhr.js:63
_poll @ webpack-internal:///…ports/polling.js:66
onData @ webpack-internal:///…ports/polling.js:96
Emitter.emit @ webpack-internal:///…ib/esm/index.js:140
_onLoad @ webpack-internal:///…/polling-xhr.js:204
xhr.onreadystatechange @ webpack-internal:///…/polling-xhr.js:140
XMLHttpRequest.send
_create @ webpack-internal:///…/polling-xhr.js:150
Request @ webpack-internal:///…s/polling-xhr.js:86
request @ webpack-internal:///…/polling-xhr.js:264
doPoll @ webpack-internal:///…s/polling-xhr.js:63
_poll @ webpack-internal:///…ports/polling.js:66
onData @ webpack-internal:///…ports/polling.js:96
Emitter.emit @ webpack-internal:///…ib/esm/index.js:140
_onLoad @ webpack-internal:///…/polling-xhr.js:204
xhr.onreadystatechange @ webpack-internal:///…/polling-xhr.js:140
XMLHttpRequest.send
_create @ webpack-internal:///…/polling-xhr.js:150
Request @ webpack-internal:///…s/polling-xhr.js:86
request @ webpack-internal:///…/polling-xhr.js:264
doPoll @ webpack-internal:///…s/polling-xhr.js:63
_poll @ webpack-internal:///…ports/polling.js:66
onData @ webpack-internal:///…ports/polling.js:96
Emitter.emit @ webpack-internal:///…ib/esm/index.js:140
_onLoad @ webpack-internal:///…/polling-xhr.js:204
xhr.onreadystatechange @ webpack-internal:///…/polling-xhr.js:140
XMLHttpRequest.send
_create @ webpack-internal:///…/polling-xhr.js:150
Request @ webpack-internal:///…s/polling-xhr.js:86
request @ webpack-internal:///…/polling-xhr.js:264
doPoll @ webpack-internal:///…s/polling-xhr.js:63
_poll @ webpack-internal:///…ports/polling.js:66
onData @ webpack-internal:///…ports/polling.js:96
Emitter.emit @ webpack-internal:///…ib/esm/index.js:140
_onLoad @ webpack-internal:///…/polling-xhr.js:204
xhr.onreadystatechange @ webpack-internal:///…/polling-xhr.js:140
XMLHttpRequest.send
_create @ webpack-internal:///…/polling-xhr.js:150
Request @ webpack-internal:///…s/polling-xhr.js:86
request @ webpack-internal:///…/polling-xhr.js:264
doPoll @ webpack-internal:///…s/polling-xhr.js:63
_poll @ webpack-internal:///…ports/polling.js:66
onData @ webpack-internal:///…ports/polling.js:96
Emitter.emit @ webpack-internal:///…ib/esm/index.js:140
_onLoad @ webpack-internal:///…/polling-xhr.js:204
xhr.onreadystatechange @ webpack-internal:///…/polling-xhr.js:140
XMLHttpRequest.send
_create @ webpack-internal:///…/polling-xhr.js:150
Request @ webpack-internal:///…s/polling-xhr.js:86
request @ webpack-internal:///…/polling-xhr.js:264
doPoll @ webpack-internal:///…s/polling-xhr.js:63
_poll @ webpack-internal:///…ports/polling.js:66
onData @ webpack-internal:///…ports/polling.js:96
Emitter.emit @ webpack-internal:///…ib/esm/index.js:140
_onLoad @ webpack-internal:///…/polling-xhr.js:204
xhr.onreadystatechange @ webpack-internal:///…/polling-xhr.js:140
10:20:08.268  [WebRTC] Attempting to recover by recreating peer connection
10:20:08.268  [WebRTC] 🔍 Connection closure requested for: cmeumah180000kuygq63oa1qx {connectionState: 'connecting', iceConnectionState: 'connected', signalingState: 'stable', localDescription: true, remoteDescription: true, …}
10:20:08.270  [WebRTC] ⚠️ PREVENTING closure of healthy connection for: cmeumah180000kuygq63oa1qx State: connecting ICE: connected
closePeerConnection @ webpack-internal:///…/lib/webrtc.ts:1138
handleRemoteAnswer @ webpack-internal:///…/lib/webrtc.ts:1074
Emitter.emit @ webpack-internal:///…ib/esm/index.js:140
emitEvent @ webpack-internal:///…d/esm/socket.js:545
onevent @ webpack-internal:///…d/esm/socket.js:532
onpacket @ webpack-internal:///…d/esm/socket.js:502
Emitter.emit @ webpack-internal:///…ib/esm/index.js:140
eval @ webpack-internal:///…/esm/manager.js:219
Promise.then
eval @ webpack-internal:///…d/esm/globals.js:11
ondecoded @ webpack-internal:///…/esm/manager.js:218
Emitter.emit @ webpack-internal:///…ib/esm/index.js:140
add @ webpack-internal:///…ld/esm/index.js:156
ondata @ webpack-internal:///…/esm/manager.js:205
Emitter.emit @ webpack-internal:///…ib/esm/index.js:140
_onPacket @ webpack-internal:///…d/esm/socket.js:272
Emitter.emit @ webpack-internal:///…ib/esm/index.js:140
onPacket @ webpack-internal:///…sm/transport.js:108
callback @ webpack-internal:///…ports/polling.js:86
onData @ webpack-internal:///…ports/polling.js:89
Emitter.emit @ webpack-internal:///…ib/esm/index.js:140
_onLoad @ webpack-internal:///…/polling-xhr.js:204
xhr.onreadystatechange @ webpack-internal:///…/polling-xhr.js:140
XMLHttpRequest.send
_create @ webpack-internal:///…/polling-xhr.js:150
Request @ webpack-internal:///…s/polling-xhr.js:86
request @ webpack-internal:///…/polling-xhr.js:264
doPoll @ webpack-internal:///…s/polling-xhr.js:63
_poll @ webpack-internal:///…ports/polling.js:66
onData @ webpack-internal:///…ports/polling.js:96
Emitter.emit @ webpack-internal:///…ib/esm/index.js:140
_onLoad @ webpack-internal:///…/polling-xhr.js:204
xhr.onreadystatechange @ webpack-internal:///…/polling-xhr.js:140
XMLHttpRequest.send
_create @ webpack-internal:///…/polling-xhr.js:150
Request @ webpack-internal:///…s/polling-xhr.js:86
request @ webpack-internal:///…/polling-xhr.js:264
doPoll @ webpack-internal:///…s/polling-xhr.js:63
_poll @ webpack-internal:///…ports/polling.js:66
onData @ webpack-internal:///…ports/polling.js:96
Emitter.emit @ webpack-internal:///…ib/esm/index.js:140
_onLoad @ webpack-internal:///…/polling-xhr.js:204
xhr.onreadystatechange @ webpack-internal:///…/polling-xhr.js:140
XMLHttpRequest.send
_create @ webpack-internal:///…/polling-xhr.js:150
Request @ webpack-internal:///…s/polling-xhr.js:86
request @ webpack-internal:///…/polling-xhr.js:264
doPoll @ webpack-internal:///…s/polling-xhr.js:63
_poll @ webpack-internal:///…ports/polling.js:66
onData @ webpack-internal:///…ports/polling.js:96
Emitter.emit @ webpack-internal:///…ib/esm/index.js:140
_onLoad @ webpack-internal:///…/polling-xhr.js:204
xhr.onreadystatechange @ webpack-internal:///…/polling-xhr.js:140
XMLHttpRequest.send
_create @ webpack-internal:///…/polling-xhr.js:150
Request @ webpack-internal:///…s/polling-xhr.js:86
request @ webpack-internal:///…/polling-xhr.js:264
doPoll @ webpack-internal:///…s/polling-xhr.js:63
_poll @ webpack-internal:///…ports/polling.js:66
onData @ webpack-internal:///…ports/polling.js:96
Emitter.emit @ webpack-internal:///…ib/esm/index.js:140
_onLoad @ webpack-internal:///…/polling-xhr.js:204
xhr.onreadystatechange @ webpack-internal:///…/polling-xhr.js:140
XMLHttpRequest.send
_create @ webpack-internal:///…/polling-xhr.js:150
Request @ webpack-internal:///…s/polling-xhr.js:86
request @ webpack-internal:///…/polling-xhr.js:264
doPoll @ webpack-internal:///…s/polling-xhr.js:63
_poll @ webpack-internal:///…ports/polling.js:66
onData @ webpack-internal:///…ports/polling.js:96
Emitter.emit @ webpack-internal:///…ib/esm/index.js:140
_onLoad @ webpack-internal:///…/polling-xhr.js:204
xhr.onreadystatechange @ webpack-internal:///…/polling-xhr.js:140
XMLHttpRequest.send
_create @ webpack-internal:///…/polling-xhr.js:150
Request @ webpack-internal:///…s/polling-xhr.js:86
request @ webpack-internal:///…/polling-xhr.js:264
doPoll @ webpack-internal:///…s/polling-xhr.js:63
_poll @ webpack-internal:///…ports/polling.js:66
onData @ webpack-internal:///…ports/polling.js:96
Emitter.emit @ webpack-internal:///…ib/esm/index.js:140
_onLoad @ webpack-internal:///…/polling-xhr.js:204
xhr.onreadystatechange @ webpack-internal:///…/polling-xhr.js:140
XMLHttpRequest.send
_create @ webpack-internal:///…/polling-xhr.js:150
Request @ webpack-internal:///…s/polling-xhr.js:86
request @ webpack-internal:///…/polling-xhr.js:264
doPoll @ webpack-internal:///…s/polling-xhr.js:63
_poll @ webpack-internal:///…ports/polling.js:66
onData @ webpack-internal:///…ports/polling.js:96
Emitter.emit @ webpack-internal:///…ib/esm/index.js:140
_onLoad @ webpack-internal:///…/polling-xhr.js:204
xhr.onreadystatechange @ webpack-internal:///…/polling-xhr.js:140
XMLHttpRequest.send
_create @ webpack-internal:///…/polling-xhr.js:150
Request @ webpack-internal:///…s/polling-xhr.js:86
request @ webpack-internal:///…/polling-xhr.js:264
doPoll @ webpack-internal:///…s/polling-xhr.js:63
_poll @ webpack-internal:///…ports/polling.js:66
onData @ webpack-internal:///…ports/polling.js:96
Emitter.emit @ webpack-internal:///…ib/esm/index.js:140
_onLoad @ webpack-internal:///…/polling-xhr.js:204
xhr.onreadystatechange @ webpack-internal:///…/polling-xhr.js:140
XMLHttpRequest.send
_create @ webpack-internal:///…/polling-xhr.js:150
Request @ webpack-internal:///…s/polling-xhr.js:86
request @ webpack-internal:///…/polling-xhr.js:264
doPoll @ webpack-internal:///…s/polling-xhr.js:63
_poll @ webpack-internal:///…ports/polling.js:66
onData @ webpack-internal:///…ports/polling.js:96
Emitter.emit @ webpack-internal:///…ib/esm/index.js:140
_onLoad @ webpack-internal:///…/polling-xhr.js:204
xhr.onreadystatechange @ webpack-internal:///…/polling-xhr.js:140
XMLHttpRequest.send
_create @ webpack-internal:///…/polling-xhr.js:150
Request @ webpack-internal:///…s/polling-xhr.js:86
request @ webpack-internal:///…/polling-xhr.js:264
doPoll @ webpack-internal:///…s/polling-xhr.js:63
_poll @ webpack-internal:///…ports/polling.js:66
onData @ webpack-internal:///…ports/polling.js:96
Emitter.emit @ webpack-internal:///…ib/esm/index.js:140
_onLoad @ webpack-internal:///…/polling-xhr.js:204
xhr.onreadystatechange @ webpack-internal:///…/polling-xhr.js:140
XMLHttpRequest.send
_create @ webpack-internal:///…/polling-xhr.js:150
Request @ webpack-internal:///…s/polling-xhr.js:86
request @ webpack-internal:///…/polling-xhr.js:264
doPoll @ webpack-internal:///…s/polling-xhr.js:63
_poll @ webpack-internal:///…ports/polling.js:66
onData @ webpack-internal:///…ports/polling.js:96
Emitter.emit @ webpack-internal:///…ib/esm/index.js:140
_onLoad @ webpack-internal:///…/polling-xhr.js:204
xhr.onreadystatechange @ webpack-internal:///…/polling-xhr.js:140
XMLHttpRequest.send
_create @ webpack-internal:///…/polling-xhr.js:150
Request @ webpack-internal:///…s/polling-xhr.js:86
request @ webpack-internal:///…/polling-xhr.js:264
doPoll @ webpack-internal:///…s/polling-xhr.js:63
_poll @ webpack-internal:///…ports/polling.js:66
onData @ webpack-internal:///…ports/polling.js:96
Emitter.emit @ webpack-internal:///…ib/esm/index.js:140
_onLoad @ webpack-internal:///…/polling-xhr.js:204
xhr.onreadystatechange @ webpack-internal:///…/polling-xhr.js:140
XMLHttpRequest.send
_create @ webpack-internal:///…/polling-xhr.js:150
Request @ webpack-internal:///…s/polling-xhr.js:86
request @ webpack-internal:///…/polling-xhr.js:264
doPoll @ webpack-internal:///…s/polling-xhr.js:63
_poll @ webpack-internal:///…ports/polling.js:66
onData @ webpack-internal:///…ports/polling.js:96
Emitter.emit @ webpack-internal:///…ib/esm/index.js:140
_onLoad @ webpack-internal:///…/polling-xhr.js:204
xhr.onreadystatechange @ webpack-internal:///…/polling-xhr.js:140
XMLHttpRequest.send
_create @ webpack-internal:///…/polling-xhr.js:150
Request @ webpack-internal:///…s/polling-xhr.js:86
request @ webpack-internal:///…/polling-xhr.js:264
doPoll @ webpack-internal:///…s/polling-xhr.js:63
_poll @ webpack-internal:///…ports/polling.js:66
onData @ webpack-internal:///…ports/polling.js:96
Emitter.emit @ webpack-internal:///…ib/esm/index.js:140
_onLoad @ webpack-internal:///…/polling-xhr.js:204
xhr.onreadystatechange @ webpack-internal:///…/polling-xhr.js:140
XMLHttpRequest.send
_create @ webpack-internal:///…/polling-xhr.js:150
Request @ webpack-internal:///…s/polling-xhr.js:86
request @ webpack-internal:///…/polling-xhr.js:264
doPoll @ webpack-internal:///…s/polling-xhr.js:63
_poll @ webpack-internal:///…ports/polling.js:66
onData @ webpack-internal:///…ports/polling.js:96
Emitter.emit @ webpack-internal:///…ib/esm/index.js:140
_onLoad @ webpack-internal:///…/polling-xhr.js:204
xhr.onreadystatechange @ webpack-internal:///…/polling-xhr.js:140
XMLHttpRequest.send
_create @ webpack-internal:///…/polling-xhr.js:150
Request @ webpack-internal:///…s/polling-xhr.js:86
request @ webpack-internal:///…/polling-xhr.js:264
doPoll @ webpack-internal:///…s/polling-xhr.js:63
_poll @ webpack-internal:///…ports/polling.js:66
onData @ webpack-internal:///…ports/polling.js:96
Emitter.emit @ webpack-internal:///…ib/esm/index.js:140
_onLoad @ webpack-internal:///…/polling-xhr.js:204
xhr.onreadystatechange @ webpack-internal:///…/polling-xhr.js:140
XMLHttpRequest.send
_create @ webpack-internal:///…/polling-xhr.js:150
Request @ webpack-internal:///…s/polling-xhr.js:86
request @ webpack-internal:///…/polling-xhr.js:264
doPoll @ webpack-internal:///…s/polling-xhr.js:63
_poll @ webpack-internal:///…ports/polling.js:66
onData @ webpack-internal:///…ports/polling.js:96
Emitter.emit @ webpack-internal:///…ib/esm/index.js:140
_onLoad @ webpack-internal:///…/polling-xhr.js:204
xhr.onreadystatechange @ webpack-internal:///…/polling-xhr.js:140
XMLHttpRequest.send
_create @ webpack-internal:///…/polling-xhr.js:150
Request @ webpack-internal:///…s/polling-xhr.js:86
request @ webpack-internal:///…/polling-xhr.js:264
doPoll @ webpack-internal:///…s/polling-xhr.js:63
_poll @ webpack-internal:///…ports/polling.js:66
onData @ webpack-internal:///…ports/polling.js:96
Emitter.emit @ webpack-internal:///…ib/esm/index.js:140
_onLoad @ webpack-internal:///…/polling-xhr.js:204
xhr.onreadystatechange @ webpack-internal:///…/polling-xhr.js:140
XMLHttpRequest.send
_create @ webpack-internal:///…/polling-xhr.js:150
Request @ webpack-internal:///…s/polling-xhr.js:86
request @ webpack-internal:///…/polling-xhr.js:264
doPoll @ webpack-internal:///…s/polling-xhr.js:63
_poll @ webpack-internal:///…ports/polling.js:66
onData @ webpack-internal:///…ports/polling.js:96
Emitter.emit @ webpack-internal:///…ib/esm/index.js:140
_onLoad @ webpack-internal:///…/polling-xhr.js:204
xhr.onreadystatechange @ webpack-internal:///…/polling-xhr.js:140
XMLHttpRequest.send
_create @ webpack-internal:///…/polling-xhr.js:150
Request @ webpack-internal:///…s/polling-xhr.js:86
request @ webpack-internal:///…/polling-xhr.js:264
doPoll @ webpack-internal:///…s/polling-xhr.js:63
_poll @ webpack-internal:///…ports/polling.js:66
onData @ webpack-internal:///…ports/polling.js:96
Emitter.emit @ webpack-internal:///…ib/esm/index.js:140
_onLoad @ webpack-internal:///…/polling-xhr.js:204
xhr.onreadystatechange @ webpack-internal:///…/polling-xhr.js:140
XMLHttpRequest.send
_create @ webpack-internal:///…/polling-xhr.js:150
Request @ webpack-internal:///…s/polling-xhr.js:86
request @ webpack-internal:///…/polling-xhr.js:264
doPoll @ webpack-internal:///…s/polling-xhr.js:63
_poll @ webpack-internal:///…ports/polling.js:66
onData @ webpack-internal:///…ports/polling.js:96
Emitter.emit @ webpack-internal:///…ib/esm/index.js:140
_onLoad @ webpack-internal:///…/polling-xhr.js:204
xhr.onreadystatechange @ webpack-internal:///…/polling-xhr.js:140
XMLHttpRequest.send
_create @ webpack-internal:///…/polling-xhr.js:150
Request @ webpack-internal:///…s/polling-xhr.js:86
request @ webpack-internal:///…/polling-xhr.js:264
doPoll @ webpack-internal:///…s/polling-xhr.js:63
_poll @ webpack-internal:///…ports/polling.js:66
onData @ webpack-internal:///…ports/polling.js:96
Emitter.emit @ webpack-internal:///…ib/esm/index.js:140
_onLoad @ webpack-internal:///…/polling-xhr.js:204
xhr.onreadystatechange @ webpack-internal:///…/polling-xhr.js:140
XMLHttpRequest.send
_create @ webpack-internal:///…/polling-xhr.js:150
Request @ webpack-internal:///…s/polling-xhr.js:86
request @ webpack-internal:///…/polling-xhr.js:264
doPoll @ webpack-internal:///…s/polling-xhr.js:63
_poll @ webpack-internal:///…ports/polling.js:66
onData @ webpack-internal:///…ports/polling.js:96
Emitter.emit @ webpack-internal:///…ib/esm/index.js:140
_onLoad @ webpack-internal:///…/polling-xhr.js:204
xhr.onreadystatechange @ webpack-internal:///…/polling-xhr.js:140
XMLHttpRequest.send
_create @ webpack-internal:///…/polling-xhr.js:150
Request @ webpack-internal:///…s/polling-xhr.js:86
request @ webpack-internal:///…/polling-xhr.js:264
doPoll @ webpack-internal:///…s/polling-xhr.js:63
_poll @ webpack-internal:///…ports/polling.js:66
onData @ webpack-internal:///…ports/polling.js:96
Emitter.emit @ webpack-internal:///…ib/esm/index.js:140
_onLoad @ webpack-internal:///…/polling-xhr.js:204
xhr.onreadystatechange @ webpack-internal:///…/polling-xhr.js:140
10:20:08.271  [WebRTC] ✅ Preserving healthy connection for: cmeumah180000kuygq63oa1qx
10:20:08.320  [WebRTC] 📡 EMITTING webrtc_stream_ready after delay for: cmeumah180000kuygq63oa1qx
10:20:08.331  [VoiceParticipant] Tester2 voice activity debug: {participantId: 'cmeifn5qp002dkunge64m0xss', hasOriginalStream: true, hasLatestStream: true, streamActive: true, audioTracksCount: 1, …}
10:20:08.332  [VoiceParticipant] Tester2 voice activity debug: {participantId: 'cmeifn5qp002dkunge64m0xss', hasOriginalStream: true, hasLatestStream: true, streamActive: true, audioTracksCount: 1, …}
10:20:08.351  [VoiceParticipant] Tester2 voice activity debug: {participantId: 'cmeifn5qp002dkunge64m0xss', hasOriginalStream: true, hasLatestStream: true, streamActive: true, audioTracksCount: 1, …}
10:20:08.351  [VoiceParticipant] Tester2 voice activity debug: {participantId: 'cmeifn5qp002dkunge64m0xss', hasOriginalStream: true, hasLatestStream: true, streamActive: true, audioTracksCount: 1, …}
10:20:08.381  [CallModal] 🔍 WebRTC stream ready for participant: cmeifml0h001okung0i95m8s6
10:20:08.381  [CallModal] 🔍 Our callId: call-1757384369155-78u7pu5k6 Event callId: call-1757384369155-78u7pu5k6
10:20:08.381  [CallModal] 🔍 Our user ID: cmeifml0h001okung0i95m8s6
10:20:08.381  [CallModal] 🔍 Current call state: dialing
10:20:08.381  [CallModal] 🔍 Current participant states: {}
10:20:08.381  [CallModal] ✅ Ignoring webrtc_stream_ready for our own stream (not a remote stream)
10:20:08.382  [CallModal] 🆔 Session user ID: cmeifml0h001okung0i95m8s6
10:20:08.382  [CallModal] 🆔 Event participant ID: cmeifml0h001okung0i95m8s6
10:20:08.505  [VoiceParticipant] Tester2 voice activity debug: {participantId: 'cmeifn5qp002dkunge64m0xss', hasOriginalStream: true, hasLatestStream: true, streamActive: true, audioTracksCount: 1, …}
10:20:08.506  [VoiceParticipant] Tester2 voice activity debug: {participantId: 'cmeifn5qp002dkunge64m0xss', hasOriginalStream: true, hasLatestStream: true, streamActive: true, audioTracksCount: 1, …}
10:20:08.527  [VoiceParticipant] Tester2 voice activity debug: {participantId: 'cmeifn5qp002dkunge64m0xss', hasOriginalStream: true, hasLatestStream: true, streamActive: true, audioTracksCount: 1, …}
10:20:08.527  [VoiceParticipant] Tester2 voice activity debug: {participantId: 'cmeifn5qp002dkunge64m0xss', hasOriginalStream: true, hasLatestStream: true, streamActive: true, audioTracksCount: 1, …}
10:20:08.547  [VoiceParticipant] Tester2 voice activity debug: {participantId: 'cmeifn5qp002dkunge64m0xss', hasOriginalStream: true, hasLatestStream: true, streamActive: true, audioTracksCount: 1, …}
10:20:08.547  [VoiceParticipant] Tester2 voice activity debug: {participantId: 'cmeifn5qp002dkunge64m0xss', hasOriginalStream: true, hasLatestStream: true, streamActive: true, audioTracksCount: 1, …}
10:20:08.667  [VoiceActivity] Volume analysis: {average: '0.0', volume: '-100.0', threshold: -40, speaking: false, streamActive: false, …}
10:20:08.747  [WebRTC] Excellent network detected - restoring quality
10:20:08.747  [WebRTC] Improved audio quality for: cmeifn5qp002dkunge64m0xss
10:20:08.768  [CallModal] Rendered - voice call opened
10:20:08.768  [CallModal] Rendered - voice call opened
10:20:08.769  [VoiceParticipant] Zber Samolde voice activity debug: {participantId: 'cmeumah180000kuygq63oa1qx', hasOriginalStream: true, hasLatestStream: true, streamActive: false, audioTracksCount: 0, …}
10:20:08.770  [VoiceParticipant] Zber Samolde voice activity debug: {participantId: 'cmeumah180000kuygq63oa1qx', hasOriginalStream: true, hasLatestStream: true, streamActive: false, audioTracksCount: 0, …}
10:20:08.771  [VoiceParticipant] Tester2 voice activity debug: {participantId: 'cmeifn5qp002dkunge64m0xss', hasOriginalStream: true, hasLatestStream: true, streamActive: true, audioTracksCount: 1, …}
10:20:08.771  [VoiceParticipant] Tester2 voice activity debug: {participantId: 'cmeifn5qp002dkunge64m0xss', hasOriginalStream: true, hasLatestStream: true, streamActive: true, audioTracksCount: 1, …}
10:20:08.772  [CallModal] 🔊 Setting up audio element for participant cmeifn5qp002dkunge64m0xss
10:20:08.773  [CallModal] Stream details: {id: '11f1cb2e-ff24-4f0a-9e82-dab593c0342f', active: true, audioTracks: Array(1)}
10:20:08.773  [CallModal] Previous audio element for cmeifn5qp002dkunge64m0xss: false
10:20:08.777  [CallModal] Cleared previous srcObject for cmeifn5qp002dkunge64m0xss
10:20:08.778  [CallModal] 🔊 Setting up audio element for participant cmeumah180000kuygq63oa1qx
10:20:08.779  [CallModal] Stream details: {id: 'bc884001-458b-454b-890a-15ea46c82cad', active: false, audioTracks: Array(0)}
10:20:08.779  [CallModal] Previous audio element for cmeumah180000kuygq63oa1qx: false
10:20:08.781  [CallModal] Cleared previous srcObject for cmeumah180000kuygq63oa1qx
10:20:08.781  [CallModal] 🔄 Stream not ready, waiting...
10:20:08.782  [CallModal] ❌ Initial audio play failed for cmeumah180000kuygq63oa1qx: 
attemptPlay @ webpack-internal:///…/CallModal.tsx:3122
ref @ webpack-internal:///…/CallModal.tsx:3156
commitAttachRef @ webpack-internal:///…evelopment.js:21677
safelyAttachRef @ webpack-internal:///…evelopment.js:20803
commitLayoutEffectOnFiber @ webpack-internal:///…evelopment.js:21498
recursivelyTraverseLayoutEffects @ webpack-internal:///…evelopment.js:22926
commitLayoutEffectOnFiber @ webpack-internal:///…evelopment.js:21577
recursivelyTraverseLayoutEffects @ webpack-internal:///…evelopment.js:22926
commitLayoutEffectOnFiber @ webpack-internal:///…evelopment.js:21488
recursivelyTraverseLayoutEffects @ webpack-internal:///…evelopment.js:22926
commitLayoutEffectOnFiber @ webpack-internal:///…evelopment.js:21488
recursivelyTraverseLayoutEffects @ webpack-internal:///…evelopment.js:22926
commitLayoutEffectOnFiber @ webpack-internal:///…evelopment.js:21488
recursivelyTraverseLayoutEffects @ webpack-internal:///…evelopment.js:22926
commitLayoutEffectOnFiber @ webpack-internal:///…evelopment.js:21488
recursivelyTraverseLayoutEffects @ webpack-internal:///…evelopment.js:22926
commitLayoutEffectOnFiber @ webpack-internal:///…evelopment.js:21407
recursivelyTraverseLayoutEffects @ webpack-internal:///…evelopment.js:22926
commitLayoutEffectOnFiber @ webpack-internal:///…evelopment.js:21488
recursivelyTraverseLayoutEffects @ webpack-internal:///…evelopment.js:22926
commitLayoutEffectOnFiber @ webpack-internal:///…evelopment.js:21407
recursivelyTraverseLayoutEffects @ webpack-internal:///…evelopment.js:22926
commitLayoutEffectOnFiber @ webpack-internal:///…evelopment.js:21488
recursivelyTraverseLayoutEffects @ webpack-internal:///…evelopment.js:22926
commitLayoutEffectOnFiber @ webpack-internal:///…evelopment.js:21488
recursivelyTraverseLayoutEffects @ webpack-internal:///…evelopment.js:22926
commitLayoutEffectOnFiber @ webpack-internal:///…evelopment.js:21488
recursivelyTraverseLayoutEffects @ webpack-internal:///…evelopment.js:22926
commitLayoutEffectOnFiber @ webpack-internal:///…evelopment.js:21407
recursivelyTraverseLayoutEffects @ webpack-internal:///…evelopment.js:22926
commitLayoutEffectOnFiber @ webpack-internal:///…evelopment.js:21407
recursivelyTraverseLayoutEffects @ webpack-internal:///…evelopment.js:22926
commitLayoutEffectOnFiber @ webpack-internal:///…evelopment.js:21577
recursivelyTraverseLayoutEffects @ webpack-internal:///…evelopment.js:22926
commitLayoutEffectOnFiber @ webpack-internal:///…evelopment.js:21577
recursivelyTraverseLayoutEffects @ webpack-internal:///…evelopment.js:22926
commitLayoutEffectOnFiber @ webpack-internal:///…evelopment.js:21407
recursivelyTraverseLayoutEffects @ webpack-internal:///…evelopment.js:22926
commitLayoutEffectOnFiber @ webpack-internal:///…evelopment.js:21418
recursivelyTraverseLayoutEffects @ webpack-internal:///…evelopment.js:22926
commitLayoutEffectOnFiber @ webpack-internal:///…evelopment.js:21407
recursivelyTraverseLayoutEffects @ webpack-internal:///…evelopment.js:22926
commitLayoutEffectOnFiber @ webpack-internal:///…evelopment.js:21407
recursivelyTraverseLayoutEffects @ webpack-internal:///…evelopment.js:22926
commitLayoutEffectOnFiber @ webpack-internal:///…evelopment.js:21407
recursivelyTraverseLayoutEffects @ webpack-internal:///…evelopment.js:22926
commitLayoutEffectOnFiber @ webpack-internal:///…evelopment.js:21407
recursivelyTraverseLayoutEffects @ webpack-internal:///…evelopment.js:22926
commitLayoutEffectOnFiber @ webpack-internal:///…evelopment.js:21418
recursivelyTraverseLayoutEffects @ webpack-internal:///…evelopment.js:22926
commitLayoutEffectOnFiber @ webpack-internal:///…evelopment.js:21407
recursivelyTraverseLayoutEffects @ webpack-internal:///…evelopment.js:22926
commitLayoutEffectOnFiber @ webpack-internal:///…evelopment.js:21407
recursivelyTraverseLayoutEffects @ webpack-internal:///…evelopment.js:22926
commitLayoutEffectOnFiber @ webpack-internal:///…evelopment.js:21577
recursivelyTraverseLayoutEffects @ webpack-internal:///…evelopment.js:22926
commitLayoutEffectOnFiber @ webpack-internal:///…evelopment.js:21407
recursivelyTraverseLayoutEffects @ webpack-internal:///…evelopment.js:22926
commitLayoutEffectOnFiber @ webpack-internal:///…evelopment.js:21577
recursivelyTraverseLayoutEffects @ webpack-internal:///…evelopment.js:22926
commitLayoutEffectOnFiber @ webpack-internal:///…evelopment.js:21407
recursivelyTraverseLayoutEffects @ webpack-internal:///…evelopment.js:22926
commitLayoutEffectOnFiber @ webpack-internal:///…evelopment.js:21418
recursivelyTraverseLayoutEffects @ webpack-internal:///…evelopment.js:22926
commitLayoutEffectOnFiber @ webpack-internal:///…evelopment.js:21407
recursivelyTraverseLayoutEffects @ webpack-internal:///…evelopment.js:22926
commitLayoutEffectOnFiber @ webpack-internal:///…evelopment.js:21418
recursivelyTraverseLayoutEffects @ webpack-internal:///…evelopment.js:22926
commitLayoutEffectOnFiber @ webpack-internal:///…evelopment.js:21407
recursivelyTraverseLayoutEffects @ webpack-internal:///…evelopment.js:22926
commitLayoutEffectOnFiber @ webpack-internal:///…evelopment.js:21407
recursivelyTraverseLayoutEffects @ webpack-internal:///…evelopment.js:22926
commitLayoutEffectOnFiber @ webpack-internal:///…evelopment.js:21407
recursivelyTraverseLayoutEffects @ webpack-internal:///…evelopment.js:22926
commitLayoutEffectOnFiber @ webpack-internal:///…evelopment.js:21418
recursivelyTraverseLayoutEffects @ webpack-internal:///…evelopment.js:22926
commitLayoutEffectOnFiber @ webpack-internal:///…evelopment.js:21407
recursivelyTraverseLayoutEffects @ webpack-internal:///…evelopment.js:22926
commitLayoutEffectOnFiber @ webpack-internal:///…evelopment.js:21407
recursivelyTraverseLayoutEffects @ webpack-internal:///…evelopment.js:22926
commitLayoutEffectOnFiber @ webpack-internal:///…evelopment.js:21577
recursivelyTraverseLayoutEffects @ webpack-internal:///…evelopment.js:22926
commitLayoutEffectOnFiber @ webpack-internal:///…evelopment.js:21407
recursivelyTraverseLayoutEffects @ webpack-internal:///…evelopment.js:22926
commitLayoutEffectOnFiber @ webpack-internal:///…evelopment.js:21488
recursivelyTraverseLayoutEffects @ webpack-internal:///…evelopment.js:22926
commitLayoutEffectOnFiber @ webpack-internal:///…evelopment.js:21577
recursivelyTraverseLayoutEffects @ webpack-internal:///…evelopment.js:22926
commitLayoutEffectOnFiber @ webpack-internal:///…evelopment.js:21407
recursivelyTraverseLayoutEffects @ webpack-internal:///…evelopment.js:22926
commitLayoutEffectOnFiber @ webpack-internal:///…evelopment.js:21577
recursivelyTraverseLayoutEffects @ webpack-internal:///…evelopment.js:22926
commitLayoutEffectOnFiber @ webpack-internal:///…evelopment.js:21407
recursivelyTraverseLayoutEffects @ webpack-internal:///…evelopment.js:22926
commitLayoutEffectOnFiber @ webpack-internal:///…evelopment.js:21577
recursivelyTraverseLayoutEffects @ webpack-internal:///…evelopment.js:22926
commitLayoutEffectOnFiber @ webpack-internal:///…evelopment.js:21407
recursivelyTraverseLayoutEffects @ webpack-internal:///…evelopment.js:22926
commitLayoutEffectOnFiber @ webpack-internal:///…evelopment.js:21577
recursivelyTraverseLayoutEffects @ webpack-internal:///…evelopment.js:22926
commitLayoutEffectOnFiber @ webpack-internal:///…evelopment.js:21407
recursivelyTraverseLayoutEffects @ webpack-internal:///…evelopment.js:22926
commitLayoutEffectOnFiber @ webpack-internal:///…evelopment.js:21577
recursivelyTraverseLayoutEffects @ webpack-internal:///…evelopment.js:22926
commitLayoutEffectOnFiber @ webpack-internal:///…evelopment.js:21407
recursivelyTraverseLayoutEffects @ webpack-internal:///…evelopment.js:22926
commitLayoutEffectOnFiber @ webpack-internal:///…evelopment.js:21407
recursivelyTraverseLayoutEffects @ webpack-internal:///…evelopment.js:22926
commitLayoutEffectOnFiber @ webpack-internal:///…evelopment.js:21488
recursivelyTraverseLayoutEffects @ webpack-internal:///…evelopment.js:22926
commitLayoutEffectOnFiber @ webpack-internal:///…evelopment.js:21488
recursivelyTraverseLayoutEffects @ webpack-internal:///…evelopment.js:22926
commitLayoutEffectOnFiber @ webpack-internal:///…evelopment.js:21577
recursivelyTraverseLayoutEffects @ webpack-internal:///…evelopment.js:22926
commitLayoutEffectOnFiber @ webpack-internal:///…evelopment.js:21577
recursivelyTraverseLayoutEffects @ webpack-internal:///…evelopment.js:22926
commitLayoutEffectOnFiber @ webpack-internal:///…evelopment.js:21418
recursivelyTraverseLayoutEffects @ webpack-internal:///…evelopment.js:22926
commitLayoutEffectOnFiber @ webpack-internal:///…evelopment.js:21407
recursivelyTraverseLayoutEffects @ webpack-internal:///…evelopment.js:22926
commitLayoutEffectOnFiber @ webpack-internal:///…evelopment.js:21577
recursivelyTraverseLayoutEffects @ webpack-internal:///…evelopment.js:22926
commitLayoutEffectOnFiber @ webpack-internal:///…evelopment.js:21418
recursivelyTraverseLayoutEffects @ webpack-internal:///…evelopment.js:22926
commitLayoutEffectOnFiber @ webpack-internal:///…evelopment.js:21407
recursivelyTraverseLayoutEffects @ webpack-internal:///…evelopment.js:22926
commitLayoutEffectOnFiber @ webpack-internal:///…evelopment.js:21407
recursivelyTraverseLayoutEffects @ webpack-internal:///…evelopment.js:22926
commitLayoutEffectOnFiber @ webpack-internal:///…evelopment.js:21418
recursivelyTraverseLayoutEffects @ webpack-internal:///…evelopment.js:22926
commitLayoutEffectOnFiber @ webpack-internal:///…evelopment.js:21407
recursivelyTraverseLayoutEffects @ webpack-internal:///…evelopment.js:22926
commitLayoutEffectOnFiber @ webpack-internal:///…evelopment.js:21577
recursivelyTraverseLayoutEffects @ webpack-internal:///…evelopment.js:22926
commitLayoutEffectOnFiber @ webpack-internal:///…evelopment.js:21577
recursivelyTraverseLayoutEffects @ webpack-internal:///…evelopment.js:22926
commitLayoutEffectOnFiber @ webpack-internal:///…evelopment.js:21577
recursivelyTraverseLayoutEffects @ webpack-internal:///…evelopment.js:22926
commitLayoutEffectOnFiber @ webpack-internal:///…evelopment.js:21577
recursivelyTraverseLayoutEffects @ webpack-internal:///…evelopment.js:22926
commitLayoutEffectOnFiber @ webpack-internal:///…evelopment.js:21577
recursivelyTraverseLayoutEffects @ webpack-internal:///…evelopment.js:22926
commitLayoutEffectOnFiber @ webpack-internal:///…evelopment.js:21577
recursivelyTraverseLayoutEffects @ webpack-internal:///…evelopment.js:22926
commitLayoutEffectOnFiber @ webpack-internal:///…evelopment.js:21407
recursivelyTraverseLayoutEffects @ webpack-internal:///…evelopment.js:22926
commitLayoutEffectOnFiber @ webpack-internal:///…evelopment.js:21418
recursivelyTraverseLayoutEffects @ webpack-internal:///…evelopment.js:22926
commitLayoutEffectOnFiber @ webpack-internal:///…evelopment.js:21407
recursivelyTraverseLayoutEffects @ webpack-internal:///…evelopment.js:22926
commitLayoutEffectOnFiber @ webpack-internal:///…evelopment.js:21407
recursivelyTraverseLayoutEffects @ webpack-internal:///…evelopment.js:22926
commitLayoutEffectOnFiber @ webpack-internal:///…evelopment.js:21407
recursivelyTraverseLayoutEffects @ webpack-internal:///…evelopment.js:22926
commitLayoutEffectOnFiber @ webpack-internal:///…evelopment.js:21407
recursivelyTraverseLayoutEffects @ webpack-internal:///…evelopment.js:22926
commitLayoutEffectOnFiber @ webpack-internal:///…evelopment.js:21577
recursivelyTraverseLayoutEffects @ webpack-internal:///…evelopment.js:22926
commitLayoutEffectOnFiber @ webpack-internal:///…evelopment.js:21577
recursivelyTraverseLayoutEffects @ webpack-internal:///…evelopment.js:22926
commitLayoutEffectOnFiber @ webpack-internal:///…evelopment.js:21577
recursivelyTraverseLayoutEffects @ webpack-internal:///…evelopment.js:22926
commitLayoutEffectOnFiber @ webpack-internal:///…evelopment.js:21437
commitLayoutEffects @ webpack-internal:///…evelopment.js:22912
commitRootImpl @ webpack-internal:///…evelopment.js:26226
commitRoot @ webpack-internal:///…evelopment.js:26077
commitRootWhenReady @ webpack-internal:///…evelopment.js:24749
finishConcurrentRender @ webpack-internal:///…evelopment.js:24714
performConcurrentWorkOnRoot @ webpack-internal:///…evelopment.js:24559
workLoop @ webpack-internal:///….development.js:256
flushWork @ webpack-internal:///….development.js:225
performWorkUntilDeadline @ webpack-internal:///….development.js:534
10:20:08.783  [CallModal] 🔄 Waiting for stream to become active for cmeumah180000kuygq63oa1qx
10:20:08.907  [VoiceActivity] Effect triggered: {hasStream: true, streamId: 'bc884001-458b-454b-890a-15ea46c82cad', audioTracks: 0, threshold: -40}
10:20:08.907  [VoiceActivity] No audio tracks in stream, cleaning up
10:20:08.907  [VoiceActivity] Effect triggered: {hasStream: true, streamId: '11f1cb2e-ff24-4f0a-9e82-dab593c0342f', audioTracks: 1, threshold: -40}
10:20:08.908  [VoiceActivity] Initializing for stream: 11f1cb2e-ff24-4f0a-9e82-dab593c0342f with 1 audio tracks
10:20:08.909  [VoiceActivity] Effect triggered: {hasStream: true, streamId: 'bc884001-458b-454b-890a-15ea46c82cad', audioTracks: 0, threshold: -40}
10:20:08.909  [VoiceActivity] No audio tracks in stream, cleaning up
10:20:08.909  [VoiceActivity] Effect triggered: {hasStream: true, streamId: '11f1cb2e-ff24-4f0a-9e82-dab593c0342f', audioTracks: 1, threshold: -40}
10:20:08.909  [VoiceActivity] Initializing for stream: 11f1cb2e-ff24-4f0a-9e82-dab593c0342f with 1 audio tracks
10:20:08.910  [CallModal] Rendered - voice call opened
10:20:08.910  [CallModal] Rendered - voice call opened
10:20:08.911  [CallModal] Audio loadeddata event for cmeifn5qp002dkunge64m0xss
10:20:08.911  [CallModal] Audio can play for cmeifn5qp002dkunge64m0xss
10:20:08.911  [CallModal] Audio canplay event for cmeifn5qp002dkunge64m0xss
10:20:08.911  [CallModal] Audio is playing for cmeifn5qp002dkunge64m0xss
10:20:08.911  [CallModal] ✅ Audio playing immediately for participant cmeifn5qp002dkunge64m0xss
10:20:08.911  [CallModal] ✅ Audio playing immediately for participant cmeifn5qp002dkunge64m0xss
10:20:08.911  [CallModal] ✅ Audio playing immediately for participant cmeifn5qp002dkunge64m0xss
10:20:09.046  [VoiceActivity] Volume analysis: {average: '11.4', volume: '-27.0', threshold: -50, speaking: true, streamActive: true, …}
10:20:09.062  [WebRTC] 🔍 Post-offer state for cmeumah180000kuygq63oa1qx : {connectionState: 'connecting', signalingState: 'stable', iceConnectionState: 'connected', iceGatheringState: 'complete'}
10:20:09.112  [CallModal] Rendered - voice call opened
10:20:09.113  [CallModal] Rendered - voice call opened
10:20:09.114  [VoiceParticipant] Zber Samolde voice activity debug: {participantId: 'cmeumah180000kuygq63oa1qx', hasOriginalStream: true, hasLatestStream: true, streamActive: false, audioTracksCount: 0, …}
10:20:09.115  [VoiceParticipant] Zber Samolde voice activity debug: {participantId: 'cmeumah180000kuygq63oa1qx', hasOriginalStream: true, hasLatestStream: true, streamActive: false, audioTracksCount: 0, …}
10:20:09.116  [VoiceParticipant] Tester2 voice activity debug: {participantId: 'cmeifn5qp002dkunge64m0xss', hasOriginalStream: true, hasLatestStream: true, streamActive: true, audioTracksCount: 1, …}
10:20:09.116  [VoiceParticipant] Tester2 voice activity debug: {participantId: 'cmeifn5qp002dkunge64m0xss', hasOriginalStream: true, hasLatestStream: true, streamActive: true, audioTracksCount: 1, …}
10:20:09.118  [CallModal] 🔊 Setting up audio element for participant cmeifn5qp002dkunge64m0xss
10:20:09.119  [CallModal] Stream details: {id: '11f1cb2e-ff24-4f0a-9e82-dab593c0342f', active: true, audioTracks: Array(1)}
10:20:09.119  [CallModal] Previous audio element for cmeifn5qp002dkunge64m0xss: false
10:20:09.121  [CallModal] Cleared previous srcObject for cmeifn5qp002dkunge64m0xss
10:20:09.122  [CallModal] 🔊 Setting up audio element for participant cmeumah180000kuygq63oa1qx
10:20:09.123  [CallModal] Stream details: {id: 'bc884001-458b-454b-890a-15ea46c82cad', active: false, audioTracks: Array(0)}
10:20:09.123  [CallModal] Previous audio element for cmeumah180000kuygq63oa1qx: false
10:20:09.125  [CallModal] Cleared previous srcObject for cmeumah180000kuygq63oa1qx
10:20:09.126  [CallModal] 🔄 Stream not ready, waiting...
10:20:09.126  [CallModal] ❌ Initial audio play failed for cmeumah180000kuygq63oa1qx: 
attemptPlay @ webpack-internal:///…/CallModal.tsx:3122
ref @ webpack-internal:///…/CallModal.tsx:3156
commitAttachRef @ webpack-internal:///…evelopment.js:21677
safelyAttachRef @ webpack-internal:///…evelopment.js:20803
commitLayoutEffectOnFiber @ webpack-internal:///…evelopment.js:21498
recursivelyTraverseLayoutEffects @ webpack-internal:///…evelopment.js:22926
commitLayoutEffectOnFiber @ webpack-internal:///…evelopment.js:21577
recursivelyTraverseLayoutEffects @ webpack-internal:///…evelopment.js:22926
commitLayoutEffectOnFiber @ webpack-internal:///…evelopment.js:21488
recursivelyTraverseLayoutEffects @ webpack-internal:///…evelopment.js:22926
commitLayoutEffectOnFiber @ webpack-internal:///…evelopment.js:21488
recursivelyTraverseLayoutEffects @ webpack-internal:///…evelopment.js:22926
commitLayoutEffectOnFiber @ webpack-internal:///…evelopment.js:21488
recursivelyTraverseLayoutEffects @ webpack-internal:///…evelopment.js:22926
commitLayoutEffectOnFiber @ webpack-internal:///…evelopment.js:21488
recursivelyTraverseLayoutEffects @ webpack-internal:///…evelopment.js:22926
commitLayoutEffectOnFiber @ webpack-internal:///…evelopment.js:21407
recursivelyTraverseLayoutEffects @ webpack-internal:///…evelopment.js:22926
commitLayoutEffectOnFiber @ webpack-internal:///…evelopment.js:21488
recursivelyTraverseLayoutEffects @ webpack-internal:///…evelopment.js:22926
commitLayoutEffectOnFiber @ webpack-internal:///…evelopment.js:21407
recursivelyTraverseLayoutEffects @ webpack-internal:///…evelopment.js:22926
commitLayoutEffectOnFiber @ webpack-internal:///…evelopment.js:21488
recursivelyTraverseLayoutEffects @ webpack-internal:///…evelopment.js:22926
commitLayoutEffectOnFiber @ webpack-internal:///…evelopment.js:21488
recursivelyTraverseLayoutEffects @ webpack-internal:///…evelopment.js:22926
commitLayoutEffectOnFiber @ webpack-internal:///…evelopment.js:21488
recursivelyTraverseLayoutEffects @ webpack-internal:///…evelopment.js:22926
commitLayoutEffectOnFiber @ webpack-internal:///…evelopment.js:21407
recursivelyTraverseLayoutEffects @ webpack-internal:///…evelopment.js:22926
commitLayoutEffectOnFiber @ webpack-internal:///…evelopment.js:21407
recursivelyTraverseLayoutEffects @ webpack-internal:///…evelopment.js:22926
commitLayoutEffectOnFiber @ webpack-internal:///…evelopment.js:21577
recursivelyTraverseLayoutEffects @ webpack-internal:///…evelopment.js:22926
commitLayoutEffectOnFiber @ webpack-internal:///…evelopment.js:21577
recursivelyTraverseLayoutEffects @ webpack-internal:///…evelopment.js:22926
commitLayoutEffectOnFiber @ webpack-internal:///…evelopment.js:21407
recursivelyTraverseLayoutEffects @ webpack-internal:///…evelopment.js:22926
commitLayoutEffectOnFiber @ webpack-internal:///…evelopment.js:21418
recursivelyTraverseLayoutEffects @ webpack-internal:///…evelopment.js:22926
commitLayoutEffectOnFiber @ webpack-internal:///…evelopment.js:21407
recursivelyTraverseLayoutEffects @ webpack-internal:///…evelopment.js:22926
commitLayoutEffectOnFiber @ webpack-internal:///…evelopment.js:21407
recursivelyTraverseLayoutEffects @ webpack-internal:///…evelopment.js:22926
commitLayoutEffectOnFiber @ webpack-internal:///…evelopment.js:21407
recursivelyTraverseLayoutEffects @ webpack-internal:///…evelopment.js:22926
commitLayoutEffectOnFiber @ webpack-internal:///…evelopment.js:21407
recursivelyTraverseLayoutEffects @ webpack-internal:///…evelopment.js:22926
commitLayoutEffectOnFiber @ webpack-internal:///…evelopment.js:21418
recursivelyTraverseLayoutEffects @ webpack-internal:///…evelopment.js:22926
commitLayoutEffectOnFiber @ webpack-internal:///…evelopment.js:21407
recursivelyTraverseLayoutEffects @ webpack-internal:///…evelopment.js:22926
commitLayoutEffectOnFiber @ webpack-internal:///…evelopment.js:21407
recursivelyTraverseLayoutEffects @ webpack-internal:///…evelopment.js:22926
commitLayoutEffectOnFiber @ webpack-internal:///…evelopment.js:21577
recursivelyTraverseLayoutEffects @ webpack-internal:///…evelopment.js:22926
commitLayoutEffectOnFiber @ webpack-internal:///…evelopment.js:21407
recursivelyTraverseLayoutEffects @ webpack-internal:///…evelopment.js:22926
commitLayoutEffectOnFiber @ webpack-internal:///…evelopment.js:21577
recursivelyTraverseLayoutEffects @ webpack-internal:///…evelopment.js:22926
commitLayoutEffectOnFiber @ webpack-internal:///…evelopment.js:21407
recursivelyTraverseLayoutEffects @ webpack-internal:///…evelopment.js:22926
commitLayoutEffectOnFiber @ webpack-internal:///…evelopment.js:21418
recursivelyTraverseLayoutEffects @ webpack-internal:///…evelopment.js:22926
commitLayoutEffectOnFiber @ webpack-internal:///…evelopment.js:21407
recursivelyTraverseLayoutEffects @ webpack-internal:///…evelopment.js:22926
commitLayoutEffectOnFiber @ webpack-internal:///…evelopment.js:21418
recursivelyTraverseLayoutEffects @ webpack-internal:///…evelopment.js:22926
commitLayoutEffectOnFiber @ webpack-internal:///…evelopment.js:21407
recursivelyTraverseLayoutEffects @ webpack-internal:///…evelopment.js:22926
commitLayoutEffectOnFiber @ webpack-internal:///…evelopment.js:21407
recursivelyTraverseLayoutEffects @ webpack-internal:///…evelopment.js:22926
commitLayoutEffectOnFiber @ webpack-internal:///…evelopment.js:21407
recursivelyTraverseLayoutEffects @ webpack-internal:///…evelopment.js:22926
commitLayoutEffectOnFiber @ webpack-internal:///…evelopment.js:21418
recursivelyTraverseLayoutEffects @ webpack-internal:///…evelopment.js:22926
commitLayoutEffectOnFiber @ webpack-internal:///…evelopment.js:21407
recursivelyTraverseLayoutEffects @ webpack-internal:///…evelopment.js:22926
commitLayoutEffectOnFiber @ webpack-internal:///…evelopment.js:21407
recursivelyTraverseLayoutEffects @ webpack-internal:///…evelopment.js:22926
commitLayoutEffectOnFiber @ webpack-internal:///…evelopment.js:21577
recursivelyTraverseLayoutEffects @ webpack-internal:///…evelopment.js:22926
commitLayoutEffectOnFiber @ webpack-internal:///…evelopment.js:21407
recursivelyTraverseLayoutEffects @ webpack-internal:///…evelopment.js:22926
commitLayoutEffectOnFiber @ webpack-internal:///…evelopment.js:21488
recursivelyTraverseLayoutEffects @ webpack-internal:///…evelopment.js:22926
commitLayoutEffectOnFiber @ webpack-internal:///…evelopment.js:21577
recursivelyTraverseLayoutEffects @ webpack-internal:///…evelopment.js:22926
commitLayoutEffectOnFiber @ webpack-internal:///…evelopment.js:21407
recursivelyTraverseLayoutEffects @ webpack-internal:///…evelopment.js:22926
commitLayoutEffectOnFiber @ webpack-internal:///…evelopment.js:21577
recursivelyTraverseLayoutEffects @ webpack-internal:///…evelopment.js:22926
commitLayoutEffectOnFiber @ webpack-internal:///…evelopment.js:21407
recursivelyTraverseLayoutEffects @ webpack-internal:///…evelopment.js:22926
commitLayoutEffectOnFiber @ webpack-internal:///…evelopment.js:21577
recursivelyTraverseLayoutEffects @ webpack-internal:///…evelopment.js:22926
commitLayoutEffectOnFiber @ webpack-internal:///…evelopment.js:21407
recursivelyTraverseLayoutEffects @ webpack-internal:///…evelopment.js:22926
commitLayoutEffectOnFiber @ webpack-internal:///…evelopment.js:21577
recursivelyTraverseLayoutEffects @ webpack-internal:///…evelopment.js:22926
commitLayoutEffectOnFiber @ webpack-internal:///…evelopment.js:21407
recursivelyTraverseLayoutEffects @ webpack-internal:///…evelopment.js:22926
commitLayoutEffectOnFiber @ webpack-internal:///…evelopment.js:21577
recursivelyTraverseLayoutEffects @ webpack-internal:///…evelopment.js:22926
commitLayoutEffectOnFiber @ webpack-internal:///…evelopment.js:21407
recursivelyTraverseLayoutEffects @ webpack-internal:///…evelopment.js:22926
commitLayoutEffectOnFiber @ webpack-internal:///…evelopment.js:21407
recursivelyTraverseLayoutEffects @ webpack-internal:///…evelopment.js:22926
commitLayoutEffectOnFiber @ webpack-internal:///…evelopment.js:21488
recursivelyTraverseLayoutEffects @ webpack-internal:///…evelopment.js:22926
commitLayoutEffectOnFiber @ webpack-internal:///…evelopment.js:21488
recursivelyTraverseLayoutEffects @ webpack-internal:///…evelopment.js:22926
commitLayoutEffectOnFiber @ webpack-internal:///…evelopment.js:21577
recursivelyTraverseLayoutEffects @ webpack-internal:///…evelopment.js:22926
commitLayoutEffectOnFiber @ webpack-internal:///…evelopment.js:21577
recursivelyTraverseLayoutEffects @ webpack-internal:///…evelopment.js:22926
commitLayoutEffectOnFiber @ webpack-internal:///…evelopment.js:21418
recursivelyTraverseLayoutEffects @ webpack-internal:///…evelopment.js:22926
commitLayoutEffectOnFiber @ webpack-internal:///…evelopment.js:21407
recursivelyTraverseLayoutEffects @ webpack-internal:///…evelopment.js:22926
commitLayoutEffectOnFiber @ webpack-internal:///…evelopment.js:21577
recursivelyTraverseLayoutEffects @ webpack-internal:///…evelopment.js:22926
commitLayoutEffectOnFiber @ webpack-internal:///…evelopment.js:21418
recursivelyTraverseLayoutEffects @ webpack-internal:///…evelopment.js:22926
commitLayoutEffectOnFiber @ webpack-internal:///…evelopment.js:21407
recursivelyTraverseLayoutEffects @ webpack-internal:///…evelopment.js:22926
commitLayoutEffectOnFiber @ webpack-internal:///…evelopment.js:21407
recursivelyTraverseLayoutEffects @ webpack-internal:///…evelopment.js:22926
commitLayoutEffectOnFiber @ webpack-internal:///…evelopment.js:21418
recursivelyTraverseLayoutEffects @ webpack-internal:///…evelopment.js:22926
commitLayoutEffectOnFiber @ webpack-internal:///…evelopment.js:21407
recursivelyTraverseLayoutEffects @ webpack-internal:///…evelopment.js:22926
commitLayoutEffectOnFiber @ webpack-internal:///…evelopment.js:21577
recursivelyTraverseLayoutEffects @ webpack-internal:///…evelopment.js:22926
commitLayoutEffectOnFiber @ webpack-internal:///…evelopment.js:21577
recursivelyTraverseLayoutEffects @ webpack-internal:///…evelopment.js:22926
commitLayoutEffectOnFiber @ webpack-internal:///…evelopment.js:21577
recursivelyTraverseLayoutEffects @ webpack-internal:///…evelopment.js:22926
commitLayoutEffectOnFiber @ webpack-internal:///…evelopment.js:21577
recursivelyTraverseLayoutEffects @ webpack-internal:///…evelopment.js:22926
commitLayoutEffectOnFiber @ webpack-internal:///…evelopment.js:21577
recursivelyTraverseLayoutEffects @ webpack-internal:///…evelopment.js:22926
commitLayoutEffectOnFiber @ webpack-internal:///…evelopment.js:21577
recursivelyTraverseLayoutEffects @ webpack-internal:///…evelopment.js:22926
commitLayoutEffectOnFiber @ webpack-internal:///…evelopment.js:21407
recursivelyTraverseLayoutEffects @ webpack-internal:///…evelopment.js:22926
commitLayoutEffectOnFiber @ webpack-internal:///…evelopment.js:21418
recursivelyTraverseLayoutEffects @ webpack-internal:///…evelopment.js:22926
commitLayoutEffectOnFiber @ webpack-internal:///…evelopment.js:21407
recursivelyTraverseLayoutEffects @ webpack-internal:///…evelopment.js:22926
commitLayoutEffectOnFiber @ webpack-internal:///…evelopment.js:21407
recursivelyTraverseLayoutEffects @ webpack-internal:///…evelopment.js:22926
commitLayoutEffectOnFiber @ webpack-internal:///…evelopment.js:21407
recursivelyTraverseLayoutEffects @ webpack-internal:///…evelopment.js:22926
commitLayoutEffectOnFiber @ webpack-internal:///…evelopment.js:21407
recursivelyTraverseLayoutEffects @ webpack-internal:///…evelopment.js:22926
commitLayoutEffectOnFiber @ webpack-internal:///…evelopment.js:21577
recursivelyTraverseLayoutEffects @ webpack-internal:///…evelopment.js:22926
commitLayoutEffectOnFiber @ webpack-internal:///…evelopment.js:21577
recursivelyTraverseLayoutEffects @ webpack-internal:///…evelopment.js:22926
commitLayoutEffectOnFiber @ webpack-internal:///…evelopment.js:21577
recursivelyTraverseLayoutEffects @ webpack-internal:///…evelopment.js:22926
commitLayoutEffectOnFiber @ webpack-internal:///…evelopment.js:21437
commitLayoutEffects @ webpack-internal:///…evelopment.js:22912
commitRootImpl @ webpack-internal:///…evelopment.js:26226
commitRoot @ webpack-internal:///…evelopment.js:26077
commitRootWhenReady @ webpack-internal:///…evelopment.js:24749
finishConcurrentRender @ webpack-internal:///…evelopment.js:24714
performConcurrentWorkOnRoot @ webpack-internal:///…evelopment.js:24559
workLoop @ webpack-internal:///….development.js:256
flushWork @ webpack-internal:///….development.js:225
performWorkUntilDeadline @ webpack-internal:///….development.js:534
10:20:09.127  [CallModal] 🔄 Waiting for stream to become active for cmeumah180000kuygq63oa1qx
10:20:09.145  [VoiceActivity] Effect triggered: {hasStream: true, streamId: 'bc884001-458b-454b-890a-15ea46c82cad', audioTracks: 0, threshold: -40}
10:20:09.146  [VoiceActivity] No audio tracks in stream, cleaning up
10:20:09.146  [VoiceActivity] Effect triggered: {hasStream: true, streamId: '11f1cb2e-ff24-4f0a-9e82-dab593c0342f', audioTracks: 1, threshold: -40}
10:20:09.146  [VoiceActivity] Initializing for stream: 11f1cb2e-ff24-4f0a-9e82-dab593c0342f with 1 audio tracks
10:20:09.148  [VoiceActivity] Effect triggered: {hasStream: true, streamId: 'bc884001-458b-454b-890a-15ea46c82cad', audioTracks: 0, threshold: -40}
10:20:09.148  [VoiceActivity] No audio tracks in stream, cleaning up
10:20:09.148  [VoiceActivity] Effect triggered: {hasStream: true, streamId: '11f1cb2e-ff24-4f0a-9e82-dab593c0342f', audioTracks: 1, threshold: -40}
10:20:09.148  [VoiceActivity] Initializing for stream: 11f1cb2e-ff24-4f0a-9e82-dab593c0342f with 1 audio tracks
10:20:09.154  [CallModal] Audio loadeddata event for cmeifn5qp002dkunge64m0xss
10:20:09.154  [CallModal] Audio can play for cmeifn5qp002dkunge64m0xss
10:20:09.154  [CallModal] Audio canplay event for cmeifn5qp002dkunge64m0xss
10:20:09.154  [CallModal] Audio is playing for cmeifn5qp002dkunge64m0xss
10:20:09.154  [CallModal] ✅ Audio playing immediately for participant cmeifn5qp002dkunge64m0xss
10:20:09.155  [CallModal] ✅ Audio playing immediately for participant cmeifn5qp002dkunge64m0xss
10:20:09.155  [CallModal] ✅ Audio playing immediately for participant cmeifn5qp002dkunge64m0xss
10:20:09.155  [CallModal] Rendered - voice call opened
10:20:09.156  [CallModal] Rendered - voice call opened
10:20:09.169  [CallModal] Rendered - voice call opened
10:20:09.170  [CallModal] Rendered - voice call opened
10:20:09.171  [VoiceParticipant] Zber Samolde voice activity debug: {participantId: 'cmeumah180000kuygq63oa1qx', hasOriginalStream: true, hasLatestStream: true, streamActive: false, audioTracksCount: 0, …}
10:20:09.171  [VoiceParticipant] Zber Samolde voice activity debug: {participantId: 'cmeumah180000kuygq63oa1qx', hasOriginalStream: true, hasLatestStream: true, streamActive: false, audioTracksCount: 0, …}
10:20:09.171  [VoiceParticipant] Tester2 voice activity debug: {participantId: 'cmeifn5qp002dkunge64m0xss', hasOriginalStream: true, hasLatestStream: true, streamActive: true, audioTracksCount: 1, …}
10:20:09.172  [VoiceParticipant] Tester2 voice activity debug: {participantId: 'cmeifn5qp002dkunge64m0xss', hasOriginalStream: true, hasLatestStream: true, streamActive: true, audioTracksCount: 1, …}
10:20:09.173  [CallModal] 🔊 Setting up audio element for participant cmeifn5qp002dkunge64m0xss
10:20:09.174  [CallModal] Stream details: {id: '11f1cb2e-ff24-4f0a-9e82-dab593c0342f', active: true, audioTracks: Array(1)}
10:20:09.174  [CallModal] Previous audio element for cmeifn5qp002dkunge64m0xss: false
10:20:09.177  [CallModal] Cleared previous srcObject for cmeifn5qp002dkunge64m0xss
10:20:09.178  [CallModal] 🔊 Setting up audio element for participant cmeumah180000kuygq63oa1qx
10:20:09.179  [CallModal] Stream details: {id: 'bc884001-458b-454b-890a-15ea46c82cad', active: false, audioTracks: Array(0)}
10:20:09.179  [CallModal] Previous audio element for cmeumah180000kuygq63oa1qx: false
10:20:09.180  [CallModal] Cleared previous srcObject for cmeumah180000kuygq63oa1qx
10:20:09.181  [CallModal] 🔄 Stream not ready, waiting...
10:20:09.181  [CallModal] ❌ Initial audio play failed for cmeumah180000kuygq63oa1qx: 
attemptPlay @ webpack-internal:///…/CallModal.tsx:3122
ref @ webpack-internal:///…/CallModal.tsx:3156
commitAttachRef @ webpack-internal:///…evelopment.js:21677
safelyAttachRef @ webpack-internal:///…evelopment.js:20803
commitLayoutEffectOnFiber @ webpack-internal:///…evelopment.js:21498
recursivelyTraverseLayoutEffects @ webpack-internal:///…evelopment.js:22926
commitLayoutEffectOnFiber @ webpack-internal:///…evelopment.js:21577
recursivelyTraverseLayoutEffects @ webpack-internal:///…evelopment.js:22926
commitLayoutEffectOnFiber @ webpack-internal:///…evelopment.js:21488
recursivelyTraverseLayoutEffects @ webpack-internal:///…evelopment.js:22926
commitLayoutEffectOnFiber @ webpack-internal:///…evelopment.js:21488
recursivelyTraverseLayoutEffects @ webpack-internal:///…evelopment.js:22926
commitLayoutEffectOnFiber @ webpack-internal:///…evelopment.js:21488
recursivelyTraverseLayoutEffects @ webpack-internal:///…evelopment.js:22926
commitLayoutEffectOnFiber @ webpack-internal:///…evelopment.js:21488
recursivelyTraverseLayoutEffects @ webpack-internal:///…evelopment.js:22926
commitLayoutEffectOnFiber @ webpack-internal:///…evelopment.js:21407
recursivelyTraverseLayoutEffects @ webpack-internal:///…evelopment.js:22926
commitLayoutEffectOnFiber @ webpack-internal:///…evelopment.js:21488
recursivelyTraverseLayoutEffects @ webpack-internal:///…evelopment.js:22926
commitLayoutEffectOnFiber @ webpack-internal:///…evelopment.js:21407
recursivelyTraverseLayoutEffects @ webpack-internal:///…evelopment.js:22926
commitLayoutEffectOnFiber @ webpack-internal:///…evelopment.js:21488
recursivelyTraverseLayoutEffects @ webpack-internal:///…evelopment.js:22926
commitLayoutEffectOnFiber @ webpack-internal:///…evelopment.js:21488
recursivelyTraverseLayoutEffects @ webpack-internal:///…evelopment.js:22926
commitLayoutEffectOnFiber @ webpack-internal:///…evelopment.js:21488
recursivelyTraverseLayoutEffects @ webpack-internal:///…evelopment.js:22926
commitLayoutEffectOnFiber @ webpack-internal:///…evelopment.js:21407
recursivelyTraverseLayoutEffects @ webpack-internal:///…evelopment.js:22926
commitLayoutEffectOnFiber @ webpack-internal:///…evelopment.js:21407
recursivelyTraverseLayoutEffects @ webpack-internal:///…evelopment.js:22926
commitLayoutEffectOnFiber @ webpack-internal:///…evelopment.js:21577
recursivelyTraverseLayoutEffects @ webpack-internal:///…evelopment.js:22926
commitLayoutEffectOnFiber @ webpack-internal:///…evelopment.js:21577
recursivelyTraverseLayoutEffects @ webpack-internal:///…evelopment.js:22926
commitLayoutEffectOnFiber @ webpack-internal:///…evelopment.js:21407
recursivelyTraverseLayoutEffects @ webpack-internal:///…evelopment.js:22926
commitLayoutEffectOnFiber @ webpack-internal:///…evelopment.js:21418
recursivelyTraverseLayoutEffects @ webpack-internal:///…evelopment.js:22926
commitLayoutEffectOnFiber @ webpack-internal:///…evelopment.js:21407
recursivelyTraverseLayoutEffects @ webpack-internal:///…evelopment.js:22926
commitLayoutEffectOnFiber @ webpack-internal:///…evelopment.js:21407
recursivelyTraverseLayoutEffects @ webpack-internal:///…evelopment.js:22926
commitLayoutEffectOnFiber @ webpack-internal:///…evelopment.js:21407
recursivelyTraverseLayoutEffects @ webpack-internal:///…evelopment.js:22926
commitLayoutEffectOnFiber @ webpack-internal:///…evelopment.js:21407
recursivelyTraverseLayoutEffects @ webpack-internal:///…evelopment.js:22926
commitLayoutEffectOnFiber @ webpack-internal:///…evelopment.js:21418
recursivelyTraverseLayoutEffects @ webpack-internal:///…evelopment.js:22926
commitLayoutEffectOnFiber @ webpack-internal:///…evelopment.js:21407
recursivelyTraverseLayoutEffects @ webpack-internal:///…evelopment.js:22926
commitLayoutEffectOnFiber @ webpack-internal:///…evelopment.js:21407
recursivelyTraverseLayoutEffects @ webpack-internal:///…evelopment.js:22926
commitLayoutEffectOnFiber @ webpack-internal:///…evelopment.js:21577
recursivelyTraverseLayoutEffects @ webpack-internal:///…evelopment.js:22926
commitLayoutEffectOnFiber @ webpack-internal:///…evelopment.js:21407
recursivelyTraverseLayoutEffects @ webpack-internal:///…evelopment.js:22926
commitLayoutEffectOnFiber @ webpack-internal:///…evelopment.js:21577
recursivelyTraverseLayoutEffects @ webpack-internal:///…evelopment.js:22926
commitLayoutEffectOnFiber @ webpack-internal:///…evelopment.js:21407
recursivelyTraverseLayoutEffects @ webpack-internal:///…evelopment.js:22926
commitLayoutEffectOnFiber @ webpack-internal:///…evelopment.js:21418
recursivelyTraverseLayoutEffects @ webpack-internal:///…evelopment.js:22926
commitLayoutEffectOnFiber @ webpack-internal:///…evelopment.js:21407
recursivelyTraverseLayoutEffects @ webpack-internal:///…evelopment.js:22926
commitLayoutEffectOnFiber @ webpack-internal:///…evelopment.js:21418
recursivelyTraverseLayoutEffects @ webpack-internal:///…evelopment.js:22926
commitLayoutEffectOnFiber @ webpack-internal:///…evelopment.js:21407
recursivelyTraverseLayoutEffects @ webpack-internal:///…evelopment.js:22926
commitLayoutEffectOnFiber @ webpack-internal:///…evelopment.js:21407
recursivelyTraverseLayoutEffects @ webpack-internal:///…evelopment.js:22926
commitLayoutEffectOnFiber @ webpack-internal:///…evelopment.js:21407
recursivelyTraverseLayoutEffects @ webpack-internal:///…evelopment.js:22926
commitLayoutEffectOnFiber @ webpack-internal:///…evelopment.js:21418
recursivelyTraverseLayoutEffects @ webpack-internal:///…evelopment.js:22926
commitLayoutEffectOnFiber @ webpack-internal:///…evelopment.js:21407
recursivelyTraverseLayoutEffects @ webpack-internal:///…evelopment.js:22926
commitLayoutEffectOnFiber @ webpack-internal:///…evelopment.js:21407
recursivelyTraverseLayoutEffects @ webpack-internal:///…evelopment.js:22926
commitLayoutEffectOnFiber @ webpack-internal:///…evelopment.js:21577
recursivelyTraverseLayoutEffects @ webpack-internal:///…evelopment.js:22926
commitLayoutEffectOnFiber @ webpack-internal:///…evelopment.js:21407
recursivelyTraverseLayoutEffects @ webpack-internal:///…evelopment.js:22926
commitLayoutEffectOnFiber @ webpack-internal:///…evelopment.js:21488
recursivelyTraverseLayoutEffects @ webpack-internal:///…evelopment.js:22926
commitLayoutEffectOnFiber @ webpack-internal:///…evelopment.js:21577
recursivelyTraverseLayoutEffects @ webpack-internal:///…evelopment.js:22926
commitLayoutEffectOnFiber @ webpack-internal:///…evelopment.js:21407
recursivelyTraverseLayoutEffects @ webpack-internal:///…evelopment.js:22926
commitLayoutEffectOnFiber @ webpack-internal:///…evelopment.js:21577
recursivelyTraverseLayoutEffects @ webpack-internal:///…evelopment.js:22926
commitLayoutEffectOnFiber @ webpack-internal:///…evelopment.js:21407
recursivelyTraverseLayoutEffects @ webpack-internal:///…evelopment.js:22926
commitLayoutEffectOnFiber @ webpack-internal:///…evelopment.js:21577
recursivelyTraverseLayoutEffects @ webpack-internal:///…evelopment.js:22926
commitLayoutEffectOnFiber @ webpack-internal:///…evelopment.js:21407
recursivelyTraverseLayoutEffects @ webpack-internal:///…evelopment.js:22926
commitLayoutEffectOnFiber @ webpack-internal:///…evelopment.js:21577
recursivelyTraverseLayoutEffects @ webpack-internal:///…evelopment.js:22926
commitLayoutEffectOnFiber @ webpack-internal:///…evelopment.js:21407
recursivelyTraverseLayoutEffects @ webpack-internal:///…evelopment.js:22926
commitLayoutEffectOnFiber @ webpack-internal:///…evelopment.js:21577
recursivelyTraverseLayoutEffects @ webpack-internal:///…evelopment.js:22926
commitLayoutEffectOnFiber @ webpack-internal:///…evelopment.js:21407
recursivelyTraverseLayoutEffects @ webpack-internal:///…evelopment.js:22926
commitLayoutEffectOnFiber @ webpack-internal:///…evelopment.js:21407
recursivelyTraverseLayoutEffects @ webpack-internal:///…evelopment.js:22926
commitLayoutEffectOnFiber @ webpack-internal:///…evelopment.js:21488
recursivelyTraverseLayoutEffects @ webpack-internal:///…evelopment.js:22926
commitLayoutEffectOnFiber @ webpack-internal:///…evelopment.js:21488
recursivelyTraverseLayoutEffects @ webpack-internal:///…evelopment.js:22926
commitLayoutEffectOnFiber @ webpack-internal:///…evelopment.js:21577
recursivelyTraverseLayoutEffects @ webpack-internal:///…evelopment.js:22926
commitLayoutEffectOnFiber @ webpack-internal:///…evelopment.js:21577
recursivelyTraverseLayoutEffects @ webpack-internal:///…evelopment.js:22926
commitLayoutEffectOnFiber @ webpack-internal:///…evelopment.js:21418
recursivelyTraverseLayoutEffects @ webpack-internal:///…evelopment.js:22926
commitLayoutEffectOnFiber @ webpack-internal:///…evelopment.js:21407
recursivelyTraverseLayoutEffects @ webpack-internal:///…evelopment.js:22926
commitLayoutEffectOnFiber @ webpack-internal:///…evelopment.js:21577
recursivelyTraverseLayoutEffects @ webpack-internal:///…evelopment.js:22926
commitLayoutEffectOnFiber @ webpack-internal:///…evelopment.js:21418
recursivelyTraverseLayoutEffects @ webpack-internal:///…evelopment.js:22926
commitLayoutEffectOnFiber @ webpack-internal:///…evelopment.js:21407
recursivelyTraverseLayoutEffects @ webpack-internal:///…evelopment.js:22926
commitLayoutEffectOnFiber @ webpack-internal:///…evelopment.js:21407
recursivelyTraverseLayoutEffects @ webpack-internal:///…evelopment.js:22926
commitLayoutEffectOnFiber @ webpack-internal:///…evelopment.js:21418
recursivelyTraverseLayoutEffects @ webpack-internal:///…evelopment.js:22926
commitLayoutEffectOnFiber @ webpack-internal:///…evelopment.js:21407
recursivelyTraverseLayoutEffects @ webpack-internal:///…evelopment.js:22926
commitLayoutEffectOnFiber @ webpack-internal:///…evelopment.js:21577
recursivelyTraverseLayoutEffects @ webpack-internal:///…evelopment.js:22926
commitLayoutEffectOnFiber @ webpack-internal:///…evelopment.js:21577
recursivelyTraverseLayoutEffects @ webpack-internal:///…evelopment.js:22926
commitLayoutEffectOnFiber @ webpack-internal:///…evelopment.js:21577
recursivelyTraverseLayoutEffects @ webpack-internal:///…evelopment.js:22926
commitLayoutEffectOnFiber @ webpack-internal:///…evelopment.js:21577
recursivelyTraverseLayoutEffects @ webpack-internal:///…evelopment.js:22926
commitLayoutEffectOnFiber @ webpack-internal:///…evelopment.js:21577
recursivelyTraverseLayoutEffects @ webpack-internal:///…evelopment.js:22926
commitLayoutEffectOnFiber @ webpack-internal:///…evelopment.js:21577
recursivelyTraverseLayoutEffects @ webpack-internal:///…evelopment.js:22926
commitLayoutEffectOnFiber @ webpack-internal:///…evelopment.js:21407
recursivelyTraverseLayoutEffects @ webpack-internal:///…evelopment.js:22926
commitLayoutEffectOnFiber @ webpack-internal:///…evelopment.js:21418
recursivelyTraverseLayoutEffects @ webpack-internal:///…evelopment.js:22926
commitLayoutEffectOnFiber @ webpack-internal:///…evelopment.js:21407
recursivelyTraverseLayoutEffects @ webpack-internal:///…evelopment.js:22926
commitLayoutEffectOnFiber @ webpack-internal:///…evelopment.js:21407
recursivelyTraverseLayoutEffects @ webpack-internal:///…evelopment.js:22926
commitLayoutEffectOnFiber @ webpack-internal:///…evelopment.js:21407
recursivelyTraverseLayoutEffects @ webpack-internal:///…evelopment.js:22926
commitLayoutEffectOnFiber @ webpack-internal:///…evelopment.js:21407
recursivelyTraverseLayoutEffects @ webpack-internal:///…evelopment.js:22926
commitLayoutEffectOnFiber @ webpack-internal:///…evelopment.js:21577
recursivelyTraverseLayoutEffects @ webpack-internal:///…evelopment.js:22926
commitLayoutEffectOnFiber @ webpack-internal:///…evelopment.js:21577
recursivelyTraverseLayoutEffects @ webpack-internal:///…evelopment.js:22926
commitLayoutEffectOnFiber @ webpack-internal:///…evelopment.js:21577
recursivelyTraverseLayoutEffects @ webpack-internal:///…evelopment.js:22926
commitLayoutEffectOnFiber @ webpack-internal:///…evelopment.js:21437
commitLayoutEffects @ webpack-internal:///…evelopment.js:22912
commitRootImpl @ webpack-internal:///…evelopment.js:26226
commitRoot @ webpack-internal:///…evelopment.js:26077
commitRootWhenReady @ webpack-internal:///…evelopment.js:24749
finishConcurrentRender @ webpack-internal:///…evelopment.js:24714
performConcurrentWorkOnRoot @ webpack-internal:///…evelopment.js:24559
workLoop @ webpack-internal:///….development.js:256
flushWork @ webpack-internal:///….development.js:225
performWorkUntilDeadline @ webpack-internal:///….development.js:534
10:20:09.182  [CallModal] 🔄 Waiting for stream to become active for cmeumah180000kuygq63oa1qx
10:20:09.218  [VoiceActivity] Effect triggered: {hasStream: true, streamId: 'bc884001-458b-454b-890a-15ea46c82cad', audioTracks: 0, threshold: -40}
10:20:09.219  [VoiceActivity] No audio tracks in stream, cleaning up
10:20:09.219  [VoiceActivity] Effect triggered: {hasStream: true, streamId: '11f1cb2e-ff24-4f0a-9e82-dab593c0342f', audioTracks: 1, threshold: -40}
10:20:09.220  [VoiceActivity] Initializing for stream: 11f1cb2e-ff24-4f0a-9e82-dab593c0342f with 1 audio tracks
10:20:09.222  [VoiceActivity] Effect triggered: {hasStream: true, streamId: 'bc884001-458b-454b-890a-15ea46c82cad', audioTracks: 0, threshold: -40}
10:20:09.222  [VoiceActivity] No audio tracks in stream, cleaning up
10:20:09.222  [VoiceActivity] Effect triggered: {hasStream: true, streamId: '11f1cb2e-ff24-4f0a-9e82-dab593c0342f', audioTracks: 1, threshold: -40}
10:20:09.222  [VoiceActivity] Initializing for stream: 11f1cb2e-ff24-4f0a-9e82-dab593c0342f with 1 audio tracks
10:20:09.228  [CallModal] Audio loadeddata event for cmeifn5qp002dkunge64m0xss
10:20:09.228  [CallModal] Audio can play for cmeifn5qp002dkunge64m0xss
10:20:09.229  [CallModal] Audio canplay event for cmeifn5qp002dkunge64m0xss
10:20:09.229  [CallModal] Audio is playing for cmeifn5qp002dkunge64m0xss
10:20:09.229  [CallModal] ✅ Audio playing immediately for participant cmeifn5qp002dkunge64m0xss
10:20:09.229  [CallModal] ✅ Audio playing immediately for participant cmeifn5qp002dkunge64m0xss
10:20:09.229  [CallModal] ✅ Audio playing immediately for participant cmeifn5qp002dkunge64m0xss
10:20:09.230  [CallModal] Rendered - voice call opened
10:20:09.230  [CallModal] Rendered - voice call opened
10:20:09.262  Updated online status for user cmeumah180000kuygq63oa1qx in conversation cmfbwdnf60000kuzg41ovkra2
10:20:09.262  🏠 ChatWindow mounted/re-rendered with conversationId: cmfbwdnf60000kuzg41ovkra2
10:20:09.263  🏠 ChatWindow mounted/re-rendered with conversationId: cmfbwdnf60000kuzg41ovkra2
10:20:09.264  [CallModal] Rendered - voice call opened
10:20:09.265  [CallModal] Rendered - voice call opened
10:20:09.266  [VoiceParticipant] Zber Samolde voice activity debug: {participantId: 'cmeumah180000kuygq63oa1qx', hasOriginalStream: true, hasLatestStream: true, streamActive: false, audioTracksCount: 0, …}
10:20:09.266  [VoiceParticipant] Zber Samolde voice activity debug: {participantId: 'cmeumah180000kuygq63oa1qx', hasOriginalStream: true, hasLatestStream: true, streamActive: false, audioTracksCount: 0, …}
10:20:09.267  [VoiceParticipant] Tester2 voice activity debug: {participantId: 'cmeifn5qp002dkunge64m0xss', hasOriginalStream: true, hasLatestStream: true, streamActive: true, audioTracksCount: 1, …}
10:20:09.267  [VoiceParticipant] Tester2 voice activity debug: {participantId: 'cmeifn5qp002dkunge64m0xss', hasOriginalStream: true, hasLatestStream: true, streamActive: true, audioTracksCount: 1, …}
10:20:09.269  [CallModal] 🔊 Setting up audio element for participant cmeifn5qp002dkunge64m0xss
10:20:09.270  [CallModal] Stream details: {id: '11f1cb2e-ff24-4f0a-9e82-dab593c0342f', active: true, audioTracks: Array(1)}
10:20:09.270  [CallModal] Previous audio element for cmeifn5qp002dkunge64m0xss: false
10:20:09.273  [CallModal] Cleared previous srcObject for cmeifn5qp002dkunge64m0xss
10:20:09.274  [CallModal] 🔊 Setting up audio element for participant cmeumah180000kuygq63oa1qx
10:20:09.275  [CallModal] Stream details: {id: 'bc884001-458b-454b-890a-15ea46c82cad', active: false, audioTracks: Array(0)}
10:20:09.275  [CallModal] Previous audio element for cmeumah180000kuygq63oa1qx: false
10:20:09.277  [CallModal] Cleared previous srcObject for cmeumah180000kuygq63oa1qx
10:20:09.277  [CallModal] 🔄 Stream not ready, waiting...
10:20:09.278  [CallModal] ❌ Initial audio play failed for cmeumah180000kuygq63oa1qx: 
attemptPlay @ webpack-internal:///…/CallModal.tsx:3122
ref @ webpack-internal:///…/CallModal.tsx:3156
commitAttachRef @ webpack-internal:///…evelopment.js:21677
safelyAttachRef @ webpack-internal:///…evelopment.js:20803
commitLayoutEffectOnFiber @ webpack-internal:///…evelopment.js:21498
recursivelyTraverseLayoutEffects @ webpack-internal:///…evelopment.js:22926
commitLayoutEffectOnFiber @ webpack-internal:///…evelopment.js:21577
recursivelyTraverseLayoutEffects @ webpack-internal:///…evelopment.js:22926
commitLayoutEffectOnFiber @ webpack-internal:///…evelopment.js:21488
recursivelyTraverseLayoutEffects @ webpack-internal:///…evelopment.js:22926
commitLayoutEffectOnFiber @ webpack-internal:///…evelopment.js:21488
recursivelyTraverseLayoutEffects @ webpack-internal:///…evelopment.js:22926
commitLayoutEffectOnFiber @ webpack-internal:///…evelopment.js:21488
recursivelyTraverseLayoutEffects @ webpack-internal:///…evelopment.js:22926
commitLayoutEffectOnFiber @ webpack-internal:///…evelopment.js:21488
recursivelyTraverseLayoutEffects @ webpack-internal:///…evelopment.js:22926
commitLayoutEffectOnFiber @ webpack-internal:///…evelopment.js:21407
recursivelyTraverseLayoutEffects @ webpack-internal:///…evelopment.js:22926
commitLayoutEffectOnFiber @ webpack-internal:///…evelopment.js:21488
recursivelyTraverseLayoutEffects @ webpack-internal:///…evelopment.js:22926
commitLayoutEffectOnFiber @ webpack-internal:///…evelopment.js:21407
recursivelyTraverseLayoutEffects @ webpack-internal:///…evelopment.js:22926
commitLayoutEffectOnFiber @ webpack-internal:///…evelopment.js:21488
recursivelyTraverseLayoutEffects @ webpack-internal:///…evelopment.js:22926
commitLayoutEffectOnFiber @ webpack-internal:///…evelopment.js:21488
recursivelyTraverseLayoutEffects @ webpack-internal:///…evelopment.js:22926
commitLayoutEffectOnFiber @ webpack-internal:///…evelopment.js:21488
recursivelyTraverseLayoutEffects @ webpack-internal:///…evelopment.js:22926
commitLayoutEffectOnFiber @ webpack-internal:///…evelopment.js:21407
recursivelyTraverseLayoutEffects @ webpack-internal:///…evelopment.js:22926
commitLayoutEffectOnFiber @ webpack-internal:///…evelopment.js:21407
recursivelyTraverseLayoutEffects @ webpack-internal:///…evelopment.js:22926
commitLayoutEffectOnFiber @ webpack-internal:///…evelopment.js:21577
recursivelyTraverseLayoutEffects @ webpack-internal:///…evelopment.js:22926
commitLayoutEffectOnFiber @ webpack-internal:///…evelopment.js:21577
recursivelyTraverseLayoutEffects @ webpack-internal:///…evelopment.js:22926
commitLayoutEffectOnFiber @ webpack-internal:///…evelopment.js:21407
recursivelyTraverseLayoutEffects @ webpack-internal:///…evelopment.js:22926
commitLayoutEffectOnFiber @ webpack-internal:///…evelopment.js:21418
recursivelyTraverseLayoutEffects @ webpack-internal:///…evelopment.js:22926
commitLayoutEffectOnFiber @ webpack-internal:///…evelopment.js:21407
recursivelyTraverseLayoutEffects @ webpack-internal:///…evelopment.js:22926
commitLayoutEffectOnFiber @ webpack-internal:///…evelopment.js:21407
recursivelyTraverseLayoutEffects @ webpack-internal:///…evelopment.js:22926
commitLayoutEffectOnFiber @ webpack-internal:///…evelopment.js:21407
recursivelyTraverseLayoutEffects @ webpack-internal:///…evelopment.js:22926
commitLayoutEffectOnFiber @ webpack-internal:///…evelopment.js:21407
recursivelyTraverseLayoutEffects @ webpack-internal:///…evelopment.js:22926
commitLayoutEffectOnFiber @ webpack-internal:///…evelopment.js:21418
recursivelyTraverseLayoutEffects @ webpack-internal:///…evelopment.js:22926
commitLayoutEffectOnFiber @ webpack-internal:///…evelopment.js:21407
recursivelyTraverseLayoutEffects @ webpack-internal:///…evelopment.js:22926
commitLayoutEffectOnFiber @ webpack-internal:///…evelopment.js:21407
recursivelyTraverseLayoutEffects @ webpack-internal:///…evelopment.js:22926
commitLayoutEffectOnFiber @ webpack-internal:///…evelopment.js:21577
recursivelyTraverseLayoutEffects @ webpack-internal:///…evelopment.js:22926
commitLayoutEffectOnFiber @ webpack-internal:///…evelopment.js:21407
recursivelyTraverseLayoutEffects @ webpack-internal:///…evelopment.js:22926
commitLayoutEffectOnFiber @ webpack-internal:///…evelopment.js:21577
recursivelyTraverseLayoutEffects @ webpack-internal:///…evelopment.js:22926
commitLayoutEffectOnFiber @ webpack-internal:///…evelopment.js:21407
recursivelyTraverseLayoutEffects @ webpack-internal:///…evelopment.js:22926
commitLayoutEffectOnFiber @ webpack-internal:///…evelopment.js:21418
recursivelyTraverseLayoutEffects @ webpack-internal:///…evelopment.js:22926
commitLayoutEffectOnFiber @ webpack-internal:///…evelopment.js:21407
recursivelyTraverseLayoutEffects @ webpack-internal:///…evelopment.js:22926
commitLayoutEffectOnFiber @ webpack-internal:///…evelopment.js:21418
recursivelyTraverseLayoutEffects @ webpack-internal:///…evelopment.js:22926
commitLayoutEffectOnFiber @ webpack-internal:///…evelopment.js:21407
recursivelyTraverseLayoutEffects @ webpack-internal:///…evelopment.js:22926
commitLayoutEffectOnFiber @ webpack-internal:///…evelopment.js:21407
recursivelyTraverseLayoutEffects @ webpack-internal:///…evelopment.js:22926
commitLayoutEffectOnFiber @ webpack-internal:///…evelopment.js:21407
recursivelyTraverseLayoutEffects @ webpack-internal:///…evelopment.js:22926
commitLayoutEffectOnFiber @ webpack-internal:///…evelopment.js:21418
recursivelyTraverseLayoutEffects @ webpack-internal:///…evelopment.js:22926
commitLayoutEffectOnFiber @ webpack-internal:///…evelopment.js:21407
recursivelyTraverseLayoutEffects @ webpack-internal:///…evelopment.js:22926
commitLayoutEffectOnFiber @ webpack-internal:///…evelopment.js:21407
recursivelyTraverseLayoutEffects @ webpack-internal:///…evelopment.js:22926
commitLayoutEffectOnFiber @ webpack-internal:///…evelopment.js:21577
recursivelyTraverseLayoutEffects @ webpack-internal:///…evelopment.js:22926
commitLayoutEffectOnFiber @ webpack-internal:///…evelopment.js:21407
recursivelyTraverseLayoutEffects @ webpack-internal:///…evelopment.js:22926
commitLayoutEffectOnFiber @ webpack-internal:///…evelopment.js:21488
recursivelyTraverseLayoutEffects @ webpack-internal:///…evelopment.js:22926
commitLayoutEffectOnFiber @ webpack-internal:///…evelopment.js:21577
recursivelyTraverseLayoutEffects @ webpack-internal:///…evelopment.js:22926
commitLayoutEffectOnFiber @ webpack-internal:///…evelopment.js:21407
recursivelyTraverseLayoutEffects @ webpack-internal:///…evelopment.js:22926
commitLayoutEffectOnFiber @ webpack-internal:///…evelopment.js:21577
recursivelyTraverseLayoutEffects @ webpack-internal:///…evelopment.js:22926
commitLayoutEffectOnFiber @ webpack-internal:///…evelopment.js:21407
recursivelyTraverseLayoutEffects @ webpack-internal:///…evelopment.js:22926
commitLayoutEffectOnFiber @ webpack-internal:///…evelopment.js:21577
recursivelyTraverseLayoutEffects @ webpack-internal:///…evelopment.js:22926
commitLayoutEffectOnFiber @ webpack-internal:///…evelopment.js:21407
recursivelyTraverseLayoutEffects @ webpack-internal:///…evelopment.js:22926
commitLayoutEffectOnFiber @ webpack-internal:///…evelopment.js:21577
recursivelyTraverseLayoutEffects @ webpack-internal:///…evelopment.js:22926
commitLayoutEffectOnFiber @ webpack-internal:///…evelopment.js:21407
recursivelyTraverseLayoutEffects @ webpack-internal:///…evelopment.js:22926
commitLayoutEffectOnFiber @ webpack-internal:///…evelopment.js:21577
recursivelyTraverseLayoutEffects @ webpack-internal:///…evelopment.js:22926
commitLayoutEffectOnFiber @ webpack-internal:///…evelopment.js:21407
recursivelyTraverseLayoutEffects @ webpack-internal:///…evelopment.js:22926
commitLayoutEffectOnFiber @ webpack-internal:///…evelopment.js:21407
recursivelyTraverseLayoutEffects @ webpack-internal:///…evelopment.js:22926
commitLayoutEffectOnFiber @ webpack-internal:///…evelopment.js:21488
recursivelyTraverseLayoutEffects @ webpack-internal:///…evelopment.js:22926
commitLayoutEffectOnFiber @ webpack-internal:///…evelopment.js:21488
recursivelyTraverseLayoutEffects @ webpack-internal:///…evelopment.js:22926
commitLayoutEffectOnFiber @ webpack-internal:///…evelopment.js:21577
recursivelyTraverseLayoutEffects @ webpack-internal:///…evelopment.js:22926
commitLayoutEffectOnFiber @ webpack-internal:///…evelopment.js:21577
recursivelyTraverseLayoutEffects @ webpack-internal:///…evelopment.js:22926
commitLayoutEffectOnFiber @ webpack-internal:///…evelopment.js:21418
recursivelyTraverseLayoutEffects @ webpack-internal:///…evelopment.js:22926
commitLayoutEffectOnFiber @ webpack-internal:///…evelopment.js:21407
recursivelyTraverseLayoutEffects @ webpack-internal:///…evelopment.js:22926
commitLayoutEffectOnFiber @ webpack-internal:///…evelopment.js:21577
recursivelyTraverseLayoutEffects @ webpack-internal:///…evelopment.js:22926
commitLayoutEffectOnFiber @ webpack-internal:///…evelopment.js:21418
recursivelyTraverseLayoutEffects @ webpack-internal:///…evelopment.js:22926
commitLayoutEffectOnFiber @ webpack-internal:///…evelopment.js:21407
recursivelyTraverseLayoutEffects @ webpack-internal:///…evelopment.js:22926
commitLayoutEffectOnFiber @ webpack-internal:///…evelopment.js:21407
recursivelyTraverseLayoutEffects @ webpack-internal:///…evelopment.js:22926
commitLayoutEffectOnFiber @ webpack-internal:///…evelopment.js:21418
recursivelyTraverseLayoutEffects @ webpack-internal:///…evelopment.js:22926
commitLayoutEffectOnFiber @ webpack-internal:///…evelopment.js:21407
recursivelyTraverseLayoutEffects @ webpack-internal:///…evelopment.js:22926
commitLayoutEffectOnFiber @ webpack-internal:///…evelopment.js:21577
recursivelyTraverseLayoutEffects @ webpack-internal:///…evelopment.js:22926
commitLayoutEffectOnFiber @ webpack-internal:///…evelopment.js:21577
recursivelyTraverseLayoutEffects @ webpack-internal:///…evelopment.js:22926
commitLayoutEffectOnFiber @ webpack-internal:///…evelopment.js:21577
recursivelyTraverseLayoutEffects @ webpack-internal:///…evelopment.js:22926
commitLayoutEffectOnFiber @ webpack-internal:///…evelopment.js:21577
recursivelyTraverseLayoutEffects @ webpack-internal:///…evelopment.js:22926
commitLayoutEffectOnFiber @ webpack-internal:///…evelopment.js:21577
recursivelyTraverseLayoutEffects @ webpack-internal:///…evelopment.js:22926
commitLayoutEffectOnFiber @ webpack-internal:///…evelopment.js:21577
recursivelyTraverseLayoutEffects @ webpack-internal:///…evelopment.js:22926
commitLayoutEffectOnFiber @ webpack-internal:///…evelopment.js:21407
recursivelyTraverseLayoutEffects @ webpack-internal:///…evelopment.js:22926
commitLayoutEffectOnFiber @ webpack-internal:///…evelopment.js:21418
recursivelyTraverseLayoutEffects @ webpack-internal:///…evelopment.js:22926
commitLayoutEffectOnFiber @ webpack-internal:///…evelopment.js:21407
recursivelyTraverseLayoutEffects @ webpack-internal:///…evelopment.js:22926
commitLayoutEffectOnFiber @ webpack-internal:///…evelopment.js:21407
recursivelyTraverseLayoutEffects @ webpack-internal:///…evelopment.js:22926
commitLayoutEffectOnFiber @ webpack-internal:///…evelopment.js:21407
recursivelyTraverseLayoutEffects @ webpack-internal:///…evelopment.js:22926
commitLayoutEffectOnFiber @ webpack-internal:///…evelopment.js:21407
recursivelyTraverseLayoutEffects @ webpack-internal:///…evelopment.js:22926
commitLayoutEffectOnFiber @ webpack-internal:///…evelopment.js:21577
recursivelyTraverseLayoutEffects @ webpack-internal:///…evelopment.js:22926
commitLayoutEffectOnFiber @ webpack-internal:///…evelopment.js:21577
recursivelyTraverseLayoutEffects @ webpack-internal:///…evelopment.js:22926
commitLayoutEffectOnFiber @ webpack-internal:///…evelopment.js:21577
recursivelyTraverseLayoutEffects @ webpack-internal:///…evelopment.js:22926
commitLayoutEffectOnFiber @ webpack-internal:///…evelopment.js:21437
commitLayoutEffects @ webpack-internal:///…evelopment.js:22912
commitRootImpl @ webpack-internal:///…evelopment.js:26226
commitRoot @ webpack-internal:///…evelopment.js:26077
commitRootWhenReady @ webpack-internal:///…evelopment.js:24749
finishConcurrentRender @ webpack-internal:///…evelopment.js:24714
performConcurrentWorkOnRoot @ webpack-internal:///…evelopment.js:24559
workLoop @ webpack-internal:///….development.js:256
flushWork @ webpack-internal:///….development.js:225
performWorkUntilDeadline @ webpack-internal:///….development.js:534
10:20:09.279  [CallModal] 🔄 Waiting for stream to become active for cmeumah180000kuygq63oa1qx
10:20:09.384  ChatSidebar: Conversations updated, count: 5
10:20:09.384  ChatSidebar: Latest conversation: cmfbwdnf60000kuzg41ovkra2 last message: cmfbx8gcx0007kutn3b3m0jwd
10:20:09.384  [VoiceActivity] Effect triggered: {hasStream: true, streamId: 'bc884001-458b-454b-890a-15ea46c82cad', audioTracks: 0, threshold: -40}
10:20:09.385  [VoiceActivity] No audio tracks in stream, cleaning up
10:20:09.385  [VoiceActivity] Effect triggered: {hasStream: true, streamId: '11f1cb2e-ff24-4f0a-9e82-dab593c0342f', audioTracks: 1, threshold: -40}
10:20:09.386  [VoiceActivity] Initializing for stream: 11f1cb2e-ff24-4f0a-9e82-dab593c0342f with 1 audio tracks
10:20:09.387  [CallModal] Initialized active participants (excluding self): (2) ['cmeumah180000kuygq63oa1qx', 'cmeifn5qp002dkunge64m0xss']
10:20:09.387  [CallModal] 🔍 Connection verification:
10:20:09.387  [CallModal] - Expected participants: (2) ['cmeumah180000kuygq63oa1qx', 'cmeifn5qp002dkunge64m0xss']
10:20:09.388  [CallModal] - Active connections: (2) ['cmeifn5qp002dkunge64m0xss', 'cmeumah180000kuygq63oa1qx']
10:20:09.388  [CallModal] ✅ All expected WebRTC connections are active
10:20:09.389  🔄 ChatWindow: Conversation participants count: 3
10:20:09.389  🔄 ChatWindow: Participants: (3) [{…}, {…}, {…}]
10:20:09.390  [VoiceActivity] Effect triggered: {hasStream: true, streamId: 'bc884001-458b-454b-890a-15ea46c82cad', audioTracks: 0, threshold: -40}
10:20:09.390  [VoiceActivity] No audio tracks in stream, cleaning up
10:20:09.390  [VoiceActivity] Effect triggered: {hasStream: true, streamId: '11f1cb2e-ff24-4f0a-9e82-dab593c0342f', audioTracks: 1, threshold: -40}
10:20:09.390  [VoiceActivity] Initializing for stream: 11f1cb2e-ff24-4f0a-9e82-dab593c0342f with 1 audio tracks
10:20:09.392  [WebRTC] 📞 RECEIVED OFFER from: cmeumah180000kuygq63oa1qx
10:20:09.392  [WebRTC] Call ID check: {received: 'call-1757384369155-78u7pu5k6', ours: 'call-1757384369155-78u7pu5k6'}
10:20:09.392  [WebRTC] ✅ Processing offer from: cmeumah180000kuygq63oa1qx
10:20:09.392  [WebRTC] Creating peer connection for: cmeumah180000kuygq63oa1qx
10:20:09.392  [WebRTC] ⚠️ Peer connection already exists for: cmeumah180000kuygq63oa1qx {connectionState: 'connecting', iceConnectionState: 'connected', signalingState: 'stable'}
10:20:09.392  [WebRTC] ✅ Reusing healthy existing connection for: cmeumah180000kuygq63oa1qx
10:20:09.392  [WebRTC] Local stream ready with tracks: 1
10:20:09.392  [WebRTC] 🔍 Peer connection senders before answer: 2
10:20:09.393  [WebRTC]   Sender 0: {hasTrack: true, trackKind: 'audio', trackEnabled: true, trackReadyState: 'live'}
10:20:09.393  [WebRTC]   Sender 1: {hasTrack: false, trackKind: undefined, trackEnabled: undefined, trackReadyState: undefined}
10:20:09.393  [WebRTC] Setting remote description from offer...
10:20:09.394  [CallModal] Audio loadeddata event for cmeifn5qp002dkunge64m0xss
10:20:09.395  [CallModal] Audio can play for cmeifn5qp002dkunge64m0xss
10:20:09.395  [CallModal] Audio canplay event for cmeifn5qp002dkunge64m0xss
10:20:09.395  [CallModal] Audio is playing for cmeifn5qp002dkunge64m0xss
10:20:09.395  [CallModal] ✅ Audio playing immediately for participant cmeifn5qp002dkunge64m0xss
10:20:09.395  [CallModal] ✅ Audio playing immediately for participant cmeifn5qp002dkunge64m0xss
10:20:09.395  [CallModal] ✅ Audio playing immediately for participant cmeifn5qp002dkunge64m0xss
10:20:09.397  🏠 ChatWindow mounted/re-rendered with conversationId: cmfbwdnf60000kuzg41ovkra2
10:20:09.398  🏠 ChatWindow mounted/re-rendered with conversationId: cmfbwdnf60000kuzg41ovkra2
10:20:09.400  [CallModal] Rendered - voice call opened
10:20:09.400  [CallModal] Rendered - voice call opened
10:20:09.401  [VoiceParticipant] Zber Samolde voice activity debug: {participantId: 'cmeumah180000kuygq63oa1qx', hasOriginalStream: true, hasLatestStream: true, streamActive: false, audioTracksCount: 0, …}
10:20:09.401  [VoiceParticipant] Zber Samolde voice activity debug: {participantId: 'cmeumah180000kuygq63oa1qx', hasOriginalStream: true, hasLatestStream: true, streamActive: false, audioTracksCount: 0, …}
10:20:09.401  [VoiceParticipant] Tester2 voice activity debug: {participantId: 'cmeifn5qp002dkunge64m0xss', hasOriginalStream: true, hasLatestStream: true, streamActive: true, audioTracksCount: 1, …}
10:20:09.401  [VoiceParticipant] Tester2 voice activity debug: {participantId: 'cmeifn5qp002dkunge64m0xss', hasOriginalStream: true, hasLatestStream: true, streamActive: true, audioTracksCount: 1, …}
10:20:09.404  [CallModal] 🔊 Setting up audio element for participant cmeifn5qp002dkunge64m0xss
10:20:09.404  [CallModal] Stream details: {id: '11f1cb2e-ff24-4f0a-9e82-dab593c0342f', active: true, audioTracks: Array(1)}
10:20:09.405  [CallModal] Previous audio element for cmeifn5qp002dkunge64m0xss: false
10:20:09.407  [CallModal] Cleared previous srcObject for cmeifn5qp002dkunge64m0xss
10:20:09.408  [CallModal] 🔊 Setting up audio element for participant cmeumah180000kuygq63oa1qx
10:20:09.409  [CallModal] Stream details: {id: 'bc884001-458b-454b-890a-15ea46c82cad', active: false, audioTracks: Array(0)}
10:20:09.409  [CallModal] Previous audio element for cmeumah180000kuygq63oa1qx: false
10:20:09.410  [CallModal] Cleared previous srcObject for cmeumah180000kuygq63oa1qx
10:20:09.411  [CallModal] 🔄 Stream not ready, waiting...
10:20:09.412  [CallModal] ❌ Initial audio play failed for cmeumah180000kuygq63oa1qx: 
attemptPlay @ webpack-internal:///…/CallModal.tsx:3122
ref @ webpack-internal:///…/CallModal.tsx:3156
commitAttachRef @ webpack-internal:///…evelopment.js:21677
safelyAttachRef @ webpack-internal:///…evelopment.js:20803
commitLayoutEffectOnFiber @ webpack-internal:///…evelopment.js:21498
recursivelyTraverseLayoutEffects @ webpack-internal:///…evelopment.js:22926
commitLayoutEffectOnFiber @ webpack-internal:///…evelopment.js:21577
recursivelyTraverseLayoutEffects @ webpack-internal:///…evelopment.js:22926
commitLayoutEffectOnFiber @ webpack-internal:///…evelopment.js:21488
recursivelyTraverseLayoutEffects @ webpack-internal:///…evelopment.js:22926
commitLayoutEffectOnFiber @ webpack-internal:///…evelopment.js:21488
recursivelyTraverseLayoutEffects @ webpack-internal:///…evelopment.js:22926
commitLayoutEffectOnFiber @ webpack-internal:///…evelopment.js:21488
recursivelyTraverseLayoutEffects @ webpack-internal:///…evelopment.js:22926
commitLayoutEffectOnFiber @ webpack-internal:///…evelopment.js:21488
recursivelyTraverseLayoutEffects @ webpack-internal:///…evelopment.js:22926
commitLayoutEffectOnFiber @ webpack-internal:///…evelopment.js:21407
recursivelyTraverseLayoutEffects @ webpack-internal:///…evelopment.js:22926
commitLayoutEffectOnFiber @ webpack-internal:///…evelopment.js:21488
recursivelyTraverseLayoutEffects @ webpack-internal:///…evelopment.js:22926
commitLayoutEffectOnFiber @ webpack-internal:///…evelopment.js:21407
recursivelyTraverseLayoutEffects @ webpack-internal:///…evelopment.js:22926
commitLayoutEffectOnFiber @ webpack-internal:///…evelopment.js:21488
recursivelyTraverseLayoutEffects @ webpack-internal:///…evelopment.js:22926
commitLayoutEffectOnFiber @ webpack-internal:///…evelopment.js:21488
recursivelyTraverseLayoutEffects @ webpack-internal:///…evelopment.js:22926
commitLayoutEffectOnFiber @ webpack-internal:///…evelopment.js:21488
recursivelyTraverseLayoutEffects @ webpack-internal:///…evelopment.js:22926
commitLayoutEffectOnFiber @ webpack-internal:///…evelopment.js:21407
recursivelyTraverseLayoutEffects @ webpack-internal:///…evelopment.js:22926
commitLayoutEffectOnFiber @ webpack-internal:///…evelopment.js:21407
recursivelyTraverseLayoutEffects @ webpack-internal:///…evelopment.js:22926
commitLayoutEffectOnFiber @ webpack-internal:///…evelopment.js:21577
recursivelyTraverseLayoutEffects @ webpack-internal:///…evelopment.js:22926
commitLayoutEffectOnFiber @ webpack-internal:///…evelopment.js:21577
recursivelyTraverseLayoutEffects @ webpack-internal:///…evelopment.js:22926
commitLayoutEffectOnFiber @ webpack-internal:///…evelopment.js:21407
recursivelyTraverseLayoutEffects @ webpack-internal:///…evelopment.js:22926
commitLayoutEffectOnFiber @ webpack-internal:///…evelopment.js:21418
recursivelyTraverseLayoutEffects @ webpack-internal:///…evelopment.js:22926
commitLayoutEffectOnFiber @ webpack-internal:///…evelopment.js:21407
recursivelyTraverseLayoutEffects @ webpack-internal:///…evelopment.js:22926
commitLayoutEffectOnFiber @ webpack-internal:///…evelopment.js:21407
recursivelyTraverseLayoutEffects @ webpack-internal:///…evelopment.js:22926
commitLayoutEffectOnFiber @ webpack-internal:///…evelopment.js:21407
recursivelyTraverseLayoutEffects @ webpack-internal:///…evelopment.js:22926
commitLayoutEffectOnFiber @ webpack-internal:///…evelopment.js:21407
recursivelyTraverseLayoutEffects @ webpack-internal:///…evelopment.js:22926
commitLayoutEffectOnFiber @ webpack-internal:///…evelopment.js:21418
recursivelyTraverseLayoutEffects @ webpack-internal:///…evelopment.js:22926
commitLayoutEffectOnFiber @ webpack-internal:///…evelopment.js:21407
recursivelyTraverseLayoutEffects @ webpack-internal:///…evelopment.js:22926
commitLayoutEffectOnFiber @ webpack-internal:///…evelopment.js:21407
recursivelyTraverseLayoutEffects @ webpack-internal:///…evelopment.js:22926
commitLayoutEffectOnFiber @ webpack-internal:///…evelopment.js:21577
recursivelyTraverseLayoutEffects @ webpack-internal:///…evelopment.js:22926
commitLayoutEffectOnFiber @ webpack-internal:///…evelopment.js:21407
recursivelyTraverseLayoutEffects @ webpack-internal:///…evelopment.js:22926
commitLayoutEffectOnFiber @ webpack-internal:///…evelopment.js:21577
recursivelyTraverseLayoutEffects @ webpack-internal:///…evelopment.js:22926
commitLayoutEffectOnFiber @ webpack-internal:///…evelopment.js:21407
recursivelyTraverseLayoutEffects @ webpack-internal:///…evelopment.js:22926
commitLayoutEffectOnFiber @ webpack-internal:///…evelopment.js:21418
recursivelyTraverseLayoutEffects @ webpack-internal:///…evelopment.js:22926
commitLayoutEffectOnFiber @ webpack-internal:///…evelopment.js:21407
recursivelyTraverseLayoutEffects @ webpack-internal:///…evelopment.js:22926
commitLayoutEffectOnFiber @ webpack-internal:///…evelopment.js:21418
recursivelyTraverseLayoutEffects @ webpack-internal:///…evelopment.js:22926
commitLayoutEffectOnFiber @ webpack-internal:///…evelopment.js:21407
recursivelyTraverseLayoutEffects @ webpack-internal:///…evelopment.js:22926
commitLayoutEffectOnFiber @ webpack-internal:///…evelopment.js:21407
recursivelyTraverseLayoutEffects @ webpack-internal:///…evelopment.js:22926
commitLayoutEffectOnFiber @ webpack-internal:///…evelopment.js:21407
recursivelyTraverseLayoutEffects @ webpack-internal:///…evelopment.js:22926
commitLayoutEffectOnFiber @ webpack-internal:///…evelopment.js:21418
recursivelyTraverseLayoutEffects @ webpack-internal:///…evelopment.js:22926
commitLayoutEffectOnFiber @ webpack-internal:///…evelopment.js:21407
recursivelyTraverseLayoutEffects @ webpack-internal:///…evelopment.js:22926
commitLayoutEffectOnFiber @ webpack-internal:///…evelopment.js:21407
recursivelyTraverseLayoutEffects @ webpack-internal:///…evelopment.js:22926
commitLayoutEffectOnFiber @ webpack-internal:///…evelopment.js:21577
recursivelyTraverseLayoutEffects @ webpack-internal:///…evelopment.js:22926
commitLayoutEffectOnFiber @ webpack-internal:///…evelopment.js:21407
recursivelyTraverseLayoutEffects @ webpack-internal:///…evelopment.js:22926
commitLayoutEffectOnFiber @ webpack-internal:///…evelopment.js:21488
recursivelyTraverseLayoutEffects @ webpack-internal:///…evelopment.js:22926
commitLayoutEffectOnFiber @ webpack-internal:///…evelopment.js:21577
recursivelyTraverseLayoutEffects @ webpack-internal:///…evelopment.js:22926
commitLayoutEffectOnFiber @ webpack-internal:///…evelopment.js:21407
recursivelyTraverseLayoutEffects @ webpack-internal:///…evelopment.js:22926
commitLayoutEffectOnFiber @ webpack-internal:///…evelopment.js:21577
recursivelyTraverseLayoutEffects @ webpack-internal:///…evelopment.js:22926
commitLayoutEffectOnFiber @ webpack-internal:///…evelopment.js:21407
recursivelyTraverseLayoutEffects @ webpack-internal:///…evelopment.js:22926
commitLayoutEffectOnFiber @ webpack-internal:///…evelopment.js:21577
recursivelyTraverseLayoutEffects @ webpack-internal:///…evelopment.js:22926
commitLayoutEffectOnFiber @ webpack-internal:///…evelopment.js:21407
recursivelyTraverseLayoutEffects @ webpack-internal:///…evelopment.js:22926
commitLayoutEffectOnFiber @ webpack-internal:///…evelopment.js:21577
recursivelyTraverseLayoutEffects @ webpack-internal:///…evelopment.js:22926
commitLayoutEffectOnFiber @ webpack-internal:///…evelopment.js:21407
recursivelyTraverseLayoutEffects @ webpack-internal:///…evelopment.js:22926
commitLayoutEffectOnFiber @ webpack-internal:///…evelopment.js:21577
recursivelyTraverseLayoutEffects @ webpack-internal:///…evelopment.js:22926
commitLayoutEffectOnFiber @ webpack-internal:///…evelopment.js:21407
recursivelyTraverseLayoutEffects @ webpack-internal:///…evelopment.js:22926
commitLayoutEffectOnFiber @ webpack-internal:///…evelopment.js:21407
recursivelyTraverseLayoutEffects @ webpack-internal:///…evelopment.js:22926
commitLayoutEffectOnFiber @ webpack-internal:///…evelopment.js:21488
recursivelyTraverseLayoutEffects @ webpack-internal:///…evelopment.js:22926
commitLayoutEffectOnFiber @ webpack-internal:///…evelopment.js:21488
recursivelyTraverseLayoutEffects @ webpack-internal:///…evelopment.js:22926
commitLayoutEffectOnFiber @ webpack-internal:///…evelopment.js:21577
recursivelyTraverseLayoutEffects @ webpack-internal:///…evelopment.js:22926
commitLayoutEffectOnFiber @ webpack-internal:///…evelopment.js:21577
recursivelyTraverseLayoutEffects @ webpack-internal:///…evelopment.js:22926
commitLayoutEffectOnFiber @ webpack-internal:///…evelopment.js:21418
recursivelyTraverseLayoutEffects @ webpack-internal:///…evelopment.js:22926
commitLayoutEffectOnFiber @ webpack-internal:///…evelopment.js:21407
recursivelyTraverseLayoutEffects @ webpack-internal:///…evelopment.js:22926
commitLayoutEffectOnFiber @ webpack-internal:///…evelopment.js:21577
recursivelyTraverseLayoutEffects @ webpack-internal:///…evelopment.js:22926
commitLayoutEffectOnFiber @ webpack-internal:///…evelopment.js:21418
recursivelyTraverseLayoutEffects @ webpack-internal:///…evelopment.js:22926
commitLayoutEffectOnFiber @ webpack-internal:///…evelopment.js:21407
recursivelyTraverseLayoutEffects @ webpack-internal:///…evelopment.js:22926
commitLayoutEffectOnFiber @ webpack-internal:///…evelopment.js:21407
recursivelyTraverseLayoutEffects @ webpack-internal:///…evelopment.js:22926
commitLayoutEffectOnFiber @ webpack-internal:///…evelopment.js:21418
recursivelyTraverseLayoutEffects @ webpack-internal:///…evelopment.js:22926
commitLayoutEffectOnFiber @ webpack-internal:///…evelopment.js:21407
recursivelyTraverseLayoutEffects @ webpack-internal:///…evelopment.js:22926
commitLayoutEffectOnFiber @ webpack-internal:///…evelopment.js:21577
recursivelyTraverseLayoutEffects @ webpack-internal:///…evelopment.js:22926
commitLayoutEffectOnFiber @ webpack-internal:///…evelopment.js:21577
recursivelyTraverseLayoutEffects @ webpack-internal:///…evelopment.js:22926
commitLayoutEffectOnFiber @ webpack-internal:///…evelopment.js:21577
recursivelyTraverseLayoutEffects @ webpack-internal:///…evelopment.js:22926
commitLayoutEffectOnFiber @ webpack-internal:///…evelopment.js:21577
recursivelyTraverseLayoutEffects @ webpack-internal:///…evelopment.js:22926
commitLayoutEffectOnFiber @ webpack-internal:///…evelopment.js:21577
recursivelyTraverseLayoutEffects @ webpack-internal:///…evelopment.js:22926
commitLayoutEffectOnFiber @ webpack-internal:///…evelopment.js:21577
recursivelyTraverseLayoutEffects @ webpack-internal:///…evelopment.js:22926
commitLayoutEffectOnFiber @ webpack-internal:///…evelopment.js:21407
recursivelyTraverseLayoutEffects @ webpack-internal:///…evelopment.js:22926
commitLayoutEffectOnFiber @ webpack-internal:///…evelopment.js:21418
recursivelyTraverseLayoutEffects @ webpack-internal:///…evelopment.js:22926
commitLayoutEffectOnFiber @ webpack-internal:///…evelopment.js:21407
recursivelyTraverseLayoutEffects @ webpack-internal:///…evelopment.js:22926
commitLayoutEffectOnFiber @ webpack-internal:///…evelopment.js:21407
recursivelyTraverseLayoutEffects @ webpack-internal:///…evelopment.js:22926
commitLayoutEffectOnFiber @ webpack-internal:///…evelopment.js:21407
recursivelyTraverseLayoutEffects @ webpack-internal:///…evelopment.js:22926
commitLayoutEffectOnFiber @ webpack-internal:///…evelopment.js:21407
recursivelyTraverseLayoutEffects @ webpack-internal:///…evelopment.js:22926
commitLayoutEffectOnFiber @ webpack-internal:///…evelopment.js:21577
recursivelyTraverseLayoutEffects @ webpack-internal:///…evelopment.js:22926
commitLayoutEffectOnFiber @ webpack-internal:///…evelopment.js:21577
recursivelyTraverseLayoutEffects @ webpack-internal:///…evelopment.js:22926
commitLayoutEffectOnFiber @ webpack-internal:///…evelopment.js:21577
recursivelyTraverseLayoutEffects @ webpack-internal:///…evelopment.js:22926
commitLayoutEffectOnFiber @ webpack-internal:///…evelopment.js:21437
commitLayoutEffects @ webpack-internal:///…evelopment.js:22912
commitRootImpl @ webpack-internal:///…evelopment.js:26226
commitRoot @ webpack-internal:///…evelopment.js:26077
commitRootWhenReady @ webpack-internal:///…evelopment.js:24749
finishConcurrentRender @ webpack-internal:///…evelopment.js:24714
performConcurrentWorkOnRoot @ webpack-internal:///…evelopment.js:24559
workLoop @ webpack-internal:///….development.js:256
flushWork @ webpack-internal:///….development.js:225
performWorkUntilDeadline @ webpack-internal:///….development.js:534
10:20:09.412  [CallModal] 🔄 Waiting for stream to become active for cmeumah180000kuygq63oa1qx
10:20:09.414  [WebRTC] 🧊 ICE connection state changed to: disconnected for cmeumah180000kuygq63oa1qx
10:20:09.414  [WebRTC] ICE diagnostics: {participantId: 'cmeumah180000kuygq63oa1qx', iceConnectionState: 'disconnected', connectionState: 'connecting', iceGatheringState: 'complete', timestamp: 1757384409414}
10:20:09.414  [WebRTC] ⚠️ ICE connection DISCONNECTED for cmeumah180000kuygq63oa1qx - monitoring...
pc.oniceconnectionstatechange @ webpack-internal:///…c/lib/webrtc.ts:778
10:20:09.414  [WebRTC] 🧊 ICE connection state changed to: connected for cmeumah180000kuygq63oa1qx
10:20:09.414  [WebRTC] ICE diagnostics: {participantId: 'cmeumah180000kuygq63oa1qx', iceConnectionState: 'connected', connectionState: 'connecting', iceGatheringState: 'complete', timestamp: 1757384409414}
10:20:09.414  [WebRTC] ✅ ICE connection established for cmeumah180000kuygq63oa1qx - media flow should be stable
10:20:09.414  [WebRTC] 🧊 ICE connection state changed to: disconnected for cmeumah180000kuygq63oa1qx
10:20:09.414  [WebRTC] ICE diagnostics: {participantId: 'cmeumah180000kuygq63oa1qx', iceConnectionState: 'disconnected', connectionState: 'connecting', iceGatheringState: 'complete', timestamp: 1757384409414}
10:20:09.414  [WebRTC] ⚠️ ICE connection DISCONNECTED for cmeumah180000kuygq63oa1qx - monitoring...
pc.oniceconnectionstatechange @ webpack-internal:///…c/lib/webrtc.ts:778
10:20:09.416  User status update received: {userId: 'cmeumah180000kuygq63oa1qx', isOnline: true, lastSeen: '2025-09-09T02:20:09.295Z'}
10:20:09.418  [WebRTC] 🎵 RECEIVED REMOTE TRACK: audio from: cmeumah180000kuygq63oa1qx
10:20:09.418  [WebRTC] Track state: {id: '036da6c5-ecd8-426f-bf07-e7b3c3a0af1f', label: '036da6c5-ecd8-426f-bf07-e7b3c3a0af1f', enabled: true, readyState: 'live', muted: true}
10:20:09.418  [WebRTC] 🔧 UNMUTING muted remote audio track from: cmeumah180000kuygq63oa1qx
10:20:09.418  [WebRTC] 🎵 Remote audio track configured for first call: {enabled: true, muted: true, readyState: 'live', participantId: 'cmeumah180000kuygq63oa1qx'}
10:20:09.418  [WebRTC] ✅ Using stream from event: bc884001-458b-454b-890a-15ea46c82cad
10:20:09.419  [WebRTC] 📊 Stream verification for cmeumah180000kuygq63oa1qx:
10:20:09.419  [WebRTC]   Audio tracks: 1 [{…}]
10:20:09.419  [WebRTC]   Video tracks: 0 []
10:20:09.419  [WebRTC]   Stream active: true
10:20:09.419  [WebRTC] 📡 Scheduling notification about remote stream for: cmeumah180000kuygq63oa1qx
10:20:09.420  [WebRTC] 🔍 Checking call readiness after receiving remote track
10:20:09.420  [WebRTC] 🔍 DETAILED Call readiness check:
10:20:09.420  [WebRTC]   Total peers: 2
10:20:09.420  [WebRTC]   Connected peers: 1
10:20:09.420  [WebRTC]   Peers with streams: 2
10:20:09.420  [WebRTC]   Peer details: (2) [{…}, {…}]
10:20:09.420  [WebRTC] ✅ Call is ready! Signaling server...
10:20:09.420  [WebRTC] 📡 EMITTING webrtc_call_ready - peers: 1 streams: 2
10:20:09.422  [WebRTC] Remote description set, applying any buffered ICE candidates
10:20:09.422  [WebRTC] Creating answer with ultra-low-latency options...
10:20:09.577  [VoiceActivity] Effect triggered: {hasStream: true, streamId: 'bc884001-458b-454b-890a-15ea46c82cad', audioTracks: 0, threshold: -40}
10:20:09.578  [VoiceActivity] No audio tracks in stream, cleaning up
10:20:09.578  [VoiceActivity] Effect triggered: {hasStream: true, streamId: '11f1cb2e-ff24-4f0a-9e82-dab593c0342f', audioTracks: 1, threshold: -40}
10:20:09.579  [VoiceActivity] Initializing for stream: 11f1cb2e-ff24-4f0a-9e82-dab593c0342f with 1 audio tracks
10:20:09.581  [CallModal] Initialized active participants (excluding self): (2) ['cmeumah180000kuygq63oa1qx', 'cmeifn5qp002dkunge64m0xss']
10:20:09.582  [CallModal] 🔍 Connection verification:
10:20:09.583  [CallModal] - Expected participants: (2) ['cmeumah180000kuygq63oa1qx', 'cmeifn5qp002dkunge64m0xss']
10:20:09.584  [CallModal] - Active connections: (2) ['cmeifn5qp002dkunge64m0xss', 'cmeumah180000kuygq63oa1qx']
10:20:09.584  [CallModal] ✅ All expected WebRTC connections are active
10:20:09.585  [CallModal] 🆘 EMERGENCY WebRTC RECOVERY - Call is connected but WebRTC needs help!
10:20:09.586  [CallModal] 🔧 Emergency details: {needsInit: false, needsConnectionRecovery: true, callState: 'connected', isIncoming: false, participants: Array(2), …}
10:20:09.587  [VoiceActivity] Effect triggered: {hasStream: true, streamId: 'bc884001-458b-454b-890a-15ea46c82cad', audioTracks: 0, threshold: -40}
10:20:09.587  [VoiceActivity] No audio tracks in stream, cleaning up
10:20:09.587  [VoiceActivity] Effect triggered: {hasStream: true, streamId: '11f1cb2e-ff24-4f0a-9e82-dab593c0342f', audioTracks: 1, threshold: -40}
10:20:09.587  [VoiceActivity] Initializing for stream: 11f1cb2e-ff24-4f0a-9e82-dab593c0342f with 1 audio tracks
10:20:09.589  [WebRTC] 🚀 Optimizing SDP for ultra-low latency...
10:20:09.589  [WebRTC] ✅ SDP optimized for ultra-low latency
10:20:09.589  [WebRTC] Answer created and SDP optimized, analyzing...
10:20:09.589  [WebRTC] 🔍 Answer SDP analysis: {hasAudio: true, hasVideo: true}
10:20:09.589  [WebRTC] Setting local description with answer...
10:20:09.591  [WebRTC] 🔄 Connection state changed to: disconnected for cmeumah180000kuygq63oa1qx
10:20:09.591  [WebRTC] 🔍 DEBUG - Full connection diagnostic: {participantId: 'cmeumah180000kuygq63oa1qx', connectionState: 'disconnected', iceConnectionState: 'disconnected', iceGatheringState: 'complete', signalingState: 'have-remote-offer', …}
10:20:09.592  [WebRTC] ⚠️ Connection DISCONNECTED for cmeumah180000kuygq63oa1qx - monitoring for recovery
pc.onconnectionstatechange @ webpack-internal:///…c/lib/webrtc.ts:670
10:20:09.592  [WebRTC] Connection DISCONNECTED for: cmeumah180000kuygq63oa1qx - Starting recovery timer
10:20:09.592  [WebRTC] 🔄 Connection state changed to: connecting for cmeumah180000kuygq63oa1qx
10:20:09.592  [WebRTC] 🔍 DEBUG - Full connection diagnostic: {participantId: 'cmeumah180000kuygq63oa1qx', connectionState: 'connecting', iceConnectionState: 'disconnected', iceGatheringState: 'complete', signalingState: 'have-remote-offer', …}
10:20:09.592  [WebRTC] 🔄 Connection state changed to: disconnected for cmeumah180000kuygq63oa1qx
10:20:09.592  [WebRTC] 🔍 DEBUG - Full connection diagnostic: {participantId: 'cmeumah180000kuygq63oa1qx', connectionState: 'disconnected', iceConnectionState: 'disconnected', iceGatheringState: 'complete', signalingState: 'have-remote-offer', …}
10:20:09.593  [WebRTC] ⚠️ Connection DISCONNECTED for cmeumah180000kuygq63oa1qx - monitoring for recovery
pc.onconnectionstatechange @ webpack-internal:///…c/lib/webrtc.ts:670
10:20:09.593  [WebRTC] Connection DISCONNECTED for: cmeumah180000kuygq63oa1qx - Starting recovery timer
10:20:09.594  [CallModal] Audio loadeddata event for cmeifn5qp002dkunge64m0xss
10:20:09.594  [CallModal] Audio can play for cmeifn5qp002dkunge64m0xss
10:20:09.594  [CallModal] Audio canplay event for cmeifn5qp002dkunge64m0xss
10:20:09.595  [CallModal] Audio is playing for cmeifn5qp002dkunge64m0xss
10:20:09.595  [CallModal] ✅ Audio playing immediately for participant cmeifn5qp002dkunge64m0xss
10:20:09.595  [CallModal] ✅ Audio playing immediately for participant cmeifn5qp002dkunge64m0xss
10:20:09.595  [CallModal] ✅ Audio playing immediately for participant cmeifn5qp002dkunge64m0xss
10:20:09.595  [WebRTC] 📡 EMITTING webrtc_stream_ready after delay for: cmeumah180000kuygq63oa1qx
10:20:09.595  [CallModal] Updated peer connections for performance monitoring: 2
10:20:09.595  [CallModal] Peer connection participants: (2) ['cmeifn5qp002dkunge64m0xss', 'cmeumah180000kuygq63oa1qx']
10:20:09.596  ChatSidebar: Filtering conversations {totalConversations: 5, blockedUserIds: Array(0), blockerUserIds: Array(0), effectiveSearchQuery: '', forceRefresh: 28, …}
10:20:09.597  Updated online status for user cmeumah180000kuygq63oa1qx in conversation cmf4reytq000tkuuuioykvp98
10:20:09.597  🏠 ChatWindow mounted/re-rendered with conversationId: cmfbwdnf60000kuzg41ovkra2
10:20:09.598  🏠 ChatWindow mounted/re-rendered with conversationId: cmfbwdnf60000kuzg41ovkra2
