07:10:36.522  🔓 E2EE: Successfully decrypted message content
07:10:36.532  🔓 E2EE: Successfully decrypted message content
07:10:36.554  🔓 E2EE: Successfully decrypted message content
07:10:36.565  🔓 E2EE: Successfully decrypted message content
07:10:36.565  🔓 E2EE: Successfully decrypted message content
07:10:36.586  🔓 E2EE: Successfully decrypted message content
07:10:36.597  🔓 E2EE: Successfully decrypted message content
07:10:36.629  🔓 E2EE: Successfully decrypted message content
07:10:36.629  🔓 E2EE: Successfully decrypted message content
07:10:36.629  🔓 E2EE: Successfully decrypted message content
07:10:36.629  🔓 E2EE: Successfully decrypted message content
07:10:36.662  🔓 E2EE: Successfully decrypted message content
07:10:36.672  🔓 E2EE: Successfully decrypted message content
07:10:36.672  🔓 E2EE: Successfully decrypted message content
07:10:36.704  🔓 E2EE: Successfully decrypted message content
07:10:36.704  🔓 E2EE: Successfully decrypted message content
07:10:36.735  🔓 E2EE: Successfully decrypted message content
07:10:36.756  🔓 E2EE: Successfully decrypted message content
07:10:36.756  🔓 E2EE: Successfully decrypted message content
07:10:36.789  🔓 E2EE: Successfully decrypted message content
07:10:36.789  🔓 E2EE: Successfully decrypted message content
07:10:36.789  🔓 E2EE: Successfully decrypted message content
07:10:36.799  🔓 E2EE: Successfully decrypted message content
07:10:36.820  🔓 E2EE: Successfully decrypted message content
07:10:36.832  🔓 E2EE: Successfully decrypted message content
07:10:36.843  🔓 E2EE: Successfully decrypted message content
07:10:36.853  🔓 E2EE: Successfully decrypted message content
07:10:36.863  🔓 E2EE: Successfully decrypted message content
07:10:36.863  🔓 E2EE: Successfully decrypted message content
07:10:36.894  🔓 E2EE: Successfully decrypted message content
07:10:36.894  🔓 E2EE: Successfully decrypted message content
07:10:36.894  🔓 E2EE: Successfully decrypted message content
07:10:36.894  🔓 E2EE: Successfully decrypted message content
07:10:36.894  🔓 E2EE: Successfully decrypted message content
07:10:36.904  🔓 E2EE: Successfully decrypted message content
07:10:36.904  🔓 E2EE: Successfully decrypted message content
07:10:36.915  🔓 E2EE: Successfully decrypted message content
07:10:36.915  🔓 E2EE: Successfully decrypted message content
07:10:36.915  SocketContext: Additional heartbeat sent after becoming visible
07:10:36.925  🔓 E2EE: Successfully decrypted message content
07:10:36.936  🔓 E2EE: Successfully decrypted message content
07:10:36.936  🔓 E2EE: Successfully decrypted message content
07:10:36.968  🔓 E2EE: Successfully decrypted message content
07:10:36.978  🔓 E2EE: Successfully decrypted message content
07:10:36.978  🔓 E2EE: Successfully decrypted message content
07:10:36.998  🔓 E2EE: Successfully decrypted message content
07:10:37.009  🔓 E2EE: Successfully decrypted message content
07:10:37.019  🔓 E2EE: Successfully decrypted message content
07:10:37.030  🔓 E2EE: Successfully decrypted message content
07:10:37.030  🔓 E2EE: Successfully decrypted message content
07:10:37.040  🔓 E2EE: Successfully decrypted message content
07:10:37.081  🔓 E2EE: Successfully decrypted message content
07:10:37.081  🔓 E2EE: Successfully decrypted message content
07:10:37.083  🔓 E2EE: Successfully decrypted message content
07:10:37.083  🔓 E2EE: Successfully decrypted message content
07:10:37.125  🔓 E2EE: Successfully decrypted message content
07:10:37.125  🔓 E2EE: Successfully decrypted message content
07:10:37.146  🔓 E2EE: Successfully decrypted message content
07:10:37.146  🔓 E2EE: Successfully decrypted message content
07:10:37.157  🔓 E2EE: Successfully decrypted message content
07:10:37.168  🔓 E2EE: Successfully decrypted message content
07:10:37.168  🔓 E2EE: Successfully decrypted message content
07:10:37.179  🔓 E2EE: Successfully decrypted message content
07:10:37.179  🔓 E2EE: Successfully decrypted message content
07:10:37.190  🔓 E2EE: Successfully decrypted message content
07:10:37.211  🔓 E2EE: Successfully decrypted message content
07:10:37.222  🔓 E2EE: Successfully decrypted message content
07:10:37.222  🔓 E2EE: Successfully decrypted message content
07:10:37.242  🔓 E2EE: Successfully decrypted message content
07:10:37.253  🔓 E2EE: Successfully decrypted message content
07:10:37.284  🔓 E2EE: Successfully decrypted message content
07:10:37.284  🔓 E2EE: Successfully decrypted message content
07:10:37.284  🔓 E2EE: Successfully decrypted message content
07:10:37.284  🔓 E2EE: Successfully decrypted message content
07:10:37.314  🔓 E2EE: Successfully decrypted message content
07:10:37.324  🔓 E2EE: Successfully decrypted message content
07:10:37.324  🔓 E2EE: Successfully decrypted message content
07:10:37.356  🔓 E2EE: Successfully decrypted message content
07:10:37.356  🔓 E2EE: Successfully decrypted message content
07:10:37.387  🔓 E2EE: Successfully decrypted message content
07:10:37.409  🔓 E2EE: Successfully decrypted message content
07:10:37.409  🔓 E2EE: Successfully decrypted message content
07:10:37.441  🔓 E2EE: Successfully decrypted message content
07:10:37.441  🔓 E2EE: Successfully decrypted message content
07:10:37.441  🔓 E2EE: Successfully decrypted message content
07:10:37.451  🔓 E2EE: Successfully decrypted message content
07:10:37.471  🔓 E2EE: Successfully decrypted message content
07:10:37.481  🔓 E2EE: Successfully decrypted message content
07:10:37.491  🔓 E2EE: Successfully decrypted message content
07:10:37.491  🔓 E2EE: Successfully decrypted message content
07:10:37.502  🔓 E2EE: Successfully decrypted message content
07:10:37.502  🔓 E2EE: Successfully decrypted message content
07:10:37.533  🔓 E2EE: Successfully decrypted message content
07:10:37.533  🔓 E2EE: Successfully decrypted message content
07:10:37.533  🔓 E2EE: Successfully decrypted message content
07:10:37.533  🔓 E2EE: Successfully decrypted message content
07:10:37.533  🔓 E2EE: Successfully decrypted message content
07:10:37.573  🔓 E2EE: Successfully decrypted message content
07:10:37.573  🔓 E2EE: Successfully decrypted message content
07:10:37.576  🔓 E2EE: Successfully decrypted message content
07:10:37.576  🔓 E2EE: Successfully decrypted message content
07:10:37.576  🔓 E2EE: Successfully decrypted message content
07:10:37.576  🔓 E2EE: Successfully decrypted message content
07:10:37.576  🔓 E2EE: Successfully decrypted message content
07:10:37.606  🔓 E2EE: Successfully decrypted message content
07:10:37.616  🔓 E2EE: Successfully decrypted message content
07:10:37.616  🔓 E2EE: Successfully decrypted message content
07:10:37.637  🔓 E2EE: Successfully decrypted message content
07:10:37.647  🔓 E2EE: Successfully decrypted message content
07:10:37.658  🔓 E2EE: Successfully decrypted message content
07:10:37.669  🔓 E2EE: Successfully decrypted message content
07:10:37.669  🔓 E2EE: Successfully decrypted message content
07:10:37.691  🔓 E2EE: Successfully decrypted message content
07:10:37.691  🔓 E2EE: Successfully decrypted message content
07:10:37.701  🔓 E2EE: Successfully decrypted message content
07:10:37.712  🔓 E2EE: Successfully decrypted message content
07:10:37.765  🔓 E2EE: Successfully decrypted message content
07:10:37.765  🔓 E2EE: Successfully decrypted message content
07:10:37.786  🔓 E2EE: Successfully decrypted message content
07:10:37.786  🔓 E2EE: Successfully decrypted message content
07:10:37.797  🔓 E2EE: Successfully decrypted message content
07:10:37.807  🔓 E2EE: Successfully decrypted message content
07:10:37.807  🔓 E2EE: Successfully decrypted message content
07:10:37.817  🔓 E2EE: Successfully decrypted message content
07:10:37.817  🔓 E2EE: Successfully decrypted message content
07:10:37.828  🔓 E2EE: Successfully decrypted message content
07:10:37.850  🔓 E2EE: Successfully decrypted message content
07:10:37.861  🔓 E2EE: Successfully decrypted message content
07:10:37.861  🔓 E2EE: Successfully decrypted message content
07:10:37.883  🔓 E2EE: Successfully decrypted message content
07:10:37.894  🔓 E2EE: Successfully decrypted message content
07:10:37.927  🔓 E2EE: Successfully decrypted message content
07:10:37.927  🔓 E2EE: Successfully decrypted message content
07:10:37.927  🔓 E2EE: Successfully decrypted message content
07:10:37.927  🔓 E2EE: Successfully decrypted message content
07:10:37.958  🔓 E2EE: Successfully decrypted message content
07:10:37.958  🔓 E2EE: Successfully decrypted message content
07:10:37.958  🔓 E2EE: Successfully decrypted message content
07:10:37.990  🔓 E2EE: Successfully decrypted message content
07:10:37.990  🔓 E2EE: Successfully decrypted message content
07:10:38.022  🔓 E2EE: Successfully decrypted message content
07:10:38.043  🔓 E2EE: Successfully decrypted message content
07:10:38.043  🔓 E2EE: Successfully decrypted message content
07:10:38.075  🔓 E2EE: Successfully decrypted message content
07:10:38.075  🔓 E2EE: Successfully decrypted message content
07:10:38.075  🔓 E2EE: Successfully decrypted message content
07:10:38.085  🔓 E2EE: Successfully decrypted message content
07:10:38.105  🔓 E2EE: Successfully decrypted message content
07:10:38.115  🔓 E2EE: Successfully decrypted message content
07:10:38.127  🔓 E2EE: Successfully decrypted message content
07:10:38.127  🔓 E2EE: Successfully decrypted message content
07:10:38.137  🔓 E2EE: Successfully decrypted message content
07:10:38.137  🔓 E2EE: Successfully decrypted message content
07:10:38.170  🔓 E2EE: Successfully decrypted message content
07:10:38.170 ChatWindow.tsx:309 🔓 E2EE: Successfully decrypted message content
07:10:38.170 ChatWindow.tsx:309 🔓 E2EE: Successfully decrypted message content
07:10:38.170 ChatWindow.tsx:309 🔓 E2EE: Successfully decrypted message content
07:10:38.180 ChatWindow.tsx:309 🔓 E2EE: Successfully decrypted message content
07:10:38.180 ChatWindow.tsx:309 🔓 E2EE: Successfully decrypted message content
07:10:38.190 ChatWindow.tsx:309 🔓 E2EE: Successfully decrypted message content
07:10:38.190 ChatWindow.tsx:309 🔓 E2EE: Successfully decrypted message content
07:10:38.201 ChatWindow.tsx:309 🔓 E2EE: Successfully decrypted message content
07:10:38.212 ChatWindow.tsx:309 🔓 E2EE: Successfully decrypted message content
07:10:38.212 ChatWindow.tsx:309 🔓 E2EE: Successfully decrypted message content
07:10:38.243 ChatWindow.tsx:309 🔓 E2EE: Successfully decrypted message content
07:10:38.255 ChatWindow.tsx:309 🔓 E2EE: Successfully decrypted message content
07:10:38.255 ChatWindow.tsx:309 🔓 E2EE: Successfully decrypted message content
07:10:38.282 ChatWindow.tsx:309 🔓 E2EE: Successfully decrypted message content
07:10:38.293 ChatWindow.tsx:309 🔓 E2EE: Successfully decrypted message content
07:10:38.304 ChatWindow.tsx:309 🔓 E2EE: Successfully decrypted message content
07:10:38.315 ChatWindow.tsx:309 🔓 E2EE: Successfully decrypted message content
07:10:38.315 ChatWindow.tsx:309 🔓 E2EE: Successfully decrypted message content
07:10:38.356 ChatWindow.tsx:309 🔓 E2EE: Successfully decrypted message content
07:10:38.357 ChatWindow.tsx:309 🔓 E2EE: Successfully decrypted message content
07:10:38.357 ChatWindow.tsx:309 🔓 E2EE: Successfully decrypted message content
07:10:38.359 ChatWindow.tsx:309 🔓 E2EE: Successfully decrypted message content
07:10:38.410 ChatWindow.tsx:309 🔓 E2EE: Successfully decrypted message content
07:10:38.410 ChatWindow.tsx:309 🔓 E2EE: Successfully decrypted message content
07:10:38.430 ChatWindow.tsx:309 🔓 E2EE: Successfully decrypted message content
07:10:38.430 ChatWindow.tsx:309 🔓 E2EE: Successfully decrypted message content
07:10:38.440 ChatWindow.tsx:309 🔓 E2EE: Successfully decrypted message content
07:10:38.450 ChatWindow.tsx:309 🔓 E2EE: Successfully decrypted message content
07:10:38.450 ChatWindow.tsx:309 🔓 E2EE: Successfully decrypted message content
07:10:38.460 ChatWindow.tsx:309 🔓 E2EE: Successfully decrypted message content
07:10:38.460 ChatWindow.tsx:309 🔓 E2EE: Successfully decrypted message content
07:10:38.471 ChatWindow.tsx:309 🔓 E2EE: Successfully decrypted message content
07:10:38.491 ChatWindow.tsx:309 🔓 E2EE: Successfully decrypted message content
07:10:38.501 ChatWindow.tsx:309 🔓 E2EE: Successfully decrypted message content
07:10:38.501 ChatWindow.tsx:309 🔓 E2EE: Successfully decrypted message content
07:10:38.522 ChatWindow.tsx:309 🔓 E2EE: Successfully decrypted message content
07:10:38.532 ChatWindow.tsx:309 🔓 E2EE: Successfully decrypted message content
07:10:38.563 ChatWindow.tsx:309 🔓 E2EE: Successfully decrypted message content
07:10:38.563 ChatWindow.tsx:309 🔓 E2EE: Successfully decrypted message content
07:10:38.564 ChatWindow.tsx:309 🔓 E2EE: Successfully decrypted message content
07:10:38.564 ChatWindow.tsx:309 🔓 E2EE: Successfully decrypted message content
07:10:38.594 ChatWindow.tsx:309 🔓 E2EE: Successfully decrypted message content
07:10:38.594 ChatWindow.tsx:309 🔓 E2EE: Successfully decrypted message content
07:10:38.594 ChatWindow.tsx:309 🔓 E2EE: Successfully decrypted message content
07:10:38.624 ChatWindow.tsx:309 🔓 E2EE: Successfully decrypted message content
07:10:38.624 ChatWindow.tsx:309 🔓 E2EE: Successfully decrypted message content
07:10:38.655 ChatWindow.tsx:309 🔓 E2EE: Successfully decrypted message content
07:10:38.675 ChatWindow.tsx:309 🔓 E2EE: Successfully decrypted message content
07:10:38.675 ChatWindow.tsx:309 🔓 E2EE: Successfully decrypted message content
07:10:38.706 ChatWindow.tsx:309 🔓 E2EE: Successfully decrypted message content
07:10:38.706 ChatWindow.tsx:309 🔓 E2EE: Successfully decrypted message content
07:10:38.706 ChatWindow.tsx:309 🔓 E2EE: Successfully decrypted message content
07:10:38.716 ChatWindow.tsx:309 🔓 E2EE: Successfully decrypted message content
07:10:38.737 ChatWindow.tsx:309 🔓 E2EE: Successfully decrypted message content
07:10:38.737 ChatWindow.tsx:309 🔓 E2EE: Successfully decrypted message content
07:10:38.747 ChatWindow.tsx:309 🔓 E2EE: Successfully decrypted message content
07:10:38.747 ChatWindow.tsx:309 🔓 E2EE: Successfully decrypted message content
07:10:38.757 ChatWindow.tsx:309 🔓 E2EE: Successfully decrypted message content
07:10:38.757 ChatWindow.tsx:309 🔓 E2EE: Successfully decrypted message content
07:10:38.787 ChatWindow.tsx:309 🔓 E2EE: Successfully decrypted message content
07:10:38.787 ChatWindow.tsx:309 🔓 E2EE: Successfully decrypted message content
07:10:38.787 ChatWindow.tsx:309 🔓 E2EE: Successfully decrypted message content
07:10:38.788 ChatWindow.tsx:309 🔓 E2EE: Successfully decrypted message content
07:10:38.797 ChatWindow.tsx:309 🔓 E2EE: Successfully decrypted message content
07:10:38.797 ChatWindow.tsx:309 🔓 E2EE: Successfully decrypted message content
07:10:38.808 ChatWindow.tsx:309 🔓 E2EE: Successfully decrypted message content
07:10:38.808 ChatWindow.tsx:309 🔓 E2EE: Successfully decrypted message content
07:10:38.818 ChatWindow.tsx:309 🔓 E2EE: Successfully decrypted message content
07:10:38.828 ChatWindow.tsx:309 🔓 E2EE: Successfully decrypted message content
07:10:38.828 ChatWindow.tsx:309 🔓 E2EE: Successfully decrypted message content
07:10:38.859 ChatWindow.tsx:309 🔓 E2EE: Successfully decrypted message content
07:10:38.869 ChatWindow.tsx:309 🔓 E2EE: Successfully decrypted message content
07:10:38.869 ChatWindow.tsx:309 🔓 E2EE: Successfully decrypted message content
07:10:38.890 ChatWindow.tsx:309 🔓 E2EE: Successfully decrypted message content
07:10:38.900 ChatWindow.tsx:309 🔓 E2EE: Successfully decrypted message content
07:10:38.911 ChatWindow.tsx:309 🔓 E2EE: Successfully decrypted message content
07:10:38.922 ChatWindow.tsx:309 🔓 E2EE: Successfully decrypted message content
07:10:38.942 ChatWindow.tsx:309 🔓 E2EE: Successfully decrypted message content
07:10:38.943 ChatWindow.tsx:309 🔓 E2EE: Successfully decrypted message content
07:10:38.953 ChatWindow.tsx:309 🔓 E2EE: Successfully decrypted message content
07:10:38.964 ChatWindow.tsx:309 🔓 E2EE: Successfully decrypted message content
07:10:39.018 ChatWindow.tsx:309 🔓 E2EE: Successfully decrypted message content
07:10:39.018 ChatWindow.tsx:309 🔓 E2EE: Successfully decrypted message content
07:10:39.040 ChatWindow.tsx:309 🔓 E2EE: Successfully decrypted message content
07:10:39.040 ChatWindow.tsx:309 🔓 E2EE: Successfully decrypted message content
07:10:39.050 ChatWindow.tsx:309 🔓 E2EE: Successfully decrypted message content
07:10:39.061 ChatWindow.tsx:309 🔓 E2EE: Successfully decrypted message content
07:10:39.061 ChatWindow.tsx:309 🔓 E2EE: Successfully decrypted message content
07:10:39.071 ChatWindow.tsx:309 🔓 E2EE: Successfully decrypted message content
07:10:39.071 ChatWindow.tsx:309 🔓 E2EE: Successfully decrypted message content
07:10:39.082 ChatWindow.tsx:309 🔓 E2EE: Successfully decrypted message content
07:10:39.104 ChatWindow.tsx:309 🔓 E2EE: Successfully decrypted message content
07:10:39.114 ChatWindow.tsx:309 🔓 E2EE: Successfully decrypted message content
07:10:39.114 ChatWindow.tsx:309 🔓 E2EE: Successfully decrypted message content
07:10:39.136 ChatWindow.tsx:309 🔓 E2EE: Successfully decrypted message content
07:10:39.181 ChatWindow.tsx:309 🔓 E2EE: Successfully decrypted message content
07:10:39.185 ChatWindow.tsx:309 🔓 E2EE: Successfully decrypted message content
07:10:39.185 ChatWindow.tsx:309 🔓 E2EE: Successfully decrypted message content
07:10:39.185 ChatWindow.tsx:309 🔓 E2EE: Successfully decrypted message content
07:10:39.185 ChatWindow.tsx:309 🔓 E2EE: Successfully decrypted message content
07:10:39.208 ChatWindow.tsx:309 🔓 E2EE: Successfully decrypted message content
07:10:39.209 ChatWindow.tsx:309 🔓 E2EE: Successfully decrypted message content
07:10:39.209 ChatWindow.tsx:309 🔓 E2EE: Successfully decrypted message content
07:10:39.240 ChatWindow.tsx:309 🔓 E2EE: Successfully decrypted message content
07:10:39.240 ChatWindow.tsx:309 🔓 E2EE: Successfully decrypted message content
07:10:39.271 ChatWindow.tsx:309 🔓 E2EE: Successfully decrypted message content
07:10:39.292 ChatWindow.tsx:309 🔓 E2EE: Successfully decrypted message content
07:10:39.292 ChatWindow.tsx:309 🔓 E2EE: Successfully decrypted message content
07:10:39.324 ChatWindow.tsx:309 🔓 E2EE: Successfully decrypted message content
07:10:39.324 ChatWindow.tsx:309 🔓 E2EE: Successfully decrypted message content
07:10:39.325 ChatWindow.tsx:309 🔓 E2EE: Successfully decrypted message content
07:10:39.335 ChatWindow.tsx:309 🔓 E2EE: Successfully decrypted message content
07:10:39.355 ChatWindow.tsx:309 🔓 E2EE: Successfully decrypted message content
07:10:39.355 ChatWindow.tsx:309 🔓 E2EE: Successfully decrypted message content
07:10:39.365 ChatWindow.tsx:309 🔓 E2EE: Successfully decrypted message content
07:10:39.365 ChatWindow.tsx:309 🔓 E2EE: Successfully decrypted message content
07:10:39.376 ChatWindow.tsx:309 🔓 E2EE: Successfully decrypted message content
07:10:39.376 ChatWindow.tsx:309 🔓 E2EE: Successfully decrypted message content
07:10:39.414 ChatWindow.tsx:309 🔓 E2EE: Successfully decrypted message content
07:10:39.414 ChatWindow.tsx:309 🔓 E2EE: Successfully decrypted message content
07:10:39.414 ChatWindow.tsx:309 🔓 E2EE: Successfully decrypted message content
07:10:39.414 ChatWindow.tsx:309 🔓 E2EE: Successfully decrypted message content
07:10:39.425 ChatWindow.tsx:309 🔓 E2EE: Successfully decrypted message content
07:10:39.425 ChatWindow.tsx:309 🔓 E2EE: Successfully decrypted message content
07:10:39.435 ChatWindow.tsx:309 🔓 E2EE: Successfully decrypted message content
07:10:39.435 ChatWindow.tsx:309 🔓 E2EE: Successfully decrypted message content
07:10:39.445 ChatWindow.tsx:309 🔓 E2EE: Successfully decrypted message content
07:10:39.456 ChatWindow.tsx:309 🔓 E2EE: Successfully decrypted message content
07:10:39.456 ChatWindow.tsx:309 🔓 E2EE: Successfully decrypted message content
07:10:39.496 ChatWindow.tsx:309 🔓 E2EE: Successfully decrypted message content
07:10:39.500 ChatWindow.tsx:309 🔓 E2EE: Successfully decrypted message content
07:10:39.500 ChatWindow.tsx:309 🔓 E2EE: Successfully decrypted message content
07:10:39.521 ChatWindow.tsx:309 🔓 E2EE: Successfully decrypted message content
07:10:39.532  🔓 E2EE: Successfully decrypted message content
07:10:39.542  🔓 E2EE: Successfully decrypted message content
07:10:39.552  🔓 E2EE: Successfully decrypted message content
07:10:39.564  🔓 E2EE: Successfully decrypted message content
07:10:39.564  🔓 E2EE: Successfully decrypted message content
07:10:39.572  🔓 E2EE: Successfully decrypted message content
07:10:39.582  🔓 E2EE: Successfully decrypted message content
07:10:39.635  🔓 E2EE: Successfully decrypted message content
07:10:39.635  🔓 E2EE: Successfully decrypted message content
07:10:39.656  🔓 E2EE: Successfully decrypted message content
07:10:39.656  🔓 E2EE: Successfully decrypted message content
07:10:39.667  🔓 E2EE: Successfully decrypted message content
07:10:39.677  🔓 E2EE: Successfully decrypted message content
07:10:39.677  🔓 E2EE: Successfully decrypted message content
07:10:39.688  🔓 E2EE: Successfully decrypted message content
07:10:39.688  🔓 E2EE: Successfully decrypted message content
07:10:39.699  🔓 E2EE: Successfully decrypted message content
07:10:39.722  🔓 E2EE: Successfully decrypted message content
07:10:39.733  🔓 E2EE: Successfully decrypted message content
07:10:39.733  🔓 E2EE: Successfully decrypted message content
07:10:39.766  🔓 E2EE: Successfully decrypted message content
07:10:39.799  🔓 E2EE: Successfully decrypted message content
07:10:39.799  🔓 E2EE: Successfully decrypted message content
07:10:39.799  🔓 E2EE: Successfully decrypted message content
07:10:39.799  🔓 E2EE: Successfully decrypted message content
07:10:39.831  🔓 E2EE: Successfully decrypted message content
07:10:39.831  🔓 E2EE: Successfully decrypted message content
07:10:39.831  🔓 E2EE: Successfully decrypted message content
07:10:39.863  🔓 E2EE: Successfully decrypted message content
07:10:39.863  🔓 E2EE: Successfully decrypted message content
07:10:39.894  🔓 E2EE: Successfully decrypted message content
07:10:39.916  🔓 E2EE: Successfully decrypted message content
07:10:39.916  🔓 E2EE: Successfully decrypted message content
07:10:39.964  🔓 E2EE: Successfully decrypted message content
07:10:39.964  🔓 E2EE: Successfully decrypted message content
07:10:39.964  🔓 E2EE: Successfully decrypted message content
07:10:39.970  🔓 E2EE: Successfully decrypted message content
07:10:39.995  🔓 E2EE: Successfully decrypted message content
07:10:39.995  🔓 E2EE: Successfully decrypted message content
07:10:40.006  🔓 E2EE: Successfully decrypted message content
07:10:40.006  🔓 E2EE: Successfully decrypted message content
07:10:40.016  🔓 E2EE: Successfully decrypted message content
07:10:40.016  🔓 E2EE: Successfully decrypted message content
07:10:40.053  🔓 E2EE: Successfully decrypted message content
07:10:40.053  🔓 E2EE: Successfully decrypted message content
07:10:40.053  🔓 E2EE: Successfully decrypted message content
07:10:40.053  🔓 E2EE: Successfully decrypted message content
07:10:40.059  🔓 E2EE: Successfully decrypted message content
07:10:40.059  🔓 E2EE: Successfully decrypted message content
07:10:40.069  🔓 E2EE: Successfully decrypted message content
07:10:40.069  🔓 E2EE: Successfully decrypted message content
07:10:40.079  🔓 E2EE: Successfully decrypted message content
07:10:40.089  🔓 E2EE: Successfully decrypted message content
07:10:40.089  🔓 E2EE: Successfully decrypted message content
07:10:40.120  🔓 E2EE: Successfully decrypted message content
07:10:40.130  🔓 E2EE: Successfully decrypted message content
07:10:40.130  🔓 E2EE: Successfully decrypted message content
07:10:40.150  🔓 E2EE: Successfully decrypted message content
07:10:40.161  🔓 E2EE: Successfully decrypted message content
07:10:40.171  🔓 E2EE: Successfully decrypted message content
07:10:40.181  🔓 E2EE: Successfully decrypted message content
07:10:40.191  🔓 E2EE: Successfully decrypted message content
07:10:40.192  🔓 E2EE: Successfully decrypted message content
07:10:40.202  🔓 E2EE: Successfully decrypted message content
07:10:40.213  🔓 E2EE: Successfully decrypted message content
07:10:40.265  🔓 E2EE: Successfully decrypted message content
07:10:40.265  🔓 E2EE: Successfully decrypted message content
07:10:40.287  🔓 E2EE: Successfully decrypted message content
07:10:40.287  🔓 E2EE: Successfully decrypted message content
07:10:40.298  🔓 E2EE: Successfully decrypted message content
07:10:40.298  🔓 E2EE: Successfully decrypted message content
07:10:40.299  🔓 E2EE: Successfully decrypted message content
07:10:40.310  🔓 E2EE: Successfully decrypted message content
07:10:40.310  🔓 E2EE: Successfully decrypted message content
07:10:40.321  🔓 E2EE: Successfully decrypted message content
07:10:40.342  🔓 E2EE: Successfully decrypted message content
07:10:40.353  🔓 E2EE: Successfully decrypted message content
07:10:40.353  🔓 E2EE: Successfully decrypted message content
07:10:40.385  🔓 E2EE: Successfully decrypted message content
07:10:40.418  SocketContext: Heartbeat sent successfully
07:10:40.418  🔓 E2EE: Successfully decrypted message content
07:10:40.418  🔓 E2EE: Successfully decrypted message content
07:10:40.418  🔓 E2EE: Successfully decrypted message content
07:10:40.418  🔓 E2EE: Successfully decrypted message content
07:10:40.450  🔓 E2EE: Successfully decrypted message content
07:10:40.450  🔓 E2EE: Successfully decrypted message content
07:10:40.450  🔓 E2EE: Successfully decrypted message content
07:10:40.484  🔓 E2EE: Successfully decrypted message content
07:10:40.484  🔓 E2EE: Successfully decrypted message content
07:10:40.516  🔓 E2EE: Successfully decrypted message content
07:10:40.537  🔓 E2EE: Successfully decrypted message content
07:10:40.578  🔓 E2EE: Successfully decrypted message content
07:10:40.578  🔓 E2EE: Successfully decrypted message content
07:10:40.578  🔓 E2EE: Successfully decrypted message content
07:10:40.578  🔓 E2EE: Successfully decrypted message content
07:10:40.599  🔓 E2EE: Successfully decrypted message content
07:10:40.599  🔓 E2EE: Successfully decrypted message content
07:10:40.610  🔓 E2EE: Successfully decrypted message content
07:10:40.610  🔓 E2EE: Successfully decrypted message content
07:10:40.620  🔓 E2EE: Successfully decrypted message content
07:10:40.620  🔓 E2EE: Successfully decrypted message content
07:10:40.652  🔓 E2EE: Successfully decrypted message content
07:10:40.652  🔓 E2EE: Successfully decrypted message content
07:10:40.653  🔓 E2EE: Successfully decrypted message content
07:10:40.653  🔓 E2EE: Successfully decrypted message content
07:10:40.663  🔓 E2EE: Successfully decrypted message content
07:10:40.663  🔓 E2EE: Successfully decrypted message content
07:10:40.674  🔓 E2EE: Successfully decrypted message content
07:10:40.674  🔓 E2EE: Successfully decrypted message content
07:10:40.684  🔓 E2EE: Successfully decrypted message content
07:10:40.695  🔓 E2EE: Successfully decrypted message content
07:10:40.695  🔓 E2EE: Successfully decrypted message content
07:10:40.726  🔓 E2EE: Successfully decrypted message content
07:10:40.737  🔓 E2EE: Successfully decrypted message content
07:10:40.737  🔓 E2EE: Successfully decrypted message content
07:10:40.759  🔓 E2EE: Successfully decrypted message content
07:10:40.769  🔓 E2EE: Successfully decrypted message content
07:10:40.780  🔓 E2EE: Successfully decrypted message content
07:10:40.791  🔓 E2EE: Successfully decrypted message content
07:10:40.802  🔓 E2EE: Successfully decrypted message content
07:10:40.802  🔓 E2EE: Successfully decrypted message content
07:10:40.813  🔓 E2EE: Successfully decrypted message content
07:10:40.824  🔓 E2EE: Successfully decrypted message content
07:10:40.879  🔓 E2EE: Successfully decrypted message content
07:10:40.879  🔓 E2EE: Successfully decrypted message content
07:10:40.900  🔓 E2EE: Successfully decrypted message content
07:10:40.900  🔓 E2EE: Successfully decrypted message content
07:10:40.910  🔓 E2EE: Successfully decrypted message content
07:10:40.910  🔓 E2EE: Successfully decrypted message content
07:10:40.910  🔓 E2EE: Successfully decrypted message content
07:10:40.910  🔓 E2EE: Successfully decrypted message content
07:10:40.910  🔓 E2EE: Successfully decrypted message content
07:10:40.920  🔓 E2EE: Successfully decrypted message content
07:10:40.941  🔓 E2EE: Successfully decrypted message content
07:10:40.951  🔓 E2EE: Successfully decrypted message content
07:10:40.951  🔓 E2EE: Successfully decrypted message content
07:10:40.983  🔓 E2EE: Successfully decrypted message content
07:10:41.016  🔓 E2EE: Successfully decrypted message content
07:10:41.016  🔓 E2EE: Successfully decrypted message content
07:10:41.016  🔓 E2EE: Successfully decrypted message content
07:10:41.016  🔓 E2EE: Successfully decrypted message content
07:10:41.049  🔓 E2EE: Successfully decrypted message content
07:10:41.049  🔓 E2EE: Successfully decrypted message content
07:10:41.049  🔓 E2EE: Successfully decrypted message content
07:10:41.079  🔓 E2EE: Successfully decrypted message content
07:10:41.079  🔓 E2EE: Successfully decrypted message content
07:10:41.112  🔓 E2EE: Successfully decrypted message content
07:10:41.165  🔓 E2EE: Successfully decrypted message content
07:10:41.165  🔓 E2EE: Successfully decrypted message content
07:10:41.165  🔓 E2EE: Successfully decrypted message content
07:10:41.210  🔓 E2EE: Successfully decrypted message content
07:10:41.210  🔓 E2EE: Successfully decrypted message content
07:10:41.210  🔓 E2EE: Successfully decrypted message content
07:10:41.210  🔓 E2EE: Successfully decrypted message content
07:10:41.210  🔓 E2EE: Successfully decrypted message content
07:10:41.221  🔓 E2EE: Successfully decrypted message content
07:10:41.221  🔓 E2EE: Successfully decrypted message content
07:10:41.252  🔓 E2EE: Successfully decrypted message content
07:10:41.252  🔓 E2EE: Successfully decrypted message content
07:10:41.252  🔓 E2EE: Successfully decrypted message content
07:10:41.252  🔓 E2EE: Successfully decrypted message content
07:10:41.262  🔓 E2EE: Successfully decrypted message content
07:10:41.262  🔓 E2EE: Successfully decrypted message content
07:10:41.272  🔓 E2EE: Successfully decrypted message content
07:10:41.272  🔓 E2EE: Successfully decrypted message content
07:10:41.282  🔓 E2EE: Successfully decrypted message content
07:10:41.293  🔓 E2EE: Successfully decrypted message content
07:10:41.293  🔓 E2EE: Successfully decrypted message content
07:10:41.325  🔓 E2EE: Successfully decrypted message content
07:10:41.336  🔓 E2EE: Successfully decrypted message content
07:10:41.336  🔓 E2EE: Successfully decrypted message content
07:10:41.357  🔓 E2EE: Successfully decrypted message content
07:10:41.367  🔓 E2EE: Successfully decrypted message content
07:10:41.377  🔓 E2EE: Successfully decrypted message content
07:10:41.388  🔓 E2EE: Successfully decrypted message content
07:10:41.399  🔓 E2EE: Successfully decrypted message content
07:10:41.399  🔓 E2EE: Successfully decrypted message content
07:10:41.409  🔓 E2EE: Successfully decrypted message content
07:10:41.420  🔓 E2EE: Successfully decrypted message content
07:10:41.472  🔓 E2EE: Successfully decrypted message content
07:10:41.472  🔓 E2EE: Successfully decrypted message content
07:10:41.493  🔓 E2EE: Successfully decrypted message content
07:10:41.493  🔓 E2EE: Successfully decrypted message content
07:10:41.504  🔓 E2EE: Successfully decrypted message content
07:10:41.504  🔓 E2EE: Successfully decrypted message content
07:10:41.505  🔓 E2EE: Successfully decrypted message content
07:10:41.505  🔓 E2EE: Successfully decrypted message content
07:10:41.505  🔓 E2EE: Successfully decrypted message content
07:10:41.505  🔓 E2EE: Successfully decrypted message content
07:10:41.526  🔓 E2EE: Successfully decrypted message content
07:10:41.538  🔓 E2EE: Successfully decrypted message content
07:10:41.538  🔓 E2EE: Successfully decrypted message content
07:10:41.570  🔓 E2EE: Successfully decrypted message content
07:10:41.602  🔓 E2EE: Successfully decrypted message content
07:10:41.602  🔓 E2EE: Successfully decrypted message content
07:10:41.602  🔓 E2EE: Successfully decrypted message content
07:10:41.602  🔓 E2EE: Successfully decrypted message content
07:10:41.633  🔓 E2EE: Successfully decrypted message content
07:10:41.633  🔓 E2EE: Successfully decrypted message content
07:10:41.633  🔓 E2EE: Successfully decrypted message content
07:10:41.665  🔓 E2EE: Successfully decrypted message content
07:10:41.665  🔓 E2EE: Successfully decrypted message content
07:10:41.696  🔓 E2EE: Successfully decrypted message content
07:10:41.747  🔓 E2EE: Successfully decrypted message content
07:10:41.748  🔓 E2EE: Successfully decrypted message content
07:10:41.758  🔓 E2EE: Successfully decrypted message content
07:10:41.778  🔓 E2EE: Successfully decrypted message content
07:10:41.778  🔓 E2EE: Successfully decrypted message content
07:10:41.788  🔓 E2EE: Successfully decrypted message content
07:10:41.788  🔓 E2EE: Successfully decrypted message content
07:10:41.799  🔓 E2EE: Successfully decrypted message content
07:10:41.799  🔓 E2EE: Successfully decrypted message content
07:10:41.831  🔓 E2EE: Successfully decrypted message content
07:10:41.831  🔓 E2EE: Successfully decrypted message content
07:10:41.831  🔓 E2EE: Successfully decrypted message content
07:10:41.832  🔓 E2EE: Successfully decrypted message content
07:10:41.842  🔓 E2EE: Successfully decrypted message content
07:10:41.842  🔓 E2EE: Successfully decrypted message content
07:10:41.853  🔓 E2EE: Successfully decrypted message content
07:10:41.853  🔓 E2EE: Successfully decrypted message content
07:10:41.864  🔓 E2EE: Successfully decrypted message content
07:10:41.875  🔓 E2EE: Successfully decrypted message content
07:10:41.875  🔓 E2EE: Successfully decrypted message content
07:10:41.907  🔓 E2EE: Successfully decrypted message content
07:10:41.920  🔓 E2EE: Successfully decrypted message content
07:10:41.920  🔓 E2EE: Successfully decrypted message content
07:10:41.940  🔓 E2EE: Successfully decrypted message content
07:10:41.951  🔓 E2EE: Successfully decrypted message content
07:10:41.962  🔓 E2EE: Successfully decrypted message content
07:10:41.972  🔓 E2EE: Successfully decrypted message content
07:10:41.982  🔓 E2EE: Successfully decrypted message content
07:10:41.982  🔓 E2EE: Successfully decrypted message content
07:10:41.993  🔓 E2EE: Successfully decrypted message content
07:10:42.003  🔓 E2EE: Successfully decrypted message content
07:10:42.055  🔓 E2EE: Successfully decrypted message content
07:10:42.055  🔓 E2EE: Successfully decrypted message content
07:10:42.076  🔓 E2EE: Successfully decrypted message content
07:10:42.077  🔓 E2EE: Successfully decrypted message content
07:10:42.087  🔓 E2EE: Successfully decrypted message content
07:10:42.087  🔓 E2EE: Successfully decrypted message content
07:10:42.087  🔓 E2EE: Successfully decrypted message content
07:10:42.087  🔓 E2EE: Successfully decrypted message content
07:10:42.087  🔓 E2EE: Successfully decrypted message content
07:10:42.087  🔓 E2EE: Successfully decrypted message content
07:10:42.108  🔓 E2EE: Successfully decrypted message content
07:10:42.115  Bulk loading messages to find message cmeptmxgi000xkub2vkrf8er3
07:10:42.115  🚀 Starting bulk load for 8 batches, target: cmeptmxgi000xkub2vkrf8er3
07:10:42.115  📦 Loading batch 1/8 with cursor: cmf0g40j...
07:10:42.115  🔄 fetchMessages called: Object
07:10:42.115  🌐 Making request to: http://localhost:3000/api/messages/cmeifnahq003ekungumhkl6ux?cursor=cmf0g40jm002fkuoeznsmptyj&limit=150&bulkLoad=true
07:10:42.166  🔓 E2EE: Successfully decrypted message content
07:10:42.166  🔓 E2EE: Successfully decrypted message content
07:10:42.214  🔓 E2EE: Successfully decrypted message content
07:10:42.214  🔓 E2EE: Successfully decrypted message content
07:10:42.214  🔓 E2EE: Successfully decrypted message content
07:10:42.214  🔓 E2EE: Successfully decrypted message content
07:10:42.214  🔓 E2EE: Successfully decrypted message content
07:10:42.228  📦 Received 150 messages, nextCursor: cmf0g3zp...
07:10:42.228  🔓 E2EE: Successfully decrypted message content
07:10:42.228  🔓 E2EE: Successfully decrypted message content
07:10:42.228  🔓 E2EE: Successfully decrypted message content
07:10:42.228  📝 Adding 1 new messages (filtered from 150), total will be: 200
07:10:42.228  📝 Adding 1 new messages (filtered from 150), total will be: 200
07:10:42.275  🔓 E2EE: Successfully decrypted message content
07:10:42.275  🔓 E2EE: Successfully decrypted message content
07:10:42.275  🔐 E2EE: Initializing libsignal-client...
07:10:42.275  🔐 E2EE: Initializing libsignal-client...
07:10:42.275  🔐 E2EE: libsignal-client successfully loaded
07:10:42.275  🔐 SignalClient Status: Object
07:10:42.275  🔐 E2EE: Using browser shim - providing basic encryption only
07:10:42.276  🔐 E2EE: libsignal-client successfully loaded
07:10:42.276  🔐 SignalClient Status: Object
07:10:42.276  🔐 E2EE: Using browser shim - providing basic encryption only
07:10:42.276  📦 Loading batch 2/8 with cursor: cmf0g40j...
07:10:42.276  🔄 fetchMessages called: Object
07:10:42.276  🌐 Making request to: http://localhost:3000/api/messages/cmeifnahq003ekungumhkl6ux?cursor=cmf0g40jm002fkuoeznsmptyj&limit=150&bulkLoad=true
07:10:42.322  🔓 E2EE: Successfully decrypted message content
07:10:42.344  Already searching for message cmeptmxgi000xkub2vkrf8er3, ignoring duplicate request
07:10:42.350  🔓 E2EE: Successfully decrypted message content
07:10:42.350  🔓 E2EE: Successfully decrypted message content
07:10:42.351  🔓 E2EE: Successfully decrypted message content
07:10:42.351  📦 Received 150 messages, nextCursor: cmf0g3zp...
07:10:42.352  📝 Adding 0 new messages (filtered from 150), total will be: 200
07:10:42.352  📝 Adding 0 new messages (filtered from 150), total will be: 200
07:10:42.396  🔓 E2EE: Successfully decrypted message content
07:10:42.396  🔓 E2EE: Successfully decrypted message content
07:10:42.396  🔓 E2EE: Successfully decrypted message content
07:10:42.396  🔓 E2EE: Successfully decrypted message content
07:10:42.397  📦 Loading batch 3/8 with cursor: cmf0g3zp...
07:10:42.397  🔄 fetchMessages called: Object
07:10:42.397  🌐 Making request to: http://localhost:3000/api/messages/cmeifnahq003ekungumhkl6ux?cursor=cmf0g3zp4002bkuoe7pxgm0m0&limit=150&bulkLoad=true
07:10:42.398  🔓 E2EE: Successfully decrypted message content
07:10:42.398  🔓 E2EE: Successfully decrypted message content
07:10:42.447  🔓 E2EE: Successfully decrypted message content
07:10:42.447  🔓 E2EE: Successfully decrypted message content
07:10:42.447  🔓 E2EE: Successfully decrypted message content
07:10:42.447  🔓 E2EE: Successfully decrypted message content
07:10:42.447  🔓 E2EE: Successfully decrypted message content
07:10:42.447  🔓 E2EE: Successfully decrypted message content
07:10:42.455  🔓 E2EE: Successfully decrypted message content
07:10:42.455  🔓 E2EE: Successfully decrypted message content
07:10:42.456  🔓 E2EE: Successfully decrypted message content
07:10:42.457  📦 Received 150 messages, nextCursor: cmf0g2zp...
07:10:42.457  📝 Adding 1 new messages (filtered from 150), total will be: 201
07:10:42.457  📝 Adding 1 new messages (filtered from 150), total will be: 201
07:10:42.500  🔓 E2EE: Successfully decrypted message content
07:10:42.500  🔓 E2EE: Successfully decrypted message content
07:10:42.500  🔓 E2EE: Successfully decrypted message content
07:10:42.500  🔐 E2EE: Initializing libsignal-client...
07:10:42.501  🔐 E2EE: Initializing libsignal-client...
07:10:42.501  🔐 E2EE: libsignal-client successfully loaded
07:10:42.501  🔐 SignalClient Status: Object
07:10:42.501  🔐 E2EE: Using browser shim - providing basic encryption only
07:10:42.501  🔐 E2EE: libsignal-client successfully loaded
07:10:42.501  🔐 SignalClient Status: Object
07:10:42.501  🔐 E2EE: Using browser shim - providing basic encryption only
07:10:42.501  📦 Loading batch 4/8 with cursor: cmf0g3zp...
07:10:42.501  🔄 fetchMessages called: Object
07:10:42.501  🌐 Making request to: http://localhost:3000/api/messages/cmeifnahq003ekungumhkl6ux?cursor=cmf0g3zp4002bkuoe7pxgm0m0&limit=150&bulkLoad=true
07:10:42.501  🔓 E2EE: Successfully decrypted message content
07:10:42.501  🔓 E2EE: Successfully decrypted message content
07:10:42.556  🔓 E2EE: Successfully decrypted message content
07:10:42.556  🔓 E2EE: Successfully decrypted message content
07:10:42.563  🔓 E2EE: Successfully decrypted message content
07:10:42.563  🔓 E2EE: Successfully decrypted message content
07:10:42.564  🔓 E2EE: Successfully decrypted message content
07:10:42.564  🔓 E2EE: Successfully decrypted message content
07:10:42.565  📦 Received 150 messages, nextCursor: cmf0g2zp...
07:10:42.565  📝 Adding 0 new messages (filtered from 150), total will be: 201
07:10:42.565  📝 Adding 0 new messages (filtered from 150), total will be: 201
07:10:42.607  🔓 E2EE: Successfully decrypted message content
07:10:42.607  🔓 E2EE: Successfully decrypted message content
07:10:42.608  📦 Loading batch 5/8 with cursor: cmf0g2zp...
07:10:42.608  🔄 fetchMessages called: Object
07:10:42.608  🌐 Making request to: http://localhost:3000/api/messages/cmeifnahq003ekungumhkl6ux?cursor=cmf0g2zpx0027kuoek5ur12c9&limit=150&bulkLoad=true
07:10:42.665  🔓 E2EE: Successfully decrypted message content
07:10:42.665  🔓 E2EE: Successfully decrypted message content
07:10:42.666  🔓 E2EE: Successfully decrypted message content
07:10:42.666  🔓 E2EE: Successfully decrypted message content
07:10:42.667  📦 Received 150 messages, nextCursor: cmf0g2ws...
07:10:42.667  🔓 E2EE: Successfully decrypted message content
07:10:42.667  🔓 E2EE: Successfully decrypted message content
07:10:42.667  🔓 E2EE: Successfully decrypted message content
07:10:42.667  🔓 E2EE: Successfully decrypted message content
07:10:42.667  🔓 E2EE: Successfully decrypted message content
07:10:42.667  🔓 E2EE: Successfully decrypted message content
07:10:42.667  📝 Adding 1 new messages (filtered from 150), total will be: 202
07:10:42.667  📝 Adding 1 new messages (filtered from 150), total will be: 202
07:10:42.710  🔓 E2EE: Successfully decrypted message content
07:10:42.710  🔓 E2EE: Successfully decrypted message content
07:10:42.710  🔓 E2EE: Successfully decrypted message content
07:10:42.710  🔐 E2EE: Initializing libsignal-client...
07:10:42.710  🔐 E2EE: Initializing libsignal-client...
07:10:42.710  🔐 E2EE: libsignal-client successfully loaded
07:10:42.710  🔐 SignalClient Status: Object
07:10:42.710  🔐 E2EE: Using browser shim - providing basic encryption only
07:10:42.710  🔐 E2EE: libsignal-client successfully loaded
07:10:42.710  🔐 SignalClient Status: Object
07:10:42.710  🔐 E2EE: Using browser shim - providing basic encryption only
07:10:42.710  📦 Loading batch 6/8 with cursor: cmf0g2zp...
07:10:42.710  🔄 fetchMessages called: Object
07:10:42.710  🌐 Making request to: http://localhost:3000/api/messages/cmeifnahq003ekungumhkl6ux?cursor=cmf0g2zpx0027kuoek5ur12c9&limit=150&bulkLoad=true
07:10:42.762  🔓 E2EE: Successfully decrypted message content
07:10:42.763  🔓 E2EE: Successfully decrypted message content
07:10:42.763  🔓 E2EE: Successfully decrypted message content
07:10:42.763  🔓 E2EE: Successfully decrypted message content
07:10:42.763  🔓 E2EE: Successfully decrypted message content
07:10:42.764  📦 Received 150 messages, nextCursor: cmf0g2ws...
07:10:42.764  📝 Adding 0 new messages (filtered from 150), total will be: 202
07:10:42.764  📝 Adding 0 new messages (filtered from 150), total will be: 202
07:10:42.829  🔓 E2EE: Successfully decrypted message content
07:10:42.829  🔓 E2EE: Successfully decrypted message content
07:10:42.829  🔓 E2EE: Successfully decrypted message content
07:10:42.831  📦 Loading batch 7/8 with cursor: cmf0g2ws...
07:10:42.831  🔄 fetchMessages called: Object
07:10:42.831  🌐 Making request to: http://localhost:3000/api/messages/cmeifnahq003ekungumhkl6ux?cursor=cmf0g2wsf0023kuoe7jhey2tv&limit=150&bulkLoad=true
07:10:42.832  🔓 E2EE: Successfully decrypted message content
07:10:42.832  🔓 E2EE: Successfully decrypted message content
07:10:42.878  🔓 E2EE: Successfully decrypted message content
07:10:42.883  📦 Received 150 messages, nextCursor: cmf0g2gc...
07:10:42.884  📝 Adding 1 new messages (filtered from 150), total will be: 203
07:10:42.884  📝 Adding 1 new messages (filtered from 150), total will be: 203
07:10:42.928  🔓 E2EE: Successfully decrypted message content
07:10:42.928  🔓 E2EE: Successfully decrypted message content
07:10:42.928  🔐 E2EE: Initializing libsignal-client...
07:10:42.928  🔐 E2EE: Initializing libsignal-client...
07:10:42.928  🔐 E2EE: libsignal-client successfully loaded
07:10:42.928  🔐 SignalClient Status: Object
07:10:42.928  🔐 E2EE: Using browser shim - providing basic encryption only
07:10:42.929  🔐 E2EE: libsignal-client successfully loaded
07:10:42.929  🔐 SignalClient Status: Object
07:10:42.929  🔐 E2EE: Using browser shim - providing basic encryption only
07:10:42.929  📦 Loading batch 8/8 with cursor: cmf0g2ws...
07:10:42.929  🔄 fetchMessages called: Object
07:10:42.929  🌐 Making request to: http://localhost:3000/api/messages/cmeifnahq003ekungumhkl6ux?cursor=cmf0g2wsf0023kuoe7jhey2tv&limit=150&bulkLoad=true
07:10:42.929  🔓 E2EE: Successfully decrypted message content
07:10:42.984  🔓 E2EE: Successfully decrypted message content
07:10:42.984  🔓 E2EE: Successfully decrypted message content
07:10:42.984  🔓 E2EE: Successfully decrypted message content
07:10:42.984  🔓 E2EE: Successfully decrypted message content
07:10:42.984  🔓 E2EE: Successfully decrypted message content
07:10:42.984  🔓 E2EE: Successfully decrypted message content
07:10:42.986  📦 Received 150 messages, nextCursor: cmf0g2gc...
07:10:42.986  📝 Adding 0 new messages (filtered from 150), total will be: 203
07:10:42.986  📝 Adding 0 new messages (filtered from 150), total will be: 203
07:10:43.027  🔓 E2EE: Successfully decrypted message content
07:10:43.027  🔓 E2EE: Successfully decrypted message content
07:10:43.027  🔓 E2EE: Successfully decrypted message content
07:10:43.027  🔓 E2EE: Successfully decrypted message content
07:10:43.038  🔓 E2EE: Successfully decrypted message content
07:10:43.038  🔓 E2EE: Successfully decrypted message content
07:10:43.038  🔓 E2EE: Successfully decrypted message content
07:10:43.038  🔓 E2EE: Successfully decrypted message content
07:10:43.038  🔓 E2EE: Successfully decrypted message content
07:10:43.062  ✅ Bulk load completed: 8 batches loaded, found target: false
07:10:43.062  Bulk loading completed, falling back to incremental loading if needed
07:10:43.062  🔄 fetchMessages called: Object
07:10:43.062  🌐 Making request to: http://localhost:3000/api/messages/cmeifnahq003ekungumhkl6ux?cursor=cmf0g2gcg001zkuoe518bjza8&limit=100&bulkLoad=true
07:10:43.062  🔓 E2EE: Successfully decrypted message content
07:10:43.062  🔓 E2EE: Successfully decrypted message content
07:10:43.108  🔓 E2EE: Successfully decrypted message content
07:10:43.108  🔓 E2EE: Successfully decrypted message content
07:10:43.109  🔓 E2EE: Successfully decrypted message content
07:10:43.109  🔓 E2EE: Successfully decrypted message content
07:10:43.109  🔓 E2EE: Successfully decrypted message content
07:10:43.109  📦 Received 100 messages, nextCursor: cmf0g21b...
07:10:43.110  📝 Adding 0 new messages (filtered from 100), total will be: 203
07:10:43.110  📝 Adding 0 new messages (filtered from 100), total will be: 203
07:10:43.155  🔓 E2EE: Successfully decrypted message content
07:10:43.156  🔓 E2EE: Successfully decrypted message content
07:10:43.156  🔓 E2EE: Successfully decrypted message content
07:10:43.156  🔓 E2EE: Successfully decrypted message content
07:10:43.156  🔓 E2EE: Successfully decrypted message content
07:10:43.161  🔓 E2EE: Successfully decrypted message content
07:10:43.210  🔄 fetchMessages called: Object
07:10:43.210  🌐 Making request to: http://localhost:3000/api/messages/cmeifnahq003ekungumhkl6ux?cursor=cmf0g21b1001rkuoeu1ecb45s&limit=100&bulkLoad=true
07:10:43.256  🔓 E2EE: Successfully decrypted message content
07:10:43.256  🔓 E2EE: Successfully decrypted message content
07:10:43.256  🔓 E2EE: Successfully decrypted message content
07:10:43.256  🔓 E2EE: Successfully decrypted message content
07:10:43.257  🔓 E2EE: Successfully decrypted message content
07:10:43.257  🔓 E2EE: Successfully decrypted message content
07:10:43.257  🔓 E2EE: Successfully decrypted message content
07:10:43.257  🔓 E2EE: Successfully decrypted message content
07:10:43.257  🔓 E2EE: Successfully decrypted message content
07:10:43.257  🔓 E2EE: Successfully decrypted message content
07:10:43.258  📦 Received 100 messages, nextCursor: cmf0g1uu...
07:10:43.258  📝 Adding 0 new messages (filtered from 100), total will be: 203
07:10:43.259  📝 Adding 0 new messages (filtered from 100), total will be: 203
07:10:43.306  🔓 E2EE: Successfully decrypted message content
07:10:43.306  🔓 E2EE: Successfully decrypted message content
07:10:43.306  🔓 E2EE: Successfully decrypted message content
07:10:43.308  🔓 E2EE: Successfully decrypted message content
07:10:43.338  🔓 E2EE: Successfully decrypted message content
07:10:43.338  🔓 E2EE: Successfully decrypted message content
07:10:43.338  🔓 E2EE: Successfully decrypted message content
07:10:43.338  🔓 E2EE: Successfully decrypted message content
07:10:43.359  🔄 fetchMessages called: Object
07:10:43.359  🌐 Making request to: http://localhost:3000/api/messages/cmeifnahq003ekungumhkl6ux?cursor=cmf0g1uua001nkuoe2vmog34q&limit=100&bulkLoad=true
07:10:43.411  🔓 E2EE: Successfully decrypted message content
07:10:43.411  🔓 E2EE: Successfully decrypted message content
07:10:43.411  🔓 E2EE: Successfully decrypted message content
07:10:43.411  🔓 E2EE: Successfully decrypted message content
07:10:43.411  🔓 E2EE: Successfully decrypted message content
07:10:43.412  📦 Received 100 messages, nextCursor: cmf0g1mn...
07:10:43.412  📝 Adding 0 new messages (filtered from 100), total will be: 203
07:10:43.412  📝 Adding 0 new messages (filtered from 100), total will be: 203
07:10:43.461  🔓 E2EE: Successfully decrypted message content
07:10:43.485  🔓 E2EE: Successfully decrypted message content
07:10:43.485  🔓 E2EE: Successfully decrypted message content
07:10:43.495  🔓 E2EE: Successfully decrypted message content
07:10:43.513  🔄 fetchMessages called: Object
07:10:43.513  🌐 Making request to: http://localhost:3000/api/messages/cmeifnahq003ekungumhkl6ux?cursor=cmf0g1mni001jkuoebk4k7cyr&limit=100&bulkLoad=true
07:10:43.546  🔓 E2EE: Successfully decrypted message content
07:10:43.546  🔓 E2EE: Successfully decrypted message content
07:10:43.565  🔓 E2EE: Successfully decrypted message content
07:10:43.565  🔓 E2EE: Successfully decrypted message content
07:10:43.565  🔓 E2EE: Successfully decrypted message content
07:10:43.565  🔓 E2EE: Successfully decrypted message content
07:10:43.566  📦 Received 100 messages, nextCursor: cmf0g12p...
07:10:43.566  📝 Adding 0 new messages (filtered from 100), total will be: 203
07:10:43.566  📝 Adding 0 new messages (filtered from 100), total will be: 203
07:10:43.613  🔓 E2EE: Successfully decrypted message content
07:10:43.613  🔓 E2EE: Successfully decrypted message content
07:10:43.613  🔓 E2EE: Successfully decrypted message content
07:10:43.613  🔓 E2EE: Successfully decrypted message content
07:10:43.613  🔓 E2EE: Successfully decrypted message content
07:10:43.613  🔓 E2EE: Successfully decrypted message content
07:10:43.613  🔓 E2EE: Successfully decrypted message content
07:10:43.613  🔓 E2EE: Successfully decrypted message content
07:10:43.613  🔓 E2EE: Successfully decrypted message content
07:10:43.613  🔓 E2EE: Successfully decrypted message content
07:10:43.613  🔓 E2EE: Successfully decrypted message content
07:10:43.648  🔓 E2EE: Successfully decrypted message content
07:10:43.659  🔓 E2EE: Successfully decrypted message content
07:10:43.659  🔓 E2EE: Successfully decrypted message content
07:10:43.666  🔄 fetchMessages called: Object
07:10:43.666  🌐 Making request to: http://localhost:3000/api/messages/cmeifnahq003ekungumhkl6ux?cursor=cmf0g12pk001dkuoejil1v7fn&limit=100&bulkLoad=true
07:10:43.709  🔓 E2EE: Successfully decrypted message content
07:10:43.709  🔓 E2EE: Successfully decrypted message content
07:10:43.710  🔓 E2EE: Successfully decrypted message content
07:10:43.711  🔓 E2EE: Successfully decrypted message content
07:10:43.711  📦 Received 100 messages, nextCursor: cmf0g0zz...
07:10:43.711  📝 Adding 0 new messages (filtered from 100), total will be: 203
07:10:43.711  📝 Adding 0 new messages (filtered from 100), total will be: 203
07:10:43.756  🔓 E2EE: Successfully decrypted message content
07:10:43.756  🔓 E2EE: Successfully decrypted message content
07:10:43.756  🔓 E2EE: Successfully decrypted message content
07:10:43.756  🔓 E2EE: Successfully decrypted message content
07:10:43.793  🔓 E2EE: Successfully decrypted message content
07:10:43.793  🔓 E2EE: Successfully decrypted message content
07:10:43.804  Already searching for message cmeptmxgi000xkub2vkrf8er3, ignoring duplicate request
07:10:43.812  Message cmeptmxgi000xkub2vkrf8er3 not found after bulk and incremental loading
eval @ webpack-internal:///…/useMessages.ts:768
07:10:43.851  🔓 E2EE: Successfully decrypted message content
07:10:43.851  🔓 E2EE: Successfully decrypted message content
07:10:43.858  🔓 E2EE: Successfully decrypted message content
07:10:43.858  🔓 E2EE: Successfully decrypted message content
07:10:43.858  🔓 E2EE: Successfully decrypted message content
07:10:43.858  🔓 E2EE: Successfully decrypted message content
07:10:43.859  🔓 E2EE: Successfully decrypted message content
07:10:43.859  🔓 E2EE: Successfully decrypted message content
07:10:43.859  🔓 E2EE: Successfully decrypted message content
07:10:43.859  🔓 E2EE: Successfully decrypted message content
07:10:43.859  🔓 E2EE: Successfully decrypted message content
07:10:43.887  🔓 E2EE: Successfully decrypted message content
07:10:43.917  🔓 E2EE: Successfully decrypted message content
07:10:43.917  🔓 E2EE: Successfully decrypted message content
07:10:43.917  🔓 E2EE: Successfully decrypted message content
07:10:43.917  🔓 E2EE: Successfully decrypted message content
07:10:43.948  🔓 E2EE: Successfully decrypted message content
07:10:43.948  🔓 E2EE: Successfully decrypted message content
07:10:43.948  🔓 E2EE: Successfully decrypted message content
07:10:43.980  🔓 E2EE: Successfully decrypted message content
07:10:43.980  🔓 E2EE: Successfully decrypted message content
07:10:44.011  🔓 E2EE: Successfully decrypted message content
07:10:44.062  🔓 E2EE: Successfully decrypted message content
07:10:44.062  🔓 E2EE: Successfully decrypted message content
07:10:44.072  🔓 E2EE: Successfully decrypted message content
07:10:44.093  🔓 E2EE: Successfully decrypted message content
07:10:44.093  🔓 E2EE: Successfully decrypted message content
07:10:44.103  🔓 E2EE: Successfully decrypted message content
07:10:44.103  🔓 E2EE: Successfully decrypted message content
07:10:44.113  🔓 E2EE: Successfully decrypted message content
07:10:44.113  🔓 E2EE: Successfully decrypted message content
07:10:44.143  🔓 E2EE: Successfully decrypted message content
07:10:44.144  🔓 E2EE: Successfully decrypted message content
07:10:44.144  🔓 E2EE: Successfully decrypted message content
07:10:44.144  🔓 E2EE: Successfully decrypted message content
07:10:44.154  🔓 E2EE: Successfully decrypted message content
07:10:44.154  🔓 E2EE: Successfully decrypted message content
07:10:44.164  🔓 E2EE: Successfully decrypted message content
07:10:44.164  🔓 E2EE: Successfully decrypted message content
07:10:44.174  🔓 E2EE: Successfully decrypted message content
07:10:44.184  🔓 E2EE: Successfully decrypted message content
07:10:44.184  🔓 E2EE: Successfully decrypted message content
07:10:44.214  🔓 E2EE: Successfully decrypted message content
07:10:44.225  🔓 E2EE: Successfully decrypted message content
07:10:44.225  🔓 E2EE: Successfully decrypted message content
07:10:44.245  🔓 E2EE: Successfully decrypted message content
07:10:44.255  🔓 E2EE: Successfully decrypted message content
07:10:44.266  🔓 E2EE: Successfully decrypted message content
07:10:44.276  🔓 E2EE: Successfully decrypted message content
07:10:44.286  🔓 E2EE: Successfully decrypted message content
07:10:44.287  🔓 E2EE: Successfully decrypted message content
07:10:44.297  🔓 E2EE: Successfully decrypted message content
07:10:44.307  🔓 E2EE: Successfully decrypted message content
07:10:44.358  🔓 E2EE: Successfully decrypted message content
07:10:44.358  🔓 E2EE: Successfully decrypted message content
07:10:44.381  🔓 E2EE: Successfully decrypted message content
07:10:44.381  🔓 E2EE: Successfully decrypted message content
07:10:44.392  🔓 E2EE: Successfully decrypted message content
07:10:44.392  🔓 E2EE: Successfully decrypted message content
07:10:44.392  🔓 E2EE: Successfully decrypted message content
07:10:44.392  🔓 E2EE: Successfully decrypted message content
07:10:44.393  🔓 E2EE: Successfully decrypted message content
07:10:44.393  🔓 E2EE: Successfully decrypted message content
07:10:44.414  🔓 E2EE: Successfully decrypted message content
07:10:44.425  🔓 E2EE: Successfully decrypted message content
07:10:44.425  🔓 E2EE: Successfully decrypted message content
07:10:44.460  🔓 E2EE: Successfully decrypted message content
07:10:44.489 ChatWindow.tsx:309 🔓 E2EE: Successfully decrypted message content
07:10:44.489 ChatWindow.tsx:309 🔓 E2EE: Successfully decrypted message content
07:10:44.489 ChatWindow.tsx:309 🔓 E2EE: Successfully decrypted message content
07:10:44.489 ChatWindow.tsx:309 🔓 E2EE: Successfully decrypted message content
07:10:44.520 ChatWindow.tsx:309 🔓 E2EE: Successfully decrypted message content
07:10:44.521 ChatWindow.tsx:309 🔓 E2EE: Successfully decrypted message content
07:10:44.521 ChatWindow.tsx:309 🔓 E2EE: Successfully decrypted message content
07:10:44.551 ChatWindow.tsx:309 🔓 E2EE: Successfully decrypted message content
07:10:44.551 ChatWindow.tsx:309 🔓 E2EE: Successfully decrypted message content
07:10:44.582 ChatWindow.tsx:309 🔓 E2EE: Successfully decrypted message content
07:10:44.632 ChatWindow.tsx:309 🔓 E2EE: Successfully decrypted message content
07:10:44.632 ChatWindow.tsx:309 🔓 E2EE: Successfully decrypted message content
07:10:44.643 ChatWindow.tsx:309 🔓 E2EE: Successfully decrypted message content
07:10:44.663 ChatWindow.tsx:309 🔓 E2EE: Successfully decrypted message content
07:10:44.663 ChatWindow.tsx:309 🔓 E2EE: Successfully decrypted message content
07:10:44.673 ChatWindow.tsx:309 🔓 E2EE: Successfully decrypted message content
07:10:44.674 ChatWindow.tsx:309 🔓 E2EE: Successfully decrypted message content
07:10:44.684 ChatWindow.tsx:309 🔓 E2EE: Successfully decrypted message content
07:10:44.684 ChatWindow.tsx:309 🔓 E2EE: Successfully decrypted message content
07:10:44.685 useMessages.ts:771 Bulk loading messages to find message cmeptmxgi000xkub2vkrf8er3
07:10:44.685 useMessages.ts:298 🚀 Starting bulk load for 8 batches, target: cmeptmxgi000xkub2vkrf8er3
07:10:44.685 useMessages.ts:307 📦 Loading batch 1/8 with cursor: cmf0g0zz...
07:10:44.685 useMessages.ts:153 🔄 fetchMessages called: Object
07:10:44.685 useMessages.ts:173 🌐 Making request to: http://localhost:3000/api/messages/cmeifnahq003ekungumhkl6ux?cursor=cmf0g0zz80019kuoe333z5hbo&limit=150&bulkLoad=true
07:10:44.740 ChatWindow.tsx:309 🔓 E2EE: Successfully decrypted message content
07:10:44.740 ChatWindow.tsx:309 🔓 E2EE: Successfully decrypted message content
07:10:44.740 ChatWindow.tsx:309 🔓 E2EE: Successfully decrypted message content
07:10:44.740 ChatWindow.tsx:309 🔓 E2EE: Successfully decrypted message content
07:10:44.741 ChatWindow.tsx:309 🔓 E2EE: Successfully decrypted message content
07:10:44.741 ChatWindow.tsx:309 🔓 E2EE: Successfully decrypted message content
07:10:44.741 ChatWindow.tsx:309 🔓 E2EE: Successfully decrypted message content
07:10:44.741 ChatWindow.tsx:309 🔓 E2EE: Successfully decrypted message content
07:10:44.741 useMessages.ts:182 📦 Received 150 messages, nextCursor: cmf0g0gp...
07:10:44.741 useMessages.ts:189 📝 Adding 6 new messages (filtered from 150), total will be: 209
07:10:44.741 useMessages.ts:189 📝 Adding 6 new messages (filtered from 150), total will be: 209
07:10:44.794 ChatWindow.tsx:309 🔓 E2EE: Successfully decrypted message content
07:10:44.813 ChatWindow.tsx:309 🔓 E2EE: Successfully decrypted message content
07:10:44.813 ChatWindow.tsx:309 🔓 E2EE: Successfully decrypted message content
07:10:44.813 useE2EE.ts:41 🔐 E2EE: Initializing libsignal-client...
07:10:44.813 useE2EE.ts:41 🔐 E2EE: Initializing libsignal-client...
07:10:44.813 useE2EE.ts:41 🔐 E2EE: Initializing libsignal-client...
07:10:44.813 useE2EE.ts:41 🔐 E2EE: Initializing libsignal-client...
07:10:44.813 useE2EE.ts:41 🔐 E2EE: Initializing libsignal-client...
07:10:44.813 useE2EE.ts:41 🔐 E2EE: Initializing libsignal-client...
07:10:44.813 useE2EE.ts:41 🔐 E2EE: Initializing libsignal-client...
07:10:44.813 useE2EE.ts:41 🔐 E2EE: Initializing libsignal-client...
07:10:44.813 useE2EE.ts:41 🔐 E2EE: Initializing libsignal-client...
07:10:44.813 useE2EE.ts:41 🔐 E2EE: Initializing libsignal-client...
07:10:44.813 useE2EE.ts:41 🔐 E2EE: Initializing libsignal-client...
07:10:44.813 useE2EE.ts:41 🔐 E2EE: Initializing libsignal-client...
07:10:44.813 useE2EE.ts:47 🔐 E2EE: libsignal-client successfully loaded
07:10:44.813 SignalClientWrapper.ts:351 🔐 SignalClient Status: Object
07:10:44.813 useE2EE.ts:55 🔐 E2EE: Using browser shim - providing basic encryption only
07:10:44.813 useE2EE.ts:47 🔐 E2EE: libsignal-client successfully loaded
07:10:44.813 SignalClientWrapper.ts:351 🔐 SignalClient Status: Object
07:10:44.813 useE2EE.ts:55 🔐 E2EE: Using browser shim - providing basic encryption only
07:10:44.814 useE2EE.ts:47 🔐 E2EE: libsignal-client successfully loaded
07:10:44.814 SignalClientWrapper.ts:351 🔐 SignalClient Status: Object
07:10:44.814 useE2EE.ts:55 🔐 E2EE: Using browser shim - providing basic encryption only
07:10:44.814 useE2EE.ts:47 🔐 E2EE: libsignal-client successfully loaded
07:10:44.814 SignalClientWrapper.ts:351 🔐 SignalClient Status: Object
07:10:44.814 useE2EE.ts:55 🔐 E2EE: Using browser shim - providing basic encryption only
07:10:44.814 useE2EE.ts:47 🔐 E2EE: libsignal-client successfully loaded
07:10:44.814 SignalClientWrapper.ts:351 🔐 SignalClient Status: Object
07:10:44.814 useE2EE.ts:55 🔐 E2EE: Using browser shim - providing basic encryption only
07:10:44.814 useE2EE.ts:47 🔐 E2EE: libsignal-client successfully loaded
07:10:44.814 SignalClientWrapper.ts:351 🔐 SignalClient Status: Object
07:10:44.814 useE2EE.ts:55 🔐 E2EE: Using browser shim - providing basic encryption only
07:10:44.814 useE2EE.ts:47 🔐 E2EE: libsignal-client successfully loaded
07:10:44.814 SignalClientWrapper.ts:351 🔐 SignalClient Status: Object
07:10:44.814 useE2EE.ts:55 🔐 E2EE: Using browser shim - providing basic encryption only
07:10:44.814 useE2EE.ts:47 🔐 E2EE: libsignal-client successfully loaded
07:10:44.814 SignalClientWrapper.ts:351 🔐 SignalClient Status: Object
07:10:44.814 useE2EE.ts:55 🔐 E2EE: Using browser shim - providing basic encryption only
07:10:44.814 useE2EE.ts:47 🔐 E2EE: libsignal-client successfully loaded
07:10:44.814 SignalClientWrapper.ts:351 🔐 SignalClient Status: Object
07:10:44.814 useE2EE.ts:55 🔐 E2EE: Using browser shim - providing basic encryption only
07:10:44.814 useE2EE.ts:47 🔐 E2EE: libsignal-client successfully loaded
07:10:44.814 SignalClientWrapper.ts:351 🔐 SignalClient Status: Object
07:10:44.814 useE2EE.ts:55 🔐 E2EE: Using browser shim - providing basic encryption only
07:10:44.814 useE2EE.ts:47 🔐 E2EE: libsignal-client successfully loaded
07:10:44.814 SignalClientWrapper.ts:351 🔐 SignalClient Status: Object
07:10:44.814 useE2EE.ts:55 🔐 E2EE: Using browser shim - providing basic encryption only
07:10:44.814 useE2EE.ts:47 🔐 E2EE: libsignal-client successfully loaded
07:10:44.814 SignalClientWrapper.ts:351 🔐 SignalClient Status: Object
07:10:44.814 useE2EE.ts:55 🔐 E2EE: Using browser shim - providing basic encryption only
07:10:44.814 useMessages.ts:307 📦 Loading batch 2/8 with cursor: cmf0g0zz...
07:10:44.814 useMessages.ts:153 🔄 fetchMessages called: Object
07:10:44.814 useMessages.ts:173 🌐 Making request to: http://localhost:3000/api/messages/cmeifnahq003ekungumhkl6ux?cursor=cmf0g0zz80019kuoe333z5hbo&limit=150&bulkLoad=true
07:10:44.814 ChatWindow.tsx:309 🔓 E2EE: Successfully decrypted message content
07:10:44.815 ChatWindow.tsx:309 🔓 E2EE: Successfully decrypted message content
07:10:44.815 ChatWindow.tsx:309 🔓 E2EE: Successfully decrypted message content
07:10:44.870 ChatWindow.tsx:309 🔓 E2EE: Successfully decrypted message content
07:10:44.870 ChatWindow.tsx:309 🔓 E2EE: Successfully decrypted message content
07:10:44.870 ChatWindow.tsx:309 🔓 E2EE: Successfully decrypted message content
07:10:44.871 ChatWindow.tsx:309 🔓 E2EE: Successfully decrypted message content
07:10:44.872 ChatWindow.tsx:309 🔓 E2EE: Successfully decrypted message content
07:10:44.872 ChatWindow.tsx:309 🔓 E2EE: Successfully decrypted message content
07:10:44.873 useMessages.ts:182 📦 Received 150 messages, nextCursor: cmf0g0gp...
07:10:44.873 useMessages.ts:189 📝 Adding 0 new messages (filtered from 150), total will be: 209
07:10:44.873 useMessages.ts:189 📝 Adding 0 new messages (filtered from 150), total will be: 209
07:10:44.924 ChatWindow.tsx:309 🔓 E2EE: Successfully decrypted message content
07:10:44.924 ChatWindow.tsx:309 🔓 E2EE: Successfully decrypted message content
07:10:44.925 useMessages.ts:307 📦 Loading batch 3/8 with cursor: cmf0g0gp...
07:10:44.925 useMessages.ts:153 🔄 fetchMessages called: Object
07:10:44.925 useMessages.ts:173 🌐 Making request to: http://localhost:3000/api/messages/cmeifnahq003ekungumhkl6ux?cursor=cmf0g0gp90015kuoeat9mv7j5&limit=150&bulkLoad=true
07:10:44.987 NotificationContext.tsx:213 NotificationContext: Window blurred
07:10:45.034 GlobalNotificationListener.tsx:173 🧹 GlobalNotificationListener: Cleaning up socket listener for new-notification
07:10:45.034 GlobalNotificationListener.tsx:26 🌐 GlobalNotificationListener: useEffect triggered Object
07:10:45.034 GlobalNotificationListener.tsx:43 🚀 GlobalNotificationListener: Setting up global socket listeners for user: cmeifml0h001okung0i95m8s6
07:10:45.035 GlobalNotificationListener.tsx:48 🔄 GlobalNotificationListener: Re-emitted join-user-room for safety
07:10:45.035 GlobalNotificationListener.tsx:170 ✅ GlobalNotificationListener: Socket listener registered for new-notification events
07:10:45.035 SocketContext.tsx:399 SocketContext: Window blurred, sending pre-blur heartbeat
07:10:45.035 ChatWindow.tsx:309 🔓 E2EE: Successfully decrypted message content
07:10:45.035 ChatWindow.tsx:309 🔓 E2EE: Successfully decrypted message content
07:10:45.035 ChatWindow.tsx:309 🔓 E2EE: Successfully decrypted message content
07:10:45.035 ChatWindow.tsx:309 🔓 E2EE: Successfully decrypted message content
07:10:45.036 ChatWindow.tsx:309 🔓 E2EE: Successfully decrypted message content
07:10:45.036 ChatWindow.tsx:309 🔓 E2EE: Successfully decrypted message content
07:10:45.036 ChatWindow.tsx:309 🔓 E2EE: Successfully decrypted message content
07:10:45.036 ChatWindow.tsx:309 🔓 E2EE: Successfully decrypted message content
07:10:45.036 ChatWindow.tsx:309 🔓 E2EE: Successfully decrypted message content
07:10:45.036 ChatWindow.tsx:309 🔓 E2EE: Successfully decrypted message content
07:10:45.042 ChatWindow.tsx:309 🔓 E2EE: Successfully decrypted message content
07:10:45.042 ChatWindow.tsx:309 🔓 E2EE: Successfully decrypted message content
07:10:45.042 ChatWindow.tsx:309 🔓 E2EE: Successfully decrypted message content
07:10:45.123 ChatWindow.tsx:309 🔓 E2EE: Successfully decrypted message content
07:10:45.123 ChatWindow.tsx:309 🔓 E2EE: Successfully decrypted message content
07:10:45.123 ChatWindow.tsx:309 🔓 E2EE: Successfully decrypted message content
07:10:45.123 ChatWindow.tsx:309 🔓 E2EE: Successfully decrypted message content
07:10:45.123 ChatWindow.tsx:309 🔓 E2EE: Successfully decrypted message content
07:10:45.123 useMessages.ts:182 📦 Received 150 messages, nextCursor: cmf0g0du...
07:10:45.123 useMessages.ts:189 📝 Adding 1 new messages (filtered from 150), total will be: 210
07:10:45.395 ChatWindow.tsx:309 🔓 E2EE: Successfully decrypted message content
07:10:45.395 ChatWindow.tsx:309 🔓 E2EE: Successfully decrypted message content
07:10:45.395 ChatWindow.tsx:309 🔓 E2EE: Successfully decrypted message content
07:10:45.395 useMessages.ts:189 📝 Adding 1 new messages (filtered from 150), total will be: 210
07:10:45.443 useE2EE.ts:41 🔐 E2EE: Initializing libsignal-client...
07:10:45.444 useE2EE.ts:41 🔐 E2EE: Initializing libsignal-client...
07:10:45.472 useE2EE.ts:47 🔐 E2EE: libsignal-client successfully loaded
07:10:45.472 SignalClientWrapper.ts:351 🔐 SignalClient Status: {available: true, error: null, features: Array(8), isShim: true, timestamp: '2025-09-02T23:10:45.472Z'}
07:10:45.472 useE2EE.ts:55 🔐 E2EE: Using browser shim - providing basic encryption only
07:10:45.472 useE2EE.ts:47 🔐 E2EE: libsignal-client successfully loaded
07:10:45.472 SignalClientWrapper.ts:351 🔐 SignalClient Status: {available: true, error: null, features: Array(8), isShim: true, timestamp: '2025-09-02T23:10:45.472Z'}
07:10:45.472 useE2EE.ts:55 🔐 E2EE: Using browser shim - providing basic encryption only
07:10:45.474 hot-reloader-client.js:187 [Fast Refresh] rebuilding
07:10:45.474 ChatWindow.tsx:309 🔓 E2EE: Successfully decrypted message content
07:10:45.474 ChatWindow.tsx:309 🔓 E2EE: Successfully decrypted message content
07:10:45.475 ChatWindow.tsx:309 🔓 E2EE: Successfully decrypted message content
07:10:45.475 ChatWindow.tsx:309 🔓 E2EE: Successfully decrypted message content
07:10:45.475 ChatWindow.tsx:309 🔓 E2EE: Successfully decrypted message content
07:10:45.476 ChatWindow.tsx:309 🔓 E2EE: Successfully decrypted message content
07:10:45.476 ChatWindow.tsx:309 🔓 E2EE: Successfully decrypted message content
07:10:45.476 ChatWindow.tsx:309 🔓 E2EE: Successfully decrypted message content
07:10:45.476 ChatWindow.tsx:309 🔓 E2EE: Successfully decrypted message content
07:10:45.477 ChatWindow.tsx:309 🔓 E2EE: Successfully decrypted message content
07:10:45.477 ChatWindow.tsx:309 🔓 E2EE: Successfully decrypted message content
07:10:45.477 ChatWindow.tsx:309 🔓 E2EE: Successfully decrypted message content
07:10:45.477 useMessages.ts:307 📦 Loading batch 4/8 with cursor: cmf0g0gp...
07:10:45.477 useMessages.ts:153 🔄 fetchMessages called: {cursor: 'cmf0g0gp...', limit: 150, bulkLoad: true, conversationId: 'cmeifnah...', requestKey: 'cmeifnahq003ekungumhkl6ux-cmf0g0gp90015kuoeat9mv7j5-150-true'}
07:10:45.477 useMessages.ts:173 🌐 Making request to: http://localhost:3000/api/messages/cmeifnahq003ekungumhkl6ux?cursor=cmf0g0gp90015kuoeat9mv7j5&limit=150&bulkLoad=true
07:10:45.498 ChatWindow.tsx:309 🔓 E2EE: Successfully decrypted message content
07:10:45.498 ChatWindow.tsx:309 🔓 E2EE: Successfully decrypted message content
07:10:45.498 ChatWindow.tsx:309 🔓 E2EE: Successfully decrypted message content
07:10:45.543 ChatWindow.tsx:309 🔓 E2EE: Successfully decrypted message content
07:10:45.544 SocketContext.tsx:475 SocketContext: Idle heartbeat sent (visibility: visible )
07:10:45.545 ChatWindow.tsx:309 🔓 E2EE: Successfully decrypted message content
07:10:45.545 ChatWindow.tsx:309 🔓 E2EE: Successfully decrypted message content
07:10:45.545 ChatWindow.tsx:309 🔓 E2EE: Successfully decrypted message content
07:10:45.546 ChatWindow.tsx:309 🔓 E2EE: Successfully decrypted message content
07:10:45.570 ChatWindow.tsx:309 🔓 E2EE: Successfully decrypted message content
07:10:45.571 ChatWindow.tsx:309 🔓 E2EE: Successfully decrypted message content
07:10:45.571 ChatWindow.tsx:309 🔓 E2EE: Successfully decrypted message content
07:10:45.635 ChatWindow.tsx:309 🔓 E2EE: Successfully decrypted message content
07:10:45.635 ChatWindow.tsx:309 🔓 E2EE: Successfully decrypted message content
07:10:45.635 ChatWindow.tsx:309 🔓 E2EE: Successfully decrypted message content
07:10:45.643 ChatWindow.tsx:309 🔓 E2EE: Successfully decrypted message content
07:10:45.666 ChatWindow.tsx:309 🔓 E2EE: Successfully decrypted message content
07:10:45.666 ChatWindow.tsx:309 🔓 E2EE: Successfully decrypted message content
07:10:45.666 ChatWindow.tsx:309 🔓 E2EE: Successfully decrypted message content
07:10:45.667 ChatWindow.tsx:309 🔓 E2EE: Successfully decrypted message content
07:10:45.667 ChatWindow.tsx:309 🔓 E2EE: Successfully decrypted message content
07:10:45.667 ChatWindow.tsx:309 🔓 E2EE: Successfully decrypted message content
07:10:45.673 ChatWindow.tsx:309 🔓 E2EE: Successfully decrypted message content
07:10:45.718 ChatWindow.tsx:309 🔓 E2EE: Successfully decrypted message content
07:10:45.718 ChatWindow.tsx:309 🔓 E2EE: Successfully decrypted message content
07:10:45.738 ChatWindow.tsx:309 🔓 E2EE: Successfully decrypted message content
07:10:45.738 ChatWindow.tsx:309 🔓 E2EE: Successfully decrypted message content
07:10:45.748 ChatWindow.tsx:309 🔓 E2EE: Successfully decrypted message content
07:10:45.749 ChatWindow.tsx:309 🔓 E2EE: Successfully decrypted message content
07:10:45.749 ChatWindow.tsx:309 🔓 E2EE: Successfully decrypted message content
07:10:45.749 ChatWindow.tsx:309 🔓 E2EE: Successfully decrypted message content
07:10:45.749 ChatWindow.tsx:309 🔓 E2EE: Successfully decrypted message content
07:10:45.753 hot-reloader-client.js:44 [Fast Refresh] done in 279ms
07:10:45.769 ChatWindow.tsx:309 🔓 E2EE: Successfully decrypted message content
07:10:45.779 ChatWindow.tsx:309 🔓 E2EE: Successfully decrypted message content
07:10:45.779 ChatWindow.tsx:309 🔓 E2EE: Successfully decrypted message content
07:10:45.810 ChatWindow.tsx:309 🔓 E2EE: Successfully decrypted message content
07:10:45.842 ChatWindow.tsx:309 🔓 E2EE: Successfully decrypted message content
07:10:45.842 ChatWindow.tsx:309 🔓 E2EE: Successfully decrypted message content
07:10:45.842 ChatWindow.tsx:309 🔓 E2EE: Successfully decrypted message content
07:10:45.842 ChatWindow.tsx:309 🔓 E2EE: Successfully decrypted message content
07:10:45.874 ChatWindow.tsx:309 🔓 E2EE: Successfully decrypted message content
07:10:45.874 ChatWindow.tsx:309 🔓 E2EE: Successfully decrypted message content
07:10:45.874 ChatWindow.tsx:309 🔓 E2EE: Successfully decrypted message content
07:10:45.889 useMessages.ts:182 📦 Received 150 messages, nextCursor: cmf0g0du...
07:10:45.889 useMessages.ts:189 📝 Adding 0 new messages (filtered from 150), total will be: 210
07:10:45.889 useMessages.ts:189 📝 Adding 0 new messages (filtered from 150), total will be: 210
07:10:45.938 ChatWindow.tsx:309 🔓 E2EE: Successfully decrypted message content
07:10:45.938 ChatWindow.tsx:309 🔓 E2EE: Successfully decrypted message content
07:10:45.938 useMessages.ts:307 📦 Loading batch 5/8 with cursor: cmf0g0du...
07:10:45.938 useMessages.ts:153 🔄 fetchMessages called: {cursor: 'cmf0g0du...', limit: 150, bulkLoad: true, conversationId: 'cmeifnah...', requestKey: 'cmeifnahq003ekungumhkl6ux-cmf0g0duu0011kuoejmy484ik-150-true'}
07:10:45.939 useMessages.ts:173 🌐 Making request to: http://localhost:3000/api/messages/cmeifnahq003ekungumhkl6ux?cursor=cmf0g0duu0011kuoejmy484ik&limit=150&bulkLoad=true
07:10:45.939 ChatWindow.tsx:309 🔓 E2EE: Successfully decrypted message content
07:10:45.990 ChatWindow.tsx:309 🔓 E2EE: Successfully decrypted message content
07:10:45.990 ChatWindow.tsx:309 🔓 E2EE: Successfully decrypted message content
07:10:45.990 ChatWindow.tsx:309 🔓 E2EE: Successfully decrypted message content
07:10:46.037 ChatWindow.tsx:309 🔓 E2EE: Successfully decrypted message content
07:10:46.037 ChatWindow.tsx:309 🔓 E2EE: Successfully decrypted message content
07:10:46.037 ChatWindow.tsx:309 🔓 E2EE: Successfully decrypted message content
07:10:46.037 ChatWindow.tsx:309 🔓 E2EE: Successfully decrypted message content
07:10:46.038 ChatWindow.tsx:309 🔓 E2EE: Successfully decrypted message content
07:10:46.038 ChatWindow.tsx:309 🔓 E2EE: Successfully decrypted message content
07:10:46.038 useMessages.ts:182 📦 Received 150 messages, nextCursor: cmf0g05t...
07:10:46.039 useMessages.ts:189 📝 Adding 1 new messages (filtered from 150), total will be: 211
07:10:46.039 useMessages.ts:189 📝 Adding 1 new messages (filtered from 150), total will be: 211
07:10:46.090 ChatWindow.tsx:309 🔓 E2EE: Successfully decrypted message content
07:10:46.090 ChatWindow.tsx:309 🔓 E2EE: Successfully decrypted message content
07:10:46.090 ChatWindow.tsx:309 🔓 E2EE: Successfully decrypted message content
07:10:46.090 ChatWindow.tsx:309 🔓 E2EE: Successfully decrypted message content
07:10:46.090 ChatWindow.tsx:309 🔓 E2EE: Successfully decrypted message content
07:10:46.090 useE2EE.ts:41 🔐 E2EE: Initializing libsignal-client...
07:10:46.091 useE2EE.ts:41 🔐 E2EE: Initializing libsignal-client...
07:10:46.091 useE2EE.ts:47 🔐 E2EE: libsignal-client successfully loaded
07:10:46.091 SignalClientWrapper.ts:351 🔐 SignalClient Status: {available: true, error: null, features: Array(8), isShim: true, timestamp: '2025-09-02T23:10:46.091Z'}
07:10:46.091 useE2EE.ts:55 🔐 E2EE: Using browser shim - providing basic encryption only
07:10:46.091 useE2EE.ts:47 🔐 E2EE: libsignal-client successfully loaded
07:10:46.091 SignalClientWrapper.ts:351 🔐 SignalClient Status: {available: true, error: null, features: Array(8), isShim: true, timestamp: '2025-09-02T23:10:46.091Z'}
07:10:46.091 useE2EE.ts:55 🔐 E2EE: Using browser shim - providing basic encryption only
07:10:46.091 useMessages.ts:307 📦 Loading batch 6/8 with cursor: cmf0g0du...
07:10:46.091 useMessages.ts:153 🔄 fetchMessages called: {cursor: 'cmf0g0du...', limit: 150, bulkLoad: true, conversationId: 'cmeifnah...', requestKey: 'cmeifnahq003ekungumhkl6ux-cmf0g0duu0011kuoejmy484ik-150-true'}
07:10:46.092 useMessages.ts:173 🌐 Making request to: http://localhost:3000/api/messages/cmeifnahq003ekungumhkl6ux?cursor=cmf0g0duu0011kuoejmy484ik&limit=150&bulkLoad=true
07:10:46.092 ChatWindow.tsx:309 🔓 E2EE: Successfully decrypted message content
07:10:46.092 ChatWindow.tsx:309 🔓 E2EE: Successfully decrypted message content
07:10:46.136 ChatWindow.tsx:309 🔓 E2EE: Successfully decrypted message content
07:10:46.152 ChatWindow.tsx:309 🔓 E2EE: Successfully decrypted message content
07:10:46.152 ChatWindow.tsx:309 🔓 E2EE: Successfully decrypted message content
07:10:46.170 ChatWindow.tsx:309 🔓 E2EE: Successfully decrypted message content
07:10:46.170 ChatWindow.tsx:309 🔓 E2EE: Successfully decrypted message content
07:10:46.170 ChatWindow.tsx:309 🔓 E2EE: Successfully decrypted message content
07:10:46.171 ChatWindow.tsx:309 🔓 E2EE: Successfully decrypted message content
07:10:46.171 ChatWindow.tsx:309 🔓 E2EE: Successfully decrypted message content
07:10:46.171 useMessages.ts:182 📦 Received 150 messages, nextCursor: cmf0g05t...
07:10:46.172 useMessages.ts:189 📝 Adding 0 new messages (filtered from 150), total will be: 211
07:10:46.172 useMessages.ts:189 📝 Adding 0 new messages (filtered from 150), total will be: 211
07:10:46.206 ChatWindow.tsx:309 🔓 E2EE: Successfully decrypted message content
07:10:46.218 ChatWindow.tsx:309 🔓 E2EE: Successfully decrypted message content
07:10:46.218 ChatWindow.tsx:309 🔓 E2EE: Successfully decrypted message content
07:10:46.218 ChatWindow.tsx:309 🔓 E2EE: Successfully decrypted message content
07:10:46.218 useMessages.ts:307 📦 Loading batch 7/8 with cursor: cmf0g05t...
07:10:46.218 useMessages.ts:153 🔄 fetchMessages called: {cursor: 'cmf0g05t...', limit: 150, bulkLoad: true, conversationId: 'cmeifnah...', requestKey: 'cmeifnahq003ekungumhkl6ux-cmf0g05t0000xkuoe02m2hh46-150-true'}
07:10:46.218 useMessages.ts:173 🌐 Making request to: http://localhost:3000/api/messages/cmeifnahq003ekungumhkl6ux?cursor=cmf0g05t0000xkuoe02m2hh46&limit=150&bulkLoad=true
07:10:46.219 ChatWindow.tsx:309 🔓 E2EE: Successfully decrypted message content
07:10:46.259 ChatWindow.tsx:309 🔓 E2EE: Successfully decrypted message content
07:10:46.273 useMessages.ts:182 📦 Received 150 messages, nextCursor: cmf0g03y...
07:10:46.273 useMessages.ts:189 📝 Adding 1 new messages (filtered from 150), total will be: 212
07:10:46.273 useMessages.ts:189 📝 Adding 1 new messages (filtered from 150), total will be: 212
07:10:46.325 ChatWindow.tsx:309 🔓 E2EE: Successfully decrypted message content
07:10:46.325 ChatWindow.tsx:309 🔓 E2EE: Successfully decrypted message content
07:10:46.325 ChatWindow.tsx:309 🔓 E2EE: Successfully decrypted message content
07:10:46.325 ChatWindow.tsx:309 🔓 E2EE: Successfully decrypted message content
07:10:46.326 ChatWindow.tsx:309 🔓 E2EE: Successfully decrypted message content
07:10:46.326 ChatWindow.tsx:309 🔓 E2EE: Successfully decrypted message content
07:10:46.326 ChatWindow.tsx:309 🔓 E2EE: Successfully decrypted message content
07:10:46.326 ChatWindow.tsx:309 🔓 E2EE: Successfully decrypted message content
07:10:46.326 ChatWindow.tsx:309 🔓 E2EE: Successfully decrypted message content
07:10:46.326 useE2EE.ts:41 🔐 E2EE: Initializing libsignal-client...
07:10:46.326 useE2EE.ts:41 🔐 E2EE: Initializing libsignal-client...
07:10:46.368 useE2EE.ts:47 🔐 E2EE: libsignal-client successfully loaded
07:10:46.368 SignalClientWrapper.ts:351 🔐 SignalClient Status: {available: true, error: null, features: Array(8), isShim: true, timestamp: '2025-09-02T23:10:46.368Z'}
07:10:46.368 useE2EE.ts:55 🔐 E2EE: Using browser shim - providing basic encryption only
07:10:46.368 useE2EE.ts:47 🔐 E2EE: libsignal-client successfully loaded
07:10:46.368 SignalClientWrapper.ts:351 🔐 SignalClient Status: {available: true, error: null, features: Array(8), isShim: true, timestamp: '2025-09-02T23:10:46.368Z'}
07:10:46.369 useE2EE.ts:55 🔐 E2EE: Using browser shim - providing basic encryption only
07:10:46.369 useMessages.ts:307 📦 Loading batch 8/8 with cursor: cmf0g05t...
07:10:46.369 useMessages.ts:153 🔄 fetchMessages called: {cursor: 'cmf0g05t...', limit: 150, bulkLoad: true, conversationId: 'cmeifnah...', requestKey: 'cmeifnahq003ekungumhkl6ux-cmf0g05t0000xkuoe02m2hh46-150-true'}
07:10:46.369 useMessages.ts:173 🌐 Making request to: http://localhost:3000/api/messages/cmeifnahq003ekungumhkl6ux?cursor=cmf0g05t0000xkuoe02m2hh46&limit=150&bulkLoad=true
07:10:46.369 ChatWindow.tsx:309 🔓 E2EE: Successfully decrypted message content
07:10:46.378 ChatWindow.tsx:309 🔓 E2EE: Successfully decrypted message content
07:10:46.378 ChatWindow.tsx:309 🔓 E2EE: Successfully decrypted message content
07:10:46.398 ChatWindow.tsx:309 🔓 E2EE: Successfully decrypted message content
07:10:46.448 ChatWindow.tsx:309 🔓 E2EE: Successfully decrypted message content
07:10:46.448 ChatWindow.tsx:309 🔓 E2EE: Successfully decrypted message content
07:10:46.448 ChatWindow.tsx:309 🔓 E2EE: Successfully decrypted message content
07:10:46.448 ChatWindow.tsx:309 🔓 E2EE: Successfully decrypted message content
07:10:46.448 ChatWindow.tsx:309 🔓 E2EE: Successfully decrypted message content
07:10:46.448 ChatWindow.tsx:309 🔓 E2EE: Successfully decrypted message content
07:10:46.448 ChatWindow.tsx:309 🔓 E2EE: Successfully decrypted message content
07:10:46.450 ChatWindow.tsx:309 🔓 E2EE: Successfully decrypted message content
07:10:46.451 ChatWindow.tsx:309 🔓 E2EE: Successfully decrypted message content
07:10:46.456 useMessages.ts:182 📦 Received 150 messages, nextCursor: cmf0g03y...
07:10:46.456 useMessages.ts:189 📝 Adding 0 new messages (filtered from 150), total will be: 212
07:10:46.459 useMessages.ts:189 📝 Adding 0 new messages (filtered from 150), total will be: 212
07:10:46.521 ChatWindow.tsx:309 🔓 E2EE: Successfully decrypted message content
07:10:46.521 useMessages.ts:340 ✅ Bulk load completed: 8 batches loaded, found target: false
07:10:46.521 useMessages.ts:805 Bulk loading completed, falling back to incremental loading if needed
07:10:46.521 useMessages.ts:153 🔄 fetchMessages called: {cursor: 'cmf0g03y...', limit: 100, bulkLoad: true, conversationId: 'cmeifnah...', requestKey: 'cmeifnahq003ekungumhkl6ux-cmf0g03y6000tkuoe0vyqsay0-100-true'}
07:10:46.521 useMessages.ts:173 🌐 Making request to: http://localhost:3000/api/messages/cmeifnahq003ekungumhkl6ux?cursor=cmf0g03y6000tkuoe0vyqsay0&limit=100&bulkLoad=true
07:10:46.577 ChatWindow.tsx:309 🔓 E2EE: Successfully decrypted message content
07:10:46.578 ChatWindow.tsx:309 🔓 E2EE: Successfully decrypted message content
07:10:46.580 ChatWindow.tsx:309 🔓 E2EE: Successfully decrypted message content
07:10:46.580 ChatWindow.tsx:309 🔓 E2EE: Successfully decrypted message content
07:10:46.580 ChatWindow.tsx:309 🔓 E2EE: Successfully decrypted message content
07:10:46.580 ChatWindow.tsx:309 🔓 E2EE: Successfully decrypted message content
07:10:46.627 useMessages.ts:182 📦 Received 100 messages, nextCursor: cmf0fzxs...
07:10:46.628 ChatWindow.tsx:309 🔓 E2EE: Successfully decrypted message content
07:10:46.628 ChatWindow.tsx:309 🔓 E2EE: Successfully decrypted message content
07:10:46.628 useMessages.ts:189 📝 Adding 0 new messages (filtered from 100), total will be: 212
07:10:46.628 useMessages.ts:189 📝 Adding 0 new messages (filtered from 100), total will be: 212
07:10:46.683 ChatWindow.tsx:309 🔓 E2EE: Successfully decrypted message content
07:10:46.683 ChatWindow.tsx:309 🔓 E2EE: Successfully decrypted message content
07:10:46.683 ChatWindow.tsx:309 🔓 E2EE: Successfully decrypted message content
07:10:46.686 ChatWindow.tsx:309 🔓 E2EE: Successfully decrypted message content
07:10:46.686 ChatWindow.tsx:309 🔓 E2EE: Successfully decrypted message content
07:10:46.686 ChatWindow.tsx:309 🔓 E2EE: Successfully decrypted message content
07:10:46.686 ChatWindow.tsx:309 🔓 E2EE: Successfully decrypted message content
07:10:46.686 ChatWindow.tsx:309 🔓 E2EE: Successfully decrypted message content
07:10:46.686 ChatWindow.tsx:309 🔓 E2EE: Successfully decrypted message content
07:10:46.686 ChatWindow.tsx:309 🔓 E2EE: Successfully decrypted message content
07:10:46.688 ChatWindow.tsx:309 🔓 E2EE: Successfully decrypted message content
07:10:46.688 ChatWindow.tsx:309 🔓 E2EE: Successfully decrypted message content
07:10:46.688 ChatWindow.tsx:309 🔓 E2EE: Successfully decrypted message content
07:10:46.703 ChatWindow.tsx:309 🔓 E2EE: Successfully decrypted message content
07:10:46.713 ChatWindow.tsx:309 🔓 E2EE: Successfully decrypted message content
07:10:46.723 ChatWindow.tsx:309 🔓 E2EE: Successfully decrypted message content
07:10:46.728 useMessages.ts:153 🔄 fetchMessages called: {cursor: 'cmf0fzxs...', limit: 100, bulkLoad: true, conversationId: 'cmeifnah...', requestKey: 'cmeifnahq003ekungumhkl6ux-cmf0fzxsi000pkuoeeljaoet9-100-true'}
07:10:46.729 useMessages.ts:173 🌐 Making request to: http://localhost:3000/api/messages/cmeifnahq003ekungumhkl6ux?cursor=cmf0fzxsi000pkuoeeljaoet9&limit=100&bulkLoad=true
07:10:46.781 ChatWindow.tsx:309 🔓 E2EE: Successfully decrypted message content
07:10:46.784 ChatWindow.tsx:309 🔓 E2EE: Successfully decrypted message content
07:10:46.784 ChatWindow.tsx:309 🔓 E2EE: Successfully decrypted message content
07:10:46.784 ChatWindow.tsx:309 🔓 E2EE: Successfully decrypted message content
07:10:46.784 ChatWindow.tsx:309 🔓 E2EE: Successfully decrypted message content
07:10:46.786 useMessages.ts:182 📦 Received 100 messages, nextCursor: cmf0fzsz...
07:10:46.786 useMessages.ts:189 📝 Adding 0 new messages (filtered from 100), total will be: 212
07:10:46.786 useMessages.ts:189 📝 Adding 0 new messages (filtered from 100), total will be: 212
07:10:46.860 ChatWindow.tsx:309 🔓 E2EE: Successfully decrypted message content
07:10:46.860 ChatWindow.tsx:309 🔓 E2EE: Successfully decrypted message content
07:10:46.861 ChatWindow.tsx:309 🔓 E2EE: Successfully decrypted message content
07:10:46.862 ChatWindow.tsx:309 🔓 E2EE: Successfully decrypted message content
07:10:46.862 ChatWindow.tsx:309 🔓 E2EE: Successfully decrypted message content
07:10:46.862 ChatWindow.tsx:309 🔓 E2EE: Successfully decrypted message content
07:10:46.862 ChatWindow.tsx:309 🔓 E2EE: Successfully decrypted message content
07:10:46.862 ChatWindow.tsx:309 🔓 E2EE: Successfully decrypted message content
07:10:46.862 ChatWindow.tsx:309 🔓 E2EE: Successfully decrypted message content
07:10:46.902 ChatWindow.tsx:309 🔓 E2EE: Successfully decrypted message content
07:10:46.902 ChatWindow.tsx:309 🔓 E2EE: Successfully decrypted message content
07:10:46.902 useMessages.ts:153 🔄 fetchMessages called: {cursor: 'cmf0fzsz...', limit: 100, bulkLoad: true, conversationId: 'cmeifnah...', requestKey: 'cmeifnahq003ekungumhkl6ux-cmf0fzszy000lkuoerlvd5k0u-100-true'}
07:10:46.903 useMessages.ts:173 🌐 Making request to: http://localhost:3000/api/messages/cmeifnahq003ekungumhkl6ux?cursor=cmf0fzszy000lkuoerlvd5k0u&limit=100&bulkLoad=true
07:10:46.948 ChatWindow.tsx:309 🔓 E2EE: Successfully decrypted message content
07:10:46.950 ChatWindow.tsx:309 🔓 E2EE: Successfully decrypted message content
07:10:46.950 ChatWindow.tsx:309 🔓 E2EE: Successfully decrypted message content
07:10:46.950 ChatWindow.tsx:309 🔓 E2EE: Successfully decrypted message content
07:10:46.950 ChatWindow.tsx:309 🔓 E2EE: Successfully decrypted message content
07:10:46.952 useMessages.ts:182 📦 Received 100 messages, nextCursor: cmf0fzpz...
07:10:46.952 useMessages.ts:189 📝 Adding 0 new messages (filtered from 100), total will be: 212
07:10:46.952 useMessages.ts:189 📝 Adding 0 new messages (filtered from 100), total will be: 212
07:10:47.002 ChatWindow.tsx:309 🔓 E2EE: Successfully decrypted message content
07:10:47.002 ChatWindow.tsx:309 🔓 E2EE: Successfully decrypted message content
07:10:47.002 ChatWindow.tsx:309 🔓 E2EE: Successfully decrypted message content
07:10:47.002 ChatWindow.tsx:309 🔓 E2EE: Successfully decrypted message content
07:10:47.002 ChatWindow.tsx:309 🔓 E2EE: Successfully decrypted message content
07:10:47.034 ChatWindow.tsx:309 🔓 E2EE: Successfully decrypted message content
07:10:47.054 useMessages.ts:153 🔄 fetchMessages called: {cursor: 'cmf0fzpz...', limit: 100, bulkLoad: true, conversationId: 'cmeifnah...', requestKey: 'cmeifnahq003ekungumhkl6ux-cmf0fzpz3000hkuoewv2d6y0u-100-true'}
07:10:47.054 useMessages.ts:173 🌐 Making request to: http://localhost:3000/api/messages/cmeifnahq003ekungumhkl6ux?cursor=cmf0fzpz3000hkuoewv2d6y0u&limit=100&bulkLoad=true
07:10:47.107 ChatWindow.tsx:309 🔓 E2EE: Successfully decrypted message content
07:10:47.107 ChatWindow.tsx:309 🔓 E2EE: Successfully decrypted message content
07:10:47.108 ChatWindow.tsx:309 🔓 E2EE: Successfully decrypted message content
07:10:47.108 ChatWindow.tsx:309 🔓 E2EE: Successfully decrypted message content
07:10:47.109 ChatWindow.tsx:309 🔓 E2EE: Successfully decrypted message content
07:10:47.109 useMessages.ts:182 📦 Received 100 messages, nextCursor: cmf0fzim...
07:10:47.109 useMessages.ts:189 📝 Adding 0 new messages (filtered from 100), total will be: 212
07:10:47.109 useMessages.ts:189 📝 Adding 0 new messages (filtered from 100), total will be: 212
07:10:47.156 ChatWindow.tsx:309 🔓 E2EE: Successfully decrypted message content
07:10:47.156 ChatWindow.tsx:309 🔓 E2EE: Successfully decrypted message content
07:10:47.157 ChatWindow.tsx:309 🔓 E2EE: Successfully decrypted message content
07:10:47.158 ChatWindow.tsx:309 🔓 E2EE: Successfully decrypted message content
07:10:47.158 ChatWindow.tsx:309 🔓 E2EE: Successfully decrypted message content
07:10:47.159 ChatWindow.tsx:309 🔓 E2EE: Successfully decrypted message content
07:10:47.159 ChatWindow.tsx:309 🔓 E2EE: Successfully decrypted message content
07:10:47.169 ChatWindow.tsx:309 🔓 E2EE: Successfully decrypted message content
07:10:47.170 ChatWindow.tsx:309 🔓 E2EE: Successfully decrypted message content
07:10:47.170 ChatWindow.tsx:309 🔓 E2EE: Successfully decrypted message content
07:10:47.213 ChatWindow.tsx:309 🔓 E2EE: Successfully decrypted message content
07:10:47.213 ChatWindow.tsx:309 🔓 E2EE: Successfully decrypted message content
07:10:47.215 ChatWindow.tsx:309 🔓 E2EE: Successfully decrypted message content
07:10:47.215 ChatWindow.tsx:309 🔓 E2EE: Successfully decrypted message content
07:10:47.215 ChatWindow.tsx:309 🔓 E2EE: Successfully decrypted message content
07:10:47.215 useMessages.ts:153 🔄 fetchMessages called: {cursor: 'cmf0fzim...', limit: 100, bulkLoad: true, conversationId: 'cmeifnah...', requestKey: 'cmeifnahq003ekungumhkl6ux-cmf0fzimv000dkuoerh3tfqee-100-true'}
07:10:47.215 useMessages.ts:173 🌐 Making request to: http://localhost:3000/api/messages/cmeifnahq003ekungumhkl6ux?cursor=cmf0fzimv000dkuoerh3tfqee&limit=100&bulkLoad=true
07:10:47.270 ChatWindow.tsx:309 🔓 E2EE: Successfully decrypted message content
07:10:47.270 ChatWindow.tsx:309 🔓 E2EE: Successfully decrypted message content
07:10:47.271 ChatWindow.tsx:309 🔓 E2EE: Successfully decrypted message content
07:10:47.271 ChatWindow.tsx:309 🔓 E2EE: Successfully decrypted message content
07:10:47.271 ChatWindow.tsx:309 🔓 E2EE: Successfully decrypted message content
07:10:47.271 ChatWindow.tsx:309 🔓 E2EE: Successfully decrypted message content
07:10:47.273 useMessages.ts:182 📦 Received 100 messages, nextCursor: cmf0fzcf...
07:10:47.273 useMessages.ts:189 📝 Adding 0 new messages (filtered from 100), total will be: 212
07:10:47.273 useMessages.ts:189 📝 Adding 0 new messages (filtered from 100), total will be: 212
07:10:47.324 ChatWindow.tsx:309 🔓 E2EE: Successfully decrypted message content
07:10:47.347 ChatWindow.tsx:309 🔓 E2EE: Successfully decrypted message content
07:10:47.347 ChatWindow.tsx:309 🔓 E2EE: Successfully decrypted message content
07:10:47.348 ChatWindow.tsx:309 🔓 E2EE: Successfully decrypted message content
07:10:47.362 ChatWindow.tsx:309 🔓 E2EE: Successfully decrypted message content
07:10:47.372 ChatWindow.tsx:309 🔓 E2EE: Successfully decrypted message content
07:10:47.372 ChatWindow.tsx:309 🔓 E2EE: Successfully decrypted message content
07:10:47.372 ChatWindow.tsx:309 🔓 E2EE: Successfully decrypted message content
07:10:47.372 ChatWindow.tsx:309 🔓 E2EE: Successfully decrypted message content
07:10:47.409 ChatWindow.tsx:309 🔓 E2EE: Successfully decrypted message content
07:10:47.409 ChatWindow.tsx:309 🔓 E2EE: Successfully decrypted message content
07:10:47.409 ChatWindow.tsx:309 🔓 E2EE: Successfully decrypted message content
07:10:47.409 useMessages.ts:865 Message cmeptmxgi000xkub2vkrf8er3 not found after bulk and incremental loading
eval @ useMessages.ts:865
setTimeout
eval @ useMessages.ts:332
eval @ useMessages.ts:332
07:10:47.442 ChatWindow.tsx:309 🔓 E2EE: Successfully decrypted message content
07:10:47.444 ChatWindow.tsx:309 🔓 E2EE: Successfully decrypted message content
07:10:47.444 ChatWindow.tsx:309 🔓 E2EE: Successfully decrypted message content
07:10:47.444 ChatWindow.tsx:309 🔓 E2EE: Successfully decrypted message content
07:10:47.444 ChatWindow.tsx:309 🔓 E2EE: Successfully decrypted message content
07:10:47.480 ChatWindow.tsx:309 🔓 E2EE: Successfully decrypted message content
07:10:47.481 ChatWindow.tsx:309 🔓 E2EE: Successfully decrypted message content
07:10:47.481 ChatWindow.tsx:309 🔓 E2EE: Successfully decrypted message content
07:10:47.501 ChatWindow.tsx:309 🔓 E2EE: Successfully decrypted message content
07:10:47.501 ChatWindow.tsx:309 🔓 E2EE: Successfully decrypted message content
07:10:47.521 ChatWindow.tsx:309 🔓 E2EE: Successfully decrypted message content
07:10:47.572 ChatWindow.tsx:309 🔓 E2EE: Successfully decrypted message content
07:10:47.583 ChatWindow.tsx:309 🔓 E2EE: Successfully decrypted message content
07:10:47.603 ChatWindow.tsx:309 🔓 E2EE: Successfully decrypted message content
07:10:47.604 ChatWindow.tsx:309 🔓 E2EE: Successfully decrypted message content
07:10:47.614 ChatWindow.tsx:309 🔓 E2EE: Successfully decrypted message content
07:10:47.624 ChatWindow.tsx:309 🔓 E2EE: Successfully decrypted message content
07:10:47.625 ChatWindow.tsx:309 🔓 E2EE: Successfully decrypted message content
07:10:47.655 ChatWindow.tsx:309 🔓 E2EE: Successfully decrypted message content
07:10:47.655 ChatWindow.tsx:309 🔓 E2EE: Successfully decrypted message content
07:10:47.655 ChatWindow.tsx:309 🔓 E2EE: Successfully decrypted message content
07:10:47.688 ChatWindow.tsx:309 🔓 E2EE: Successfully decrypted message content
07:10:47.688 ChatWindow.tsx:309 🔓 E2EE: Successfully decrypted message content
07:10:47.689 ChatWindow.tsx:309 🔓 E2EE: Successfully decrypted message content
07:10:47.689 ChatWindow.tsx:309 🔓 E2EE: Successfully decrypted message content
07:10:47.696 ChatWindow.tsx:309 🔓 E2EE: Successfully decrypted message content
07:10:47.696 ChatWindow.tsx:309 🔓 E2EE: Successfully decrypted message content
07:10:47.719 ChatWindow.tsx:309 🔓 E2EE: Successfully decrypted message content
07:10:47.719 ChatWindow.tsx:309 🔓 E2EE: Successfully decrypted message content
07:10:47.720 ChatWindow.tsx:309 🔓 E2EE: Successfully decrypted message content
07:10:47.720 ChatWindow.tsx:309 🔓 E2EE: Successfully decrypted message content
07:10:47.730 ChatWindow.tsx:309 🔓 E2EE: Successfully decrypted message content
07:10:47.740 ChatWindow.tsx:309 🔓 E2EE: Successfully decrypted message content
07:10:47.750 ChatWindow.tsx:309 🔓 E2EE: Successfully decrypted message content
07:10:47.760 ChatWindow.tsx:309 🔓 E2EE: Successfully decrypted message content
07:10:47.760 ChatWindow.tsx:309 🔓 E2EE: Successfully decrypted message content
07:10:47.771 ChatWindow.tsx:309 🔓 E2EE: Successfully decrypted message content
07:10:47.781 ChatWindow.tsx:309 🔓 E2EE: Successfully decrypted message content
07:10:47.832 ChatWindow.tsx:309 🔓 E2EE: Successfully decrypted message content
07:10:47.833 ChatWindow.tsx:309 🔓 E2EE: Successfully decrypted message content
07:10:47.853 ChatWindow.tsx:309 🔓 E2EE: Successfully decrypted message content
07:10:47.865 ChatWindow.tsx:309 🔓 E2EE: Successfully decrypted message content
07:10:47.865 ChatWindow.tsx:309 🔓 E2EE: Successfully decrypted message content
07:10:47.865 ChatWindow.tsx:309 🔓 E2EE: Successfully decrypted message content
07:10:47.874 ChatWindow.tsx:309 🔓 E2EE: Successfully decrypted message content
07:10:47.884 ChatWindow.tsx:309 🔓 E2EE: Successfully decrypted message content
07:10:47.884 ChatWindow.tsx:309 🔓 E2EE: Successfully decrypted message content
07:10:47.924 ChatWindow.tsx:309 🔓 E2EE: Successfully decrypted message content
07:10:47.938 ChatWindow.tsx:309 🔓 E2EE: Successfully decrypted message content
07:10:47.938 ChatWindow.tsx:309 🔓 E2EE: Successfully decrypted message content
07:10:47.938 ChatWindow.tsx:309 🔓 E2EE: Successfully decrypted message content
07:10:47.938 ChatWindow.tsx:309 🔓 E2EE: Successfully decrypted message content
07:10:47.958 ChatWindow.tsx:309 🔓 E2EE: Successfully decrypted message content
07:10:47.958 ChatWindow.tsx:309 🔓 E2EE: Successfully decrypted message content
07:10:47.958 ChatWindow.tsx:309 🔓 E2EE: Successfully decrypted message content
07:10:47.979 ChatWindow.tsx:309 🔓 E2EE: Successfully decrypted message content
07:10:47.979 ChatWindow.tsx:309 🔓 E2EE: Successfully decrypted message content
07:10:47.999 ChatWindow.tsx:309 🔓 E2EE: Successfully decrypted message content
07:10:48.055 ChatWindow.tsx:309 🔓 E2EE: Successfully decrypted message content
07:10:48.066 ChatWindow.tsx:309 🔓 E2EE: Successfully decrypted message content
07:10:48.087 ChatWindow.tsx:309 🔓 E2EE: Successfully decrypted message content
07:10:48.088 ChatWindow.tsx:309 🔓 E2EE: Successfully decrypted message content
07:10:48.097 ChatWindow.tsx:309 🔓 E2EE: Successfully decrypted message content
07:10:48.107 ChatWindow.tsx:309 🔓 E2EE: Successfully decrypted message content
07:10:48.107 ChatWindow.tsx:309 🔓 E2EE: Successfully decrypted message content
07:10:48.138 ChatWindow.tsx:309 🔓 E2EE: Successfully decrypted message content
07:10:48.138 ChatWindow.tsx:309 🔓 E2EE: Successfully decrypted message content
07:10:48.148 ChatWindow.tsx:309 🔓 E2EE: Successfully decrypted message content
07:10:48.148 ChatWindow.tsx:309 🔓 E2EE: Successfully decrypted message content
07:10:48.158 ChatWindow.tsx:309 🔓 E2EE: Successfully decrypted message content
07:10:48.159 ChatWindow.tsx:309 🔓 E2EE: Successfully decrypted message content
07:10:48.169 ChatWindow.tsx:309 🔓 E2EE: Successfully decrypted message content
07:10:48.169 ChatWindow.tsx:309 🔓 E2EE: Successfully decrypted message content
07:10:48.199 ChatWindow.tsx:309 🔓 E2EE: Successfully decrypted message content
07:10:48.199 ChatWindow.tsx:309 🔓 E2EE: Successfully decrypted message content
07:10:48.199 ChatWindow.tsx:309 🔓 E2EE: Successfully decrypted message content
07:10:48.199 ChatWindow.tsx:309 🔓 E2EE: Successfully decrypted message content
07:10:48.237 ChatWindow.tsx:309 🔓 E2EE: Successfully decrypted message content
07:10:48.237 ChatWindow.tsx:309 🔓 E2EE: Successfully decrypted message content
07:10:48.237 ChatWindow.tsx:309 🔓 E2EE: Successfully decrypted message content
07:10:48.237 ChatWindow.tsx:309 🔓 E2EE: Successfully decrypted message content
07:10:48.237 ChatWindow.tsx:309 🔓 E2EE: Successfully decrypted message content
07:10:48.241 ChatWindow.tsx:309 🔓 E2EE: Successfully decrypted message content
07:10:48.252 ChatWindow.tsx:309 🔓 E2EE: Successfully decrypted message content
07:10:48.303 ChatWindow.tsx:309 🔓 E2EE: Successfully decrypted message content
07:10:48.304 ChatWindow.tsx:309 🔓 E2EE: Successfully decrypted message content
07:10:48.316 NotificationContext.tsx:208 NotificationContext: Window focused
07:10:48.354 GlobalNotificationListener.tsx:173 🧹 GlobalNotificationListener: Cleaning up socket listener for new-notification
07:10:48.355 GlobalNotificationListener.tsx:26 🌐 GlobalNotificationListener: useEffect triggered {hasSocket: true, hasSession: true, socketConnected: true, socketId: 'qo5EZBDMWaoHB2NrAAAT'}
07:10:48.355 GlobalNotificationListener.tsx:43 🚀 GlobalNotificationListener: Setting up global socket listeners for user: cmeifml0h001okung0i95m8s6
07:10:48.356 GlobalNotificationListener.tsx:48 🔄 GlobalNotificationListener: Re-emitted join-user-room for safety
07:10:48.356 GlobalNotificationListener.tsx:170 ✅ GlobalNotificationListener: Socket listener registered for new-notification events
07:10:48.356 SocketContext.tsx:386 SocketContext: Window focused, refreshing connection
07:10:48.367 ChatWindow.tsx:309 🔓 E2EE: Successfully decrypted message content
07:10:48.367 ChatWindow.tsx:309 🔓 E2EE: Successfully decrypted message content
07:10:48.367 ChatWindow.tsx:309 🔓 E2EE: Successfully decrypted message content
07:10:48.367 ChatWindow.tsx:309 🔓 E2EE: Successfully decrypted message content
07:10:48.367 ChatWindow.tsx:309 🔓 E2EE: Successfully decrypted message content
07:10:48.368 ChatWindow.tsx:309 🔓 E2EE: Successfully decrypted message content
07:10:48.387 ChatWindow.tsx:309 🔓 E2EE: Successfully decrypted message content
07:10:48.408 ChatWindow.tsx:309 🔓 E2EE: Successfully decrypted message content
07:10:48.408 ChatWindow.tsx:309 🔓 E2EE: Successfully decrypted message content
07:10:48.408 ChatWindow.tsx:309 🔓 E2EE: Successfully decrypted message content
07:10:48.408 ChatWindow.tsx:309 🔓 E2EE: Successfully decrypted message content
07:10:48.428 ChatWindow.tsx:309 🔓 E2EE: Successfully decrypted message content
07:10:48.428 ChatWindow.tsx:309 🔓 E2EE: Successfully decrypted message content
07:10:48.428 ChatWindow.tsx:309 🔓 E2EE: Successfully decrypted message content
07:10:48.449 ChatWindow.tsx:309 🔓 E2EE: Successfully decrypted message content
07:10:48.450 ChatWindow.tsx:309 🔓 E2EE: Successfully decrypted message content
07:10:48.492 ChatWindow.tsx:309 🔓 E2EE: Successfully decrypted message content
07:10:48.523 ChatWindow.tsx:309 🔓 E2EE: Successfully decrypted message content
07:10:48.523 ChatWindow.tsx:309 🔓 E2EE: Successfully decrypted message content
07:10:48.533 useMessages.ts:771 Bulk loading messages to find message cmeptmxgi000xkub2vkrf8er3
07:10:48.533 useMessages.ts:298 🚀 Starting bulk load for 8 batches, target: cmeptmxgi000xkub2vkrf8er3
07:10:48.533 useMessages.ts:307 📦 Loading batch 1/8 with cursor: cmf0fzcf...
07:10:48.533 useMessages.ts:153 🔄 fetchMessages called: {cursor: 'cmf0fzcf...', limit: 150, bulkLoad: true, conversationId: 'cmeifnah...', requestKey: 'cmeifnahq003ekungumhkl6ux-cmf0fzcf40009kuoe2wjess5c-150-true'}
07:10:48.533 useMessages.ts:173 🌐 Making request to: http://localhost:3000/api/messages/cmeifnahq003ekungumhkl6ux?cursor=cmf0fzcf40009kuoe2wjess5c&limit=150&bulkLoad=true
07:10:48.590 ChatWindow.tsx:309 🔓 E2EE: Successfully decrypted message content
07:10:48.590 ChatWindow.tsx:309 🔓 E2EE: Successfully decrypted message content
07:10:48.590 ChatWindow.tsx:309 🔓 E2EE: Successfully decrypted message content
07:10:48.591 ChatWindow.tsx:309 🔓 E2EE: Successfully decrypted message content
07:10:48.591 ChatWindow.tsx:309 🔓 E2EE: Successfully decrypted message content
07:10:48.594 useMessages.ts:182 📦 Received 150 messages, nextCursor: cmf0fzaa...
07:10:48.594 useMessages.ts:189 📝 Adding 6 new messages (filtered from 150), total will be: 218
07:10:48.594 useMessages.ts:189 📝 Adding 6 new messages (filtered from 150), total will be: 218
07:10:48.645 ChatWindow.tsx:309 🔓 E2EE: Successfully decrypted message content
07:10:48.645 ChatWindow.tsx:309 🔓 E2EE: Successfully decrypted message content
07:10:48.645 ChatWindow.tsx:309 🔓 E2EE: Successfully decrypted message content
07:10:48.645 ChatWindow.tsx:309 🔓 E2EE: Successfully decrypted message content
07:10:48.645 ChatWindow.tsx:309 🔓 E2EE: Successfully decrypted message content
07:10:48.645 ChatWindow.tsx:309 🔓 E2EE: Successfully decrypted message content
07:10:48.645 ChatWindow.tsx:309 🔓 E2EE: Successfully decrypted message content
07:10:48.645 ChatWindow.tsx:309 🔓 E2EE: Successfully decrypted message content
07:10:48.645 useE2EE.ts:41 🔐 E2EE: Initializing libsignal-client...
07:10:48.646 useE2EE.ts:41 🔐 E2EE: Initializing libsignal-client...
07:10:48.646 useE2EE.ts:41 🔐 E2EE: Initializing libsignal-client...
07:10:48.646 useE2EE.ts:41 🔐 E2EE: Initializing libsignal-client...
07:10:48.647 useE2EE.ts:41 🔐 E2EE: Initializing libsignal-client...
07:10:48.647 useE2EE.ts:41 🔐 E2EE: Initializing libsignal-client...
07:10:48.647 useE2EE.ts:41 🔐 E2EE: Initializing libsignal-client...
07:10:48.647 useE2EE.ts:41 🔐 E2EE: Initializing libsignal-client...
07:10:48.647 useE2EE.ts:41 🔐 E2EE: Initializing libsignal-client...
07:10:48.648 useE2EE.ts:41 🔐 E2EE: Initializing libsignal-client...
07:10:48.648 useE2EE.ts:41 🔐 E2EE: Initializing libsignal-client...
07:10:48.648 useE2EE.ts:41 🔐 E2EE: Initializing libsignal-client...
07:10:48.648 useE2EE.ts:47 🔐 E2EE: libsignal-client successfully loaded
07:10:48.648 SignalClientWrapper.ts:351 🔐 SignalClient Status: {available: true, error: null, features: Array(8), isShim: true, timestamp: '2025-09-02T23:10:48.648Z'}
07:10:48.648 useE2EE.ts:55 🔐 E2EE: Using browser shim - providing basic encryption only
07:10:48.648 useE2EE.ts:47 🔐 E2EE: libsignal-client successfully loaded
07:10:48.648 SignalClientWrapper.ts:351 🔐 SignalClient Status: {available: true, error: null, features: Array(8), isShim: true, timestamp: '2025-09-02T23:10:48.648Z'}
07:10:48.648 useE2EE.ts:55 🔐 E2EE: Using browser shim - providing basic encryption only
07:10:48.648 useE2EE.ts:47 🔐 E2EE: libsignal-client successfully loaded
07:10:48.648 SignalClientWrapper.ts:351 🔐 SignalClient Status: {available: true, error: null, features: Array(8), isShim: true, timestamp: '2025-09-02T23:10:48.648Z'}
07:10:48.648 useE2EE.ts:55 🔐 E2EE: Using browser shim - providing basic encryption only
07:10:48.649 useE2EE.ts:47 🔐 E2EE: libsignal-client successfully loaded
07:10:48.649 SignalClientWrapper.ts:351 🔐 SignalClient Status: {available: true, error: null, features: Array(8), isShim: true, timestamp: '2025-09-02T23:10:48.649Z'}
07:10:48.649 useE2EE.ts:55 🔐 E2EE: Using browser shim - providing basic encryption only
07:10:48.649 useE2EE.ts:47 🔐 E2EE: libsignal-client successfully loaded
07:10:48.649 SignalClientWrapper.ts:351 🔐 SignalClient Status: {available: true, error: null, features: Array(8), isShim: true, timestamp: '2025-09-02T23:10:48.649Z'}
07:10:48.649 useE2EE.ts:55 🔐 E2EE: Using browser shim - providing basic encryption only
07:10:48.649 useE2EE.ts:47 🔐 E2EE: libsignal-client successfully loaded
07:10:48.649 SignalClientWrapper.ts:351 🔐 SignalClient Status: {available: true, error: null, features: Array(8), isShim: true, timestamp: '2025-09-02T23:10:48.649Z'}
07:10:48.649 useE2EE.ts:55 🔐 E2EE: Using browser shim - providing basic encryption only
07:10:48.650 useE2EE.ts:47 🔐 E2EE: libsignal-client successfully loaded
07:10:48.650 SignalClientWrapper.ts:351 🔐 SignalClient Status: {available: true, error: null, features: Array(8), isShim: true, timestamp: '2025-09-02T23:10:48.650Z'}
07:10:48.650 useE2EE.ts:55 🔐 E2EE: Using browser shim - providing basic encryption only
07:10:48.650 useE2EE.ts:47 🔐 E2EE: libsignal-client successfully loaded
07:10:48.650 SignalClientWrapper.ts:351 🔐 SignalClient Status: {available: true, error: null, features: Array(8), isShim: true, timestamp: '2025-09-02T23:10:48.650Z'}
07:10:48.650 useE2EE.ts:55 🔐 E2EE: Using browser shim - providing basic encryption only
07:10:48.650 useE2EE.ts:47 🔐 E2EE: libsignal-client successfully loaded
07:10:48.650 SignalClientWrapper.ts:351 🔐 SignalClient Status: {available: true, error: null, features: Array(8), isShim: true, timestamp: '2025-09-02T23:10:48.650Z'}
07:10:48.650 useE2EE.ts:55 🔐 E2EE: Using browser shim - providing basic encryption only
07:10:48.650 useE2EE.ts:47 🔐 E2EE: libsignal-client successfully loaded
07:10:48.650 SignalClientWrapper.ts:351 🔐 SignalClient Status: {available: true, error: null, features: Array(8), isShim: true, timestamp: '2025-09-02T23:10:48.650Z'}
07:10:48.651 useE2EE.ts:55 🔐 E2EE: Using browser shim - providing basic encryption only
07:10:48.651 useE2EE.ts:47 🔐 E2EE: libsignal-client successfully loaded
07:10:48.651 SignalClientWrapper.ts:351 🔐 SignalClient Status: {available: true, error: null, features: Array(8), isShim: true, timestamp: '2025-09-02T23:10:48.651Z'}
07:10:48.651 useE2EE.ts:55 🔐 E2EE: Using browser shim - providing basic encryption only
07:10:48.651 useE2EE.ts:47 🔐 E2EE: libsignal-client successfully loaded
07:10:48.651 SignalClientWrapper.ts:351 🔐 SignalClient Status: {available: true, error: null, features: Array(8), isShim: true, timestamp: '2025-09-02T23:10:48.651Z'}
07:10:48.651 useE2EE.ts:55 🔐 E2EE: Using browser shim - providing basic encryption only
07:10:48.651 useMessages.ts:307 📦 Loading batch 2/8 with cursor: cmf0fzcf...
07:10:48.651 useMessages.ts:153 🔄 fetchMessages called: {cursor: 'cmf0fzcf...', limit: 150, bulkLoad: true, conversationId: 'cmeifnah...', requestKey: 'cmeifnahq003ekungumhkl6ux-cmf0fzcf40009kuoe2wjess5c-150-true'}
07:10:48.651 useMessages.ts:173 🌐 Making request to: http://localhost:3000/api/messages/cmeifnahq003ekungumhkl6ux?cursor=cmf0fzcf40009kuoe2wjess5c&limit=150&bulkLoad=true
07:10:48.712 ChatWindow.tsx:309 🔓 E2EE: Successfully decrypted message content
07:10:48.712 ChatWindow.tsx:309 🔓 E2EE: Successfully decrypted message content
07:10:48.712 ChatWindow.tsx:309 🔓 E2EE: Successfully decrypted message content
07:10:48.712 ChatWindow.tsx:309 🔓 E2EE: Successfully decrypted message content
07:10:48.712 ChatWindow.tsx:309 🔓 E2EE: Successfully decrypted message content
07:10:48.712 ChatWindow.tsx:309 🔓 E2EE: Successfully decrypted message content
07:10:48.713 ChatWindow.tsx:309 🔓 E2EE: Successfully decrypted message content
07:10:48.713 ChatWindow.tsx:309 🔓 E2EE: Successfully decrypted message content
07:10:48.731 ChatWindow.tsx:309 🔓 E2EE: Successfully decrypted message content
07:10:48.732 ChatWindow.tsx:309 🔓 E2EE: Successfully decrypted message content
07:10:48.736 useMessages.ts:182 📦 Received 150 messages, nextCursor: cmf0fzaa...
07:10:48.738 useMessages.ts:189 📝 Adding 0 new messages (filtered from 150), total will be: 218
07:10:48.738 useMessages.ts:189 📝 Adding 0 new messages (filtered from 150), total will be: 218
07:10:48.788 ChatWindow.tsx:309 🔓 E2EE: Successfully decrypted message content
07:10:48.788 ChatWindow.tsx:309 🔓 E2EE: Successfully decrypted message content
07:10:48.790 useMessages.ts:307 📦 Loading batch 3/8 with cursor: cmf0fzaa...
07:10:48.790 useMessages.ts:153 🔄 fetchMessages called: {cursor: 'cmf0fzaa...', limit: 150, bulkLoad: true, conversationId: 'cmeifnah...', requestKey: 'cmeifnahq003ekungumhkl6ux-cmf0fzaav0005kuoeaz90luak-150-true'}
07:10:48.790 useMessages.ts:173 🌐 Making request to: http://localhost:3000/api/messages/cmeifnahq003ekungumhkl6ux?cursor=cmf0fzaav0005kuoeaz90luak&limit=150&bulkLoad=true
07:10:48.790 ChatWindow.tsx:309 🔓 E2EE: Successfully decrypted message content
07:10:48.790 ChatWindow.tsx:309 🔓 E2EE: Successfully decrypted message content
07:10:48.790 ChatWindow.tsx:309 🔓 E2EE: Successfully decrypted message content
07:10:48.790 ChatWindow.tsx:309 🔓 E2EE: Successfully decrypted message content
07:10:48.844 ChatWindow.tsx:309 🔓 E2EE: Successfully decrypted message content
07:10:48.844 ChatWindow.tsx:309 🔓 E2EE: Successfully decrypted message content
07:10:48.845 ChatWindow.tsx:309 🔓 E2EE: Successfully decrypted message content
07:10:48.848 useMessages.ts:182 📦 Received 150 messages, nextCursor: cmf0fz4m...
07:10:48.848 useMessages.ts:189 📝 Adding 1 new messages (filtered from 150), total will be: 219
07:10:48.848 useMessages.ts:189 📝 Adding 1 new messages (filtered from 150), total will be: 219
07:10:48.898 ChatWindow.tsx:309 🔓 E2EE: Successfully decrypted message content
07:10:48.898 ChatWindow.tsx:309 🔓 E2EE: Successfully decrypted message content
07:10:48.898 ChatWindow.tsx:309 🔓 E2EE: Successfully decrypted message content
07:10:48.898 ChatWindow.tsx:309 🔓 E2EE: Successfully decrypted message content
07:10:48.898 ChatWindow.tsx:309 🔓 E2EE: Successfully decrypted message content
07:10:48.898 ChatWindow.tsx:309 🔓 E2EE: Successfully decrypted message content
07:10:48.898 ChatWindow.tsx:309 🔓 E2EE: Successfully decrypted message content
07:10:48.898 useE2EE.ts:41 🔐 E2EE: Initializing libsignal-client...
07:10:48.899 useE2EE.ts:41 🔐 E2EE: Initializing libsignal-client...
07:10:48.899 useE2EE.ts:47 🔐 E2EE: libsignal-client successfully loaded
07:10:48.899 SignalClientWrapper.ts:351 🔐 SignalClient Status: {available: true, error: null, features: Array(8), isShim: true, timestamp: '2025-09-02T23:10:48.899Z'}
07:10:48.899 useE2EE.ts:55 🔐 E2EE: Using browser shim - providing basic encryption only
07:10:48.899 useE2EE.ts:47 🔐 E2EE: libsignal-client successfully loaded
07:10:48.900 SignalClientWrapper.ts:351 🔐 SignalClient Status: {available: true, error: null, features: Array(8), isShim: true, timestamp: '2025-09-02T23:10:48.900Z'}
07:10:48.900 useE2EE.ts:55 🔐 E2EE: Using browser shim - providing basic encryption only
07:10:48.900 useMessages.ts:307 📦 Loading batch 4/8 with cursor: cmf0fzaa...
07:10:48.900 useMessages.ts:153 🔄 fetchMessages called: {cursor: 'cmf0fzaa...', limit: 150, bulkLoad: true, conversationId: 'cmeifnah...', requestKey: 'cmeifnahq003ekungumhkl6ux-cmf0fzaav0005kuoeaz90luak-150-true'}
07:10:48.900 useMessages.ts:173 🌐 Making request to: http://localhost:3000/api/messages/cmeifnahq003ekungumhkl6ux?cursor=cmf0fzaav0005kuoeaz90luak&limit=150&bulkLoad=true
07:10:48.947 ChatWindow.tsx:309 🔓 E2EE: Successfully decrypted message content
07:10:48.961 ChatWindow.tsx:309 🔓 E2EE: Successfully decrypted message content
07:10:48.980 ChatWindow.tsx:309 🔓 E2EE: Successfully decrypted message content
07:10:48.980 ChatWindow.tsx:309 🔓 E2EE: Successfully decrypted message content
07:10:48.981 useMessages.ts:182 📦 Received 150 messages, nextCursor: cmf0fz4m...
07:10:48.981 useMessages.ts:189 📝 Adding 0 new messages (filtered from 150), total will be: 219
07:10:48.981 useMessages.ts:189 📝 Adding 0 new messages (filtered from 150), total will be: 219
07:10:49.031 ChatWindow.tsx:309 🔓 E2EE: Successfully decrypted message content
07:10:49.031 ChatWindow.tsx:309 🔓 E2EE: Successfully decrypted message content
07:10:49.031 ChatWindow.tsx:309 🔓 E2EE: Successfully decrypted message content
07:10:49.032 useMessages.ts:307 📦 Loading batch 5/8 with cursor: cmf0fz4m...
07:10:49.032 useMessages.ts:153 🔄 fetchMessages called: {cursor: 'cmf0fz4m...', limit: 150, bulkLoad: true, conversationId: 'cmeifnah...', requestKey: 'cmeifnahq003ekungumhkl6ux-cmf0fz4m30001kuoe26hwhd3g-150-true'}
07:10:49.033 useMessages.ts:173 🌐 Making request to: http://localhost:3000/api/messages/cmeifnahq003ekungumhkl6ux?cursor=cmf0fz4m30001kuoe26hwhd3g&limit=150&bulkLoad=true
07:10:49.033 ChatWindow.tsx:309 🔓 E2EE: Successfully decrypted message content
07:10:49.033 ChatWindow.tsx:309 🔓 E2EE: Successfully decrypted message content
07:10:49.087 ChatWindow.tsx:309 🔓 E2EE: Successfully decrypted message content
07:10:49.087 ChatWindow.tsx:309 🔓 E2EE: Successfully decrypted message content
07:10:49.087 ChatWindow.tsx:309 🔓 E2EE: Successfully decrypted message content
07:10:49.087 ChatWindow.tsx:309 🔓 E2EE: Successfully decrypted message content
07:10:49.088 ChatWindow.tsx:309 🔓 E2EE: Successfully decrypted message content
07:10:49.088 ChatWindow.tsx:309 🔓 E2EE: Successfully decrypted message content
07:10:49.088 ChatWindow.tsx:309 🔓 E2EE: Successfully decrypted message content
07:10:49.088 ChatWindow.tsx:309 🔓 E2EE: Successfully decrypted message content
07:10:49.090 useMessages.ts:182 📦 Received 150 messages, nextCursor: cmf0fq9z...
07:10:49.090 useMessages.ts:189 📝 Adding 1 new messages (filtered from 150), total will be: 220
07:10:49.091 useMessages.ts:189 📝 Adding 1 new messages (filtered from 150), total will be: 220
07:10:49.141 ChatWindow.tsx:309 🔓 E2EE: Successfully decrypted message content
07:10:49.141 ChatWindow.tsx:309 🔓 E2EE: Successfully decrypted message content
07:10:49.141 ChatWindow.tsx:309 🔓 E2EE: Successfully decrypted message content
07:10:49.142 ChatWindow.tsx:309 🔓 E2EE: Successfully decrypted message content
07:10:49.142 ChatWindow.tsx:309 🔓 E2EE: Successfully decrypted message content
07:10:49.142 ChatWindow.tsx:309 🔓 E2EE: Successfully decrypted message content
07:10:49.142 useE2EE.ts:41 🔐 E2EE: Initializing libsignal-client...
07:10:49.142 useE2EE.ts:41 🔐 E2EE: Initializing libsignal-client...
07:10:49.142 useE2EE.ts:47 🔐 E2EE: libsignal-client successfully loaded
07:10:49.143 SignalClientWrapper.ts:351 🔐 SignalClient Status: {available: true, error: null, features: Array(8), isShim: true, timestamp: '2025-09-02T23:10:49.143Z'}
07:10:49.143 useE2EE.ts:55 🔐 E2EE: Using browser shim - providing basic encryption only
07:10:49.143 useE2EE.ts:47 🔐 E2EE: libsignal-client successfully loaded
07:10:49.143 SignalClientWrapper.ts:351 🔐 SignalClient Status: {available: true, error: null, features: Array(8), isShim: true, timestamp: '2025-09-02T23:10:49.143Z'}
07:10:49.143 useE2EE.ts:55 🔐 E2EE: Using browser shim - providing basic encryption only
07:10:49.143 useMessages.ts:307 📦 Loading batch 6/8 with cursor: cmf0fz4m...
07:10:49.143 useMessages.ts:153 🔄 fetchMessages called: {cursor: 'cmf0fz4m...', limit: 150, bulkLoad: true, conversationId: 'cmeifnah...', requestKey: 'cmeifnahq003ekungumhkl6ux-cmf0fz4m30001kuoe26hwhd3g-150-true'}
07:10:49.143 useMessages.ts:173 🌐 Making request to: http://localhost:3000/api/messages/cmeifnahq003ekungumhkl6ux?cursor=cmf0fz4m30001kuoe26hwhd3g&limit=150&bulkLoad=true
07:10:49.144 ChatWindow.tsx:309 🔓 E2EE: Successfully decrypted message content
07:10:49.144 ChatWindow.tsx:309 🔓 E2EE: Successfully decrypted message content
07:10:49.191 ChatWindow.tsx:309 🔓 E2EE: Successfully decrypted message content
07:10:49.205 ChatWindow.tsx:309 🔓 E2EE: Successfully decrypted message content
07:10:49.226 ChatWindow.tsx:309 🔓 E2EE: Successfully decrypted message content
07:10:49.226 ChatWindow.tsx:309 🔓 E2EE: Successfully decrypted message content
07:10:49.228 useMessages.ts:182 📦 Received 150 messages, nextCursor: cmf0fq9z...
07:10:49.228 useMessages.ts:189 📝 Adding 0 new messages (filtered from 150), total will be: 220
07:10:49.228 useMessages.ts:189 📝 Adding 0 new messages (filtered from 150), total will be: 220
07:10:49.274 ChatWindow.tsx:309 🔓 E2EE: Successfully decrypted message content
07:10:49.275 ChatWindow.tsx:309 🔓 E2EE: Successfully decrypted message content
07:10:49.275 ChatWindow.tsx:309 🔓 E2EE: Successfully decrypted message content
07:10:49.275 ChatWindow.tsx:309 🔓 E2EE: Successfully decrypted message content
07:10:49.275 ChatWindow.tsx:309 🔓 E2EE: Successfully decrypted message content
07:10:49.275 useMessages.ts:307 📦 Loading batch 7/8 with cursor: cmf0fq9z...
07:10:49.275 useMessages.ts:153 🔄 fetchMessages called: {cursor: 'cmf0fq9z...', limit: 150, bulkLoad: true, conversationId: 'cmeifnah...', requestKey: 'cmeifnahq003ekungumhkl6ux-cmf0fq9z6000tkuxcpb6fykqk-150-true'}
07:10:49.275 useMessages.ts:173 🌐 Making request to: http://localhost:3000/api/messages/cmeifnahq003ekungumhkl6ux?cursor=cmf0fq9z6000tkuxcpb6fykqk&limit=150&bulkLoad=true
07:10:49.328 ChatWindow.tsx:309 🔓 E2EE: Successfully decrypted message content
07:10:49.328 ChatWindow.tsx:309 🔓 E2EE: Successfully decrypted message content
07:10:49.328 ChatWindow.tsx:309 🔓 E2EE: Successfully decrypted message content
07:10:49.328 ChatWindow.tsx:309 🔓 E2EE: Successfully decrypted message content
07:10:49.328 ChatWindow.tsx:309 🔓 E2EE: Successfully decrypted message content
07:10:49.329 ChatWindow.tsx:309 🔓 E2EE: Successfully decrypted message content
07:10:49.329 ChatWindow.tsx:309 🔓 E2EE: Successfully decrypted message content
07:10:49.329 ChatWindow.tsx:309 🔓 E2EE: Successfully decrypted message content
07:10:49.330 useMessages.ts:182 📦 Received 150 messages, nextCursor: cmf0fq4m...
07:10:49.331 useMessages.ts:189 📝 Adding 1 new messages (filtered from 150), total will be: 221
07:10:49.331 useMessages.ts:189 📝 Adding 1 new messages (filtered from 150), total will be: 221
07:10:49.381 ChatWindow.tsx:309 🔓 E2EE: Successfully decrypted message content
07:10:49.381 ChatWindow.tsx:309 🔓 E2EE: Successfully decrypted message content
07:10:49.381 useE2EE.ts:41 🔐 E2EE: Initializing libsignal-client...
07:10:49.382 useE2EE.ts:41 🔐 E2EE: Initializing libsignal-client...
07:10:49.382 useE2EE.ts:47 🔐 E2EE: libsignal-client successfully loaded
07:10:49.382 SignalClientWrapper.ts:351 🔐 SignalClient Status: {available: true, error: null, features: Array(8), isShim: true, timestamp: '2025-09-02T23:10:49.382Z'}
07:10:49.382 useE2EE.ts:55 🔐 E2EE: Using browser shim - providing basic encryption only
07:10:49.383 useE2EE.ts:47 🔐 E2EE: libsignal-client successfully loaded
07:10:49.383 SignalClientWrapper.ts:351 🔐 SignalClient Status: {available: true, error: null, features: Array(8), isShim: true, timestamp: '2025-09-02T23:10:49.383Z'}
07:10:49.383 useE2EE.ts:55 🔐 E2EE: Using browser shim - providing basic encryption only
07:10:49.383 useMessages.ts:307 📦 Loading batch 8/8 with cursor: cmf0fq9z...
07:10:49.383 useMessages.ts:153 🔄 fetchMessages called: {cursor: 'cmf0fq9z...', limit: 150, bulkLoad: true, conversationId: 'cmeifnah...', requestKey: 'cmeifnahq003ekungumhkl6ux-cmf0fq9z6000tkuxcpb6fykqk-150-true'}
07:10:49.383 useMessages.ts:173 🌐 Making request to: http://localhost:3000/api/messages/cmeifnahq003ekungumhkl6ux?cursor=cmf0fq9z6000tkuxcpb6fykqk&limit=150&bulkLoad=true
07:10:49.460 ChatWindow.tsx:309 🔓 E2EE: Successfully decrypted message content
07:10:49.460 ChatWindow.tsx:309 🔓 E2EE: Successfully decrypted message content
07:10:49.460 ChatWindow.tsx:309 🔓 E2EE: Successfully decrypted message content
07:10:49.460 ChatWindow.tsx:309 🔓 E2EE: Successfully decrypted message content
07:10:49.462 ChatWindow.tsx:309 🔓 E2EE: Successfully decrypted message content
07:10:49.463 useMessages.ts:182 📦 Received 150 messages, nextCursor: cmf0fq4m...
07:10:49.464 useMessages.ts:189 📝 Adding 0 new messages (filtered from 150), total will be: 221
07:10:49.464 useMessages.ts:189 📝 Adding 0 new messages (filtered from 150), total will be: 221
07:10:49.509 ChatWindow.tsx:309 🔓 E2EE: Successfully decrypted message content
07:10:49.509 ChatWindow.tsx:309 🔓 E2EE: Successfully decrypted message content
07:10:49.509 ChatWindow.tsx:309 🔓 E2EE: Successfully decrypted message content
07:10:49.509 ChatWindow.tsx:309 🔓 E2EE: Successfully decrypted message content
07:10:49.509 useMessages.ts:340 ✅ Bulk load completed: 8 batches loaded, found target: false
07:10:49.509 useMessages.ts:805 Bulk loading completed, falling back to incremental loading if needed
07:10:49.509 useMessages.ts:153 🔄 fetchMessages called: {cursor: 'cmf0fq4m...', limit: 100, bulkLoad: true, conversationId: 'cmeifnah...', requestKey: 'cmeifnahq003ekungumhkl6ux-cmf0fq4mg000pkuxclycponk7-100-true'}
07:10:49.509 useMessages.ts:173 🌐 Making request to: http://localhost:3000/api/messages/cmeifnahq003ekungumhkl6ux?cursor=cmf0fq4mg000pkuxclycponk7&limit=100&bulkLoad=true
07:10:49.510 ChatWindow.tsx:309 🔓 E2EE: Successfully decrypted message content
07:10:49.510 ChatWindow.tsx:309 🔓 E2EE: Successfully decrypted message content
07:10:49.563 ChatWindow.tsx:309 🔓 E2EE: Successfully decrypted message content
07:10:49.563 ChatWindow.tsx:309 🔓 E2EE: Successfully decrypted message content
07:10:49.563 ChatWindow.tsx:309 🔓 E2EE: Successfully decrypted message content
07:10:49.563 ChatWindow.tsx:309 🔓 E2EE: Successfully decrypted message content
07:10:49.563 ChatWindow.tsx:309 🔓 E2EE: Successfully decrypted message content
07:10:49.563 ChatWindow.tsx:309 🔓 E2EE: Successfully decrypted message content
07:10:49.563 ChatWindow.tsx:309 🔓 E2EE: Successfully decrypted message content
07:10:49.564 ChatWindow.tsx:309 🔓 E2EE: Successfully decrypted message content
07:10:49.564 ChatWindow.tsx:309 🔓 E2EE: Successfully decrypted message content
07:10:49.565 useMessages.ts:182 📦 Received 100 messages, nextCursor: cmf0fpzl...
07:10:49.565 useMessages.ts:189 📝 Adding 0 new messages (filtered from 100), total will be: 221
07:10:49.566 useMessages.ts:189 📝 Adding 0 new messages (filtered from 100), total will be: 221
07:10:49.613 ChatWindow.tsx:309 🔓 E2EE: Successfully decrypted message content
07:10:49.613 ChatWindow.tsx:309 🔓 E2EE: Successfully decrypted message content
07:10:49.613 ChatWindow.tsx:309 🔓 E2EE: Successfully decrypted message content
07:10:49.613 ChatWindow.tsx:309 🔓 E2EE: Successfully decrypted message content
07:10:49.613 ChatWindow.tsx:309 🔓 E2EE: Successfully decrypted message content
07:10:49.663 ChatWindow.tsx:309 🔓 E2EE: Successfully decrypted message content
07:10:49.663 ChatWindow.tsx:309 🔓 E2EE: Successfully decrypted message content
07:10:49.667 useMessages.ts:153 🔄 fetchMessages called: {cursor: 'cmf0fpzl...', limit: 100, bulkLoad: true, conversationId: 'cmeifnah...', requestKey: 'cmeifnahq003ekungumhkl6ux-cmf0fpzl1000lkuxcpseq3c75-100-true'}
07:10:49.667 useMessages.ts:173 🌐 Making request to: http://localhost:3000/api/messages/cmeifnahq003ekungumhkl6ux?cursor=cmf0fpzl1000lkuxcpseq3c75&limit=100&bulkLoad=true
07:10:49.714 ChatWindow.tsx:309 🔓 E2EE: Successfully decrypted message content
07:10:49.715 ChatWindow.tsx:309 🔓 E2EE: Successfully decrypted message content
07:10:49.715 ChatWindow.tsx:309 🔓 E2EE: Successfully decrypted message content
07:10:49.715 ChatWindow.tsx:309 🔓 E2EE: Successfully decrypted message content
07:10:49.715 ChatWindow.tsx:309 🔓 E2EE: Successfully decrypted message content
07:10:49.718 useMessages.ts:182 📦 Received 100 messages, nextCursor: cmf0fpyn...
07:10:49.718 useMessages.ts:189 📝 Adding 0 new messages (filtered from 100), total will be: 221
07:10:49.718 useMessages.ts:189 📝 Adding 0 new messages (filtered from 100), total will be: 221
07:10:49.767 ChatWindow.tsx:309 🔓 E2EE: Successfully decrypted message content
07:10:49.768 ChatWindow.tsx:309 🔓 E2EE: Successfully decrypted message content
07:10:49.768 ChatWindow.tsx:309 🔓 E2EE: Successfully decrypted message content
07:10:49.768 ChatWindow.tsx:309 🔓 E2EE: Successfully decrypted message content
07:10:49.768 ChatWindow.tsx:309 🔓 E2EE: Successfully decrypted message content
07:10:49.776 ChatWindow.tsx:309 🔓 E2EE: Successfully decrypted message content
07:10:49.777 ChatWindow.tsx:309 🔓 E2EE: Successfully decrypted message content
07:10:49.777 ChatWindow.tsx:309 🔓 E2EE: Successfully decrypted message content
07:10:49.797 ChatWindow.tsx:309 🔓 E2EE: Successfully decrypted message content
07:10:49.817 ChatWindow.tsx:309 🔓 E2EE: Successfully decrypted message content
07:10:49.819 useMessages.ts:153 🔄 fetchMessages called: {cursor: 'cmf0fpyn...', limit: 100, bulkLoad: true, conversationId: 'cmeifnah...', requestKey: 'cmeifnahq003ekungumhkl6ux-cmf0fpynb000hkuxcr9gkkn8f-100-true'}
07:10:49.819 useMessages.ts:173 🌐 Making request to: http://localhost:3000/api/messages/cmeifnahq003ekungumhkl6ux?cursor=cmf0fpynb000hkuxcr9gkkn8f&limit=100&bulkLoad=true
07:10:49.877 ChatWindow.tsx:309 🔓 E2EE: Successfully decrypted message content
07:10:49.877 ChatWindow.tsx:309 🔓 E2EE: Successfully decrypted message content
07:10:49.878 useMessages.ts:182 📦 Received 100 messages, nextCursor: cmf0fp22...
07:10:49.878 useMessages.ts:189 📝 Adding 0 new messages (filtered from 100), total will be: 221
07:10:49.878 useMessages.ts:189 📝 Adding 0 new messages (filtered from 100), total will be: 221
07:10:49.930 ChatWindow.tsx:309 🔓 E2EE: Successfully decrypted message content
07:10:49.930 ChatWindow.tsx:309 🔓 E2EE: Successfully decrypted message content
07:10:49.930 ChatWindow.tsx:309 🔓 E2EE: Successfully decrypted message content
07:10:49.930 ChatWindow.tsx:309 🔓 E2EE: Successfully decrypted message content
07:10:49.930 ChatWindow.tsx:309 🔓 E2EE: Successfully decrypted message content
07:10:49.959 ChatWindow.tsx:309 🔓 E2EE: Successfully decrypted message content
07:10:49.960 ChatWindow.tsx:309 🔓 E2EE: Successfully decrypted message content
07:10:49.961 ChatWindow.tsx:309 🔓 E2EE: Successfully decrypted message content
07:10:49.961 ChatWindow.tsx:309 🔓 E2EE: Successfully decrypted message content
07:10:49.967 ChatWindow.tsx:309 🔓 E2EE: Successfully decrypted message content
07:10:49.967 ChatWindow.tsx:309 🔓 E2EE: Successfully decrypted message content
07:10:49.967 ChatWindow.tsx:309 🔓 E2EE: Successfully decrypted message content
07:10:49.967 ChatWindow.tsx:309 🔓 E2EE: Successfully decrypted message content
07:10:49.978 useMessages.ts:153 🔄 fetchMessages called: {cursor: 'cmf0fp22...', limit: 100, bulkLoad: true, conversationId: 'cmeifnah...', requestKey: 'cmeifnahq003ekungumhkl6ux-cmf0fp22w000dkuxcmdengbck-100-true'}
07:10:49.978 useMessages.ts:173 🌐 Making request to: http://localhost:3000/api/messages/cmeifnahq003ekungumhkl6ux?cursor=cmf0fp22w000dkuxcmdengbck&limit=100&bulkLoad=true
07:10:50.026 ChatWindow.tsx:309 🔓 E2EE: Successfully decrypted message content
07:10:50.026 ChatWindow.tsx:309 🔓 E2EE: Successfully decrypted message content
07:10:50.027 ChatWindow.tsx:309 🔓 E2EE: Successfully decrypted message content
07:10:50.027 ChatWindow.tsx:309 🔓 E2EE: Successfully decrypted message content
07:10:50.027 ChatWindow.tsx:309 🔓 E2EE: Successfully decrypted message content
07:10:50.028 ChatWindow.tsx:309 🔓 E2EE: Successfully decrypted message content
07:10:50.031 ChatWindow.tsx:309 🔓 E2EE: Successfully decrypted message content
07:10:50.031 ChatWindow.tsx:309 🔓 E2EE: Successfully decrypted message content
07:10:50.031 useMessages.ts:182 📦 Received 100 messages, nextCursor: cmf0fp01...
07:10:50.031 useMessages.ts:189 📝 Adding 0 new messages (filtered from 100), total will be: 221
07:10:50.032 useMessages.ts:189 📝 Adding 0 new messages (filtered from 100), total will be: 221
07:10:50.081 ChatWindow.tsx:309 🔓 E2EE: Successfully decrypted message content
07:10:50.081 ChatWindow.tsx:309 🔓 E2EE: Successfully decrypted message content
07:10:50.118 ChatWindow.tsx:309 🔓 E2EE: Successfully decrypted message content
07:10:50.118 ChatWindow.tsx:309 🔓 E2EE: Successfully decrypted message content
07:10:50.132 useMessages.ts:153 🔄 fetchMessages called: {cursor: 'cmf0fp01...', limit: 100, bulkLoad: true, conversationId: 'cmeifnah...', requestKey: 'cmeifnahq003ekungumhkl6ux-cmf0fp01y0009kuxckv7w2nq2-100-true'}
07:10:50.132 useMessages.ts:173 🌐 Making request to: http://localhost:3000/api/messages/cmeifnahq003ekungumhkl6ux?cursor=cmf0fp01y0009kuxckv7w2nq2&limit=100&bulkLoad=true
07:10:50.180 ChatWindow.tsx:309 🔓 E2EE: Successfully decrypted message content
07:10:50.180 ChatWindow.tsx:309 🔓 E2EE: Successfully decrypted message content
07:10:50.180 ChatWindow.tsx:309 🔓 E2EE: Successfully decrypted message content
07:10:50.180 ChatWindow.tsx:309 🔓 E2EE: Successfully decrypted message content
07:10:50.180 ChatWindow.tsx:309 🔓 E2EE: Successfully decrypted message content
07:10:50.182 useMessages.ts:182 📦 Received 100 messages, nextCursor: cmf0fomj...
07:10:50.182 useMessages.ts:189 📝 Adding 0 new messages (filtered from 100), total will be: 221
07:10:50.183 useMessages.ts:189 📝 Adding 0 new messages (filtered from 100), total will be: 221
07:10:50.229 ChatWindow.tsx:309 🔓 E2EE: Successfully decrypted message content
07:10:50.230 ChatWindow.tsx:309 🔓 E2EE: Successfully decrypted message content
07:10:50.230 ChatWindow.tsx:309 🔓 E2EE: Successfully decrypted message content
07:10:50.230 ChatWindow.tsx:309 🔓 E2EE: Successfully decrypted message content
07:10:50.230 ChatWindow.tsx:309 🔓 E2EE: Successfully decrypted message content
07:10:50.231 ChatWindow.tsx:309 🔓 E2EE: Successfully decrypted message content
07:10:50.231 ChatWindow.tsx:309 🔓 E2EE: Successfully decrypted message content
07:10:50.231 ChatWindow.tsx:309 🔓 E2EE: Successfully decrypted message content
07:10:50.252 ChatWindow.tsx:309 🔓 E2EE: Successfully decrypted message content
07:10:50.272 ChatWindow.tsx:309 🔓 E2EE: Successfully decrypted message content
07:10:50.282 useMessages.ts:865 Message cmeptmxgi000xkub2vkrf8er3 not found after bulk and incremental loading
eval @ useMessages.ts:865
await in eval
onClick @ MessageBubble.tsx:635
callCallback @ react-dom.development.js:20565
invokeGuardedCallbackImpl @ react-dom.development.js:20614
invokeGuardedCallback @ react-dom.development.js:20689
invokeGuardedCallbackAndCatchFirstError @ react-dom.development.js:20703
executeDispatch @ react-dom.development.js:32128
processDispatchQueueItemsInOrder @ react-dom.development.js:32160
processDispatchQueue @ react-dom.development.js:32173
dispatchEventsForPlugins @ react-dom.development.js:32184
eval @ react-dom.development.js:32374
batchedUpdates$1 @ react-dom.development.js:24953
batchedUpdates @ react-dom.development.js:28844
dispatchEventForPluginEventSystem @ react-dom.development.js:32373
dispatchEvent @ react-dom.development.js:30141
dispatchDiscreteEvent @ react-dom.development.js:30112
07:10:50.333 ChatWindow.tsx:309 🔓 E2EE: Successfully decrypted message content
07:10:50.333 ChatWindow.tsx:309 🔓 E2EE: Successfully decrypted message content
07:10:50.345 ChatWindow.tsx:309 🔓 E2EE: Successfully decrypted message content
07:10:50.345 ChatWindow.tsx:309 🔓 E2EE: Successfully decrypted message content
07:10:50.388 ChatWindow.tsx:309 🔓 E2EE: Successfully decrypted message content
07:10:50.389 ChatWindow.tsx:309 🔓 E2EE: Successfully decrypted message content
07:10:50.389 ChatWindow.tsx:309 🔓 E2EE: Successfully decrypted message content
07:10:50.409 ChatWindow.tsx:309 🔓 E2EE: Successfully decrypted message content
07:10:50.409 ChatWindow.tsx:309 🔓 E2EE: Successfully decrypted message content
07:10:50.409 ChatWindow.tsx:309 🔓 E2EE: Successfully decrypted message content
07:10:50.409 ChatWindow.tsx:309 🔓 E2EE: Successfully decrypted message content
07:10:50.419 ChatWindow.tsx:309 🔓 E2EE: Successfully decrypted message content
07:10:50.419 ChatWindow.tsx:309 🔓 E2EE: Successfully decrypted message content
07:10:50.419 ChatWindow.tsx:309 🔓 E2EE: Successfully decrypted message content
07:10:50.420 ChatWindow.tsx:309 🔓 E2EE: Successfully decrypted message content
07:10:50.458 ChatWindow.tsx:309 🔓 E2EE: Successfully decrypted message content
07:10:50.458 ChatWindow.tsx:309 🔓 E2EE: Successfully decrypted message content
07:10:50.458 ChatWindow.tsx:309 🔓 E2EE: Successfully decrypted message content
07:10:50.468 ChatWindow.tsx:309 🔓 E2EE: Successfully decrypted message content
07:10:50.468 ChatWindow.tsx:309 🔓 E2EE: Successfully decrypted message content
07:10:50.513 ChatWindow.tsx:309 🔓 E2EE: Successfully decrypted message content
07:10:50.513 ChatWindow.tsx:309 🔓 E2EE: Successfully decrypted message content
07:10:50.514 ChatWindow.tsx:309 🔓 E2EE: Successfully decrypted message content
07:10:50.514 ChatWindow.tsx:309 🔓 E2EE: Successfully decrypted message content
07:10:50.514 ChatWindow.tsx:309 🔓 E2EE: Successfully decrypted message content
07:10:50.559 ChatWindow.tsx:309 🔓 E2EE: Successfully decrypted message content
07:10:50.560 ChatWindow.tsx:309 🔓 E2EE: Successfully decrypted message content
07:10:50.580 ChatWindow.tsx:309 🔓 E2EE: Successfully decrypted message content
07:10:50.580 ChatWindow.tsx:309 🔓 E2EE: Successfully decrypted message content
07:10:50.580 ChatWindow.tsx:309 🔓 E2EE: Successfully decrypted message content
07:10:50.590 ChatWindow.tsx:309 🔓 E2EE: Successfully decrypted message content
07:10:50.600 ChatWindow.tsx:309 🔓 E2EE: Successfully decrypted message content
07:10:50.620 ChatWindow.tsx:309 🔓 E2EE: Successfully decrypted message content
07:10:50.641 ChatWindow.tsx:309 🔓 E2EE: Successfully decrypted message content
07:10:50.641 ChatWindow.tsx:309 🔓 E2EE: Successfully decrypted message content
07:10:50.641 ChatWindow.tsx:309 🔓 E2EE: Successfully decrypted message content
07:10:50.641 ChatWindow.tsx:309 🔓 E2EE: Successfully decrypted message content
07:10:50.677 ChatWindow.tsx:309 🔓 E2EE: Successfully decrypted message content
07:10:50.677 ChatWindow.tsx:309 🔓 E2EE: Successfully decrypted message content
07:10:50.678 ChatWindow.tsx:309 🔓 E2EE: Successfully decrypted message content
07:10:50.683 ChatWindow.tsx:309 🔓 E2EE: Successfully decrypted message content
07:10:50.704 ChatWindow.tsx:309 🔓 E2EE: Successfully decrypted message content
07:10:50.755 ChatWindow.tsx:309 🔓 E2EE: Successfully decrypted message content
07:10:50.756 ChatWindow.tsx:309 🔓 E2EE: Successfully decrypted message content
07:10:50.766 ChatWindow.tsx:309 🔓 E2EE: Successfully decrypted message content
07:10:50.776 ChatWindow.tsx:309 🔓 E2EE: Successfully decrypted message content
07:10:50.786 ChatWindow.tsx:309 🔓 E2EE: Successfully decrypted message content
07:10:50.787 ChatWindow.tsx:309 🔓 E2EE: Successfully decrypted message content
07:10:50.817 ChatWindow.tsx:309 🔓 E2EE: Successfully decrypted message content
07:10:50.817 ChatWindow.tsx:309 🔓 E2EE: Successfully decrypted message content
07:10:50.857 ChatWindow.tsx:309 🔓 E2EE: Successfully decrypted message content
07:10:50.857 ChatWindow.tsx:309 🔓 E2EE: Successfully decrypted message content
07:10:50.857 ChatWindow.tsx:309 🔓 E2EE: Successfully decrypted message content
07:10:50.857 ChatWindow.tsx:309 🔓 E2EE: Successfully decrypted message content
07:10:50.857 ChatWindow.tsx:309 🔓 E2EE: Successfully decrypted message content
07:10:50.857 ChatWindow.tsx:309 🔓 E2EE: Successfully decrypted message content
07:10:50.869 ChatWindow.tsx:309 🔓 E2EE: Successfully decrypted message content
07:10:50.869 ChatWindow.tsx:309 🔓 E2EE: Successfully decrypted message content
07:10:50.869 ChatWindow.tsx:309 🔓 E2EE: Successfully decrypted message content
07:10:50.884 ChatWindow.tsx:309 🔓 E2EE: Successfully decrypted message content
07:10:50.894 ChatWindow.tsx:309 🔓 E2EE: Successfully decrypted message content
07:10:50.904 ChatWindow.tsx:309 🔓 E2EE: Successfully decrypted message content
07:10:50.904 ChatWindow.tsx:309 🔓 E2EE: Successfully decrypted message content
07:10:50.904 ChatWindow.tsx:309 🔓 E2EE: Successfully decrypted message content
07:10:50.915 ChatWindow.tsx:309 🔓 E2EE: Successfully decrypted message content
07:10:50.968 ChatWindow.tsx:309 🔓 E2EE: Successfully decrypted message content
07:10:50.968 ChatWindow.tsx:309 🔓 E2EE: Successfully decrypted message content
07:10:51.013 ChatWindow.tsx:309 🔓 E2EE: Successfully decrypted message content
07:10:51.013 ChatWindow.tsx:309 🔓 E2EE: Successfully decrypted message content
07:10:51.013 ChatWindow.tsx:309 🔓 E2EE: Successfully decrypted message content
07:10:51.014 ChatWindow.tsx:309 🔓 E2EE: Successfully decrypted message content
07:10:51.029 ChatWindow.tsx:309 🔓 E2EE: Successfully decrypted message content
07:10:51.040 ChatWindow.tsx:309 🔓 E2EE: Successfully decrypted message content
07:10:51.060 ChatWindow.tsx:309 🔓 E2EE: Successfully decrypted message content
07:10:51.060 ChatWindow.tsx:309 🔓 E2EE: Successfully decrypted message content
07:10:51.060 ChatWindow.tsx:309 🔓 E2EE: Successfully decrypted message content
07:10:51.092 ChatWindow.tsx:309 🔓 E2EE: Successfully decrypted message content
07:10:51.092 ChatWindow.tsx:309 🔓 E2EE: Successfully decrypted message content
07:10:51.092 ChatWindow.tsx:309 🔓 E2EE: Successfully decrypted message content
07:10:51.092 ChatWindow.tsx:309 🔓 E2EE: Successfully decrypted message content
07:10:51.110 ChatWindow.tsx:309 🔓 E2EE: Successfully decrypted message content
07:10:51.161 ChatWindow.tsx:309 🔓 E2EE: Successfully decrypted message content
07:10:51.162 ChatWindow.tsx:309 🔓 E2EE: Successfully decrypted message content
07:10:51.172 ChatWindow.tsx:309 🔓 E2EE: Successfully decrypted message content
07:10:51.182 ChatWindow.tsx:309 🔓 E2EE: Successfully decrypted message content
07:10:51.192 ChatWindow.tsx:309 🔓 E2EE: Successfully decrypted message content
07:10:51.192 ChatWindow.tsx:309 🔓 E2EE: Successfully decrypted message content
07:10:51.223 ChatWindow.tsx:309 🔓 E2EE: Successfully decrypted message content
07:10:51.224 ChatWindow.tsx:309 🔓 E2EE: Successfully decrypted message content
07:10:51.224 ChatWindow.tsx:309 🔓 E2EE: Successfully decrypted message content
07:10:51.234 ChatWindow.tsx:309 🔓 E2EE: Successfully decrypted message content
07:10:51.234 ChatWindow.tsx:309 🔓 E2EE: Successfully decrypted message content
07:10:51.234 ChatWindow.tsx:309 🔓 E2EE: Successfully decrypted message content
07:10:51.234 ChatWindow.tsx:309 🔓 E2EE: Successfully decrypted message content
07:10:51.273 ChatWindow.tsx:309 🔓 E2EE: Successfully decrypted message content
07:10:51.273 ChatWindow.tsx:309 🔓 E2EE: Successfully decrypted message content
07:10:51.273 ChatWindow.tsx:309 🔓 E2EE: Successfully decrypted message content
07:10:51.276 ChatWindow.tsx:309 🔓 E2EE: Successfully decrypted message content
07:10:51.286 ChatWindow.tsx:309 🔓 E2EE: Successfully decrypted message content
07:10:51.297 ChatWindow.tsx:309 🔓 E2EE: Successfully decrypted message content
07:10:51.297 ChatWindow.tsx:309 🔓 E2EE: Successfully decrypted message content
07:10:51.297 ChatWindow.tsx:309 🔓 E2EE: Successfully decrypted message content
07:10:51.297 ChatWindow.tsx:309 🔓 E2EE: Successfully decrypted message content
07:10:51.348 ChatWindow.tsx:309 🔓 E2EE: Successfully decrypted message content
07:10:51.369 ChatWindow.tsx:309 🔓 E2EE: Successfully decrypted message content
07:10:51.369 ChatWindow.tsx:309 🔓 E2EE: Successfully decrypted message content
07:10:51.369 ChatWindow.tsx:309 🔓 E2EE: Successfully decrypted message content
07:10:51.379 ChatWindow.tsx:309 🔓 E2EE: Successfully decrypted message content
07:10:51.389 ChatWindow.tsx:309 🔓 E2EE: Successfully decrypted message content
07:10:51.428 ChatWindow.tsx:309 🔓 E2EE: Successfully decrypted message content
07:10:51.443 ChatWindow.tsx:309 🔓 E2EE: Successfully decrypted message content
07:10:51.443 ChatWindow.tsx:309 🔓 E2EE: Successfully decrypted message content
07:10:51.447 ChatWindow.tsx:309 🔓 E2EE: Successfully decrypted message content
07:10:51.448 ChatWindow.tsx:309 🔓 E2EE: Successfully decrypted message content
07:10:51.448 ChatWindow.tsx:309 🔓 E2EE: Successfully decrypted message content
07:10:51.462 ChatWindow.tsx:309 🔓 E2EE: Successfully decrypted message content
07:10:51.472 ChatWindow.tsx:309 🔓 E2EE: Successfully decrypted message content
07:10:51.523  🔓 E2EE: Successfully decrypted message content
07:10:51.524  🔓 E2EE: Successfully decrypted message content
07:10:51.534  🔓 E2EE: Successfully decrypted message content
07:10:51.544  🔓 E2EE: Successfully decrypted message content
07:10:51.544  🔓 E2EE: Successfully decrypted message content
07:10:51.544  🔓 E2EE: Successfully decrypted message content
07:10:51.574  🔓 E2EE: Successfully decrypted message content
07:10:51.575  🔓 E2EE: Successfully decrypted message content
07:10:51.575  🔓 E2EE: Successfully decrypted message content
07:10:51.610  🔓 E2EE: Successfully decrypted message content
07:10:51.610  🔓 E2EE: Successfully decrypted message content
07:10:51.610  🔓 E2EE: Successfully decrypted message content
07:10:51.617  🔓 E2EE: Successfully decrypted message content
07:10:51.617  🔓 E2EE: Successfully decrypted message content
07:10:51.617  🔓 E2EE: Successfully decrypted message content
07:10:51.627  🔓 E2EE: Successfully decrypted message content
07:10:51.628  🔓 E2EE: Successfully decrypted message content
07:10:51.638  🔓 E2EE: Successfully decrypted message content
07:10:51.638  🔓 E2EE: Successfully decrypted message content
07:10:51.638  🔓 E2EE: Successfully decrypted message content
07:10:51.691  🔓 E2EE: Successfully decrypted message content
07:10:51.712  🔓 E2EE: Successfully decrypted message content
07:10:51.713  🔓 E2EE: Successfully decrypted message content
07:10:51.713  🔓 E2EE: Successfully decrypted message content
07:10:51.756  🔓 E2EE: Successfully decrypted message content
07:10:51.756  🔓 E2EE: Successfully decrypted message content
07:10:51.775  🔓 E2EE: Successfully decrypted message content
07:10:51.775  🔓 E2EE: Successfully decrypted message content
07:10:51.776  🔓 E2EE: Successfully decrypted message content
07:10:51.776  🔓 E2EE: Successfully decrypted message content
07:10:51.776  🔓 E2EE: Successfully decrypted message content
07:10:51.796  🔓 E2EE: Successfully decrypted message content
07:10:51.837  🔓 E2EE: Successfully decrypted message content
07:10:51.858  🔓 E2EE: Successfully decrypted message content
07:10:51.858  🔓 E2EE: Successfully decrypted message content
07:10:51.868  🔓 E2EE: Successfully decrypted message content
07:10:51.879  🔓 E2EE: Successfully decrypted message content
07:10:51.879  🔓 E2EE: Successfully decrypted message content
07:10:51.879  🔓 E2EE: Successfully decrypted message content
07:10:51.909  🔓 E2EE: Successfully decrypted message content
07:10:51.909  🔓 E2EE: Successfully decrypted message content
07:10:51.919  🔓 E2EE: Successfully decrypted message content
07:10:51.920  🔓 E2EE: Successfully decrypted message content
07:10:51.920  🔓 E2EE: Successfully decrypted message content
07:10:51.940  🔓 E2EE: Successfully decrypted message content
07:10:51.940  🔓 E2EE: Successfully decrypted message content
07:10:51.940  🔓 E2EE: Successfully decrypted message content
07:10:51.983  🔓 E2EE: Successfully decrypted message content
07:10:51.983  🔓 E2EE: Successfully decrypted message content
07:10:51.983  🔓 E2EE: Successfully decrypted message content
07:10:51.984  🔓 E2EE: Successfully decrypted message content
07:10:51.984  🔓 E2EE: Successfully decrypted message content
07:10:52.014  🔓 E2EE: Successfully decrypted message content
07:10:52.025  🔓 E2EE: Successfully decrypted message content
07:10:52.025  🔓 E2EE: Successfully decrypted message content
07:10:52.035  🔓 E2EE: Successfully decrypted message content
07:10:52.066  🔓 E2EE: Successfully decrypted message content
07:10:52.087  🔓 E2EE: Successfully decrypted message content
07:10:52.087  🔓 E2EE: Successfully decrypted message content
07:10:52.087  🔓 E2EE: Successfully decrypted message content
07:10:52.087  🔓 E2EE: Successfully decrypted message content
07:10:52.087  🔓 E2EE: Successfully decrypted message content
07:10:52.118  🔓 E2EE: Successfully decrypted message content
07:10:52.160  🔓 E2EE: Successfully decrypted message content
07:10:52.160  🔓 E2EE: Successfully decrypted message content
07:10:52.170  🔓 E2EE: Successfully decrypted message content
07:10:52.181  🔓 E2EE: Successfully decrypted message content
07:10:52.181  🔓 E2EE: Successfully decrypted message content
07:10:52.181  🔓 E2EE: Successfully decrypted message content
07:10:52.213  🔓 E2EE: Successfully decrypted message content
07:10:52.213  🔓 E2EE: Successfully decrypted message content
07:10:52.223  🔓 E2EE: Successfully decrypted message content
07:10:52.223  🔓 E2EE: Successfully decrypted message content
07:10:52.223  🔓 E2EE: Successfully decrypted message content
07:10:52.244  🔓 E2EE: Successfully decrypted message content
07:10:52.244  🔓 E2EE: Successfully decrypted message content
07:10:52.255  🔓 E2EE: Successfully decrypted message content
07:10:52.255  🔓 E2EE: Successfully decrypted message content
07:10:52.265  🔓 E2EE: Successfully decrypted message content
07:10:52.265  🔓 E2EE: Successfully decrypted message content
07:10:52.265  🔓 E2EE: Successfully decrypted message content
07:10:52.317  🔓 E2EE: Successfully decrypted message content
07:10:52.327  🔓 E2EE: Successfully decrypted message content
07:10:52.327  🔓 E2EE: Successfully decrypted message content
07:10:52.337  🔓 E2EE: Successfully decrypted message content
07:10:52.368  🔓 E2EE: Successfully decrypted message content
07:10:52.389  🔓 E2EE: Successfully decrypted message content
07:10:52.389  🔓 E2EE: Successfully decrypted message content
07:10:52.389  🔓 E2EE: Successfully decrypted message content
07:10:52.390  🔓 E2EE: Successfully decrypted message content
07:10:52.390  🔓 E2EE: Successfully decrypted message content
07:10:52.420  🔓 E2EE: Successfully decrypted message content
07:10:52.461  🔓 E2EE: Successfully decrypted message content
07:10:52.461  🔓 E2EE: Successfully decrypted message content
07:10:52.471  🔓 E2EE: Successfully decrypted message content
07:10:52.482  🔓 E2EE: Successfully decrypted message content
07:10:52.482  🔓 E2EE: Successfully decrypted message content
07:10:52.482  🔓 E2EE: Successfully decrypted message content
07:10:52.512  🔓 E2EE: Successfully decrypted message content
07:10:52.513  🔓 E2EE: Successfully decrypted message content
07:10:52.523  🔓 E2EE: Successfully decrypted message content
07:10:52.523  🔓 E2EE: Successfully decrypted message content
07:10:52.523  🔓 E2EE: Successfully decrypted message content
07:10:52.566  🔓 E2EE: Successfully decrypted message content
07:10:52.566  🔓 E2EE: Successfully decrypted message content
07:10:52.566  🔓 E2EE: Successfully decrypted message content
07:10:52.566  🔓 E2EE: Successfully decrypted message content
07:10:52.566  🔓 E2EE: Successfully decrypted message content
07:10:52.566  🔓 E2EE: Successfully decrypted message content
07:10:52.566  🔓 E2EE: Successfully decrypted message content
07:10:52.616  🔓 E2EE: Successfully decrypted message content
07:10:52.656  🔓 E2EE: Successfully decrypted message content
07:10:52.656  🔓 E2EE: Successfully decrypted message content
07:10:52.656  🔓 E2EE: Successfully decrypted message content
07:10:52.679  🔓 E2EE: Successfully decrypted message content
07:10:52.695  🔓 E2EE: Successfully decrypted message content
07:10:52.695  🔓 E2EE: Successfully decrypted message content
07:10:52.695  🔓 E2EE: Successfully decrypted message content
07:10:52.695  🔓 E2EE: Successfully decrypted message content
07:10:52.695  🔓 E2EE: Successfully decrypted message content
07:10:52.729  🔓 E2EE: Successfully decrypted message content
07:10:52.756  🔓 E2EE: Successfully decrypted message content
07:10:52.756  🔓 E2EE: Successfully decrypted message content
07:10:52.792  🔓 E2EE: Successfully decrypted message content
07:10:52.792  🔓 E2EE: Successfully decrypted message content
07:10:52.792  🔓 E2EE: Successfully decrypted message content
07:10:52.792  🔓 E2EE: Successfully decrypted message content
07:10:52.807  🔓 E2EE: Successfully decrypted message content
07:10:52.807  🔓 E2EE: Successfully decrypted message content
07:10:52.807  🔓 E2EE: Successfully decrypted message content
07:10:52.808  🔓 E2EE: Successfully decrypted message content
07:10:52.847  🔓 E2EE: Successfully decrypted message content
07:10:52.847  🔓 E2EE: Successfully decrypted message content
07:10:52.848  🔓 E2EE: Successfully decrypted message content
07:10:52.848  🔓 E2EE: Successfully decrypted message content
07:10:52.852  🔓 E2EE: Successfully decrypted message content
07:10:52.852  🔓 E2EE: Successfully decrypted message content
07:10:52.852  🔓 E2EE: Successfully decrypted message content
07:10:52.923  🔓 E2EE: Successfully decrypted message content
07:10:52.923  🔓 E2EE: Successfully decrypted message content
07:10:52.923  🔓 E2EE: Successfully decrypted message content
07:10:52.935  🔓 E2EE: Successfully decrypted message content
07:10:52.969  🔓 E2EE: Successfully decrypted message content
07:10:52.969  🔓 E2EE: Successfully decrypted message content
07:10:52.969  🔓 E2EE: Successfully decrypted message content
07:10:52.969  🔓 E2EE: Successfully decrypted message content
07:10:52.987  🔓 E2EE: Successfully decrypted message content
07:10:53.022  🔓 E2EE: Successfully decrypted message content
07:10:53.022  🔓 E2EE: Successfully decrypted message content
07:10:53.030  🔓 E2EE: Successfully decrypted message content
07:10:53.030  🔓 E2EE: Successfully decrypted message content
07:10:53.030  🔓 E2EE: Successfully decrypted message content
07:10:53.051  🔓 E2EE: Successfully decrypted message content
07:10:53.051  🔓 E2EE: Successfully decrypted message content
07:10:53.051  🔓 E2EE: Successfully decrypted message content
07:10:53.089  🔓 E2EE: Successfully decrypted message content
07:10:53.089  🔓 E2EE: Successfully decrypted message content
07:10:53.089  🔓 E2EE: Successfully decrypted message content
07:10:53.089  🔓 E2EE: Successfully decrypted message content
07:10:53.089  🔓 E2EE: Successfully decrypted message content
07:10:53.089  🔓 E2EE: Successfully decrypted message content
07:10:53.137  🔓 E2EE: Successfully decrypted message content
07:10:53.137  🔓 E2EE: Successfully decrypted message content
07:10:53.138  🔓 E2EE: Successfully decrypted message content
07:10:53.177  🔓 E2EE: Successfully decrypted message content
07:10:53.177  🔓 E2EE: Successfully decrypted message content
07:10:53.177  🔓 E2EE: Successfully decrypted message content
07:10:53.177  🔓 E2EE: Successfully decrypted message content
07:10:53.222  🔓 E2EE: Successfully decrypted message content
07:10:53.232  🔓 E2EE: Successfully decrypted message content
07:10:53.242  🔓 E2EE: Successfully decrypted message content
07:10:53.242  🔓 E2EE: Successfully decrypted message content
07:10:53.243  🔓 E2EE: Successfully decrypted message content
07:10:53.277  🔓 E2EE: Successfully decrypted message content
07:10:53.277  🔓 E2EE: Successfully decrypted message content
07:10:53.277  🔓 E2EE: Successfully decrypted message content
07:10:53.277  🔓 E2EE: Successfully decrypted message content
07:10:53.284  🔓 E2EE: Successfully decrypted message content
07:10:53.285  🔓 E2EE: Successfully decrypted message content
07:10:53.285  🔓 E2EE: Successfully decrypted message content
07:10:53.321  🔓 E2EE: Successfully decrypted message content
07:10:53.321  🔓 E2EE: Successfully decrypted message content
07:10:53.328  🔓 E2EE: Successfully decrypted message content
07:10:53.357  🔓 E2EE: Successfully decrypted message content
07:10:53.357  🔓 E2EE: Successfully decrypted message content
07:10:53.357  🔓 E2EE: Successfully decrypted message content
07:10:53.398  🔓 E2EE: Successfully decrypted message content
07:10:53.408  🔓 E2EE: Successfully decrypted message content
07:10:53.408  🔓 E2EE: Successfully decrypted message content
07:10:53.408  🔓 E2EE: Successfully decrypted message content
07:10:53.419  🔓 E2EE: Successfully decrypted message content
07:10:53.419  🔓 E2EE: Successfully decrypted message content
07:10:53.439  🔓 E2EE: Successfully decrypted message content
07:10:53.439  🔓 E2EE: Successfully decrypted message content
07:10:53.450  🔓 E2EE: Successfully decrypted message content
07:10:53.450  🔓 E2EE: Successfully decrypted message content
07:10:53.481  🔓 E2EE: Successfully decrypted message content
07:10:53.481  🔓 E2EE: Successfully decrypted message content
07:10:53.491  🔓 E2EE: Successfully decrypted message content
07:10:53.522  🔓 E2EE: Successfully decrypted message content
07:10:53.522  🔓 E2EE: Successfully decrypted message content
07:10:53.522  🔓 E2EE: Successfully decrypted message content
07:10:53.565  🔓 E2EE: Successfully decrypted message content
07:10:53.573  🔓 E2EE: Successfully decrypted message content
07:10:53.573  🔓 E2EE: Successfully decrypted message content
07:10:53.573  🔓 E2EE: Successfully decrypted message content
07:10:53.612  🔓 E2EE: Successfully decrypted message content
07:10:53.612  🔓 E2EE: Successfully decrypted message content
07:10:53.612  🔓 E2EE: Successfully decrypted message content
07:10:53.612  🔓 E2EE: Successfully decrypted message content
07:10:53.657  🔓 E2EE: Successfully decrypted message content
07:10:53.657  🔓 E2EE: Successfully decrypted message content
07:10:53.674  🔓 E2EE: Successfully decrypted message content
07:10:53.674  🔓 E2EE: Successfully decrypted message content
07:10:53.706  🔓 E2EE: Successfully decrypted message content
07:10:53.706  🔓 E2EE: Successfully decrypted message content
07:10:53.706  🔓 E2EE: Successfully decrypted message content
07:10:53.744  🔓 E2EE: Successfully decrypted message content
07:10:53.744  🔓 E2EE: Successfully decrypted message content
07:10:53.744  🔓 E2EE: Successfully decrypted message content
07:10:53.744  🔓 E2EE: Successfully decrypted message content
07:10:53.744  🔓 E2EE: Successfully decrypted message content
07:10:53.782  🔓 E2EE: Successfully decrypted message content
07:10:53.782  🔓 E2EE: Successfully decrypted message content
07:10:53.782  🔓 E2EE: Successfully decrypted message content
07:10:53.831  🔓 E2EE: Successfully decrypted message content
07:10:53.831  🔓 E2EE: Successfully decrypted message content
07:10:53.882  🔓 E2EE: Successfully decrypted message content
07:10:53.882  🔓 E2EE: Successfully decrypted message content
07:10:53.882  🔓 E2EE: Successfully decrypted message content
07:10:53.920  🔓 E2EE: Successfully decrypted message content
07:10:53.965  🔓 E2EE: Successfully decrypted message content
07:10:53.969  🔓 E2EE: Successfully decrypted message content
07:10:53.969  🔓 E2EE: Successfully decrypted message content
07:10:53.988  🔓 E2EE: Successfully decrypted message content
07:10:54.015  🔓 E2EE: Successfully decrypted message content
07:10:54.015  🔓 E2EE: Successfully decrypted message content
07:10:54.025  🔓 E2EE: Successfully decrypted message content
07:10:54.046  🔓 E2EE: Successfully decrypted message content
07:10:54.046  🔓 E2EE: Successfully decrypted message content
07:10:54.056  🔓 E2EE: Successfully decrypted message content
07:10:54.077  🔓 E2EE: Successfully decrypted message content
07:10:54.077  🔓 E2EE: Successfully decrypted message content
07:10:54.087  🔓 E2EE: Successfully decrypted message content
07:10:54.107  🔓 E2EE: Successfully decrypted message content
07:10:54.107  🔓 E2EE: Successfully decrypted message content
07:10:54.118  🔓 E2EE: Successfully decrypted message content
07:10:54.138  🔓 E2EE: Successfully decrypted message content
07:10:54.139  🔓 E2EE: Successfully decrypted message content
07:10:54.149  🔓 E2EE: Successfully decrypted message content
07:10:54.170  🔓 E2EE: Successfully decrypted message content
07:10:54.170  🔓 E2EE: Successfully decrypted message content
07:10:54.214  🔓 E2EE: Successfully decrypted message content
07:10:54.224  🔓 E2EE: Successfully decrypted message content
07:10:54.235  🔓 E2EE: Successfully decrypted message content
07:10:54.245  🔓 E2EE: Successfully decrypted message content
07:10:54.256  🔓 E2EE: Successfully decrypted message content
07:10:54.267  🔓 E2EE: Successfully decrypted message content
07:10:54.277  🔓 E2EE: Successfully decrypted message content
07:10:54.318  🔓 E2EE: Successfully decrypted message content
07:10:58.371  NotificationContext: Window blurred
07:10:58.413  🧹 GlobalNotificationListener: Cleaning up socket listener for new-notification
07:10:58.413  🌐 GlobalNotificationListener: useEffect triggered {hasSocket: true, hasSession: true, socketConnected: true, socketId: 'qo5EZBDMWaoHB2NrAAAT'}
07:10:58.413  🚀 GlobalNotificationListener: Setting up global socket listeners for user: cmeifml0h001okung0i95m8s6
07:10:58.414  🔄 GlobalNotificationListener: Re-emitted join-user-room for safety
07:10:58.414  ✅ GlobalNotificationListener: Socket listener registered for new-notification events
07:10:58.414  SocketContext: Window blurred, sending pre-blur heartbeat
07:11:00.420  SocketContext: Heartbeat sent successfully
