16:13:35.476 638-11434f29ed368fce.js:1 🔐 E2EE: Initializing libsignal-client...
16:13:35.477 638-11434f29ed368fce.js:1 🔐 SignalClient: Attempting to load native libsignal-client...
16:13:35.477 638-11434f29ed368fce.js:1 🔐 SignalClient: Checking browser environment for native support...
16:13:35.477 638-11434f29ed368fce.js:1 🔐 SignalClient: Browser capabilities: {hasWebAssembly: true, hasSharedArrayBuffer: true, hasWasm: true, userAgent: 'Mozilla/5.0 (Windows NT 10.0; Win64; x64) AppleWeb', crossOriginIsolated: true}
16:13:35.481 layout-d9ae9f9ff0cd665e.js:1 🌐 GlobalNotificationListener: useEffect triggered {hasSocket: false, hasSession: false, socketConnected: undefined, socketId: undefined}
16:13:35.482 layout-d9ae9f9ff0cd665e.js:1 GlobalNotificationListener: Waiting for socket connection and user session {socket: false, session: false, socketConnected: undefined}
16:13:35.483 638-11434f29ed368fce.js:1 🎵 Setting up user interaction listeners for audio enablement...
16:13:35.484 638-11434f29ed368fce.js:1 🎵 User interaction listeners added for: click, touchstart, keydown, mousedown
16:13:35.493 layout-d9ae9f9ff0cd665e.js:1 🌐 GlobalNotificationListener: useEffect triggered {hasSocket: false, hasSession: false, socketConnected: undefined, socketId: undefined}
16:13:35.494 layout-d9ae9f9ff0cd665e.js:1 GlobalNotificationListener: Waiting for socket connection and user session {socket: false, session: false, socketConnected: undefined}
16:13:35.525 638-11434f29ed368fce.js:1 🔐 SignalClient: Native loading failed, falling back to shim: Cannot find module 'node-gyp-build'
o @ 638-11434f29ed368fce.js:1
await in o
c @ 638-11434f29ed368fce.js:1
(anonymous) @ 638-11434f29ed368fce.js:1
(anonymous) @ 638-11434f29ed368fce.js:1
aW @ fd9d1056-7acf5ff0c83da7db.js:1
oe @ fd9d1056-7acf5ff0c83da7db.js:1
ol @ fd9d1056-7acf5ff0c83da7db.js:1
or @ fd9d1056-7acf5ff0c83da7db.js:1
ol @ fd9d1056-7acf5ff0c83da7db.js:1
or @ fd9d1056-7acf5ff0c83da7db.js:1
ol @ fd9d1056-7acf5ff0c83da7db.js:1
or @ fd9d1056-7acf5ff0c83da7db.js:1
ol @ fd9d1056-7acf5ff0c83da7db.js:1
or @ fd9d1056-7acf5ff0c83da7db.js:1
ol @ fd9d1056-7acf5ff0c83da7db.js:1
or @ fd9d1056-7acf5ff0c83da7db.js:1
ol @ fd9d1056-7acf5ff0c83da7db.js:1
or @ fd9d1056-7acf5ff0c83da7db.js:1
ol @ fd9d1056-7acf5ff0c83da7db.js:1
or @ fd9d1056-7acf5ff0c83da7db.js:1
ol @ fd9d1056-7acf5ff0c83da7db.js:1
or @ fd9d1056-7acf5ff0c83da7db.js:1
ol @ fd9d1056-7acf5ff0c83da7db.js:1
or @ fd9d1056-7acf5ff0c83da7db.js:1
ol @ fd9d1056-7acf5ff0c83da7db.js:1
or @ fd9d1056-7acf5ff0c83da7db.js:1
ol @ fd9d1056-7acf5ff0c83da7db.js:1
or @ fd9d1056-7acf5ff0c83da7db.js:1
ol @ fd9d1056-7acf5ff0c83da7db.js:1
or @ fd9d1056-7acf5ff0c83da7db.js:1
ol @ fd9d1056-7acf5ff0c83da7db.js:1
or @ fd9d1056-7acf5ff0c83da7db.js:1
ol @ fd9d1056-7acf5ff0c83da7db.js:1
or @ fd9d1056-7acf5ff0c83da7db.js:1
ol @ fd9d1056-7acf5ff0c83da7db.js:1
or @ fd9d1056-7acf5ff0c83da7db.js:1
ol @ fd9d1056-7acf5ff0c83da7db.js:1
or @ fd9d1056-7acf5ff0c83da7db.js:1
ol @ fd9d1056-7acf5ff0c83da7db.js:1
or @ fd9d1056-7acf5ff0c83da7db.js:1
ol @ fd9d1056-7acf5ff0c83da7db.js:1
or @ fd9d1056-7acf5ff0c83da7db.js:1
ol @ fd9d1056-7acf5ff0c83da7db.js:1
or @ fd9d1056-7acf5ff0c83da7db.js:1
ol @ fd9d1056-7acf5ff0c83da7db.js:1
or @ fd9d1056-7acf5ff0c83da7db.js:1
ol @ fd9d1056-7acf5ff0c83da7db.js:1
or @ fd9d1056-7acf5ff0c83da7db.js:1
ol @ fd9d1056-7acf5ff0c83da7db.js:1
or @ fd9d1056-7acf5ff0c83da7db.js:1
ol @ fd9d1056-7acf5ff0c83da7db.js:1
or @ fd9d1056-7acf5ff0c83da7db.js:1
ol @ fd9d1056-7acf5ff0c83da7db.js:1
or @ fd9d1056-7acf5ff0c83da7db.js:1
ol @ fd9d1056-7acf5ff0c83da7db.js:1
or @ fd9d1056-7acf5ff0c83da7db.js:1
ol @ fd9d1056-7acf5ff0c83da7db.js:1
or @ fd9d1056-7acf5ff0c83da7db.js:1
ol @ fd9d1056-7acf5ff0c83da7db.js:1
or @ fd9d1056-7acf5ff0c83da7db.js:1
ol @ fd9d1056-7acf5ff0c83da7db.js:1
or @ fd9d1056-7acf5ff0c83da7db.js:1
ol @ fd9d1056-7acf5ff0c83da7db.js:1
or @ fd9d1056-7acf5ff0c83da7db.js:1
ol @ fd9d1056-7acf5ff0c83da7db.js:1
or @ fd9d1056-7acf5ff0c83da7db.js:1
ol @ fd9d1056-7acf5ff0c83da7db.js:1
or @ fd9d1056-7acf5ff0c83da7db.js:1
ol @ fd9d1056-7acf5ff0c83da7db.js:1
or @ fd9d1056-7acf5ff0c83da7db.js:1
ol @ fd9d1056-7acf5ff0c83da7db.js:1
or @ fd9d1056-7acf5ff0c83da7db.js:1
ol @ fd9d1056-7acf5ff0c83da7db.js:1
id @ fd9d1056-7acf5ff0c83da7db.js:1
o @ fd9d1056-7acf5ff0c83da7db.js:1
T @ 117-95e74743b4de7ddb.js:1
16:13:35.525 638-11434f29ed368fce.js:1 🔐 SignalClient: Creating browser-compatible shim...
16:13:35.525 638-11434f29ed368fce.js:1 🔐 SignalClient: Using browser-compatible shim implementation
16:13:35.525 638-11434f29ed368fce.js:1 🔐 E2EE: libsignal-client successfully loaded
16:13:35.525 638-11434f29ed368fce.js:1 🔐 SignalClient Status: {available: true, error: null, features: Array(8), isShim: true, timestamp: '2025-09-17T08:13:35.525Z'}
16:13:35.525 638-11434f29ed368fce.js:1 🔐 E2EE: Using browser shim - providing basic encryption only
16:13:35.898 page-7a89d7867f156a09.js:1 🏠 ChatWindow mounted/re-rendered with conversationId: null
16:13:35.904 layout-d9ae9f9ff0cd665e.js:1 🌐 GlobalNotificationListener: useEffect triggered {hasSocket: false, hasSession: true, socketConnected: undefined, socketId: undefined}
16:13:35.904 layout-d9ae9f9ff0cd665e.js:1 GlobalNotificationListener: Waiting for socket connection and user session {socket: false, session: true, socketConnected: undefined}
16:13:35.904 638-11434f29ed368fce.js:1 🔐 E2EE: Initializing libsignal-client...
16:13:35.905 page-7a89d7867f156a09.js:1 🔍 fetchConversations: Starting fetch with session: {hasSession: true, userId: 'cmetc9zvw0000lx0fvjdkcng1', userEmail: 'zei07@gmail.test'}
16:13:35.906 page-7a89d7867f156a09.js:1 useConversations: Socket not fully available yet for event listeners {socket: false, isFullyInitialized: false}
16:13:35.907 638-11434f29ed368fce.js:1 🔐 E2EE: Initializing libsignal-client...
16:13:35.910 page-7a89d7867f156a09.js:1 ChatSidebar: Conversations updated, count: 0
16:13:35.910 page-7a89d7867f156a09.js:1 ChatSidebar: Socket state - connected: false initialized: false
16:13:35.911 page-7a89d7867f156a09.js:1 🚫 ChatSidebar: Blocked users changed, count: 0
16:13:35.912 page-7a89d7867f156a09.js:1 🚫 ChatSidebar: Blocked user IDs: []
16:13:35.912 page-7a89d7867f156a09.js:1 🚫 ChatSidebar: Users who blocked us, count: 0
16:13:35.912 page-7a89d7867f156a09.js:1 🚫 ChatSidebar: Blocker user IDs: []
16:13:35.913 638-11434f29ed368fce.js:1 🔐 E2EE: Initializing libsignal-client...
16:13:35.913 page-7a89d7867f156a09.js:1 🔍 fetchConversations: Starting fetch with session: {hasSession: true, userId: 'cmetc9zvw0000lx0fvjdkcng1', userEmail: 'zei07@gmail.test'}
16:13:35.914 page-7a89d7867f156a09.js:1 useConversations: Socket not fully available yet for event listeners {socket: false, isFullyInitialized: false}
16:13:35.914 638-11434f29ed368fce.js:1 🔐 E2EE: Initializing libsignal-client...
16:13:35.916 page-7a89d7867f156a09.js:1 ⚠️ Messages container ref not found when trying to attach scroll listener
16:13:35.916 638-11434f29ed368fce.js:1 🔐 E2EE: Initializing libsignal-client...
16:13:35.917 page-7a89d7867f156a09.js:1 🔍 fetchConversations: Starting fetch with session: {hasSession: true, userId: 'cmetc9zvw0000lx0fvjdkcng1', userEmail: 'zei07@gmail.test'}
16:13:35.917 page-7a89d7867f156a09.js:1 useConversations: Socket not fully available yet for event listeners {socket: false, isFullyInitialized: false}
16:13:35.918 742-f5e44fb4de89ca72.js:1 User ID changed from null to cmetc9zvw0000lx0fvjdkcng1
16:13:35.918 638-11434f29ed368fce.js:1 🔐 E2EE: libsignal-client successfully loaded
16:13:35.918 638-11434f29ed368fce.js:1 🔐 SignalClient Status: {available: true, error: null, features: Array(8), isShim: true, timestamp: '2025-09-17T08:13:35.918Z'}
16:13:35.918 638-11434f29ed368fce.js:1 🔐 E2EE: Using browser shim - providing basic encryption only
16:13:35.919 638-11434f29ed368fce.js:1 🔐 E2EE: libsignal-client successfully loaded
16:13:35.919 638-11434f29ed368fce.js:1 🔐 SignalClient Status: {available: true, error: null, features: Array(8), isShim: true, timestamp: '2025-09-17T08:13:35.919Z'}
16:13:35.919 638-11434f29ed368fce.js:1 🔐 E2EE: Using browser shim - providing basic encryption only
16:13:35.919 638-11434f29ed368fce.js:1 🔐 E2EE: libsignal-client successfully loaded
16:13:35.919 638-11434f29ed368fce.js:1 🔐 SignalClient Status: {available: true, error: null, features: Array(8), isShim: true, timestamp: '2025-09-17T08:13:35.919Z'}
16:13:35.919 638-11434f29ed368fce.js:1 🔐 E2EE: Using browser shim - providing basic encryption only
16:13:35.919 638-11434f29ed368fce.js:1 🔐 E2EE: libsignal-client successfully loaded
16:13:35.919 638-11434f29ed368fce.js:1 🔐 SignalClient Status: {available: true, error: null, features: Array(8), isShim: true, timestamp: '2025-09-17T08:13:35.919Z'}
16:13:35.920 638-11434f29ed368fce.js:1 🔐 E2EE: Using browser shim - providing basic encryption only
16:13:35.920 638-11434f29ed368fce.js:1 🔐 E2EE: libsignal-client successfully loaded
16:13:35.920 638-11434f29ed368fce.js:1 🔐 SignalClient Status: {available: true, error: null, features: Array(8), isShim: true, timestamp: '2025-09-17T08:13:35.920Z'}
16:13:35.920 638-11434f29ed368fce.js:1 🔐 E2EE: Using browser shim - providing basic encryption only
16:13:35.921 page-7a89d7867f156a09.js:1 🔄 ChatSidebar: Immediate conversation refresh trigger
16:13:35.922 page-7a89d7867f156a09.js:1 🏠 ChatWindow mounted/re-rendered with conversationId: null
16:13:35.923 layout-d9ae9f9ff0cd665e.js:1 🌐 GlobalNotificationListener: useEffect triggered {hasSocket: false, hasSession: true, socketConnected: undefined, socketId: undefined}
16:13:35.924 layout-d9ae9f9ff0cd665e.js:1 GlobalNotificationListener: Waiting for socket connection and user session {socket: false, session: true, socketConnected: undefined}
16:13:35.924 742-f5e44fb4de89ca72.js:1 Initializing Socket.IO client connection for user: cmetc9zvw0000lx0fvjdkcng1
16:13:35.931 page-7a89d7867f156a09.js:1 🏠 ChatWindow mounted/re-rendered with conversationId: null
16:13:35.932 layout-d9ae9f9ff0cd665e.js:1 🌐 GlobalNotificationListener: useEffect triggered {hasSocket: true, hasSession: true, socketConnected: false, socketId: undefined}
16:13:35.932 layout-d9ae9f9ff0cd665e.js:1 GlobalNotificationListener: Waiting for socket connection and user session {socket: true, session: true, socketConnected: false}
16:13:35.932 page-7a89d7867f156a09.js:1 useConversations: Socket not fully available yet for event listeners {socket: true, isFullyInitialized: false}
16:13:35.933 page-7a89d7867f156a09.js:1 ChatSidebar: Socket state - connected: false initialized: false
16:13:35.933 page-7a89d7867f156a09.js:1 🚫 ChatSidebar: Blocked users changed, count: 0
16:13:35.933 page-7a89d7867f156a09.js:1 🚫 ChatSidebar: Blocked user IDs: []
16:13:35.933 page-7a89d7867f156a09.js:1 🚫 ChatSidebar: Users who blocked us, count: 0
16:13:35.934 page-7a89d7867f156a09.js:1 🚫 ChatSidebar: Blocker user IDs: []
16:13:35.934 page-7a89d7867f156a09.js:1 useConversations: Socket not fully available yet for event listeners {socket: true, isFullyInitialized: false}
16:13:35.934 page-7a89d7867f156a09.js:1 useConversations: Socket not fully available yet for event listeners {socket: true, isFullyInitialized: false}
16:13:35.935 page-7a89d7867f156a09.js:1 🔄 ChatSidebar: Immediate conversation refresh trigger
16:13:36.015 page-7a89d7867f156a09.js:1 🔄 ChatSidebar: Secondary conversation refresh trigger
16:13:36.038 page-7a89d7867f156a09.js:1 🔄 ChatSidebar: Secondary conversation refresh trigger
16:13:36.097 page-7a89d7867f156a09.js:1 🔍 fetchConversations: Response received: {status: 200, statusText: '', ok: true}
16:13:36.102 page-7a89d7867f156a09.js:1 ChatSidebar: Filtering conversations {totalConversations: 0, blockedUserIds: Array(0), blockerUserIds: Array(0), effectiveSearchQuery: '', forceRefresh: 6, …}
16:13:36.103 page-7a89d7867f156a09.js:1 🚫 ChatSidebar: Blocked users changed, count: 0
16:13:36.103 page-7a89d7867f156a09.js:1 🚫 ChatSidebar: Blocked user IDs: []
16:13:36.103 page-7a89d7867f156a09.js:1 🚫 ChatSidebar: Users who blocked us, count: 0
16:13:36.103 page-7a89d7867f156a09.js:1 🚫 ChatSidebar: Blocker user IDs: []
16:13:36.104 page-7a89d7867f156a09.js:1 🔍 fetchConversations: Success data: {conversationsCount: 5}
16:13:36.104 page-7a89d7867f156a09.js:1 🔄 ChatSidebar: Immediate conversation refresh trigger
16:13:36.104 page-7a89d7867f156a09.js:1 ChatSidebar: Filtering conversations {totalConversations: 5, blockedUserIds: Array(0), blockerUserIds: Array(0), effectiveSearchQuery: '', forceRefresh: 8, …}
16:13:36.105 page-7a89d7867f156a09.js:1 ChatSidebar: Group conversation cmev8zel60000qt0f21sdgql3 (Test) - members: 3
16:13:36.107 638-11434f29ed368fce.js:1 🔐 E2EE: Initializing libsignal-client...
16:13:36.108 page-7a89d7867f156a09.js:1 🔍 fetchConversations: Starting fetch with session: {hasSession: true, userId: 'cmetc9zvw0000lx0fvjdkcng1', userEmail: 'zei07@gmail.test'}
16:13:36.109 page-7a89d7867f156a09.js:1 useConversations: Socket not fully available yet for event listeners {socket: true, isFullyInitialized: false}
16:13:36.109 page-7a89d7867f156a09.js:1 ChatSidebar: Conversations updated, count: 5
16:13:36.110 page-7a89d7867f156a09.js:1 ChatSidebar: Latest conversation: cmev8zel60000qt0f21sdgql3 last message: cmfnol8g90007kl0feineks18
16:13:36.110 page-7a89d7867f156a09.js:1 🚫 ChatSidebar: Blocked users changed, count: 0
16:13:36.110 page-7a89d7867f156a09.js:1 🚫 ChatSidebar: Blocked user IDs: []
16:13:36.111 page-7a89d7867f156a09.js:1 🚫 ChatSidebar: Users who blocked us, count: 0
16:13:36.111 page-7a89d7867f156a09.js:1 🚫 ChatSidebar: Blocker user IDs: []
16:13:36.112 638-11434f29ed368fce.js:1 🔐 E2EE: libsignal-client successfully loaded
16:13:36.112 638-11434f29ed368fce.js:1 🔐 SignalClient Status: {available: true, error: null, features: Array(8), isShim: true, timestamp: '2025-09-17T08:13:36.112Z'}
16:13:36.112 638-11434f29ed368fce.js:1 🔐 E2EE: Using browser shim - providing basic encryption only
16:13:36.118 page-7a89d7867f156a09.js:1 🔄 ChatSidebar: Immediate conversation refresh trigger
16:13:36.205 page-7a89d7867f156a09.js:1 🔄 ChatSidebar: Secondary conversation refresh trigger
16:13:36.217 page-7a89d7867f156a09.js:1 🔄 ChatSidebar: Secondary conversation refresh trigger
16:13:36.219 page-7a89d7867f156a09.js:1 🏠 ChatWindow mounted/re-rendered with conversationId: null
16:13:36.337 page-7a89d7867f156a09.js:1 🔍 fetchConversations: Response received: {status: 200, statusText: '', ok: true}
16:13:36.338 page-7a89d7867f156a09.js:1 🔍 fetchConversations: Success data: {conversationsCount: 5}
16:13:36.339 page-7a89d7867f156a09.js:1 🏠 ChatWindow mounted/re-rendered with conversationId: null
16:13:36.354 page-7a89d7867f156a09.js:1 🔐 Sidebar: Successfully decrypted message with conversationId: cmetlsofv0000pj0f0qk0c918
16:13:36.428 page-7a89d7867f156a09.js:1 🔄 ChatSidebar: Tertiary conversation refresh trigger
16:13:36.429 page-7a89d7867f156a09.js:1 ChatSidebar: Filtered 5 -> 5 conversations
16:13:36.429 page-7a89d7867f156a09.js:1 ChatSidebar: Final conversation list: (5) [{…}, {…}, {…}, {…}, {…}]
16:13:36.437 page-7a89d7867f156a09.js:1 🔄 ChatSidebar: Tertiary conversation refresh trigger
16:13:36.535 742-f5e44fb4de89ca72.js:1 SocketContext: Socket connected successfully: t-vo6sgonUMSnApdAAAF
16:13:36.535 742-f5e44fb4de89ca72.js:1 SocketContext: Socket transport: polling
16:13:36.535 742-f5e44fb4de89ca72.js:1 SocketContext: Emitting user-online for: cmetc9zvw0000lx0fvjdkcng1
16:13:36.535 742-f5e44fb4de89ca72.js:1 SocketContext: 👤 Emitted join-user-room for: user:cmetc9zvw0000lx0fvjdkcng1
16:13:36.535 page-7a89d7867f156a09.js:1 Socket connected (useConversations), refetching conversations...
16:13:36.535 page-7a89d7867f156a09.js:1 🔍 fetchConversations: Starting fetch with session: {hasSession: true, userId: 'cmetc9zvw0000lx0fvjdkcng1', userEmail: 'zei07@gmail.test'}
16:13:36.536 page-7a89d7867f156a09.js:1 Socket connected (useConversations), refetching conversations...
16:13:36.536 page-7a89d7867f156a09.js:1 🔍 fetchConversations: Starting fetch with session: {hasSession: true, userId: 'cmetc9zvw0000lx0fvjdkcng1', userEmail: 'zei07@gmail.test'}
16:13:36.536 page-7a89d7867f156a09.js:1 Socket connected (useConversations), refetching conversations...
16:13:36.536 page-7a89d7867f156a09.js:1 🔍 fetchConversations: Starting fetch with session: {hasSession: true, userId: 'cmetc9zvw0000lx0fvjdkcng1', userEmail: 'zei07@gmail.test'}
16:13:36.536 742-f5e44fb4de89ca72.js:1 Auto-joining all user conversations...
16:13:36.536 page-7a89d7867f156a09.js:1 Socket connected (useConversations), refetching conversations...
16:13:36.537 page-7a89d7867f156a09.js:1 🔍 fetchConversations: Starting fetch with session: {hasSession: true, userId: 'cmetc9zvw0000lx0fvjdkcng1', userEmail: 'zei07@gmail.test'}
16:13:36.537 page-7a89d7867f156a09.js:1 🔍 fetchConversations: Response received: {status: 200, statusText: '', ok: true}
16:13:36.538 page-7a89d7867f156a09.js:1 🏠 ChatWindow mounted/re-rendered with conversationId: null
16:13:36.539 layout-d9ae9f9ff0cd665e.js:1 🌐 GlobalNotificationListener: useEffect triggered {hasSocket: true, hasSession: true, socketConnected: true, socketId: 't-vo6sgonUMSnApdAAAF'}
16:13:36.539 layout-d9ae9f9ff0cd665e.js:1 🚀 GlobalNotificationListener: Setting up global socket listeners for user: cmetc9zvw0000lx0fvjdkcng1
16:13:36.539 layout-d9ae9f9ff0cd665e.js:1 🔄 GlobalNotificationListener: Re-emitted join-user-room for safety
16:13:36.539 layout-d9ae9f9ff0cd665e.js:1 ✅ GlobalNotificationListener: Socket listener registered for new-notification events
16:13:36.539 page-7a89d7867f156a09.js:1 ChatSidebar: Socket state - connected: true initialized: false
16:13:36.539 742-f5e44fb4de89ca72.js:1 Auto-joining all user conversations...
16:13:36.541 page-7a89d7867f156a09.js:1 🔍 fetchConversations: Success data: {conversationsCount: 5}
16:13:36.541 page-7a89d7867f156a09.js:1 🏠 ChatWindow mounted/re-rendered with conversationId: null
16:13:36.611 page-7a89d7867f156a09.js:1 🔄 ChatSidebar: Tertiary conversation refresh trigger
16:13:36.611 page-7a89d7867f156a09.js:1 ChatSidebar: Filtered 5 -> 5 conversations
16:13:36.611 page-7a89d7867f156a09.js:1 ChatSidebar: Final conversation list: (5) [{…}, {…}, {…}, {…}, {…}]
16:13:36.612 page-7a89d7867f156a09.js:1 🔄 ChatSidebar: Tertiary conversation refresh trigger
16:13:36.766 page-7a89d7867f156a09.js:1 🔍 fetchConversations: Response received: {status: 200, statusText: '', ok: true}
16:13:36.768 page-7a89d7867f156a09.js:1 🔍 fetchConversations: Success data: {conversationsCount: 5}
16:13:36.768 page-7a89d7867f156a09.js:1 🏠 ChatWindow mounted/re-rendered with conversationId: null
16:13:36.921 638-11434f29ed368fce.js:1 NotificationContext: Page visibility changed to: false
16:13:36.922 742-f5e44fb4de89ca72.js:1 SocketContext: Tab became hidden, maintaining aggressive background connection
16:13:36.923 page-7a89d7867f156a09.js:1 🏠 ChatWindow mounted/re-rendered with conversationId: null
16:13:36.928 layout-d9ae9f9ff0cd665e.js:1 🧹 GlobalNotificationListener: Cleaning up socket listener for new-notification
16:13:36.929 layout-d9ae9f9ff0cd665e.js:1 🌐 GlobalNotificationListener: useEffect triggered {hasSocket: true, hasSession: true, socketConnected: true, socketId: 't-vo6sgonUMSnApdAAAF'}
16:13:36.929 layout-d9ae9f9ff0cd665e.js:1 🚀 GlobalNotificationListener: Setting up global socket listeners for user: cmetc9zvw0000lx0fvjdkcng1
16:13:36.930 layout-d9ae9f9ff0cd665e.js:1 🔄 GlobalNotificationListener: Re-emitted join-user-room for safety
16:13:36.930 layout-d9ae9f9ff0cd665e.js:1 ✅ GlobalNotificationListener: Socket listener registered for new-notification events
16:13:37.066 page-7a89d7867f156a09.js:1 🔍 fetchConversations: Response received: {status: 200, statusText: '', ok: true}
16:13:37.121 page-7a89d7867f156a09.js:1 🏠 ChatWindow mounted/re-rendered with conversationId: null
16:13:37.121 page-7a89d7867f156a09.js:1 🔍 fetchConversations: Success data: {conversationsCount: 5}
16:13:37.127 638-11434f29ed368fce.js:1 🔐 E2EE: Initializing libsignal-client...
16:13:37.129 page-7a89d7867f156a09.js:1 🔍 fetchConversations: Starting fetch with session: {hasSession: true, userId: 'cmetc9zvw0000lx0fvjdkcng1', userEmail: 'zei07@gmail.test'}
16:13:37.131 page-7a89d7867f156a09.js:1 useConversations: Socket not fully available yet for event listeners {socket: true, isFullyInitialized: false}
16:13:37.132 page-7a89d7867f156a09.js:1 ChatSidebar: Conversations updated, count: 5
16:13:37.132 page-7a89d7867f156a09.js:1 ChatSidebar: Latest conversation: cmev8zel60000qt0f21sdgql3 last message: cmfnol8g90007kl0feineks18
16:13:37.133 638-11434f29ed368fce.js:1 🔐 E2EE: libsignal-client successfully loaded
16:13:37.133 638-11434f29ed368fce.js:1 🔐 SignalClient Status: {available: true, error: null, features: Array(8), isShim: true, timestamp: '2025-09-17T08:13:37.133Z'}
16:13:37.133 638-11434f29ed368fce.js:1 🔐 E2EE: Using browser shim - providing basic encryption only
16:13:37.135 page-7a89d7867f156a09.js:1 🔍 fetchConversations: Response received: {status: 200, statusText: '', ok: true}
16:13:37.137 page-7a89d7867f156a09.js:1 🔍 fetchConversations: Success data: {conversationsCount: 5}
16:13:37.138 page-7a89d7867f156a09.js:1 🏠 ChatWindow mounted/re-rendered with conversationId: null
16:13:37.229 page-7a89d7867f156a09.js:1 🔍 fetchConversations: Response received: {status: 200, statusText: '', ok: true}
16:13:37.237 page-7a89d7867f156a09.js:1 🏠 ChatWindow mounted/re-rendered with conversationId: null
16:13:37.238 page-7a89d7867f156a09.js:1 🔍 fetchConversations: Success data: {conversationsCount: 5}
16:13:37.316 page-7a89d7867f156a09.js:1 🏠 ChatWindow mounted/re-rendered with conversationId: null
16:13:37.319 742-f5e44fb4de89ca72.js:1 SocketContext: Found 5 conversations to join
16:13:37.319 742-f5e44fb4de89ca72.js:1 SocketContext: Auto-joining conversation 1/5: cmev8zel60000qt0f21sdgql3 (Test)
16:13:37.319 742-f5e44fb4de89ca72.js:1 SocketContext: Attempting to join room: conversation:cmev8zel60000qt0f21sdgql3
16:13:37.320 742-f5e44fb4de89ca72.js:1 SocketContext: Socket connected: true, Socket ID: t-vo6sgonUMSnApdAAAF
16:13:37.321 742-f5e44fb4de89ca72.js:1 SocketContext: Successfully joined room: conversation:cmev8zel60000qt0f21sdgql3
16:13:37.321 742-f5e44fb4de89ca72.js:1 SocketContext: Total joined rooms: 1
16:13:37.321 742-f5e44fb4de89ca72.js:1 SocketContext: Auto-joining conversation 2/5: cmetlsofv0000pj0f0qk0c918 (Unnamed)
16:13:37.321 742-f5e44fb4de89ca72.js:1 SocketContext: Attempting to join room: conversation:cmetlsofv0000pj0f0qk0c918
16:13:37.322 742-f5e44fb4de89ca72.js:1 SocketContext: Socket connected: true, Socket ID: t-vo6sgonUMSnApdAAAF
16:13:37.322 742-f5e44fb4de89ca72.js:1 SocketContext: Successfully joined room: conversation:cmetlsofv0000pj0f0qk0c918
16:13:37.322 742-f5e44fb4de89ca72.js:1 SocketContext: Total joined rooms: 1
16:13:37.322 742-f5e44fb4de89ca72.js:1 SocketContext: Auto-joining conversation 3/5: cmevg7bwo0021mh0f9n8dcasc (Unnamed)
16:13:37.323 742-f5e44fb4de89ca72.js:1 SocketContext: Attempting to join room: conversation:cmevg7bwo0021mh0f9n8dcasc
16:13:37.323 742-f5e44fb4de89ca72.js:1 SocketContext: Socket connected: true, Socket ID: t-vo6sgonUMSnApdAAAF
16:13:37.323 742-f5e44fb4de89ca72.js:1 SocketContext: Successfully joined room: conversation:cmevg7bwo0021mh0f9n8dcasc
16:13:37.323 742-f5e44fb4de89ca72.js:1 SocketContext: Total joined rooms: 1
16:13:37.323 742-f5e44fb4de89ca72.js:1 SocketContext: Auto-joining conversation 4/5: cmewf3k5d002wpr0fyu8hh4nk (Unnamed)
16:13:37.323 742-f5e44fb4de89ca72.js:1 SocketContext: Attempting to join room: conversation:cmewf3k5d002wpr0fyu8hh4nk
16:13:37.323 742-f5e44fb4de89ca72.js:1 SocketContext: Socket connected: true, Socket ID: t-vo6sgonUMSnApdAAAF
16:13:37.323 742-f5e44fb4de89ca72.js:1 SocketContext: Successfully joined room: conversation:cmewf3k5d002wpr0fyu8hh4nk
16:13:37.323 742-f5e44fb4de89ca72.js:1 SocketContext: Total joined rooms: 1
16:13:37.324 742-f5e44fb4de89ca72.js:1 SocketContext: Auto-joining conversation 5/5: cmev42y2w0000rv0f55h7qluf (Unnamed)
16:13:37.324 742-f5e44fb4de89ca72.js:1 SocketContext: Attempting to join room: conversation:cmev42y2w0000rv0f55h7qluf
16:13:37.324 742-f5e44fb4de89ca72.js:1 SocketContext: Socket connected: true, Socket ID: t-vo6sgonUMSnApdAAAF
16:13:37.324 742-f5e44fb4de89ca72.js:1 SocketContext: Successfully joined room: conversation:cmev42y2w0000rv0f55h7qluf
16:13:37.324 742-f5e44fb4de89ca72.js:1 SocketContext: Total joined rooms: 1
16:13:37.324 742-f5e44fb4de89ca72.js:1 Socket fully initialized with all conversations joined
16:13:37.329 page-7a89d7867f156a09.js:1 🏠 ChatWindow mounted/re-rendered with conversationId: null
16:13:37.331 page-7a89d7867f156a09.js:1 🚀 useConversations: Setting up socket event listeners
16:13:37.332 page-7a89d7867f156a09.js:1 🚀 useConversations: Setting up socket event listeners
16:13:37.333 page-7a89d7867f156a09.js:1 ChatSidebar: Socket state - connected: true initialized: true
16:13:37.333 page-7a89d7867f156a09.js:1 🚀 useConversations: Setting up socket event listeners
16:13:37.334 page-7a89d7867f156a09.js:1 🚀 useConversations: Setting up socket event listeners
16:13:37.397 page-7a89d7867f156a09.js:1 Updated online status for user cmetcnw9e0000kuy9dooe536g in conversation cmev8zel60000qt0f21sdgql3
16:13:37.398 page-7a89d7867f156a09.js:1 ChatSidebar: Filtering conversations {totalConversations: 5, blockedUserIds: Array(0), blockerUserIds: Array(0), effectiveSearchQuery: '', forceRefresh: 16, …}
16:13:37.399 page-7a89d7867f156a09.js:1 🏠 ChatWindow mounted/re-rendered with conversationId: null
16:13:37.401 page-7a89d7867f156a09.js:1 ChatSidebar: Conversations updated, count: 5
16:13:37.403 page-7a89d7867f156a09.js:1 ChatSidebar: Latest conversation: cmev8zel60000qt0f21sdgql3 last message: cmfnol8g90007kl0feineks18
16:13:37.484 page-7a89d7867f156a09.js:1 User status update received: {userId: 'cmetcnw9e0000kuy9dooe536g', isOnline: false, lastSeen: '2025-09-17T08:13:37.311Z'}
16:13:37.487 page-7a89d7867f156a09.js:1 🏠 ChatWindow mounted/re-rendered with conversationId: null
16:13:37.487 page-7a89d7867f156a09.js:1 Updated online status for user cmetcnw9e0000kuy9dooe536g in conversation cmev42y2w0000rv0f55h7qluf
16:13:37.490 page-7a89d7867f156a09.js:1 ChatSidebar: Conversations updated, count: 5
16:13:37.491 page-7a89d7867f156a09.js:1 ChatSidebar: Latest conversation: cmev8zel60000qt0f21sdgql3 last message: cmfnol8g90007kl0feineks18
16:13:37.539 page-7a89d7867f156a09.js:1 🔍 fetchConversations: Response received: {status: 200, statusText: '', ok: true}
16:13:37.540 page-7a89d7867f156a09.js:1 🔍 fetchConversations: Success data: {conversationsCount: 5}
16:13:37.599 742-f5e44fb4de89ca72.js:1 SocketContext: Found 5 conversations to join
16:13:37.599 742-f5e44fb4de89ca72.js:1 SocketContext: Auto-joining conversation 1/5: cmev8zel60000qt0f21sdgql3 (Test)
16:13:37.599 742-f5e44fb4de89ca72.js:1 SocketContext: Attempting to join room: conversation:cmev8zel60000qt0f21sdgql3
16:13:37.599 742-f5e44fb4de89ca72.js:1 SocketContext: Socket connected: true, Socket ID: t-vo6sgonUMSnApdAAAF
16:13:37.601 742-f5e44fb4de89ca72.js:1 SocketContext: Successfully joined room: conversation:cmev8zel60000qt0f21sdgql3
16:13:37.601 742-f5e44fb4de89ca72.js:1 SocketContext: Total joined rooms: 1
16:13:37.601 742-f5e44fb4de89ca72.js:1 SocketContext: Auto-joining conversation 2/5: cmetlsofv0000pj0f0qk0c918 (Unnamed)
16:13:37.601 742-f5e44fb4de89ca72.js:1 SocketContext: Attempting to join room: conversation:cmetlsofv0000pj0f0qk0c918
16:13:37.601 742-f5e44fb4de89ca72.js:1 SocketContext: Socket connected: true, Socket ID: t-vo6sgonUMSnApdAAAF
16:13:37.602 742-f5e44fb4de89ca72.js:1 SocketContext: Successfully joined room: conversation:cmetlsofv0000pj0f0qk0c918
16:13:37.602 742-f5e44fb4de89ca72.js:1 SocketContext: Total joined rooms: 1
16:13:37.603 742-f5e44fb4de89ca72.js:1 SocketContext: Auto-joining conversation 3/5: cmevg7bwo0021mh0f9n8dcasc (Unnamed)
16:13:37.603 742-f5e44fb4de89ca72.js:1 SocketContext: Attempting to join room: conversation:cmevg7bwo0021mh0f9n8dcasc
16:13:37.603 742-f5e44fb4de89ca72.js:1 SocketContext: Socket connected: true, Socket ID: t-vo6sgonUMSnApdAAAF
16:13:37.603 742-f5e44fb4de89ca72.js:1 SocketContext: Successfully joined room: conversation:cmevg7bwo0021mh0f9n8dcasc
16:13:37.603 742-f5e44fb4de89ca72.js:1 SocketContext: Total joined rooms: 1
16:13:37.603 742-f5e44fb4de89ca72.js:1 SocketContext: Auto-joining conversation 4/5: cmewf3k5d002wpr0fyu8hh4nk (Unnamed)
16:13:37.604 742-f5e44fb4de89ca72.js:1 SocketContext: Attempting to join room: conversation:cmewf3k5d002wpr0fyu8hh4nk
16:13:37.604 742-f5e44fb4de89ca72.js:1 SocketContext: Socket connected: true, Socket ID: t-vo6sgonUMSnApdAAAF
16:13:37.604 742-f5e44fb4de89ca72.js:1 SocketContext: Successfully joined room: conversation:cmewf3k5d002wpr0fyu8hh4nk
16:13:37.604 742-f5e44fb4de89ca72.js:1 SocketContext: Total joined rooms: 1
16:13:37.604 742-f5e44fb4de89ca72.js:1 SocketContext: Auto-joining conversation 5/5: cmev42y2w0000rv0f55h7qluf (Unnamed)
16:13:37.604 742-f5e44fb4de89ca72.js:1 SocketContext: Attempting to join room: conversation:cmev42y2w0000rv0f55h7qluf
16:13:37.604 742-f5e44fb4de89ca72.js:1 SocketContext: Socket connected: true, Socket ID: t-vo6sgonUMSnApdAAAF
16:13:37.605 742-f5e44fb4de89ca72.js:1 SocketContext: Successfully joined room: conversation:cmev42y2w0000rv0f55h7qluf
16:13:37.605 742-f5e44fb4de89ca72.js:1 SocketContext: Total joined rooms: 1
16:13:37.605 742-f5e44fb4de89ca72.js:1 Socket fully initialized with all conversations joined
16:13:37.608 page-7a89d7867f156a09.js:1 🏠 ChatWindow mounted/re-rendered with conversationId: null
16:13:37.650 page-7a89d7867f156a09.js:1 🔍 fetchConversations: Response received: {status: 200, statusText: '', ok: true}
16:13:37.651 page-7a89d7867f156a09.js:1 🔍 fetchConversations: Success data: {conversationsCount: 5}
16:13:37.770 page-7a89d7867f156a09.js:1 🏠 ChatWindow mounted/re-rendered with conversationId: null
16:13:38.157 page-7a89d7867f156a09.js:1 User status update received: {userId: 'cmetcnw9e0000kuy9dooe536g', isOnline: true, lastSeen: '2025-09-17T08:13:38.109Z'}
16:13:38.158 page-7a89d7867f156a09.js:1 User status update received: {userId: 'cmetcnw9e0000kuy9dooe536g', isOnline: true, lastSeen: '2025-09-17T08:13:38.109Z'}
16:13:38.163 page-7a89d7867f156a09.js:1 🏠 ChatWindow mounted/re-rendered with conversationId: null
16:13:38.164 page-7a89d7867f156a09.js:1 ChatSidebar: Conversations updated, count: 5
16:13:38.165 page-7a89d7867f156a09.js:1 ChatSidebar: Latest conversation: cmev8zel60000qt0f21sdgql3 last message: cmfnol8g90007kl0feineks18
16:13:38.492 638-11434f29ed368fce.js:1 NotificationContext: Window focused
16:13:38.497 page-7a89d7867f156a09.js:1 🏠 ChatWindow mounted/re-rendered with conversationId: null
16:13:38.498 layout-d9ae9f9ff0cd665e.js:1 🧹 GlobalNotificationListener: Cleaning up socket listener for new-notification
16:13:38.499 layout-d9ae9f9ff0cd665e.js:1 🌐 GlobalNotificationListener: useEffect triggered {hasSocket: true, hasSession: true, socketConnected: true, socketId: 't-vo6sgonUMSnApdAAAF'}
16:13:38.500 layout-d9ae9f9ff0cd665e.js:1 🚀 GlobalNotificationListener: Setting up global socket listeners for user: cmetc9zvw0000lx0fvjdkcng1
16:13:38.504 layout-d9ae9f9ff0cd665e.js:1 🔄 GlobalNotificationListener: Re-emitted join-user-room for safety
16:13:38.505 layout-d9ae9f9ff0cd665e.js:1 ✅ GlobalNotificationListener: Socket listener registered for new-notification events
16:13:38.505 742-f5e44fb4de89ca72.js:1 SocketContext: Window focused, refreshing connection
16:13:38.529 638-11434f29ed368fce.js:1 NotificationContext: Page visibility changed to: true
16:13:38.532 742-f5e44fb4de89ca72.js:1 SocketContext: Tab became visible, re-establishing connection
16:13:38.535 page-7a89d7867f156a09.js:1 🏠 ChatWindow mounted/re-rendered with conversationId: null
16:13:38.536 layout-d9ae9f9ff0cd665e.js:1 🧹 GlobalNotificationListener: Cleaning up socket listener for new-notification
16:13:38.537 layout-d9ae9f9ff0cd665e.js:1 🌐 GlobalNotificationListener: useEffect triggered {hasSocket: true, hasSession: true, socketConnected: true, socketId: 't-vo6sgonUMSnApdAAAF'}
16:13:38.537 layout-d9ae9f9ff0cd665e.js:1 🚀 GlobalNotificationListener: Setting up global socket listeners for user: cmetc9zvw0000lx0fvjdkcng1
16:13:38.538 layout-d9ae9f9ff0cd665e.js:1 🔄 GlobalNotificationListener: Re-emitted join-user-room for safety
16:13:38.538 layout-d9ae9f9ff0cd665e.js:1 ✅ GlobalNotificationListener: Socket listener registered for new-notification events
16:13:38.680 page-7a89d7867f156a09.js:1 User status update received: {userId: 'cmetcnw9e0000kuy9dooe536g', isOnline: true, lastSeen: '2025-09-17T08:13:38.550Z'}
16:13:38.682 page-7a89d7867f156a09.js:1 🏠 ChatWindow mounted/re-rendered with conversationId: null
16:13:38.682 layout-d9ae9f9ff0cd665e.js:1 🧹 GlobalNotificationListener: Cleaning up socket listener for new-notification
16:13:38.683 layout-d9ae9f9ff0cd665e.js:1 🌐 GlobalNotificationListener: useEffect triggered {hasSocket: true, hasSession: true, socketConnected: true, socketId: 't-vo6sgonUMSnApdAAAF'}
16:13:38.683 layout-d9ae9f9ff0cd665e.js:1 🚀 GlobalNotificationListener: Setting up global socket listeners for user: cmetc9zvw0000lx0fvjdkcng1
16:13:38.684 layout-d9ae9f9ff0cd665e.js:1 🔄 GlobalNotificationListener: Re-emitted join-user-room for safety
16:13:38.684 layout-d9ae9f9ff0cd665e.js:1 ✅ GlobalNotificationListener: Socket listener registered for new-notification events
16:13:38.684 page-7a89d7867f156a09.js:1 ChatSidebar: Conversations updated, count: 5
16:13:38.685 page-7a89d7867f156a09.js:1 ChatSidebar: Latest conversation: cmev8zel60000qt0f21sdgql3 last message: cmfnol8g90007kl0feineks18
16:13:39.543 742-f5e44fb4de89ca72.js:1 SocketContext: Additional heartbeat sent after becoming visible
16:13:39.587 638-11434f29ed368fce.js:1 🎵 User interaction detected: mousedown
16:13:39.587 638-11434f29ed368fce.js:1 🎵 enableAudio called, current state: {audioEnabled: false, hasAudioContext: false}
16:13:39.587 638-11434f29ed368fce.js:1 🎵 Creating new AudioContext...
16:13:39.606 638-11434f29ed368fce.js:1 🎵 AudioContext is ready, enabling audio
16:13:39.606 638-11434f29ed368fce.js:1 🎵 Initializing notification audio file...
16:13:39.607 page-7a89d7867f156a09.js:1 🏠 ChatWindow mounted/re-rendered with conversationId: null
16:13:39.607 layout-d9ae9f9ff0cd665e.js:1 🧹 GlobalNotificationListener: Cleaning up socket listener for new-notification
16:13:39.607 638-11434f29ed368fce.js:1 🎵 Cleaning up user interaction listeners
16:13:39.608 layout-d9ae9f9ff0cd665e.js:1 🌐 GlobalNotificationListener: useEffect triggered {hasSocket: true, hasSession: true, socketConnected: true, socketId: 't-vo6sgonUMSnApdAAAF'}
16:13:39.608 layout-d9ae9f9ff0cd665e.js:1 🚀 GlobalNotificationListener: Setting up global socket listeners for user: cmetc9zvw0000lx0fvjdkcng1
16:13:39.608 layout-d9ae9f9ff0cd665e.js:1 🔄 GlobalNotificationListener: Re-emitted join-user-room for safety
16:13:39.608 layout-d9ae9f9ff0cd665e.js:1 ✅ GlobalNotificationListener: Socket listener registered for new-notification events
16:13:39.655 638-11434f29ed368fce.js:1 Notification audio loaded successfully
16:13:39.811 page-7a89d7867f156a09.js:1 🏠 ChatWindow mounted/re-rendered with conversationId: cmev8zel60000qt0f21sdgql3
16:13:39.813 page-7a89d7867f156a09.js:1 🔄 ChatWindow: Conversation participants count: 3
16:13:39.814 page-7a89d7867f156a09.js:1 🔄 ChatWindow: Participants: (3) [{…}, {…}, {…}]
16:13:39.814 page-7a89d7867f156a09.js:1 ChatWindow: Joining conversation room cmev8zel60000qt0f21sdgql3
16:13:39.815 page-7a89d7867f156a09.js:1 ⚠️ Messages container ref not found when trying to attach scroll listener
16:13:39.818 page-7a89d7867f156a09.js:1 🏠 ChatWindow mounted/re-rendered with conversationId: cmev8zel60000qt0f21sdgql3
16:13:39.818 page-7a89d7867f156a09.js:1 🏠 ChatWindow mounted/re-rendered with conversationId: cmev8zel60000qt0f21sdgql3
16:13:39.913 page-7a89d7867f156a09.js:1 🏠 ChatWindow mounted/re-rendered with conversationId: cmev8zel60000qt0f21sdgql3
16:13:39.934 638-11434f29ed368fce.js:1 🔐 E2EE: Initializing libsignal-client...
16:13:39.935 638-11434f29ed368fce.js:1 🔐 E2EE: Initializing libsignal-client...
16:13:39.935 638-11434f29ed368fce.js:1 🔐 E2EE: Initializing libsignal-client...
16:13:39.935 638-11434f29ed368fce.js:1 🔐 E2EE: Initializing libsignal-client...
16:13:39.935 638-11434f29ed368fce.js:1 🔐 E2EE: Initializing libsignal-client...
16:13:39.936 638-11434f29ed368fce.js:1 🔐 E2EE: Initializing libsignal-client...
16:13:39.936 638-11434f29ed368fce.js:1 🔐 E2EE: Initializing libsignal-client...
16:13:39.937 638-11434f29ed368fce.js:1 🔐 E2EE: Initializing libsignal-client...
16:13:39.937 638-11434f29ed368fce.js:1 🔐 E2EE: Initializing libsignal-client...
16:13:39.937 638-11434f29ed368fce.js:1 🔐 E2EE: Initializing libsignal-client...
16:13:39.938 638-11434f29ed368fce.js:1 🔐 E2EE: Initializing libsignal-client...
16:13:39.938 638-11434f29ed368fce.js:1 🔐 E2EE: Initializing libsignal-client...
16:13:39.938 638-11434f29ed368fce.js:1 🔐 E2EE: Initializing libsignal-client...
16:13:39.938 638-11434f29ed368fce.js:1 🔐 E2EE: Initializing libsignal-client...
16:13:39.939 page-7a89d7867f156a09.js:1 📜 Attaching scroll event listener to messages container
16:13:39.939 638-11434f29ed368fce.js:1 🔐 E2EE: libsignal-client successfully loaded
16:13:39.939 638-11434f29ed368fce.js:1 🔐 SignalClient Status: {available: true, error: null, features: Array(8), isShim: true, timestamp: '2025-09-17T08:13:39.939Z'}
16:13:39.939 638-11434f29ed368fce.js:1 🔐 E2EE: Using browser shim - providing basic encryption only
16:13:39.940 638-11434f29ed368fce.js:1 🔐 E2EE: libsignal-client successfully loaded
16:13:39.940 638-11434f29ed368fce.js:1 🔐 SignalClient Status: {available: true, error: null, features: Array(8), isShim: true, timestamp: '2025-09-17T08:13:39.940Z'}
16:13:39.940 638-11434f29ed368fce.js:1 🔐 E2EE: Using browser shim - providing basic encryption only
16:13:39.940 638-11434f29ed368fce.js:1 🔐 E2EE: libsignal-client successfully loaded
16:13:39.940 638-11434f29ed368fce.js:1 🔐 SignalClient Status: {available: true, error: null, features: Array(8), isShim: true, timestamp: '2025-09-17T08:13:39.940Z'}
16:13:39.940 638-11434f29ed368fce.js:1 🔐 E2EE: Using browser shim - providing basic encryption only
16:13:39.940 638-11434f29ed368fce.js:1 🔐 E2EE: libsignal-client successfully loaded
16:13:39.940 638-11434f29ed368fce.js:1 🔐 SignalClient Status: {available: true, error: null, features: Array(8), isShim: true, timestamp: '2025-09-17T08:13:39.940Z'}
16:13:39.940 638-11434f29ed368fce.js:1 🔐 E2EE: Using browser shim - providing basic encryption only
16:13:39.940 638-11434f29ed368fce.js:1 🔐 E2EE: libsignal-client successfully loaded
16:13:39.940 638-11434f29ed368fce.js:1 🔐 SignalClient Status: {available: true, error: null, features: Array(8), isShim: true, timestamp: '2025-09-17T08:13:39.940Z'}
16:13:39.941 638-11434f29ed368fce.js:1 🔐 E2EE: Using browser shim - providing basic encryption only
16:13:39.941 638-11434f29ed368fce.js:1 🔐 E2EE: libsignal-client successfully loaded
16:13:39.941 638-11434f29ed368fce.js:1 🔐 SignalClient Status: {available: true, error: null, features: Array(8), isShim: true, timestamp: '2025-09-17T08:13:39.941Z'}
16:13:39.941 638-11434f29ed368fce.js:1 🔐 E2EE: Using browser shim - providing basic encryption only
16:13:39.942 638-11434f29ed368fce.js:1 🔐 E2EE: libsignal-client successfully loaded
16:13:39.942 638-11434f29ed368fce.js:1 🔐 SignalClient Status: {available: true, error: null, features: Array(8), isShim: true, timestamp: '2025-09-17T08:13:39.942Z'}
16:13:39.942 638-11434f29ed368fce.js:1 🔐 E2EE: Using browser shim - providing basic encryption only
16:13:39.942 638-11434f29ed368fce.js:1 🔐 E2EE: libsignal-client successfully loaded
16:13:39.942 638-11434f29ed368fce.js:1 🔐 SignalClient Status: {available: true, error: null, features: Array(8), isShim: true, timestamp: '2025-09-17T08:13:39.942Z'}
16:13:39.942 638-11434f29ed368fce.js:1 🔐 E2EE: Using browser shim - providing basic encryption only
16:13:39.942 638-11434f29ed368fce.js:1 🔐 E2EE: libsignal-client successfully loaded
16:13:39.942 638-11434f29ed368fce.js:1 🔐 SignalClient Status: {available: true, error: null, features: Array(8), isShim: true, timestamp: '2025-09-17T08:13:39.942Z'}
16:13:39.942 638-11434f29ed368fce.js:1 🔐 E2EE: Using browser shim - providing basic encryption only
16:13:39.942 638-11434f29ed368fce.js:1 🔐 E2EE: libsignal-client successfully loaded
16:13:39.942 638-11434f29ed368fce.js:1 🔐 SignalClient Status: {available: true, error: null, features: Array(8), isShim: true, timestamp: '2025-09-17T08:13:39.942Z'}
16:13:39.943 638-11434f29ed368fce.js:1 🔐 E2EE: Using browser shim - providing basic encryption only
16:13:39.943 638-11434f29ed368fce.js:1 🔐 E2EE: libsignal-client successfully loaded
16:13:39.943 638-11434f29ed368fce.js:1 🔐 SignalClient Status: {available: true, error: null, features: Array(8), isShim: true, timestamp: '2025-09-17T08:13:39.943Z'}
16:13:39.943 638-11434f29ed368fce.js:1 🔐 E2EE: Using browser shim - providing basic encryption only
16:13:39.943 638-11434f29ed368fce.js:1 🔐 E2EE: libsignal-client successfully loaded
16:13:39.943 638-11434f29ed368fce.js:1 🔐 SignalClient Status: {available: true, error: null, features: Array(8), isShim: true, timestamp: '2025-09-17T08:13:39.943Z'}
16:13:39.943 638-11434f29ed368fce.js:1 🔐 E2EE: Using browser shim - providing basic encryption only
16:13:39.943 638-11434f29ed368fce.js:1 🔐 E2EE: libsignal-client successfully loaded
16:13:39.944 638-11434f29ed368fce.js:1 🔐 SignalClient Status: {available: true, error: null, features: Array(8), isShim: true, timestamp: '2025-09-17T08:13:39.944Z'}
16:13:39.944 638-11434f29ed368fce.js:1 🔐 E2EE: Using browser shim - providing basic encryption only
16:13:39.944 638-11434f29ed368fce.js:1 🔐 E2EE: libsignal-client successfully loaded
16:13:39.944 638-11434f29ed368fce.js:1 🔐 SignalClient Status: {available: true, error: null, features: Array(8), isShim: true, timestamp: '2025-09-17T08:13:39.944Z'}
16:13:39.944 638-11434f29ed368fce.js:1 🔐 E2EE: Using browser shim - providing basic encryption only
16:13:40.040 page-7a89d7867f156a09.js:1 Auto-scroll: Successfully scrolled to bottom for conversation cmev8zel60000qt0f21sdgql3
16:13:40.042 page-7a89d7867f156a09.js:1 📍 Scroll position: {scrollTop: 612.7999877929688, scrollHeight: 1570, clientHeight: 942, isNearTop: false, isNearBottom: true, …}
16:13:40.115 page-7a89d7867f156a09.js:1 🏠 ChatWindow mounted/re-rendered with conversationId: cmev8zel60000qt0f21sdgql3
16:13:40.118 page-7a89d7867f156a09.js:1 🏠 ChatWindow mounted/re-rendered with conversationId: cmev8zel60000qt0f21sdgql3
16:13:40.166 page-7a89d7867f156a09.js:1 Instant scroll: Successfully reached bottom for conversation cmev8zel60000qt0f21sdgql3
16:13:41.930 page-7a89d7867f156a09.js:1 📹 [CHAT] Video call initiated for conversation: cmev8zel60000qt0f21sdgql3
16:13:41.931 page-7a89d7867f156a09.js:1 🏠 ChatWindow mounted/re-rendered with conversationId: cmev8zel60000qt0f21sdgql3
16:13:41.939 page-7a89d7867f156a09.js:1 🏠 ChatWindow mounted/re-rendered with conversationId: cmev8zel60000qt0f21sdgql3
16:13:42.021 page-7a89d7867f156a09.js:1 📞 Call initiated with ID: call-1758096821929-j0m8cxwgf, type: video
16:13:42.022 page-7a89d7867f156a09.js:1 🏠 ChatWindow mounted/re-rendered with conversationId: cmev8zel60000qt0f21sdgql3
16:13:42.025 742-f5e44fb4de89ca72.js:1 [CallModal] 📊 SIMPLIFIED count logic: server=0, userActive=false, display=0, final=0
16:13:42.026 742-f5e44fb4de89ca72.js:1 [CallModal] 📱 Status text: "Calling..." (hasAccepted: true, isIncoming: false, callState: dialing)
16:13:42.026 742-f5e44fb4de89ca72.js:1 [CallModal] VideoGrid participants: {total: 0, filtered: 0, currentUserId: 'cmetc9zvw0000lx0fvjdkcng1', participantNames: Array(0)}
16:13:42.031 742-f5e44fb4de89ca72.js:1 [VideoGrid] Local stream effect triggered: {hasVideoRef: false, hasLocalStream: false, localStreamTracks: undefined, isLocalCameraOff: false}
16:13:42.031 742-f5e44fb4de89ca72.js:1 [VideoGrid] Not setting up local video: {hasVideoRef: false, hasLocalStream: false, streamActive: undefined, videoTrackCount: 0}
16:13:42.032 742-f5e44fb4de89ca72.js:1 [CallModal] Initialized active participants (including all): (3) ['cmetcnw9e0000kuy9dooe536g', 'cmetc9zvw0000lx0fvjdkcng1', 'cmetcd54n000plx0f6031986z']
16:13:42.032 742-f5e44fb4de89ca72.js:1 [CallModal] Current user ID: cmetc9zvw0000lx0fvjdkcng1
16:13:42.032 742-f5e44fb4de89ca72.js:1 [CallModal] Participant details: (3) [{…}, {…}, {…}]
16:13:42.032 742-f5e44fb4de89ca72.js:1 [CallModal] Set initial state for Tester Test (cmetcnw9e0000kuy9dooe536g): ringing (incoming: false)
16:13:42.032 742-f5e44fb4de89ca72.js:1 [CallModal] Set initial state for Zber Samolde (cmetc9zvw0000lx0fvjdkcng1): connecting (incoming: false)
16:13:42.033 742-f5e44fb4de89ca72.js:1 [CallModal] Set initial state for Kyle (cmetcd54n000plx0f6031986z): ringing (incoming: false)
16:13:42.033 742-f5e44fb4de89ca72.js:1 [useCallPerformance] Stopping monitoring - no peer connections
16:13:42.034 742-f5e44fb4de89ca72.js:1 [CallModal] 🔌 Socket setup useEffect triggered: {socket: true, isOpen: true, callId: 'call-1758096821929-j0m8cxwgf', hasRequirements: true}
16:13:42.034 742-f5e44fb4de89ca72.js:1 [CallModal] ✅ Setting up socket listeners for call: call-1758096821929-j0m8cxwgf
16:13:42.035 742-f5e44fb4de89ca72.js:1 
🔌 [CallModal] SETTING UP SOCKET LISTENERS
16:13:42.035 742-f5e44fb4de89ca72.js:1 [CallModal] Call ID: call-1758096821929-j0m8cxwgf
16:13:42.035 742-f5e44fb4de89ca72.js:1 [CallModal] Session User ID: cmetc9zvw0000lx0fvjdkcng1
16:13:42.035 742-f5e44fb4de89ca72.js:1 [CallModal] Socket Connected: true
16:13:42.035 742-f5e44fb4de89ca72.js:1 [CallModal] Is Incoming: false
16:13:42.036 742-f5e44fb4de89ca72.js:1 [CallModal] ✅ All socket listeners registered
16:13:42.036 742-f5e44fb4de89ca72.js:1 [CallModal] 💓 Started heartbeat monitoring for call call-1758096821929-j0m8cxwgf
16:13:42.037 742-f5e44fb4de89ca72.js:1 [CallModal] 🔍 Ringing state evaluation: {globalCallState: 'dialing', currentUserState: undefined, hasUserAccepted: true, shouldStopRinging: true, isCallerAutoAccept: 'cmetc9zvw0000lx0fvjdkcng1', …}
16:13:42.037 742-f5e44fb4de89ca72.js:1 [CallModal] 🚀 SHOULD initialize WebRTC - State: dialing IsIncoming: false Connected participants: 0 Emergency: false
16:13:42.037 742-f5e44fb4de89ca72.js:1 [CallModal] ✅ Initializing WebRTC - State: dialing IsIncoming: false
16:13:42.038 742-f5e44fb4de89ca72.js:1 [CallModal] 🔧 WEBRTC INITIALIZATION ATTEMPT: {callId: 'call-1758096821929-j0m8cxwgf', callState: 'dialing', isIncoming: false, hasExistingService: false, socketConnected: true, …}
16:13:42.038 742-f5e44fb4de89ca72.js:1 [CallModal] 🚀 Creating WebRTC service for call: call-1758096821929-j0m8cxwgf
16:13:42.038 742-f5e44fb4de89ca72.js:1 [WebRTC] Setting up socket listeners for user: cmetc9zvw0000lx0fvjdkcng1
16:13:42.039 742-f5e44fb4de89ca72.js:1 [WebRTC] 🚀 INITIALIZING CALL: call-1758096821929-j0m8cxwgf video: true userId: cmetc9zvw0000lx0fvjdkcng1
16:13:42.039 742-f5e44fb4de89ca72.js:1 [WebRTC] 📊 Service state before init: {hasLocalStream: false, peerConnections: 0, initInProgress: false}
16:13:42.039 742-f5e44fb4de89ca72.js:1 [WebRTC] 📹 Requesting media permissions...
16:13:42.039 742-f5e44fb4de89ca72.js:1 [WebRTC] 🎯 Trying primary constraints (high quality)...
16:13:42.048 742-f5e44fb4de89ca72.js:1 [CallModal] VideoGrid participants: {total: 1, filtered: 0, currentUserId: 'cmetc9zvw0000lx0fvjdkcng1', participantNames: Array(0)}
16:13:42.050 742-f5e44fb4de89ca72.js:1 [CallModal] 🔍 Ringing state evaluation: {globalCallState: 'dialing', currentUserState: 'connecting', hasUserAccepted: true, shouldStopRinging: true, isCallerAutoAccept: 'cmetc9zvw0000lx0fvjdkcng1', …}
16:13:42.551 742-f5e44fb4de89ca72.js:1 [CallModal] 📊 Participant State Debug (debounced): {actualConnected: 0, serverCount: 0, activeParticipants: 3, isGroupCall: true, hasAccepted: true, …}
16:13:43.049 742-f5e44fb4de89ca72.js:1 [CallModal] Starting outgoing ringing sound with proper user gesture handling
16:13:43.050 742-f5e44fb4de89ca72.js:1 [AudioManager] ✅ Stopped outgoing ringing
16:13:43.056 742-f5e44fb4de89ca72.js:1 [AudioManager] ✅ Started outgoing ringing pattern
16:13:43.056 742-f5e44fb4de89ca72.js:1 [CallModal] 📊 SIMPLIFIED count logic: server=0, userActive=false, display=0, final=0
16:13:43.057 742-f5e44fb4de89ca72.js:1 [CallModal] 📱 Status text: "Ringing..." (hasAccepted: true, isIncoming: false, callState: ringing)
16:13:43.057 742-f5e44fb4de89ca72.js:1 [CallModal] VideoGrid participants: {total: 1, filtered: 0, currentUserId: 'cmetc9zvw0000lx0fvjdkcng1', participantNames: Array(0)}
16:13:43.058 742-f5e44fb4de89ca72.js:1 [CallModal] 💔 Stopped heartbeat monitoring for call call-1758096821929-j0m8cxwgf
16:13:43.058 742-f5e44fb4de89ca72.js:1 [CallModal] Updated peer connections for performance monitoring: 0
16:13:43.058 742-f5e44fb4de89ca72.js:1 [CallModal] Peer connection participants: []
16:13:43.059 742-f5e44fb4de89ca72.js:1 [CallModal] 💓 Started heartbeat monitoring for call call-1758096821929-j0m8cxwgf
16:13:43.059 742-f5e44fb4de89ca72.js:1 [CallModal] 🔍 Ringing state evaluation: {globalCallState: 'ringing', currentUserState: 'connecting', hasUserAccepted: true, shouldStopRinging: true, isCallerAutoAccept: 'cmetc9zvw0000lx0fvjdkcng1', …}
16:13:43.060 742-f5e44fb4de89ca72.js:1 [CallModal] 🔄 Skipping WebRTC - user has not accepted call: {isIncoming: false, callState: 'ringing', hasUserAccepted: true, userId: 'cmetc9zvw0000lx0fvjdkcng1', suspiciousAutoJoin: false}
16:13:43.062 742-f5e44fb4de89ca72.js:1 [CallModal] VideoGrid participants: {total: 1, filtered: 0, currentUserId: 'cmetc9zvw0000lx0fvjdkcng1', participantNames: Array(0)}
16:13:43.062 742-f5e44fb4de89ca72.js:1 [useCallPerformance] Stopping monitoring - no peer connections
16:13:43.260 742-f5e44fb4de89ca72.js:1 [WebRTC] ✅ Primary constraints successful!
16:13:43.260 742-f5e44fb4de89ca72.js:1 [WebRTC] 🎉 Media stream acquired using primary constraints
16:13:43.260 742-f5e44fb4de89ca72.js:1 [WebRTC] Local stream acquired successfully: (2) [{…}, {…}]
16:13:43.262 742-f5e44fb4de89ca72.js:1 [WebRTC] 🔍 Performing final stream verification before returning...
16:13:43.262 742-f5e44fb4de89ca72.js:1 [WebRTC] 🔍 Verifying stream readiness...
16:13:43.263 742-f5e44fb4de89ca72.js:1 [WebRTC] ✅ Stream verification completed successfully
16:13:43.263 742-f5e44fb4de89ca72.js:1 [WebRTC] Stream info: {id: '7ff1abea-4b53-440c-b7f8-c41e92424d3c', active: true, audioTracks: 1, videoTracks: 1, allTracksLive: true}
16:13:43.264 742-f5e44fb4de89ca72.js:1 [CallModal] ✅ WebRTC initialization successful on first attempt
16:13:43.264 742-f5e44fb4de89ca72.js:1 [CallModal] Component unmounted during initialization, cleaning up
16:13:43.264 742-f5e44fb4de89ca72.js:1 [WebRTC] ✅ Applied ultra-low latency constraints to audio track
16:13:43.292 Refused to load the script 'data:text/javascript,' because it violates the following Content Security Policy directive: "script-src 'self' 'unsafe-inline' 'wasm-unsafe-eval'". Note that 'script-src-elem' was not explicitly set, so 'script-src' is used as a fallback.

16:13:43.292 chat:1 Refused to load the script 'data:text/javascript,' because it violates the following Content Security Policy directive: "script-src 'self' 'unsafe-inline' 'wasm-unsafe-eval'". Note that 'script-src-elem' was not explicitly set, so 'script-src' is used as a fallback.

16:13:43.561 742-f5e44fb4de89ca72.js:1 [CallModal] 📊 Participant State Debug (debounced): {actualConnected: 0, serverCount: 0, activeParticipants: 3, isGroupCall: true, hasAccepted: true, …}
16:13:43.640 638-11434f29ed368fce.js:1 NotificationContext: Window blurred
16:13:43.642 page-7a89d7867f156a09.js:1 🏠 ChatWindow mounted/re-rendered with conversationId: cmev8zel60000qt0f21sdgql3
16:13:43.644 742-f5e44fb4de89ca72.js:1 [CallModal] VideoGrid participants: {total: 1, filtered: 0, currentUserId: 'cmetc9zvw0000lx0fvjdkcng1', participantNames: Array(0)}
16:13:43.646 layout-d9ae9f9ff0cd665e.js:1 🧹 GlobalNotificationListener: Cleaning up socket listener for new-notification
16:13:43.646 layout-d9ae9f9ff0cd665e.js:1 🌐 GlobalNotificationListener: useEffect triggered {hasSocket: true, hasSession: true, socketConnected: true, socketId: 't-vo6sgonUMSnApdAAAF'}
16:13:43.646 layout-d9ae9f9ff0cd665e.js:1 🚀 GlobalNotificationListener: Setting up global socket listeners for user: cmetc9zvw0000lx0fvjdkcng1
16:13:43.648 layout-d9ae9f9ff0cd665e.js:1 🔄 GlobalNotificationListener: Re-emitted join-user-room for safety
16:13:43.648 layout-d9ae9f9ff0cd665e.js:1 ✅ GlobalNotificationListener: Socket listener registered for new-notification events
16:13:43.648 742-f5e44fb4de89ca72.js:1 [CallModal] 🔄 Participants unchanged, skipping re-initialization
16:13:43.648 742-f5e44fb4de89ca72.js:1 SocketContext: Window blurred, sending pre-blur heartbeat
16:13:44.071 742-f5e44fb4de89ca72.js:1 [CallModal] VideoGrid participants: {total: 1, filtered: 0, currentUserId: 'cmetc9zvw0000lx0fvjdkcng1', participantNames: Array(0)}
16:13:44.537 638-11434f29ed368fce.js:1 NotificationContext: Page visibility changed to: false
16:13:44.537 742-f5e44fb4de89ca72.js:1 SocketContext: Tab became hidden, maintaining aggressive background connection
16:13:44.540 page-7a89d7867f156a09.js:1 🏠 ChatWindow mounted/re-rendered with conversationId: cmev8zel60000qt0f21sdgql3
16:13:44.550 742-f5e44fb4de89ca72.js:1 [CallModal] VideoGrid participants: {total: 1, filtered: 0, currentUserId: 'cmetc9zvw0000lx0fvjdkcng1', participantNames: Array(0)}
16:13:44.552 layout-d9ae9f9ff0cd665e.js:1 🧹 GlobalNotificationListener: Cleaning up socket listener for new-notification
16:13:44.553 layout-d9ae9f9ff0cd665e.js:1 🌐 GlobalNotificationListener: useEffect triggered {hasSocket: true, hasSession: true, socketConnected: true, socketId: 't-vo6sgonUMSnApdAAAF'}
16:13:44.554 layout-d9ae9f9ff0cd665e.js:1 🚀 GlobalNotificationListener: Setting up global socket listeners for user: cmetc9zvw0000lx0fvjdkcng1
16:13:44.555 layout-d9ae9f9ff0cd665e.js:1 🔄 GlobalNotificationListener: Re-emitted join-user-room for safety
16:13:44.555 layout-d9ae9f9ff0cd665e.js:1 ✅ GlobalNotificationListener: Socket listener registered for new-notification events
16:13:44.557 742-f5e44fb4de89ca72.js:1 [CallModal] 🔄 Participants unchanged, skipping re-initialization
16:13:44.636 page-7a89d7867f156a09.js:1 Updated online status for user cmetcnw9e0000kuy9dooe536g in conversation cmev42y2w0000rv0f55h7qluf
16:13:44.638 page-7a89d7867f156a09.js:1 Updated online status for user cmetcnw9e0000kuy9dooe536g in conversation cmev42y2w0000rv0f55h7qluf
16:13:44.638 page-7a89d7867f156a09.js:1 🏠 ChatWindow mounted/re-rendered with conversationId: cmev8zel60000qt0f21sdgql3
16:13:44.638 page-7a89d7867f156a09.js:1 Updated online status for user cmetcnw9e0000kuy9dooe536g in conversation cmev8zel60000qt0f21sdgql3
16:13:44.647 742-f5e44fb4de89ca72.js:1 [CallModal] VideoGrid participants: {total: 1, filtered: 0, currentUserId: 'cmetc9zvw0000lx0fvjdkcng1', participantNames: Array(0)}
16:13:44.653 page-7a89d7867f156a09.js:1 ChatSidebar: Conversations updated, count: 5
16:13:44.654 page-7a89d7867f156a09.js:1 ChatSidebar: Latest conversation: cmev8zel60000qt0f21sdgql3 last message: cmfnol8g90007kl0feineks18
16:13:44.655 742-f5e44fb4de89ca72.js:1 [CallModal] 🔄 Participants unchanged, skipping re-initialization
16:13:44.656 page-7a89d7867f156a09.js:1 🔄 ChatWindow: Conversation participants count: 3
16:13:44.657 page-7a89d7867f156a09.js:1 🔄 ChatWindow: Participants: (3) [{…}, {…}, {…}]
16:13:44.658 page-7a89d7867f156a09.js:1 🏠 ChatWindow mounted/re-rendered with conversationId: cmev8zel60000qt0f21sdgql3
16:13:44.668 742-f5e44fb4de89ca72.js:1 [CallModal] VideoGrid participants: {total: 1, filtered: 0, currentUserId: 'cmetc9zvw0000lx0fvjdkcng1', participantNames: Array(0)}
16:13:44.673 742-f5e44fb4de89ca72.js:1 [CallModal] 🔄 Participants unchanged, skipping re-initialization
16:13:44.710 page-7a89d7867f156a09.js:1 Updated online status for user cmetcnw9e0000kuy9dooe536g in conversation cmev42y2w0000rv0f55h7qluf
16:13:44.711 page-7a89d7867f156a09.js:1 🏠 ChatWindow mounted/re-rendered with conversationId: cmev8zel60000qt0f21sdgql3
16:13:44.723 742-f5e44fb4de89ca72.js:1 [CallModal] VideoGrid participants: {total: 1, filtered: 0, currentUserId: 'cmetc9zvw0000lx0fvjdkcng1', participantNames: Array(0)}
16:13:44.727 page-7a89d7867f156a09.js:1 ChatSidebar: Conversations updated, count: 5
16:13:44.728 page-7a89d7867f156a09.js:1 ChatSidebar: Latest conversation: cmev8zel60000qt0f21sdgql3 last message: cmfnol8g90007kl0feineks18
16:13:44.728 742-f5e44fb4de89ca72.js:1 [CallModal] 🔄 Participants unchanged, skipping re-initialization
16:13:44.730 page-7a89d7867f156a09.js:1 🔄 ChatWindow: Conversation participants count: 3
16:13:44.730 page-7a89d7867f156a09.js:1 🔄 ChatWindow: Participants: (3) [{…}, {…}, {…}]
16:13:44.732 page-7a89d7867f156a09.js:1 🏠 ChatWindow mounted/re-rendered with conversationId: cmev8zel60000qt0f21sdgql3
16:13:44.737 742-f5e44fb4de89ca72.js:1 [CallModal] VideoGrid participants: {total: 1, filtered: 0, currentUserId: 'cmetc9zvw0000lx0fvjdkcng1', participantNames: Array(0)}
16:13:44.740 742-f5e44fb4de89ca72.js:1 [CallModal] 🔄 Participants unchanged, skipping re-initialization
16:13:44.935 page-7a89d7867f156a09.js:1 🏠 ChatWindow mounted/re-rendered with conversationId: cmev8zel60000qt0f21sdgql3
16:13:44.945 742-f5e44fb4de89ca72.js:1 [CallModal] VideoGrid participants: {total: 1, filtered: 0, currentUserId: 'cmetc9zvw0000lx0fvjdkcng1', participantNames: Array(0)}
16:13:44.949 742-f5e44fb4de89ca72.js:1 [CallModal] 🔄 Participants unchanged, skipping re-initialization
16:13:45.074 742-f5e44fb4de89ca72.js:1 [CallModal] Updated peer connections for performance monitoring: 0
16:13:45.075 742-f5e44fb4de89ca72.js:1 [CallModal] Peer connection participants: []
16:13:45.076 742-f5e44fb4de89ca72.js:1 [CallModal] VideoGrid participants: {total: 1, filtered: 0, currentUserId: 'cmetc9zvw0000lx0fvjdkcng1', participantNames: Array(0)}
16:13:45.079 742-f5e44fb4de89ca72.js:1 [useCallPerformance] Stopping monitoring - no peer connections
16:13:45.707 page-7a89d7867f156a09.js:1 User status update received: {userId: 'cmetcnw9e0000kuy9dooe536g', isOnline: true, lastSeen: '2025-09-17T08:13:45.503Z'}
16:13:45.713 page-7a89d7867f156a09.js:1 Updated online status for user cmetcnw9e0000kuy9dooe536g in conversation cmev42y2w0000rv0f55h7qluf
16:13:45.714 page-7a89d7867f156a09.js:1 🏠 ChatWindow mounted/re-rendered with conversationId: cmev8zel60000qt0f21sdgql3
16:13:45.721 742-f5e44fb4de89ca72.js:1 [CallModal] VideoGrid participants: {total: 1, filtered: 0, currentUserId: 'cmetc9zvw0000lx0fvjdkcng1', participantNames: Array(0)}
16:13:45.727 page-7a89d7867f156a09.js:1 ChatSidebar: Conversations updated, count: 5
16:13:45.728 page-7a89d7867f156a09.js:1 ChatSidebar: Latest conversation: cmev8zel60000qt0f21sdgql3 last message: cmfnol8g90007kl0feineks18
16:13:45.729 742-f5e44fb4de89ca72.js:1 [CallModal] 🔄 Participants unchanged, skipping re-initialization
16:13:45.731 page-7a89d7867f156a09.js:1 🔄 ChatWindow: Conversation participants count: 3
16:13:45.732 page-7a89d7867f156a09.js:1 🔄 ChatWindow: Participants: (3) [{…}, {…}, {…}]
16:13:45.733 page-7a89d7867f156a09.js:1 🏠 ChatWindow mounted/re-rendered with conversationId: cmev8zel60000qt0f21sdgql3
16:13:45.744 742-f5e44fb4de89ca72.js:1 [CallModal] VideoGrid participants: {total: 1, filtered: 0, currentUserId: 'cmetc9zvw0000lx0fvjdkcng1', participantNames: Array(0)}
16:13:45.748 742-f5e44fb4de89ca72.js:1 [CallModal] 🔄 Participants unchanged, skipping re-initialization
16:13:47.038 742-f5e44fb4de89ca72.js:1 [CallModal] 🛡️ Initialization stability timeout complete - component now stable {isGroupCall: true, timeoutUsed: 5000, participantCount: 3}
16:13:47.039 742-f5e44fb4de89ca72.js:1 [CallModal] VideoGrid participants: {total: 1, filtered: 0, currentUserId: 'cmetc9zvw0000lx0fvjdkcng1', participantNames: Array(0)}
16:13:47.064  [CallModal] Updated peer connections for performance monitoring: 0
16:13:47.064  [CallModal] Peer connection participants: []
16:13:47.065  [CallModal] VideoGrid participants: {total: 1, filtered: 0, currentUserId: 'cmetc9zvw0000lx0fvjdkcng1', participantNames: Array(0)}
16:13:47.066  [useCallPerformance] Stopping monitoring - no peer connections
16:13:47.220  [CallModal] Participant joined event received: {callId: 'call-1758096821929-j0m8cxwgf', participantId: 'cmetcnw9e0000kuy9dooe536g', participantCount: 3, participantData: {…}}
16:13:47.221  [CallModal] Our callId: call-1758096821929-j0m8cxwgf Event callId: call-1758096821929-j0m8cxwgf
16:13:47.221  [CallModal] Our userId: cmetc9zvw0000lx0fvjdkcng1 Event participantId: cmetcnw9e0000kuy9dooe536g
16:13:47.221  [CallModal] Processing participant joined for our call
16:13:47.221  [CallModal] Current call state: dialing
16:13:47.221  [CallModal] Total participants now: 3
16:13:47.221  [CallModal] Participant joined, waiting for server state updates...
16:13:47.221  [CallModal] 🔀 GROUP CALL: Ensuring full mesh connectivity with new participant: cmetcnw9e0000kuy9dooe536g
16:13:47.221  [CallModal] 🚀 Creating WebRTC connection for group call participant: cmetcnw9e0000kuy9dooe536g
16:13:47.221  [WebRTC] 📞 Creating offer for participant: cmetcnw9e0000kuy9dooe536g
16:13:47.222  [WebRTC] Creating peer connection for: cmetcnw9e0000kuy9dooe536g
16:13:47.222  [WebRTC] ❌ No live tracks in local stream! Cannot create peer connection.
window.console.error @ 117-95e74743b4de7ddb.js:1
createPeerConnection @ 742-f5e44fb4de89ca72.js:1
createOffer @ 742-f5e44fb4de89ca72.js:1
n @ 742-f5e44fb4de89ca72.js:1
x.emit @ 84-943c41e6dc0be2df.js:1
emitEvent @ 84-943c41e6dc0be2df.js:1
onevent @ 84-943c41e6dc0be2df.js:1
onpacket @ 84-943c41e6dc0be2df.js:1
x.emit @ 84-943c41e6dc0be2df.js:1
(anonymous) @ 84-943c41e6dc0be2df.js:1
Promise.then
(anonymous) @ 84-943c41e6dc0be2df.js:1
ondecoded @ 84-943c41e6dc0be2df.js:1
x.emit @ 84-943c41e6dc0be2df.js:1
add @ 84-943c41e6dc0be2df.js:1
ondata @ 84-943c41e6dc0be2df.js:1
x.emit @ 84-943c41e6dc0be2df.js:1
_onPacket @ 84-943c41e6dc0be2df.js:1
x.emit @ 84-943c41e6dc0be2df.js:1
onPacket @ 84-943c41e6dc0be2df.js:1
(anonymous) @ 84-943c41e6dc0be2df.js:1
onData @ 84-943c41e6dc0be2df.js:1
x.emit @ 84-943c41e6dc0be2df.js:1
_onLoad @ 84-943c41e6dc0be2df.js:1
s.onreadystatechange @ 84-943c41e6dc0be2df.js:1
XMLHttpRequest.send
_create @ 84-943c41e6dc0be2df.js:1
H @ 84-943c41e6dc0be2df.js:1
request @ 84-943c41e6dc0be2df.js:1
doPoll @ 84-943c41e6dc0be2df.js:1
_poll @ 84-943c41e6dc0be2df.js:1
onData @ 84-943c41e6dc0be2df.js:1
x.emit @ 84-943c41e6dc0be2df.js:1
_onLoad @ 84-943c41e6dc0be2df.js:1
s.onreadystatechange @ 84-943c41e6dc0be2df.js:1
XMLHttpRequest.send
_create @ 84-943c41e6dc0be2df.js:1
H @ 84-943c41e6dc0be2df.js:1
request @ 84-943c41e6dc0be2df.js:1
doPoll @ 84-943c41e6dc0be2df.js:1
_poll @ 84-943c41e6dc0be2df.js:1
onData @ 84-943c41e6dc0be2df.js:1
x.emit @ 84-943c41e6dc0be2df.js:1
_onLoad @ 84-943c41e6dc0be2df.js:1
s.onreadystatechange @ 84-943c41e6dc0be2df.js:1
XMLHttpRequest.send
_create @ 84-943c41e6dc0be2df.js:1
H @ 84-943c41e6dc0be2df.js:1
request @ 84-943c41e6dc0be2df.js:1
doPoll @ 84-943c41e6dc0be2df.js:1
_poll @ 84-943c41e6dc0be2df.js:1
onData @ 84-943c41e6dc0be2df.js:1
x.emit @ 84-943c41e6dc0be2df.js:1
_onLoad @ 84-943c41e6dc0be2df.js:1
s.onreadystatechange @ 84-943c41e6dc0be2df.js:1
XMLHttpRequest.send
_create @ 84-943c41e6dc0be2df.js:1
H @ 84-943c41e6dc0be2df.js:1
request @ 84-943c41e6dc0be2df.js:1
doPoll @ 84-943c41e6dc0be2df.js:1
_poll @ 84-943c41e6dc0be2df.js:1
onData @ 84-943c41e6dc0be2df.js:1
x.emit @ 84-943c41e6dc0be2df.js:1
_onLoad @ 84-943c41e6dc0be2df.js:1
s.onreadystatechange @ 84-943c41e6dc0be2df.js:1
XMLHttpRequest.send
_create @ 84-943c41e6dc0be2df.js:1
H @ 84-943c41e6dc0be2df.js:1
request @ 84-943c41e6dc0be2df.js:1
doPoll @ 84-943c41e6dc0be2df.js:1
_poll @ 84-943c41e6dc0be2df.js:1
onData @ 84-943c41e6dc0be2df.js:1
x.emit @ 84-943c41e6dc0be2df.js:1
_onLoad @ 84-943c41e6dc0be2df.js:1
s.onreadystatechange @ 84-943c41e6dc0be2df.js:1
XMLHttpRequest.send
_create @ 84-943c41e6dc0be2df.js:1
H @ 84-943c41e6dc0be2df.js:1
request @ 84-943c41e6dc0be2df.js:1
doPoll @ 84-943c41e6dc0be2df.js:1
_poll @ 84-943c41e6dc0be2df.js:1
onData @ 84-943c41e6dc0be2df.js:1
x.emit @ 84-943c41e6dc0be2df.js:1
_onLoad @ 84-943c41e6dc0be2df.js:1
s.onreadystatechange @ 84-943c41e6dc0be2df.js:1
XMLHttpRequest.send
_create @ 84-943c41e6dc0be2df.js:1
H @ 84-943c41e6dc0be2df.js:1
request @ 84-943c41e6dc0be2df.js:1
doPoll @ 84-943c41e6dc0be2df.js:1
_poll @ 84-943c41e6dc0be2df.js:1
onData @ 84-943c41e6dc0be2df.js:1
x.emit @ 84-943c41e6dc0be2df.js:1
_onLoad @ 84-943c41e6dc0be2df.js:1
s.onreadystatechange @ 84-943c41e6dc0be2df.js:1
XMLHttpRequest.send
_create @ 84-943c41e6dc0be2df.js:1
H @ 84-943c41e6dc0be2df.js:1
request @ 84-943c41e6dc0be2df.js:1
doPoll @ 84-943c41e6dc0be2df.js:1
_poll @ 84-943c41e6dc0be2df.js:1
onData @ 84-943c41e6dc0be2df.js:1
x.emit @ 84-943c41e6dc0be2df.js:1
_onLoad @ 84-943c41e6dc0be2df.js:1
s.onreadystatechange @ 84-943c41e6dc0be2df.js:1
XMLHttpRequest.send
_create @ 84-943c41e6dc0be2df.js:1
H @ 84-943c41e6dc0be2df.js:1
request @ 84-943c41e6dc0be2df.js:1
doPoll @ 84-943c41e6dc0be2df.js:1
_poll @ 84-943c41e6dc0be2df.js:1
onData @ 84-943c41e6dc0be2df.js:1
x.emit @ 84-943c41e6dc0be2df.js:1
_onLoad @ 84-943c41e6dc0be2df.js:1
s.onreadystatechange @ 84-943c41e6dc0be2df.js:1
XMLHttpRequest.send
_create @ 84-943c41e6dc0be2df.js:1
H @ 84-943c41e6dc0be2df.js:1
request @ 84-943c41e6dc0be2df.js:1
doPoll @ 84-943c41e6dc0be2df.js:1
_poll @ 84-943c41e6dc0be2df.js:1
onData @ 84-943c41e6dc0be2df.js:1
x.emit @ 84-943c41e6dc0be2df.js:1
_onLoad @ 84-943c41e6dc0be2df.js:1
s.onreadystatechange @ 84-943c41e6dc0be2df.js:1
XMLHttpRequest.send
_create @ 84-943c41e6dc0be2df.js:1
H @ 84-943c41e6dc0be2df.js:1
request @ 84-943c41e6dc0be2df.js:1
doPoll @ 84-943c41e6dc0be2df.js:1
_poll @ 84-943c41e6dc0be2df.js:1
onData @ 84-943c41e6dc0be2df.js:1
x.emit @ 84-943c41e6dc0be2df.js:1
_onLoad @ 84-943c41e6dc0be2df.js:1
s.onreadystatechange @ 84-943c41e6dc0be2df.js:1
XMLHttpRequest.send
_create @ 84-943c41e6dc0be2df.js:1
H @ 84-943c41e6dc0be2df.js:1
request @ 84-943c41e6dc0be2df.js:1
doPoll @ 84-943c41e6dc0be2df.js:1
_poll @ 84-943c41e6dc0be2df.js:1
onData @ 84-943c41e6dc0be2df.js:1
x.emit @ 84-943c41e6dc0be2df.js:1
_onLoad @ 84-943c41e6dc0be2df.js:1
s.onreadystatechange @ 84-943c41e6dc0be2df.js:1
XMLHttpRequest.send
_create @ 84-943c41e6dc0be2df.js:1
H @ 84-943c41e6dc0be2df.js:1
request @ 84-943c41e6dc0be2df.js:1
doPoll @ 84-943c41e6dc0be2df.js:1
_poll @ 84-943c41e6dc0be2df.js:1
onData @ 84-943c41e6dc0be2df.js:1
x.emit @ 84-943c41e6dc0be2df.js:1
_onLoad @ 84-943c41e6dc0be2df.js:1
s.onreadystatechange @ 84-943c41e6dc0be2df.js:1
XMLHttpRequest.send
_create @ 84-943c41e6dc0be2df.js:1
H @ 84-943c41e6dc0be2df.js:1
request @ 84-943c41e6dc0be2df.js:1
doPoll @ 84-943c41e6dc0be2df.js:1
_poll @ 84-943c41e6dc0be2df.js:1
doOpen @ 84-943c41e6dc0be2df.js:1
open @ 84-943c41e6dc0be2df.js:1
_open @ 84-943c41e6dc0be2df.js:1
tn @ 84-943c41e6dc0be2df.js:1
to @ 84-943c41e6dc0be2df.js:1
ta @ 84-943c41e6dc0be2df.js:1
open @ 84-943c41e6dc0be2df.js:1
tA @ 84-943c41e6dc0be2df.js:1
tO @ 84-943c41e6dc0be2df.js:1
(anonymous) @ 742-f5e44fb4de89ca72.js:1
(anonymous) @ 742-f5e44fb4de89ca72.js:1
aW @ fd9d1056-7acf5ff0c83da7db.js:1
oe @ fd9d1056-7acf5ff0c83da7db.js:1
ol @ fd9d1056-7acf5ff0c83da7db.js:1
or @ fd9d1056-7acf5ff0c83da7db.js:1
ol @ fd9d1056-7acf5ff0c83da7db.js:1
or @ fd9d1056-7acf5ff0c83da7db.js:1
ol @ fd9d1056-7acf5ff0c83da7db.js:1
or @ fd9d1056-7acf5ff0c83da7db.js:1
ol @ fd9d1056-7acf5ff0c83da7db.js:1
or @ fd9d1056-7acf5ff0c83da7db.js:1
ol @ fd9d1056-7acf5ff0c83da7db.js:1
or @ fd9d1056-7acf5ff0c83da7db.js:1
ol @ fd9d1056-7acf5ff0c83da7db.js:1
or @ fd9d1056-7acf5ff0c83da7db.js:1
ol @ fd9d1056-7acf5ff0c83da7db.js:1
or @ fd9d1056-7acf5ff0c83da7db.js:1
ol @ fd9d1056-7acf5ff0c83da7db.js:1
or @ fd9d1056-7acf5ff0c83da7db.js:1
ol @ fd9d1056-7acf5ff0c83da7db.js:1
or @ fd9d1056-7acf5ff0c83da7db.js:1
ol @ fd9d1056-7acf5ff0c83da7db.js:1
or @ fd9d1056-7acf5ff0c83da7db.js:1
ol @ fd9d1056-7acf5ff0c83da7db.js:1
or @ fd9d1056-7acf5ff0c83da7db.js:1
ol @ fd9d1056-7acf5ff0c83da7db.js:1
or @ fd9d1056-7acf5ff0c83da7db.js:1
ol @ fd9d1056-7acf5ff0c83da7db.js:1
or @ fd9d1056-7acf5ff0c83da7db.js:1
ol @ fd9d1056-7acf5ff0c83da7db.js:1
or @ fd9d1056-7acf5ff0c83da7db.js:1
ol @ fd9d1056-7acf5ff0c83da7db.js:1
or @ fd9d1056-7acf5ff0c83da7db.js:1
ol @ fd9d1056-7acf5ff0c83da7db.js:1
or @ fd9d1056-7acf5ff0c83da7db.js:1
ol @ fd9d1056-7acf5ff0c83da7db.js:1
or @ fd9d1056-7acf5ff0c83da7db.js:1
ol @ fd9d1056-7acf5ff0c83da7db.js:1
or @ fd9d1056-7acf5ff0c83da7db.js:1
ol @ fd9d1056-7acf5ff0c83da7db.js:1
or @ fd9d1056-7acf5ff0c83da7db.js:1
ol @ fd9d1056-7acf5ff0c83da7db.js:1
or @ fd9d1056-7acf5ff0c83da7db.js:1
ol @ fd9d1056-7acf5ff0c83da7db.js:1
or @ fd9d1056-7acf5ff0c83da7db.js:1
ol @ fd9d1056-7acf5ff0c83da7db.js:1
or @ fd9d1056-7acf5ff0c83da7db.js:1
ol @ fd9d1056-7acf5ff0c83da7db.js:1
or @ fd9d1056-7acf5ff0c83da7db.js:1
ol @ fd9d1056-7acf5ff0c83da7db.js:1
or @ fd9d1056-7acf5ff0c83da7db.js:1
ol @ fd9d1056-7acf5ff0c83da7db.js:1
or @ fd9d1056-7acf5ff0c83da7db.js:1
ol @ fd9d1056-7acf5ff0c83da7db.js:1
or @ fd9d1056-7acf5ff0c83da7db.js:1
ol @ fd9d1056-7acf5ff0c83da7db.js:1
or @ fd9d1056-7acf5ff0c83da7db.js:1
ol @ fd9d1056-7acf5ff0c83da7db.js:1
or @ fd9d1056-7acf5ff0c83da7db.js:1
ol @ fd9d1056-7acf5ff0c83da7db.js:1
or @ fd9d1056-7acf5ff0c83da7db.js:1
ol @ fd9d1056-7acf5ff0c83da7db.js:1
id @ fd9d1056-7acf5ff0c83da7db.js:1
o @ fd9d1056-7acf5ff0c83da7db.js:1
T @ 117-95e74743b4de7ddb.js:1
16:13:47.222  [WebRTC] Stream state: {streamActive: false, totalTracks: 2, liveTracks: 0, tracks: Array(2)}
window.console.error @ 117-95e74743b4de7ddb.js:1
createPeerConnection @ 742-f5e44fb4de89ca72.js:1
createOffer @ 742-f5e44fb4de89ca72.js:1
n @ 742-f5e44fb4de89ca72.js:1
x.emit @ 84-943c41e6dc0be2df.js:1
emitEvent @ 84-943c41e6dc0be2df.js:1
onevent @ 84-943c41e6dc0be2df.js:1
onpacket @ 84-943c41e6dc0be2df.js:1
x.emit @ 84-943c41e6dc0be2df.js:1
(anonymous) @ 84-943c41e6dc0be2df.js:1
Promise.then
(anonymous) @ 84-943c41e6dc0be2df.js:1
ondecoded @ 84-943c41e6dc0be2df.js:1
x.emit @ 84-943c41e6dc0be2df.js:1
add @ 84-943c41e6dc0be2df.js:1
ondata @ 84-943c41e6dc0be2df.js:1
x.emit @ 84-943c41e6dc0be2df.js:1
_onPacket @ 84-943c41e6dc0be2df.js:1
x.emit @ 84-943c41e6dc0be2df.js:1
onPacket @ 84-943c41e6dc0be2df.js:1
(anonymous) @ 84-943c41e6dc0be2df.js:1
onData @ 84-943c41e6dc0be2df.js:1
x.emit @ 84-943c41e6dc0be2df.js:1
_onLoad @ 84-943c41e6dc0be2df.js:1
s.onreadystatechange @ 84-943c41e6dc0be2df.js:1
XMLHttpRequest.send
_create @ 84-943c41e6dc0be2df.js:1
H @ 84-943c41e6dc0be2df.js:1
request @ 84-943c41e6dc0be2df.js:1
doPoll @ 84-943c41e6dc0be2df.js:1
_poll @ 84-943c41e6dc0be2df.js:1
onData @ 84-943c41e6dc0be2df.js:1
x.emit @ 84-943c41e6dc0be2df.js:1
_onLoad @ 84-943c41e6dc0be2df.js:1
s.onreadystatechange @ 84-943c41e6dc0be2df.js:1
XMLHttpRequest.send
_create @ 84-943c41e6dc0be2df.js:1
H @ 84-943c41e6dc0be2df.js:1
request @ 84-943c41e6dc0be2df.js:1
doPoll @ 84-943c41e6dc0be2df.js:1
_poll @ 84-943c41e6dc0be2df.js:1
onData @ 84-943c41e6dc0be2df.js:1
x.emit @ 84-943c41e6dc0be2df.js:1
_onLoad @ 84-943c41e6dc0be2df.js:1
s.onreadystatechange @ 84-943c41e6dc0be2df.js:1
XMLHttpRequest.send
_create @ 84-943c41e6dc0be2df.js:1
H @ 84-943c41e6dc0be2df.js:1
request @ 84-943c41e6dc0be2df.js:1
doPoll @ 84-943c41e6dc0be2df.js:1
_poll @ 84-943c41e6dc0be2df.js:1
onData @ 84-943c41e6dc0be2df.js:1
x.emit @ 84-943c41e6dc0be2df.js:1
_onLoad @ 84-943c41e6dc0be2df.js:1
s.onreadystatechange @ 84-943c41e6dc0be2df.js:1
XMLHttpRequest.send
_create @ 84-943c41e6dc0be2df.js:1
H @ 84-943c41e6dc0be2df.js:1
request @ 84-943c41e6dc0be2df.js:1
doPoll @ 84-943c41e6dc0be2df.js:1
_poll @ 84-943c41e6dc0be2df.js:1
onData @ 84-943c41e6dc0be2df.js:1
x.emit @ 84-943c41e6dc0be2df.js:1
_onLoad @ 84-943c41e6dc0be2df.js:1
s.onreadystatechange @ 84-943c41e6dc0be2df.js:1
XMLHttpRequest.send
_create @ 84-943c41e6dc0be2df.js:1
H @ 84-943c41e6dc0be2df.js:1
request @ 84-943c41e6dc0be2df.js:1
doPoll @ 84-943c41e6dc0be2df.js:1
_poll @ 84-943c41e6dc0be2df.js:1
onData @ 84-943c41e6dc0be2df.js:1
x.emit @ 84-943c41e6dc0be2df.js:1
_onLoad @ 84-943c41e6dc0be2df.js:1
s.onreadystatechange @ 84-943c41e6dc0be2df.js:1
XMLHttpRequest.send
_create @ 84-943c41e6dc0be2df.js:1
H @ 84-943c41e6dc0be2df.js:1
request @ 84-943c41e6dc0be2df.js:1
doPoll @ 84-943c41e6dc0be2df.js:1
_poll @ 84-943c41e6dc0be2df.js:1
onData @ 84-943c41e6dc0be2df.js:1
x.emit @ 84-943c41e6dc0be2df.js:1
_onLoad @ 84-943c41e6dc0be2df.js:1
s.onreadystatechange @ 84-943c41e6dc0be2df.js:1
XMLHttpRequest.send
_create @ 84-943c41e6dc0be2df.js:1
H @ 84-943c41e6dc0be2df.js:1
request @ 84-943c41e6dc0be2df.js:1
doPoll @ 84-943c41e6dc0be2df.js:1
_poll @ 84-943c41e6dc0be2df.js:1
onData @ 84-943c41e6dc0be2df.js:1
x.emit @ 84-943c41e6dc0be2df.js:1
_onLoad @ 84-943c41e6dc0be2df.js:1
s.onreadystatechange @ 84-943c41e6dc0be2df.js:1
XMLHttpRequest.send
_create @ 84-943c41e6dc0be2df.js:1
H @ 84-943c41e6dc0be2df.js:1
request @ 84-943c41e6dc0be2df.js:1
doPoll @ 84-943c41e6dc0be2df.js:1
_poll @ 84-943c41e6dc0be2df.js:1
onData @ 84-943c41e6dc0be2df.js:1
x.emit @ 84-943c41e6dc0be2df.js:1
_onLoad @ 84-943c41e6dc0be2df.js:1
s.onreadystatechange @ 84-943c41e6dc0be2df.js:1
XMLHttpRequest.send
_create @ 84-943c41e6dc0be2df.js:1
H @ 84-943c41e6dc0be2df.js:1
request @ 84-943c41e6dc0be2df.js:1
doPoll @ 84-943c41e6dc0be2df.js:1
_poll @ 84-943c41e6dc0be2df.js:1
onData @ 84-943c41e6dc0be2df.js:1
x.emit @ 84-943c41e6dc0be2df.js:1
_onLoad @ 84-943c41e6dc0be2df.js:1
s.onreadystatechange @ 84-943c41e6dc0be2df.js:1
XMLHttpRequest.send
_create @ 84-943c41e6dc0be2df.js:1
H @ 84-943c41e6dc0be2df.js:1
request @ 84-943c41e6dc0be2df.js:1
doPoll @ 84-943c41e6dc0be2df.js:1
_poll @ 84-943c41e6dc0be2df.js:1
onData @ 84-943c41e6dc0be2df.js:1
x.emit @ 84-943c41e6dc0be2df.js:1
_onLoad @ 84-943c41e6dc0be2df.js:1
s.onreadystatechange @ 84-943c41e6dc0be2df.js:1
XMLHttpRequest.send
_create @ 84-943c41e6dc0be2df.js:1
H @ 84-943c41e6dc0be2df.js:1
request @ 84-943c41e6dc0be2df.js:1
doPoll @ 84-943c41e6dc0be2df.js:1
_poll @ 84-943c41e6dc0be2df.js:1
onData @ 84-943c41e6dc0be2df.js:1
x.emit @ 84-943c41e6dc0be2df.js:1
_onLoad @ 84-943c41e6dc0be2df.js:1
s.onreadystatechange @ 84-943c41e6dc0be2df.js:1
XMLHttpRequest.send
_create @ 84-943c41e6dc0be2df.js:1
H @ 84-943c41e6dc0be2df.js:1
request @ 84-943c41e6dc0be2df.js:1
doPoll @ 84-943c41e6dc0be2df.js:1
_poll @ 84-943c41e6dc0be2df.js:1
onData @ 84-943c41e6dc0be2df.js:1
x.emit @ 84-943c41e6dc0be2df.js:1
_onLoad @ 84-943c41e6dc0be2df.js:1
s.onreadystatechange @ 84-943c41e6dc0be2df.js:1
XMLHttpRequest.send
_create @ 84-943c41e6dc0be2df.js:1
H @ 84-943c41e6dc0be2df.js:1
request @ 84-943c41e6dc0be2df.js:1
doPoll @ 84-943c41e6dc0be2df.js:1
_poll @ 84-943c41e6dc0be2df.js:1
onData @ 84-943c41e6dc0be2df.js:1
x.emit @ 84-943c41e6dc0be2df.js:1
_onLoad @ 84-943c41e6dc0be2df.js:1
s.onreadystatechange @ 84-943c41e6dc0be2df.js:1
XMLHttpRequest.send
_create @ 84-943c41e6dc0be2df.js:1
H @ 84-943c41e6dc0be2df.js:1
request @ 84-943c41e6dc0be2df.js:1
doPoll @ 84-943c41e6dc0be2df.js:1
_poll @ 84-943c41e6dc0be2df.js:1
doOpen @ 84-943c41e6dc0be2df.js:1
open @ 84-943c41e6dc0be2df.js:1
_open @ 84-943c41e6dc0be2df.js:1
tn @ 84-943c41e6dc0be2df.js:1
to @ 84-943c41e6dc0be2df.js:1
ta @ 84-943c41e6dc0be2df.js:1
open @ 84-943c41e6dc0be2df.js:1
tA @ 84-943c41e6dc0be2df.js:1
tO @ 84-943c41e6dc0be2df.js:1
(anonymous) @ 742-f5e44fb4de89ca72.js:1
(anonymous) @ 742-f5e44fb4de89ca72.js:1
aW @ fd9d1056-7acf5ff0c83da7db.js:1
oe @ fd9d1056-7acf5ff0c83da7db.js:1
ol @ fd9d1056-7acf5ff0c83da7db.js:1
or @ fd9d1056-7acf5ff0c83da7db.js:1
ol @ fd9d1056-7acf5ff0c83da7db.js:1
or @ fd9d1056-7acf5ff0c83da7db.js:1
ol @ fd9d1056-7acf5ff0c83da7db.js:1
or @ fd9d1056-7acf5ff0c83da7db.js:1
ol @ fd9d1056-7acf5ff0c83da7db.js:1
or @ fd9d1056-7acf5ff0c83da7db.js:1
ol @ fd9d1056-7acf5ff0c83da7db.js:1
or @ fd9d1056-7acf5ff0c83da7db.js:1
ol @ fd9d1056-7acf5ff0c83da7db.js:1
or @ fd9d1056-7acf5ff0c83da7db.js:1
ol @ fd9d1056-7acf5ff0c83da7db.js:1
or @ fd9d1056-7acf5ff0c83da7db.js:1
ol @ fd9d1056-7acf5ff0c83da7db.js:1
or @ fd9d1056-7acf5ff0c83da7db.js:1
ol @ fd9d1056-7acf5ff0c83da7db.js:1
or @ fd9d1056-7acf5ff0c83da7db.js:1
ol @ fd9d1056-7acf5ff0c83da7db.js:1
or @ fd9d1056-7acf5ff0c83da7db.js:1
ol @ fd9d1056-7acf5ff0c83da7db.js:1
or @ fd9d1056-7acf5ff0c83da7db.js:1
ol @ fd9d1056-7acf5ff0c83da7db.js:1
or @ fd9d1056-7acf5ff0c83da7db.js:1
ol @ fd9d1056-7acf5ff0c83da7db.js:1
or @ fd9d1056-7acf5ff0c83da7db.js:1
ol @ fd9d1056-7acf5ff0c83da7db.js:1
or @ fd9d1056-7acf5ff0c83da7db.js:1
ol @ fd9d1056-7acf5ff0c83da7db.js:1
or @ fd9d1056-7acf5ff0c83da7db.js:1
ol @ fd9d1056-7acf5ff0c83da7db.js:1
or @ fd9d1056-7acf5ff0c83da7db.js:1
ol @ fd9d1056-7acf5ff0c83da7db.js:1
or @ fd9d1056-7acf5ff0c83da7db.js:1
ol @ fd9d1056-7acf5ff0c83da7db.js:1
or @ fd9d1056-7acf5ff0c83da7db.js:1
ol @ fd9d1056-7acf5ff0c83da7db.js:1
or @ fd9d1056-7acf5ff0c83da7db.js:1
ol @ fd9d1056-7acf5ff0c83da7db.js:1
or @ fd9d1056-7acf5ff0c83da7db.js:1
ol @ fd9d1056-7acf5ff0c83da7db.js:1
or @ fd9d1056-7acf5ff0c83da7db.js:1
ol @ fd9d1056-7acf5ff0c83da7db.js:1
or @ fd9d1056-7acf5ff0c83da7db.js:1
ol @ fd9d1056-7acf5ff0c83da7db.js:1
or @ fd9d1056-7acf5ff0c83da7db.js:1
ol @ fd9d1056-7acf5ff0c83da7db.js:1
or @ fd9d1056-7acf5ff0c83da7db.js:1
ol @ fd9d1056-7acf5ff0c83da7db.js:1
or @ fd9d1056-7acf5ff0c83da7db.js:1
ol @ fd9d1056-7acf5ff0c83da7db.js:1
or @ fd9d1056-7acf5ff0c83da7db.js:1
ol @ fd9d1056-7acf5ff0c83da7db.js:1
or @ fd9d1056-7acf5ff0c83da7db.js:1
ol @ fd9d1056-7acf5ff0c83da7db.js:1
or @ fd9d1056-7acf5ff0c83da7db.js:1
ol @ fd9d1056-7acf5ff0c83da7db.js:1
or @ fd9d1056-7acf5ff0c83da7db.js:1
ol @ fd9d1056-7acf5ff0c83da7db.js:1
id @ fd9d1056-7acf5ff0c83da7db.js:1
o @ fd9d1056-7acf5ff0c83da7db.js:1
T @ 117-95e74743b4de7ddb.js:1
16:13:47.223  [WebRTC] ❌ Failed to create offer for participant: cmetcnw9e0000kuy9dooe536g 
window.console.error @ 117-95e74743b4de7ddb.js:1
createOffer @ 742-f5e44fb4de89ca72.js:1
await in createOffer
n @ 742-f5e44fb4de89ca72.js:1
x.emit @ 84-943c41e6dc0be2df.js:1
emitEvent @ 84-943c41e6dc0be2df.js:1
onevent @ 84-943c41e6dc0be2df.js:1
onpacket @ 84-943c41e6dc0be2df.js:1
x.emit @ 84-943c41e6dc0be2df.js:1
(anonymous) @ 84-943c41e6dc0be2df.js:1
Promise.then
(anonymous) @ 84-943c41e6dc0be2df.js:1
ondecoded @ 84-943c41e6dc0be2df.js:1
x.emit @ 84-943c41e6dc0be2df.js:1
add @ 84-943c41e6dc0be2df.js:1
ondata @ 84-943c41e6dc0be2df.js:1
x.emit @ 84-943c41e6dc0be2df.js:1
_onPacket @ 84-943c41e6dc0be2df.js:1
x.emit @ 84-943c41e6dc0be2df.js:1
onPacket @ 84-943c41e6dc0be2df.js:1
(anonymous) @ 84-943c41e6dc0be2df.js:1
onData @ 84-943c41e6dc0be2df.js:1
x.emit @ 84-943c41e6dc0be2df.js:1
_onLoad @ 84-943c41e6dc0be2df.js:1
s.onreadystatechange @ 84-943c41e6dc0be2df.js:1
XMLHttpRequest.send
_create @ 84-943c41e6dc0be2df.js:1
H @ 84-943c41e6dc0be2df.js:1
request @ 84-943c41e6dc0be2df.js:1
doPoll @ 84-943c41e6dc0be2df.js:1
_poll @ 84-943c41e6dc0be2df.js:1
onData @ 84-943c41e6dc0be2df.js:1
x.emit @ 84-943c41e6dc0be2df.js:1
_onLoad @ 84-943c41e6dc0be2df.js:1
s.onreadystatechange @ 84-943c41e6dc0be2df.js:1
XMLHttpRequest.send
_create @ 84-943c41e6dc0be2df.js:1
H @ 84-943c41e6dc0be2df.js:1
request @ 84-943c41e6dc0be2df.js:1
doPoll @ 84-943c41e6dc0be2df.js:1
_poll @ 84-943c41e6dc0be2df.js:1
onData @ 84-943c41e6dc0be2df.js:1
x.emit @ 84-943c41e6dc0be2df.js:1
_onLoad @ 84-943c41e6dc0be2df.js:1
s.onreadystatechange @ 84-943c41e6dc0be2df.js:1
XMLHttpRequest.send
_create @ 84-943c41e6dc0be2df.js:1
H @ 84-943c41e6dc0be2df.js:1
request @ 84-943c41e6dc0be2df.js:1
doPoll @ 84-943c41e6dc0be2df.js:1
_poll @ 84-943c41e6dc0be2df.js:1
onData @ 84-943c41e6dc0be2df.js:1
x.emit @ 84-943c41e6dc0be2df.js:1
_onLoad @ 84-943c41e6dc0be2df.js:1
s.onreadystatechange @ 84-943c41e6dc0be2df.js:1
XMLHttpRequest.send
_create @ 84-943c41e6dc0be2df.js:1
H @ 84-943c41e6dc0be2df.js:1
request @ 84-943c41e6dc0be2df.js:1
doPoll @ 84-943c41e6dc0be2df.js:1
_poll @ 84-943c41e6dc0be2df.js:1
onData @ 84-943c41e6dc0be2df.js:1
x.emit @ 84-943c41e6dc0be2df.js:1
_onLoad @ 84-943c41e6dc0be2df.js:1
s.onreadystatechange @ 84-943c41e6dc0be2df.js:1
XMLHttpRequest.send
_create @ 84-943c41e6dc0be2df.js:1
H @ 84-943c41e6dc0be2df.js:1
request @ 84-943c41e6dc0be2df.js:1
doPoll @ 84-943c41e6dc0be2df.js:1
_poll @ 84-943c41e6dc0be2df.js:1
onData @ 84-943c41e6dc0be2df.js:1
x.emit @ 84-943c41e6dc0be2df.js:1
_onLoad @ 84-943c41e6dc0be2df.js:1
s.onreadystatechange @ 84-943c41e6dc0be2df.js:1
XMLHttpRequest.send
_create @ 84-943c41e6dc0be2df.js:1
H @ 84-943c41e6dc0be2df.js:1
request @ 84-943c41e6dc0be2df.js:1
doPoll @ 84-943c41e6dc0be2df.js:1
_poll @ 84-943c41e6dc0be2df.js:1
onData @ 84-943c41e6dc0be2df.js:1
x.emit @ 84-943c41e6dc0be2df.js:1
_onLoad @ 84-943c41e6dc0be2df.js:1
s.onreadystatechange @ 84-943c41e6dc0be2df.js:1
XMLHttpRequest.send
_create @ 84-943c41e6dc0be2df.js:1
H @ 84-943c41e6dc0be2df.js:1
request @ 84-943c41e6dc0be2df.js:1
doPoll @ 84-943c41e6dc0be2df.js:1
_poll @ 84-943c41e6dc0be2df.js:1
onData @ 84-943c41e6dc0be2df.js:1
x.emit @ 84-943c41e6dc0be2df.js:1
_onLoad @ 84-943c41e6dc0be2df.js:1
s.onreadystatechange @ 84-943c41e6dc0be2df.js:1
XMLHttpRequest.send
_create @ 84-943c41e6dc0be2df.js:1
H @ 84-943c41e6dc0be2df.js:1
request @ 84-943c41e6dc0be2df.js:1
doPoll @ 84-943c41e6dc0be2df.js:1
_poll @ 84-943c41e6dc0be2df.js:1
onData @ 84-943c41e6dc0be2df.js:1
x.emit @ 84-943c41e6dc0be2df.js:1
_onLoad @ 84-943c41e6dc0be2df.js:1
s.onreadystatechange @ 84-943c41e6dc0be2df.js:1
XMLHttpRequest.send
_create @ 84-943c41e6dc0be2df.js:1
H @ 84-943c41e6dc0be2df.js:1
request @ 84-943c41e6dc0be2df.js:1
doPoll @ 84-943c41e6dc0be2df.js:1
_poll @ 84-943c41e6dc0be2df.js:1
onData @ 84-943c41e6dc0be2df.js:1
x.emit @ 84-943c41e6dc0be2df.js:1
_onLoad @ 84-943c41e6dc0be2df.js:1
s.onreadystatechange @ 84-943c41e6dc0be2df.js:1
XMLHttpRequest.send
_create @ 84-943c41e6dc0be2df.js:1
H @ 84-943c41e6dc0be2df.js:1
request @ 84-943c41e6dc0be2df.js:1
doPoll @ 84-943c41e6dc0be2df.js:1
_poll @ 84-943c41e6dc0be2df.js:1
onData @ 84-943c41e6dc0be2df.js:1
x.emit @ 84-943c41e6dc0be2df.js:1
_onLoad @ 84-943c41e6dc0be2df.js:1
s.onreadystatechange @ 84-943c41e6dc0be2df.js:1
XMLHttpRequest.send
_create @ 84-943c41e6dc0be2df.js:1
H @ 84-943c41e6dc0be2df.js:1
request @ 84-943c41e6dc0be2df.js:1
doPoll @ 84-943c41e6dc0be2df.js:1
_poll @ 84-943c41e6dc0be2df.js:1
onData @ 84-943c41e6dc0be2df.js:1
x.emit @ 84-943c41e6dc0be2df.js:1
_onLoad @ 84-943c41e6dc0be2df.js:1
s.onreadystatechange @ 84-943c41e6dc0be2df.js:1
XMLHttpRequest.send
_create @ 84-943c41e6dc0be2df.js:1
H @ 84-943c41e6dc0be2df.js:1
request @ 84-943c41e6dc0be2df.js:1
doPoll @ 84-943c41e6dc0be2df.js:1
_poll @ 84-943c41e6dc0be2df.js:1
onData @ 84-943c41e6dc0be2df.js:1
x.emit @ 84-943c41e6dc0be2df.js:1
_onLoad @ 84-943c41e6dc0be2df.js:1
s.onreadystatechange @ 84-943c41e6dc0be2df.js:1
XMLHttpRequest.send
_create @ 84-943c41e6dc0be2df.js:1
H @ 84-943c41e6dc0be2df.js:1
request @ 84-943c41e6dc0be2df.js:1
doPoll @ 84-943c41e6dc0be2df.js:1
_poll @ 84-943c41e6dc0be2df.js:1
onData @ 84-943c41e6dc0be2df.js:1
x.emit @ 84-943c41e6dc0be2df.js:1
_onLoad @ 84-943c41e6dc0be2df.js:1
s.onreadystatechange @ 84-943c41e6dc0be2df.js:1
XMLHttpRequest.send
_create @ 84-943c41e6dc0be2df.js:1
H @ 84-943c41e6dc0be2df.js:1
request @ 84-943c41e6dc0be2df.js:1
doPoll @ 84-943c41e6dc0be2df.js:1
_poll @ 84-943c41e6dc0be2df.js:1
doOpen @ 84-943c41e6dc0be2df.js:1
open @ 84-943c41e6dc0be2df.js:1
_open @ 84-943c41e6dc0be2df.js:1
tn @ 84-943c41e6dc0be2df.js:1
to @ 84-943c41e6dc0be2df.js:1
ta @ 84-943c41e6dc0be2df.js:1
open @ 84-943c41e6dc0be2df.js:1
tA @ 84-943c41e6dc0be2df.js:1
tO @ 84-943c41e6dc0be2df.js:1
(anonymous) @ 742-f5e44fb4de89ca72.js:1
(anonymous) @ 742-f5e44fb4de89ca72.js:1
aW @ fd9d1056-7acf5ff0c83da7db.js:1
oe @ fd9d1056-7acf5ff0c83da7db.js:1
ol @ fd9d1056-7acf5ff0c83da7db.js:1
or @ fd9d1056-7acf5ff0c83da7db.js:1
ol @ fd9d1056-7acf5ff0c83da7db.js:1
or @ fd9d1056-7acf5ff0c83da7db.js:1
ol @ fd9d1056-7acf5ff0c83da7db.js:1
or @ fd9d1056-7acf5ff0c83da7db.js:1
ol @ fd9d1056-7acf5ff0c83da7db.js:1
or @ fd9d1056-7acf5ff0c83da7db.js:1
ol @ fd9d1056-7acf5ff0c83da7db.js:1
or @ fd9d1056-7acf5ff0c83da7db.js:1
ol @ fd9d1056-7acf5ff0c83da7db.js:1
or @ fd9d1056-7acf5ff0c83da7db.js:1
ol @ fd9d1056-7acf5ff0c83da7db.js:1
or @ fd9d1056-7acf5ff0c83da7db.js:1
ol @ fd9d1056-7acf5ff0c83da7db.js:1
or @ fd9d1056-7acf5ff0c83da7db.js:1
ol @ fd9d1056-7acf5ff0c83da7db.js:1
or @ fd9d1056-7acf5ff0c83da7db.js:1
ol @ fd9d1056-7acf5ff0c83da7db.js:1
or @ fd9d1056-7acf5ff0c83da7db.js:1
ol @ fd9d1056-7acf5ff0c83da7db.js:1
or @ fd9d1056-7acf5ff0c83da7db.js:1
ol @ fd9d1056-7acf5ff0c83da7db.js:1
or @ fd9d1056-7acf5ff0c83da7db.js:1
ol @ fd9d1056-7acf5ff0c83da7db.js:1
or @ fd9d1056-7acf5ff0c83da7db.js:1
ol @ fd9d1056-7acf5ff0c83da7db.js:1
or @ fd9d1056-7acf5ff0c83da7db.js:1
ol @ fd9d1056-7acf5ff0c83da7db.js:1
or @ fd9d1056-7acf5ff0c83da7db.js:1
ol @ fd9d1056-7acf5ff0c83da7db.js:1
or @ fd9d1056-7acf5ff0c83da7db.js:1
ol @ fd9d1056-7acf5ff0c83da7db.js:1
or @ fd9d1056-7acf5ff0c83da7db.js:1
ol @ fd9d1056-7acf5ff0c83da7db.js:1
or @ fd9d1056-7acf5ff0c83da7db.js:1
ol @ fd9d1056-7acf5ff0c83da7db.js:1
or @ fd9d1056-7acf5ff0c83da7db.js:1
ol @ fd9d1056-7acf5ff0c83da7db.js:1
or @ fd9d1056-7acf5ff0c83da7db.js:1
ol @ fd9d1056-7acf5ff0c83da7db.js:1
or @ fd9d1056-7acf5ff0c83da7db.js:1
ol @ fd9d1056-7acf5ff0c83da7db.js:1
or @ fd9d1056-7acf5ff0c83da7db.js:1
ol @ fd9d1056-7acf5ff0c83da7db.js:1
or @ fd9d1056-7acf5ff0c83da7db.js:1
ol @ fd9d1056-7acf5ff0c83da7db.js:1
or @ fd9d1056-7acf5ff0c83da7db.js:1
ol @ fd9d1056-7acf5ff0c83da7db.js:1
or @ fd9d1056-7acf5ff0c83da7db.js:1
ol @ fd9d1056-7acf5ff0c83da7db.js:1
or @ fd9d1056-7acf5ff0c83da7db.js:1
ol @ fd9d1056-7acf5ff0c83da7db.js:1
or @ fd9d1056-7acf5ff0c83da7db.js:1
ol @ fd9d1056-7acf5ff0c83da7db.js:1
or @ fd9d1056-7acf5ff0c83da7db.js:1
ol @ fd9d1056-7acf5ff0c83da7db.js:1
or @ fd9d1056-7acf5ff0c83da7db.js:1
ol @ fd9d1056-7acf5ff0c83da7db.js:1
id @ fd9d1056-7acf5ff0c83da7db.js:1
o @ fd9d1056-7acf5ff0c83da7db.js:1
T @ 117-95e74743b4de7ddb.js:1
16:13:47.224  [WebRTC] Temporary error, preserving connection for retry: cmetcnw9e0000kuy9dooe536g
16:13:47.227  [CallModal] Participant already in list with optimal data, skipping update: {id: 'cmetcnw9e0000kuy9dooe536g', currentName: 'Tester Test', receivedName: 'Tester Test'}
16:13:47.227  [CallModal] 📊 SIMPLIFIED count logic: server=3, userActive=false, display=3, final=3
16:13:47.227  [CallModal] 📱 Status text: "Ringing..." (hasAccepted: true, isIncoming: false, callState: ringing)
16:13:47.227  [CallModal] VideoGrid participants: {total: 1, filtered: 0, currentUserId: 'cmetc9zvw0000lx0fvjdkcng1', participantNames: Array(0)}
16:13:47.480  [CallModal] 👤 Participant state update: {callId: 'call-1758096821929-j0m8cxwgf', participantId: 'cmetcnw9e0000kuy9dooe536g', state: 'connecting'}
16:13:47.480  [CallModal] 👤 Participant state update: {callId: 'call-1758096821929-j0m8cxwgf', participantId: 'cmetcnw9e0000kuy9dooe536g', state: 'connecting'}
16:13:47.480  [CallModal] 👤 Participant state update: {callId: 'call-1758096821929-j0m8cxwgf', participantId: 'cmetcnw9e0000kuy9dooe536g', state: 'connecting'}
16:13:47.481  [GlobalCallManager] ✅ CALL_STATE_UPDATE received: {callId: 'call-1758096821929-j0m8cxwgf', status: 'connecting', participantCount: 3, connectingParticipants: Array(2), participantStates: {…}}
16:13:47.481  [GlobalCallManager] Current incoming call: undefined
16:13:47.481  [GlobalCallManager] Match? false
16:13:47.481  [GlobalCallManager] 📞 Checking outgoing call state update for ringing management
16:13:47.481  [GlobalCallManager] Current user state: connecting
16:13:47.481  [GlobalCallManager] Data status: connecting
16:13:47.481  [GlobalCallManager] 🎯 OUTGOING CALL: Other participants connected, stopping caller ringing
16:13:47.481  [GlobalCallManager] Connected participants: [{…}]
16:13:47.481  [GlobalCallManager] 🔇 FORCE STOP ringing sound - reason: outgoing call answered by others - current interval: false
16:13:47.481  [AudioManager] ✅ Stopped outgoing ringing
16:13:47.481  [GlobalCallManager] ✅ Stopped AudioManager outgoing ringing
16:13:47.481  [GlobalCallManager] Attempting to clear call notifications
16:13:47.482  [CallModal] Data: {callId: 'call-1758096821929-j0m8cxwgf', status: 'connecting', participantCount: 3, connectingParticipants: Array(2), participantStates: {…}}
16:13:47.482  [CallModal] Current state: dialing -> New state: connecting
16:13:47.482 742-f5e44fb4de89ca72.js:1 [CallModal] 🔇 FORCE STOPPING ringing due to state change: dialing -> connecting
16:13:47.482 742-f5e44fb4de89ca72.js:1 [CallModal] 🔇 STOPPING ringing sound completely
16:13:47.482 742-f5e44fb4de89ca72.js:1 [AudioManager] ✅ Stopped outgoing ringing
16:13:47.482 742-f5e44fb4de89ca72.js:1 [CallModal] ✅ Audio manager ringing stopped
16:13:47.482 742-f5e44fb4de89ca72.js:1 [CallModal] 🔇 Suspending AudioContext to stop all audio
16:13:47.483 742-f5e44fb4de89ca72.js:1 [GlobalCallManager] 🔇 Received suspend audio context event: {eventCallId: 'call-1758096821929-j0m8cxwgf', reason: 'callmodal_audio_stopped', callerId: 'cmetc9zvw0000lx0fvjdkcng1'}
16:13:47.484 742-f5e44fb4de89ca72.js:1 [CallModal] 📢 Notifying GlobalCallManager to stop ringing via browser event (PRIORITY)
16:13:47.484 742-f5e44fb4de89ca72.js:1 [GlobalCallManager] 🔔 Received stop ringing event: {eventCallId: 'call-1758096821929-j0m8cxwgf', reason: 'callmodal_ringing_stopped_priority', callerId: 'cmetc9zvw0000lx0fvjdkcng1', priority: true}
16:13:47.484 742-f5e44fb4de89ca72.js:1 [GlobalCallManager] ⚡ PRIORITY event - bypassing debouncing
16:13:47.484 742-f5e44fb4de89ca72.js:1 [GlobalCallManager] 🔇 Stopping ringing due to browser event: callmodal_ringing_stopped_priority
16:13:47.484 742-f5e44fb4de89ca72.js:1 [GlobalCallManager] 🔇 FORCE STOP ringing sound - reason: browser event: callmodal_ringing_stopped_priority - current interval: false
16:13:47.484 742-f5e44fb4de89ca72.js:1 [AudioManager] ✅ Stopped outgoing ringing
16:13:47.484 742-f5e44fb4de89ca72.js:1 [GlobalCallManager] ✅ Stopped AudioManager outgoing ringing
16:13:47.484 742-f5e44fb4de89ca72.js:1 [GlobalCallManager] Attempting to clear call notifications
16:13:47.485 742-f5e44fb4de89ca72.js:1 [GlobalCallManager] 📞 Caller ringing stopped - no UI changes needed
16:13:47.485 742-f5e44fb4de89ca72.js:1 [CallModal] 🔄 Call transitioning to connecting - initiating WebRTC connections
16:13:47.485 742-f5e44fb4de89ca72.js:1 [CallModal] Starting WebRTC connections with participants: (2) ['cmetcnw9e0000kuy9dooe536g', 'cmetcd54n000plx0f6031986z']
16:13:47.485 117-95e74743b4de7ddb.js:1 [CallModal] ❌ No active local stream available for WebRTC connections!
window.console.error @ 117-95e74743b4de7ddb.js:1
c @ 742-f5e44fb4de89ca72.js:1
x.emit @ 84-943c41e6dc0be2df.js:1
emitEvent @ 84-943c41e6dc0be2df.js:1
onevent @ 84-943c41e6dc0be2df.js:1
onpacket @ 84-943c41e6dc0be2df.js:1
x.emit @ 84-943c41e6dc0be2df.js:1
(anonymous) @ 84-943c41e6dc0be2df.js:1
Promise.then
(anonymous) @ 84-943c41e6dc0be2df.js:1
ondecoded @ 84-943c41e6dc0be2df.js:1
x.emit @ 84-943c41e6dc0be2df.js:1
add @ 84-943c41e6dc0be2df.js:1
ondata @ 84-943c41e6dc0be2df.js:1
x.emit @ 84-943c41e6dc0be2df.js:1
_onPacket @ 84-943c41e6dc0be2df.js:1
x.emit @ 84-943c41e6dc0be2df.js:1
onPacket @ 84-943c41e6dc0be2df.js:1
(anonymous) @ 84-943c41e6dc0be2df.js:1
onData @ 84-943c41e6dc0be2df.js:1
x.emit @ 84-943c41e6dc0be2df.js:1
_onLoad @ 84-943c41e6dc0be2df.js:1
s.onreadystatechange @ 84-943c41e6dc0be2df.js:1
XMLHttpRequest.send
_create @ 84-943c41e6dc0be2df.js:1
H @ 84-943c41e6dc0be2df.js:1
request @ 84-943c41e6dc0be2df.js:1
doPoll @ 84-943c41e6dc0be2df.js:1
_poll @ 84-943c41e6dc0be2df.js:1
onData @ 84-943c41e6dc0be2df.js:1
x.emit @ 84-943c41e6dc0be2df.js:1
_onLoad @ 84-943c41e6dc0be2df.js:1
s.onreadystatechange @ 84-943c41e6dc0be2df.js:1
XMLHttpRequest.send
_create @ 84-943c41e6dc0be2df.js:1
H @ 84-943c41e6dc0be2df.js:1
request @ 84-943c41e6dc0be2df.js:1
doPoll @ 84-943c41e6dc0be2df.js:1
_poll @ 84-943c41e6dc0be2df.js:1
onData @ 84-943c41e6dc0be2df.js:1
x.emit @ 84-943c41e6dc0be2df.js:1
_onLoad @ 84-943c41e6dc0be2df.js:1
s.onreadystatechange @ 84-943c41e6dc0be2df.js:1
XMLHttpRequest.send
_create @ 84-943c41e6dc0be2df.js:1
H @ 84-943c41e6dc0be2df.js:1
request @ 84-943c41e6dc0be2df.js:1
doPoll @ 84-943c41e6dc0be2df.js:1
_poll @ 84-943c41e6dc0be2df.js:1
onData @ 84-943c41e6dc0be2df.js:1
x.emit @ 84-943c41e6dc0be2df.js:1
_onLoad @ 84-943c41e6dc0be2df.js:1
s.onreadystatechange @ 84-943c41e6dc0be2df.js:1
XMLHttpRequest.send
_create @ 84-943c41e6dc0be2df.js:1
H @ 84-943c41e6dc0be2df.js:1
request @ 84-943c41e6dc0be2df.js:1
doPoll @ 84-943c41e6dc0be2df.js:1
_poll @ 84-943c41e6dc0be2df.js:1
onData @ 84-943c41e6dc0be2df.js:1
x.emit @ 84-943c41e6dc0be2df.js:1
_onLoad @ 84-943c41e6dc0be2df.js:1
s.onreadystatechange @ 84-943c41e6dc0be2df.js:1
XMLHttpRequest.send
_create @ 84-943c41e6dc0be2df.js:1
H @ 84-943c41e6dc0be2df.js:1
request @ 84-943c41e6dc0be2df.js:1
doPoll @ 84-943c41e6dc0be2df.js:1
_poll @ 84-943c41e6dc0be2df.js:1
onData @ 84-943c41e6dc0be2df.js:1
x.emit @ 84-943c41e6dc0be2df.js:1
_onLoad @ 84-943c41e6dc0be2df.js:1
s.onreadystatechange @ 84-943c41e6dc0be2df.js:1
XMLHttpRequest.send
_create @ 84-943c41e6dc0be2df.js:1
H @ 84-943c41e6dc0be2df.js:1
request @ 84-943c41e6dc0be2df.js:1
doPoll @ 84-943c41e6dc0be2df.js:1
_poll @ 84-943c41e6dc0be2df.js:1
onData @ 84-943c41e6dc0be2df.js:1
x.emit @ 84-943c41e6dc0be2df.js:1
_onLoad @ 84-943c41e6dc0be2df.js:1
s.onreadystatechange @ 84-943c41e6dc0be2df.js:1
XMLHttpRequest.send
_create @ 84-943c41e6dc0be2df.js:1
H @ 84-943c41e6dc0be2df.js:1
request @ 84-943c41e6dc0be2df.js:1
doPoll @ 84-943c41e6dc0be2df.js:1
_poll @ 84-943c41e6dc0be2df.js:1
onData @ 84-943c41e6dc0be2df.js:1
x.emit @ 84-943c41e6dc0be2df.js:1
_onLoad @ 84-943c41e6dc0be2df.js:1
s.onreadystatechange @ 84-943c41e6dc0be2df.js:1
XMLHttpRequest.send
_create @ 84-943c41e6dc0be2df.js:1
H @ 84-943c41e6dc0be2df.js:1
request @ 84-943c41e6dc0be2df.js:1
doPoll @ 84-943c41e6dc0be2df.js:1
_poll @ 84-943c41e6dc0be2df.js:1
onData @ 84-943c41e6dc0be2df.js:1
x.emit @ 84-943c41e6dc0be2df.js:1
_onLoad @ 84-943c41e6dc0be2df.js:1
s.onreadystatechange @ 84-943c41e6dc0be2df.js:1
XMLHttpRequest.send
_create @ 84-943c41e6dc0be2df.js:1
H @ 84-943c41e6dc0be2df.js:1
request @ 84-943c41e6dc0be2df.js:1
doPoll @ 84-943c41e6dc0be2df.js:1
_poll @ 84-943c41e6dc0be2df.js:1
onData @ 84-943c41e6dc0be2df.js:1
x.emit @ 84-943c41e6dc0be2df.js:1
_onLoad @ 84-943c41e6dc0be2df.js:1
s.onreadystatechange @ 84-943c41e6dc0be2df.js:1
XMLHttpRequest.send
_create @ 84-943c41e6dc0be2df.js:1
H @ 84-943c41e6dc0be2df.js:1
request @ 84-943c41e6dc0be2df.js:1
doPoll @ 84-943c41e6dc0be2df.js:1
_poll @ 84-943c41e6dc0be2df.js:1
onData @ 84-943c41e6dc0be2df.js:1
x.emit @ 84-943c41e6dc0be2df.js:1
_onLoad @ 84-943c41e6dc0be2df.js:1
s.onreadystatechange @ 84-943c41e6dc0be2df.js:1
XMLHttpRequest.send
_create @ 84-943c41e6dc0be2df.js:1
H @ 84-943c41e6dc0be2df.js:1
request @ 84-943c41e6dc0be2df.js:1
doPoll @ 84-943c41e6dc0be2df.js:1
_poll @ 84-943c41e6dc0be2df.js:1
onData @ 84-943c41e6dc0be2df.js:1
x.emit @ 84-943c41e6dc0be2df.js:1
_onLoad @ 84-943c41e6dc0be2df.js:1
s.onreadystatechange @ 84-943c41e6dc0be2df.js:1
XMLHttpRequest.send
_create @ 84-943c41e6dc0be2df.js:1
H @ 84-943c41e6dc0be2df.js:1
request @ 84-943c41e6dc0be2df.js:1
doPoll @ 84-943c41e6dc0be2df.js:1
_poll @ 84-943c41e6dc0be2df.js:1
onData @ 84-943c41e6dc0be2df.js:1
x.emit @ 84-943c41e6dc0be2df.js:1
_onLoad @ 84-943c41e6dc0be2df.js:1
s.onreadystatechange @ 84-943c41e6dc0be2df.js:1
XMLHttpRequest.send
_create @ 84-943c41e6dc0be2df.js:1
H @ 84-943c41e6dc0be2df.js:1
request @ 84-943c41e6dc0be2df.js:1
doPoll @ 84-943c41e6dc0be2df.js:1
_poll @ 84-943c41e6dc0be2df.js:1
onData @ 84-943c41e6dc0be2df.js:1
x.emit @ 84-943c41e6dc0be2df.js:1
_onLoad @ 84-943c41e6dc0be2df.js:1
s.onreadystatechange @ 84-943c41e6dc0be2df.js:1
XMLHttpRequest.send
_create @ 84-943c41e6dc0be2df.js:1
H @ 84-943c41e6dc0be2df.js:1
request @ 84-943c41e6dc0be2df.js:1
doPoll @ 84-943c41e6dc0be2df.js:1
_poll @ 84-943c41e6dc0be2df.js:1
onData @ 84-943c41e6dc0be2df.js:1
x.emit @ 84-943c41e6dc0be2df.js:1
_onLoad @ 84-943c41e6dc0be2df.js:1
s.onreadystatechange @ 84-943c41e6dc0be2df.js:1
XMLHttpRequest.send
_create @ 84-943c41e6dc0be2df.js:1
H @ 84-943c41e6dc0be2df.js:1
request @ 84-943c41e6dc0be2df.js:1
doPoll @ 84-943c41e6dc0be2df.js:1
_poll @ 84-943c41e6dc0be2df.js:1
doOpen @ 84-943c41e6dc0be2df.js:1
open @ 84-943c41e6dc0be2df.js:1
_open @ 84-943c41e6dc0be2df.js:1
tn @ 84-943c41e6dc0be2df.js:1
to @ 84-943c41e6dc0be2df.js:1
ta @ 84-943c41e6dc0be2df.js:1
open @ 84-943c41e6dc0be2df.js:1
tA @ 84-943c41e6dc0be2df.js:1
tO @ 84-943c41e6dc0be2df.js:1
(anonymous) @ 742-f5e44fb4de89ca72.js:1
(anonymous) @ 742-f5e44fb4de89ca72.js:1
aW @ fd9d1056-7acf5ff0c83da7db.js:1
oe @ fd9d1056-7acf5ff0c83da7db.js:1
ol @ fd9d1056-7acf5ff0c83da7db.js:1
or @ fd9d1056-7acf5ff0c83da7db.js:1
ol @ fd9d1056-7acf5ff0c83da7db.js:1
or @ fd9d1056-7acf5ff0c83da7db.js:1
ol @ fd9d1056-7acf5ff0c83da7db.js:1
or @ fd9d1056-7acf5ff0c83da7db.js:1
ol @ fd9d1056-7acf5ff0c83da7db.js:1
or @ fd9d1056-7acf5ff0c83da7db.js:1
ol @ fd9d1056-7acf5ff0c83da7db.js:1
or @ fd9d1056-7acf5ff0c83da7db.js:1
ol @ fd9d1056-7acf5ff0c83da7db.js:1
or @ fd9d1056-7acf5ff0c83da7db.js:1
ol @ fd9d1056-7acf5ff0c83da7db.js:1
or @ fd9d1056-7acf5ff0c83da7db.js:1
ol @ fd9d1056-7acf5ff0c83da7db.js:1
or @ fd9d1056-7acf5ff0c83da7db.js:1
ol @ fd9d1056-7acf5ff0c83da7db.js:1
or @ fd9d1056-7acf5ff0c83da7db.js:1
ol @ fd9d1056-7acf5ff0c83da7db.js:1
or @ fd9d1056-7acf5ff0c83da7db.js:1
ol @ fd9d1056-7acf5ff0c83da7db.js:1
or @ fd9d1056-7acf5ff0c83da7db.js:1
ol @ fd9d1056-7acf5ff0c83da7db.js:1
or @ fd9d1056-7acf5ff0c83da7db.js:1
ol @ fd9d1056-7acf5ff0c83da7db.js:1
or @ fd9d1056-7acf5ff0c83da7db.js:1
ol @ fd9d1056-7acf5ff0c83da7db.js:1
or @ fd9d1056-7acf5ff0c83da7db.js:1
ol @ fd9d1056-7acf5ff0c83da7db.js:1
or @ fd9d1056-7acf5ff0c83da7db.js:1
ol @ fd9d1056-7acf5ff0c83da7db.js:1
or @ fd9d1056-7acf5ff0c83da7db.js:1
ol @ fd9d1056-7acf5ff0c83da7db.js:1
or @ fd9d1056-7acf5ff0c83da7db.js:1
ol @ fd9d1056-7acf5ff0c83da7db.js:1
or @ fd9d1056-7acf5ff0c83da7db.js:1
ol @ fd9d1056-7acf5ff0c83da7db.js:1
or @ fd9d1056-7acf5ff0c83da7db.js:1
ol @ fd9d1056-7acf5ff0c83da7db.js:1
or @ fd9d1056-7acf5ff0c83da7db.js:1
ol @ fd9d1056-7acf5ff0c83da7db.js:1
or @ fd9d1056-7acf5ff0c83da7db.js:1
ol @ fd9d1056-7acf5ff0c83da7db.js:1
or @ fd9d1056-7acf5ff0c83da7db.js:1
ol @ fd9d1056-7acf5ff0c83da7db.js:1
or @ fd9d1056-7acf5ff0c83da7db.js:1
ol @ fd9d1056-7acf5ff0c83da7db.js:1
or @ fd9d1056-7acf5ff0c83da7db.js:1
ol @ fd9d1056-7acf5ff0c83da7db.js:1
or @ fd9d1056-7acf5ff0c83da7db.js:1
ol @ fd9d1056-7acf5ff0c83da7db.js:1
or @ fd9d1056-7acf5ff0c83da7db.js:1
ol @ fd9d1056-7acf5ff0c83da7db.js:1
or @ fd9d1056-7acf5ff0c83da7db.js:1
ol @ fd9d1056-7acf5ff0c83da7db.js:1
or @ fd9d1056-7acf5ff0c83da7db.js:1
ol @ fd9d1056-7acf5ff0c83da7db.js:1
or @ fd9d1056-7acf5ff0c83da7db.js:1
ol @ fd9d1056-7acf5ff0c83da7db.js:1
id @ fd9d1056-7acf5ff0c83da7db.js:1
o @ fd9d1056-7acf5ff0c83da7db.js:1
T @ 117-95e74743b4de7ddb.js:1
16:13:47.485 742-f5e44fb4de89ca72.js:1 [CallModal] 🔄 Call state updated to connecting - checking if current user should stop ringing
16:13:47.485 742-f5e44fb4de89ca72.js:1 [CallModal] 🔇 Current user accepted or is caller - stopping ringing
16:13:47.485 742-f5e44fb4de89ca72.js:1 [CallModal] 🔇 STOPPING ringing sound completely
16:13:47.485 742-f5e44fb4de89ca72.js:1 [AudioManager] ✅ Stopped outgoing ringing
16:13:47.485 742-f5e44fb4de89ca72.js:1 [CallModal] ✅ Audio manager ringing stopped
16:13:47.485 742-f5e44fb4de89ca72.js:1 [CallModal] 🔇 Suspending AudioContext to stop all audio
16:13:47.485 742-f5e44fb4de89ca72.js:1 [GlobalCallManager] 🔇 Received suspend audio context event: {eventCallId: 'call-1758096821929-j0m8cxwgf', reason: 'callmodal_audio_stopped', callerId: 'cmetc9zvw0000lx0fvjdkcng1'}
16:13:47.485 742-f5e44fb4de89ca72.js:1 [CallModal] 📢 Notifying GlobalCallManager to stop ringing via browser event (PRIORITY)
16:13:47.485 742-f5e44fb4de89ca72.js:1 [GlobalCallManager] 🔔 Received stop ringing event: {eventCallId: 'call-1758096821929-j0m8cxwgf', reason: 'callmodal_ringing_stopped_priority', callerId: 'cmetc9zvw0000lx0fvjdkcng1', priority: true}
16:13:47.485 742-f5e44fb4de89ca72.js:1 [GlobalCallManager] ⚡ PRIORITY event - bypassing debouncing
16:13:47.486 742-f5e44fb4de89ca72.js:1 [GlobalCallManager] 🔇 Stopping ringing due to browser event: callmodal_ringing_stopped_priority
16:13:47.486 742-f5e44fb4de89ca72.js:1 [GlobalCallManager] 🔇 FORCE STOP ringing sound - reason: browser event: callmodal_ringing_stopped_priority - current interval: false
16:13:47.486 742-f5e44fb4de89ca72.js:1 [AudioManager] ✅ Stopped outgoing ringing
16:13:47.486 742-f5e44fb4de89ca72.js:1 [GlobalCallManager] ✅ Stopped AudioManager outgoing ringing
16:13:47.486 742-f5e44fb4de89ca72.js:1 [GlobalCallManager] Attempting to clear call notifications
16:13:47.486 742-f5e44fb4de89ca72.js:1 [GlobalCallManager] 📞 Caller ringing stopped - no UI changes needed
16:13:47.486 742-f5e44fb4de89ca72.js:1 [GlobalCallManager] Call response received: {callId: 'call-1758096821929-j0m8cxwgf', conversationId: 'cmev8zel60000qt0f21sdgql3', accepted: true, participantId: 'cmetcnw9e0000kuy9dooe536g', participantCount: 3, …}
16:13:47.486 742-f5e44fb4de89ca72.js:1 [GlobalCallManager] 🎯 OUTGOING CALL ANSWERED - stopping caller ringing
16:13:47.486 742-f5e44fb4de89ca72.js:1 [GlobalCallManager] Participant who answered: cmetcnw9e0000kuy9dooe536g
16:13:47.486 742-f5e44fb4de89ca72.js:1 [GlobalCallManager] 🔇 FORCE STOP ringing sound - reason: outgoing call answered - current interval: false
16:13:47.486 742-f5e44fb4de89ca72.js:1 [AudioManager] ✅ Stopped outgoing ringing
16:13:47.486 742-f5e44fb4de89ca72.js:1 [GlobalCallManager] ✅ Stopped AudioManager outgoing ringing
16:13:47.486 742-f5e44fb4de89ca72.js:1 [GlobalCallManager] Attempting to clear call notifications
16:13:47.486 page-7a89d7867f156a09.js:1 [CALL UI] Call accepted by participant cmetcnw9e0000kuy9dooe536g
16:13:47.487 742-f5e44fb4de89ca72.js:1 [CallModal] Received call_response: {callId: 'call-1758096821929-j0m8cxwgf', conversationId: 'cmev8zel60000qt0f21sdgql3', accepted: true, participantId: 'cmetcnw9e0000kuy9dooe536g', participantCount: 3, …}
16:13:47.487 742-f5e44fb4de89ca72.js:1 [CallModal] Current call state: dialing
16:13:47.487 742-f5e44fb4de89ca72.js:1 [CallModal] Is incoming call: false
16:13:47.487 742-f5e44fb4de89ca72.js:1 [CallModal] 📧 Processing call_response event with sequence: 1758096827053
16:13:47.488 742-f5e44fb4de89ca72.js:1 [CallModal] 🔄 Participant states from server: {cmetc9zvw0000lx0fvjdkcng1: 'connecting', cmetcnw9e0000kuy9dooe536g: 'connecting'}
16:13:47.488 742-f5e44fb4de89ca72.js:1 [CallModal] Call accepted by participant: cmetcnw9e0000kuy9dooe536g
16:13:47.488 742-f5e44fb4de89ca72.js:1 [CallModal] Call status from server: connecting
16:13:47.488 742-f5e44fb4de89ca72.js:1 [CallModal] Participant count: 3
16:13:47.488 742-f5e44fb4de89ca72.js:1 [CallModal] 🔇 STOPPING ringing sound completely
16:13:47.488 742-f5e44fb4de89ca72.js:1 [AudioManager] ✅ Stopped outgoing ringing
16:13:47.488 742-f5e44fb4de89ca72.js:1 [CallModal] ✅ Audio manager ringing stopped
16:13:47.488 742-f5e44fb4de89ca72.js:1 [CallModal] 🔇 Suspending AudioContext to stop all audio
16:13:47.488 742-f5e44fb4de89ca72.js:1 [GlobalCallManager] 🔇 Received suspend audio context event: {eventCallId: 'call-1758096821929-j0m8cxwgf', reason: 'callmodal_audio_stopped', callerId: 'cmetc9zvw0000lx0fvjdkcng1'}
16:13:47.488 742-f5e44fb4de89ca72.js:1 [CallModal] 📢 Notifying GlobalCallManager to stop ringing via browser event (PRIORITY)
16:13:47.488 742-f5e44fb4de89ca72.js:1 [GlobalCallManager] 🔔 Received stop ringing event: {eventCallId: 'call-1758096821929-j0m8cxwgf', reason: 'callmodal_ringing_stopped_priority', callerId: 'cmetc9zvw0000lx0fvjdkcng1', priority: true}
16:13:47.488 742-f5e44fb4de89ca72.js:1 [GlobalCallManager] ⚡ PRIORITY event - bypassing debouncing
16:13:47.488 742-f5e44fb4de89ca72.js:1 [GlobalCallManager] 🔇 Stopping ringing due to browser event: callmodal_ringing_stopped_priority
16:13:47.488 742-f5e44fb4de89ca72.js:1 [GlobalCallManager] 🔇 FORCE STOP ringing sound - reason: browser event: callmodal_ringing_stopped_priority - current interval: false
16:13:47.488 742-f5e44fb4de89ca72.js:1 [AudioManager] ✅ Stopped outgoing ringing
16:13:47.488 742-f5e44fb4de89ca72.js:1 [GlobalCallManager] ✅ Stopped AudioManager outgoing ringing
16:13:47.488 742-f5e44fb4de89ca72.js:1 [GlobalCallManager] Attempting to clear call notifications
16:13:47.489 742-f5e44fb4de89ca72.js:1 [GlobalCallManager] 📞 Caller ringing stopped - no UI changes needed
16:13:47.489 742-f5e44fb4de89ca72.js:1 [CallModal] 📢 Forcing GlobalCallManager to stop caller ringing via browser event
16:13:47.489 742-f5e44fb4de89ca72.js:1 [GlobalCallManager] 🔔 Received stop ringing event: {eventCallId: 'call-1758096821929-j0m8cxwgf', reason: 'participant_accepted', callerId: 'cmetc9zvw0000lx0fvjdkcng1', priority: undefined}
16:13:47.489 742-f5e44fb4de89ca72.js:1 [GlobalCallManager] 🔇 Stopping ringing due to browser event: participant_accepted
16:13:47.489 742-f5e44fb4de89ca72.js:1 [GlobalCallManager] 🔇 FORCE STOP ringing sound - reason: browser event: participant_accepted - current interval: false
16:13:47.489 742-f5e44fb4de89ca72.js:1 [AudioManager] ✅ Stopped outgoing ringing
16:13:47.489 742-f5e44fb4de89ca72.js:1 [GlobalCallManager] ✅ Stopped AudioManager outgoing ringing
16:13:47.489 742-f5e44fb4de89ca72.js:1 [GlobalCallManager] Attempting to clear call notifications
16:13:47.489 742-f5e44fb4de89ca72.js:1 [GlobalCallManager] 📞 Caller ringing stopped - no UI changes needed
16:13:47.489 742-f5e44fb4de89ca72.js:1 [CallModal] 🚀 Current user accepted - transitioning from dialing to connecting state
16:13:47.489 742-f5e44fb4de89ca72.js:1 [CallModal] 🔍 Transition context: {hasAccepted: true, isIncoming: false, serverState: 'connecting', userId: 'cmetc9zvw0000lx0fvjdkcng1'}
16:13:47.489 742-f5e44fb4de89ca72.js:1 [CallModal] Call accepted, caller transitioned to connecting state
16:13:47.489 742-f5e44fb4de89ca72.js:1 [GlobalCallManager] Call response received: {callId: 'call-1758096821929-j0m8cxwgf', conversationId: 'cmev8zel60000qt0f21sdgql3', accepted: true, participantId: 'cmetcnw9e0000kuy9dooe536g', participantCount: 3, …}
16:13:47.489 742-f5e44fb4de89ca72.js:1 [GlobalCallManager] 🎯 OUTGOING CALL ANSWERED - stopping caller ringing
16:13:47.489 742-f5e44fb4de89ca72.js:1 [GlobalCallManager] Participant who answered: cmetcnw9e0000kuy9dooe536g
16:13:47.489 742-f5e44fb4de89ca72.js:1 [GlobalCallManager] 🔇 FORCE STOP ringing sound - reason: outgoing call answered - current interval: false
16:13:47.489 742-f5e44fb4de89ca72.js:1 [AudioManager] ✅ Stopped outgoing ringing
16:13:47.489 742-f5e44fb4de89ca72.js:1 [GlobalCallManager] ✅ Stopped AudioManager outgoing ringing
16:13:47.489 742-f5e44fb4de89ca72.js:1 [GlobalCallManager] Attempting to clear call notifications
16:13:47.489 page-7a89d7867f156a09.js:1 [CALL UI] Call accepted by participant cmetcnw9e0000kuy9dooe536g
16:13:47.490 742-f5e44fb4de89ca72.js:1 [CallModal] 🔄 Duplicate event detected, skipping call_response:call-1758096821929-j0m8cxwgf-cmetcnw9e0000kuy9dooe536g-accept (window: 50ms)
16:13:47.490 742-f5e44fb4de89ca72.js:1 [GlobalCallManager] 🔒 Event processing locked, skipping call_state_update:call-1758096821929-j0m8cxwgf-connecting-1758096827490
16:13:47.490 742-f5e44fb4de89ca72.js:1 [CallModal] 🚫 Ignoring duplicate CALL_STATE_UPDATE within 100ms: connecting
16:13:47.490 742-f5e44fb4de89ca72.js:1 [GlobalCallManager] 🔄 Duplicate event detected, skipping call_state_update:call-1758096821929-j0m8cxwgf-connecting-1758096827490 (window: 25ms)
16:13:47.490 742-f5e44fb4de89ca72.js:1 [CallModal] 🚫 Ignoring duplicate CALL_STATE_UPDATE within 100ms: connecting
16:13:47.490 742-f5e44fb4de89ca72.js:1 [GlobalCallManager] 🔄 Duplicate event detected, skipping call_state_update:call-1758096821929-j0m8cxwgf-connecting-1758096827490 (window: 25ms)
16:13:47.490 742-f5e44fb4de89ca72.js:1 [CallModal] 🚫 Ignoring duplicate CALL_STATE_UPDATE within 100ms: connecting
16:13:47.490 742-f5e44fb4de89ca72.js:1 [GlobalCallManager] 🔄 Duplicate event detected, skipping call_state_update:call-1758096821929-j0m8cxwgf-connecting-1758096827490 (window: 25ms)
16:13:47.490 742-f5e44fb4de89ca72.js:1 [CallModal] 🚫 Ignoring duplicate CALL_STATE_UPDATE within 100ms: connecting
16:13:47.491 742-f5e44fb4de89ca72.js:1 [CallModal] 🔍 Current user server state: connecting, hasAccepted: true
16:13:47.491 742-f5e44fb4de89ca72.js:1 [CallModal] ✅ SIMPLIFIED state applied: count= 3
16:13:47.492 742-f5e44fb4de89ca72.js:1 [CallModal] 📊 Updated participant states: {cmetcnw9e0000kuy9dooe536g: 'connecting', cmetc9zvw0000lx0fvjdkcng1: 'connecting', cmetcd54n000plx0f6031986z: 'ringing'}
16:13:47.492 742-f5e44fb4de89ca72.js:1 [CallModal] 📊 Updated participant states: {cmetcnw9e0000kuy9dooe536g: 'connecting', cmetc9zvw0000lx0fvjdkcng1: 'connecting', cmetcd54n000plx0f6031986z: 'ringing'}
16:13:47.492 742-f5e44fb4de89ca72.js:1 [CallModal] 📊 Updated participant states: {cmetcnw9e0000kuy9dooe536g: 'connecting', cmetc9zvw0000lx0fvjdkcng1: 'connecting', cmetcd54n000plx0f6031986z: 'ringing'}
16:13:47.492 742-f5e44fb4de89ca72.js:1 [CallModal] 📊 State summary: Connected: 0, Connecting: 2, Ringing: 1
16:13:47.492 742-f5e44fb4de89ca72.js:1 [CallModal] 📊 SIMPLIFIED count logic: server=3, userActive=true, display=3, final=3
16:13:47.493 742-f5e44fb4de89ca72.js:1 [CallModal] 📱 Status text: "Connecting..." (hasAccepted: true, isIncoming: false, callState: connecting)
16:13:47.493 742-f5e44fb4de89ca72.js:1 [CallModal] VideoGrid participants: {total: 2, filtered: 1, currentUserId: 'cmetc9zvw0000lx0fvjdkcng1', participantNames: Array(1)}
16:13:47.495 742-f5e44fb4de89ca72.js:1 [CallModal] 💔 Stopped heartbeat monitoring for call call-1758096821929-j0m8cxwgf
16:13:47.495 742-f5e44fb4de89ca72.js:1 [CallModal] Updated peer connections for performance monitoring: 0
16:13:47.495 742-f5e44fb4de89ca72.js:1 [CallModal] Peer connection participants: []
16:13:47.496 742-f5e44fb4de89ca72.js:1 [CallModal] 💓 Started heartbeat monitoring for call call-1758096821929-j0m8cxwgf
16:13:47.497 742-f5e44fb4de89ca72.js:1 [CallModal] 🔍 Ringing state evaluation: {globalCallState: 'connecting', currentUserState: 'connecting', hasUserAccepted: true, shouldStopRinging: true, isCallerAutoAccept: 'cmetc9zvw0000lx0fvjdkcng1', …}
16:13:47.497 742-f5e44fb4de89ca72.js:1 [CallModal] 🔇 Current user acceptance detected - stopping ringing: {reason: 'user_accepted', userState: 'connecting', hasAccepted: true, isOutgoing: true}
16:13:47.498 742-f5e44fb4de89ca72.js:1 [CallModal] 🔇 Requesting ringing stop from GlobalCallManager: current_user_accepted_manual
16:13:47.498 742-f5e44fb4de89ca72.js:1 [GlobalCallManager] 🔔 Received stop ringing event: {eventCallId: undefined, reason: 'current_user_accepted_manual', callerId: 'cmetc9zvw0000lx0fvjdkcng1', priority: true}
16:13:47.499 742-f5e44fb4de89ca72.js:1 [GlobalCallManager] ⚡ PRIORITY event - bypassing debouncing
16:13:47.499 742-f5e44fb4de89ca72.js:1 [GlobalCallManager] 🔇 Stopping ringing due to browser event: current_user_accepted_manual
16:13:47.499 742-f5e44fb4de89ca72.js:1 [GlobalCallManager] 🔇 FORCE STOP ringing sound - reason: browser event: current_user_accepted_manual - current interval: false
16:13:47.499 742-f5e44fb4de89ca72.js:1 [AudioManager] ✅ Stopped outgoing ringing
16:13:47.499 742-f5e44fb4de89ca72.js:1 [GlobalCallManager] ✅ Stopped AudioManager outgoing ringing
16:13:47.500 742-f5e44fb4de89ca72.js:1 [GlobalCallManager] Attempting to clear call notifications
16:13:47.500 742-f5e44fb4de89ca72.js:1 [GlobalCallManager] 📞 Caller ringing stopped - no UI changes needed
16:13:47.500 742-f5e44fb4de89ca72.js:1 [CallModal] 🚀 SHOULD initialize WebRTC - State: connecting IsIncoming: false Connected participants: 3 Emergency: false
16:13:47.500 742-f5e44fb4de89ca72.js:1 [CallModal] ✅ Initializing WebRTC - State: connecting IsIncoming: false
16:13:47.500 742-f5e44fb4de89ca72.js:1 [CallModal] 🔧 WEBRTC INITIALIZATION ATTEMPT: {callId: 'call-1758096821929-j0m8cxwgf', callState: 'connecting', isIncoming: false, hasExistingService: true, socketConnected: true, …}
16:13:47.501 742-f5e44fb4de89ca72.js:1 [CallModal] ⚠️ WebRTC service already exists, verifying state...
16:13:47.501 742-f5e44fb4de89ca72.js:1 [WebRTC] 🔍 hasLocalStream: {hasStream: true, streamActive: false, totalTracks: 2, liveTracks: 0, trackStates: Array(2), …}
16:13:47.502 742-f5e44fb4de89ca72.js:1 [CallModal] 🔧 Existing service has no local stream, reinitializing...
16:13:47.502 742-f5e44fb4de89ca72.js:1 [WebRTC] 🧹 Starting comprehensive cleanup
16:13:47.502 742-f5e44fb4de89ca72.js:1 [WebRTC] Stopping local stream tracks
16:13:47.503 742-f5e44fb4de89ca72.js:1 [WebRTC] ✅ Cleanup completed successfully
16:13:47.503 742-f5e44fb4de89ca72.js:1 [CallModal] 🚀 Creating WebRTC service for call: call-1758096821929-j0m8cxwgf
16:13:47.503 742-f5e44fb4de89ca72.js:1 [WebRTC] Setting up socket listeners for user: cmetc9zvw0000lx0fvjdkcng1
16:13:47.504 742-f5e44fb4de89ca72.js:1 [WebRTC] 🚀 INITIALIZING CALL: call-1758096821929-j0m8cxwgf video: true userId: cmetc9zvw0000lx0fvjdkcng1
16:13:47.504 742-f5e44fb4de89ca72.js:1 [WebRTC] 📊 Service state before init: {hasLocalStream: false, peerConnections: 0, initInProgress: false}
16:13:47.504 742-f5e44fb4de89ca72.js:1 [WebRTC] 📹 Requesting media permissions...
16:13:47.505 742-f5e44fb4de89ca72.js:1 [WebRTC] 🎯 Trying primary constraints (high quality)...
16:13:47.507 742-f5e44fb4de89ca72.js:1 [CallModal] VideoGrid participants: {total: 2, filtered: 1, currentUserId: 'cmetc9zvw0000lx0fvjdkcng1', participantNames: Array(1)}
16:13:47.508 742-f5e44fb4de89ca72.js:1 [useCallPerformance] Stopping monitoring - no peer connections
16:13:47.801  [CallModal] 🔄 State updated (debounced): ringing -> connecting authCount: undefined
16:13:48.009  [CallModal] 📊 Participant State Debug (debounced): {actualConnected: 3, serverCount: 3, activeParticipants: 3, isGroupCall: true, hasAccepted: true, …}
16:13:48.208  [CallModal] 👤 Participant state update: {callId: 'call-1758096821929-j0m8cxwgf', participantId: 'cmetcnw9e0000kuy9dooe536g', state: 'connected', participantStates: {…}}
16:13:48.210  [WebRTC] ✅ Primary constraints successful!
16:13:48.210  [WebRTC] 🎉 Media stream acquired using primary constraints
16:13:48.210  [WebRTC] Local stream acquired successfully: (2) [{…}, {…}]
16:13:48.254  [WebRTC] 🔍 Performing final stream verification before returning...
16:13:48.254  [WebRTC] 🔍 Verifying stream readiness...
16:13:48.254  [WebRTC] ✅ Stream verification completed successfully
16:13:48.254 742-f5e44fb4de89ca72.js:1 [WebRTC] Stream info: {id: '80ff065c-747a-4aac-a017-fba71f3d1ea1', active: true, audioTracks: 1, videoTracks: 1, allTracksLive: true}
16:13:48.254 742-f5e44fb4de89ca72.js:1 [CallModal] ✅ WebRTC initialization successful on first attempt
16:13:48.254 742-f5e44fb4de89ca72.js:1 [WebRTC] 🎥 LOCAL STREAM SET: {streamId: '80ff065c-747a-4aac-a017-fba71f3d1ea1', tracks: Array(2), callId: 'call-1758096821929-j0m8cxwgf', userId: 'cmetc9zvw0000lx0fvjdkcng1', existingPeerConnections: 0}
16:13:48.254 742-f5e44fb4de89ca72.js:1 [WebRTC] 📡 Notifying server that local stream is ready
16:13:48.255 742-f5e44fb4de89ca72.js:1 [WebRTC] ✅ Local stream fully set and ready for peer connections
16:13:48.255 742-f5e44fb4de89ca72.js:1 [WebRTC] 📢 Notifying stream ready for 0 waiting participants
16:13:48.255 742-f5e44fb4de89ca72.js:1 [CallModal] ✅ Notified WebRTC service of local stream
16:13:48.255 742-f5e44fb4de89ca72.js:1 [CallModal] ✅ Local stream acquired: (2) [{…}, {…}]
16:13:48.255 742-f5e44fb4de89ca72.js:1 [CallModal] 📡 Notifying server that local stream is ready: {callId: 'call-1758096821929-j0m8cxwgf', participantId: 'cmetc9zvw0000lx0fvjdkcng1', streamId: '80ff065c-747a-4aac-a017-fba71f3d1ea1', hasAudio: true, hasVideo: true}
16:13:48.255 742-f5e44fb4de89ca72.js:1 [CallModal] ✅ Scheduling offer creation after stream is ready
16:13:48.256 742-f5e44fb4de89ca72.js:1 [CallModal] 📊 Updated participant states: {cmetcnw9e0000kuy9dooe536g: 'connected', cmetc9zvw0000lx0fvjdkcng1: 'connecting', cmetcd54n000plx0f6031986z: 'ringing'}
16:13:48.256 742-f5e44fb4de89ca72.js:1 [CallModal] VideoGrid participants: {total: 2, filtered: 1, currentUserId: 'cmetc9zvw0000lx0fvjdkcng1', participantNames: Array(1)}
16:13:48.258 742-f5e44fb4de89ca72.js:1 [VoiceActivity] Initializing for stream: 80ff065c-747a-4aac-a017-fba71f3d1ea1 with 1 audio tracks
16:13:48.259 742-f5e44fb4de89ca72.js:1 [VideoGrid] Local stream effect triggered: {hasVideoRef: true, hasLocalStream: true, localStreamTracks: Array(2), isLocalCameraOff: false}
16:13:48.260 742-f5e44fb4de89ca72.js:1 [VideoGrid] Setting up local video stream
16:13:48.260 742-f5e44fb4de89ca72.js:1 [VideoGrid] Local stream details: {id: '80ff065c-747a-4aac-a017-fba71f3d1ea1', active: true, videoTracks: Array(1), audioTracks: Array(1)}
16:13:48.262 742-f5e44fb4de89ca72.js:1 [VoiceActivity] Initializing for stream: 80ff065c-747a-4aac-a017-fba71f3d1ea1 with 1 audio tracks
16:13:48.263 742-f5e44fb4de89ca72.js:1 [CallModal] 🔍 Ringing state evaluation: {globalCallState: 'connecting', currentUserState: 'connecting', hasUserAccepted: true, shouldStopRinging: true, isCallerAutoAccept: 'cmetc9zvw0000lx0fvjdkcng1', …}
16:13:48.264 742-f5e44fb4de89ca72.js:1 [CallModal] 🔇 Current user acceptance detected - stopping ringing: {reason: 'user_accepted', userState: 'connecting', hasAccepted: true, isOutgoing: true}
16:13:48.264 742-f5e44fb4de89ca72.js:1 [CallModal] 🔇 Requesting ringing stop from GlobalCallManager: current_user_accepted_manual
16:13:48.265 742-f5e44fb4de89ca72.js:1 [GlobalCallManager] 🔔 Received stop ringing event: {eventCallId: undefined, reason: 'current_user_accepted_manual', callerId: 'cmetc9zvw0000lx0fvjdkcng1', priority: true}
16:13:48.265 742-f5e44fb4de89ca72.js:1 [GlobalCallManager] ⚡ PRIORITY event - bypassing debouncing
16:13:48.265 742-f5e44fb4de89ca72.js:1 [GlobalCallManager] 🔇 Stopping ringing due to browser event: current_user_accepted_manual
16:13:48.265 742-f5e44fb4de89ca72.js:1 [GlobalCallManager] 🔇 FORCE STOP ringing sound - reason: browser event: current_user_accepted_manual - current interval: false
16:13:48.265 742-f5e44fb4de89ca72.js:1 [AudioManager] ✅ Stopped outgoing ringing
16:13:48.266 742-f5e44fb4de89ca72.js:1 [GlobalCallManager] ✅ Stopped AudioManager outgoing ringing
16:13:48.266 742-f5e44fb4de89ca72.js:1 [GlobalCallManager] Attempting to clear call notifications
16:13:48.266 742-f5e44fb4de89ca72.js:1 [GlobalCallManager] 📞 Caller ringing stopped - no UI changes needed
16:13:48.267 742-f5e44fb4de89ca72.js:1 [WebRTC] ✅ Applied ultra-low latency constraints to audio track
16:13:48.269 742-f5e44fb4de89ca72.js:1 [CallModal] 🔍 WebRTC stream ready for participant: cmetcnw9e0000kuy9dooe536g
16:13:48.270 742-f5e44fb4de89ca72.js:1 [CallModal] 🔍 Our callId: call-1758096821929-j0m8cxwgf Event callId: call-1758096821929-j0m8cxwgf
16:13:48.270 742-f5e44fb4de89ca72.js:1 [CallModal] 🔍 Our user ID: cmetc9zvw0000lx0fvjdkcng1
16:13:48.270 742-f5e44fb4de89ca72.js:1 [CallModal] 🔍 Current call state: dialing
16:13:48.270 742-f5e44fb4de89ca72.js:1 [CallModal] 🔍 Current participant states: {}
16:13:48.270 742-f5e44fb4de89ca72.js:1 [CallModal] ✅ Processing REMOTE stream ready event
16:13:48.270 742-f5e44fb4de89ca72.js:1 [CallModal] 🆔 Our session ID: cmetc9zvw0000lx0fvjdkcng1
16:13:48.270 742-f5e44fb4de89ca72.js:1 [CallModal] 🆔 Remote participant ID: cmetcnw9e0000kuy9dooe536g
16:13:48.270 742-f5e44fb4de89ca72.js:1 [CallModal] 🔍 Stream data: {callId: 'call-1758096821929-j0m8cxwgf', participantId: 'cmetcnw9e0000kuy9dooe536g', streamId: '7d624430-7ec6-4163-9050-2bfd72bf4027', hasAudio: true, hasVideo: true}
16:13:48.270 742-f5e44fb4de89ca72.js:1 [CallModal] 🚀 INITIATING PEER CONNECTION for remote participant: cmetcnw9e0000kuy9dooe536g
16:13:48.270 742-f5e44fb4de89ca72.js:1 [CallModal] 🚀 WebRTC service available: true
16:13:48.270 742-f5e44fb4de89ca72.js:1 [CallModal] 🎥 Processing webrtc_stream_ready for REMOTE participant: cmetcnw9e0000kuy9dooe536g
16:13:48.270 742-f5e44fb4de89ca72.js:1 [CallModal] 🔗 Active peer connections: []
16:13:48.270 742-f5e44fb4de89ca72.js:1 [CallModal] 🔗 Has connection to cmetcnw9e0000kuy9dooe536g : false
16:13:48.270 742-f5e44fb4de89ca72.js:1 [CallModal] 🚀 Creating peer connection to cmetcnw9e0000kuy9dooe536g
16:13:48.270 742-f5e44fb4de89ca72.js:1 [CallModal] 🎯 Group call detected - using optimized connection setup
16:13:48.271 742-f5e44fb4de89ca72.js:1 [WebRTC] 🏗️ Initializing group call connections for participants: ['cmetcnw9e0000kuy9dooe536g']
16:13:48.271 742-f5e44fb4de89ca72.js:1 [WebRTC] Not a group call, using standard connection setup
16:13:48.271 742-f5e44fb4de89ca72.js:1 [CallModal] 🔍 WebRTC stream ready for participant: cmetcnw9e0000kuy9dooe536g
16:13:48.271 742-f5e44fb4de89ca72.js:1 [CallModal] 🔍 Our callId: call-1758096821929-j0m8cxwgf Event callId: call-1758096821929-j0m8cxwgf
16:13:48.271 742-f5e44fb4de89ca72.js:1 [CallModal] 🔍 Our user ID: cmetc9zvw0000lx0fvjdkcng1
16:13:48.271 742-f5e44fb4de89ca72.js:1 [CallModal] 🔍 Current call state: dialing
16:13:48.271 742-f5e44fb4de89ca72.js:1 [CallModal] 🔍 Current participant states: {}
16:13:48.271 742-f5e44fb4de89ca72.js:1 [CallModal] ✅ Processing REMOTE stream ready event
16:13:48.271 742-f5e44fb4de89ca72.js:1 [CallModal] 🆔 Our session ID: cmetc9zvw0000lx0fvjdkcng1
16:13:48.271 742-f5e44fb4de89ca72.js:1 [CallModal] 🆔 Remote participant ID: cmetcnw9e0000kuy9dooe536g
16:13:48.271 742-f5e44fb4de89ca72.js:1 [CallModal] 🔍 Stream data: {callId: 'call-1758096821929-j0m8cxwgf', participantId: 'cmetcnw9e0000kuy9dooe536g', streamId: '7d624430-7ec6-4163-9050-2bfd72bf4027', hasAudio: true, hasVideo: true}
16:13:48.272 742-f5e44fb4de89ca72.js:1 [CallModal] 🚀 INITIATING PEER CONNECTION for remote participant: cmetcnw9e0000kuy9dooe536g
16:13:48.272 742-f5e44fb4de89ca72.js:1 [CallModal] 🚀 WebRTC service available: true
16:13:48.272 742-f5e44fb4de89ca72.js:1 [CallModal] 🎥 Processing webrtc_stream_ready for REMOTE participant: cmetcnw9e0000kuy9dooe536g
16:13:48.272 742-f5e44fb4de89ca72.js:1 [CallModal] 🔗 Active peer connections: []
16:13:48.272 742-f5e44fb4de89ca72.js:1 [CallModal] 🔗 Has connection to cmetcnw9e0000kuy9dooe536g : false
16:13:48.272 742-f5e44fb4de89ca72.js:1 [CallModal] 🚀 Creating peer connection to cmetcnw9e0000kuy9dooe536g
16:13:48.272 742-f5e44fb4de89ca72.js:1 [CallModal] 🔄 Group call connection already attempted for: cmetcnw9e0000kuy9dooe536g
16:13:48.272 742-f5e44fb4de89ca72.js:1 [CallModal] Retrieved remote stream for cmetcnw9e0000kuy9dooe536g : false
16:13:48.272 742-f5e44fb4de89ca72.js:1 [CallModal] ⏰ No remote stream found yet for participant: cmetcnw9e0000kuy9dooe536g - WebRTC connection may still be establishing
16:13:48.272 742-f5e44fb4de89ca72.js:1 [CallModal] 🔍 WebRTC stream ready for participant: cmetcnw9e0000kuy9dooe536g
16:13:48.272 742-f5e44fb4de89ca72.js:1 [CallModal] 🔍 Our callId: call-1758096821929-j0m8cxwgf Event callId: call-1758096821929-j0m8cxwgf
16:13:48.272 742-f5e44fb4de89ca72.js:1 [CallModal] 🔍 Our user ID: cmetc9zvw0000lx0fvjdkcng1
16:13:48.272 742-f5e44fb4de89ca72.js:1 [CallModal] 🔍 Current call state: dialing
16:13:48.272 742-f5e44fb4de89ca72.js:1 [CallModal] 🔍 Current participant states: {}
16:13:48.272 742-f5e44fb4de89ca72.js:1 [CallModal] ✅ Processing REMOTE stream ready event
16:13:48.272 742-f5e44fb4de89ca72.js:1 [CallModal] 🆔 Our session ID: cmetc9zvw0000lx0fvjdkcng1
16:13:48.272 742-f5e44fb4de89ca72.js:1 [CallModal] 🆔 Remote participant ID: cmetcnw9e0000kuy9dooe536g
16:13:48.272 742-f5e44fb4de89ca72.js:1 [CallModal] 🔍 Stream data: {callId: 'call-1758096821929-j0m8cxwgf', participantId: 'cmetcnw9e0000kuy9dooe536g', streamId: '7d624430-7ec6-4163-9050-2bfd72bf4027', hasAudio: true, hasVideo: true}
16:13:48.272 742-f5e44fb4de89ca72.js:1 [CallModal] 🚀 INITIATING PEER CONNECTION for remote participant: cmetcnw9e0000kuy9dooe536g
16:13:48.272 742-f5e44fb4de89ca72.js:1 [CallModal] 🚀 WebRTC service available: true
16:13:48.273 742-f5e44fb4de89ca72.js:1 [CallModal] 🎥 Processing webrtc_stream_ready for REMOTE participant: cmetcnw9e0000kuy9dooe536g
16:13:48.273 742-f5e44fb4de89ca72.js:1 [CallModal] 🔗 Active peer connections: []
16:13:48.273 742-f5e44fb4de89ca72.js:1 [CallModal] 🔗 Has connection to cmetcnw9e0000kuy9dooe536g : false
16:13:48.273 742-f5e44fb4de89ca72.js:1 [CallModal] 🚀 Creating peer connection to cmetcnw9e0000kuy9dooe536g
16:13:48.273 742-f5e44fb4de89ca72.js:1 [CallModal] 🔄 Group call connection already attempted for: cmetcnw9e0000kuy9dooe536g
16:13:48.273 742-f5e44fb4de89ca72.js:1 [CallModal] Retrieved remote stream for cmetcnw9e0000kuy9dooe536g : false
16:13:48.273 742-f5e44fb4de89ca72.js:1 [CallModal] ⏰ No remote stream found yet for participant: cmetcnw9e0000kuy9dooe536g - WebRTC connection may still be establishing
16:13:48.273 742-f5e44fb4de89ca72.js:1 [CallModal] 🔍 WebRTC stream ready for participant: cmetcnw9e0000kuy9dooe536g
16:13:48.273 742-f5e44fb4de89ca72.js:1 [CallModal] 🔍 Our callId: call-1758096821929-j0m8cxwgf Event callId: call-1758096821929-j0m8cxwgf
16:13:48.273 742-f5e44fb4de89ca72.js:1 [CallModal] 🔍 Our user ID: cmetc9zvw0000lx0fvjdkcng1
16:13:48.273 742-f5e44fb4de89ca72.js:1 [CallModal] 🔍 Current call state: dialing
16:13:48.273 742-f5e44fb4de89ca72.js:1 [CallModal] 🔍 Current participant states: {}
16:13:48.273 742-f5e44fb4de89ca72.js:1 [CallModal] ✅ Processing REMOTE stream ready event
16:13:48.273 742-f5e44fb4de89ca72.js:1 [CallModal] 🆔 Our session ID: cmetc9zvw0000lx0fvjdkcng1
16:13:48.273 742-f5e44fb4de89ca72.js:1 [CallModal] 🆔 Remote participant ID: cmetcnw9e0000kuy9dooe536g
16:13:48.273 742-f5e44fb4de89ca72.js:1 [CallModal] 🔍 Stream data: {callId: 'call-1758096821929-j0m8cxwgf', participantId: 'cmetcnw9e0000kuy9dooe536g', streamId: '7d624430-7ec6-4163-9050-2bfd72bf4027', hasAudio: true, hasVideo: true}
16:13:48.273 742-f5e44fb4de89ca72.js:1 [CallModal] 🚀 INITIATING PEER CONNECTION for remote participant: cmetcnw9e0000kuy9dooe536g
16:13:48.273 742-f5e44fb4de89ca72.js:1 [CallModal] 🚀 WebRTC service available: true
16:13:48.273 742-f5e44fb4de89ca72.js:1 [CallModal] 🎥 Processing webrtc_stream_ready for REMOTE participant: cmetcnw9e0000kuy9dooe536g
16:13:48.273 742-f5e44fb4de89ca72.js:1 [CallModal] 🔗 Active peer connections: []
16:13:48.274 742-f5e44fb4de89ca72.js:1 [CallModal] 🔗 Has connection to cmetcnw9e0000kuy9dooe536g : false
16:13:48.274 742-f5e44fb4de89ca72.js:1 [CallModal] 🚀 Creating peer connection to cmetcnw9e0000kuy9dooe536g
16:13:48.274 742-f5e44fb4de89ca72.js:1 [CallModal] 🔄 Group call connection already attempted for: cmetcnw9e0000kuy9dooe536g
16:13:48.274 742-f5e44fb4de89ca72.js:1 [CallModal] Retrieved remote stream for cmetcnw9e0000kuy9dooe536g : false
16:13:48.274 742-f5e44fb4de89ca72.js:1 [CallModal] ⏰ No remote stream found yet for participant: cmetcnw9e0000kuy9dooe536g - WebRTC connection may still be establishing
16:13:48.274 742-f5e44fb4de89ca72.js:1 [CallModal] ✅ Group call connection created successfully
16:13:48.274 742-f5e44fb4de89ca72.js:1 [CallModal] Retrieved remote stream for cmetcnw9e0000kuy9dooe536g : false
16:13:48.274 742-f5e44fb4de89ca72.js:1 [CallModal] ⏰ No remote stream found yet for participant: cmetcnw9e0000kuy9dooe536g - WebRTC connection may still be establishing
16:13:48.773 742-f5e44fb4de89ca72.js:1 [VideoGrid] ✅ Local video metadata loaded: {videoWidth: 1280, videoHeight: 720, duration: Infinity}
16:13:48.776 742-f5e44fb4de89ca72.js:1 [CallModal] 👤 Participant state update: {callId: 'call-1758096821929-j0m8cxwgf', participantId: 'cmetc9zvw0000lx0fvjdkcng1', state: 'connected', participantStates: {…}}
16:13:48.777 742-f5e44fb4de89ca72.js:1 [CallModal] 🔍 WebRTC stream ready for participant: cmetc9zvw0000lx0fvjdkcng1
16:13:48.777 742-f5e44fb4de89ca72.js:1 [CallModal] 🔍 Our callId: call-1758096821929-j0m8cxwgf Event callId: call-1758096821929-j0m8cxwgf
16:13:48.777 742-f5e44fb4de89ca72.js:1 [CallModal] 🔍 Our user ID: cmetc9zvw0000lx0fvjdkcng1
16:13:48.777 742-f5e44fb4de89ca72.js:1 [CallModal] 🔍 Current call state: dialing
16:13:48.777 742-f5e44fb4de89ca72.js:1 [CallModal] 🔍 Current participant states: {}
16:13:48.777 742-f5e44fb4de89ca72.js:1 [CallModal] ✅ Ignoring webrtc_stream_ready for our own stream (not a remote stream)
16:13:48.777 742-f5e44fb4de89ca72.js:1 [CallModal] 🆔 Session user ID: cmetc9zvw0000lx0fvjdkcng1
16:13:48.777 742-f5e44fb4de89ca72.js:1 [CallModal] 🆔 Event participant ID: cmetc9zvw0000lx0fvjdkcng1
16:13:48.778 742-f5e44fb4de89ca72.js:1 [VideoGrid] ✅ Local video started playing
16:13:48.778 742-f5e44fb4de89ca72.js:1 [VideoGrid] ✅ Local video play() succeeded
16:13:48.779 742-f5e44fb4de89ca72.js:1 [WebRTC] ⏳ Waiting for local stream to be ready...
16:13:48.779 742-f5e44fb4de89ca72.js:1 [WebRTC] 🔍 hasLocalStream: {hasStream: true, streamActive: true, totalTracks: 2, liveTracks: 2, trackStates: Array(2), …}
16:13:48.779 742-f5e44fb4de89ca72.js:1 [WebRTC] ✅ Local stream is ready!
16:13:48.779 742-f5e44fb4de89ca72.js:1 [CallModal] 🚀 Setting up group call connections for participants: (2) ['cmetcnw9e0000kuy9dooe536g', 'cmetcd54n000plx0f6031986z']
16:13:48.779 742-f5e44fb4de89ca72.js:1 [CallModal] 🎯 New group call configuration detected: (2) ['cmetcd54n000plx0f6031986z', 'cmetcnw9e0000kuy9dooe536g']
16:13:48.779 742-f5e44fb4de89ca72.js:1 [WebRTC] 🏗️ Initializing group call connections for participants: (2) ['cmetcd54n000plx0f6031986z', 'cmetcnw9e0000kuy9dooe536g']
16:13:48.780 742-f5e44fb4de89ca72.js:1 [WebRTC] 🔄 Processing connection batch 1 / 1 : (2) ['cmetcd54n000plx0f6031986z', 'cmetcnw9e0000kuy9dooe536g']
16:13:48.780 742-f5e44fb4de89ca72.js:1 [WebRTC] 🔗 Creating group call connection for: cmetcd54n000plx0f6031986z
16:13:48.780 742-f5e44fb4de89ca72.js:1 [WebRTC] 🔍 Checking stream readiness for participant: cmetcd54n000plx0f6031986z
16:13:48.780 742-f5e44fb4de89ca72.js:1 [WebRTC] 🔍 Stream readiness check: {participantId: 'cmetcd54n000plx0f6031986z', hasStream: true, streamActive: true, totalTracks: 2, liveTracks: 2, …}
16:13:48.780 742-f5e44fb4de89ca72.js:1 [WebRTC] 🎯 Stream already ready for participant: cmetcd54n000plx0f6031986z
16:13:48.780 742-f5e44fb4de89ca72.js:1 [WebRTC] 🔗 Creating group call connection for: cmetcnw9e0000kuy9dooe536g
16:13:48.780 742-f5e44fb4de89ca72.js:1 [WebRTC] 🔍 Checking stream readiness for participant: cmetcnw9e0000kuy9dooe536g
16:13:48.780 742-f5e44fb4de89ca72.js:1 [WebRTC] 🔍 Stream readiness check: {participantId: 'cmetcnw9e0000kuy9dooe536g', hasStream: true, streamActive: true, totalTracks: 2, liveTracks: 2, …}
16:13:48.781 742-f5e44fb4de89ca72.js:1 [WebRTC] 🎯 Stream already ready for participant: cmetcnw9e0000kuy9dooe536g
16:13:48.781 742-f5e44fb4de89ca72.js:1 [WebRTC] Creating peer connection for: cmetcd54n000plx0f6031986z
16:13:48.781 742-f5e44fb4de89ca72.js:1 [WebRTC] ✅ Local stream validation passed: {streamActive: true, liveTracks: 2, trackDetails: Array(2)}
16:13:48.787  [WebRTC] 🚀 Applying low-latency optimizations for peer connection: cmetcd54n000plx0f6031986z
16:13:48.787  [WebRTC] Adding local tracks to peer connection: (2) [{…}, {…}]
16:13:48.787  [WebRTC] Adding live track to peer connection: audio Microphone Array (Realtek(R) Audio)
16:13:48.788  [WebRTC] ✅ Track added successfully: audio sender: true
16:13:48.789  [WebRTC] Adding live track to peer connection: video Integrated Camera (30c9:00ac)
16:13:48.791  [WebRTC] ✅ Track added successfully: video sender: true
16:13:48.791  [WebRTC] ✅ Added 2 tracks with low-latency transceivers for: cmetcd54n000plx0f6031986z
16:13:48.791  [WebRTC] Creating peer connection for: cmetcnw9e0000kuy9dooe536g
16:13:48.792  [WebRTC] ✅ Local stream validation passed: {streamActive: true, liveTracks: 2, trackDetails: Array(2)}
16:13:48.795  [WebRTC] 🚀 Applying low-latency optimizations for peer connection: cmetcnw9e0000kuy9dooe536g
16:13:48.795  [WebRTC] Adding local tracks to peer connection: (2) [{…}, {…}]
16:13:48.795  [WebRTC] Adding live track to peer connection: audio Microphone Array (Realtek(R) Audio)
16:13:48.800  [WebRTC] ✅ Track added successfully: audio sender: true
16:13:48.801  [WebRTC] Adding live track to peer connection: video Integrated Camera (30c9:00ac)
16:13:48.803  [WebRTC] ✅ Track added successfully: video sender: true
16:13:48.803  [WebRTC] ✅ Added 2 tracks with low-latency transceivers for: cmetcnw9e0000kuy9dooe536g
16:13:48.803  [WebRTC] ✅ Group call connection created for: cmetcd54n000plx0f6031986z
16:13:48.803  [WebRTC] ✅ Group call connection created for: cmetcnw9e0000kuy9dooe536g
16:13:48.804  [WebRTC] ✅ Batch 1 completed
16:13:48.804  [WebRTC] 🎉 Group call initialization completed
16:13:48.804  [CallModal] ✅ Group call connections setup completed
16:13:48.804  [CallModal] 📊 Participant State Debug (debounced): {actualConnected: 3, serverCount: 3, activeParticipants: 3, isGroupCall: true, hasAccepted: true, …}
16:13:48.804  [CallModal] 📊 Updated participant states: {cmetcnw9e0000kuy9dooe536g: 'connected', cmetc9zvw0000lx0fvjdkcng1: 'connected', cmetcd54n000plx0f6031986z: 'ringing'}
16:13:48.805  [CallModal] VideoGrid participants: {total: 2, filtered: 1, currentUserId: 'cmetc9zvw0000lx0fvjdkcng1', participantNames: Array(1)}
16:13:48.806  [CallModal] 🔍 Ringing state evaluation: {globalCallState: 'connecting', currentUserState: 'connected', hasUserAccepted: true, shouldStopRinging: true, isCallerAutoAccept: 'cmetc9zvw0000lx0fvjdkcng1', …}
16:13:48.806  [CallModal] 🔇 Current user acceptance detected - stopping ringing: {reason: 'user_accepted', userState: 'connected', hasAccepted: true, isOutgoing: true}
16:13:48.806  [CallModal] 🔇 Requesting ringing stop from GlobalCallManager: current_user_accepted_manual
16:13:48.807  [GlobalCallManager] 🔔 Received stop ringing event: {eventCallId: undefined, reason: 'current_user_accepted_manual', callerId: 'cmetc9zvw0000lx0fvjdkcng1', priority: true}
16:13:48.807  [GlobalCallManager] ⚡ PRIORITY event - bypassing debouncing
16:13:48.807  [GlobalCallManager] 🔇 Stopping ringing due to browser event: current_user_accepted_manual
16:13:48.807  [GlobalCallManager] 🔇 FORCE STOP ringing sound - reason: browser event: current_user_accepted_manual - current interval: false
16:13:48.808  [AudioManager] ✅ Stopped outgoing ringing
16:13:48.808  [GlobalCallManager] ✅ Stopped AudioManager outgoing ringing
16:13:48.808  [GlobalCallManager] Attempting to clear call notifications
16:13:48.808  [GlobalCallManager] 📞 Caller ringing stopped - no UI changes needed
16:13:48.809  [WebRTC] 🎵 Applied ultra-low latency constraints to live audio track
16:13:48.809  [WebRTC] 🎵 Applied ultra-low latency constraints to live audio track
16:13:48.889  [WebRTC] 🎵 Set ultra-low latency audio parameters
16:13:48.894  [WebRTC] 📹 Set ultra-low latency video parameters
16:13:48.898  [CallModal] 🔍 WebRTC stream ready for participant: cmetc9zvw0000lx0fvjdkcng1
16:13:48.898  [CallModal] 🔍 Our callId: call-1758096821929-j0m8cxwgf Event callId: call-1758096821929-j0m8cxwgf
16:13:48.898  [CallModal] 🔍 Our user ID: cmetc9zvw0000lx0fvjdkcng1
16:13:48.898  [CallModal] 🔍 Current call state: dialing
16:13:48.898  [CallModal] 🔍 Current participant states: {}
16:13:48.898  [CallModal] ✅ Ignoring webrtc_stream_ready for our own stream (not a remote stream)
16:13:48.898  [CallModal] 🆔 Session user ID: cmetc9zvw0000lx0fvjdkcng1
16:13:48.898  [CallModal] 🆔 Event participant ID: cmetc9zvw0000lx0fvjdkcng1
16:13:48.898  [CallModal] 🔍 WebRTC stream ready for participant: cmetcnw9e0000kuy9dooe536g
16:13:48.898  [CallModal] 🔍 Our callId: call-1758096821929-j0m8cxwgf Event callId: call-1758096821929-j0m8cxwgf
16:13:48.898  [CallModal] 🔍 Our user ID: cmetc9zvw0000lx0fvjdkcng1
16:13:48.898  [CallModal] 🔍 Current call state: dialing
16:13:48.898  [CallModal] 🔍 Current participant states: {}
16:13:48.898  [CallModal] ✅ Processing REMOTE stream ready event
16:13:48.898  [CallModal] 🆔 Our session ID: cmetc9zvw0000lx0fvjdkcng1
16:13:48.898  [CallModal] 🆔 Remote participant ID: cmetcnw9e0000kuy9dooe536g
16:13:48.898  [CallModal] 🔍 Stream data: {callId: 'call-1758096821929-j0m8cxwgf', participantId: 'cmetcnw9e0000kuy9dooe536g', streamId: 'df6433fc-16fa-444c-a884-8cc4a93c065e', hasAudio: true, hasVideo: true}
16:13:48.899  [CallModal] 🚀 INITIATING PEER CONNECTION for remote participant: cmetcnw9e0000kuy9dooe536g
16:13:48.899  [CallModal] 🚀 WebRTC service available: true
16:13:48.899  [CallModal] 🎥 Processing webrtc_stream_ready for REMOTE participant: cmetcnw9e0000kuy9dooe536g
16:13:48.899  [CallModal] 🔗 Active peer connections: []
16:13:48.899  [CallModal] 🔗 Has connection to cmetcnw9e0000kuy9dooe536g : false
16:13:48.899  [CallModal] 🚀 Creating peer connection to cmetcnw9e0000kuy9dooe536g
16:13:48.899  [CallModal] 🔄 Group call connection already attempted for: cmetcnw9e0000kuy9dooe536g
16:13:48.899  [CallModal] Retrieved remote stream for cmetcnw9e0000kuy9dooe536g : false
16:13:48.899  [CallModal] ⏰ No remote stream found yet for participant: cmetcnw9e0000kuy9dooe536g - WebRTC connection may still be establishing
16:13:48.899  [CallModal] 🔍 WebRTC stream ready for participant: cmetcnw9e0000kuy9dooe536g
16:13:48.899  [CallModal] 🔍 Our callId: call-1758096821929-j0m8cxwgf Event callId: call-1758096821929-j0m8cxwgf
16:13:48.899  [CallModal] 🔍 Our user ID: cmetc9zvw0000lx0fvjdkcng1
16:13:48.899  [CallModal] 🔍 Current call state: dialing
16:13:48.899  [CallModal] 🔍 Current participant states: {}
16:13:48.899  [CallModal] ✅ Processing REMOTE stream ready event
16:13:48.899  [CallModal] 🆔 Our session ID: cmetc9zvw0000lx0fvjdkcng1
16:13:48.899  [CallModal] 🆔 Remote participant ID: cmetcnw9e0000kuy9dooe536g
16:13:48.899  [CallModal] 🔍 Stream data: {callId: 'call-1758096821929-j0m8cxwgf', participantId: 'cmetcnw9e0000kuy9dooe536g', streamId: 'df6433fc-16fa-444c-a884-8cc4a93c065e', hasAudio: true, hasVideo: true}
16:13:48.899  [CallModal] 🚀 INITIATING PEER CONNECTION for remote participant: cmetcnw9e0000kuy9dooe536g
16:13:48.899  [CallModal] 🚀 WebRTC service available: true
16:13:48.899  [CallModal] 🎥 Processing webrtc_stream_ready for REMOTE participant: cmetcnw9e0000kuy9dooe536g
16:13:48.899  [CallModal] 🔗 Active peer connections: []
16:13:48.899  [CallModal] 🔗 Has connection to cmetcnw9e0000kuy9dooe536g : false
16:13:48.899  [CallModal] 🚀 Creating peer connection to cmetcnw9e0000kuy9dooe536g
16:13:48.899  [CallModal] 🔄 Group call connection already attempted for: cmetcnw9e0000kuy9dooe536g
16:13:48.900  [CallModal] Retrieved remote stream for cmetcnw9e0000kuy9dooe536g : false
16:13:48.900  [CallModal] ⏰ No remote stream found yet for participant: cmetcnw9e0000kuy9dooe536g - WebRTC connection may still be establishing
16:13:48.900  [CallModal] 🔍 WebRTC stream ready for participant: cmetcnw9e0000kuy9dooe536g
16:13:48.900  [CallModal] 🔍 Our callId: call-1758096821929-j0m8cxwgf Event callId: call-1758096821929-j0m8cxwgf
16:13:48.900  [CallModal] 🔍 Our user ID: cmetc9zvw0000lx0fvjdkcng1
16:13:48.900  [CallModal] 🔍 Current call state: dialing
16:13:48.900  [CallModal] 🔍 Current participant states: {}
16:13:48.900  [CallModal] ✅ Processing REMOTE stream ready event
16:13:48.900  [CallModal] 🆔 Our session ID: cmetc9zvw0000lx0fvjdkcng1
16:13:48.900  [CallModal] 🆔 Remote participant ID: cmetcnw9e0000kuy9dooe536g
16:13:48.900  [CallModal] 🔍 Stream data: {callId: 'call-1758096821929-j0m8cxwgf', participantId: 'cmetcnw9e0000kuy9dooe536g', streamId: 'df6433fc-16fa-444c-a884-8cc4a93c065e', hasAudio: true, hasVideo: true}
16:13:48.900  [CallModal] 🚀 INITIATING PEER CONNECTION for remote participant: cmetcnw9e0000kuy9dooe536g
16:13:48.900  [CallModal] 🚀 WebRTC service available: true
16:13:48.900  [CallModal] 🎥 Processing webrtc_stream_ready for REMOTE participant: cmetcnw9e0000kuy9dooe536g
16:13:48.900  [CallModal] 🔗 Active peer connections: []
16:13:48.900  [CallModal] 🔗 Has connection to cmetcnw9e0000kuy9dooe536g : false
16:13:48.900  [CallModal] 🚀 Creating peer connection to cmetcnw9e0000kuy9dooe536g
16:13:48.900  [CallModal] 🔄 Group call connection already attempted for: cmetcnw9e0000kuy9dooe536g
16:13:48.900  [CallModal] Retrieved remote stream for cmetcnw9e0000kuy9dooe536g : false
16:13:48.900  [CallModal] ⏰ No remote stream found yet for participant: cmetcnw9e0000kuy9dooe536g - WebRTC connection may still be establishing
16:13:48.900  [CallModal] 🔍 WebRTC stream ready for participant: cmetcnw9e0000kuy9dooe536g
16:13:48.900  [CallModal] 🔍 Our callId: call-1758096821929-j0m8cxwgf Event callId: call-1758096821929-j0m8cxwgf
16:13:48.900  [CallModal] 🔍 Our user ID: cmetc9zvw0000lx0fvjdkcng1
16:13:48.900  [CallModal] 🔍 Current call state: dialing
16:13:48.900  [CallModal] 🔍 Current participant states: {}
16:13:48.900  [CallModal] ✅ Processing REMOTE stream ready event
16:13:48.900  [CallModal] 🆔 Our session ID: cmetc9zvw0000lx0fvjdkcng1
16:13:48.900  [CallModal] 🆔 Remote participant ID: cmetcnw9e0000kuy9dooe536g
16:13:48.900  [CallModal] 🔍 Stream data: {callId: 'call-1758096821929-j0m8cxwgf', participantId: 'cmetcnw9e0000kuy9dooe536g', streamId: 'df6433fc-16fa-444c-a884-8cc4a93c065e', hasAudio: true, hasVideo: true}
16:13:48.901  [CallModal] 🚀 INITIATING PEER CONNECTION for remote participant: cmetcnw9e0000kuy9dooe536g
16:13:48.901  [CallModal] 🚀 WebRTC service available: true
16:13:48.901  [CallModal] 🎥 Processing webrtc_stream_ready for REMOTE participant: cmetcnw9e0000kuy9dooe536g
16:13:48.901  [CallModal] 🔗 Active peer connections: []
16:13:48.901  [CallModal] 🔗 Has connection to cmetcnw9e0000kuy9dooe536g : false
16:13:48.901  [CallModal] 🚀 Creating peer connection to cmetcnw9e0000kuy9dooe536g
16:13:48.901  [CallModal] 🔄 Group call connection already attempted for: cmetcnw9e0000kuy9dooe536g
16:13:48.901  [CallModal] Retrieved remote stream for cmetcnw9e0000kuy9dooe536g : false
16:13:48.901  [CallModal] ⏰ No remote stream found yet for participant: cmetcnw9e0000kuy9dooe536g - WebRTC connection may still be establishing
16:13:48.901  [CallModal] 🔍 WebRTC stream ready for participant: cmetcnw9e0000kuy9dooe536g
16:13:48.901  [CallModal] 🔍 Our callId: call-1758096821929-j0m8cxwgf Event callId: call-1758096821929-j0m8cxwgf
16:13:48.901  [CallModal] 🔍 Our user ID: cmetc9zvw0000lx0fvjdkcng1
16:13:48.901  [CallModal] 🔍 Current call state: dialing
16:13:48.901  [CallModal] 🔍 Current participant states: {}
16:13:48.901  [CallModal] ✅ Processing REMOTE stream ready event
16:13:48.901  [CallModal] 🆔 Our session ID: cmetc9zvw0000lx0fvjdkcng1
16:13:48.901  [CallModal] 🆔 Remote participant ID: cmetcnw9e0000kuy9dooe536g
16:13:48.901  [CallModal] 🔍 Stream data: {callId: 'call-1758096821929-j0m8cxwgf', participantId: 'cmetcnw9e0000kuy9dooe536g', streamId: '7d624430-7ec6-4163-9050-2bfd72bf4027', hasAudio: true, hasVideo: true}
16:13:48.901  [CallModal] 🚀 INITIATING PEER CONNECTION for remote participant: cmetcnw9e0000kuy9dooe536g
16:13:48.901  [CallModal] 🚀 WebRTC service available: true
16:13:48.901  [CallModal] 🎥 Processing webrtc_stream_ready for REMOTE participant: cmetcnw9e0000kuy9dooe536g
16:13:48.901  [CallModal] 🔗 Active peer connections: []
16:13:48.902  [CallModal] 🔗 Has connection to cmetcnw9e0000kuy9dooe536g : false
16:13:48.902  [CallModal] 🚀 Creating peer connection to cmetcnw9e0000kuy9dooe536g
16:13:48.902  [CallModal] 🔄 Group call connection already attempted for: cmetcnw9e0000kuy9dooe536g
16:13:48.902  [CallModal] Retrieved remote stream for cmetcnw9e0000kuy9dooe536g : false
16:13:48.902  [CallModal] ⏰ No remote stream found yet for participant: cmetcnw9e0000kuy9dooe536g - WebRTC connection may still be establishing
16:13:48.902  [CallModal] 🔍 WebRTC stream ready for participant: cmetcnw9e0000kuy9dooe536g
16:13:48.902  [CallModal] 🔍 Our callId: call-1758096821929-j0m8cxwgf Event callId: call-1758096821929-j0m8cxwgf
16:13:48.902  [CallModal] 🔍 Our user ID: cmetc9zvw0000lx0fvjdkcng1
16:13:48.902  [CallModal] 🔍 Current call state: dialing
16:13:48.902  [CallModal] 🔍 Current participant states: {}
16:13:48.902  [CallModal] ✅ Processing REMOTE stream ready event
16:13:48.902  [CallModal] 🆔 Our session ID: cmetc9zvw0000lx0fvjdkcng1
16:13:48.902  [CallModal] 🆔 Remote participant ID: cmetcnw9e0000kuy9dooe536g
16:13:48.902  [CallModal] 🔍 Stream data: {callId: 'call-1758096821929-j0m8cxwgf', participantId: 'cmetcnw9e0000kuy9dooe536g', streamId: '7d624430-7ec6-4163-9050-2bfd72bf4027', hasAudio: true, hasVideo: true}
16:13:48.902  [CallModal] 🚀 INITIATING PEER CONNECTION for remote participant: cmetcnw9e0000kuy9dooe536g
16:13:48.902  [CallModal] 🚀 WebRTC service available: true
16:13:48.902  [CallModal] 🎥 Processing webrtc_stream_ready for REMOTE participant: cmetcnw9e0000kuy9dooe536g
16:13:48.902  [CallModal] 🔗 Active peer connections: []
16:13:48.902  [CallModal] 🔗 Has connection to cmetcnw9e0000kuy9dooe536g : false
16:13:48.902  [CallModal] 🚀 Creating peer connection to cmetcnw9e0000kuy9dooe536g
16:13:48.902  [CallModal] 🔄 Group call connection already attempted for: cmetcnw9e0000kuy9dooe536g
16:13:48.902  [CallModal] Retrieved remote stream for cmetcnw9e0000kuy9dooe536g : false
16:13:48.902  [CallModal] ⏰ No remote stream found yet for participant: cmetcnw9e0000kuy9dooe536g - WebRTC connection may still be establishing
16:13:48.903  [WebRTC] 📞 RECEIVED OFFER from: cmetcnw9e0000kuy9dooe536g
16:13:48.903  [WebRTC] Call ID check: {received: 'call-1758096821929-j0m8cxwgf', ours: null}
16:13:48.903  [WebRTC] ❌ Ignoring offer for different call: call-1758096821929-j0m8cxwgf vs null
16:13:48.903  [WebRTC] 📞 RECEIVED OFFER from: cmetcnw9e0000kuy9dooe536g
16:13:48.903  [WebRTC] Call ID check: {received: 'call-1758096821929-j0m8cxwgf', ours: 'call-1758096821929-j0m8cxwgf'}
16:13:48.903  [WebRTC] ✅ Processing offer from: cmetcnw9e0000kuy9dooe536g
16:13:48.903  [WebRTC] 🔄 Ensuring stream is ready before processing offer from: cmetcnw9e0000kuy9dooe536g
16:13:48.903  [WebRTC] 🔍 Checking stream readiness for participant: cmetcnw9e0000kuy9dooe536g
16:13:48.903  [WebRTC] 🔍 Stream readiness check: {participantId: 'cmetcnw9e0000kuy9dooe536g', hasStream: true, streamActive: true, totalTracks: 2, liveTracks: 2, …}
16:13:48.903  [WebRTC] 🎯 Stream already ready for participant: cmetcnw9e0000kuy9dooe536g
16:13:48.903  [WebRTC] Received ICE candidate from: cmetcnw9e0000kuy9dooe536g
16:13:48.903  [WebRTC] 🧊 Adding ICE candidate for: cmetcnw9e0000kuy9dooe536g {signalingState: 'stable', connectionState: 'new', iceConnectionState: 'new', hasRemoteDescription: false}
16:13:48.904  [WebRTC] ⏰ Remote description not set, buffering ICE candidate for: cmetcnw9e0000kuy9dooe536g
16:13:48.904  [WebRTC] Received ICE candidate from: cmetcnw9e0000kuy9dooe536g
16:13:48.904  [WebRTC] 🧊 Adding ICE candidate for: cmetcnw9e0000kuy9dooe536g {signalingState: 'stable', connectionState: 'new', iceConnectionState: 'new', hasRemoteDescription: false}
16:13:48.904  [WebRTC] ⏰ Remote description not set, buffering ICE candidate for: cmetcnw9e0000kuy9dooe536g
16:13:48.904  [WebRTC] Received ICE candidate from: cmetcnw9e0000kuy9dooe536g
16:13:48.904  [WebRTC] 🧊 Adding ICE candidate for: cmetcnw9e0000kuy9dooe536g {signalingState: 'stable', connectionState: 'new', iceConnectionState: 'new', hasRemoteDescription: false}
16:13:48.904  [WebRTC] ⏰ Remote description not set, buffering ICE candidate for: cmetcnw9e0000kuy9dooe536g
16:13:48.904  [WebRTC] Received ICE candidate from: cmetcnw9e0000kuy9dooe536g
16:13:48.904  [WebRTC] 🧊 Adding ICE candidate for: cmetcnw9e0000kuy9dooe536g {signalingState: 'stable', connectionState: 'new', iceConnectionState: 'new', hasRemoteDescription: false}
16:13:48.904  [WebRTC] ⏰ Remote description not set, buffering ICE candidate for: cmetcnw9e0000kuy9dooe536g
16:13:48.904  [GlobalCallManager] ✅ CALL_STATE_UPDATE received: {callId: 'call-1758096821929-j0m8cxwgf', status: 'connected', participantCount: 3}
16:13:48.904  [GlobalCallManager] Current incoming call: undefined
16:13:48.904  [GlobalCallManager] Match? false
16:13:48.904  [GlobalCallManager] 📞 Checking outgoing call state update for ringing management
16:13:48.904  [GlobalCallManager] Current user state: undefined
16:13:48.904  [GlobalCallManager] Data status: connected
16:13:48.904  [CallModal] Data: {callId: 'call-1758096821929-j0m8cxwgf', status: 'connected', participantCount: 3}
16:13:48.904  [CallModal] Current state: dialing -> New state: connected
16:13:48.904  [CallModal] 🔇 FORCE STOPPING ringing due to state change: dialing -> connected
16:13:48.904  [CallModal] 🔇 STOPPING ringing sound completely
16:13:48.904  [AudioManager] ✅ Stopped outgoing ringing
16:13:48.904  [CallModal] ✅ Audio manager ringing stopped
16:13:48.904  [CallModal] 🔇 Suspending AudioContext to stop all audio
16:13:48.905  [GlobalCallManager] 🔇 Received suspend audio context event: {eventCallId: 'call-1758096821929-j0m8cxwgf', reason: 'callmodal_audio_stopped', callerId: 'cmetc9zvw0000lx0fvjdkcng1'}
16:13:48.905  [CallModal] 📢 Notifying GlobalCallManager to stop ringing via browser event (PRIORITY)
16:13:48.905  [GlobalCallManager] 🔔 Received stop ringing event: {eventCallId: 'call-1758096821929-j0m8cxwgf', reason: 'callmodal_ringing_stopped_priority', callerId: 'cmetc9zvw0000lx0fvjdkcng1', priority: true}
16:13:48.905  [GlobalCallManager] ⚡ PRIORITY event - bypassing debouncing
16:13:48.905  [GlobalCallManager] 🔇 Stopping ringing due to browser event: callmodal_ringing_stopped_priority
16:13:48.905  [GlobalCallManager] 🔇 FORCE STOP ringing sound - reason: browser event: callmodal_ringing_stopped_priority - current interval: false
16:13:48.905  [AudioManager] ✅ Stopped outgoing ringing
16:13:48.905  [GlobalCallManager] ✅ Stopped AudioManager outgoing ringing
16:13:48.905  [GlobalCallManager] Attempting to clear call notifications
16:13:48.905  [GlobalCallManager] 📞 Caller ringing stopped - no UI changes needed
16:13:48.905  [GlobalCallManager] 🔒 Event processing locked, skipping call_state_update:call-1758096821929-j0m8cxwgf-connected-1758096828905
16:13:48.905  [CallModal] 🚫 Ignoring duplicate CALL_STATE_UPDATE within 100ms: connected
16:13:48.905  [GlobalCallManager] 🔄 Duplicate event detected, skipping call_state_update:call-1758096821929-j0m8cxwgf-connected-1758096828905 (window: 25ms)
16:13:48.905  [CallModal] 🚫 Ignoring duplicate CALL_STATE_UPDATE within 100ms: connected
16:13:48.905  [GlobalCallManager] 🔄 Duplicate event detected, skipping call_state_update:call-1758096821929-j0m8cxwgf-connected-1758096828905 (window: 25ms)
16:13:48.905  [CallModal] 🚫 Ignoring duplicate CALL_STATE_UPDATE within 100ms: connected
16:13:48.905  [WebRTC] Creating peer connection for: cmetcnw9e0000kuy9dooe536g
16:13:48.905  [WebRTC] ⚠️ Peer connection already exists for: cmetcnw9e0000kuy9dooe536g {connectionState: 'new', iceConnectionState: 'new', signalingState: 'stable'}
16:13:48.905  [WebRTC] 🔄 Existing connection unhealthy, creating new one for: cmetcnw9e0000kuy9dooe536g
16:13:48.907  [WebRTC] ✅ Local stream validation passed: {streamActive: true, liveTracks: 2, trackDetails: Array(2)}
16:13:48.909  [WebRTC] 🚀 Applying low-latency optimizations for peer connection: cmetcnw9e0000kuy9dooe536g
16:13:48.910  [WebRTC] Adding local tracks to peer connection: (2) [{…}, {…}]
16:13:48.910  [WebRTC] Adding live track to peer connection: audio Microphone Array (Realtek(R) Audio)
16:13:48.911  [WebRTC] ✅ Track added successfully: audio sender: true
16:13:48.912  [WebRTC] Adding live track to peer connection: video Integrated Camera (30c9:00ac)
16:13:48.913  [WebRTC] ✅ Track added successfully: video sender: true
16:13:48.913  [WebRTC] ✅ Added 2 tracks with low-latency transceivers for: cmetcnw9e0000kuy9dooe536g
16:13:48.913  [WebRTC] Applying 4 buffered ICE candidates for: cmetcnw9e0000kuy9dooe536g
16:13:48.913  [WebRTC] ⏳ Keeping ICE candidate buffered - no remote description yet
16:13:48.913  [WebRTC] Local stream ready with tracks: 2
16:13:48.913  [WebRTC] 🔍 Peer connection senders before answer: 2
16:13:48.914  [WebRTC]   Sender 0: {hasTrack: true, trackKind: 'audio', trackEnabled: true, trackReadyState: 'live'}
16:13:48.914  [WebRTC]   Sender 1: {hasTrack: true, trackKind: 'video', trackEnabled: true, trackReadyState: 'live'}
16:13:48.914  [WebRTC] Setting remote description from offer...
16:13:48.914  [WebRTC] Current signaling state before setting remote offer: stable
16:13:48.926  [WebRTC] 🎵 Applied ultra-low latency constraints to live audio track
16:13:48.927  [CallModal] ✅ SIMPLIFIED state applied: count= 3
16:13:48.928  [CallModal] 📊 SIMPLIFIED count logic: server=3, userActive=true, display=3, final=3
16:13:48.928  [CallModal] 📱 Status text: "Connected • 3 joined" (hasAccepted: true, isIncoming: false, callState: connected)
16:13:48.928  [CallModal] VideoGrid participants: {total: 2, filtered: 1, currentUserId: 'cmetc9zvw0000lx0fvjdkcng1', participantNames: Array(1)}
16:13:48.929  [CallModal] 💔 Stopped heartbeat monitoring for call call-1758096821929-j0m8cxwgf
16:13:48.930  [CallModal] Updated peer connections for performance monitoring: 2
16:13:48.930  [CallModal] Peer connection participants: (2) ['cmetcd54n000plx0f6031986z', 'cmetcnw9e0000kuy9dooe536g']
16:13:48.931  [CallModal] ⏰ Call start time initialized: 2025-09-17T08:13:48.931Z
16:13:48.931  [CallModal] 📡 Broadcasting call start time for coordination: {callId: 'call-1758096821929-j0m8cxwgf', participantId: 'cmetc9zvw0000lx0fvjdkcng1', callStartTime: 1758096828931, timestamp: 1758096828931}
16:13:48.932  [CallModal] 🔍 Connection verification:
16:13:48.933  [CallModal] - Expected participants: (2) ['cmetcnw9e0000kuy9dooe536g', 'cmetcd54n000plx0f6031986z']
16:13:48.933  [CallModal] - Active connections: (2) ['cmetcd54n000plx0f6031986z', 'cmetcnw9e0000kuy9dooe536g']
16:13:48.933  [CallModal] ✅ All expected WebRTC connections are active
16:13:48.934  [CallModal] 💓 Started heartbeat monitoring for call call-1758096821929-j0m8cxwgf
16:13:48.934  [CallModal] 🔍 Ringing state evaluation: {globalCallState: 'connected', currentUserState: 'connected', hasUserAccepted: true, shouldStopRinging: true, isCallerAutoAccept: 'cmetc9zvw0000lx0fvjdkcng1', …}
16:13:48.934  [CallModal] 🔇 Current user acceptance detected - stopping ringing: {reason: 'user_accepted', userState: 'connected', hasAccepted: true, isOutgoing: true}
16:13:48.935  [CallModal] 🔇 Requesting ringing stop from GlobalCallManager: current_user_accepted_manual
16:13:48.935  [GlobalCallManager] 🔔 Received stop ringing event: {eventCallId: undefined, reason: 'current_user_accepted_manual', callerId: 'cmetc9zvw0000lx0fvjdkcng1', priority: true}
16:13:48.935  [GlobalCallManager] ⚡ PRIORITY event - bypassing debouncing
16:13:48.935  [GlobalCallManager] 🔇 Stopping ringing due to browser event: current_user_accepted_manual
16:13:48.936  [GlobalCallManager] 🔇 FORCE STOP ringing sound - reason: browser event: current_user_accepted_manual - current interval: false
16:13:48.936  [AudioManager] ✅ Stopped outgoing ringing
16:13:48.936  [GlobalCallManager] ✅ Stopped AudioManager outgoing ringing
16:13:48.936  [GlobalCallManager] Attempting to clear call notifications
16:13:48.937  [GlobalCallManager] 📞 Caller ringing stopped - no UI changes needed
16:13:48.937  [CallModal] 🚀 SHOULD initialize WebRTC - State: connected IsIncoming: false Connected participants: 3 Emergency: false
16:13:48.937  [CallModal] ✅ Initializing WebRTC - State: connected IsIncoming: false
16:13:48.938  [CallModal] 🔧 WEBRTC INITIALIZATION ATTEMPT: {callId: 'call-1758096821929-j0m8cxwgf', callState: 'connected', isIncoming: false, hasExistingService: true, socketConnected: true, …}
16:13:48.938  [CallModal] ⚠️ WebRTC service already exists, verifying state...
16:13:48.938  [WebRTC] 🔍 hasLocalStream: {hasStream: true, streamActive: true, totalTracks: 2, liveTracks: 2, trackStates: Array(2), …}
16:13:48.939  [CallModal] ✅ Existing WebRTC service is functional, skipping initialization
16:13:48.940  [WebRTC] 🎵 RECEIVED REMOTE TRACK: audio from: cmetcnw9e0000kuy9dooe536g
16:13:48.940  [WebRTC] Track state: {id: 'a566deab-c9d5-4ded-805a-767e23d2dbee', label: 'a566deab-c9d5-4ded-805a-767e23d2dbee', enabled: true, readyState: 'live', muted: true}
16:13:48.940  [WebRTC] 🔧 UNMUTING muted remote audio track from: cmetcnw9e0000kuy9dooe536g
16:13:48.941  [WebRTC] 🎵 Remote audio track configured for first call: {enabled: true, muted: true, readyState: 'live', participantId: 'cmetcnw9e0000kuy9dooe536g'}
16:13:48.941  [WebRTC] ✅ Using stream from event: df6433fc-16fa-444c-a884-8cc4a93c065e
16:13:48.941  [WebRTC] 📊 Stream verification for cmetcnw9e0000kuy9dooe536g:
16:13:48.941  [WebRTC]   Audio tracks: 1 [{…}]
16:13:48.941  [WebRTC]   Video tracks: 1 [{…}]
16:13:48.941  [WebRTC]   Stream active: true
16:13:48.941  [WebRTC] 📡 Scheduling notification about remote stream for: cmetcnw9e0000kuy9dooe536g
16:13:48.941  [WebRTC] 🔍 Checking call readiness after receiving remote track
16:13:48.942  [WebRTC] 🔍 DETAILED Call readiness check:
16:13:48.942  [WebRTC]   Total peers: 2
16:13:48.942  [WebRTC]   Connected peers: 0
16:13:48.942  [WebRTC]   Peers with streams: 1
16:13:48.942  [WebRTC]   Peer details: (2) [{…}, {…}]
16:13:48.942  [WebRTC] ❌ Call NOT ready - Connected: 0 WithStreams: 1
16:13:48.942  [WebRTC] 🎵 RECEIVED REMOTE TRACK: video from: cmetcnw9e0000kuy9dooe536g
16:13:48.942  [WebRTC] Track state: {id: '4bb7d60e-772a-4cfc-ace1-6f629dde9b34', label: '4bb7d60e-772a-4cfc-ace1-6f629dde9b34', enabled: true, readyState: 'live', muted: true}
16:13:48.942  [WebRTC] ✅ Using stream from event: df6433fc-16fa-444c-a884-8cc4a93c065e
16:13:48.942  [WebRTC] 📊 Stream verification for cmetcnw9e0000kuy9dooe536g:
16:13:48.942  [WebRTC]   Audio tracks: 1 [{…}]
16:13:48.942  [WebRTC]   Video tracks: 1 [{…}]
16:13:48.942  [WebRTC]   Stream active: true
16:13:48.942  [WebRTC] 📡 Scheduling notification about remote stream for: cmetcnw9e0000kuy9dooe536g
16:13:48.943  [WebRTC] 🔍 Checking call readiness after receiving remote track
16:13:48.943  [WebRTC] 🔍 DETAILED Call readiness check:
16:13:48.943  [WebRTC]   Total peers: 2
16:13:48.943  [WebRTC]   Connected peers: 0
16:13:48.943  [WebRTC]   Peers with streams: 1
16:13:48.943  [WebRTC]   Peer details: (2) [{…}, {…}]
16:13:48.943  [WebRTC] ❌ Call NOT ready - Connected: 0 WithStreams: 1
16:13:48.943  [WebRTC] 🔊 Remote track unmuted: audio for: cmetcnw9e0000kuy9dooe536g
16:13:48.943  [WebRTC] 🔊 Remote track unmuted: video for: cmetcnw9e0000kuy9dooe536g
16:13:48.943  [WebRTC] Remote description set, applying any buffered ICE candidates
16:13:48.943  [WebRTC] Applying 4 buffered ICE candidates for: cmetcnw9e0000kuy9dooe536g
16:13:48.945  [CallModal] VideoGrid participants: {total: 2, filtered: 1, currentUserId: 'cmetc9zvw0000lx0fvjdkcng1', participantNames: Array(1)}
16:13:48.946  [useCallPerformance] Connection states: (2) [{…}, {…}]
16:13:48.946  [useCallPerformance] Starting monitoring for 2 valid connections
16:13:48.948  [WebRTC] ✅ Applied buffered ICE candidate for: cmetcnw9e0000kuy9dooe536g
16:13:48.949  [WebRTC] ✅ Applied buffered ICE candidate for: cmetcnw9e0000kuy9dooe536g
16:13:48.950  [WebRTC] ✅ Applied buffered ICE candidate for: cmetcnw9e0000kuy9dooe536g
16:13:48.951  [useCallPerformance] No valid network data yet, assuming good quality
16:13:48.951  [WebRTC] ✅ Applied buffered ICE candidate for: cmetcnw9e0000kuy9dooe536g
16:13:48.951  [WebRTC] Cleared ICE candidate buffer for: cmetcnw9e0000kuy9dooe536g
16:13:48.951  [WebRTC] No buffered ICE candidates for: cmetcnw9e0000kuy9dooe536g
16:13:48.951  [WebRTC] Creating answer with ultra-low-latency options...
16:13:48.970  [useCallPerformance] No valid network data yet, assuming good quality
16:13:48.972  [WebRTC] Received ICE candidate from: cmetcnw9e0000kuy9dooe536g
16:13:48.972  [WebRTC] 🧊 Adding ICE candidate for: cmetcnw9e0000kuy9dooe536g {signalingState: 'have-remote-offer', connectionState: 'new', iceConnectionState: 'new', hasRemoteDescription: true}
16:13:48.977  [WebRTC] 🚀 Optimizing SDP for ultra-low latency...
16:13:48.978  [WebRTC] ✅ SDP optimized for ultra-low latency
16:13:48.978  [WebRTC] Answer created and SDP optimized, analyzing...
16:13:48.978  [WebRTC] 🔍 Answer SDP analysis: {hasAudio: true, hasVideo: true}
16:13:48.978  [WebRTC] Setting local description with answer...
16:13:48.978  [WebRTC] Current signaling state before setting local answer: have-remote-offer
16:13:48.979  [CallModal] VideoGrid participants: {total: 2, filtered: 1, currentUserId: 'cmetc9zvw0000lx0fvjdkcng1', participantNames: Array(1)}
16:13:48.980  [WebRTC] ✅ ICE candidate successfully added for: cmetcnw9e0000kuy9dooe536g
16:13:49.004  [WebRTC] 📡 Sending answer to: cmetcnw9e0000kuy9dooe536g
16:13:49.004  [WebRTC] ✅ Answer successfully sent to: cmetcnw9e0000kuy9dooe536g
16:13:49.006  [WebRTC] 🧊 ICE connection state changed to: checking for cmetcnw9e0000kuy9dooe536g
16:13:49.006  [WebRTC] ICE diagnostics: {participantId: 'cmetcnw9e0000kuy9dooe536g', iceConnectionState: 'checking', connectionState: 'new', iceGatheringState: 'gathering', timestamp: 1758096829006}
16:13:49.006  [WebRTC] 🔍 ICE checking connectivity for cmetcnw9e0000kuy9dooe536g
16:13:49.007  [WebRTC] Sending ICE candidate to: cmetcnw9e0000kuy9dooe536g
16:13:49.007  [WebRTC] 🔄 Connection state changed to: connecting for cmetcnw9e0000kuy9dooe536g
16:13:49.008  [WebRTC] 🔍 DEBUG - Full connection diagnostic: {participantId: 'cmetcnw9e0000kuy9dooe536g', connectionState: 'connecting', iceConnectionState: 'checking', iceGatheringState: 'gathering', signalingState: 'stable', …}
16:13:49.012  [WebRTC] 🎵 Set ultra-low latency audio parameters
16:13:49.014  [WebRTC] 📹 Set ultra-low latency video parameters
16:13:49.016  [WebRTC] Sending ICE candidate to: cmetcnw9e0000kuy9dooe536g
16:13:49.016  [WebRTC] Sending ICE candidate to: cmetcnw9e0000kuy9dooe536g
16:13:49.017  [WebRTC] 🧊 ICE connection state changed to: connected for cmetcnw9e0000kuy9dooe536g
16:13:49.017  [WebRTC] ICE diagnostics: {participantId: 'cmetcnw9e0000kuy9dooe536g', iceConnectionState: 'connected', connectionState: 'connecting', iceGatheringState: 'gathering', timestamp: 1758096829017}
16:13:49.017  [WebRTC] ✅ ICE connection established for cmetcnw9e0000kuy9dooe536g - media flow should be stable
16:13:49.041  [WebRTC] Received ICE candidate from: cmetcnw9e0000kuy9dooe536g
16:13:49.042  [WebRTC] 🧊 Adding ICE candidate for: cmetcnw9e0000kuy9dooe536g {signalingState: 'stable', connectionState: 'connecting', iceConnectionState: 'connected', hasRemoteDescription: true}
16:13:49.043  [WebRTC] Received ICE candidate from: cmetcnw9e0000kuy9dooe536g
16:13:49.043  [WebRTC] 🧊 Adding ICE candidate for: cmetcnw9e0000kuy9dooe536g {signalingState: 'stable', connectionState: 'connecting', iceConnectionState: 'connected', hasRemoteDescription: true}
16:13:49.044  [WebRTC] ✅ ICE candidate successfully added for: cmetcnw9e0000kuy9dooe536g
16:13:49.044  [WebRTC] ✅ ICE candidate successfully added for: cmetcnw9e0000kuy9dooe536g
16:13:49.045  [WebRTC] 📡 EMITTING webrtc_stream_ready after delay for: cmetcnw9e0000kuy9dooe536g
16:13:49.045  [WebRTC] 📡 EMITTING webrtc_stream_ready after delay for: cmetcnw9e0000kuy9dooe536g
16:13:49.069  [WebRTC] 🔄 Connection state changed to: connected for cmetcnw9e0000kuy9dooe536g
16:13:49.069  [WebRTC] 🔍 DEBUG - Full connection diagnostic: {participantId: 'cmetcnw9e0000kuy9dooe536g', connectionState: 'connected', iceConnectionState: 'connected', iceGatheringState: 'complete', signalingState: 'stable', …}
16:13:49.069  [WebRTC] ✅ Connection ESTABLISHED for cmetcnw9e0000kuy9dooe536g - call should work now
16:13:49.069  [WebRTC] Connection ESTABLISHED successfully for: cmetcnw9e0000kuy9dooe536g
16:13:49.111  [CallModal] 🔍 WebRTC stream ready for participant: cmetc9zvw0000lx0fvjdkcng1
16:13:49.112  [CallModal] 🔍 Our callId: call-1758096821929-j0m8cxwgf Event callId: call-1758096821929-j0m8cxwgf
16:13:49.112  [CallModal] 🔍 Our user ID: cmetc9zvw0000lx0fvjdkcng1
16:13:49.112  [CallModal] 🔍 Current call state: dialing
16:13:49.112  [CallModal] 🔍 Current participant states: {}
16:13:49.112  [CallModal] ✅ Ignoring webrtc_stream_ready for our own stream (not a remote stream)
16:13:49.112  [CallModal] 🆔 Session user ID: cmetc9zvw0000lx0fvjdkcng1
16:13:49.112  [CallModal] 🆔 Event participant ID: cmetc9zvw0000lx0fvjdkcng1
16:13:49.161  [CallModal] 🔍 WebRTC stream ready for participant: cmetc9zvw0000lx0fvjdkcng1
16:13:49.161  [CallModal] 🔍 Our callId: call-1758096821929-j0m8cxwgf Event callId: call-1758096821929-j0m8cxwgf
16:13:49.161  [CallModal] 🔍 Our user ID: cmetc9zvw0000lx0fvjdkcng1
16:13:49.161  [CallModal] 🔍 Current call state: dialing
16:13:49.161  [CallModal] 🔍 Current participant states: {}
16:13:49.161  [CallModal] ✅ Ignoring webrtc_stream_ready for our own stream (not a remote stream)
16:13:49.161  [CallModal] 🆔 Session user ID: cmetc9zvw0000lx0fvjdkcng1
16:13:49.161  [CallModal] 🆔 Event participant ID: cmetc9zvw0000lx0fvjdkcng1
16:13:49.223  [CallModal] 🔍 WebRTC stream ready for participant: cmetcnw9e0000kuy9dooe536g
16:13:49.223  [CallModal] 🔍 Our callId: call-1758096821929-j0m8cxwgf Event callId: call-1758096821929-j0m8cxwgf
16:13:49.224  [CallModal] 🔍 Our user ID: cmetc9zvw0000lx0fvjdkcng1
16:13:49.224  [CallModal] 🔍 Current call state: dialing
16:13:49.224  [CallModal] 🔍 Current participant states: {}
16:13:49.224  [CallModal] ✅ Processing REMOTE stream ready event
16:13:49.224  [CallModal] 🆔 Our session ID: cmetc9zvw0000lx0fvjdkcng1
16:13:49.224  [CallModal] 🆔 Remote participant ID: cmetcnw9e0000kuy9dooe536g
16:13:49.224  [CallModal] 🔍 Stream data: {callId: 'call-1758096821929-j0m8cxwgf', participantId: 'cmetcnw9e0000kuy9dooe536g', streamId: '7d624430-7ec6-4163-9050-2bfd72bf4027', hasAudio: true, hasVideo: true}
16:13:49.224  [CallModal] 🚀 INITIATING PEER CONNECTION for remote participant: cmetcnw9e0000kuy9dooe536g
16:13:49.224  [CallModal] 🚀 WebRTC service available: true
16:13:49.225  [CallModal] 🎥 Processing webrtc_stream_ready for REMOTE participant: cmetcnw9e0000kuy9dooe536g
16:13:49.225  [CallModal] 🔗 Active peer connections: []
16:13:49.225  [CallModal] 🔗 Has connection to cmetcnw9e0000kuy9dooe536g : false
16:13:49.225  [CallModal] 🚀 Creating peer connection to cmetcnw9e0000kuy9dooe536g
16:13:49.225  [CallModal] 🔄 Group call connection already attempted for: cmetcnw9e0000kuy9dooe536g
16:13:49.225  [CallModal] Retrieved remote stream for cmetcnw9e0000kuy9dooe536g : true
16:13:49.226  [CallModal] Remote stream tracks: (2) [{…}, {…}]
16:13:49.226  [CallModal] ✅ Remote stream added to state for VideoGrid
16:13:49.227  [CallModal] Updated remote streams map, now has: ['cmetcnw9e0000kuy9dooe536g']
16:13:49.228  [CallModal] VideoGrid participants: {total: 2, filtered: 1, currentUserId: 'cmetc9zvw0000lx0fvjdkcng1', participantNames: Array(1)}
16:13:49.234  [VideoGrid] Setting up video stream for Tester Test: {streamId: 'df6433fc-16fa-444c-a884-8cc4a93c065e', active: true, videoTracks: 1}
16:13:49.278  [VideoGrid] 🔄 Stream changed, cleaning up previous stream for: cmetcnw9e0000kuy9dooe536g
16:13:49.279  [VideoGrid] 🧹 Cleaning up video element for participant: cmetcnw9e0000kuy9dooe536g
16:13:49.283  [VideoGrid] ✅ Video element cleanup completed for: cmetcnw9e0000kuy9dooe536g
16:13:49.284  [VoiceActivity] Initializing for stream: df6433fc-16fa-444c-a884-8cc4a93c065e with 1 audio tracks
16:13:49.286  [CallModal] Updated peer connections for performance monitoring: 2
16:13:49.287  [CallModal] Peer connection participants: (2) ['cmetcd54n000plx0f6031986z', 'cmetcnw9e0000kuy9dooe536g']
16:13:49.288  [VideoGrid] Failed to play remote video: 
window.console.error @ 117-95e74743b4de7ddb.js:1
(anonymous) @ 742-f5e44fb4de89ca72.js:1
Promise.catch
ref @ 742-f5e44fb4de89ca72.js:1
aB @ fd9d1056-7acf5ff0c83da7db.js:1
aY @ fd9d1056-7acf5ff0c83da7db.js:1
a9 @ fd9d1056-7acf5ff0c83da7db.js:1
aY @ fd9d1056-7acf5ff0c83da7db.js:1
a9 @ fd9d1056-7acf5ff0c83da7db.js:1
aY @ fd9d1056-7acf5ff0c83da7db.js:1
a9 @ fd9d1056-7acf5ff0c83da7db.js:1
aY @ fd9d1056-7acf5ff0c83da7db.js:1
a9 @ fd9d1056-7acf5ff0c83da7db.js:1
aY @ fd9d1056-7acf5ff0c83da7db.js:1
a9 @ fd9d1056-7acf5ff0c83da7db.js:1
aY @ fd9d1056-7acf5ff0c83da7db.js:1
a9 @ fd9d1056-7acf5ff0c83da7db.js:1
aY @ fd9d1056-7acf5ff0c83da7db.js:1
a9 @ fd9d1056-7acf5ff0c83da7db.js:1
aY @ fd9d1056-7acf5ff0c83da7db.js:1
a9 @ fd9d1056-7acf5ff0c83da7db.js:1
aY @ fd9d1056-7acf5ff0c83da7db.js:1
a9 @ fd9d1056-7acf5ff0c83da7db.js:1
aY @ fd9d1056-7acf5ff0c83da7db.js:1
a9 @ fd9d1056-7acf5ff0c83da7db.js:1
aY @ fd9d1056-7acf5ff0c83da7db.js:1
a9 @ fd9d1056-7acf5ff0c83da7db.js:1
aY @ fd9d1056-7acf5ff0c83da7db.js:1
a9 @ fd9d1056-7acf5ff0c83da7db.js:1
aY @ fd9d1056-7acf5ff0c83da7db.js:1
a9 @ fd9d1056-7acf5ff0c83da7db.js:1
aY @ fd9d1056-7acf5ff0c83da7db.js:1
a9 @ fd9d1056-7acf5ff0c83da7db.js:1
aY @ fd9d1056-7acf5ff0c83da7db.js:1
a9 @ fd9d1056-7acf5ff0c83da7db.js:1
aY @ fd9d1056-7acf5ff0c83da7db.js:1
a9 @ fd9d1056-7acf5ff0c83da7db.js:1
aY @ fd9d1056-7acf5ff0c83da7db.js:1
a9 @ fd9d1056-7acf5ff0c83da7db.js:1
aY @ fd9d1056-7acf5ff0c83da7db.js:1
a9 @ fd9d1056-7acf5ff0c83da7db.js:1
aY @ fd9d1056-7acf5ff0c83da7db.js:1
a9 @ fd9d1056-7acf5ff0c83da7db.js:1
aY @ fd9d1056-7acf5ff0c83da7db.js:1
a9 @ fd9d1056-7acf5ff0c83da7db.js:1
aY @ fd9d1056-7acf5ff0c83da7db.js:1
a9 @ fd9d1056-7acf5ff0c83da7db.js:1
aY @ fd9d1056-7acf5ff0c83da7db.js:1
a9 @ fd9d1056-7acf5ff0c83da7db.js:1
aY @ fd9d1056-7acf5ff0c83da7db.js:1
a9 @ fd9d1056-7acf5ff0c83da7db.js:1
aY @ fd9d1056-7acf5ff0c83da7db.js:1
a9 @ fd9d1056-7acf5ff0c83da7db.js:1
aY @ fd9d1056-7acf5ff0c83da7db.js:1
a9 @ fd9d1056-7acf5ff0c83da7db.js:1
aY @ fd9d1056-7acf5ff0c83da7db.js:1
a9 @ fd9d1056-7acf5ff0c83da7db.js:1
aY @ fd9d1056-7acf5ff0c83da7db.js:1
a9 @ fd9d1056-7acf5ff0c83da7db.js:1
aY @ fd9d1056-7acf5ff0c83da7db.js:1
a9 @ fd9d1056-7acf5ff0c83da7db.js:1
aY @ fd9d1056-7acf5ff0c83da7db.js:1
a9 @ fd9d1056-7acf5ff0c83da7db.js:1
aY @ fd9d1056-7acf5ff0c83da7db.js:1
a9 @ fd9d1056-7acf5ff0c83da7db.js:1
aY @ fd9d1056-7acf5ff0c83da7db.js:1
a9 @ fd9d1056-7acf5ff0c83da7db.js:1
aY @ fd9d1056-7acf5ff0c83da7db.js:1
a9 @ fd9d1056-7acf5ff0c83da7db.js:1
aY @ fd9d1056-7acf5ff0c83da7db.js:1
a9 @ fd9d1056-7acf5ff0c83da7db.js:1
aY @ fd9d1056-7acf5ff0c83da7db.js:1
a9 @ fd9d1056-7acf5ff0c83da7db.js:1
aY @ fd9d1056-7acf5ff0c83da7db.js:1
a9 @ fd9d1056-7acf5ff0c83da7db.js:1
aY @ fd9d1056-7acf5ff0c83da7db.js:1
a9 @ fd9d1056-7acf5ff0c83da7db.js:1
aY @ fd9d1056-7acf5ff0c83da7db.js:1
a9 @ fd9d1056-7acf5ff0c83da7db.js:1
aY @ fd9d1056-7acf5ff0c83da7db.js:1
a9 @ fd9d1056-7acf5ff0c83da7db.js:1
aY @ fd9d1056-7acf5ff0c83da7db.js:1
a9 @ fd9d1056-7acf5ff0c83da7db.js:1
aY @ fd9d1056-7acf5ff0c83da7db.js:1
a9 @ fd9d1056-7acf5ff0c83da7db.js:1
aY @ fd9d1056-7acf5ff0c83da7db.js:1
a9 @ fd9d1056-7acf5ff0c83da7db.js:1
aY @ fd9d1056-7acf5ff0c83da7db.js:1
a9 @ fd9d1056-7acf5ff0c83da7db.js:1
aY @ fd9d1056-7acf5ff0c83da7db.js:1
a9 @ fd9d1056-7acf5ff0c83da7db.js:1
aY @ fd9d1056-7acf5ff0c83da7db.js:1
a9 @ fd9d1056-7acf5ff0c83da7db.js:1
aY @ fd9d1056-7acf5ff0c83da7db.js:1
a9 @ fd9d1056-7acf5ff0c83da7db.js:1
aY @ fd9d1056-7acf5ff0c83da7db.js:1
a9 @ fd9d1056-7acf5ff0c83da7db.js:1
aY @ fd9d1056-7acf5ff0c83da7db.js:1
a9 @ fd9d1056-7acf5ff0c83da7db.js:1
aY @ fd9d1056-7acf5ff0c83da7db.js:1
a9 @ fd9d1056-7acf5ff0c83da7db.js:1
aY @ fd9d1056-7acf5ff0c83da7db.js:1
a9 @ fd9d1056-7acf5ff0c83da7db.js:1
aY @ fd9d1056-7acf5ff0c83da7db.js:1
a9 @ fd9d1056-7acf5ff0c83da7db.js:1
aY @ fd9d1056-7acf5ff0c83da7db.js:1
a9 @ fd9d1056-7acf5ff0c83da7db.js:1
aY @ fd9d1056-7acf5ff0c83da7db.js:1
a9 @ fd9d1056-7acf5ff0c83da7db.js:1
aY @ fd9d1056-7acf5ff0c83da7db.js:1
a9 @ fd9d1056-7acf5ff0c83da7db.js:1
aY @ fd9d1056-7acf5ff0c83da7db.js:1
a9 @ fd9d1056-7acf5ff0c83da7db.js:1
aY @ fd9d1056-7acf5ff0c83da7db.js:1
a9 @ fd9d1056-7acf5ff0c83da7db.js:1
aY @ fd9d1056-7acf5ff0c83da7db.js:1
a9 @ fd9d1056-7acf5ff0c83da7db.js:1
aY @ fd9d1056-7acf5ff0c83da7db.js:1
a9 @ fd9d1056-7acf5ff0c83da7db.js:1
aY @ fd9d1056-7acf5ff0c83da7db.js:1
a9 @ fd9d1056-7acf5ff0c83da7db.js:1
aY @ fd9d1056-7acf5ff0c83da7db.js:1
a9 @ fd9d1056-7acf5ff0c83da7db.js:1
aY @ fd9d1056-7acf5ff0c83da7db.js:1
a9 @ fd9d1056-7acf5ff0c83da7db.js:1
aY @ fd9d1056-7acf5ff0c83da7db.js:1
a9 @ fd9d1056-7acf5ff0c83da7db.js:1
aY @ fd9d1056-7acf5ff0c83da7db.js:1
a9 @ fd9d1056-7acf5ff0c83da7db.js:1
aY @ fd9d1056-7acf5ff0c83da7db.js:1
a9 @ fd9d1056-7acf5ff0c83da7db.js:1
aY @ fd9d1056-7acf5ff0c83da7db.js:1
a9 @ fd9d1056-7acf5ff0c83da7db.js:1
aY @ fd9d1056-7acf5ff0c83da7db.js:1
a9 @ fd9d1056-7acf5ff0c83da7db.js:1
aY @ fd9d1056-7acf5ff0c83da7db.js:1
a9 @ fd9d1056-7acf5ff0c83da7db.js:1
aY @ fd9d1056-7acf5ff0c83da7db.js:1
a9 @ fd9d1056-7acf5ff0c83da7db.js:1
aY @ fd9d1056-7acf5ff0c83da7db.js:1
a9 @ fd9d1056-7acf5ff0c83da7db.js:1
aY @ fd9d1056-7acf5ff0c83da7db.js:1
a9 @ fd9d1056-7acf5ff0c83da7db.js:1
aY @ fd9d1056-7acf5ff0c83da7db.js:1
a9 @ fd9d1056-7acf5ff0c83da7db.js:1
aY @ fd9d1056-7acf5ff0c83da7db.js:1
a9 @ fd9d1056-7acf5ff0c83da7db.js:1
aY @ fd9d1056-7acf5ff0c83da7db.js:1
a9 @ fd9d1056-7acf5ff0c83da7db.js:1
aY @ fd9d1056-7acf5ff0c83da7db.js:1
a9 @ fd9d1056-7acf5ff0c83da7db.js:1
aY @ fd9d1056-7acf5ff0c83da7db.js:1
a9 @ fd9d1056-7acf5ff0c83da7db.js:1
aY @ fd9d1056-7acf5ff0c83da7db.js:1
a9 @ fd9d1056-7acf5ff0c83da7db.js:1
aY @ fd9d1056-7acf5ff0c83da7db.js:1
a9 @ fd9d1056-7acf5ff0c83da7db.js:1
aY @ fd9d1056-7acf5ff0c83da7db.js:1
a9 @ fd9d1056-7acf5ff0c83da7db.js:1
aY @ fd9d1056-7acf5ff0c83da7db.js:1
(anonymous) @ fd9d1056-7acf5ff0c83da7db.js:1
is @ fd9d1056-7acf5ff0c83da7db.js:1
o1 @ fd9d1056-7acf5ff0c83da7db.js:1
oZ @ fd9d1056-7acf5ff0c83da7db.js:1
T @ 117-95e74743b4de7ddb.js:1
16:13:49.289  [CallModal] 🔄 State updated (debounced): connecting -> connected authCount: undefined
16:13:49.292  [CallModal] 🔍 WebRTC stream ready for participant: cmetcnw9e0000kuy9dooe536g
16:13:49.293  [CallModal] 🔍 Our callId: call-1758096821929-j0m8cxwgf Event callId: call-1758096821929-j0m8cxwgf
16:13:49.293  [CallModal] 🔍 Our user ID: cmetc9zvw0000lx0fvjdkcng1
16:13:49.293  [CallModal] 🔍 Current call state: dialing
16:13:49.293  [CallModal] 🔍 Current participant states: {}
16:13:49.293  [CallModal] ✅ Processing REMOTE stream ready event
16:13:49.293  [CallModal] 🆔 Our session ID: cmetc9zvw0000lx0fvjdkcng1
16:13:49.293  [CallModal] 🆔 Remote participant ID: cmetcnw9e0000kuy9dooe536g
16:13:49.293  [CallModal] 🔍 Stream data: {callId: 'call-1758096821929-j0m8cxwgf', participantId: 'cmetcnw9e0000kuy9dooe536g', streamId: '7d624430-7ec6-4163-9050-2bfd72bf4027', hasAudio: true, hasVideo: true}
16:13:49.293  [CallModal] 🚀 INITIATING PEER CONNECTION for remote participant: cmetcnw9e0000kuy9dooe536g
16:13:49.293  [CallModal] 🚀 WebRTC service available: true
16:13:49.293  [CallModal] 🎥 Processing webrtc_stream_ready for REMOTE participant: cmetcnw9e0000kuy9dooe536g
16:13:49.294  [CallModal] 🔗 Active peer connections: []
16:13:49.294  [CallModal] 🔗 Has connection to cmetcnw9e0000kuy9dooe536g : false
16:13:49.294  [CallModal] 🚀 Creating peer connection to cmetcnw9e0000kuy9dooe536g
16:13:49.294  [CallModal] 🔄 Group call connection already attempted for: cmetcnw9e0000kuy9dooe536g
16:13:49.294  [CallModal] Retrieved remote stream for cmetcnw9e0000kuy9dooe536g : true
16:13:49.294  [CallModal] Remote stream tracks: (2) [{…}, {…}]
16:13:49.295  [CallModal] ✅ Remote stream added to state for VideoGrid
16:13:49.296  [CallModal] 🔄 Retry 1/5 for stream from: cmetcnw9e0000kuy9dooe536g - Found: true
16:13:49.296  [CallModal] ✅ Remote stream found on retry: (2) [{…}, {…}]
16:13:49.296  [CallModal] 🔄 Retry 1/5 for stream from: cmetcnw9e0000kuy9dooe536g - Found: true
16:13:49.296  [CallModal] ✅ Remote stream found on retry: (2) [{…}, {…}]
16:13:49.297  [CallModal] 🔄 Retry 1/5 for stream from: cmetcnw9e0000kuy9dooe536g - Found: true
16:13:49.297  [CallModal] ✅ Remote stream found on retry: (2) [{…}, {…}]
16:13:49.297  [CallModal] 🔄 Retry 1/5 for stream from: cmetcnw9e0000kuy9dooe536g - Found: true
16:13:49.297  [CallModal] ✅ Remote stream found on retry: (2) [{…}, {…}]
16:13:49.298  [CallModal] Updated remote streams map, now has: ['cmetcnw9e0000kuy9dooe536g']
16:13:49.298  [CallModal] ✅ Added delayed remote stream for: cmetcnw9e0000kuy9dooe536g
16:13:49.298  [CallModal] ✅ Added delayed remote stream for: cmetcnw9e0000kuy9dooe536g
16:13:49.299  [CallModal] ✅ Added delayed remote stream for: cmetcnw9e0000kuy9dooe536g
16:13:49.299  [CallModal] ✅ Added delayed remote stream for: cmetcnw9e0000kuy9dooe536g
16:13:49.299  [CallModal] VideoGrid participants: {total: 2, filtered: 1, currentUserId: 'cmetc9zvw0000lx0fvjdkcng1', participantNames: Array(1)}
16:13:49.301  [VideoGrid] Setting up video stream for Tester Test: {streamId: 'df6433fc-16fa-444c-a884-8cc4a93c065e', active: true, videoTracks: 1}
16:13:49.302  [CallModal] Updated peer connections for performance monitoring: 2
16:13:49.303  [CallModal] Peer connection participants: (2) ['cmetcd54n000plx0f6031986z', 'cmetcnw9e0000kuy9dooe536g']
16:13:49.304  [useCallPerformance] Connection states: (2) [{…}, {…}]
16:13:49.305  [useCallPerformance] Starting monitoring for 2 valid connections
16:13:49.431 Refused to load the script 'data:text/javascript,' because it violates the following Content Security Policy directive: "script-src 'self' 'unsafe-inline' 'wasm-unsafe-eval'". Note that 'script-src-elem' was not explicitly set, so 'script-src' is used as a fallback.

16:13:49.453  [useCallPerformance] No valid network data yet, assuming good quality
16:13:49.454  [CallModal] VideoGrid participants: {total: 2, filtered: 1, currentUserId: 'cmetc9zvw0000lx0fvjdkcng1', participantNames: Array(1)}
16:13:49.456  [useCallPerformance] Connection states: (2) [{…}, {…}]
16:13:49.456  [useCallPerformance] Starting monitoring for 2 valid connections
16:13:49.458  [CallModal] 🔍 WebRTC stream ready for participant: cmetcnw9e0000kuy9dooe536g
16:13:49.459  [CallModal] 🔍 Our callId: call-1758096821929-j0m8cxwgf Event callId: call-1758096821929-j0m8cxwgf
16:13:49.459  [CallModal] 🔍 Our user ID: cmetc9zvw0000lx0fvjdkcng1
16:13:49.459  [CallModal] 🔍 Current call state: dialing
16:13:49.459  [CallModal] 🔍 Current participant states: {}
16:13:49.459  [CallModal] ✅ Processing REMOTE stream ready event
16:13:49.459  [CallModal] 🆔 Our session ID: cmetc9zvw0000lx0fvjdkcng1
16:13:49.459  [CallModal] 🆔 Remote participant ID: cmetcnw9e0000kuy9dooe536g
16:13:49.459  [CallModal] 🔍 Stream data: {callId: 'call-1758096821929-j0m8cxwgf', participantId: 'cmetcnw9e0000kuy9dooe536g', streamId: '80ff065c-747a-4aac-a017-fba71f3d1ea1', hasAudio: true, hasVideo: true}
16:13:49.459  [CallModal] 🚀 INITIATING PEER CONNECTION for remote participant: cmetcnw9e0000kuy9dooe536g
16:13:49.459  [CallModal] 🚀 WebRTC service available: true
16:13:49.459  [CallModal] 🎥 Processing webrtc_stream_ready for REMOTE participant: cmetcnw9e0000kuy9dooe536g
16:13:49.459  [CallModal] 🔗 Active peer connections: []
16:13:49.459  [CallModal] 🔗 Has connection to cmetcnw9e0000kuy9dooe536g : false
16:13:49.460  [CallModal] 🚀 Creating peer connection to cmetcnw9e0000kuy9dooe536g
16:13:49.460  [CallModal] 🔄 Group call connection already attempted for: cmetcnw9e0000kuy9dooe536g
16:13:49.460  [CallModal] Retrieved remote stream for cmetcnw9e0000kuy9dooe536g : true
16:13:49.460  [CallModal] Remote stream tracks: (2) [{…}, {…}]
16:13:49.460  [CallModal] ✅ Remote stream added to state for VideoGrid
16:13:49.460  [CallModal] 🔍 WebRTC stream ready for participant: cmetcnw9e0000kuy9dooe536g
16:13:49.460  [CallModal] 🔍 Our callId: call-1758096821929-j0m8cxwgf Event callId: call-1758096821929-j0m8cxwgf
16:13:49.460  [CallModal] 🔍 Our user ID: cmetc9zvw0000lx0fvjdkcng1
16:13:49.460  [CallModal] 🔍 Current call state: dialing
16:13:49.460  [CallModal] 🔍 Current participant states: {}
16:13:49.460  [CallModal] ✅ Processing REMOTE stream ready event
16:13:49.461  [CallModal] 🆔 Our session ID: cmetc9zvw0000lx0fvjdkcng1
16:13:49.461  [CallModal] 🆔 Remote participant ID: cmetcnw9e0000kuy9dooe536g
16:13:49.461  [CallModal] 🔍 Stream data: {callId: 'call-1758096821929-j0m8cxwgf', participantId: 'cmetcnw9e0000kuy9dooe536g', streamId: '80ff065c-747a-4aac-a017-fba71f3d1ea1', hasAudio: true, hasVideo: true}
16:13:49.461  [CallModal] 🚀 INITIATING PEER CONNECTION for remote participant: cmetcnw9e0000kuy9dooe536g
16:13:49.461  [CallModal] 🚀 WebRTC service available: true
16:13:49.461  [CallModal] 🎥 Processing webrtc_stream_ready for REMOTE participant: cmetcnw9e0000kuy9dooe536g
16:13:49.461  [CallModal] 🔗 Active peer connections: []
16:13:49.461  [CallModal] 🔗 Has connection to cmetcnw9e0000kuy9dooe536g : false
16:13:49.461  [CallModal] 🚀 Creating peer connection to cmetcnw9e0000kuy9dooe536g
16:13:49.461  [CallModal] 🔄 Group call connection already attempted for: cmetcnw9e0000kuy9dooe536g
16:13:49.461  [CallModal] Retrieved remote stream for cmetcnw9e0000kuy9dooe536g : true
16:13:49.461  [CallModal] Remote stream tracks: (2) [{…}, {…}]
16:13:49.461  [CallModal] ✅ Remote stream added to state for VideoGrid
16:13:49.462  [CallModal] 🔍 WebRTC stream ready for participant: cmetcnw9e0000kuy9dooe536g
16:13:49.462  [CallModal] 🔍 Our callId: call-1758096821929-j0m8cxwgf Event callId: call-1758096821929-j0m8cxwgf
16:13:49.462  [CallModal] 🔍 Our user ID: cmetc9zvw0000lx0fvjdkcng1
16:13:49.462  [CallModal] 🔍 Current call state: dialing
16:13:49.462  [CallModal] 🔍 Current participant states: {}
16:13:49.462  [CallModal] ✅ Processing REMOTE stream ready event
16:13:49.462  [CallModal] 🆔 Our session ID: cmetc9zvw0000lx0fvjdkcng1
16:13:49.462  [CallModal] 🆔 Remote participant ID: cmetcnw9e0000kuy9dooe536g
16:13:49.462  [CallModal] 🔍 Stream data: {callId: 'call-1758096821929-j0m8cxwgf', participantId: 'cmetcnw9e0000kuy9dooe536g', streamId: '80ff065c-747a-4aac-a017-fba71f3d1ea1', hasAudio: true, hasVideo: true}
16:13:49.462  [CallModal] 🚀 INITIATING PEER CONNECTION for remote participant: cmetcnw9e0000kuy9dooe536g
16:13:49.462  [CallModal] 🚀 WebRTC service available: true
16:13:49.462  [CallModal] 🎥 Processing webrtc_stream_ready for REMOTE participant: cmetcnw9e0000kuy9dooe536g
16:13:49.462  [CallModal] 🔗 Active peer connections: []
16:13:49.462  [CallModal] 🔗 Has connection to cmetcnw9e0000kuy9dooe536g : false
16:13:49.462  [CallModal] 🚀 Creating peer connection to cmetcnw9e0000kuy9dooe536g
16:13:49.462  [CallModal] 🔄 Group call connection already attempted for: cmetcnw9e0000kuy9dooe536g
16:13:49.462  [CallModal] Retrieved remote stream for cmetcnw9e0000kuy9dooe536g : true
16:13:49.463  [CallModal] Remote stream tracks: (2) [{…}, {…}]
16:13:49.463  [CallModal] ✅ Remote stream added to state for VideoGrid
16:13:49.463  [CallModal] 🔍 WebRTC stream ready for participant: cmetcnw9e0000kuy9dooe536g
16:13:49.463  [CallModal] 🔍 Our callId: call-1758096821929-j0m8cxwgf Event callId: call-1758096821929-j0m8cxwgf
16:13:49.463  [CallModal] 🔍 Our user ID: cmetc9zvw0000lx0fvjdkcng1
16:13:49.463  [CallModal] 🔍 Current call state: dialing
16:13:49.463  [CallModal] 🔍 Current participant states: {}
16:13:49.463  [CallModal] ✅ Processing REMOTE stream ready event
16:13:49.463  [CallModal] 🆔 Our session ID: cmetc9zvw0000lx0fvjdkcng1
16:13:49.463  [CallModal] 🆔 Remote participant ID: cmetcnw9e0000kuy9dooe536g
16:13:49.463  [CallModal] 🔍 Stream data: {callId: 'call-1758096821929-j0m8cxwgf', participantId: 'cmetcnw9e0000kuy9dooe536g', streamId: '80ff065c-747a-4aac-a017-fba71f3d1ea1', hasAudio: true, hasVideo: true}
16:13:49.463  [CallModal] 🚀 INITIATING PEER CONNECTION for remote participant: cmetcnw9e0000kuy9dooe536g
16:13:49.463  [CallModal] 🚀 WebRTC service available: true
16:13:49.463  [CallModal] 🎥 Processing webrtc_stream_ready for REMOTE participant: cmetcnw9e0000kuy9dooe536g
16:13:49.463  [CallModal] 🔗 Active peer connections: []
16:13:49.463  [CallModal] 🔗 Has connection to cmetcnw9e0000kuy9dooe536g : false
16:13:49.463  [CallModal] 🚀 Creating peer connection to cmetcnw9e0000kuy9dooe536g
16:13:49.463  [CallModal] 🔄 Group call connection already attempted for: cmetcnw9e0000kuy9dooe536g
16:13:49.463  [CallModal] Retrieved remote stream for cmetcnw9e0000kuy9dooe536g : true
16:13:49.463  [CallModal] Remote stream tracks: (2) [{…}, {…}]
16:13:49.464  [CallModal] ✅ Remote stream added to state for VideoGrid
16:13:49.464  [WebRTC] 📞 RECEIVED OFFER from: cmetcnw9e0000kuy9dooe536g
16:13:49.464  [WebRTC] Call ID check: {received: 'call-1758096821929-j0m8cxwgf', ours: null}
16:13:49.464  [WebRTC] ❌ Ignoring offer for different call: call-1758096821929-j0m8cxwgf vs null
16:13:49.464  [WebRTC] 📞 RECEIVED OFFER from: cmetcnw9e0000kuy9dooe536g
16:13:49.464  [WebRTC] Call ID check: {received: 'call-1758096821929-j0m8cxwgf', ours: 'call-1758096821929-j0m8cxwgf'}
16:13:49.464  [WebRTC] ✅ Processing offer from: cmetcnw9e0000kuy9dooe536g
16:13:49.464  [WebRTC] 🔄 Ensuring stream is ready before processing offer from: cmetcnw9e0000kuy9dooe536g
16:13:49.464  [WebRTC] 🔍 Checking stream readiness for participant: cmetcnw9e0000kuy9dooe536g
16:13:49.464  [WebRTC] 🔍 Stream readiness check: {participantId: 'cmetcnw9e0000kuy9dooe536g', hasStream: true, streamActive: true, totalTracks: 2, liveTracks: 2, …}
16:13:49.464  [WebRTC] 🎯 Stream already ready for participant: cmetcnw9e0000kuy9dooe536g
16:13:49.464  [WebRTC] 📞 RECEIVED OFFER from: cmetcnw9e0000kuy9dooe536g
16:13:49.464  [WebRTC] Call ID check: {received: 'call-1758096821929-j0m8cxwgf', ours: null}
16:13:49.464  [WebRTC] ❌ Ignoring offer for different call: call-1758096821929-j0m8cxwgf vs null
16:13:49.464  [WebRTC] 📞 RECEIVED OFFER from: cmetcnw9e0000kuy9dooe536g
16:13:49.464  [WebRTC] Call ID check: {received: 'call-1758096821929-j0m8cxwgf', ours: 'call-1758096821929-j0m8cxwgf'}
16:13:49.464  [WebRTC] ✅ Processing offer from: cmetcnw9e0000kuy9dooe536g
16:13:49.464  [WebRTC] 🔄 Ensuring stream is ready before processing offer from: cmetcnw9e0000kuy9dooe536g
16:13:49.464  [WebRTC] 🔍 Checking stream readiness for participant: cmetcnw9e0000kuy9dooe536g
16:13:49.465  [WebRTC] 🔍 Stream readiness check: {participantId: 'cmetcnw9e0000kuy9dooe536g', hasStream: true, streamActive: true, totalTracks: 2, liveTracks: 2, …}
16:13:49.465  [WebRTC] 🎯 Stream already ready for participant: cmetcnw9e0000kuy9dooe536g
16:13:49.465  [WebRTC] 📞 RECEIVED OFFER from: cmetcnw9e0000kuy9dooe536g
16:13:49.465  [WebRTC] Call ID check: {received: 'call-1758096821929-j0m8cxwgf', ours: null}
16:13:49.465  [WebRTC] ❌ Ignoring offer for different call: call-1758096821929-j0m8cxwgf vs null
16:13:49.465  [WebRTC] 📞 RECEIVED OFFER from: cmetcnw9e0000kuy9dooe536g
16:13:49.465  [WebRTC] Call ID check: {received: 'call-1758096821929-j0m8cxwgf', ours: 'call-1758096821929-j0m8cxwgf'}
16:13:49.465  [WebRTC] ✅ Processing offer from: cmetcnw9e0000kuy9dooe536g
16:13:49.465  [WebRTC] 🔄 Ensuring stream is ready before processing offer from: cmetcnw9e0000kuy9dooe536g
16:13:49.465  [WebRTC] 🔍 Checking stream readiness for participant: cmetcnw9e0000kuy9dooe536g
16:13:49.465  [WebRTC] 🔍 Stream readiness check: {participantId: 'cmetcnw9e0000kuy9dooe536g', hasStream: true, streamActive: true, totalTracks: 2, liveTracks: 2, …}
16:13:49.465  [WebRTC] 🎯 Stream already ready for participant: cmetcnw9e0000kuy9dooe536g
16:13:49.465  [WebRTC] 📞 RECEIVED OFFER from: cmetcnw9e0000kuy9dooe536g
16:13:49.465  [WebRTC] Call ID check: {received: 'call-1758096821929-j0m8cxwgf', ours: null}
16:13:49.465  [WebRTC] ❌ Ignoring offer for different call: call-1758096821929-j0m8cxwgf vs null
16:13:49.465  [WebRTC] 📞 RECEIVED OFFER from: cmetcnw9e0000kuy9dooe536g
16:13:49.465  [WebRTC] Call ID check: {received: 'call-1758096821929-j0m8cxwgf', ours: 'call-1758096821929-j0m8cxwgf'}
16:13:49.465  [WebRTC] ✅ Processing offer from: cmetcnw9e0000kuy9dooe536g
16:13:49.465  [WebRTC] 🔄 Ensuring stream is ready before processing offer from: cmetcnw9e0000kuy9dooe536g
16:13:49.465  [WebRTC] 🔍 Checking stream readiness for participant: cmetcnw9e0000kuy9dooe536g
16:13:49.465  [WebRTC] 🔍 Stream readiness check: {participantId: 'cmetcnw9e0000kuy9dooe536g', hasStream: true, streamActive: true, totalTracks: 2, liveTracks: 2, …}
16:13:49.465  [WebRTC] 🎯 Stream already ready for participant: cmetcnw9e0000kuy9dooe536g
16:13:49.466  [WebRTC] Creating peer connection for: cmetcnw9e0000kuy9dooe536g
16:13:49.466  [WebRTC] ⚠️ Peer connection already exists for: cmetcnw9e0000kuy9dooe536g {connectionState: 'connected', iceConnectionState: 'connected', signalingState: 'stable'}
16:13:49.466  [WebRTC] ✅ Reusing healthy existing connection for: cmetcnw9e0000kuy9dooe536g
16:13:49.466  [WebRTC] Creating peer connection for: cmetcnw9e0000kuy9dooe536g
16:13:49.466  [WebRTC] ⚠️ Peer connection already exists for: cmetcnw9e0000kuy9dooe536g {connectionState: 'connected', iceConnectionState: 'connected', signalingState: 'stable'}
16:13:49.466  [WebRTC] ✅ Reusing healthy existing connection for: cmetcnw9e0000kuy9dooe536g
16:13:49.466  [WebRTC] Creating peer connection for: cmetcnw9e0000kuy9dooe536g
16:13:49.466  [WebRTC] ⚠️ Peer connection already exists for: cmetcnw9e0000kuy9dooe536g {connectionState: 'connected', iceConnectionState: 'connected', signalingState: 'stable'}
16:13:49.466  [WebRTC] ✅ Reusing healthy existing connection for: cmetcnw9e0000kuy9dooe536g
16:13:49.466  [WebRTC] Creating peer connection for: cmetcnw9e0000kuy9dooe536g
16:13:49.466  [WebRTC] ⚠️ Peer connection already exists for: cmetcnw9e0000kuy9dooe536g {connectionState: 'connected', iceConnectionState: 'connected', signalingState: 'stable'}
16:13:49.466  [WebRTC] ✅ Reusing healthy existing connection for: cmetcnw9e0000kuy9dooe536g
16:13:49.466  [WebRTC] Local stream ready with tracks: 2
16:13:49.466  [WebRTC] 🔍 Peer connection senders before answer: 2
16:13:49.466  [WebRTC]   Sender 0: {hasTrack: true, trackKind: 'audio', trackEnabled: true, trackReadyState: 'live'}
16:13:49.466  [WebRTC]   Sender 1: {hasTrack: true, trackKind: 'video', trackEnabled: true, trackReadyState: 'live'}
16:13:49.466  [WebRTC] Setting remote description from offer...
16:13:49.467  [WebRTC] Current signaling state before setting remote offer: stable
16:13:49.468  [WebRTC] Local stream ready with tracks: 2
16:13:49.468  [WebRTC] 🔍 Peer connection senders before answer: 2
16:13:49.469  [WebRTC]   Sender 0: {hasTrack: true, trackKind: 'audio', trackEnabled: true, trackReadyState: 'live'}
16:13:49.469  [WebRTC]   Sender 1: {hasTrack: true, trackKind: 'video', trackEnabled: true, trackReadyState: 'live'}
16:13:49.469  [WebRTC] Setting remote description from offer...
16:13:49.469  [WebRTC] Current signaling state before setting remote offer: stable
16:13:49.470  [WebRTC] Local stream ready with tracks: 2
16:13:49.471  [WebRTC] 🔍 Peer connection senders before answer: 2
16:13:49.471  [WebRTC]   Sender 0: {hasTrack: true, trackKind: 'audio', trackEnabled: true, trackReadyState: 'live'}
16:13:49.471  [WebRTC]   Sender 1: {hasTrack: true, trackKind: 'video', trackEnabled: true, trackReadyState: 'live'}
16:13:49.471  [WebRTC] Setting remote description from offer...
16:13:49.471  [WebRTC] Current signaling state before setting remote offer: stable
16:13:49.473  [WebRTC] Local stream ready with tracks: 2
16:13:49.473  [WebRTC] 🔍 Peer connection senders before answer: 2
16:13:49.473  [WebRTC]   Sender 0: {hasTrack: true, trackKind: 'audio', trackEnabled: true, trackReadyState: 'live'}
16:13:49.473  [WebRTC]   Sender 1: {hasTrack: true, trackKind: 'video', trackEnabled: true, trackReadyState: 'live'}
16:13:49.473  [WebRTC] Setting remote description from offer...
16:13:49.473  [WebRTC] Current signaling state before setting remote offer: stable
16:13:49.475 chat:1 Refused to load the script 'data:text/javascript,' because it violates the following Content Security Policy directive: "script-src 'self' 'unsafe-inline' 'wasm-unsafe-eval'". Note that 'script-src-elem' was not explicitly set, so 'script-src' is used as a fallback.

16:13:49.476  [CallModal] 📊 Participant State Debug (debounced): {actualConnected: 3, serverCount: 3, activeParticipants: 3, isGroupCall: true, hasAccepted: true, …}
16:13:49.477  [useCallPerformance] Network metrics: {audioPacketLoss: 0, videoPacketLoss: 0, videoFrameRate: 0, latency: 2, callType: 'video'}
16:13:49.477  [useCallPerformance] No valid network data yet, assuming good quality
16:13:49.478  [CallModal] Updated remote streams map, now has: ['cmetcnw9e0000kuy9dooe536g']
16:13:49.478  [CallModal] Updated remote streams map, now has: ['cmetcnw9e0000kuy9dooe536g']
16:13:49.478  [CallModal] Updated remote streams map, now has: ['cmetcnw9e0000kuy9dooe536g']
16:13:49.478  [CallModal] Updated remote streams map, now has: ['cmetcnw9e0000kuy9dooe536g']
16:13:49.479  [CallModal] VideoGrid participants: {total: 2, filtered: 1, currentUserId: 'cmetc9zvw0000lx0fvjdkcng1', participantNames: Array(1)}
16:13:49.480  [CallModal] Updated peer connections for performance monitoring: 2
16:13:49.481  [CallModal] Peer connection participants: (2) ['cmetcd54n000plx0f6031986z', 'cmetcnw9e0000kuy9dooe536g']
16:13:49.482  [WebRTC] Remote description set, applying any buffered ICE candidates
16:13:49.482  [WebRTC] No buffered ICE candidates for: cmetcnw9e0000kuy9dooe536g
16:13:49.483  [WebRTC] Creating answer with ultra-low-latency options...
16:13:49.490  [WebRTC] Remote description set, applying any buffered ICE candidates
16:13:49.490  [WebRTC] No buffered ICE candidates for: cmetcnw9e0000kuy9dooe536g
16:13:49.490  [WebRTC] Creating answer with ultra-low-latency options...
16:13:49.498  [WebRTC] Remote description set, applying any buffered ICE candidates
16:13:49.499  [WebRTC] No buffered ICE candidates for: cmetcnw9e0000kuy9dooe536g
16:13:49.499  [WebRTC] Creating answer with ultra-low-latency options...
16:13:49.503  [WebRTC] Remote description set, applying any buffered ICE candidates
16:13:49.503  [WebRTC] No buffered ICE candidates for: cmetcnw9e0000kuy9dooe536g
16:13:49.503  [WebRTC] Creating answer with ultra-low-latency options...
16:13:49.507  [useCallPerformance] Network metrics: {audioPacketLoss: 0, videoPacketLoss: 0, videoFrameRate: 0, latency: 2, callType: 'video'}
16:13:49.507  [CallModal] VideoGrid participants: {total: 2, filtered: 1, currentUserId: 'cmetc9zvw0000lx0fvjdkcng1', participantNames: Array(1)}
16:13:49.511  [useCallPerformance] Connection states: (2) [{…}, {…}]
16:13:49.512  [useCallPerformance] Starting monitoring for 2 valid connections
16:13:49.513  [WebRTC] 🚀 Optimizing SDP for ultra-low latency...
16:13:49.515  [WebRTC] ✅ SDP optimized for ultra-low latency
16:13:49.515  [WebRTC] Answer created and SDP optimized, analyzing...
16:13:49.515  [WebRTC] 🔍 Answer SDP analysis: {hasAudio: true, hasVideo: true}
16:13:49.515  [WebRTC] Setting local description with answer...
16:13:49.515  [WebRTC] Current signaling state before setting local answer: have-remote-offer
16:13:49.516  [CallModal] Attempting to reinitialize local stream...
16:13:49.516  [WebRTC] 🚀 INITIALIZING CALL: call-1758096821929-j0m8cxwgf video: true userId: cmetc9zvw0000lx0fvjdkcng1
16:13:49.516  [WebRTC] 📊 Service state before init: {hasLocalStream: true, peerConnections: 2, initInProgress: false}
16:13:49.517  [WebRTC] ✅ Using existing active local stream: (2) [{…}, {…}]
16:13:49.517  [WebRTC] 🎥 LOCAL STREAM SET: {streamId: '80ff065c-747a-4aac-a017-fba71f3d1ea1', tracks: Array(2), callId: 'call-1758096821929-j0m8cxwgf', userId: 'cmetc9zvw0000lx0fvjdkcng1', existingPeerConnections: 2}
16:13:49.517  [WebRTC] 🎵 Adding tracks to connection for: cmetcd54n000plx0f6031986z
16:13:49.517  [WebRTC] ℹ️ Track already present: audio for: cmetcd54n000plx0f6031986z
16:13:49.517  [WebRTC] ℹ️ Track already present: video for: cmetcd54n000plx0f6031986z
16:13:49.518  [WebRTC] 📊 Track routing verification for cmetcd54n000plx0f6031986z : {audioSenders: 1, videoSenders: 1, totalSenders: 2, streamTracks: 2}
16:13:49.518  [WebRTC] 🎵 Adding tracks to connection for: cmetcnw9e0000kuy9dooe536g
16:13:49.518  [WebRTC] ℹ️ Track already present: audio for: cmetcnw9e0000kuy9dooe536g
16:13:49.518  [WebRTC] ℹ️ Track already present: video for: cmetcnw9e0000kuy9dooe536g
16:13:49.518  [WebRTC] 📊 Track routing verification for cmetcnw9e0000kuy9dooe536g : {audioSenders: 1, videoSenders: 1, totalSenders: 2, streamTracks: 2}
16:13:49.518  [WebRTC] 📡 Notifying server that local stream is ready
16:13:49.518  [WebRTC] ✅ Local stream fully set and ready for peer connections
16:13:49.519  [WebRTC] 📢 Notifying stream ready for 0 waiting participants
16:13:49.519  [CallModal] ✅ Local stream reinitialized, retrying WebRTC connections
16:13:49.519  [WebRTC] Initiating connections with participants: (2) ['cmetcnw9e0000kuy9dooe536g', 'cmetcd54n000plx0f6031986z']
16:13:49.519  [WebRTC] 📞 Creating offer for participant: cmetcnw9e0000kuy9dooe536g
16:13:49.519  [WebRTC] Creating peer connection for: cmetcnw9e0000kuy9dooe536g
16:13:49.519  [WebRTC] ⚠️ Peer connection already exists for: cmetcnw9e0000kuy9dooe536g {connectionState: 'connected', iceConnectionState: 'connected', signalingState: 'have-remote-offer'}
16:13:49.519  [WebRTC] ✅ Reusing healthy existing connection for: cmetcnw9e0000kuy9dooe536g
16:13:49.519  [WebRTC] Local stream verification - tracks: 2
16:13:49.519  [WebRTC] 🔍 Peer connection senders before offer: 2
16:13:49.519  [WebRTC]   Sender 0: {hasTrack: true, trackKind: 'audio', trackEnabled: true, trackReadyState: 'live'}
16:13:49.519  [WebRTC]   Sender 1: {hasTrack: true, trackKind: 'video', trackEnabled: true, trackReadyState: 'live'}
16:13:49.519  [WebRTC] Creating offer with low-latency options...
16:13:49.523  [WebRTC] 🚀 Optimizing SDP for ultra-low latency...
16:13:49.523  [WebRTC] ✅ SDP optimized for ultra-low latency
16:13:49.523  [WebRTC] Answer created and SDP optimized, analyzing...
16:13:49.523  [WebRTC] 🔍 Answer SDP analysis: {hasAudio: true, hasVideo: true}
16:13:49.523  [WebRTC] Setting local description with answer...
16:13:49.523  [WebRTC] Current signaling state before setting local answer: have-remote-offer
16:13:49.524  [WebRTC] 🚀 Optimizing SDP for ultra-low latency...
16:13:49.524  [WebRTC] ✅ SDP optimized for ultra-low latency
16:13:49.525  [WebRTC] Answer created and SDP optimized, analyzing...
16:13:49.525  [WebRTC] 🔍 Answer SDP analysis: {hasAudio: true, hasVideo: true}
16:13:49.525  [WebRTC] Setting local description with answer...
16:13:49.525  [WebRTC] Current signaling state before setting local answer: have-remote-offer
16:13:49.526  [WebRTC] 🚀 Optimizing SDP for ultra-low latency...
16:13:49.526  [WebRTC] ✅ SDP optimized for ultra-low latency
16:13:49.526  [WebRTC] Answer created and SDP optimized, analyzing...
16:13:49.526  [WebRTC] 🔍 Answer SDP analysis: {hasAudio: true, hasVideo: true}
16:13:49.526  [WebRTC] Setting local description with answer...
16:13:49.526  [WebRTC] Current signaling state before setting local answer: have-remote-offer
16:13:49.527  [useCallPerformance] No valid network data yet, assuming good quality
16:13:49.529  [WebRTC] 📡 Sending answer to: cmetcnw9e0000kuy9dooe536g
16:13:49.529  [WebRTC] ✅ Answer successfully sent to: cmetcnw9e0000kuy9dooe536g
16:13:49.530  [WebRTC] 🚀 Optimizing SDP for ultra-low latency...
16:13:49.530  [WebRTC] ✅ SDP optimized for ultra-low latency
16:13:49.530  [WebRTC] Offer created and SDP optimized, analyzing...
16:13:49.530  [WebRTC] 🔍 Offer SDP analysis: {hasAudio: true, hasVideo: true}
16:13:49.530  [WebRTC] Setting local description...
16:13:49.530  [WebRTC] Current signaling state before setting local offer: stable
16:13:49.532  [WebRTC] ❌ Failed to handle offer from cmetcnw9e0000kuy9dooe536g : 
window.console.error @ 117-95e74743b4de7ddb.js:1
handleRemoteOffer @ 742-f5e44fb4de89ca72.js:1
await in handleRemoteOffer
x.emit @ 84-943c41e6dc0be2df.js:1
emitEvent @ 84-943c41e6dc0be2df.js:1
onevent @ 84-943c41e6dc0be2df.js:1
onpacket @ 84-943c41e6dc0be2df.js:1
x.emit @ 84-943c41e6dc0be2df.js:1
(anonymous) @ 84-943c41e6dc0be2df.js:1
Promise.then
(anonymous) @ 84-943c41e6dc0be2df.js:1
ondecoded @ 84-943c41e6dc0be2df.js:1
x.emit @ 84-943c41e6dc0be2df.js:1
add @ 84-943c41e6dc0be2df.js:1
ondata @ 84-943c41e6dc0be2df.js:1
x.emit @ 84-943c41e6dc0be2df.js:1
_onPacket @ 84-943c41e6dc0be2df.js:1
x.emit @ 84-943c41e6dc0be2df.js:1
onPacket @ 84-943c41e6dc0be2df.js:1
(anonymous) @ 84-943c41e6dc0be2df.js:1
onData @ 84-943c41e6dc0be2df.js:1
x.emit @ 84-943c41e6dc0be2df.js:1
_onLoad @ 84-943c41e6dc0be2df.js:1
s.onreadystatechange @ 84-943c41e6dc0be2df.js:1
XMLHttpRequest.send
_create @ 84-943c41e6dc0be2df.js:1
H @ 84-943c41e6dc0be2df.js:1
request @ 84-943c41e6dc0be2df.js:1
doPoll @ 84-943c41e6dc0be2df.js:1
_poll @ 84-943c41e6dc0be2df.js:1
onData @ 84-943c41e6dc0be2df.js:1
x.emit @ 84-943c41e6dc0be2df.js:1
_onLoad @ 84-943c41e6dc0be2df.js:1
s.onreadystatechange @ 84-943c41e6dc0be2df.js:1
XMLHttpRequest.send
_create @ 84-943c41e6dc0be2df.js:1
H @ 84-943c41e6dc0be2df.js:1
request @ 84-943c41e6dc0be2df.js:1
doPoll @ 84-943c41e6dc0be2df.js:1
_poll @ 84-943c41e6dc0be2df.js:1
onData @ 84-943c41e6dc0be2df.js:1
x.emit @ 84-943c41e6dc0be2df.js:1
_onLoad @ 84-943c41e6dc0be2df.js:1
s.onreadystatechange @ 84-943c41e6dc0be2df.js:1
XMLHttpRequest.send
_create @ 84-943c41e6dc0be2df.js:1
H @ 84-943c41e6dc0be2df.js:1
request @ 84-943c41e6dc0be2df.js:1
doPoll @ 84-943c41e6dc0be2df.js:1
_poll @ 84-943c41e6dc0be2df.js:1
onData @ 84-943c41e6dc0be2df.js:1
x.emit @ 84-943c41e6dc0be2df.js:1
_onLoad @ 84-943c41e6dc0be2df.js:1
s.onreadystatechange @ 84-943c41e6dc0be2df.js:1
XMLHttpRequest.send
_create @ 84-943c41e6dc0be2df.js:1
H @ 84-943c41e6dc0be2df.js:1
request @ 84-943c41e6dc0be2df.js:1
doPoll @ 84-943c41e6dc0be2df.js:1
_poll @ 84-943c41e6dc0be2df.js:1
onData @ 84-943c41e6dc0be2df.js:1
x.emit @ 84-943c41e6dc0be2df.js:1
_onLoad @ 84-943c41e6dc0be2df.js:1
s.onreadystatechange @ 84-943c41e6dc0be2df.js:1
XMLHttpRequest.send
_create @ 84-943c41e6dc0be2df.js:1
H @ 84-943c41e6dc0be2df.js:1
request @ 84-943c41e6dc0be2df.js:1
doPoll @ 84-943c41e6dc0be2df.js:1
_poll @ 84-943c41e6dc0be2df.js:1
onData @ 84-943c41e6dc0be2df.js:1
x.emit @ 84-943c41e6dc0be2df.js:1
_onLoad @ 84-943c41e6dc0be2df.js:1
s.onreadystatechange @ 84-943c41e6dc0be2df.js:1
XMLHttpRequest.send
_create @ 84-943c41e6dc0be2df.js:1
H @ 84-943c41e6dc0be2df.js:1
request @ 84-943c41e6dc0be2df.js:1
doPoll @ 84-943c41e6dc0be2df.js:1
_poll @ 84-943c41e6dc0be2df.js:1
onData @ 84-943c41e6dc0be2df.js:1
x.emit @ 84-943c41e6dc0be2df.js:1
_onLoad @ 84-943c41e6dc0be2df.js:1
s.onreadystatechange @ 84-943c41e6dc0be2df.js:1
XMLHttpRequest.send
_create @ 84-943c41e6dc0be2df.js:1
H @ 84-943c41e6dc0be2df.js:1
request @ 84-943c41e6dc0be2df.js:1
doPoll @ 84-943c41e6dc0be2df.js:1
_poll @ 84-943c41e6dc0be2df.js:1
onData @ 84-943c41e6dc0be2df.js:1
x.emit @ 84-943c41e6dc0be2df.js:1
_onLoad @ 84-943c41e6dc0be2df.js:1
s.onreadystatechange @ 84-943c41e6dc0be2df.js:1
XMLHttpRequest.send
_create @ 84-943c41e6dc0be2df.js:1
H @ 84-943c41e6dc0be2df.js:1
request @ 84-943c41e6dc0be2df.js:1
doPoll @ 84-943c41e6dc0be2df.js:1
_poll @ 84-943c41e6dc0be2df.js:1
onData @ 84-943c41e6dc0be2df.js:1
x.emit @ 84-943c41e6dc0be2df.js:1
_onLoad @ 84-943c41e6dc0be2df.js:1
s.onreadystatechange @ 84-943c41e6dc0be2df.js:1
XMLHttpRequest.send
_create @ 84-943c41e6dc0be2df.js:1
H @ 84-943c41e6dc0be2df.js:1
request @ 84-943c41e6dc0be2df.js:1
doPoll @ 84-943c41e6dc0be2df.js:1
_poll @ 84-943c41e6dc0be2df.js:1
onData @ 84-943c41e6dc0be2df.js:1
x.emit @ 84-943c41e6dc0be2df.js:1
_onLoad @ 84-943c41e6dc0be2df.js:1
s.onreadystatechange @ 84-943c41e6dc0be2df.js:1
XMLHttpRequest.send
_create @ 84-943c41e6dc0be2df.js:1
H @ 84-943c41e6dc0be2df.js:1
request @ 84-943c41e6dc0be2df.js:1
doPoll @ 84-943c41e6dc0be2df.js:1
_poll @ 84-943c41e6dc0be2df.js:1
onData @ 84-943c41e6dc0be2df.js:1
x.emit @ 84-943c41e6dc0be2df.js:1
_onLoad @ 84-943c41e6dc0be2df.js:1
s.onreadystatechange @ 84-943c41e6dc0be2df.js:1
XMLHttpRequest.send
_create @ 84-943c41e6dc0be2df.js:1
H @ 84-943c41e6dc0be2df.js:1
request @ 84-943c41e6dc0be2df.js:1
doPoll @ 84-943c41e6dc0be2df.js:1
_poll @ 84-943c41e6dc0be2df.js:1
onData @ 84-943c41e6dc0be2df.js:1
x.emit @ 84-943c41e6dc0be2df.js:1
_onLoad @ 84-943c41e6dc0be2df.js:1
s.onreadystatechange @ 84-943c41e6dc0be2df.js:1
XMLHttpRequest.send
_create @ 84-943c41e6dc0be2df.js:1
H @ 84-943c41e6dc0be2df.js:1
request @ 84-943c41e6dc0be2df.js:1
doPoll @ 84-943c41e6dc0be2df.js:1
_poll @ 84-943c41e6dc0be2df.js:1
onData @ 84-943c41e6dc0be2df.js:1
x.emit @ 84-943c41e6dc0be2df.js:1
_onLoad @ 84-943c41e6dc0be2df.js:1
s.onreadystatechange @ 84-943c41e6dc0be2df.js:1
XMLHttpRequest.send
_create @ 84-943c41e6dc0be2df.js:1
H @ 84-943c41e6dc0be2df.js:1
request @ 84-943c41e6dc0be2df.js:1
doPoll @ 84-943c41e6dc0be2df.js:1
_poll @ 84-943c41e6dc0be2df.js:1
onData @ 84-943c41e6dc0be2df.js:1
x.emit @ 84-943c41e6dc0be2df.js:1
_onLoad @ 84-943c41e6dc0be2df.js:1
s.onreadystatechange @ 84-943c41e6dc0be2df.js:1
XMLHttpRequest.send
_create @ 84-943c41e6dc0be2df.js:1
H @ 84-943c41e6dc0be2df.js:1
request @ 84-943c41e6dc0be2df.js:1
doPoll @ 84-943c41e6dc0be2df.js:1
_poll @ 84-943c41e6dc0be2df.js:1
onData @ 84-943c41e6dc0be2df.js:1
x.emit @ 84-943c41e6dc0be2df.js:1
_onLoad @ 84-943c41e6dc0be2df.js:1
s.onreadystatechange @ 84-943c41e6dc0be2df.js:1
XMLHttpRequest.send
_create @ 84-943c41e6dc0be2df.js:1
H @ 84-943c41e6dc0be2df.js:1
request @ 84-943c41e6dc0be2df.js:1
doPoll @ 84-943c41e6dc0be2df.js:1
_poll @ 84-943c41e6dc0be2df.js:1
onData @ 84-943c41e6dc0be2df.js:1
x.emit @ 84-943c41e6dc0be2df.js:1
_onLoad @ 84-943c41e6dc0be2df.js:1
s.onreadystatechange @ 84-943c41e6dc0be2df.js:1
XMLHttpRequest.send
_create @ 84-943c41e6dc0be2df.js:1
H @ 84-943c41e6dc0be2df.js:1
request @ 84-943c41e6dc0be2df.js:1
doPoll @ 84-943c41e6dc0be2df.js:1
_poll @ 84-943c41e6dc0be2df.js:1
onData @ 84-943c41e6dc0be2df.js:1
x.emit @ 84-943c41e6dc0be2df.js:1
_onLoad @ 84-943c41e6dc0be2df.js:1
s.onreadystatechange @ 84-943c41e6dc0be2df.js:1
XMLHttpRequest.send
_create @ 84-943c41e6dc0be2df.js:1
H @ 84-943c41e6dc0be2df.js:1
request @ 84-943c41e6dc0be2df.js:1
doPoll @ 84-943c41e6dc0be2df.js:1
_poll @ 84-943c41e6dc0be2df.js:1
onData @ 84-943c41e6dc0be2df.js:1
x.emit @ 84-943c41e6dc0be2df.js:1
_onLoad @ 84-943c41e6dc0be2df.js:1
s.onreadystatechange @ 84-943c41e6dc0be2df.js:1
XMLHttpRequest.send
_create @ 84-943c41e6dc0be2df.js:1
H @ 84-943c41e6dc0be2df.js:1
request @ 84-943c41e6dc0be2df.js:1
doPoll @ 84-943c41e6dc0be2df.js:1
_poll @ 84-943c41e6dc0be2df.js:1
onData @ 84-943c41e6dc0be2df.js:1
x.emit @ 84-943c41e6dc0be2df.js:1
_onLoad @ 84-943c41e6dc0be2df.js:1
s.onreadystatechange @ 84-943c41e6dc0be2df.js:1
XMLHttpRequest.send
_create @ 84-943c41e6dc0be2df.js:1
H @ 84-943c41e6dc0be2df.js:1
request @ 84-943c41e6dc0be2df.js:1
doPoll @ 84-943c41e6dc0be2df.js:1
_poll @ 84-943c41e6dc0be2df.js:1
onData @ 84-943c41e6dc0be2df.js:1
x.emit @ 84-943c41e6dc0be2df.js:1
_onLoad @ 84-943c41e6dc0be2df.js:1
s.onreadystatechange @ 84-943c41e6dc0be2df.js:1
XMLHttpRequest.send
_create @ 84-943c41e6dc0be2df.js:1
H @ 84-943c41e6dc0be2df.js:1
request @ 84-943c41e6dc0be2df.js:1
doPoll @ 84-943c41e6dc0be2df.js:1
_poll @ 84-943c41e6dc0be2df.js:1
onData @ 84-943c41e6dc0be2df.js:1
x.emit @ 84-943c41e6dc0be2df.js:1
_onLoad @ 84-943c41e6dc0be2df.js:1
s.onreadystatechange @ 84-943c41e6dc0be2df.js:1
XMLHttpRequest.send
_create @ 84-943c41e6dc0be2df.js:1
H @ 84-943c41e6dc0be2df.js:1
request @ 84-943c41e6dc0be2df.js:1
doPoll @ 84-943c41e6dc0be2df.js:1
_poll @ 84-943c41e6dc0be2df.js:1
onData @ 84-943c41e6dc0be2df.js:1
x.emit @ 84-943c41e6dc0be2df.js:1
_onLoad @ 84-943c41e6dc0be2df.js:1
s.onreadystatechange @ 84-943c41e6dc0be2df.js:1
XMLHttpRequest.send
_create @ 84-943c41e6dc0be2df.js:1
H @ 84-943c41e6dc0be2df.js:1
request @ 84-943c41e6dc0be2df.js:1
doPoll @ 84-943c41e6dc0be2df.js:1
_poll @ 84-943c41e6dc0be2df.js:1
onData @ 84-943c41e6dc0be2df.js:1
x.emit @ 84-943c41e6dc0be2df.js:1
_onLoad @ 84-943c41e6dc0be2df.js:1
s.onreadystatechange @ 84-943c41e6dc0be2df.js:1
XMLHttpRequest.send
_create @ 84-943c41e6dc0be2df.js:1
H @ 84-943c41e6dc0be2df.js:1
request @ 84-943c41e6dc0be2df.js:1
doPoll @ 84-943c41e6dc0be2df.js:1
_poll @ 84-943c41e6dc0be2df.js:1
onData @ 84-943c41e6dc0be2df.js:1
x.emit @ 84-943c41e6dc0be2df.js:1
_onLoad @ 84-943c41e6dc0be2df.js:1
s.onreadystatechange @ 84-943c41e6dc0be2df.js:1
XMLHttpRequest.send
_create @ 84-943c41e6dc0be2df.js:1
H @ 84-943c41e6dc0be2df.js:1
request @ 84-943c41e6dc0be2df.js:1
doPoll @ 84-943c41e6dc0be2df.js:1
_poll @ 84-943c41e6dc0be2df.js:1
onData @ 84-943c41e6dc0be2df.js:1
x.emit @ 84-943c41e6dc0be2df.js:1
_onLoad @ 84-943c41e6dc0be2df.js:1
s.onreadystatechange @ 84-943c41e6dc0be2df.js:1
XMLHttpRequest.send
_create @ 84-943c41e6dc0be2df.js:1
H @ 84-943c41e6dc0be2df.js:1
request @ 84-943c41e6dc0be2df.js:1
doPoll @ 84-943c41e6dc0be2df.js:1
_poll @ 84-943c41e6dc0be2df.js:1
onData @ 84-943c41e6dc0be2df.js:1
x.emit @ 84-943c41e6dc0be2df.js:1
_onLoad @ 84-943c41e6dc0be2df.js:1
s.onreadystatechange @ 84-943c41e6dc0be2df.js:1
XMLHttpRequest.send
_create @ 84-943c41e6dc0be2df.js:1
H @ 84-943c41e6dc0be2df.js:1
request @ 84-943c41e6dc0be2df.js:1
doPoll @ 84-943c41e6dc0be2df.js:1
_poll @ 84-943c41e6dc0be2df.js:1
doOpen @ 84-943c41e6dc0be2df.js:1
open @ 84-943c41e6dc0be2df.js:1
_open @ 84-943c41e6dc0be2df.js:1
tn @ 84-943c41e6dc0be2df.js:1
to @ 84-943c41e6dc0be2df.js:1
ta @ 84-943c41e6dc0be2df.js:1
open @ 84-943c41e6dc0be2df.js:1
tA @ 84-943c41e6dc0be2df.js:1
tO @ 84-943c41e6dc0be2df.js:1
(anonymous) @ 742-f5e44fb4de89ca72.js:1
(anonymous) @ 742-f5e44fb4de89ca72.js:1
aW @ fd9d1056-7acf5ff0c83da7db.js:1
oe @ fd9d1056-7acf5ff0c83da7db.js:1
ol @ fd9d1056-7acf5ff0c83da7db.js:1
or @ fd9d1056-7acf5ff0c83da7db.js:1
ol @ fd9d1056-7acf5ff0c83da7db.js:1
or @ fd9d1056-7acf5ff0c83da7db.js:1
ol @ fd9d1056-7acf5ff0c83da7db.js:1
or @ fd9d1056-7acf5ff0c83da7db.js:1
ol @ fd9d1056-7acf5ff0c83da7db.js:1
or @ fd9d1056-7acf5ff0c83da7db.js:1
ol @ fd9d1056-7acf5ff0c83da7db.js:1
or @ fd9d1056-7acf5ff0c83da7db.js:1
ol @ fd9d1056-7acf5ff0c83da7db.js:1
or @ fd9d1056-7acf5ff0c83da7db.js:1
ol @ fd9d1056-7acf5ff0c83da7db.js:1
or @ fd9d1056-7acf5ff0c83da7db.js:1
ol @ fd9d1056-7acf5ff0c83da7db.js:1
or @ fd9d1056-7acf5ff0c83da7db.js:1
ol @ fd9d1056-7acf5ff0c83da7db.js:1
or @ fd9d1056-7acf5ff0c83da7db.js:1
ol @ fd9d1056-7acf5ff0c83da7db.js:1
or @ fd9d1056-7acf5ff0c83da7db.js:1
ol @ fd9d1056-7acf5ff0c83da7db.js:1
or @ fd9d1056-7acf5ff0c83da7db.js:1
ol @ fd9d1056-7acf5ff0c83da7db.js:1
or @ fd9d1056-7acf5ff0c83da7db.js:1
ol @ fd9d1056-7acf5ff0c83da7db.js:1
or @ fd9d1056-7acf5ff0c83da7db.js:1
ol @ fd9d1056-7acf5ff0c83da7db.js:1
or @ fd9d1056-7acf5ff0c83da7db.js:1
ol @ fd9d1056-7acf5ff0c83da7db.js:1
or @ fd9d1056-7acf5ff0c83da7db.js:1
ol @ fd9d1056-7acf5ff0c83da7db.js:1
or @ fd9d1056-7acf5ff0c83da7db.js:1
ol @ fd9d1056-7acf5ff0c83da7db.js:1
or @ fd9d1056-7acf5ff0c83da7db.js:1
ol @ fd9d1056-7acf5ff0c83da7db.js:1
or @ fd9d1056-7acf5ff0c83da7db.js:1
ol @ fd9d1056-7acf5ff0c83da7db.js:1
or @ fd9d1056-7acf5ff0c83da7db.js:1
ol @ fd9d1056-7acf5ff0c83da7db.js:1
or @ fd9d1056-7acf5ff0c83da7db.js:1
ol @ fd9d1056-7acf5ff0c83da7db.js:1
or @ fd9d1056-7acf5ff0c83da7db.js:1
ol @ fd9d1056-7acf5ff0c83da7db.js:1
or @ fd9d1056-7acf5ff0c83da7db.js:1
ol @ fd9d1056-7acf5ff0c83da7db.js:1
or @ fd9d1056-7acf5ff0c83da7db.js:1
ol @ fd9d1056-7acf5ff0c83da7db.js:1
or @ fd9d1056-7acf5ff0c83da7db.js:1
ol @ fd9d1056-7acf5ff0c83da7db.js:1
or @ fd9d1056-7acf5ff0c83da7db.js:1
ol @ fd9d1056-7acf5ff0c83da7db.js:1
or @ fd9d1056-7acf5ff0c83da7db.js:1
ol @ fd9d1056-7acf5ff0c83da7db.js:1
or @ fd9d1056-7acf5ff0c83da7db.js:1
ol @ fd9d1056-7acf5ff0c83da7db.js:1
or @ fd9d1056-7acf5ff0c83da7db.js:1
ol @ fd9d1056-7acf5ff0c83da7db.js:1
or @ fd9d1056-7acf5ff0c83da7db.js:1
ol @ fd9d1056-7acf5ff0c83da7db.js:1
id @ fd9d1056-7acf5ff0c83da7db.js:1
o @ fd9d1056-7acf5ff0c83da7db.js:1
T @ 117-95e74743b4de7ddb.js:1
16:13:49.534  [WebRTC] Temporary offer handling error, preserving connection for retry: cmetcnw9e0000kuy9dooe536g
16:13:49.534  [WebRTC] ❌ Failed to handle offer from cmetcnw9e0000kuy9dooe536g : 
window.console.error @ 117-95e74743b4de7ddb.js:1
handleRemoteOffer @ 742-f5e44fb4de89ca72.js:1
await in handleRemoteOffer
x.emit @ 84-943c41e6dc0be2df.js:1
emitEvent @ 84-943c41e6dc0be2df.js:1
onevent @ 84-943c41e6dc0be2df.js:1
onpacket @ 84-943c41e6dc0be2df.js:1
x.emit @ 84-943c41e6dc0be2df.js:1
(anonymous) @ 84-943c41e6dc0be2df.js:1
Promise.then
(anonymous) @ 84-943c41e6dc0be2df.js:1
ondecoded @ 84-943c41e6dc0be2df.js:1
x.emit @ 84-943c41e6dc0be2df.js:1
add @ 84-943c41e6dc0be2df.js:1
ondata @ 84-943c41e6dc0be2df.js:1
x.emit @ 84-943c41e6dc0be2df.js:1
_onPacket @ 84-943c41e6dc0be2df.js:1
x.emit @ 84-943c41e6dc0be2df.js:1
onPacket @ 84-943c41e6dc0be2df.js:1
(anonymous) @ 84-943c41e6dc0be2df.js:1
onData @ 84-943c41e6dc0be2df.js:1
x.emit @ 84-943c41e6dc0be2df.js:1
_onLoad @ 84-943c41e6dc0be2df.js:1
s.onreadystatechange @ 84-943c41e6dc0be2df.js:1
XMLHttpRequest.send
_create @ 84-943c41e6dc0be2df.js:1
H @ 84-943c41e6dc0be2df.js:1
request @ 84-943c41e6dc0be2df.js:1
doPoll @ 84-943c41e6dc0be2df.js:1
_poll @ 84-943c41e6dc0be2df.js:1
onData @ 84-943c41e6dc0be2df.js:1
x.emit @ 84-943c41e6dc0be2df.js:1
_onLoad @ 84-943c41e6dc0be2df.js:1
s.onreadystatechange @ 84-943c41e6dc0be2df.js:1
XMLHttpRequest.send
_create @ 84-943c41e6dc0be2df.js:1
H @ 84-943c41e6dc0be2df.js:1
request @ 84-943c41e6dc0be2df.js:1
doPoll @ 84-943c41e6dc0be2df.js:1
_poll @ 84-943c41e6dc0be2df.js:1
onData @ 84-943c41e6dc0be2df.js:1
x.emit @ 84-943c41e6dc0be2df.js:1
_onLoad @ 84-943c41e6dc0be2df.js:1
s.onreadystatechange @ 84-943c41e6dc0be2df.js:1
XMLHttpRequest.send
_create @ 84-943c41e6dc0be2df.js:1
H @ 84-943c41e6dc0be2df.js:1
request @ 84-943c41e6dc0be2df.js:1
doPoll @ 84-943c41e6dc0be2df.js:1
_poll @ 84-943c41e6dc0be2df.js:1
onData @ 84-943c41e6dc0be2df.js:1
x.emit @ 84-943c41e6dc0be2df.js:1
_onLoad @ 84-943c41e6dc0be2df.js:1
s.onreadystatechange @ 84-943c41e6dc0be2df.js:1
XMLHttpRequest.send
_create @ 84-943c41e6dc0be2df.js:1
H @ 84-943c41e6dc0be2df.js:1
request @ 84-943c41e6dc0be2df.js:1
doPoll @ 84-943c41e6dc0be2df.js:1
_poll @ 84-943c41e6dc0be2df.js:1
onData @ 84-943c41e6dc0be2df.js:1
x.emit @ 84-943c41e6dc0be2df.js:1
_onLoad @ 84-943c41e6dc0be2df.js:1
s.onreadystatechange @ 84-943c41e6dc0be2df.js:1
XMLHttpRequest.send
_create @ 84-943c41e6dc0be2df.js:1
H @ 84-943c41e6dc0be2df.js:1
request @ 84-943c41e6dc0be2df.js:1
doPoll @ 84-943c41e6dc0be2df.js:1
_poll @ 84-943c41e6dc0be2df.js:1
onData @ 84-943c41e6dc0be2df.js:1
x.emit @ 84-943c41e6dc0be2df.js:1
_onLoad @ 84-943c41e6dc0be2df.js:1
s.onreadystatechange @ 84-943c41e6dc0be2df.js:1
XMLHttpRequest.send
_create @ 84-943c41e6dc0be2df.js:1
H @ 84-943c41e6dc0be2df.js:1
request @ 84-943c41e6dc0be2df.js:1
doPoll @ 84-943c41e6dc0be2df.js:1
_poll @ 84-943c41e6dc0be2df.js:1
onData @ 84-943c41e6dc0be2df.js:1
x.emit @ 84-943c41e6dc0be2df.js:1
_onLoad @ 84-943c41e6dc0be2df.js:1
s.onreadystatechange @ 84-943c41e6dc0be2df.js:1
XMLHttpRequest.send
_create @ 84-943c41e6dc0be2df.js:1
H @ 84-943c41e6dc0be2df.js:1
request @ 84-943c41e6dc0be2df.js:1
doPoll @ 84-943c41e6dc0be2df.js:1
_poll @ 84-943c41e6dc0be2df.js:1
onData @ 84-943c41e6dc0be2df.js:1
x.emit @ 84-943c41e6dc0be2df.js:1
_onLoad @ 84-943c41e6dc0be2df.js:1
s.onreadystatechange @ 84-943c41e6dc0be2df.js:1
XMLHttpRequest.send
_create @ 84-943c41e6dc0be2df.js:1
H @ 84-943c41e6dc0be2df.js:1
request @ 84-943c41e6dc0be2df.js:1
doPoll @ 84-943c41e6dc0be2df.js:1
_poll @ 84-943c41e6dc0be2df.js:1
onData @ 84-943c41e6dc0be2df.js:1
x.emit @ 84-943c41e6dc0be2df.js:1
_onLoad @ 84-943c41e6dc0be2df.js:1
s.onreadystatechange @ 84-943c41e6dc0be2df.js:1
XMLHttpRequest.send
_create @ 84-943c41e6dc0be2df.js:1
H @ 84-943c41e6dc0be2df.js:1
request @ 84-943c41e6dc0be2df.js:1
doPoll @ 84-943c41e6dc0be2df.js:1
_poll @ 84-943c41e6dc0be2df.js:1
onData @ 84-943c41e6dc0be2df.js:1
x.emit @ 84-943c41e6dc0be2df.js:1
_onLoad @ 84-943c41e6dc0be2df.js:1
s.onreadystatechange @ 84-943c41e6dc0be2df.js:1
XMLHttpRequest.send
_create @ 84-943c41e6dc0be2df.js:1
H @ 84-943c41e6dc0be2df.js:1
request @ 84-943c41e6dc0be2df.js:1
doPoll @ 84-943c41e6dc0be2df.js:1
_poll @ 84-943c41e6dc0be2df.js:1
onData @ 84-943c41e6dc0be2df.js:1
x.emit @ 84-943c41e6dc0be2df.js:1
_onLoad @ 84-943c41e6dc0be2df.js:1
s.onreadystatechange @ 84-943c41e6dc0be2df.js:1
XMLHttpRequest.send
_create @ 84-943c41e6dc0be2df.js:1
H @ 84-943c41e6dc0be2df.js:1
request @ 84-943c41e6dc0be2df.js:1
doPoll @ 84-943c41e6dc0be2df.js:1
_poll @ 84-943c41e6dc0be2df.js:1
onData @ 84-943c41e6dc0be2df.js:1
x.emit @ 84-943c41e6dc0be2df.js:1
_onLoad @ 84-943c41e6dc0be2df.js:1
s.onreadystatechange @ 84-943c41e6dc0be2df.js:1
XMLHttpRequest.send
_create @ 84-943c41e6dc0be2df.js:1
H @ 84-943c41e6dc0be2df.js:1
request @ 84-943c41e6dc0be2df.js:1
doPoll @ 84-943c41e6dc0be2df.js:1
_poll @ 84-943c41e6dc0be2df.js:1
onData @ 84-943c41e6dc0be2df.js:1
x.emit @ 84-943c41e6dc0be2df.js:1
_onLoad @ 84-943c41e6dc0be2df.js:1
s.onreadystatechange @ 84-943c41e6dc0be2df.js:1
XMLHttpRequest.send
_create @ 84-943c41e6dc0be2df.js:1
H @ 84-943c41e6dc0be2df.js:1
request @ 84-943c41e6dc0be2df.js:1
doPoll @ 84-943c41e6dc0be2df.js:1
_poll @ 84-943c41e6dc0be2df.js:1
onData @ 84-943c41e6dc0be2df.js:1
x.emit @ 84-943c41e6dc0be2df.js:1
_onLoad @ 84-943c41e6dc0be2df.js:1
s.onreadystatechange @ 84-943c41e6dc0be2df.js:1
XMLHttpRequest.send
_create @ 84-943c41e6dc0be2df.js:1
H @ 84-943c41e6dc0be2df.js:1
request @ 84-943c41e6dc0be2df.js:1
doPoll @ 84-943c41e6dc0be2df.js:1
_poll @ 84-943c41e6dc0be2df.js:1
onData @ 84-943c41e6dc0be2df.js:1
x.emit @ 84-943c41e6dc0be2df.js:1
_onLoad @ 84-943c41e6dc0be2df.js:1
s.onreadystatechange @ 84-943c41e6dc0be2df.js:1
XMLHttpRequest.send
_create @ 84-943c41e6dc0be2df.js:1
H @ 84-943c41e6dc0be2df.js:1
request @ 84-943c41e6dc0be2df.js:1
doPoll @ 84-943c41e6dc0be2df.js:1
_poll @ 84-943c41e6dc0be2df.js:1
onData @ 84-943c41e6dc0be2df.js:1
x.emit @ 84-943c41e6dc0be2df.js:1
_onLoad @ 84-943c41e6dc0be2df.js:1
s.onreadystatechange @ 84-943c41e6dc0be2df.js:1
XMLHttpRequest.send
_create @ 84-943c41e6dc0be2df.js:1
H @ 84-943c41e6dc0be2df.js:1
request @ 84-943c41e6dc0be2df.js:1
doPoll @ 84-943c41e6dc0be2df.js:1
_poll @ 84-943c41e6dc0be2df.js:1
onData @ 84-943c41e6dc0be2df.js:1
x.emit @ 84-943c41e6dc0be2df.js:1
_onLoad @ 84-943c41e6dc0be2df.js:1
s.onreadystatechange @ 84-943c41e6dc0be2df.js:1
XMLHttpRequest.send
_create @ 84-943c41e6dc0be2df.js:1
H @ 84-943c41e6dc0be2df.js:1
request @ 84-943c41e6dc0be2df.js:1
doPoll @ 84-943c41e6dc0be2df.js:1
_poll @ 84-943c41e6dc0be2df.js:1
onData @ 84-943c41e6dc0be2df.js:1
x.emit @ 84-943c41e6dc0be2df.js:1
_onLoad @ 84-943c41e6dc0be2df.js:1
s.onreadystatechange @ 84-943c41e6dc0be2df.js:1
XMLHttpRequest.send
_create @ 84-943c41e6dc0be2df.js:1
H @ 84-943c41e6dc0be2df.js:1
request @ 84-943c41e6dc0be2df.js:1
doPoll @ 84-943c41e6dc0be2df.js:1
_poll @ 84-943c41e6dc0be2df.js:1
onData @ 84-943c41e6dc0be2df.js:1
x.emit @ 84-943c41e6dc0be2df.js:1
_onLoad @ 84-943c41e6dc0be2df.js:1
s.onreadystatechange @ 84-943c41e6dc0be2df.js:1
XMLHttpRequest.send
_create @ 84-943c41e6dc0be2df.js:1
H @ 84-943c41e6dc0be2df.js:1
request @ 84-943c41e6dc0be2df.js:1
doPoll @ 84-943c41e6dc0be2df.js:1
_poll @ 84-943c41e6dc0be2df.js:1
onData @ 84-943c41e6dc0be2df.js:1
x.emit @ 84-943c41e6dc0be2df.js:1
_onLoad @ 84-943c41e6dc0be2df.js:1
s.onreadystatechange @ 84-943c41e6dc0be2df.js:1
XMLHttpRequest.send
_create @ 84-943c41e6dc0be2df.js:1
H @ 84-943c41e6dc0be2df.js:1
request @ 84-943c41e6dc0be2df.js:1
doPoll @ 84-943c41e6dc0be2df.js:1
_poll @ 84-943c41e6dc0be2df.js:1
onData @ 84-943c41e6dc0be2df.js:1
x.emit @ 84-943c41e6dc0be2df.js:1
_onLoad @ 84-943c41e6dc0be2df.js:1
s.onreadystatechange @ 84-943c41e6dc0be2df.js:1
XMLHttpRequest.send
_create @ 84-943c41e6dc0be2df.js:1
H @ 84-943c41e6dc0be2df.js:1
request @ 84-943c41e6dc0be2df.js:1
doPoll @ 84-943c41e6dc0be2df.js:1
_poll @ 84-943c41e6dc0be2df.js:1
onData @ 84-943c41e6dc0be2df.js:1
x.emit @ 84-943c41e6dc0be2df.js:1
_onLoad @ 84-943c41e6dc0be2df.js:1
s.onreadystatechange @ 84-943c41e6dc0be2df.js:1
XMLHttpRequest.send
_create @ 84-943c41e6dc0be2df.js:1
H @ 84-943c41e6dc0be2df.js:1
request @ 84-943c41e6dc0be2df.js:1
doPoll @ 84-943c41e6dc0be2df.js:1
_poll @ 84-943c41e6dc0be2df.js:1
onData @ 84-943c41e6dc0be2df.js:1
x.emit @ 84-943c41e6dc0be2df.js:1
_onLoad @ 84-943c41e6dc0be2df.js:1
s.onreadystatechange @ 84-943c41e6dc0be2df.js:1
XMLHttpRequest.send
_create @ 84-943c41e6dc0be2df.js:1
H @ 84-943c41e6dc0be2df.js:1
request @ 84-943c41e6dc0be2df.js:1
doPoll @ 84-943c41e6dc0be2df.js:1
_poll @ 84-943c41e6dc0be2df.js:1
onData @ 84-943c41e6dc0be2df.js:1
x.emit @ 84-943c41e6dc0be2df.js:1
_onLoad @ 84-943c41e6dc0be2df.js:1
s.onreadystatechange @ 84-943c41e6dc0be2df.js:1
XMLHttpRequest.send
_create @ 84-943c41e6dc0be2df.js:1
H @ 84-943c41e6dc0be2df.js:1
request @ 84-943c41e6dc0be2df.js:1
doPoll @ 84-943c41e6dc0be2df.js:1
_poll @ 84-943c41e6dc0be2df.js:1
onData @ 84-943c41e6dc0be2df.js:1
x.emit @ 84-943c41e6dc0be2df.js:1
_onLoad @ 84-943c41e6dc0be2df.js:1
s.onreadystatechange @ 84-943c41e6dc0be2df.js:1
XMLHttpRequest.send
_create @ 84-943c41e6dc0be2df.js:1
H @ 84-943c41e6dc0be2df.js:1
request @ 84-943c41e6dc0be2df.js:1
doPoll @ 84-943c41e6dc0be2df.js:1
_poll @ 84-943c41e6dc0be2df.js:1
onData @ 84-943c41e6dc0be2df.js:1
x.emit @ 84-943c41e6dc0be2df.js:1
_onLoad @ 84-943c41e6dc0be2df.js:1
s.onreadystatechange @ 84-943c41e6dc0be2df.js:1
XMLHttpRequest.send
_create @ 84-943c41e6dc0be2df.js:1
H @ 84-943c41e6dc0be2df.js:1
request @ 84-943c41e6dc0be2df.js:1
doPoll @ 84-943c41e6dc0be2df.js:1
_poll @ 84-943c41e6dc0be2df.js:1
doOpen @ 84-943c41e6dc0be2df.js:1
open @ 84-943c41e6dc0be2df.js:1
_open @ 84-943c41e6dc0be2df.js:1
tn @ 84-943c41e6dc0be2df.js:1
to @ 84-943c41e6dc0be2df.js:1
ta @ 84-943c41e6dc0be2df.js:1
open @ 84-943c41e6dc0be2df.js:1
tA @ 84-943c41e6dc0be2df.js:1
tO @ 84-943c41e6dc0be2df.js:1
(anonymous) @ 742-f5e44fb4de89ca72.js:1
(anonymous) @ 742-f5e44fb4de89ca72.js:1
aW @ fd9d1056-7acf5ff0c83da7db.js:1
oe @ fd9d1056-7acf5ff0c83da7db.js:1
ol @ fd9d1056-7acf5ff0c83da7db.js:1
or @ fd9d1056-7acf5ff0c83da7db.js:1
ol @ fd9d1056-7acf5ff0c83da7db.js:1
or @ fd9d1056-7acf5ff0c83da7db.js:1
ol @ fd9d1056-7acf5ff0c83da7db.js:1
or @ fd9d1056-7acf5ff0c83da7db.js:1
ol @ fd9d1056-7acf5ff0c83da7db.js:1
or @ fd9d1056-7acf5ff0c83da7db.js:1
ol @ fd9d1056-7acf5ff0c83da7db.js:1
or @ fd9d1056-7acf5ff0c83da7db.js:1
ol @ fd9d1056-7acf5ff0c83da7db.js:1
or @ fd9d1056-7acf5ff0c83da7db.js:1
ol @ fd9d1056-7acf5ff0c83da7db.js:1
or @ fd9d1056-7acf5ff0c83da7db.js:1
ol @ fd9d1056-7acf5ff0c83da7db.js:1
or @ fd9d1056-7acf5ff0c83da7db.js:1
ol @ fd9d1056-7acf5ff0c83da7db.js:1
or @ fd9d1056-7acf5ff0c83da7db.js:1
ol @ fd9d1056-7acf5ff0c83da7db.js:1
or @ fd9d1056-7acf5ff0c83da7db.js:1
ol @ fd9d1056-7acf5ff0c83da7db.js:1
or @ fd9d1056-7acf5ff0c83da7db.js:1
ol @ fd9d1056-7acf5ff0c83da7db.js:1
or @ fd9d1056-7acf5ff0c83da7db.js:1
ol @ fd9d1056-7acf5ff0c83da7db.js:1
or @ fd9d1056-7acf5ff0c83da7db.js:1
ol @ fd9d1056-7acf5ff0c83da7db.js:1
or @ fd9d1056-7acf5ff0c83da7db.js:1
ol @ fd9d1056-7acf5ff0c83da7db.js:1
or @ fd9d1056-7acf5ff0c83da7db.js:1
ol @ fd9d1056-7acf5ff0c83da7db.js:1
or @ fd9d1056-7acf5ff0c83da7db.js:1
ol @ fd9d1056-7acf5ff0c83da7db.js:1
or @ fd9d1056-7acf5ff0c83da7db.js:1
ol @ fd9d1056-7acf5ff0c83da7db.js:1
or @ fd9d1056-7acf5ff0c83da7db.js:1
ol @ fd9d1056-7acf5ff0c83da7db.js:1
or @ fd9d1056-7acf5ff0c83da7db.js:1
ol @ fd9d1056-7acf5ff0c83da7db.js:1
or @ fd9d1056-7acf5ff0c83da7db.js:1
ol @ fd9d1056-7acf5ff0c83da7db.js:1
or @ fd9d1056-7acf5ff0c83da7db.js:1
ol @ fd9d1056-7acf5ff0c83da7db.js:1
or @ fd9d1056-7acf5ff0c83da7db.js:1
ol @ fd9d1056-7acf5ff0c83da7db.js:1
or @ fd9d1056-7acf5ff0c83da7db.js:1
ol @ fd9d1056-7acf5ff0c83da7db.js:1
or @ fd9d1056-7acf5ff0c83da7db.js:1
ol @ fd9d1056-7acf5ff0c83da7db.js:1
or @ fd9d1056-7acf5ff0c83da7db.js:1
ol @ fd9d1056-7acf5ff0c83da7db.js:1
or @ fd9d1056-7acf5ff0c83da7db.js:1
ol @ fd9d1056-7acf5ff0c83da7db.js:1
or @ fd9d1056-7acf5ff0c83da7db.js:1
ol @ fd9d1056-7acf5ff0c83da7db.js:1
or @ fd9d1056-7acf5ff0c83da7db.js:1
ol @ fd9d1056-7acf5ff0c83da7db.js:1
or @ fd9d1056-7acf5ff0c83da7db.js:1
ol @ fd9d1056-7acf5ff0c83da7db.js:1
id @ fd9d1056-7acf5ff0c83da7db.js:1
o @ fd9d1056-7acf5ff0c83da7db.js:1
T @ 117-95e74743b4de7ddb.js:1
16:13:49.536  [WebRTC] Temporary offer handling error, preserving connection for retry: cmetcnw9e0000kuy9dooe536g
16:13:49.537  [WebRTC] ❌ Failed to handle offer from cmetcnw9e0000kuy9dooe536g : 
window.console.error @ 117-95e74743b4de7ddb.js:1
handleRemoteOffer @ 742-f5e44fb4de89ca72.js:1
await in handleRemoteOffer
x.emit @ 84-943c41e6dc0be2df.js:1
emitEvent @ 84-943c41e6dc0be2df.js:1
onevent @ 84-943c41e6dc0be2df.js:1
onpacket @ 84-943c41e6dc0be2df.js:1
x.emit @ 84-943c41e6dc0be2df.js:1
(anonymous) @ 84-943c41e6dc0be2df.js:1
Promise.then
(anonymous) @ 84-943c41e6dc0be2df.js:1
ondecoded @ 84-943c41e6dc0be2df.js:1
x.emit @ 84-943c41e6dc0be2df.js:1
add @ 84-943c41e6dc0be2df.js:1
ondata @ 84-943c41e6dc0be2df.js:1
x.emit @ 84-943c41e6dc0be2df.js:1
_onPacket @ 84-943c41e6dc0be2df.js:1
x.emit @ 84-943c41e6dc0be2df.js:1
onPacket @ 84-943c41e6dc0be2df.js:1
(anonymous) @ 84-943c41e6dc0be2df.js:1
onData @ 84-943c41e6dc0be2df.js:1
x.emit @ 84-943c41e6dc0be2df.js:1
_onLoad @ 84-943c41e6dc0be2df.js:1
s.onreadystatechange @ 84-943c41e6dc0be2df.js:1
XMLHttpRequest.send
_create @ 84-943c41e6dc0be2df.js:1
H @ 84-943c41e6dc0be2df.js:1
request @ 84-943c41e6dc0be2df.js:1
doPoll @ 84-943c41e6dc0be2df.js:1
_poll @ 84-943c41e6dc0be2df.js:1
onData @ 84-943c41e6dc0be2df.js:1
x.emit @ 84-943c41e6dc0be2df.js:1
_onLoad @ 84-943c41e6dc0be2df.js:1
s.onreadystatechange @ 84-943c41e6dc0be2df.js:1
XMLHttpRequest.send
_create @ 84-943c41e6dc0be2df.js:1
H @ 84-943c41e6dc0be2df.js:1
request @ 84-943c41e6dc0be2df.js:1
doPoll @ 84-943c41e6dc0be2df.js:1
_poll @ 84-943c41e6dc0be2df.js:1
onData @ 84-943c41e6dc0be2df.js:1
x.emit @ 84-943c41e6dc0be2df.js:1
_onLoad @ 84-943c41e6dc0be2df.js:1
s.onreadystatechange @ 84-943c41e6dc0be2df.js:1
XMLHttpRequest.send
_create @ 84-943c41e6dc0be2df.js:1
H @ 84-943c41e6dc0be2df.js:1
request @ 84-943c41e6dc0be2df.js:1
doPoll @ 84-943c41e6dc0be2df.js:1
_poll @ 84-943c41e6dc0be2df.js:1
onData @ 84-943c41e6dc0be2df.js:1
x.emit @ 84-943c41e6dc0be2df.js:1
_onLoad @ 84-943c41e6dc0be2df.js:1
s.onreadystatechange @ 84-943c41e6dc0be2df.js:1
XMLHttpRequest.send
_create @ 84-943c41e6dc0be2df.js:1
H @ 84-943c41e6dc0be2df.js:1
request @ 84-943c41e6dc0be2df.js:1
doPoll @ 84-943c41e6dc0be2df.js:1
_poll @ 84-943c41e6dc0be2df.js:1
onData @ 84-943c41e6dc0be2df.js:1
x.emit @ 84-943c41e6dc0be2df.js:1
_onLoad @ 84-943c41e6dc0be2df.js:1
s.onreadystatechange @ 84-943c41e6dc0be2df.js:1
XMLHttpRequest.send
_create @ 84-943c41e6dc0be2df.js:1
H @ 84-943c41e6dc0be2df.js:1
request @ 84-943c41e6dc0be2df.js:1
doPoll @ 84-943c41e6dc0be2df.js:1
_poll @ 84-943c41e6dc0be2df.js:1
onData @ 84-943c41e6dc0be2df.js:1
x.emit @ 84-943c41e6dc0be2df.js:1
_onLoad @ 84-943c41e6dc0be2df.js:1
s.onreadystatechange @ 84-943c41e6dc0be2df.js:1
XMLHttpRequest.send
_create @ 84-943c41e6dc0be2df.js:1
H @ 84-943c41e6dc0be2df.js:1
request @ 84-943c41e6dc0be2df.js:1
doPoll @ 84-943c41e6dc0be2df.js:1
_poll @ 84-943c41e6dc0be2df.js:1
onData @ 84-943c41e6dc0be2df.js:1
x.emit @ 84-943c41e6dc0be2df.js:1
_onLoad @ 84-943c41e6dc0be2df.js:1
s.onreadystatechange @ 84-943c41e6dc0be2df.js:1
XMLHttpRequest.send
_create @ 84-943c41e6dc0be2df.js:1
H @ 84-943c41e6dc0be2df.js:1
request @ 84-943c41e6dc0be2df.js:1
doPoll @ 84-943c41e6dc0be2df.js:1
_poll @ 84-943c41e6dc0be2df.js:1
onData @ 84-943c41e6dc0be2df.js:1
x.emit @ 84-943c41e6dc0be2df.js:1
_onLoad @ 84-943c41e6dc0be2df.js:1
s.onreadystatechange @ 84-943c41e6dc0be2df.js:1
XMLHttpRequest.send
_create @ 84-943c41e6dc0be2df.js:1
H @ 84-943c41e6dc0be2df.js:1
request @ 84-943c41e6dc0be2df.js:1
doPoll @ 84-943c41e6dc0be2df.js:1
_poll @ 84-943c41e6dc0be2df.js:1
onData @ 84-943c41e6dc0be2df.js:1
x.emit @ 84-943c41e6dc0be2df.js:1
_onLoad @ 84-943c41e6dc0be2df.js:1
s.onreadystatechange @ 84-943c41e6dc0be2df.js:1
XMLHttpRequest.send
_create @ 84-943c41e6dc0be2df.js:1
H @ 84-943c41e6dc0be2df.js:1
request @ 84-943c41e6dc0be2df.js:1
doPoll @ 84-943c41e6dc0be2df.js:1
_poll @ 84-943c41e6dc0be2df.js:1
onData @ 84-943c41e6dc0be2df.js:1
x.emit @ 84-943c41e6dc0be2df.js:1
_onLoad @ 84-943c41e6dc0be2df.js:1
s.onreadystatechange @ 84-943c41e6dc0be2df.js:1
XMLHttpRequest.send
_create @ 84-943c41e6dc0be2df.js:1
H @ 84-943c41e6dc0be2df.js:1
request @ 84-943c41e6dc0be2df.js:1
doPoll @ 84-943c41e6dc0be2df.js:1
_poll @ 84-943c41e6dc0be2df.js:1
onData @ 84-943c41e6dc0be2df.js:1
x.emit @ 84-943c41e6dc0be2df.js:1
_onLoad @ 84-943c41e6dc0be2df.js:1
s.onreadystatechange @ 84-943c41e6dc0be2df.js:1
XMLHttpRequest.send
_create @ 84-943c41e6dc0be2df.js:1
H @ 84-943c41e6dc0be2df.js:1
request @ 84-943c41e6dc0be2df.js:1
doPoll @ 84-943c41e6dc0be2df.js:1
_poll @ 84-943c41e6dc0be2df.js:1
onData @ 84-943c41e6dc0be2df.js:1
x.emit @ 84-943c41e6dc0be2df.js:1
_onLoad @ 84-943c41e6dc0be2df.js:1
s.onreadystatechange @ 84-943c41e6dc0be2df.js:1
XMLHttpRequest.send
_create @ 84-943c41e6dc0be2df.js:1
H @ 84-943c41e6dc0be2df.js:1
request @ 84-943c41e6dc0be2df.js:1
doPoll @ 84-943c41e6dc0be2df.js:1
_poll @ 84-943c41e6dc0be2df.js:1
onData @ 84-943c41e6dc0be2df.js:1
x.emit @ 84-943c41e6dc0be2df.js:1
_onLoad @ 84-943c41e6dc0be2df.js:1
s.onreadystatechange @ 84-943c41e6dc0be2df.js:1
XMLHttpRequest.send
_create @ 84-943c41e6dc0be2df.js:1
H @ 84-943c41e6dc0be2df.js:1
request @ 84-943c41e6dc0be2df.js:1
doPoll @ 84-943c41e6dc0be2df.js:1
_poll @ 84-943c41e6dc0be2df.js:1
onData @ 84-943c41e6dc0be2df.js:1
x.emit @ 84-943c41e6dc0be2df.js:1
_onLoad @ 84-943c41e6dc0be2df.js:1
s.onreadystatechange @ 84-943c41e6dc0be2df.js:1
XMLHttpRequest.send
_create @ 84-943c41e6dc0be2df.js:1
H @ 84-943c41e6dc0be2df.js:1
request @ 84-943c41e6dc0be2df.js:1
doPoll @ 84-943c41e6dc0be2df.js:1
_poll @ 84-943c41e6dc0be2df.js:1
onData @ 84-943c41e6dc0be2df.js:1
x.emit @ 84-943c41e6dc0be2df.js:1
_onLoad @ 84-943c41e6dc0be2df.js:1
s.onreadystatechange @ 84-943c41e6dc0be2df.js:1
XMLHttpRequest.send
_create @ 84-943c41e6dc0be2df.js:1
H @ 84-943c41e6dc0be2df.js:1
request @ 84-943c41e6dc0be2df.js:1
doPoll @ 84-943c41e6dc0be2df.js:1
_poll @ 84-943c41e6dc0be2df.js:1
onData @ 84-943c41e6dc0be2df.js:1
x.emit @ 84-943c41e6dc0be2df.js:1
_onLoad @ 84-943c41e6dc0be2df.js:1
s.onreadystatechange @ 84-943c41e6dc0be2df.js:1
XMLHttpRequest.send
_create @ 84-943c41e6dc0be2df.js:1
H @ 84-943c41e6dc0be2df.js:1
request @ 84-943c41e6dc0be2df.js:1
doPoll @ 84-943c41e6dc0be2df.js:1
_poll @ 84-943c41e6dc0be2df.js:1
onData @ 84-943c41e6dc0be2df.js:1
x.emit @ 84-943c41e6dc0be2df.js:1
_onLoad @ 84-943c41e6dc0be2df.js:1
s.onreadystatechange @ 84-943c41e6dc0be2df.js:1
XMLHttpRequest.send
_create @ 84-943c41e6dc0be2df.js:1
H @ 84-943c41e6dc0be2df.js:1
request @ 84-943c41e6dc0be2df.js:1
doPoll @ 84-943c41e6dc0be2df.js:1
_poll @ 84-943c41e6dc0be2df.js:1
onData @ 84-943c41e6dc0be2df.js:1
x.emit @ 84-943c41e6dc0be2df.js:1
_onLoad @ 84-943c41e6dc0be2df.js:1
s.onreadystatechange @ 84-943c41e6dc0be2df.js:1
XMLHttpRequest.send
_create @ 84-943c41e6dc0be2df.js:1
H @ 84-943c41e6dc0be2df.js:1
request @ 84-943c41e6dc0be2df.js:1
doPoll @ 84-943c41e6dc0be2df.js:1
_poll @ 84-943c41e6dc0be2df.js:1
onData @ 84-943c41e6dc0be2df.js:1
x.emit @ 84-943c41e6dc0be2df.js:1
_onLoad @ 84-943c41e6dc0be2df.js:1
s.onreadystatechange @ 84-943c41e6dc0be2df.js:1
XMLHttpRequest.send
_create @ 84-943c41e6dc0be2df.js:1
H @ 84-943c41e6dc0be2df.js:1
request @ 84-943c41e6dc0be2df.js:1
doPoll @ 84-943c41e6dc0be2df.js:1
_poll @ 84-943c41e6dc0be2df.js:1
onData @ 84-943c41e6dc0be2df.js:1
x.emit @ 84-943c41e6dc0be2df.js:1
_onLoad @ 84-943c41e6dc0be2df.js:1
s.onreadystatechange @ 84-943c41e6dc0be2df.js:1
XMLHttpRequest.send
_create @ 84-943c41e6dc0be2df.js:1
H @ 84-943c41e6dc0be2df.js:1
request @ 84-943c41e6dc0be2df.js:1
doPoll @ 84-943c41e6dc0be2df.js:1
_poll @ 84-943c41e6dc0be2df.js:1
onData @ 84-943c41e6dc0be2df.js:1
x.emit @ 84-943c41e6dc0be2df.js:1
_onLoad @ 84-943c41e6dc0be2df.js:1
s.onreadystatechange @ 84-943c41e6dc0be2df.js:1
XMLHttpRequest.send
_create @ 84-943c41e6dc0be2df.js:1
H @ 84-943c41e6dc0be2df.js:1
request @ 84-943c41e6dc0be2df.js:1
doPoll @ 84-943c41e6dc0be2df.js:1
_poll @ 84-943c41e6dc0be2df.js:1
onData @ 84-943c41e6dc0be2df.js:1
x.emit @ 84-943c41e6dc0be2df.js:1
_onLoad @ 84-943c41e6dc0be2df.js:1
s.onreadystatechange @ 84-943c41e6dc0be2df.js:1
XMLHttpRequest.send
_create @ 84-943c41e6dc0be2df.js:1
H @ 84-943c41e6dc0be2df.js:1
request @ 84-943c41e6dc0be2df.js:1
doPoll @ 84-943c41e6dc0be2df.js:1
_poll @ 84-943c41e6dc0be2df.js:1
onData @ 84-943c41e6dc0be2df.js:1
x.emit @ 84-943c41e6dc0be2df.js:1
_onLoad @ 84-943c41e6dc0be2df.js:1
s.onreadystatechange @ 84-943c41e6dc0be2df.js:1
XMLHttpRequest.send
_create @ 84-943c41e6dc0be2df.js:1
H @ 84-943c41e6dc0be2df.js:1
request @ 84-943c41e6dc0be2df.js:1
doPoll @ 84-943c41e6dc0be2df.js:1
_poll @ 84-943c41e6dc0be2df.js:1
onData @ 84-943c41e6dc0be2df.js:1
x.emit @ 84-943c41e6dc0be2df.js:1
_onLoad @ 84-943c41e6dc0be2df.js:1
s.onreadystatechange @ 84-943c41e6dc0be2df.js:1
XMLHttpRequest.send
_create @ 84-943c41e6dc0be2df.js:1
H @ 84-943c41e6dc0be2df.js:1
request @ 84-943c41e6dc0be2df.js:1
doPoll @ 84-943c41e6dc0be2df.js:1
_poll @ 84-943c41e6dc0be2df.js:1
onData @ 84-943c41e6dc0be2df.js:1
x.emit @ 84-943c41e6dc0be2df.js:1
_onLoad @ 84-943c41e6dc0be2df.js:1
s.onreadystatechange @ 84-943c41e6dc0be2df.js:1
XMLHttpRequest.send
_create @ 84-943c41e6dc0be2df.js:1
H @ 84-943c41e6dc0be2df.js:1
request @ 84-943c41e6dc0be2df.js:1
doPoll @ 84-943c41e6dc0be2df.js:1
_poll @ 84-943c41e6dc0be2df.js:1
onData @ 84-943c41e6dc0be2df.js:1
x.emit @ 84-943c41e6dc0be2df.js:1
_onLoad @ 84-943c41e6dc0be2df.js:1
s.onreadystatechange @ 84-943c41e6dc0be2df.js:1
XMLHttpRequest.send
_create @ 84-943c41e6dc0be2df.js:1
H @ 84-943c41e6dc0be2df.js:1
request @ 84-943c41e6dc0be2df.js:1
doPoll @ 84-943c41e6dc0be2df.js:1
_poll @ 84-943c41e6dc0be2df.js:1
doOpen @ 84-943c41e6dc0be2df.js:1
open @ 84-943c41e6dc0be2df.js:1
_open @ 84-943c41e6dc0be2df.js:1
tn @ 84-943c41e6dc0be2df.js:1
to @ 84-943c41e6dc0be2df.js:1
ta @ 84-943c41e6dc0be2df.js:1
open @ 84-943c41e6dc0be2df.js:1
tA @ 84-943c41e6dc0be2df.js:1
tO @ 84-943c41e6dc0be2df.js:1
(anonymous) @ 742-f5e44fb4de89ca72.js:1
(anonymous) @ 742-f5e44fb4de89ca72.js:1
aW @ fd9d1056-7acf5ff0c83da7db.js:1
oe @ fd9d1056-7acf5ff0c83da7db.js:1
ol @ fd9d1056-7acf5ff0c83da7db.js:1
or @ fd9d1056-7acf5ff0c83da7db.js:1
ol @ fd9d1056-7acf5ff0c83da7db.js:1
or @ fd9d1056-7acf5ff0c83da7db.js:1
ol @ fd9d1056-7acf5ff0c83da7db.js:1
or @ fd9d1056-7acf5ff0c83da7db.js:1
ol @ fd9d1056-7acf5ff0c83da7db.js:1
or @ fd9d1056-7acf5ff0c83da7db.js:1
ol @ fd9d1056-7acf5ff0c83da7db.js:1
or @ fd9d1056-7acf5ff0c83da7db.js:1
ol @ fd9d1056-7acf5ff0c83da7db.js:1
or @ fd9d1056-7acf5ff0c83da7db.js:1
ol @ fd9d1056-7acf5ff0c83da7db.js:1
or @ fd9d1056-7acf5ff0c83da7db.js:1
ol @ fd9d1056-7acf5ff0c83da7db.js:1
or @ fd9d1056-7acf5ff0c83da7db.js:1
ol @ fd9d1056-7acf5ff0c83da7db.js:1
or @ fd9d1056-7acf5ff0c83da7db.js:1
ol @ fd9d1056-7acf5ff0c83da7db.js:1
or @ fd9d1056-7acf5ff0c83da7db.js:1
ol @ fd9d1056-7acf5ff0c83da7db.js:1
or @ fd9d1056-7acf5ff0c83da7db.js:1
ol @ fd9d1056-7acf5ff0c83da7db.js:1
or @ fd9d1056-7acf5ff0c83da7db.js:1
ol @ fd9d1056-7acf5ff0c83da7db.js:1
or @ fd9d1056-7acf5ff0c83da7db.js:1
ol @ fd9d1056-7acf5ff0c83da7db.js:1
or @ fd9d1056-7acf5ff0c83da7db.js:1
ol @ fd9d1056-7acf5ff0c83da7db.js:1
or @ fd9d1056-7acf5ff0c83da7db.js:1
ol @ fd9d1056-7acf5ff0c83da7db.js:1
or @ fd9d1056-7acf5ff0c83da7db.js:1
ol @ fd9d1056-7acf5ff0c83da7db.js:1
or @ fd9d1056-7acf5ff0c83da7db.js:1
ol @ fd9d1056-7acf5ff0c83da7db.js:1
or @ fd9d1056-7acf5ff0c83da7db.js:1
ol @ fd9d1056-7acf5ff0c83da7db.js:1
or @ fd9d1056-7acf5ff0c83da7db.js:1
ol @ fd9d1056-7acf5ff0c83da7db.js:1
or @ fd9d1056-7acf5ff0c83da7db.js:1
ol @ fd9d1056-7acf5ff0c83da7db.js:1
or @ fd9d1056-7acf5ff0c83da7db.js:1
ol @ fd9d1056-7acf5ff0c83da7db.js:1
or @ fd9d1056-7acf5ff0c83da7db.js:1
ol @ fd9d1056-7acf5ff0c83da7db.js:1
or @ fd9d1056-7acf5ff0c83da7db.js:1
ol @ fd9d1056-7acf5ff0c83da7db.js:1
or @ fd9d1056-7acf5ff0c83da7db.js:1
ol @ fd9d1056-7acf5ff0c83da7db.js:1
or @ fd9d1056-7acf5ff0c83da7db.js:1
ol @ fd9d1056-7acf5ff0c83da7db.js:1
or @ fd9d1056-7acf5ff0c83da7db.js:1
ol @ fd9d1056-7acf5ff0c83da7db.js:1
or @ fd9d1056-7acf5ff0c83da7db.js:1
ol @ fd9d1056-7acf5ff0c83da7db.js:1
or @ fd9d1056-7acf5ff0c83da7db.js:1
ol @ fd9d1056-7acf5ff0c83da7db.js:1
or @ fd9d1056-7acf5ff0c83da7db.js:1
ol @ fd9d1056-7acf5ff0c83da7db.js:1
id @ fd9d1056-7acf5ff0c83da7db.js:1
o @ fd9d1056-7acf5ff0c83da7db.js:1
T @ 117-95e74743b4de7ddb.js:1
16:13:49.538  [WebRTC] Temporary offer handling error, preserving connection for retry: cmetcnw9e0000kuy9dooe536g
16:13:49.539  [useCallPerformance] Network metrics: {audioPacketLoss: 0, videoPacketLoss: 0, videoFrameRate: 267, latency: 2, callType: 'video'}
16:13:49.541  [CallModal] 🔍 WebRTC stream ready for participant: cmetcnw9e0000kuy9dooe536g
16:13:49.541  [CallModal] 🔍 Our callId: call-1758096821929-j0m8cxwgf Event callId: call-1758096821929-j0m8cxwgf
16:13:49.541  [CallModal] 🔍 Our user ID: cmetc9zvw0000lx0fvjdkcng1
16:13:49.541  [CallModal] 🔍 Current call state: dialing
16:13:49.541  [CallModal] 🔍 Current participant states: {}
16:13:49.541  [CallModal] ✅ Processing REMOTE stream ready event
16:13:49.544  [CallModal] 🆔 Our session ID: cmetc9zvw0000lx0fvjdkcng1
16:13:49.545  [CallModal] 🆔 Remote participant ID: cmetcnw9e0000kuy9dooe536g
16:13:49.545  [CallModal] 🔍 Stream data: {callId: 'call-1758096821929-j0m8cxwgf', participantId: 'cmetcnw9e0000kuy9dooe536g', streamId: 'df6433fc-16fa-444c-a884-8cc4a93c065e', hasAudio: true, hasVideo: true}
16:13:49.545  [CallModal] 🚀 INITIATING PEER CONNECTION for remote participant: cmetcnw9e0000kuy9dooe536g
16:13:49.545  [CallModal] 🚀 WebRTC service available: true
16:13:49.545  [CallModal] 🎥 Processing webrtc_stream_ready for REMOTE participant: cmetcnw9e0000kuy9dooe536g
16:13:49.545  [CallModal] 🔗 Active peer connections: []
16:13:49.546  [CallModal] 🔗 Has connection to cmetcnw9e0000kuy9dooe536g : false
16:13:49.546  [CallModal] 🚀 Creating peer connection to cmetcnw9e0000kuy9dooe536g
16:13:49.546  [CallModal] 🔄 Group call connection already attempted for: cmetcnw9e0000kuy9dooe536g
16:13:49.546  [CallModal] Retrieved remote stream for cmetcnw9e0000kuy9dooe536g : true
16:13:49.546  [CallModal] Remote stream tracks: (2) [{…}, {…}]
16:13:49.546  [CallModal] ✅ Remote stream added to state for VideoGrid
16:13:49.547  [WebRTC] 📡 Sending offer to participant: cmetcnw9e0000kuy9dooe536g
16:13:49.547  [WebRTC] ✅ Offer successfully sent to: cmetcnw9e0000kuy9dooe536g
16:13:49.547  [WebRTC] 📞 Creating offer for participant: cmetcd54n000plx0f6031986z
16:13:49.547  [WebRTC] Creating peer connection for: cmetcd54n000plx0f6031986z
16:13:49.547  [WebRTC] ⚠️ Peer connection already exists for: cmetcd54n000plx0f6031986z {connectionState: 'new', iceConnectionState: 'new', signalingState: 'stable'}
16:13:49.547  [WebRTC] 🔄 Existing connection unhealthy, creating new one for: cmetcd54n000plx0f6031986z
16:13:49.551  [WebRTC] ✅ Local stream validation passed: {streamActive: true, liveTracks: 2, trackDetails: Array(2)}
16:13:49.554  [WebRTC] 🚀 Applying low-latency optimizations for peer connection: cmetcd54n000plx0f6031986z
16:13:49.554  [WebRTC] Adding local tracks to peer connection: (2) [{…}, {…}]
16:13:49.554  [WebRTC] Adding live track to peer connection: audio Microphone Array (Realtek(R) Audio)
16:13:49.555  [WebRTC] ✅ Track added successfully: audio sender: true
16:13:49.555  [WebRTC] Adding live track to peer connection: video Integrated Camera (30c9:00ac)
16:13:49.556  [WebRTC] ✅ Track added successfully: video sender: true
16:13:49.556  [WebRTC] ✅ Added 2 tracks with low-latency transceivers for: cmetcd54n000plx0f6031986z
16:13:49.556  [WebRTC] Local stream verification - tracks: 2
16:13:49.556  [WebRTC] 🔍 Peer connection senders before offer: 2
16:13:49.556  [WebRTC]   Sender 0: {hasTrack: true, trackKind: 'audio', trackEnabled: true, trackReadyState: 'live'}
16:13:49.556  [WebRTC]   Sender 1: {hasTrack: true, trackKind: 'video', trackEnabled: true, trackReadyState: 'live'}
16:13:49.557  [WebRTC] Creating offer with low-latency options...
16:13:49.562  [CallModal] Updated remote streams map, now has: ['cmetcnw9e0000kuy9dooe536g']
16:13:49.562  [CallModal] VideoGrid participants: {total: 2, filtered: 1, currentUserId: 'cmetc9zvw0000lx0fvjdkcng1', participantNames: Array(1)}
16:13:49.563  [CallModal] Updated peer connections for performance monitoring: 2
16:13:49.564  [CallModal] Peer connection participants: (2) ['cmetcnw9e0000kuy9dooe536g', 'cmetcd54n000plx0f6031986z']
16:13:49.565  [WebRTC] 🎵 Applied ultra-low latency constraints to live audio track
16:13:49.568  [WebRTC] 🚀 Optimizing SDP for ultra-low latency...
16:13:49.568  [WebRTC] ✅ SDP optimized for ultra-low latency
16:13:49.568  [WebRTC] Offer created and SDP optimized, analyzing...
16:13:49.568  [WebRTC] 🔍 Offer SDP analysis: {hasAudio: true, hasVideo: true}
16:13:49.568  [WebRTC] Setting local description...
16:13:49.568  [WebRTC] Current signaling state before setting local offer: stable
16:13:49.569  [CallModal] VideoGrid participants: {total: 2, filtered: 1, currentUserId: 'cmetc9zvw0000lx0fvjdkcng1', participantNames: Array(1)}
16:13:49.570  [useCallPerformance] Connection states: (2) [{…}, {…}]
16:13:49.570  [useCallPerformance] Starting monitoring for 2 valid connections
16:13:49.574  [WebRTC] 📡 Sending offer to participant: cmetcd54n000plx0f6031986z
16:13:49.574  [WebRTC] ✅ Offer successfully sent to: cmetcd54n000plx0f6031986z
16:13:49.575  [WebRTC] Sending ICE candidate to: cmetcd54n000plx0f6031986z
16:13:49.575  [WebRTC] Sending ICE candidate to: cmetcd54n000plx0f6031986z
16:13:49.576  [WebRTC] Sending ICE candidate to: cmetcd54n000plx0f6031986z
16:13:49.576  [useCallPerformance] Network metrics: {audioPacketLoss: 0, videoPacketLoss: 0, videoFrameRate: 83, latency: 1, callType: 'video'}
16:13:49.583  [useCallPerformance] No valid network data yet, assuming good quality
16:13:49.585  [CallModal] VideoGrid participants: {total: 2, filtered: 1, currentUserId: 'cmetc9zvw0000lx0fvjdkcng1', participantNames: Array(1)}
16:13:49.595  [CallModal] 🔍 WebRTC stream ready for participant: cmetcnw9e0000kuy9dooe536g
16:13:49.595  [CallModal] 🔍 Our callId: call-1758096821929-j0m8cxwgf Event callId: call-1758096821929-j0m8cxwgf
16:13:49.595  [CallModal] 🔍 Our user ID: cmetc9zvw0000lx0fvjdkcng1
16:13:49.595  [CallModal] 🔍 Current call state: dialing
16:13:49.595  [CallModal] 🔍 Current participant states: {}
16:13:49.595  [CallModal] ✅ Processing REMOTE stream ready event
16:13:49.595  [CallModal] 🆔 Our session ID: cmetc9zvw0000lx0fvjdkcng1
16:13:49.596  [CallModal] 🆔 Remote participant ID: cmetcnw9e0000kuy9dooe536g
16:13:49.596  [CallModal] 🔍 Stream data: {callId: 'call-1758096821929-j0m8cxwgf', participantId: 'cmetcnw9e0000kuy9dooe536g', streamId: 'df6433fc-16fa-444c-a884-8cc4a93c065e', hasAudio: true, hasVideo: true}
16:13:49.596  [CallModal] 🚀 INITIATING PEER CONNECTION for remote participant: cmetcnw9e0000kuy9dooe536g
16:13:49.596  [CallModal] 🚀 WebRTC service available: true
16:13:49.596  [CallModal] 🎥 Processing webrtc_stream_ready for REMOTE participant: cmetcnw9e0000kuy9dooe536g
16:13:49.596  [CallModal] 🔗 Active peer connections: []
16:13:49.596  [CallModal] 🔗 Has connection to cmetcnw9e0000kuy9dooe536g : false
16:13:49.596  [CallModal] 🚀 Creating peer connection to cmetcnw9e0000kuy9dooe536g
16:13:49.596  [CallModal] 🔄 Group call connection already attempted for: cmetcnw9e0000kuy9dooe536g
16:13:49.596  [CallModal] Retrieved remote stream for cmetcnw9e0000kuy9dooe536g : true
16:13:49.596  [CallModal] Remote stream tracks: (2) [{…}, {…}]
16:13:49.596  [CallModal] ✅ Remote stream added to state for VideoGrid
16:13:49.597  [CallModal] 🔍 WebRTC stream ready for participant: cmetc9zvw0000lx0fvjdkcng1
16:13:49.597  [CallModal] 🔍 Our callId: call-1758096821929-j0m8cxwgf Event callId: call-1758096821929-j0m8cxwgf
16:13:49.597  [CallModal] 🔍 Our user ID: cmetc9zvw0000lx0fvjdkcng1
16:13:49.597  [CallModal] 🔍 Current call state: dialing
16:13:49.597  [CallModal] 🔍 Current participant states: {}
16:13:49.597  [CallModal] ✅ Ignoring webrtc_stream_ready for our own stream (not a remote stream)
16:13:49.597  [CallModal] 🆔 Session user ID: cmetc9zvw0000lx0fvjdkcng1
16:13:49.597  [CallModal] 🆔 Event participant ID: cmetc9zvw0000lx0fvjdkcng1
16:13:49.598  [CallModal] Updated remote streams map, now has: ['cmetcnw9e0000kuy9dooe536g']
16:13:49.598  [CallModal] VideoGrid participants: {total: 2, filtered: 1, currentUserId: 'cmetc9zvw0000lx0fvjdkcng1', participantNames: Array(1)}
16:13:49.600  [CallModal] Updated peer connections for performance monitoring: 2
16:13:49.601  [CallModal] Peer connection participants: (2) ['cmetcnw9e0000kuy9dooe536g', 'cmetcd54n000plx0f6031986z']
16:13:49.603  [CallModal] VideoGrid participants: {total: 2, filtered: 1, currentUserId: 'cmetc9zvw0000lx0fvjdkcng1', participantNames: Array(1)}
16:13:49.606  [useCallPerformance] Connection states: (2) [{…}, {…}]
16:13:49.607  [useCallPerformance] Starting monitoring for 2 valid connections
16:13:49.609  [useCallPerformance] Network metrics: {audioPacketLoss: 0, videoPacketLoss: 0, videoFrameRate: 83, latency: 1, callType: 'video'}
16:13:49.610  [useCallPerformance] No valid network data yet, assuming good quality
16:13:49.611  [CallModal] VideoGrid participants: {total: 2, filtered: 1, currentUserId: 'cmetc9zvw0000lx0fvjdkcng1', participantNames: Array(1)}
16:13:49.632  [WebRTC] Sending ICE candidate to: cmetcd54n000plx0f6031986z
16:13:49.662  [WebRTC] 🎵 Set ultra-low latency audio parameters
16:13:49.663  [WebRTC] 📹 Set ultra-low latency video parameters
16:13:49.670  [WebRTC] 📞 RECEIVED OFFER from: cmetcnw9e0000kuy9dooe536g
16:13:49.671  [WebRTC] Call ID check: {received: 'call-1758096821929-j0m8cxwgf', ours: null}
16:13:49.671  [WebRTC] ❌ Ignoring offer for different call: call-1758096821929-j0m8cxwgf vs null
16:13:49.671  [WebRTC] 📞 RECEIVED OFFER from: cmetcnw9e0000kuy9dooe536g
16:13:49.671  [WebRTC] Call ID check: {received: 'call-1758096821929-j0m8cxwgf', ours: 'call-1758096821929-j0m8cxwgf'}
16:13:49.671  [WebRTC] ✅ Processing offer from: cmetcnw9e0000kuy9dooe536g
16:13:49.671  [WebRTC] 🔄 Ensuring stream is ready before processing offer from: cmetcnw9e0000kuy9dooe536g
16:13:49.671  [WebRTC] 🔍 Checking stream readiness for participant: cmetcnw9e0000kuy9dooe536g
16:13:49.671  [WebRTC] 🔍 Stream readiness check: {participantId: 'cmetcnw9e0000kuy9dooe536g', hasStream: true, streamActive: true, totalTracks: 2, liveTracks: 2, …}
16:13:49.672  [WebRTC] 🎯 Stream already ready for participant: cmetcnw9e0000kuy9dooe536g
16:13:49.672  [WebRTC] Creating peer connection for: cmetcnw9e0000kuy9dooe536g
16:13:49.672  [WebRTC] ⚠️ Peer connection already exists for: cmetcnw9e0000kuy9dooe536g {connectionState: 'connected', iceConnectionState: 'connected', signalingState: 'have-local-offer'}
16:13:49.672  [WebRTC] ✅ Reusing healthy existing connection for: cmetcnw9e0000kuy9dooe536g
16:13:49.672  [WebRTC] Local stream ready with tracks: 2
16:13:49.672  [WebRTC] 🔍 Peer connection senders before answer: 2
16:13:49.672  [WebRTC]   Sender 0: {hasTrack: true, trackKind: 'audio', trackEnabled: true, trackReadyState: 'live'}
16:13:49.672  [WebRTC]   Sender 1: {hasTrack: true, trackKind: 'video', trackEnabled: true, trackReadyState: 'live'}
16:13:49.672  [WebRTC] Setting remote description from offer...
16:13:49.672 742-f5e44fb4de89ca72.js:1 [WebRTC] Current signaling state before setting remote offer: have-local-offer
16:13:49.677 742-f5e44fb4de89ca72.js:1 [WebRTC] Remote description set, applying any buffered ICE candidates
16:13:49.677 742-f5e44fb4de89ca72.js:1 [WebRTC] No buffered ICE candidates for: cmetcnw9e0000kuy9dooe536g
16:13:49.677 742-f5e44fb4de89ca72.js:1 [WebRTC] Creating answer with ultra-low-latency options...
16:13:49.685 742-f5e44fb4de89ca72.js:1 [WebRTC] 🚀 Optimizing SDP for ultra-low latency...
16:13:49.685 742-f5e44fb4de89ca72.js:1 [WebRTC] ✅ SDP optimized for ultra-low latency
16:13:49.685 742-f5e44fb4de89ca72.js:1 [WebRTC] Answer created and SDP optimized, analyzing...
16:13:49.685 742-f5e44fb4de89ca72.js:1 [WebRTC] 🔍 Answer SDP analysis: {hasAudio: true, hasVideo: true}
16:13:49.685 742-f5e44fb4de89ca72.js:1 [WebRTC] Setting local description with answer...
16:13:49.685 742-f5e44fb4de89ca72.js:1 [WebRTC] Current signaling state before setting local answer: have-remote-offer
16:13:49.690 742-f5e44fb4de89ca72.js:1 [WebRTC] 📡 Sending answer to: cmetcnw9e0000kuy9dooe536g
16:13:49.691 742-f5e44fb4de89ca72.js:1 [WebRTC] ✅ Answer successfully sent to: cmetcnw9e0000kuy9dooe536g
16:13:49.695 742-f5e44fb4de89ca72.js:1 [WebRTC] Sending ICE candidate to: cmetcd54n000plx0f6031986z
16:13:49.695 742-f5e44fb4de89ca72.js:1 [WebRTC] Sending ICE candidate to: cmetcd54n000plx0f6031986z
16:13:49.695 742-f5e44fb4de89ca72.js:1 [WebRTC] Sending ICE candidate to: cmetcd54n000plx0f6031986z
16:13:49.751 742-f5e44fb4de89ca72.js:1 [WebRTC] 📞 RECEIVED OFFER from: cmetcnw9e0000kuy9dooe536g
16:13:49.751 742-f5e44fb4de89ca72.js:1 [WebRTC] Call ID check: {received: 'call-1758096821929-j0m8cxwgf', ours: null}
16:13:49.751 742-f5e44fb4de89ca72.js:1 [WebRTC] ❌ Ignoring offer for different call: call-1758096821929-j0m8cxwgf vs null
16:13:49.751 742-f5e44fb4de89ca72.js:1 [WebRTC] 📞 RECEIVED OFFER from: cmetcnw9e0000kuy9dooe536g
16:13:49.751 742-f5e44fb4de89ca72.js:1 [WebRTC] Call ID check: {received: 'call-1758096821929-j0m8cxwgf', ours: 'call-1758096821929-j0m8cxwgf'}
16:13:49.751 742-f5e44fb4de89ca72.js:1 [WebRTC] ✅ Processing offer from: cmetcnw9e0000kuy9dooe536g
16:13:49.751 742-f5e44fb4de89ca72.js:1 [WebRTC] 🔄 Ensuring stream is ready before processing offer from: cmetcnw9e0000kuy9dooe536g
16:13:49.751 742-f5e44fb4de89ca72.js:1 [WebRTC] 🔍 Checking stream readiness for participant: cmetcnw9e0000kuy9dooe536g
16:13:49.752 742-f5e44fb4de89ca72.js:1 [WebRTC] 🔍 Stream readiness check: {participantId: 'cmetcnw9e0000kuy9dooe536g', hasStream: true, streamActive: true, totalTracks: 2, liveTracks: 2, …}
16:13:49.752 742-f5e44fb4de89ca72.js:1 [WebRTC] 🎯 Stream already ready for participant: cmetcnw9e0000kuy9dooe536g
16:13:49.752 742-f5e44fb4de89ca72.js:1 [WebRTC] Creating peer connection for: cmetcnw9e0000kuy9dooe536g
16:13:49.752 742-f5e44fb4de89ca72.js:1 [WebRTC] ⚠️ Peer connection already exists for: cmetcnw9e0000kuy9dooe536g {connectionState: 'connected', iceConnectionState: 'connected', signalingState: 'stable'}
16:13:49.752 742-f5e44fb4de89ca72.js:1 [WebRTC] ✅ Reusing healthy existing connection for: cmetcnw9e0000kuy9dooe536g
16:13:49.752 742-f5e44fb4de89ca72.js:1 [WebRTC] Local stream ready with tracks: 2
16:13:49.752 742-f5e44fb4de89ca72.js:1 [WebRTC] 🔍 Peer connection senders before answer: 2
16:13:49.752 742-f5e44fb4de89ca72.js:1 [WebRTC]   Sender 0: {hasTrack: true, trackKind: 'audio', trackEnabled: true, trackReadyState: 'live'}
16:13:49.752 742-f5e44fb4de89ca72.js:1 [WebRTC]   Sender 1: {hasTrack: true, trackKind: 'video', trackEnabled: true, trackReadyState: 'live'}
16:13:49.752 742-f5e44fb4de89ca72.js:1 [WebRTC] Setting remote description from offer...
16:13:49.752 742-f5e44fb4de89ca72.js:1 [WebRTC] Current signaling state before setting remote offer: stable
16:13:49.757 742-f5e44fb4de89ca72.js:1 [WebRTC] Remote description set, applying any buffered ICE candidates
16:13:49.757 742-f5e44fb4de89ca72.js:1 [WebRTC] No buffered ICE candidates for: cmetcnw9e0000kuy9dooe536g
16:13:49.758 742-f5e44fb4de89ca72.js:1 [WebRTC] Creating answer with ultra-low-latency options...
16:13:49.765 742-f5e44fb4de89ca72.js:1 [WebRTC] 🚀 Optimizing SDP for ultra-low latency...
16:13:49.766 742-f5e44fb4de89ca72.js:1 [WebRTC] ✅ SDP optimized for ultra-low latency
16:13:49.766 742-f5e44fb4de89ca72.js:1 [WebRTC] Answer created and SDP optimized, analyzing...
16:13:49.766 742-f5e44fb4de89ca72.js:1 [WebRTC] 🔍 Answer SDP analysis: {hasAudio: true, hasVideo: true}
16:13:49.766 742-f5e44fb4de89ca72.js:1 [WebRTC] Setting local description with answer...
16:13:49.766 742-f5e44fb4de89ca72.js:1 [WebRTC] Current signaling state before setting local answer: have-remote-offer
16:13:49.772 742-f5e44fb4de89ca72.js:1 [WebRTC] 📡 Sending answer to: cmetcnw9e0000kuy9dooe536g
16:13:49.773 742-f5e44fb4de89ca72.js:1 [WebRTC] ✅ Answer successfully sent to: cmetcnw9e0000kuy9dooe536g
16:13:49.808 742-f5e44fb4de89ca72.js:1 [WebRTC] Received answer: {callId: 'call-1758096821929-j0m8cxwgf', fromUserId: 'cmetcnw9e0000kuy9dooe536g', ourCallId: null}
16:13:49.809 742-f5e44fb4de89ca72.js:1 [WebRTC] Ignoring answer for different call: call-1758096821929-j0m8cxwgf vs null
16:13:49.809 742-f5e44fb4de89ca72.js:1 [WebRTC] Received answer: {callId: 'call-1758096821929-j0m8cxwgf', fromUserId: 'cmetcnw9e0000kuy9dooe536g', ourCallId: 'call-1758096821929-j0m8cxwgf'}
16:13:49.809 742-f5e44fb4de89ca72.js:1 [WebRTC] Processing answer from: cmetcnw9e0000kuy9dooe536g
16:13:49.809 742-f5e44fb4de89ca72.js:1 [WebRTC] Current signaling state: stable
16:13:49.810 742-f5e44fb4de89ca72.js:1 [WebRTC] Invalid signaling state for answer: stable Expected: have-local-offer
handleRemoteAnswer @ 742-f5e44fb4de89ca72.js:1
x.emit @ 84-943c41e6dc0be2df.js:1
emitEvent @ 84-943c41e6dc0be2df.js:1
onevent @ 84-943c41e6dc0be2df.js:1
onpacket @ 84-943c41e6dc0be2df.js:1
x.emit @ 84-943c41e6dc0be2df.js:1
(anonymous) @ 84-943c41e6dc0be2df.js:1
Promise.then
(anonymous) @ 84-943c41e6dc0be2df.js:1
ondecoded @ 84-943c41e6dc0be2df.js:1
x.emit @ 84-943c41e6dc0be2df.js:1
add @ 84-943c41e6dc0be2df.js:1
ondata @ 84-943c41e6dc0be2df.js:1
x.emit @ 84-943c41e6dc0be2df.js:1
_onPacket @ 84-943c41e6dc0be2df.js:1
x.emit @ 84-943c41e6dc0be2df.js:1
onPacket @ 84-943c41e6dc0be2df.js:1
(anonymous) @ 84-943c41e6dc0be2df.js:1
onData @ 84-943c41e6dc0be2df.js:1
x.emit @ 84-943c41e6dc0be2df.js:1
_onLoad @ 84-943c41e6dc0be2df.js:1
s.onreadystatechange @ 84-943c41e6dc0be2df.js:1
XMLHttpRequest.send
_create @ 84-943c41e6dc0be2df.js:1
H @ 84-943c41e6dc0be2df.js:1
request @ 84-943c41e6dc0be2df.js:1
doPoll @ 84-943c41e6dc0be2df.js:1
_poll @ 84-943c41e6dc0be2df.js:1
onData @ 84-943c41e6dc0be2df.js:1
x.emit @ 84-943c41e6dc0be2df.js:1
_onLoad @ 84-943c41e6dc0be2df.js:1
s.onreadystatechange @ 84-943c41e6dc0be2df.js:1
XMLHttpRequest.send
_create @ 84-943c41e6dc0be2df.js:1
H @ 84-943c41e6dc0be2df.js:1
request @ 84-943c41e6dc0be2df.js:1
doPoll @ 84-943c41e6dc0be2df.js:1
_poll @ 84-943c41e6dc0be2df.js:1
onData @ 84-943c41e6dc0be2df.js:1
x.emit @ 84-943c41e6dc0be2df.js:1
_onLoad @ 84-943c41e6dc0be2df.js:1
s.onreadystatechange @ 84-943c41e6dc0be2df.js:1
XMLHttpRequest.send
_create @ 84-943c41e6dc0be2df.js:1
H @ 84-943c41e6dc0be2df.js:1
request @ 84-943c41e6dc0be2df.js:1
doPoll @ 84-943c41e6dc0be2df.js:1
_poll @ 84-943c41e6dc0be2df.js:1
onData @ 84-943c41e6dc0be2df.js:1
x.emit @ 84-943c41e6dc0be2df.js:1
_onLoad @ 84-943c41e6dc0be2df.js:1
s.onreadystatechange @ 84-943c41e6dc0be2df.js:1
XMLHttpRequest.send
_create @ 84-943c41e6dc0be2df.js:1
H @ 84-943c41e6dc0be2df.js:1
request @ 84-943c41e6dc0be2df.js:1
doPoll @ 84-943c41e6dc0be2df.js:1
_poll @ 84-943c41e6dc0be2df.js:1
onData @ 84-943c41e6dc0be2df.js:1
x.emit @ 84-943c41e6dc0be2df.js:1
_onLoad @ 84-943c41e6dc0be2df.js:1
s.onreadystatechange @ 84-943c41e6dc0be2df.js:1
XMLHttpRequest.send
_create @ 84-943c41e6dc0be2df.js:1
H @ 84-943c41e6dc0be2df.js:1
request @ 84-943c41e6dc0be2df.js:1
doPoll @ 84-943c41e6dc0be2df.js:1
_poll @ 84-943c41e6dc0be2df.js:1
onData @ 84-943c41e6dc0be2df.js:1
x.emit @ 84-943c41e6dc0be2df.js:1
_onLoad @ 84-943c41e6dc0be2df.js:1
s.onreadystatechange @ 84-943c41e6dc0be2df.js:1
XMLHttpRequest.send
_create @ 84-943c41e6dc0be2df.js:1
H @ 84-943c41e6dc0be2df.js:1
request @ 84-943c41e6dc0be2df.js:1
doPoll @ 84-943c41e6dc0be2df.js:1
_poll @ 84-943c41e6dc0be2df.js:1
onData @ 84-943c41e6dc0be2df.js:1
x.emit @ 84-943c41e6dc0be2df.js:1
_onLoad @ 84-943c41e6dc0be2df.js:1
s.onreadystatechange @ 84-943c41e6dc0be2df.js:1
XMLHttpRequest.send
_create @ 84-943c41e6dc0be2df.js:1
H @ 84-943c41e6dc0be2df.js:1
request @ 84-943c41e6dc0be2df.js:1
doPoll @ 84-943c41e6dc0be2df.js:1
_poll @ 84-943c41e6dc0be2df.js:1
onData @ 84-943c41e6dc0be2df.js:1
x.emit @ 84-943c41e6dc0be2df.js:1
_onLoad @ 84-943c41e6dc0be2df.js:1
s.onreadystatechange @ 84-943c41e6dc0be2df.js:1
XMLHttpRequest.send
_create @ 84-943c41e6dc0be2df.js:1
H @ 84-943c41e6dc0be2df.js:1
request @ 84-943c41e6dc0be2df.js:1
doPoll @ 84-943c41e6dc0be2df.js:1
_poll @ 84-943c41e6dc0be2df.js:1
onData @ 84-943c41e6dc0be2df.js:1
x.emit @ 84-943c41e6dc0be2df.js:1
_onLoad @ 84-943c41e6dc0be2df.js:1
s.onreadystatechange @ 84-943c41e6dc0be2df.js:1
XMLHttpRequest.send
_create @ 84-943c41e6dc0be2df.js:1
H @ 84-943c41e6dc0be2df.js:1
request @ 84-943c41e6dc0be2df.js:1
doPoll @ 84-943c41e6dc0be2df.js:1
_poll @ 84-943c41e6dc0be2df.js:1
onData @ 84-943c41e6dc0be2df.js:1
x.emit @ 84-943c41e6dc0be2df.js:1
_onLoad @ 84-943c41e6dc0be2df.js:1
s.onreadystatechange @ 84-943c41e6dc0be2df.js:1
XMLHttpRequest.send
_create @ 84-943c41e6dc0be2df.js:1
H @ 84-943c41e6dc0be2df.js:1
request @ 84-943c41e6dc0be2df.js:1
doPoll @ 84-943c41e6dc0be2df.js:1
_poll @ 84-943c41e6dc0be2df.js:1
onData @ 84-943c41e6dc0be2df.js:1
x.emit @ 84-943c41e6dc0be2df.js:1
_onLoad @ 84-943c41e6dc0be2df.js:1
s.onreadystatechange @ 84-943c41e6dc0be2df.js:1
XMLHttpRequest.send
_create @ 84-943c41e6dc0be2df.js:1
H @ 84-943c41e6dc0be2df.js:1
request @ 84-943c41e6dc0be2df.js:1
doPoll @ 84-943c41e6dc0be2df.js:1
_poll @ 84-943c41e6dc0be2df.js:1
onData @ 84-943c41e6dc0be2df.js:1
x.emit @ 84-943c41e6dc0be2df.js:1
_onLoad @ 84-943c41e6dc0be2df.js:1
s.onreadystatechange @ 84-943c41e6dc0be2df.js:1
XMLHttpRequest.send
_create @ 84-943c41e6dc0be2df.js:1
H @ 84-943c41e6dc0be2df.js:1
request @ 84-943c41e6dc0be2df.js:1
doPoll @ 84-943c41e6dc0be2df.js:1
_poll @ 84-943c41e6dc0be2df.js:1
onData @ 84-943c41e6dc0be2df.js:1
x.emit @ 84-943c41e6dc0be2df.js:1
_onLoad @ 84-943c41e6dc0be2df.js:1
s.onreadystatechange @ 84-943c41e6dc0be2df.js:1
XMLHttpRequest.send
_create @ 84-943c41e6dc0be2df.js:1
H @ 84-943c41e6dc0be2df.js:1
request @ 84-943c41e6dc0be2df.js:1
doPoll @ 84-943c41e6dc0be2df.js:1
_poll @ 84-943c41e6dc0be2df.js:1
onData @ 84-943c41e6dc0be2df.js:1
x.emit @ 84-943c41e6dc0be2df.js:1
_onLoad @ 84-943c41e6dc0be2df.js:1
s.onreadystatechange @ 84-943c41e6dc0be2df.js:1
XMLHttpRequest.send
_create @ 84-943c41e6dc0be2df.js:1
H @ 84-943c41e6dc0be2df.js:1
request @ 84-943c41e6dc0be2df.js:1
doPoll @ 84-943c41e6dc0be2df.js:1
_poll @ 84-943c41e6dc0be2df.js:1
onData @ 84-943c41e6dc0be2df.js:1
x.emit @ 84-943c41e6dc0be2df.js:1
_onLoad @ 84-943c41e6dc0be2df.js:1
s.onreadystatechange @ 84-943c41e6dc0be2df.js:1
XMLHttpRequest.send
_create @ 84-943c41e6dc0be2df.js:1
H @ 84-943c41e6dc0be2df.js:1
request @ 84-943c41e6dc0be2df.js:1
doPoll @ 84-943c41e6dc0be2df.js:1
_poll @ 84-943c41e6dc0be2df.js:1
onData @ 84-943c41e6dc0be2df.js:1
x.emit @ 84-943c41e6dc0be2df.js:1
_onLoad @ 84-943c41e6dc0be2df.js:1
s.onreadystatechange @ 84-943c41e6dc0be2df.js:1
XMLHttpRequest.send
_create @ 84-943c41e6dc0be2df.js:1
H @ 84-943c41e6dc0be2df.js:1
request @ 84-943c41e6dc0be2df.js:1
doPoll @ 84-943c41e6dc0be2df.js:1
_poll @ 84-943c41e6dc0be2df.js:1
onData @ 84-943c41e6dc0be2df.js:1
x.emit @ 84-943c41e6dc0be2df.js:1
_onLoad @ 84-943c41e6dc0be2df.js:1
s.onreadystatechange @ 84-943c41e6dc0be2df.js:1
XMLHttpRequest.send
_create @ 84-943c41e6dc0be2df.js:1
H @ 84-943c41e6dc0be2df.js:1
request @ 84-943c41e6dc0be2df.js:1
doPoll @ 84-943c41e6dc0be2df.js:1
_poll @ 84-943c41e6dc0be2df.js:1
onData @ 84-943c41e6dc0be2df.js:1
x.emit @ 84-943c41e6dc0be2df.js:1
_onLoad @ 84-943c41e6dc0be2df.js:1
s.onreadystatechange @ 84-943c41e6dc0be2df.js:1
XMLHttpRequest.send
_create @ 84-943c41e6dc0be2df.js:1
H @ 84-943c41e6dc0be2df.js:1
request @ 84-943c41e6dc0be2df.js:1
doPoll @ 84-943c41e6dc0be2df.js:1
_poll @ 84-943c41e6dc0be2df.js:1
onData @ 84-943c41e6dc0be2df.js:1
x.emit @ 84-943c41e6dc0be2df.js:1
_onLoad @ 84-943c41e6dc0be2df.js:1
s.onreadystatechange @ 84-943c41e6dc0be2df.js:1
XMLHttpRequest.send
_create @ 84-943c41e6dc0be2df.js:1
H @ 84-943c41e6dc0be2df.js:1
request @ 84-943c41e6dc0be2df.js:1
doPoll @ 84-943c41e6dc0be2df.js:1
_poll @ 84-943c41e6dc0be2df.js:1
onData @ 84-943c41e6dc0be2df.js:1
x.emit @ 84-943c41e6dc0be2df.js:1
_onLoad @ 84-943c41e6dc0be2df.js:1
s.onreadystatechange @ 84-943c41e6dc0be2df.js:1
XMLHttpRequest.send
_create @ 84-943c41e6dc0be2df.js:1
H @ 84-943c41e6dc0be2df.js:1
request @ 84-943c41e6dc0be2df.js:1
doPoll @ 84-943c41e6dc0be2df.js:1
_poll @ 84-943c41e6dc0be2df.js:1
onData @ 84-943c41e6dc0be2df.js:1
x.emit @ 84-943c41e6dc0be2df.js:1
_onLoad @ 84-943c41e6dc0be2df.js:1
s.onreadystatechange @ 84-943c41e6dc0be2df.js:1
XMLHttpRequest.send
_create @ 84-943c41e6dc0be2df.js:1
H @ 84-943c41e6dc0be2df.js:1
request @ 84-943c41e6dc0be2df.js:1
doPoll @ 84-943c41e6dc0be2df.js:1
_poll @ 84-943c41e6dc0be2df.js:1
onData @ 84-943c41e6dc0be2df.js:1
x.emit @ 84-943c41e6dc0be2df.js:1
_onLoad @ 84-943c41e6dc0be2df.js:1
s.onreadystatechange @ 84-943c41e6dc0be2df.js:1
XMLHttpRequest.send
_create @ 84-943c41e6dc0be2df.js:1
H @ 84-943c41e6dc0be2df.js:1
request @ 84-943c41e6dc0be2df.js:1
doPoll @ 84-943c41e6dc0be2df.js:1
_poll @ 84-943c41e6dc0be2df.js:1
onData @ 84-943c41e6dc0be2df.js:1
x.emit @ 84-943c41e6dc0be2df.js:1
_onLoad @ 84-943c41e6dc0be2df.js:1
s.onreadystatechange @ 84-943c41e6dc0be2df.js:1
XMLHttpRequest.send
_create @ 84-943c41e6dc0be2df.js:1
H @ 84-943c41e6dc0be2df.js:1
request @ 84-943c41e6dc0be2df.js:1
doPoll @ 84-943c41e6dc0be2df.js:1
_poll @ 84-943c41e6dc0be2df.js:1
onData @ 84-943c41e6dc0be2df.js:1
x.emit @ 84-943c41e6dc0be2df.js:1
_onLoad @ 84-943c41e6dc0be2df.js:1
s.onreadystatechange @ 84-943c41e6dc0be2df.js:1
XMLHttpRequest.send
_create @ 84-943c41e6dc0be2df.js:1
H @ 84-943c41e6dc0be2df.js:1
request @ 84-943c41e6dc0be2df.js:1
doPoll @ 84-943c41e6dc0be2df.js:1
_poll @ 84-943c41e6dc0be2df.js:1
onData @ 84-943c41e6dc0be2df.js:1
x.emit @ 84-943c41e6dc0be2df.js:1
_onLoad @ 84-943c41e6dc0be2df.js:1
s.onreadystatechange @ 84-943c41e6dc0be2df.js:1
XMLHttpRequest.send
_create @ 84-943c41e6dc0be2df.js:1
H @ 84-943c41e6dc0be2df.js:1
request @ 84-943c41e6dc0be2df.js:1
doPoll @ 84-943c41e6dc0be2df.js:1
_poll @ 84-943c41e6dc0be2df.js:1
onData @ 84-943c41e6dc0be2df.js:1
x.emit @ 84-943c41e6dc0be2df.js:1
_onLoad @ 84-943c41e6dc0be2df.js:1
s.onreadystatechange @ 84-943c41e6dc0be2df.js:1
XMLHttpRequest.send
_create @ 84-943c41e6dc0be2df.js:1
H @ 84-943c41e6dc0be2df.js:1
request @ 84-943c41e6dc0be2df.js:1
doPoll @ 84-943c41e6dc0be2df.js:1
_poll @ 84-943c41e6dc0be2df.js:1
onData @ 84-943c41e6dc0be2df.js:1
x.emit @ 84-943c41e6dc0be2df.js:1
_onLoad @ 84-943c41e6dc0be2df.js:1
s.onreadystatechange @ 84-943c41e6dc0be2df.js:1
XMLHttpRequest.send
_create @ 84-943c41e6dc0be2df.js:1
H @ 84-943c41e6dc0be2df.js:1
request @ 84-943c41e6dc0be2df.js:1
doPoll @ 84-943c41e6dc0be2df.js:1
_poll @ 84-943c41e6dc0be2df.js:1
onData @ 84-943c41e6dc0be2df.js:1
x.emit @ 84-943c41e6dc0be2df.js:1
_onLoad @ 84-943c41e6dc0be2df.js:1
s.onreadystatechange @ 84-943c41e6dc0be2df.js:1
XMLHttpRequest.send
_create @ 84-943c41e6dc0be2df.js:1
H @ 84-943c41e6dc0be2df.js:1
request @ 84-943c41e6dc0be2df.js:1
doPoll @ 84-943c41e6dc0be2df.js:1
_poll @ 84-943c41e6dc0be2df.js:1
onData @ 84-943c41e6dc0be2df.js:1
x.emit @ 84-943c41e6dc0be2df.js:1
_onLoad @ 84-943c41e6dc0be2df.js:1
s.onreadystatechange @ 84-943c41e6dc0be2df.js:1
XMLHttpRequest.send
_create @ 84-943c41e6dc0be2df.js:1
H @ 84-943c41e6dc0be2df.js:1
request @ 84-943c41e6dc0be2df.js:1
doPoll @ 84-943c41e6dc0be2df.js:1
_poll @ 84-943c41e6dc0be2df.js:1
onData @ 84-943c41e6dc0be2df.js:1
x.emit @ 84-943c41e6dc0be2df.js:1
_onLoad @ 84-943c41e6dc0be2df.js:1
s.onreadystatechange @ 84-943c41e6dc0be2df.js:1
XMLHttpRequest.send
_create @ 84-943c41e6dc0be2df.js:1
H @ 84-943c41e6dc0be2df.js:1
request @ 84-943c41e6dc0be2df.js:1
doPoll @ 84-943c41e6dc0be2df.js:1
_poll @ 84-943c41e6dc0be2df.js:1
onData @ 84-943c41e6dc0be2df.js:1
x.emit @ 84-943c41e6dc0be2df.js:1
_onLoad @ 84-943c41e6dc0be2df.js:1
s.onreadystatechange @ 84-943c41e6dc0be2df.js:1
XMLHttpRequest.send
_create @ 84-943c41e6dc0be2df.js:1
H @ 84-943c41e6dc0be2df.js:1
request @ 84-943c41e6dc0be2df.js:1
doPoll @ 84-943c41e6dc0be2df.js:1
_poll @ 84-943c41e6dc0be2df.js:1
doOpen @ 84-943c41e6dc0be2df.js:1
open @ 84-943c41e6dc0be2df.js:1
_open @ 84-943c41e6dc0be2df.js:1
tn @ 84-943c41e6dc0be2df.js:1
to @ 84-943c41e6dc0be2df.js:1
ta @ 84-943c41e6dc0be2df.js:1
open @ 84-943c41e6dc0be2df.js:1
tA @ 84-943c41e6dc0be2df.js:1
tO @ 84-943c41e6dc0be2df.js:1
(anonymous) @ 742-f5e44fb4de89ca72.js:1
(anonymous) @ 742-f5e44fb4de89ca72.js:1
aW @ fd9d1056-7acf5ff0c83da7db.js:1
oe @ fd9d1056-7acf5ff0c83da7db.js:1
ol @ fd9d1056-7acf5ff0c83da7db.js:1
or @ fd9d1056-7acf5ff0c83da7db.js:1
ol @ fd9d1056-7acf5ff0c83da7db.js:1
or @ fd9d1056-7acf5ff0c83da7db.js:1
ol @ fd9d1056-7acf5ff0c83da7db.js:1
or @ fd9d1056-7acf5ff0c83da7db.js:1
ol @ fd9d1056-7acf5ff0c83da7db.js:1
or @ fd9d1056-7acf5ff0c83da7db.js:1
ol @ fd9d1056-7acf5ff0c83da7db.js:1
or @ fd9d1056-7acf5ff0c83da7db.js:1
ol @ fd9d1056-7acf5ff0c83da7db.js:1
or @ fd9d1056-7acf5ff0c83da7db.js:1
ol @ fd9d1056-7acf5ff0c83da7db.js:1
or @ fd9d1056-7acf5ff0c83da7db.js:1
ol @ fd9d1056-7acf5ff0c83da7db.js:1
or @ fd9d1056-7acf5ff0c83da7db.js:1
ol @ fd9d1056-7acf5ff0c83da7db.js:1
or @ fd9d1056-7acf5ff0c83da7db.js:1
ol @ fd9d1056-7acf5ff0c83da7db.js:1
or @ fd9d1056-7acf5ff0c83da7db.js:1
ol @ fd9d1056-7acf5ff0c83da7db.js:1
or @ fd9d1056-7acf5ff0c83da7db.js:1
ol @ fd9d1056-7acf5ff0c83da7db.js:1
or @ fd9d1056-7acf5ff0c83da7db.js:1
ol @ fd9d1056-7acf5ff0c83da7db.js:1
or @ fd9d1056-7acf5ff0c83da7db.js:1
ol @ fd9d1056-7acf5ff0c83da7db.js:1
or @ fd9d1056-7acf5ff0c83da7db.js:1
ol @ fd9d1056-7acf5ff0c83da7db.js:1
or @ fd9d1056-7acf5ff0c83da7db.js:1
ol @ fd9d1056-7acf5ff0c83da7db.js:1
or @ fd9d1056-7acf5ff0c83da7db.js:1
ol @ fd9d1056-7acf5ff0c83da7db.js:1
or @ fd9d1056-7acf5ff0c83da7db.js:1
ol @ fd9d1056-7acf5ff0c83da7db.js:1
or @ fd9d1056-7acf5ff0c83da7db.js:1
ol @ fd9d1056-7acf5ff0c83da7db.js:1
or @ fd9d1056-7acf5ff0c83da7db.js:1
ol @ fd9d1056-7acf5ff0c83da7db.js:1
or @ fd9d1056-7acf5ff0c83da7db.js:1
ol @ fd9d1056-7acf5ff0c83da7db.js:1
or @ fd9d1056-7acf5ff0c83da7db.js:1
ol @ fd9d1056-7acf5ff0c83da7db.js:1
or @ fd9d1056-7acf5ff0c83da7db.js:1
ol @ fd9d1056-7acf5ff0c83da7db.js:1
or @ fd9d1056-7acf5ff0c83da7db.js:1
ol @ fd9d1056-7acf5ff0c83da7db.js:1
or @ fd9d1056-7acf5ff0c83da7db.js:1
ol @ fd9d1056-7acf5ff0c83da7db.js:1
or @ fd9d1056-7acf5ff0c83da7db.js:1
ol @ fd9d1056-7acf5ff0c83da7db.js:1
or @ fd9d1056-7acf5ff0c83da7db.js:1
ol @ fd9d1056-7acf5ff0c83da7db.js:1
or @ fd9d1056-7acf5ff0c83da7db.js:1
ol @ fd9d1056-7acf5ff0c83da7db.js:1
or @ fd9d1056-7acf5ff0c83da7db.js:1
ol @ fd9d1056-7acf5ff0c83da7db.js:1
or @ fd9d1056-7acf5ff0c83da7db.js:1
ol @ fd9d1056-7acf5ff0c83da7db.js:1
id @ fd9d1056-7acf5ff0c83da7db.js:1
o @ fd9d1056-7acf5ff0c83da7db.js:1
T @ 117-95e74743b4de7ddb.js:1
16:13:49.811 742-f5e44fb4de89ca72.js:1 [WebRTC] Attempting to recover by recreating peer connection
16:13:49.811 742-f5e44fb4de89ca72.js:1 [WebRTC] 🔍 Connection closure requested for: cmetcnw9e0000kuy9dooe536g {connectionState: 'connected', iceConnectionState: 'connected', signalingState: 'stable', localDescription: true, remoteDescription: true, …}
16:13:49.811 742-f5e44fb4de89ca72.js:1 [WebRTC] ⚠️ PREVENTING closure of healthy connection for: cmetcnw9e0000kuy9dooe536g State: connected ICE: connected
closePeerConnection @ 742-f5e44fb4de89ca72.js:1
handleRemoteAnswer @ 742-f5e44fb4de89ca72.js:1
x.emit @ 84-943c41e6dc0be2df.js:1
emitEvent @ 84-943c41e6dc0be2df.js:1
onevent @ 84-943c41e6dc0be2df.js:1
onpacket @ 84-943c41e6dc0be2df.js:1
x.emit @ 84-943c41e6dc0be2df.js:1
(anonymous) @ 84-943c41e6dc0be2df.js:1
Promise.then
(anonymous) @ 84-943c41e6dc0be2df.js:1
ondecoded @ 84-943c41e6dc0be2df.js:1
x.emit @ 84-943c41e6dc0be2df.js:1
add @ 84-943c41e6dc0be2df.js:1
ondata @ 84-943c41e6dc0be2df.js:1
x.emit @ 84-943c41e6dc0be2df.js:1
_onPacket @ 84-943c41e6dc0be2df.js:1
x.emit @ 84-943c41e6dc0be2df.js:1
onPacket @ 84-943c41e6dc0be2df.js:1
(anonymous) @ 84-943c41e6dc0be2df.js:1
onData @ 84-943c41e6dc0be2df.js:1
x.emit @ 84-943c41e6dc0be2df.js:1
_onLoad @ 84-943c41e6dc0be2df.js:1
s.onreadystatechange @ 84-943c41e6dc0be2df.js:1
XMLHttpRequest.send
_create @ 84-943c41e6dc0be2df.js:1
H @ 84-943c41e6dc0be2df.js:1
request @ 84-943c41e6dc0be2df.js:1
doPoll @ 84-943c41e6dc0be2df.js:1
_poll @ 84-943c41e6dc0be2df.js:1
onData @ 84-943c41e6dc0be2df.js:1
x.emit @ 84-943c41e6dc0be2df.js:1
_onLoad @ 84-943c41e6dc0be2df.js:1
s.onreadystatechange @ 84-943c41e6dc0be2df.js:1
XMLHttpRequest.send
_create @ 84-943c41e6dc0be2df.js:1
H @ 84-943c41e6dc0be2df.js:1
request @ 84-943c41e6dc0be2df.js:1
doPoll @ 84-943c41e6dc0be2df.js:1
_poll @ 84-943c41e6dc0be2df.js:1
onData @ 84-943c41e6dc0be2df.js:1
x.emit @ 84-943c41e6dc0be2df.js:1
_onLoad @ 84-943c41e6dc0be2df.js:1
s.onreadystatechange @ 84-943c41e6dc0be2df.js:1
XMLHttpRequest.send
_create @ 84-943c41e6dc0be2df.js:1
H @ 84-943c41e6dc0be2df.js:1
request @ 84-943c41e6dc0be2df.js:1
doPoll @ 84-943c41e6dc0be2df.js:1
_poll @ 84-943c41e6dc0be2df.js:1
onData @ 84-943c41e6dc0be2df.js:1
x.emit @ 84-943c41e6dc0be2df.js:1
_onLoad @ 84-943c41e6dc0be2df.js:1
s.onreadystatechange @ 84-943c41e6dc0be2df.js:1
XMLHttpRequest.send
_create @ 84-943c41e6dc0be2df.js:1
H @ 84-943c41e6dc0be2df.js:1
request @ 84-943c41e6dc0be2df.js:1
doPoll @ 84-943c41e6dc0be2df.js:1
_poll @ 84-943c41e6dc0be2df.js:1
onData @ 84-943c41e6dc0be2df.js:1
x.emit @ 84-943c41e6dc0be2df.js:1
_onLoad @ 84-943c41e6dc0be2df.js:1
s.onreadystatechange @ 84-943c41e6dc0be2df.js:1
XMLHttpRequest.send
_create @ 84-943c41e6dc0be2df.js:1
H @ 84-943c41e6dc0be2df.js:1
request @ 84-943c41e6dc0be2df.js:1
doPoll @ 84-943c41e6dc0be2df.js:1
_poll @ 84-943c41e6dc0be2df.js:1
onData @ 84-943c41e6dc0be2df.js:1
x.emit @ 84-943c41e6dc0be2df.js:1
_onLoad @ 84-943c41e6dc0be2df.js:1
s.onreadystatechange @ 84-943c41e6dc0be2df.js:1
XMLHttpRequest.send
_create @ 84-943c41e6dc0be2df.js:1
H @ 84-943c41e6dc0be2df.js:1
request @ 84-943c41e6dc0be2df.js:1
doPoll @ 84-943c41e6dc0be2df.js:1
_poll @ 84-943c41e6dc0be2df.js:1
onData @ 84-943c41e6dc0be2df.js:1
x.emit @ 84-943c41e6dc0be2df.js:1
_onLoad @ 84-943c41e6dc0be2df.js:1
s.onreadystatechange @ 84-943c41e6dc0be2df.js:1
XMLHttpRequest.send
_create @ 84-943c41e6dc0be2df.js:1
H @ 84-943c41e6dc0be2df.js:1
request @ 84-943c41e6dc0be2df.js:1
doPoll @ 84-943c41e6dc0be2df.js:1
_poll @ 84-943c41e6dc0be2df.js:1
onData @ 84-943c41e6dc0be2df.js:1
x.emit @ 84-943c41e6dc0be2df.js:1
_onLoad @ 84-943c41e6dc0be2df.js:1
s.onreadystatechange @ 84-943c41e6dc0be2df.js:1
XMLHttpRequest.send
_create @ 84-943c41e6dc0be2df.js:1
H @ 84-943c41e6dc0be2df.js:1
request @ 84-943c41e6dc0be2df.js:1
doPoll @ 84-943c41e6dc0be2df.js:1
_poll @ 84-943c41e6dc0be2df.js:1
onData @ 84-943c41e6dc0be2df.js:1
x.emit @ 84-943c41e6dc0be2df.js:1
_onLoad @ 84-943c41e6dc0be2df.js:1
s.onreadystatechange @ 84-943c41e6dc0be2df.js:1
XMLHttpRequest.send
_create @ 84-943c41e6dc0be2df.js:1
H @ 84-943c41e6dc0be2df.js:1
request @ 84-943c41e6dc0be2df.js:1
doPoll @ 84-943c41e6dc0be2df.js:1
_poll @ 84-943c41e6dc0be2df.js:1
onData @ 84-943c41e6dc0be2df.js:1
x.emit @ 84-943c41e6dc0be2df.js:1
_onLoad @ 84-943c41e6dc0be2df.js:1
s.onreadystatechange @ 84-943c41e6dc0be2df.js:1
XMLHttpRequest.send
_create @ 84-943c41e6dc0be2df.js:1
H @ 84-943c41e6dc0be2df.js:1
request @ 84-943c41e6dc0be2df.js:1
doPoll @ 84-943c41e6dc0be2df.js:1
_poll @ 84-943c41e6dc0be2df.js:1
onData @ 84-943c41e6dc0be2df.js:1
x.emit @ 84-943c41e6dc0be2df.js:1
_onLoad @ 84-943c41e6dc0be2df.js:1
s.onreadystatechange @ 84-943c41e6dc0be2df.js:1
XMLHttpRequest.send
_create @ 84-943c41e6dc0be2df.js:1
H @ 84-943c41e6dc0be2df.js:1
request @ 84-943c41e6dc0be2df.js:1
doPoll @ 84-943c41e6dc0be2df.js:1
_poll @ 84-943c41e6dc0be2df.js:1
onData @ 84-943c41e6dc0be2df.js:1
x.emit @ 84-943c41e6dc0be2df.js:1
_onLoad @ 84-943c41e6dc0be2df.js:1
s.onreadystatechange @ 84-943c41e6dc0be2df.js:1
XMLHttpRequest.send
_create @ 84-943c41e6dc0be2df.js:1
H @ 84-943c41e6dc0be2df.js:1
request @ 84-943c41e6dc0be2df.js:1
doPoll @ 84-943c41e6dc0be2df.js:1
_poll @ 84-943c41e6dc0be2df.js:1
onData @ 84-943c41e6dc0be2df.js:1
x.emit @ 84-943c41e6dc0be2df.js:1
_onLoad @ 84-943c41e6dc0be2df.js:1
s.onreadystatechange @ 84-943c41e6dc0be2df.js:1
XMLHttpRequest.send
_create @ 84-943c41e6dc0be2df.js:1
H @ 84-943c41e6dc0be2df.js:1
request @ 84-943c41e6dc0be2df.js:1
doPoll @ 84-943c41e6dc0be2df.js:1
_poll @ 84-943c41e6dc0be2df.js:1
onData @ 84-943c41e6dc0be2df.js:1
x.emit @ 84-943c41e6dc0be2df.js:1
_onLoad @ 84-943c41e6dc0be2df.js:1
s.onreadystatechange @ 84-943c41e6dc0be2df.js:1
XMLHttpRequest.send
_create @ 84-943c41e6dc0be2df.js:1
H @ 84-943c41e6dc0be2df.js:1
request @ 84-943c41e6dc0be2df.js:1
doPoll @ 84-943c41e6dc0be2df.js:1
_poll @ 84-943c41e6dc0be2df.js:1
onData @ 84-943c41e6dc0be2df.js:1
x.emit @ 84-943c41e6dc0be2df.js:1
_onLoad @ 84-943c41e6dc0be2df.js:1
s.onreadystatechange @ 84-943c41e6dc0be2df.js:1
XMLHttpRequest.send
_create @ 84-943c41e6dc0be2df.js:1
H @ 84-943c41e6dc0be2df.js:1
request @ 84-943c41e6dc0be2df.js:1
doPoll @ 84-943c41e6dc0be2df.js:1
_poll @ 84-943c41e6dc0be2df.js:1
onData @ 84-943c41e6dc0be2df.js:1
x.emit @ 84-943c41e6dc0be2df.js:1
_onLoad @ 84-943c41e6dc0be2df.js:1
s.onreadystatechange @ 84-943c41e6dc0be2df.js:1
XMLHttpRequest.send
_create @ 84-943c41e6dc0be2df.js:1
H @ 84-943c41e6dc0be2df.js:1
request @ 84-943c41e6dc0be2df.js:1
doPoll @ 84-943c41e6dc0be2df.js:1
_poll @ 84-943c41e6dc0be2df.js:1
onData @ 84-943c41e6dc0be2df.js:1
x.emit @ 84-943c41e6dc0be2df.js:1
_onLoad @ 84-943c41e6dc0be2df.js:1
s.onreadystatechange @ 84-943c41e6dc0be2df.js:1
XMLHttpRequest.send
_create @ 84-943c41e6dc0be2df.js:1
H @ 84-943c41e6dc0be2df.js:1
request @ 84-943c41e6dc0be2df.js:1
doPoll @ 84-943c41e6dc0be2df.js:1
_poll @ 84-943c41e6dc0be2df.js:1
onData @ 84-943c41e6dc0be2df.js:1
x.emit @ 84-943c41e6dc0be2df.js:1
_onLoad @ 84-943c41e6dc0be2df.js:1
s.onreadystatechange @ 84-943c41e6dc0be2df.js:1
XMLHttpRequest.send
_create @ 84-943c41e6dc0be2df.js:1
H @ 84-943c41e6dc0be2df.js:1
request @ 84-943c41e6dc0be2df.js:1
doPoll @ 84-943c41e6dc0be2df.js:1
_poll @ 84-943c41e6dc0be2df.js:1
onData @ 84-943c41e6dc0be2df.js:1
x.emit @ 84-943c41e6dc0be2df.js:1
_onLoad @ 84-943c41e6dc0be2df.js:1
s.onreadystatechange @ 84-943c41e6dc0be2df.js:1
XMLHttpRequest.send
_create @ 84-943c41e6dc0be2df.js:1
H @ 84-943c41e6dc0be2df.js:1
request @ 84-943c41e6dc0be2df.js:1
doPoll @ 84-943c41e6dc0be2df.js:1
_poll @ 84-943c41e6dc0be2df.js:1
onData @ 84-943c41e6dc0be2df.js:1
x.emit @ 84-943c41e6dc0be2df.js:1
_onLoad @ 84-943c41e6dc0be2df.js:1
s.onreadystatechange @ 84-943c41e6dc0be2df.js:1
XMLHttpRequest.send
_create @ 84-943c41e6dc0be2df.js:1
H @ 84-943c41e6dc0be2df.js:1
request @ 84-943c41e6dc0be2df.js:1
doPoll @ 84-943c41e6dc0be2df.js:1
_poll @ 84-943c41e6dc0be2df.js:1
onData @ 84-943c41e6dc0be2df.js:1
x.emit @ 84-943c41e6dc0be2df.js:1
_onLoad @ 84-943c41e6dc0be2df.js:1
s.onreadystatechange @ 84-943c41e6dc0be2df.js:1
XMLHttpRequest.send
_create @ 84-943c41e6dc0be2df.js:1
H @ 84-943c41e6dc0be2df.js:1
request @ 84-943c41e6dc0be2df.js:1
doPoll @ 84-943c41e6dc0be2df.js:1
_poll @ 84-943c41e6dc0be2df.js:1
onData @ 84-943c41e6dc0be2df.js:1
x.emit @ 84-943c41e6dc0be2df.js:1
_onLoad @ 84-943c41e6dc0be2df.js:1
s.onreadystatechange @ 84-943c41e6dc0be2df.js:1
XMLHttpRequest.send
_create @ 84-943c41e6dc0be2df.js:1
H @ 84-943c41e6dc0be2df.js:1
request @ 84-943c41e6dc0be2df.js:1
doPoll @ 84-943c41e6dc0be2df.js:1
_poll @ 84-943c41e6dc0be2df.js:1
onData @ 84-943c41e6dc0be2df.js:1
x.emit @ 84-943c41e6dc0be2df.js:1
_onLoad @ 84-943c41e6dc0be2df.js:1
s.onreadystatechange @ 84-943c41e6dc0be2df.js:1
XMLHttpRequest.send
_create @ 84-943c41e6dc0be2df.js:1
H @ 84-943c41e6dc0be2df.js:1
request @ 84-943c41e6dc0be2df.js:1
doPoll @ 84-943c41e6dc0be2df.js:1
_poll @ 84-943c41e6dc0be2df.js:1
onData @ 84-943c41e6dc0be2df.js:1
x.emit @ 84-943c41e6dc0be2df.js:1
_onLoad @ 84-943c41e6dc0be2df.js:1
s.onreadystatechange @ 84-943c41e6dc0be2df.js:1
XMLHttpRequest.send
_create @ 84-943c41e6dc0be2df.js:1
H @ 84-943c41e6dc0be2df.js:1
request @ 84-943c41e6dc0be2df.js:1
doPoll @ 84-943c41e6dc0be2df.js:1
_poll @ 84-943c41e6dc0be2df.js:1
onData @ 84-943c41e6dc0be2df.js:1
x.emit @ 84-943c41e6dc0be2df.js:1
_onLoad @ 84-943c41e6dc0be2df.js:1
s.onreadystatechange @ 84-943c41e6dc0be2df.js:1
XMLHttpRequest.send
_create @ 84-943c41e6dc0be2df.js:1
H @ 84-943c41e6dc0be2df.js:1
request @ 84-943c41e6dc0be2df.js:1
doPoll @ 84-943c41e6dc0be2df.js:1
_poll @ 84-943c41e6dc0be2df.js:1
onData @ 84-943c41e6dc0be2df.js:1
x.emit @ 84-943c41e6dc0be2df.js:1
_onLoad @ 84-943c41e6dc0be2df.js:1
s.onreadystatechange @ 84-943c41e6dc0be2df.js:1
XMLHttpRequest.send
_create @ 84-943c41e6dc0be2df.js:1
H @ 84-943c41e6dc0be2df.js:1
request @ 84-943c41e6dc0be2df.js:1
doPoll @ 84-943c41e6dc0be2df.js:1
_poll @ 84-943c41e6dc0be2df.js:1
onData @ 84-943c41e6dc0be2df.js:1
x.emit @ 84-943c41e6dc0be2df.js:1
_onLoad @ 84-943c41e6dc0be2df.js:1
s.onreadystatechange @ 84-943c41e6dc0be2df.js:1
XMLHttpRequest.send
_create @ 84-943c41e6dc0be2df.js:1
H @ 84-943c41e6dc0be2df.js:1
request @ 84-943c41e6dc0be2df.js:1
doPoll @ 84-943c41e6dc0be2df.js:1
_poll @ 84-943c41e6dc0be2df.js:1
onData @ 84-943c41e6dc0be2df.js:1
x.emit @ 84-943c41e6dc0be2df.js:1
_onLoad @ 84-943c41e6dc0be2df.js:1
s.onreadystatechange @ 84-943c41e6dc0be2df.js:1
XMLHttpRequest.send
_create @ 84-943c41e6dc0be2df.js:1
H @ 84-943c41e6dc0be2df.js:1
request @ 84-943c41e6dc0be2df.js:1
doPoll @ 84-943c41e6dc0be2df.js:1
_poll @ 84-943c41e6dc0be2df.js:1
onData @ 84-943c41e6dc0be2df.js:1
x.emit @ 84-943c41e6dc0be2df.js:1
_onLoad @ 84-943c41e6dc0be2df.js:1
s.onreadystatechange @ 84-943c41e6dc0be2df.js:1
XMLHttpRequest.send
_create @ 84-943c41e6dc0be2df.js:1
H @ 84-943c41e6dc0be2df.js:1
request @ 84-943c41e6dc0be2df.js:1
doPoll @ 84-943c41e6dc0be2df.js:1
_poll @ 84-943c41e6dc0be2df.js:1
onData @ 84-943c41e6dc0be2df.js:1
x.emit @ 84-943c41e6dc0be2df.js:1
_onLoad @ 84-943c41e6dc0be2df.js:1
s.onreadystatechange @ 84-943c41e6dc0be2df.js:1
XMLHttpRequest.send
_create @ 84-943c41e6dc0be2df.js:1
H @ 84-943c41e6dc0be2df.js:1
request @ 84-943c41e6dc0be2df.js:1
doPoll @ 84-943c41e6dc0be2df.js:1
_poll @ 84-943c41e6dc0be2df.js:1
onData @ 84-943c41e6dc0be2df.js:1
x.emit @ 84-943c41e6dc0be2df.js:1
_onLoad @ 84-943c41e6dc0be2df.js:1
s.onreadystatechange @ 84-943c41e6dc0be2df.js:1
XMLHttpRequest.send
_create @ 84-943c41e6dc0be2df.js:1
H @ 84-943c41e6dc0be2df.js:1
request @ 84-943c41e6dc0be2df.js:1
doPoll @ 84-943c41e6dc0be2df.js:1
_poll @ 84-943c41e6dc0be2df.js:1
doOpen @ 84-943c41e6dc0be2df.js:1
open @ 84-943c41e6dc0be2df.js:1
_open @ 84-943c41e6dc0be2df.js:1
tn @ 84-943c41e6dc0be2df.js:1
to @ 84-943c41e6dc0be2df.js:1
ta @ 84-943c41e6dc0be2df.js:1
open @ 84-943c41e6dc0be2df.js:1
tA @ 84-943c41e6dc0be2df.js:1
tO @ 84-943c41e6dc0be2df.js:1
(anonymous) @ 742-f5e44fb4de89ca72.js:1
(anonymous) @ 742-f5e44fb4de89ca72.js:1
aW @ fd9d1056-7acf5ff0c83da7db.js:1
oe @ fd9d1056-7acf5ff0c83da7db.js:1
ol @ fd9d1056-7acf5ff0c83da7db.js:1
or @ fd9d1056-7acf5ff0c83da7db.js:1
ol @ fd9d1056-7acf5ff0c83da7db.js:1
or @ fd9d1056-7acf5ff0c83da7db.js:1
ol @ fd9d1056-7acf5ff0c83da7db.js:1
or @ fd9d1056-7acf5ff0c83da7db.js:1
ol @ fd9d1056-7acf5ff0c83da7db.js:1
or @ fd9d1056-7acf5ff0c83da7db.js:1
ol @ fd9d1056-7acf5ff0c83da7db.js:1
or @ fd9d1056-7acf5ff0c83da7db.js:1
ol @ fd9d1056-7acf5ff0c83da7db.js:1
or @ fd9d1056-7acf5ff0c83da7db.js:1
ol @ fd9d1056-7acf5ff0c83da7db.js:1
or @ fd9d1056-7acf5ff0c83da7db.js:1
ol @ fd9d1056-7acf5ff0c83da7db.js:1
or @ fd9d1056-7acf5ff0c83da7db.js:1
ol @ fd9d1056-7acf5ff0c83da7db.js:1
or @ fd9d1056-7acf5ff0c83da7db.js:1
ol @ fd9d1056-7acf5ff0c83da7db.js:1
or @ fd9d1056-7acf5ff0c83da7db.js:1
ol @ fd9d1056-7acf5ff0c83da7db.js:1
or @ fd9d1056-7acf5ff0c83da7db.js:1
ol @ fd9d1056-7acf5ff0c83da7db.js:1
or @ fd9d1056-7acf5ff0c83da7db.js:1
ol @ fd9d1056-7acf5ff0c83da7db.js:1
or @ fd9d1056-7acf5ff0c83da7db.js:1
ol @ fd9d1056-7acf5ff0c83da7db.js:1
or @ fd9d1056-7acf5ff0c83da7db.js:1
ol @ fd9d1056-7acf5ff0c83da7db.js:1
or @ fd9d1056-7acf5ff0c83da7db.js:1
ol @ fd9d1056-7acf5ff0c83da7db.js:1
or @ fd9d1056-7acf5ff0c83da7db.js:1
ol @ fd9d1056-7acf5ff0c83da7db.js:1
or @ fd9d1056-7acf5ff0c83da7db.js:1
ol @ fd9d1056-7acf5ff0c83da7db.js:1
or @ fd9d1056-7acf5ff0c83da7db.js:1
ol @ fd9d1056-7acf5ff0c83da7db.js:1
or @ fd9d1056-7acf5ff0c83da7db.js:1
ol @ fd9d1056-7acf5ff0c83da7db.js:1
or @ fd9d1056-7acf5ff0c83da7db.js:1
ol @ fd9d1056-7acf5ff0c83da7db.js:1
or @ fd9d1056-7acf5ff0c83da7db.js:1
ol @ fd9d1056-7acf5ff0c83da7db.js:1
or @ fd9d1056-7acf5ff0c83da7db.js:1
ol @ fd9d1056-7acf5ff0c83da7db.js:1
or @ fd9d1056-7acf5ff0c83da7db.js:1
ol @ fd9d1056-7acf5ff0c83da7db.js:1
or @ fd9d1056-7acf5ff0c83da7db.js:1
ol @ fd9d1056-7acf5ff0c83da7db.js:1
or @ fd9d1056-7acf5ff0c83da7db.js:1
ol @ fd9d1056-7acf5ff0c83da7db.js:1
or @ fd9d1056-7acf5ff0c83da7db.js:1
ol @ fd9d1056-7acf5ff0c83da7db.js:1
or @ fd9d1056-7acf5ff0c83da7db.js:1
ol @ fd9d1056-7acf5ff0c83da7db.js:1
or @ fd9d1056-7acf5ff0c83da7db.js:1
ol @ fd9d1056-7acf5ff0c83da7db.js:1
or @ fd9d1056-7acf5ff0c83da7db.js:1
ol @ fd9d1056-7acf5ff0c83da7db.js:1
id @ fd9d1056-7acf5ff0c83da7db.js:1
o @ fd9d1056-7acf5ff0c83da7db.js:1
T @ 117-95e74743b4de7ddb.js:1
16:13:49.812 742-f5e44fb4de89ca72.js:1 [WebRTC] ✅ Preserving healthy connection for: cmetcnw9e0000kuy9dooe536g
16:13:49.812 742-f5e44fb4de89ca72.js:1 [WebRTC] 📞 RECEIVED OFFER from: cmetcnw9e0000kuy9dooe536g
16:13:49.812 742-f5e44fb4de89ca72.js:1 [WebRTC] Call ID check: {received: 'call-1758096821929-j0m8cxwgf', ours: null}
16:13:49.812 742-f5e44fb4de89ca72.js:1 [WebRTC] ❌ Ignoring offer for different call: call-1758096821929-j0m8cxwgf vs null
16:13:49.812 742-f5e44fb4de89ca72.js:1 [WebRTC] 📞 RECEIVED OFFER from: cmetcnw9e0000kuy9dooe536g
16:13:49.812 742-f5e44fb4de89ca72.js:1 [WebRTC] Call ID check: {received: 'call-1758096821929-j0m8cxwgf', ours: 'call-1758096821929-j0m8cxwgf'}
16:13:49.812 742-f5e44fb4de89ca72.js:1 [WebRTC] ✅ Processing offer from: cmetcnw9e0000kuy9dooe536g
16:13:49.812 742-f5e44fb4de89ca72.js:1 [WebRTC] 🔄 Ensuring stream is ready before processing offer from: cmetcnw9e0000kuy9dooe536g
16:13:49.812 742-f5e44fb4de89ca72.js:1 [WebRTC] 🔍 Checking stream readiness for participant: cmetcnw9e0000kuy9dooe536g
16:13:49.812 742-f5e44fb4de89ca72.js:1 [WebRTC] 🔍 Stream readiness check: {participantId: 'cmetcnw9e0000kuy9dooe536g', hasStream: true, streamActive: true, totalTracks: 2, liveTracks: 2, …}
16:13:49.812 742-f5e44fb4de89ca72.js:1 [WebRTC] 🎯 Stream already ready for participant: cmetcnw9e0000kuy9dooe536g
16:13:49.812 742-f5e44fb4de89ca72.js:1 [WebRTC] Creating peer connection for: cmetcnw9e0000kuy9dooe536g
16:13:49.813 742-f5e44fb4de89ca72.js:1 [WebRTC] ⚠️ Peer connection already exists for: cmetcnw9e0000kuy9dooe536g {connectionState: 'connected', iceConnectionState: 'connected', signalingState: 'stable'}
16:13:49.813 742-f5e44fb4de89ca72.js:1 [WebRTC] ✅ Reusing healthy existing connection for: cmetcnw9e0000kuy9dooe536g
16:13:49.813 742-f5e44fb4de89ca72.js:1 [WebRTC] Local stream ready with tracks: 2
16:13:49.813 742-f5e44fb4de89ca72.js:1 [WebRTC] 🔍 Peer connection senders before answer: 2
16:13:49.813 742-f5e44fb4de89ca72.js:1 [WebRTC]   Sender 0: {hasTrack: true, trackKind: 'audio', trackEnabled: true, trackReadyState: 'live'}
16:13:49.813 742-f5e44fb4de89ca72.js:1 [WebRTC]   Sender 1: {hasTrack: true, trackKind: 'video', trackEnabled: true, trackReadyState: 'live'}
16:13:49.813 742-f5e44fb4de89ca72.js:1 [WebRTC] Setting remote description from offer...
16:13:49.813 742-f5e44fb4de89ca72.js:1 [WebRTC] Current signaling state before setting remote offer: stable
16:13:49.815 742-f5e44fb4de89ca72.js:1 [WebRTC] Remote description set, applying any buffered ICE candidates
16:13:49.815 742-f5e44fb4de89ca72.js:1 [WebRTC] No buffered ICE candidates for: cmetcnw9e0000kuy9dooe536g
16:13:49.815 742-f5e44fb4de89ca72.js:1 [WebRTC] Creating answer with ultra-low-latency options...
16:13:49.823 742-f5e44fb4de89ca72.js:1 [WebRTC] 🚀 Optimizing SDP for ultra-low latency...
16:13:49.823 742-f5e44fb4de89ca72.js:1 [WebRTC] ✅ SDP optimized for ultra-low latency
16:13:49.823 742-f5e44fb4de89ca72.js:1 [WebRTC] Answer created and SDP optimized, analyzing...
16:13:49.824 742-f5e44fb4de89ca72.js:1 [WebRTC] 🔍 Answer SDP analysis: {hasAudio: true, hasVideo: true}
16:13:49.824 742-f5e44fb4de89ca72.js:1 [WebRTC] Setting local description with answer...
16:13:49.824 742-f5e44fb4de89ca72.js:1 [WebRTC] Current signaling state before setting local answer: have-remote-offer
16:13:49.830 742-f5e44fb4de89ca72.js:1 [WebRTC] 📡 Sending answer to: cmetcnw9e0000kuy9dooe536g
16:13:49.830 742-f5e44fb4de89ca72.js:1 [WebRTC] ✅ Answer successfully sent to: cmetcnw9e0000kuy9dooe536g
16:13:49.900 742-f5e44fb4de89ca72.js:1 [CallModal] 🔄 Retry 1/5 for stream from: cmetcnw9e0000kuy9dooe536g - Found: true
16:13:49.900 742-f5e44fb4de89ca72.js:1 [CallModal] ✅ Remote stream found on retry: (2) [{…}, {…}]
16:13:49.901 742-f5e44fb4de89ca72.js:1 [CallModal] 🔄 Retry 1/5 for stream from: cmetcnw9e0000kuy9dooe536g - Found: true
16:13:49.901 742-f5e44fb4de89ca72.js:1 [CallModal] ✅ Remote stream found on retry: (2) [{…}, {…}]
16:13:49.901 742-f5e44fb4de89ca72.js:1 [CallModal] ✅ Added delayed remote stream for: cmetcnw9e0000kuy9dooe536g
16:13:49.901 742-f5e44fb4de89ca72.js:1 [CallModal] ✅ Added delayed remote stream for: cmetcnw9e0000kuy9dooe536g
16:13:49.901 742-f5e44fb4de89ca72.js:1 [CallModal] VideoGrid participants: {total: 2, filtered: 1, currentUserId: 'cmetc9zvw0000lx0fvjdkcng1', participantNames: Array(1)}
16:13:49.902 742-f5e44fb4de89ca72.js:1 [CallModal] Updated peer connections for performance monitoring: 2
16:13:49.902 742-f5e44fb4de89ca72.js:1 [CallModal] Peer connection participants: (2) ['cmetcnw9e0000kuy9dooe536g', 'cmetcd54n000plx0f6031986z']
16:13:49.903 742-f5e44fb4de89ca72.js:1 [CallModal] 🔄 Retry 1/5 for stream from: cmetcnw9e0000kuy9dooe536g - Found: true
16:13:49.903 742-f5e44fb4de89ca72.js:1 [CallModal] ✅ Remote stream found on retry: (2) [{…}, {…}]
16:13:49.903 742-f5e44fb4de89ca72.js:1 [CallModal] ✅ Added delayed remote stream for: cmetcnw9e0000kuy9dooe536g
16:13:49.903 742-f5e44fb4de89ca72.js:1 [CallModal] VideoGrid participants: {total: 2, filtered: 1, currentUserId: 'cmetc9zvw0000lx0fvjdkcng1', participantNames: Array(1)}
16:13:49.904 742-f5e44fb4de89ca72.js:1 [CallModal] Updated peer connections for performance monitoring: 2
16:13:49.904 742-f5e44fb4de89ca72.js:1 [CallModal] Peer connection participants: (2) ['cmetcnw9e0000kuy9dooe536g', 'cmetcd54n000plx0f6031986z']
16:13:49.905 742-f5e44fb4de89ca72.js:1 [useCallPerformance] Connection states: (2) [{…}, {…}]
16:13:49.905 742-f5e44fb4de89ca72.js:1 [useCallPerformance] Starting monitoring for 2 valid connections
16:13:49.906 742-f5e44fb4de89ca72.js:1 [CallModal] 🔄 Retry 1/5 for stream from: cmetcnw9e0000kuy9dooe536g - Found: true
16:13:49.906 742-f5e44fb4de89ca72.js:1 [CallModal] ✅ Remote stream found on retry: (2) [{…}, {…}]
16:13:49.906 742-f5e44fb4de89ca72.js:1 [CallModal] 🔄 Retry 1/5 for stream from: cmetcnw9e0000kuy9dooe536g - Found: true
16:13:49.906 742-f5e44fb4de89ca72.js:1 [CallModal] ✅ Remote stream found on retry: (2) [{…}, {…}]
16:13:49.906 742-f5e44fb4de89ca72.js:1 [CallModal] 🔄 Retry 1/5 for stream from: cmetcnw9e0000kuy9dooe536g - Found: true
16:13:49.906 742-f5e44fb4de89ca72.js:1 [CallModal] ✅ Remote stream found on retry: (2) [{…}, {…}]
16:13:49.906 742-f5e44fb4de89ca72.js:1 [CallModal] ✅ Added delayed remote stream for: cmetcnw9e0000kuy9dooe536g
16:13:49.907 742-f5e44fb4de89ca72.js:1 [CallModal] ✅ Added delayed remote stream for: cmetcnw9e0000kuy9dooe536g
16:13:49.907 742-f5e44fb4de89ca72.js:1 [CallModal] ✅ Added delayed remote stream for: cmetcnw9e0000kuy9dooe536g
16:13:49.907 742-f5e44fb4de89ca72.js:1 [CallModal] VideoGrid participants: {total: 2, filtered: 1, currentUserId: 'cmetc9zvw0000lx0fvjdkcng1', participantNames: Array(1)}
16:13:49.908 742-f5e44fb4de89ca72.js:1 [CallModal] Updated peer connections for performance monitoring: 2
16:13:49.908 742-f5e44fb4de89ca72.js:1 [CallModal] Peer connection participants: (2) ['cmetcnw9e0000kuy9dooe536g', 'cmetcd54n000plx0f6031986z']
16:13:49.909 742-f5e44fb4de89ca72.js:1 [useCallPerformance] Connection states: (2) [{…}, {…}]
16:13:49.909 742-f5e44fb4de89ca72.js:1 [useCallPerformance] Starting monitoring for 2 valid connections
16:13:49.911 742-f5e44fb4de89ca72.js:1 [useCallPerformance] Network metrics: {audioPacketLoss: 0, videoPacketLoss: 0, videoFrameRate: 28, latency: 2, callType: 'video'}
16:13:49.911 742-f5e44fb4de89ca72.js:1 [WebRTC] Sending ICE candidate to: cmetcd54n000plx0f6031986z
16:13:49.911 742-f5e44fb4de89ca72.js:1 [useCallPerformance] Network metrics: {audioPacketLoss: 0, videoPacketLoss: 0, videoFrameRate: 28, latency: 2, callType: 'video'}
16:13:49.912 742-f5e44fb4de89ca72.js:1 [CallModal] VideoGrid participants: {total: 2, filtered: 1, currentUserId: 'cmetc9zvw0000lx0fvjdkcng1', participantNames: Array(1)}
16:13:49.913 742-f5e44fb4de89ca72.js:1 [useCallPerformance] Connection states: (2) [{…}, {…}]
16:13:49.914 742-f5e44fb4de89ca72.js:1 [useCallPerformance] Starting monitoring for 2 valid connections
16:13:49.915 742-f5e44fb4de89ca72.js:1 [useCallPerformance] No valid network data yet, assuming good quality
16:13:49.921 742-f5e44fb4de89ca72.js:1 [useCallPerformance] No valid network data yet, assuming good quality
16:13:49.922 742-f5e44fb4de89ca72.js:1 [useCallPerformance] Network metrics: {audioPacketLoss: 0, videoPacketLoss: 0, videoFrameRate: 28, latency: 2, callType: 'video'}
16:13:49.924 742-f5e44fb4de89ca72.js:1 [CallModal] VideoGrid participants: {total: 2, filtered: 1, currentUserId: 'cmetc9zvw0000lx0fvjdkcng1', participantNames: Array(1)}
16:13:49.926 742-f5e44fb4de89ca72.js:1 [useCallPerformance] No valid network data yet, assuming good quality
16:13:49.927 742-f5e44fb4de89ca72.js:1 [CallModal] VideoGrid participants: {total: 2, filtered: 1, currentUserId: 'cmetc9zvw0000lx0fvjdkcng1', participantNames: Array(1)}
16:13:49.931 742-f5e44fb4de89ca72.js:1 [CallModal] VideoGrid participants: {total: 2, filtered: 1, currentUserId: 'cmetc9zvw0000lx0fvjdkcng1', participantNames: Array(1)}
16:13:49.932 742-f5e44fb4de89ca72.js:1 [CallModal] VideoGrid participants: {total: 2, filtered: 1, currentUserId: 'cmetc9zvw0000lx0fvjdkcng1', participantNames: Array(1)}
16:13:50.005 742-f5e44fb4de89ca72.js:1 [WebRTC] Post-answer states for cmetcnw9e0000kuy9dooe536g
16:13:50.005 742-f5e44fb4de89ca72.js:1 [WebRTC]   Connection state: connected
16:13:50.005 742-f5e44fb4de89ca72.js:1 [WebRTC]   Signaling state: stable
16:13:50.487  [CallModal] ⏰ Connecting timeout reached, checking if we should force connection
16:13:50.530  [WebRTC] Post-answer states for cmetcnw9e0000kuy9dooe536g
16:13:50.530  [WebRTC]   Connection state: connected
16:13:50.530  [WebRTC]   Signaling state: stable
16:13:50.547  [WebRTC] 🔍 Post-offer state for cmetcnw9e0000kuy9dooe536g : {connectionState: 'connected', signalingState: 'stable', iceConnectionState: 'connected', iceGatheringState: 'complete'}
16:13:50.575  [WebRTC] 🔍 Post-offer state for cmetcd54n000plx0f6031986z : {connectionState: 'new', signalingState: 'have-local-offer', iceConnectionState: 'new', iceGatheringState: 'gathering'}
16:13:50.691  [WebRTC] Post-answer states for cmetcnw9e0000kuy9dooe536g
16:13:50.691  [WebRTC]   Connection state: connected
16:13:50.691  [WebRTC]   Signaling state: stable
16:13:50.774  [WebRTC] Post-answer states for cmetcnw9e0000kuy9dooe536g
16:13:50.774  [WebRTC]   Connection state: connected
16:13:50.774  [WebRTC]   Signaling state: stable
16:13:50.840  [WebRTC] Post-answer states for cmetcnw9e0000kuy9dooe536g
16:13:50.841  [WebRTC]   Connection state: connected
16:13:50.841  [WebRTC]   Signaling state: stable
16:13:50.886  [CallModal] 🔄 Participant data update received: {callId: 'call-1758096821929-j0m8cxwgf', participantId: 'cmetcd54n000plx0f6031986z', participantData: {…}}
16:13:50.887  [CallModal] ✅ Updated participant data: Kyle (cmetcd54n000plx0f6031986z)
16:13:50.887  [CallModal] VideoGrid participants: {total: 2, filtered: 1, currentUserId: 'cmetc9zvw0000lx0fvjdkcng1', participantNames: Array(1)}
16:13:50.933  [CallModal] VideoGrid participants: {total: 2, filtered: 1, currentUserId: 'cmetc9zvw0000lx0fvjdkcng1', participantNames: Array(1)}
16:13:50.935  [CallModal] 🔍 Connection verification:
16:13:50.936  [CallModal] - Expected participants: (2) ['cmetcnw9e0000kuy9dooe536g', 'cmetcd54n000plx0f6031986z']
16:13:50.936  [CallModal] - Active connections: (2) ['cmetcnw9e0000kuy9dooe536g', 'cmetcd54n000plx0f6031986z']
16:13:50.936  [CallModal] ✅ All expected WebRTC connections are active
16:13:51.071  [WebRTC] Connection STABLE for: cmetcnw9e0000kuy9dooe536g - verifying media streams
16:13:51.071  [WebRTC] Remote stream ready for: cmetcnw9e0000kuy9dooe536g
16:13:51.073  [WebRTC] 📡 EMITTING webrtc_peer_connected for: cmetcnw9e0000kuy9dooe536g
16:13:51.073  [WebRTC] ✅ Stable connection verified and reported for: cmetcnw9e0000kuy9dooe536g
16:13:51.118  [CallModal] 🔍 WebRTC stream ready for participant: cmetc9zvw0000lx0fvjdkcng1
16:13:51.118  [CallModal] 🔍 Our callId: call-1758096821929-j0m8cxwgf Event callId: call-1758096821929-j0m8cxwgf
16:13:51.118  [CallModal] 🔍 Our user ID: cmetc9zvw0000lx0fvjdkcng1
16:13:51.118  [CallModal] 🔍 Current call state: dialing
16:13:51.118  [CallModal] 🔍 Current participant states: {}
16:13:51.119  [CallModal] ✅ Ignoring webrtc_stream_ready for our own stream (not a remote stream)
16:13:51.119  [CallModal] 🆔 Session user ID: cmetc9zvw0000lx0fvjdkcng1
16:13:51.119  [CallModal] 🆔 Event participant ID: cmetc9zvw0000lx0fvjdkcng1
16:13:51.159  [CallModal] 🔍 WebRTC stream ready for participant: cmetcnw9e0000kuy9dooe536g
16:13:51.159  [CallModal] 🔍 Our callId: call-1758096821929-j0m8cxwgf Event callId: call-1758096821929-j0m8cxwgf
16:13:51.159  [CallModal] 🔍 Our user ID: cmetc9zvw0000lx0fvjdkcng1
16:13:51.159  [CallModal] 🔍 Current call state: dialing
16:13:51.159  [CallModal] 🔍 Current participant states: {}
16:13:51.160  [CallModal] ✅ Processing REMOTE stream ready event
16:13:51.160  [CallModal] 🆔 Our session ID: cmetc9zvw0000lx0fvjdkcng1
16:13:51.160  [CallModal] 🆔 Remote participant ID: cmetcnw9e0000kuy9dooe536g
16:13:51.160  [CallModal] 🔍 Stream data: {callId: 'call-1758096821929-j0m8cxwgf', participantId: 'cmetcnw9e0000kuy9dooe536g', streamId: '80ff065c-747a-4aac-a017-fba71f3d1ea1', hasAudio: true, hasVideo: true}
16:13:51.160  [CallModal] 🚀 INITIATING PEER CONNECTION for remote participant: cmetcnw9e0000kuy9dooe536g
16:13:51.160  [CallModal] 🚀 WebRTC service available: true
16:13:51.160  [CallModal] 🎥 Processing webrtc_stream_ready for REMOTE participant: cmetcnw9e0000kuy9dooe536g
16:13:51.161  [CallModal] 🔗 Active peer connections: []
16:13:51.161  [CallModal] 🔗 Has connection to cmetcnw9e0000kuy9dooe536g : false
16:13:51.161  [CallModal] 🚀 Creating peer connection to cmetcnw9e0000kuy9dooe536g
16:13:51.161  [CallModal] 🔄 Group call connection already attempted for: cmetcnw9e0000kuy9dooe536g
16:13:51.161  [CallModal] Retrieved remote stream for cmetcnw9e0000kuy9dooe536g : true
16:13:51.161  [CallModal] Remote stream tracks: (2) [{…}, {…}]
16:13:51.161  [CallModal] ✅ Remote stream added to state for VideoGrid
16:13:51.162  [CallModal] 🔍 WebRTC stream ready for participant: cmetcnw9e0000kuy9dooe536g
16:13:51.162  [CallModal] 🔍 Our callId: call-1758096821929-j0m8cxwgf Event callId: call-1758096821929-j0m8cxwgf
16:13:51.162  [CallModal] 🔍 Our user ID: cmetc9zvw0000lx0fvjdkcng1
16:13:51.162  [CallModal] 🔍 Current call state: dialing
16:13:51.162  [CallModal] 🔍 Current participant states: {}
16:13:51.162  [CallModal] ✅ Processing REMOTE stream ready event
16:13:51.162  [CallModal] 🆔 Our session ID: cmetc9zvw0000lx0fvjdkcng1
16:13:51.162  [CallModal] 🆔 Remote participant ID: cmetcnw9e0000kuy9dooe536g
16:13:51.162  [CallModal] 🔍 Stream data: {callId: 'call-1758096821929-j0m8cxwgf', participantId: 'cmetcnw9e0000kuy9dooe536g', streamId: '80ff065c-747a-4aac-a017-fba71f3d1ea1', hasAudio: true, hasVideo: true}
16:13:51.162  [CallModal] 🚀 INITIATING PEER CONNECTION for remote participant: cmetcnw9e0000kuy9dooe536g
16:13:51.162  [CallModal] 🚀 WebRTC service available: true
16:13:51.163  [CallModal] 🎥 Processing webrtc_stream_ready for REMOTE participant: cmetcnw9e0000kuy9dooe536g
16:13:51.163  [CallModal] 🔗 Active peer connections: []
16:13:51.163  [CallModal] 🔗 Has connection to cmetcnw9e0000kuy9dooe536g : false
16:13:51.163  [CallModal] 🚀 Creating peer connection to cmetcnw9e0000kuy9dooe536g
16:13:51.163  [CallModal] 🔄 Group call connection already attempted for: cmetcnw9e0000kuy9dooe536g
16:13:51.163  [CallModal] Retrieved remote stream for cmetcnw9e0000kuy9dooe536g : true
16:13:51.163  [CallModal] Remote stream tracks: (2) [{…}, {…}]
16:13:51.163  [CallModal] ✅ Remote stream added to state for VideoGrid
16:13:51.164  [CallModal] Updated remote streams map, now has: ['cmetcnw9e0000kuy9dooe536g']
16:13:51.165  [CallModal] Updated remote streams map, now has: ['cmetcnw9e0000kuy9dooe536g']
16:13:51.166  [CallModal] VideoGrid participants: {total: 2, filtered: 1, currentUserId: 'cmetc9zvw0000lx0fvjdkcng1', participantNames: Array(1)}
16:13:51.168  [CallModal] Updated peer connections for performance monitoring: 2
16:13:51.168  [CallModal] Peer connection participants: (2) ['cmetcnw9e0000kuy9dooe536g', 'cmetcd54n000plx0f6031986z']
16:13:51.169  [CallModal] VideoGrid participants: {total: 2, filtered: 1, currentUserId: 'cmetc9zvw0000lx0fvjdkcng1', participantNames: Array(1)}
16:13:51.170  [useCallPerformance] Connection states: (2) [{…}, {…}]
16:13:51.170  [useCallPerformance] Starting monitoring for 2 valid connections
16:13:51.171  [useCallPerformance] Network metrics: {audioPacketLoss: 0, videoPacketLoss: 0, videoFrameRate: 25, latency: 2, callType: 'video'}
16:13:51.172  [useCallPerformance] No valid network data yet, assuming good quality
16:13:51.172  [CallModal] VideoGrid participants: {total: 2, filtered: 1, currentUserId: 'cmetc9zvw0000lx0fvjdkcng1', participantNames: Array(1)}
16:13:51.195  [VoiceActivity] Volume analysis: {average: '6.0', volume: '-32.5', threshold: -40, speaking: false, finalSpeaking: false, …}
16:13:51.200  [WebRTC] 📞 RECEIVED OFFER from: cmetcnw9e0000kuy9dooe536g
16:13:51.201  [WebRTC] Call ID check: {received: 'call-1758096821929-j0m8cxwgf', ours: null}
16:13:51.201  [WebRTC] ❌ Ignoring offer for different call: call-1758096821929-j0m8cxwgf vs null
16:13:51.201  [WebRTC] 📞 RECEIVED OFFER from: cmetcnw9e0000kuy9dooe536g
16:13:51.201  [WebRTC] Call ID check: {received: 'call-1758096821929-j0m8cxwgf', ours: 'call-1758096821929-j0m8cxwgf'}
16:13:51.201  [WebRTC] ✅ Processing offer from: cmetcnw9e0000kuy9dooe536g
16:13:51.201  [WebRTC] 🔄 Ensuring stream is ready before processing offer from: cmetcnw9e0000kuy9dooe536g
16:13:51.201  [WebRTC] 🔍 Checking stream readiness for participant: cmetcnw9e0000kuy9dooe536g
16:13:51.201  [WebRTC] 🔍 Stream readiness check: {participantId: 'cmetcnw9e0000kuy9dooe536g', hasStream: true, streamActive: true, totalTracks: 2, liveTracks: 2, …}
16:13:51.201  [WebRTC] 🎯 Stream already ready for participant: cmetcnw9e0000kuy9dooe536g
16:13:51.201  [WebRTC] Creating peer connection for: cmetcnw9e0000kuy9dooe536g
16:13:51.201  [WebRTC] ⚠️ Peer connection already exists for: cmetcnw9e0000kuy9dooe536g {connectionState: 'connected', iceConnectionState: 'connected', signalingState: 'stable'}
16:13:51.202  [WebRTC] ✅ Reusing healthy existing connection for: cmetcnw9e0000kuy9dooe536g
16:13:51.202  [WebRTC] Local stream ready with tracks: 2
16:13:51.202  [WebRTC] 🔍 Peer connection senders before answer: 2
16:13:51.202  [WebRTC]   Sender 0: {hasTrack: true, trackKind: 'audio', trackEnabled: true, trackReadyState: 'live'}
16:13:51.202  [WebRTC]   Sender 1: {hasTrack: true, trackKind: 'video', trackEnabled: true, trackReadyState: 'live'}
16:13:51.202  [WebRTC] Setting remote description from offer...
16:13:51.202  [WebRTC] Current signaling state before setting remote offer: stable
16:13:51.206  [WebRTC] Remote description set, applying any buffered ICE candidates
16:13:51.206  [WebRTC] No buffered ICE candidates for: cmetcnw9e0000kuy9dooe536g
16:13:51.206  [WebRTC] Creating answer with ultra-low-latency options...
16:13:51.213  [WebRTC] 🚀 Optimizing SDP for ultra-low latency...
16:13:51.213  [WebRTC] ✅ SDP optimized for ultra-low latency
16:13:51.213  [WebRTC] Answer created and SDP optimized, analyzing...
16:13:51.213  [WebRTC] 🔍 Answer SDP analysis: {hasAudio: true, hasVideo: true}
16:13:51.213  [WebRTC] Setting local description with answer...
16:13:51.213 742-f5e44fb4de89ca72.js:1 [WebRTC] Current signaling state before setting local answer: have-remote-offer
16:13:51.217 742-f5e44fb4de89ca72.js:1 [WebRTC] 📡 Sending answer to: cmetcnw9e0000kuy9dooe536g
16:13:51.218 742-f5e44fb4de89ca72.js:1 [WebRTC] ✅ Answer successfully sent to: cmetcnw9e0000kuy9dooe536g
16:13:51.248 742-f5e44fb4de89ca72.js:1 [WebRTC] 📞 RECEIVED OFFER from: cmetcnw9e0000kuy9dooe536g
16:13:51.248 742-f5e44fb4de89ca72.js:1 [WebRTC] Call ID check: {received: 'call-1758096821929-j0m8cxwgf', ours: null}
16:13:51.249 742-f5e44fb4de89ca72.js:1 [WebRTC] ❌ Ignoring offer for different call: call-1758096821929-j0m8cxwgf vs null
16:13:51.249 742-f5e44fb4de89ca72.js:1 [WebRTC] 📞 RECEIVED OFFER from: cmetcnw9e0000kuy9dooe536g
16:13:51.249 742-f5e44fb4de89ca72.js:1 [WebRTC] Call ID check: {received: 'call-1758096821929-j0m8cxwgf', ours: 'call-1758096821929-j0m8cxwgf'}
16:13:51.249 742-f5e44fb4de89ca72.js:1 [WebRTC] ✅ Processing offer from: cmetcnw9e0000kuy9dooe536g
16:13:51.249 742-f5e44fb4de89ca72.js:1 [WebRTC] 🔄 Ensuring stream is ready before processing offer from: cmetcnw9e0000kuy9dooe536g
16:13:51.249 742-f5e44fb4de89ca72.js:1 [WebRTC] 🔍 Checking stream readiness for participant: cmetcnw9e0000kuy9dooe536g
16:13:51.249 742-f5e44fb4de89ca72.js:1 [WebRTC] 🔍 Stream readiness check: {participantId: 'cmetcnw9e0000kuy9dooe536g', hasStream: true, streamActive: true, totalTracks: 2, liveTracks: 2, …}
16:13:51.249 742-f5e44fb4de89ca72.js:1 [WebRTC] 🎯 Stream already ready for participant: cmetcnw9e0000kuy9dooe536g
16:13:51.249 742-f5e44fb4de89ca72.js:1 [WebRTC] Creating peer connection for: cmetcnw9e0000kuy9dooe536g
16:13:51.249 742-f5e44fb4de89ca72.js:1 [WebRTC] ⚠️ Peer connection already exists for: cmetcnw9e0000kuy9dooe536g {connectionState: 'connected', iceConnectionState: 'connected', signalingState: 'stable'}
16:13:51.249 742-f5e44fb4de89ca72.js:1 [WebRTC] ✅ Reusing healthy existing connection for: cmetcnw9e0000kuy9dooe536g
16:13:51.249 742-f5e44fb4de89ca72.js:1 [WebRTC] Local stream ready with tracks: 2
16:13:51.249 742-f5e44fb4de89ca72.js:1 [WebRTC] 🔍 Peer connection senders before answer: 2
16:13:51.249 742-f5e44fb4de89ca72.js:1 [WebRTC]   Sender 0: {hasTrack: true, trackKind: 'audio', trackEnabled: true, trackReadyState: 'live'}
16:13:51.249 742-f5e44fb4de89ca72.js:1 [WebRTC]   Sender 1: {hasTrack: true, trackKind: 'video', trackEnabled: true, trackReadyState: 'live'}
16:13:51.249 742-f5e44fb4de89ca72.js:1 [WebRTC] Setting remote description from offer...
16:13:51.249 742-f5e44fb4de89ca72.js:1 [WebRTC] Current signaling state before setting remote offer: stable
16:13:51.254 742-f5e44fb4de89ca72.js:1 [WebRTC] Remote description set, applying any buffered ICE candidates
16:13:51.254 742-f5e44fb4de89ca72.js:1 [WebRTC] No buffered ICE candidates for: cmetcnw9e0000kuy9dooe536g
16:13:51.254 742-f5e44fb4de89ca72.js:1 [WebRTC] Creating answer with ultra-low-latency options...
16:13:51.264 742-f5e44fb4de89ca72.js:1 [WebRTC] 🚀 Optimizing SDP for ultra-low latency...
16:13:51.265 742-f5e44fb4de89ca72.js:1 [WebRTC] ✅ SDP optimized for ultra-low latency
16:13:51.265 742-f5e44fb4de89ca72.js:1 [WebRTC] Answer created and SDP optimized, analyzing...
16:13:51.265 742-f5e44fb4de89ca72.js:1 [WebRTC] 🔍 Answer SDP analysis: {hasAudio: true, hasVideo: true}
16:13:51.265 742-f5e44fb4de89ca72.js:1 [WebRTC] Setting local description with answer...
16:13:51.265 742-f5e44fb4de89ca72.js:1 [WebRTC] Current signaling state before setting local answer: have-remote-offer
16:13:51.271 742-f5e44fb4de89ca72.js:1 [WebRTC] 📡 Sending answer to: cmetcnw9e0000kuy9dooe536g
16:13:51.272 742-f5e44fb4de89ca72.js:1 [WebRTC] ✅ Answer successfully sent to: cmetcnw9e0000kuy9dooe536g
16:13:51.555 742-f5e44fb4de89ca72.js:1 SocketContext: Background heartbeat sent for hidden tab
16:13:51.573 742-f5e44fb4de89ca72.js:1 [WebRTC] 🔍 Delayed readiness check after stable connection for: cmetcnw9e0000kuy9dooe536g
16:13:51.574 742-f5e44fb4de89ca72.js:1 [WebRTC] 🔍 DETAILED Call readiness check:
16:13:51.574 742-f5e44fb4de89ca72.js:1 [WebRTC]   Total peers: 2
16:13:51.574 742-f5e44fb4de89ca72.js:1 [WebRTC]   Connected peers: 1
16:13:51.574 742-f5e44fb4de89ca72.js:1 [WebRTC]   Peers with streams: 1
16:13:51.574 742-f5e44fb4de89ca72.js:1 [WebRTC]   Peer details: (2) [{…}, {…}]
16:13:51.574 742-f5e44fb4de89ca72.js:1 [WebRTC] ✅ Call is ready! Signaling server...
16:13:51.574 742-f5e44fb4de89ca72.js:1 [WebRTC] 📡 EMITTING webrtc_call_ready - peers: 1 streams: 1
16:13:51.916 742-f5e44fb4de89ca72.js:1 [WebRTC] Excellent network detected - restoring quality
16:13:51.917 742-f5e44fb4de89ca72.js:1 [WebRTC] Improved audio quality for: cmetcnw9e0000kuy9dooe536g
16:13:51.917 742-f5e44fb4de89ca72.js:1 [WebRTC] Improved video quality for: cmetcnw9e0000kuy9dooe536g
16:13:51.935 742-f5e44fb4de89ca72.js:1 [CallModal] VideoGrid participants: {total: 2, filtered: 1, currentUserId: 'cmetc9zvw0000lx0fvjdkcng1', participantNames: Array(1)}
16:13:52.219 742-f5e44fb4de89ca72.js:1 [WebRTC] Post-answer states for cmetcnw9e0000kuy9dooe536g
16:13:52.220 742-f5e44fb4de89ca72.js:1 [WebRTC]   Connection state: connected
16:13:52.220 742-f5e44fb4de89ca72.js:1 [WebRTC]   Signaling state: stable
16:13:52.274 742-f5e44fb4de89ca72.js:1 [WebRTC] Post-answer states for cmetcnw9e0000kuy9dooe536g
16:13:52.274 742-f5e44fb4de89ca72.js:1 [WebRTC]   Connection state: connected
16:13:52.274 742-f5e44fb4de89ca72.js:1 [WebRTC]   Signaling state: stable
16:13:52.933 742-f5e44fb4de89ca72.js:1 [CallModal] VideoGrid participants: {total: 2, filtered: 1, currentUserId: 'cmetc9zvw0000lx0fvjdkcng1', participantNames: Array(1)}
16:13:53.170 742-f5e44fb4de89ca72.js:1 [CallModal] Updated peer connections for performance monitoring: 2
16:13:53.170 742-f5e44fb4de89ca72.js:1 [CallModal] Peer connection participants: (2) ['cmetcnw9e0000kuy9dooe536g', 'cmetcd54n000plx0f6031986z']
16:13:53.171 742-f5e44fb4de89ca72.js:1 [CallModal] VideoGrid participants: {total: 2, filtered: 1, currentUserId: 'cmetc9zvw0000lx0fvjdkcng1', participantNames: Array(1)}
16:13:53.172 742-f5e44fb4de89ca72.js:1 [useCallPerformance] Connection states: (2) [{…}, {…}]
16:13:53.173 742-f5e44fb4de89ca72.js:1 [useCallPerformance] Starting monitoring for 2 valid connections
16:13:53.174 742-f5e44fb4de89ca72.js:1 [useCallPerformance] Network metrics: {audioPacketLoss: 0, videoPacketLoss: 0, videoFrameRate: 28, latency: 2, callType: 'video'}
16:13:53.177 742-f5e44fb4de89ca72.js:1 [useCallPerformance] No valid network data yet, assuming good quality
16:13:53.178 742-f5e44fb4de89ca72.js:1 [CallModal] VideoGrid participants: {total: 2, filtered: 1, currentUserId: 'cmetc9zvw0000lx0fvjdkcng1', participantNames: Array(1)}
16:13:53.426 page-7a89d7867f156a09.js:1 🏠 ChatWindow mounted/re-rendered with conversationId: cmev8zel60000qt0f21sdgql3
16:13:53.431 742-f5e44fb4de89ca72.js:1 [CallModal] VideoGrid participants: {total: 2, filtered: 1, currentUserId: 'cmetc9zvw0000lx0fvjdkcng1', participantNames: Array(1)}
16:13:53.432 page-7a89d7867f156a09.js:1 ChatSidebar: Conversations updated, count: 5
16:13:53.433 page-7a89d7867f156a09.js:1 ChatSidebar: Latest conversation: cmev8zel60000qt0f21sdgql3 last message: cmfnol8g90007kl0feineks18
16:13:53.433 742-f5e44fb4de89ca72.js:1 [CallModal] 🔄 Participants unchanged, skipping re-initialization
16:13:53.433 742-f5e44fb4de89ca72.js:1 [CallModal] 🔍 Connection verification:
16:13:53.434 742-f5e44fb4de89ca72.js:1 [CallModal] - Expected participants: (2) ['cmetcnw9e0000kuy9dooe536g', 'cmetcd54n000plx0f6031986z']
16:13:53.434 742-f5e44fb4de89ca72.js:1 [CallModal] - Active connections: (2) ['cmetcnw9e0000kuy9dooe536g', 'cmetcd54n000plx0f6031986z']
16:13:53.435 742-f5e44fb4de89ca72.js:1 [CallModal] ✅ All expected WebRTC connections are active
16:13:53.435 page-7a89d7867f156a09.js:1 🔄 ChatWindow: Conversation participants count: 3
16:13:53.435 page-7a89d7867f156a09.js:1 🔄 ChatWindow: Participants: (3) [{…}, {…}, {…}]
16:13:53.436 page-7a89d7867f156a09.js:1 🏠 ChatWindow mounted/re-rendered with conversationId: cmev8zel60000qt0f21sdgql3
16:13:53.438 742-f5e44fb4de89ca72.js:1 [CallModal] VideoGrid participants: {total: 2, filtered: 1, currentUserId: 'cmetc9zvw0000lx0fvjdkcng1', participantNames: Array(1)}
16:13:53.440 742-f5e44fb4de89ca72.js:1 [CallModal] 🔄 Participants unchanged, skipping re-initialization
16:13:53.440 742-f5e44fb4de89ca72.js:1 [CallModal] 🔍 Connection verification:
16:13:53.440 742-f5e44fb4de89ca72.js:1 [CallModal] - Expected participants: (2) ['cmetcnw9e0000kuy9dooe536g', 'cmetcd54n000plx0f6031986z']
16:13:53.441 742-f5e44fb4de89ca72.js:1 [CallModal] - Active connections: (2) ['cmetcnw9e0000kuy9dooe536g', 'cmetcd54n000plx0f6031986z']
16:13:53.441 742-f5e44fb4de89ca72.js:1 [CallModal] ✅ All expected WebRTC connections are active
16:13:53.838 638-11434f29ed368fce.js:1 NotificationContext: Window focused
16:13:53.840 page-7a89d7867f156a09.js:1 🏠 ChatWindow mounted/re-rendered with conversationId: cmev8zel60000qt0f21sdgql3
16:13:53.842 742-f5e44fb4de89ca72.js:1 [CallModal] VideoGrid participants: {total: 2, filtered: 1, currentUserId: 'cmetc9zvw0000lx0fvjdkcng1', participantNames: Array(1)}
16:13:53.845 layout-d9ae9f9ff0cd665e.js:1 🧹 GlobalNotificationListener: Cleaning up socket listener for new-notification
16:13:53.845 layout-d9ae9f9ff0cd665e.js:1 🌐 GlobalNotificationListener: useEffect triggered {hasSocket: true, hasSession: true, socketConnected: true, socketId: 't-vo6sgonUMSnApdAAAF'}
16:13:53.845 layout-d9ae9f9ff0cd665e.js:1 🚀 GlobalNotificationListener: Setting up global socket listeners for user: cmetc9zvw0000lx0fvjdkcng1
16:13:53.847 layout-d9ae9f9ff0cd665e.js:1 🔄 GlobalNotificationListener: Re-emitted join-user-room for safety
16:13:53.847 layout-d9ae9f9ff0cd665e.js:1 ✅ GlobalNotificationListener: Socket listener registered for new-notification events
16:13:53.847 742-f5e44fb4de89ca72.js:1 [CallModal] 🔄 Participants unchanged, skipping re-initialization
16:13:53.848 742-f5e44fb4de89ca72.js:1 [CallModal] 🔍 Connection verification:
16:13:53.848 742-f5e44fb4de89ca72.js:1 [CallModal] - Expected participants: (2) ['cmetcnw9e0000kuy9dooe536g', 'cmetcd54n000plx0f6031986z']
16:13:53.849 742-f5e44fb4de89ca72.js:1 [CallModal] - Active connections: (2) ['cmetcnw9e0000kuy9dooe536g', 'cmetcd54n000plx0f6031986z']
16:13:53.849 742-f5e44fb4de89ca72.js:1 [CallModal] ✅ All expected WebRTC connections are active
16:13:53.849 742-f5e44fb4de89ca72.js:1 SocketContext: Window focused, refreshing connection
16:13:53.916 638-11434f29ed368fce.js:1 NotificationContext: Page visibility changed to: true
16:13:53.919 742-f5e44fb4de89ca72.js:1 SocketContext: Tab became visible, re-establishing connection
16:13:53.922 page-7a89d7867f156a09.js:1 🏠 ChatWindow mounted/re-rendered with conversationId: cmev8zel60000qt0f21sdgql3
16:13:53.928 742-f5e44fb4de89ca72.js:1 [CallModal] VideoGrid participants: {total: 2, filtered: 1, currentUserId: 'cmetc9zvw0000lx0fvjdkcng1', participantNames: Array(1)}
16:13:53.930 layout-d9ae9f9ff0cd665e.js:1 🧹 GlobalNotificationListener: Cleaning up socket listener for new-notification
16:13:53.931 layout-d9ae9f9ff0cd665e.js:1 🌐 GlobalNotificationListener: useEffect triggered {hasSocket: true, hasSession: true, socketConnected: true, socketId: 't-vo6sgonUMSnApdAAAF'}
16:13:53.931 layout-d9ae9f9ff0cd665e.js:1 🚀 GlobalNotificationListener: Setting up global socket listeners for user: cmetc9zvw0000lx0fvjdkcng1
16:13:53.931 layout-d9ae9f9ff0cd665e.js:1 🔄 GlobalNotificationListener: Re-emitted join-user-room for safety
16:13:53.931 layout-d9ae9f9ff0cd665e.js:1 ✅ GlobalNotificationListener: Socket listener registered for new-notification events
16:13:53.932 742-f5e44fb4de89ca72.js:1 [CallModal] 🔄 Participants unchanged, skipping re-initialization
16:13:53.932 742-f5e44fb4de89ca72.js:1 [CallModal] 🔍 Connection verification:
16:13:53.932 742-f5e44fb4de89ca72.js:1 [CallModal] - Expected participants: (2) ['cmetcnw9e0000kuy9dooe536g', 'cmetcd54n000plx0f6031986z']
16:13:53.932 742-f5e44fb4de89ca72.js:1 [CallModal] - Active connections: (2) ['cmetcnw9e0000kuy9dooe536g', 'cmetcd54n000plx0f6031986z']
16:13:53.933 742-f5e44fb4de89ca72.js:1 [CallModal] ✅ All expected WebRTC connections are active
16:13:54.003 page-7a89d7867f156a09.js:1 User status update received: {userId: 'cmetcnw9e0000kuy9dooe536g', isOnline: true, lastSeen: '2025-09-17T08:13:53.943Z'}
16:13:54.006 page-7a89d7867f156a09.js:1 🏠 ChatWindow mounted/re-rendered with conversationId: cmev8zel60000qt0f21sdgql3
16:13:54.006 page-7a89d7867f156a09.js:1 Updated online status for user cmetcnw9e0000kuy9dooe536g in conversation cmev42y2w0000rv0f55h7qluf
16:13:54.010 742-f5e44fb4de89ca72.js:1 [CallModal] VideoGrid participants: {total: 2, filtered: 1, currentUserId: 'cmetc9zvw0000lx0fvjdkcng1', participantNames: Array(1)}
16:13:54.014 page-7a89d7867f156a09.js:1 ChatSidebar: Conversations updated, count: 5
16:13:54.014 page-7a89d7867f156a09.js:1 ChatSidebar: Latest conversation: cmev8zel60000qt0f21sdgql3 last message: cmfnol8g90007kl0feineks18
16:13:54.014 742-f5e44fb4de89ca72.js:1 [CallModal] 🔄 Participants unchanged, skipping re-initialization
16:13:54.015 742-f5e44fb4de89ca72.js:1 [CallModal] 🔍 Connection verification:
16:13:54.015 742-f5e44fb4de89ca72.js:1 [CallModal] - Expected participants: (2) ['cmetcnw9e0000kuy9dooe536g', 'cmetcd54n000plx0f6031986z']
16:13:54.015 742-f5e44fb4de89ca72.js:1 [CallModal] - Active connections: (2) ['cmetcnw9e0000kuy9dooe536g', 'cmetcd54n000plx0f6031986z']
16:13:54.016 742-f5e44fb4de89ca72.js:1 [CallModal] ✅ All expected WebRTC connections are active
16:13:54.016 page-7a89d7867f156a09.js:1 🔄 ChatWindow: Conversation participants count: 3
16:13:54.017 page-7a89d7867f156a09.js:1 🔄 ChatWindow: Participants: (3) [{…}, {…}, {…}]
16:13:54.019 page-7a89d7867f156a09.js:1 🏠 ChatWindow mounted/re-rendered with conversationId: cmev8zel60000qt0f21sdgql3
16:13:54.022 742-f5e44fb4de89ca72.js:1 [CallModal] VideoGrid participants: {total: 2, filtered: 1, currentUserId: 'cmetc9zvw0000lx0fvjdkcng1', participantNames: Array(1)}
16:13:54.030 layout-d9ae9f9ff0cd665e.js:1 🧹 GlobalNotificationListener: Cleaning up socket listener for new-notification
16:13:54.030 layout-d9ae9f9ff0cd665e.js:1 🌐 GlobalNotificationListener: useEffect triggered {hasSocket: true, hasSession: true, socketConnected: true, socketId: 't-vo6sgonUMSnApdAAAF'}
16:13:54.031 layout-d9ae9f9ff0cd665e.js:1 🚀 GlobalNotificationListener: Setting up global socket listeners for user: cmetc9zvw0000lx0fvjdkcng1
16:13:54.031 layout-d9ae9f9ff0cd665e.js:1 🔄 GlobalNotificationListener: Re-emitted join-user-room for safety
16:13:54.031 layout-d9ae9f9ff0cd665e.js:1 ✅ GlobalNotificationListener: Socket listener registered for new-notification events
16:13:54.032 742-f5e44fb4de89ca72.js:1 [CallModal] 🔄 Participants unchanged, skipping re-initialization
16:13:54.032 742-f5e44fb4de89ca72.js:1 [CallModal] 🔍 Connection verification:
16:13:54.032 742-f5e44fb4de89ca72.js:1 [CallModal] - Expected participants: (2) ['cmetcnw9e0000kuy9dooe536g', 'cmetcd54n000plx0f6031986z']
16:13:54.033 742-f5e44fb4de89ca72.js:1 [CallModal] - Active connections: (2) ['cmetcnw9e0000kuy9dooe536g', 'cmetcd54n000plx0f6031986z']
16:13:54.034 742-f5e44fb4de89ca72.js:1 [CallModal] ✅ All expected WebRTC connections are active
16:13:54.446 742-f5e44fb4de89ca72.js:1 [VoiceActivity] Volume analysis: {average: '9.3', volume: '-28.8', threshold: -40, speaking: false, finalSpeaking: false, …}
16:13:54.916 742-f5e44fb4de89ca72.js:1 [WebRTC] Excellent network detected - restoring quality
16:13:54.916 742-f5e44fb4de89ca72.js:1 [WebRTC] Improved audio quality for: cmetcnw9e0000kuy9dooe536g
16:13:54.917 742-f5e44fb4de89ca72.js:1 [WebRTC] Improved video quality for: cmetcnw9e0000kuy9dooe536g
16:13:54.920 742-f5e44fb4de89ca72.js:1 SocketContext: Additional heartbeat sent after becoming visible
16:13:55.033 742-f5e44fb4de89ca72.js:1 [CallModal] VideoGrid participants: {total: 2, filtered: 1, currentUserId: 'cmetc9zvw0000lx0fvjdkcng1', participantNames: Array(1)}
16:13:55.181 742-f5e44fb4de89ca72.js:1 [CallModal] Updated peer connections for performance monitoring: 2
16:13:55.181 742-f5e44fb4de89ca72.js:1 [CallModal] Peer connection participants: (2) ['cmetcnw9e0000kuy9dooe536g', 'cmetcd54n000plx0f6031986z']
16:13:55.182 742-f5e44fb4de89ca72.js:1 [CallModal] VideoGrid participants: {total: 2, filtered: 1, currentUserId: 'cmetc9zvw0000lx0fvjdkcng1', participantNames: Array(1)}
16:13:55.183 742-f5e44fb4de89ca72.js:1 [useCallPerformance] Connection states: (2) [{…}, {…}]
16:13:55.184 742-f5e44fb4de89ca72.js:1 [useCallPerformance] Starting monitoring for 2 valid connections
16:13:55.186 742-f5e44fb4de89ca72.js:1 [useCallPerformance] Network metrics: {audioPacketLoss: 0, videoPacketLoss: 0, videoFrameRate: 31, latency: 2, callType: 'video'}
16:13:55.188 742-f5e44fb4de89ca72.js:1 [useCallPerformance] No valid network data yet, assuming good quality
16:13:55.188 742-f5e44fb4de89ca72.js:1 [CallModal] VideoGrid participants: {total: 2, filtered: 1, currentUserId: 'cmetc9zvw0000lx0fvjdkcng1', participantNames: Array(1)}
16:13:55.275 742-f5e44fb4de89ca72.js:1 [CallModal] VideoGrid participants: {total: 2, filtered: 1, currentUserId: 'cmetc9zvw0000lx0fvjdkcng1', participantNames: Array(1)}
16:13:55.436 742-f5e44fb4de89ca72.js:1 [CallModal] 🔍 Connection verification:
16:13:55.436 742-f5e44fb4de89ca72.js:1 [CallModal] - Expected participants: (2) ['cmetcnw9e0000kuy9dooe536g', 'cmetcd54n000plx0f6031986z']
16:13:55.436 742-f5e44fb4de89ca72.js:1 [CallModal] - Active connections: (2) ['cmetcnw9e0000kuy9dooe536g', 'cmetcd54n000plx0f6031986z']
16:13:55.436 742-f5e44fb4de89ca72.js:1 [CallModal] ✅ All expected WebRTC connections are active
16:13:55.442 742-f5e44fb4de89ca72.js:1 [CallModal] 🔍 Connection verification:
16:13:55.442 742-f5e44fb4de89ca72.js:1 [CallModal] - Expected participants: (2) ['cmetcnw9e0000kuy9dooe536g', 'cmetcd54n000plx0f6031986z']
16:13:55.442 742-f5e44fb4de89ca72.js:1 [CallModal] - Active connections: (2) ['cmetcnw9e0000kuy9dooe536g', 'cmetcd54n000plx0f6031986z']
16:13:55.442 742-f5e44fb4de89ca72.js:1 [CallModal] ✅ All expected WebRTC connections are active
16:13:55.850 742-f5e44fb4de89ca72.js:1 [CallModal] 🔍 Connection verification:
16:13:55.850 742-f5e44fb4de89ca72.js:1 [CallModal] - Expected participants: (2) ['cmetcnw9e0000kuy9dooe536g', 'cmetcd54n000plx0f6031986z']
16:13:55.850 742-f5e44fb4de89ca72.js:1 [CallModal] - Active connections: (2) ['cmetcnw9e0000kuy9dooe536g', 'cmetcd54n000plx0f6031986z']
16:13:55.851 742-f5e44fb4de89ca72.js:1 [CallModal] ✅ All expected WebRTC connections are active
16:13:55.934 742-f5e44fb4de89ca72.js:1 [CallModal] 🔍 Connection verification:
16:13:55.934 742-f5e44fb4de89ca72.js:1 [CallModal] - Expected participants: (2) ['cmetcnw9e0000kuy9dooe536g', 'cmetcd54n000plx0f6031986z']
16:13:55.934 742-f5e44fb4de89ca72.js:1 [CallModal] - Active connections: (2) ['cmetcnw9e0000kuy9dooe536g', 'cmetcd54n000plx0f6031986z']
16:13:55.934 742-f5e44fb4de89ca72.js:1 [CallModal] ✅ All expected WebRTC connections are active
16:13:56.017 742-f5e44fb4de89ca72.js:1 [CallModal] 🔍 Connection verification:
16:13:56.017 742-f5e44fb4de89ca72.js:1 [CallModal] - Expected participants: (2) ['cmetcnw9e0000kuy9dooe536g', 'cmetcd54n000plx0f6031986z']
16:13:56.018 742-f5e44fb4de89ca72.js:1 [CallModal] - Active connections: (2) ['cmetcnw9e0000kuy9dooe536g', 'cmetcd54n000plx0f6031986z']
16:13:56.018 742-f5e44fb4de89ca72.js:1 [CallModal] ✅ All expected WebRTC connections are active
16:13:56.038 742-f5e44fb4de89ca72.js:1 [CallModal] 🔍 Connection verification:
16:13:56.038 742-f5e44fb4de89ca72.js:1 [CallModal] - Expected participants: (2) ['cmetcnw9e0000kuy9dooe536g', 'cmetcd54n000plx0f6031986z']
16:13:56.038 742-f5e44fb4de89ca72.js:1 [CallModal] - Active connections: (2) ['cmetcnw9e0000kuy9dooe536g', 'cmetcd54n000plx0f6031986z']
16:13:56.039 742-f5e44fb4de89ca72.js:1 [CallModal] ✅ All expected WebRTC connections are active
16:13:56.039 742-f5e44fb4de89ca72.js:1 [CallModal] VideoGrid participants: {total: 2, filtered: 1, currentUserId: 'cmetc9zvw0000lx0fvjdkcng1', participantNames: Array(1)}
16:13:56.542 742-f5e44fb4de89ca72.js:1 SocketContext: Heartbeat sent successfully
16:13:57.034 742-f5e44fb4de89ca72.js:1 [CallModal] VideoGrid participants: {total: 2, filtered: 1, currentUserId: 'cmetc9zvw0000lx0fvjdkcng1', participantNames: Array(1)}
16:13:57.169 742-f5e44fb4de89ca72.js:1 [CallModal] Updated peer connections for performance monitoring: 2
16:13:57.169 742-f5e44fb4de89ca72.js:1 [CallModal] Peer connection participants: (2) ['cmetcnw9e0000kuy9dooe536g', 'cmetcd54n000plx0f6031986z']
16:13:57.170 742-f5e44fb4de89ca72.js:1 [CallModal] VideoGrid participants: {total: 2, filtered: 1, currentUserId: 'cmetc9zvw0000lx0fvjdkcng1', participantNames: Array(1)}
16:13:57.171 742-f5e44fb4de89ca72.js:1 [useCallPerformance] Connection states: (2) [{…}, {…}]
16:13:57.171 742-f5e44fb4de89ca72.js:1 [useCallPerformance] Starting monitoring for 2 valid connections
16:13:57.173 742-f5e44fb4de89ca72.js:1 [useCallPerformance] Network metrics: {audioPacketLoss: 0, videoPacketLoss: 0, videoFrameRate: 28, latency: 2, callType: 'video'}
16:13:57.174 742-f5e44fb4de89ca72.js:1 [useCallPerformance] No valid network data yet, assuming good quality
16:13:57.174 742-f5e44fb4de89ca72.js:1 [CallModal] VideoGrid participants: {total: 2, filtered: 1, currentUserId: 'cmetc9zvw0000lx0fvjdkcng1', participantNames: Array(1)}
16:13:57.525 742-f5e44fb4de89ca72.js:1 [CallModal] VideoGrid participants: {total: 2, filtered: 1, currentUserId: 'cmetc9zvw0000lx0fvjdkcng1', participantNames: Array(1)}
16:13:57.916 742-f5e44fb4de89ca72.js:1 [WebRTC] Excellent network detected - restoring quality
16:13:57.916 742-f5e44fb4de89ca72.js:1 [WebRTC] Improved audio quality for: cmetcnw9e0000kuy9dooe536g
16:13:57.917 742-f5e44fb4de89ca72.js:1 [WebRTC] Improved video quality for: cmetcnw9e0000kuy9dooe536g
16:13:58.033 742-f5e44fb4de89ca72.js:1 [CallModal] VideoGrid participants: {total: 2, filtered: 1, currentUserId: 'cmetc9zvw0000lx0fvjdkcng1', participantNames: Array(1)}
16:13:58.177 page-7a89d7867f156a09.js:1 ChatSidebar: Filtering conversations {totalConversations: 5, blockedUserIds: Array(0), blockerUserIds: Array(0), effectiveSearchQuery: '', forceRefresh: 16, …}
16:13:58.178 page-7a89d7867f156a09.js:1 🏠 ChatWindow mounted/re-rendered with conversationId: cmev8zel60000qt0f21sdgql3
16:13:58.181 742-f5e44fb4de89ca72.js:1 [CallModal] VideoGrid participants: {total: 2, filtered: 1, currentUserId: 'cmetc9zvw0000lx0fvjdkcng1', participantNames: Array(1)}
16:13:58.184 page-7a89d7867f156a09.js:1 ChatSidebar: Conversations updated, count: 5
16:13:58.184 page-7a89d7867f156a09.js:1 ChatSidebar: Latest conversation: cmev8zel60000qt0f21sdgql3 last message: cmfnol8g90007kl0feineks18
16:13:58.184 742-f5e44fb4de89ca72.js:1 [CallModal] 🔄 Participants unchanged, skipping re-initialization
16:13:58.185 742-f5e44fb4de89ca72.js:1 [CallModal] 🔍 Connection verification:
16:13:58.185 742-f5e44fb4de89ca72.js:1 [CallModal] - Expected participants: (2) ['cmetcnw9e0000kuy9dooe536g', 'cmetcd54n000plx0f6031986z']
16:13:58.185 742-f5e44fb4de89ca72.js:1 [CallModal] - Active connections: (2) ['cmetcnw9e0000kuy9dooe536g', 'cmetcd54n000plx0f6031986z']
16:13:58.186 742-f5e44fb4de89ca72.js:1 [CallModal] ✅ All expected WebRTC connections are active
16:13:58.186 page-7a89d7867f156a09.js:1 🔄 ChatWindow: Conversation participants count: 3
16:13:58.186 page-7a89d7867f156a09.js:1 🔄 ChatWindow: Participants: (3) [{…}, {…}, {…}]
16:13:58.186 page-7a89d7867f156a09.js:1 🏠 ChatWindow mounted/re-rendered with conversationId: cmev8zel60000qt0f21sdgql3
16:13:58.194 742-f5e44fb4de89ca72.js:1 [CallModal] VideoGrid participants: {total: 2, filtered: 1, currentUserId: 'cmetc9zvw0000lx0fvjdkcng1', participantNames: Array(1)}
16:13:58.201 742-f5e44fb4de89ca72.js:1 [CallModal] 🔄 Participants unchanged, skipping re-initialization
16:13:58.202 742-f5e44fb4de89ca72.js:1 [CallModal] 🔍 Connection verification:
16:13:58.202 742-f5e44fb4de89ca72.js:1 [CallModal] - Expected participants: (2) ['cmetcnw9e0000kuy9dooe536g', 'cmetcd54n000plx0f6031986z']
16:13:58.202 742-f5e44fb4de89ca72.js:1 [CallModal] - Active connections: (2) ['cmetcnw9e0000kuy9dooe536g', 'cmetcd54n000plx0f6031986z']
16:13:58.203 742-f5e44fb4de89ca72.js:1 [CallModal] ✅ All expected WebRTC connections are active
16:13:59.170 742-f5e44fb4de89ca72.js:1 [CallModal] Updated peer connections for performance monitoring: 2
16:13:59.171 742-f5e44fb4de89ca72.js:1 [CallModal] Peer connection participants: (2) ['cmetcnw9e0000kuy9dooe536g', 'cmetcd54n000plx0f6031986z']
16:13:59.171 742-f5e44fb4de89ca72.js:1 [CallModal] VideoGrid participants: {total: 2, filtered: 1, currentUserId: 'cmetc9zvw0000lx0fvjdkcng1', participantNames: Array(1)}
16:13:59.172 742-f5e44fb4de89ca72.js:1 [useCallPerformance] Connection states: (2) [{…}, {…}]
16:13:59.172 742-f5e44fb4de89ca72.js:1 [useCallPerformance] Starting monitoring for 2 valid connections
16:13:59.174 742-f5e44fb4de89ca72.js:1 [useCallPerformance] Network metrics: {audioPacketLoss: 0, videoPacketLoss: 0, videoFrameRate: 30, latency: 3, callType: 'video'}
16:13:59.175 742-f5e44fb4de89ca72.js:1 [useCallPerformance] No valid network data yet, assuming good quality
16:13:59.175 742-f5e44fb4de89ca72.js:1 [CallModal] VideoGrid participants: {total: 2, filtered: 1, currentUserId: 'cmetc9zvw0000lx0fvjdkcng1', participantNames: Array(1)}
16:13:59.203 742-f5e44fb4de89ca72.js:1 [CallModal] ⏰ Duration: 10s (start: 2025-09-17T08:13:48.931Z, source: local)
16:13:59.204 742-f5e44fb4de89ca72.js:1 [CallModal] VideoGrid participants: {total: 2, filtered: 1, currentUserId: 'cmetc9zvw0000lx0fvjdkcng1', participantNames: Array(1)}
16:14:00.005 638-11434f29ed368fce.js:1 NotificationContext: Window blurred
16:14:00.007 page-7a89d7867f156a09.js:1 🏠 ChatWindow mounted/re-rendered with conversationId: cmev8zel60000qt0f21sdgql3
16:14:00.012 742-f5e44fb4de89ca72.js:1 [CallModal] VideoGrid participants: {total: 2, filtered: 1, currentUserId: 'cmetc9zvw0000lx0fvjdkcng1', participantNames: Array(1)}
16:14:00.015 layout-d9ae9f9ff0cd665e.js:1 🧹 GlobalNotificationListener: Cleaning up socket listener for new-notification
16:14:00.016 layout-d9ae9f9ff0cd665e.js:1 🌐 GlobalNotificationListener: useEffect triggered {hasSocket: true, hasSession: true, socketConnected: true, socketId: 't-vo6sgonUMSnApdAAAF'}
16:14:00.016 layout-d9ae9f9ff0cd665e.js:1 🚀 GlobalNotificationListener: Setting up global socket listeners for user: cmetc9zvw0000lx0fvjdkcng1
16:14:00.017 layout-d9ae9f9ff0cd665e.js:1 🔄 GlobalNotificationListener: Re-emitted join-user-room for safety
16:14:00.017 layout-d9ae9f9ff0cd665e.js:1 ✅ GlobalNotificationListener: Socket listener registered for new-notification events
16:14:00.018 742-f5e44fb4de89ca72.js:1 [CallModal] 🔄 Participants unchanged, skipping re-initialization
16:14:00.018 742-f5e44fb4de89ca72.js:1 [CallModal] 🔍 Connection verification:
16:14:00.018 742-f5e44fb4de89ca72.js:1 [CallModal] - Expected participants: (2) ['cmetcnw9e0000kuy9dooe536g', 'cmetcd54n000plx0f6031986z']
16:14:00.019 742-f5e44fb4de89ca72.js:1 [CallModal] - Active connections: (2) ['cmetcnw9e0000kuy9dooe536g', 'cmetcd54n000plx0f6031986z']
16:14:00.020 742-f5e44fb4de89ca72.js:1 [CallModal] ✅ All expected WebRTC connections are active
16:14:00.020 742-f5e44fb4de89ca72.js:1 SocketContext: Window blurred, sending pre-blur heartbeat
16:14:00.187 742-f5e44fb4de89ca72.js:1 [CallModal] 🔍 Connection verification:
16:14:00.188 742-f5e44fb4de89ca72.js:1 [CallModal] - Expected participants: (2) ['cmetcnw9e0000kuy9dooe536g', 'cmetcd54n000plx0f6031986z']
16:14:00.188 742-f5e44fb4de89ca72.js:1 [CallModal] - Active connections: (2) ['cmetcnw9e0000kuy9dooe536g', 'cmetcd54n000plx0f6031986z']
16:14:00.188 742-f5e44fb4de89ca72.js:1 [CallModal] ✅ All expected WebRTC connections are active
16:14:00.204 742-f5e44fb4de89ca72.js:1 [CallModal] 🔍 Connection verification:
16:14:00.204 742-f5e44fb4de89ca72.js:1 [CallModal] - Expected participants: (2) ['cmetcnw9e0000kuy9dooe536g', 'cmetcd54n000plx0f6031986z']
16:14:00.204 742-f5e44fb4de89ca72.js:1 [CallModal] - Active connections: (2) ['cmetcnw9e0000kuy9dooe536g', 'cmetcd54n000plx0f6031986z']
16:14:00.204 742-f5e44fb4de89ca72.js:1 [CallModal] ✅ All expected WebRTC connections are active
16:14:00.302 638-11434f29ed368fce.js:1 NotificationContext: Page visibility changed to: false
16:14:00.303 742-f5e44fb4de89ca72.js:1 SocketContext: Tab became hidden, maintaining aggressive background connection
16:14:00.305 page-7a89d7867f156a09.js:1 🏠 ChatWindow mounted/re-rendered with conversationId: cmev8zel60000qt0f21sdgql3
16:14:00.308 742-f5e44fb4de89ca72.js:1 [CallModal] VideoGrid participants: {total: 2, filtered: 1, currentUserId: 'cmetc9zvw0000lx0fvjdkcng1', participantNames: Array(1)}
16:14:00.310 layout-d9ae9f9ff0cd665e.js:1 🧹 GlobalNotificationListener: Cleaning up socket listener for new-notification
16:14:00.311 layout-d9ae9f9ff0cd665e.js:1 🌐 GlobalNotificationListener: useEffect triggered {hasSocket: true, hasSession: true, socketConnected: true, socketId: 't-vo6sgonUMSnApdAAAF'}
16:14:00.311 layout-d9ae9f9ff0cd665e.js:1 🚀 GlobalNotificationListener: Setting up global socket listeners for user: cmetc9zvw0000lx0fvjdkcng1
16:14:00.311 layout-d9ae9f9ff0cd665e.js:1 🔄 GlobalNotificationListener: Re-emitted join-user-room for safety
16:14:00.312 layout-d9ae9f9ff0cd665e.js:1 ✅ GlobalNotificationListener: Socket listener registered for new-notification events
16:14:00.312 742-f5e44fb4de89ca72.js:1 [CallModal] 🔄 Participants unchanged, skipping re-initialization
16:14:00.313 742-f5e44fb4de89ca72.js:1 [CallModal] 🔍 Connection verification:
16:14:00.313 742-f5e44fb4de89ca72.js:1 [CallModal] - Expected participants: (2) ['cmetcnw9e0000kuy9dooe536g', 'cmetcd54n000plx0f6031986z']
16:14:00.313 742-f5e44fb4de89ca72.js:1 [CallModal] - Active connections: (2) ['cmetcnw9e0000kuy9dooe536g', 'cmetcd54n000plx0f6031986z']
16:14:00.314 742-f5e44fb4de89ca72.js:1 [CallModal] ✅ All expected WebRTC connections are active
16:14:00.561 page-7a89d7867f156a09.js:1 User status update received: {userId: 'cmetcnw9e0000kuy9dooe536g', isOnline: true, lastSeen: '2025-09-17T08:14:00.500Z'}
16:14:00.561 page-7a89d7867f156a09.js:1 User status update received: {userId: 'cmetcnw9e0000kuy9dooe536g', isOnline: true, lastSeen: '2025-09-17T08:14:00.500Z'}
16:14:00.562 page-7a89d7867f156a09.js:1 🏠 ChatWindow mounted/re-rendered with conversationId: cmev8zel60000qt0f21sdgql3
16:14:00.569 742-f5e44fb4de89ca72.js:1 [CallModal] VideoGrid participants: {total: 2, filtered: 1, currentUserId: 'cmetc9zvw0000lx0fvjdkcng1', participantNames: Array(1)}
16:14:00.572 page-7a89d7867f156a09.js:1 ChatSidebar: Conversations updated, count: 5
16:14:00.573 page-7a89d7867f156a09.js:1 ChatSidebar: Latest conversation: cmev8zel60000qt0f21sdgql3 last message: cmfnol8g90007kl0feineks18
16:14:00.573 742-f5e44fb4de89ca72.js:1 [CallModal] 🔄 Participants unchanged, skipping re-initialization
16:14:00.574 742-f5e44fb4de89ca72.js:1 [CallModal] 🔍 Connection verification:
16:14:00.574 742-f5e44fb4de89ca72.js:1 [CallModal] - Expected participants: (2) ['cmetcnw9e0000kuy9dooe536g', 'cmetcd54n000plx0f6031986z']
16:14:00.575 742-f5e44fb4de89ca72.js:1 [CallModal] - Active connections: (2) ['cmetcnw9e0000kuy9dooe536g', 'cmetcd54n000plx0f6031986z']
16:14:00.576 742-f5e44fb4de89ca72.js:1 [CallModal] ✅ All expected WebRTC connections are active
16:14:00.577 page-7a89d7867f156a09.js:1 🔄 ChatWindow: Conversation participants count: 3
16:14:00.577 page-7a89d7867f156a09.js:1 🔄 ChatWindow: Participants: (3) [{…}, {…}, {…}]
16:14:00.578 page-7a89d7867f156a09.js:1 🏠 ChatWindow mounted/re-rendered with conversationId: cmev8zel60000qt0f21sdgql3
16:14:00.580 742-f5e44fb4de89ca72.js:1 [CallModal] VideoGrid participants: {total: 2, filtered: 1, currentUserId: 'cmetc9zvw0000lx0fvjdkcng1', participantNames: Array(1)}
16:14:00.585 742-f5e44fb4de89ca72.js:1 [CallModal] 🔄 Participants unchanged, skipping re-initialization
16:14:00.586 742-f5e44fb4de89ca72.js:1 [CallModal] 🔍 Connection verification:
16:14:00.587 742-f5e44fb4de89ca72.js:1 [CallModal] - Expected participants: (2) ['cmetcnw9e0000kuy9dooe536g', 'cmetcd54n000plx0f6031986z']
16:14:00.588 742-f5e44fb4de89ca72.js:1 [CallModal] - Active connections: (2) ['cmetcnw9e0000kuy9dooe536g', 'cmetcd54n000plx0f6031986z']
16:14:00.588 742-f5e44fb4de89ca72.js:1 [CallModal] ✅ All expected WebRTC connections are active
16:14:00.603 page-7a89d7867f156a09.js:1 🏠 ChatWindow mounted/re-rendered with conversationId: cmev8zel60000qt0f21sdgql3
16:14:00.605 742-f5e44fb4de89ca72.js:1 [CallModal] VideoGrid participants: {total: 2, filtered: 1, currentUserId: 'cmetc9zvw0000lx0fvjdkcng1', participantNames: Array(1)}
16:14:00.606 page-7a89d7867f156a09.js:1 ChatSidebar: Conversations updated, count: 5
16:14:00.606 page-7a89d7867f156a09.js:1 ChatSidebar: Latest conversation: cmev8zel60000qt0f21sdgql3 last message: cmfnol8g90007kl0feineks18
16:14:00.607 742-f5e44fb4de89ca72.js:1 [CallModal] 🔄 Participants unchanged, skipping re-initialization
16:14:00.607 742-f5e44fb4de89ca72.js:1 [CallModal] 🔍 Connection verification:
16:14:00.608 742-f5e44fb4de89ca72.js:1 [CallModal] - Expected participants: (2) ['cmetcnw9e0000kuy9dooe536g', 'cmetcd54n000plx0f6031986z']
16:14:00.608 742-f5e44fb4de89ca72.js:1 [CallModal] - Active connections: (2) ['cmetcnw9e0000kuy9dooe536g', 'cmetcd54n000plx0f6031986z']
16:14:00.608 742-f5e44fb4de89ca72.js:1 [CallModal] ✅ All expected WebRTC connections are active
16:14:00.609 page-7a89d7867f156a09.js:1 🔄 ChatWindow: Conversation participants count: 3
16:14:00.609 page-7a89d7867f156a09.js:1 🔄 ChatWindow: Participants: (3) [{…}, {…}, {…}]
16:14:00.610 page-7a89d7867f156a09.js:1 🏠 ChatWindow mounted/re-rendered with conversationId: cmev8zel60000qt0f21sdgql3
16:14:00.613 742-f5e44fb4de89ca72.js:1 [CallModal] VideoGrid participants: {total: 2, filtered: 1, currentUserId: 'cmetc9zvw0000lx0fvjdkcng1', participantNames: Array(1)}
16:14:00.616 742-f5e44fb4de89ca72.js:1 [CallModal] 🔄 Participants unchanged, skipping re-initialization
16:14:00.617 742-f5e44fb4de89ca72.js:1 [CallModal] 🔍 Connection verification:
16:14:00.617 742-f5e44fb4de89ca72.js:1 [CallModal] - Expected participants: (2) ['cmetcnw9e0000kuy9dooe536g', 'cmetcd54n000plx0f6031986z']
16:14:00.617 742-f5e44fb4de89ca72.js:1 [CallModal] - Active connections: (2) ['cmetcnw9e0000kuy9dooe536g', 'cmetcd54n000plx0f6031986z']
16:14:00.617 742-f5e44fb4de89ca72.js:1 [CallModal] ✅ All expected WebRTC connections are active
16:14:00.916 742-f5e44fb4de89ca72.js:1 [WebRTC] Excellent network detected - restoring quality
16:14:00.917 742-f5e44fb4de89ca72.js:1 [WebRTC] Improved audio quality for: cmetcnw9e0000kuy9dooe536g
16:14:00.920 742-f5e44fb4de89ca72.js:1 [WebRTC] Improved video quality for: cmetcnw9e0000kuy9dooe536g
16:14:01.169 742-f5e44fb4de89ca72.js:1 [CallModal] Updated peer connections for performance monitoring: 2
16:14:01.169 742-f5e44fb4de89ca72.js:1 [CallModal] Peer connection participants: (2) ['cmetcnw9e0000kuy9dooe536g', 'cmetcd54n000plx0f6031986z']
16:14:01.170 742-f5e44fb4de89ca72.js:1 [CallModal] VideoGrid participants: {total: 2, filtered: 1, currentUserId: 'cmetc9zvw0000lx0fvjdkcng1', participantNames: Array(1)}
16:14:01.171 742-f5e44fb4de89ca72.js:1 [useCallPerformance] Connection states: (2) [{…}, {…}]
16:14:01.171 742-f5e44fb4de89ca72.js:1 [useCallPerformance] Starting monitoring for 2 valid connections
16:14:01.173 742-f5e44fb4de89ca72.js:1 [useCallPerformance] Network metrics: {audioPacketLoss: 0, videoPacketLoss: 0, videoFrameRate: 27, latency: 1, callType: 'video'}
16:14:01.174 742-f5e44fb4de89ca72.js:1 [useCallPerformance] No valid network data yet, assuming good quality
16:14:01.174 742-f5e44fb4de89ca72.js:1 [CallModal] VideoGrid participants: {total: 2, filtered: 1, currentUserId: 'cmetc9zvw0000lx0fvjdkcng1', participantNames: Array(1)}
16:14:01.201 742-f5e44fb4de89ca72.js:1 [CallModal] VideoGrid participants: {total: 2, filtered: 1, currentUserId: 'cmetc9zvw0000lx0fvjdkcng1', participantNames: Array(1)}
16:14:01.315 page-7a89d7867f156a09.js:1 Updated online status for user cmetcnw9e0000kuy9dooe536g in conversation cmev42y2w0000rv0f55h7qluf
16:14:01.315 page-7a89d7867f156a09.js:1 ChatSidebar: Filtered 5 -> 5 conversations
16:14:01.315 page-7a89d7867f156a09.js:1 ChatSidebar: Final conversation list: (5) [{…}, {…}, {…}, {…}, {…}]
16:14:01.316 page-7a89d7867f156a09.js:1 🏠 ChatWindow mounted/re-rendered with conversationId: cmev8zel60000qt0f21sdgql3
16:14:01.318 742-f5e44fb4de89ca72.js:1 [CallModal] VideoGrid participants: {total: 2, filtered: 1, currentUserId: 'cmetc9zvw0000lx0fvjdkcng1', participantNames: Array(1)}
16:14:01.319 page-7a89d7867f156a09.js:1 ChatSidebar: Conversations updated, count: 5
16:14:01.319 page-7a89d7867f156a09.js:1 ChatSidebar: Latest conversation: cmev8zel60000qt0f21sdgql3 last message: cmfnol8g90007kl0feineks18
16:14:01.320 742-f5e44fb4de89ca72.js:1 [CallModal] 🔄 Participants unchanged, skipping re-initialization
16:14:01.320 742-f5e44fb4de89ca72.js:1 [CallModal] 🔍 Connection verification:
16:14:01.320 742-f5e44fb4de89ca72.js:1 [CallModal] - Expected participants: (2) ['cmetcnw9e0000kuy9dooe536g', 'cmetcd54n000plx0f6031986z']
16:14:01.320 742-f5e44fb4de89ca72.js:1 [CallModal] - Active connections: (2) ['cmetcnw9e0000kuy9dooe536g', 'cmetcd54n000plx0f6031986z']
16:14:01.321 742-f5e44fb4de89ca72.js:1 [CallModal] ✅ All expected WebRTC connections are active
16:14:01.321 page-7a89d7867f156a09.js:1 🔄 ChatWindow: Conversation participants count: 3
16:14:01.321 page-7a89d7867f156a09.js:1 🔄 ChatWindow: Participants: (3) [{…}, {…}, {…}]
16:14:01.322 page-7a89d7867f156a09.js:1 🏠 ChatWindow mounted/re-rendered with conversationId: cmev8zel60000qt0f21sdgql3
16:14:01.326 742-f5e44fb4de89ca72.js:1 [CallModal] VideoGrid participants: {total: 2, filtered: 1, currentUserId: 'cmetc9zvw0000lx0fvjdkcng1', participantNames: Array(1)}
16:14:01.327 742-f5e44fb4de89ca72.js:1 [CallModal] 🔄 Participants unchanged, skipping re-initialization
16:14:01.328 742-f5e44fb4de89ca72.js:1 [CallModal] 🔍 Connection verification:
16:14:01.328 742-f5e44fb4de89ca72.js:1 [CallModal] - Expected participants: (2) ['cmetcnw9e0000kuy9dooe536g', 'cmetcd54n000plx0f6031986z']
16:14:01.329 742-f5e44fb4de89ca72.js:1 [CallModal] - Active connections: (2) ['cmetcnw9e0000kuy9dooe536g', 'cmetcd54n000plx0f6031986z']
16:14:01.329 742-f5e44fb4de89ca72.js:1 [CallModal] ✅ All expected WebRTC connections are active
16:14:02.020 742-f5e44fb4de89ca72.js:1 [CallModal] 🔍 Connection verification:
16:14:02.020 742-f5e44fb4de89ca72.js:1 [CallModal] - Expected participants: (2) ['cmetcnw9e0000kuy9dooe536g', 'cmetcd54n000plx0f6031986z']
16:14:02.020 742-f5e44fb4de89ca72.js:1 [CallModal] - Active connections: (2) ['cmetcnw9e0000kuy9dooe536g', 'cmetcd54n000plx0f6031986z']
16:14:02.021 742-f5e44fb4de89ca72.js:1 [CallModal] ✅ All expected WebRTC connections are active
16:14:02.315 742-f5e44fb4de89ca72.js:1 [CallModal] 🔍 Connection verification:
16:14:02.315 742-f5e44fb4de89ca72.js:1 [CallModal] - Expected participants: (2) ['cmetcnw9e0000kuy9dooe536g', 'cmetcd54n000plx0f6031986z']
16:14:02.315 742-f5e44fb4de89ca72.js:1 [CallModal] - Active connections: (2) ['cmetcnw9e0000kuy9dooe536g', 'cmetcd54n000plx0f6031986z']
16:14:02.315 742-f5e44fb4de89ca72.js:1 [CallModal] ✅ All expected WebRTC connections are active
16:14:02.329 742-f5e44fb4de89ca72.js:1 [CallModal] VideoGrid participants: {total: 2, filtered: 1, currentUserId: 'cmetc9zvw0000lx0fvjdkcng1', participantNames: Array(1)}
16:14:02.422 742-f5e44fb4de89ca72.js:1 [CallModal] VideoGrid participants: {total: 2, filtered: 1, currentUserId: 'cmetc9zvw0000lx0fvjdkcng1', participantNames: Array(1)}
16:14:02.577 742-f5e44fb4de89ca72.js:1 [CallModal] 🔍 Connection verification:
16:14:02.577 742-f5e44fb4de89ca72.js:1 [CallModal] - Expected participants: (2) ['cmetcnw9e0000kuy9dooe536g', 'cmetcd54n000plx0f6031986z']
16:14:02.578 742-f5e44fb4de89ca72.js:1 [CallModal] - Active connections: (2) ['cmetcnw9e0000kuy9dooe536g', 'cmetcd54n000plx0f6031986z']
16:14:02.578 742-f5e44fb4de89ca72.js:1 [CallModal] ✅ All expected WebRTC connections are active
16:14:02.590 742-f5e44fb4de89ca72.js:1 [CallModal] 🔍 Connection verification:
16:14:02.590 742-f5e44fb4de89ca72.js:1 [CallModal] - Expected participants: (2) ['cmetcnw9e0000kuy9dooe536g', 'cmetcd54n000plx0f6031986z']
16:14:02.590 742-f5e44fb4de89ca72.js:1 [CallModal] - Active connections: (2) ['cmetcnw9e0000kuy9dooe536g', 'cmetcd54n000plx0f6031986z']
16:14:02.590 742-f5e44fb4de89ca72.js:1 [CallModal] ✅ All expected WebRTC connections are active
16:14:02.609 742-f5e44fb4de89ca72.js:1 [CallModal] 🔍 Connection verification:
16:14:02.610 742-f5e44fb4de89ca72.js:1 [CallModal] - Expected participants: (2) ['cmetcnw9e0000kuy9dooe536g', 'cmetcd54n000plx0f6031986z']
16:14:02.610 742-f5e44fb4de89ca72.js:1 [CallModal] - Active connections: (2) ['cmetcnw9e0000kuy9dooe536g', 'cmetcd54n000plx0f6031986z']
16:14:02.610 742-f5e44fb4de89ca72.js:1 [CallModal] ✅ All expected WebRTC connections are active
16:14:02.618 742-f5e44fb4de89ca72.js:1 [CallModal] 🔍 Connection verification:
16:14:02.618 742-f5e44fb4de89ca72.js:1 [CallModal] - Expected participants: (2) ['cmetcnw9e0000kuy9dooe536g', 'cmetcd54n000plx0f6031986z']
16:14:02.618 742-f5e44fb4de89ca72.js:1 [CallModal] - Active connections: (2) ['cmetcnw9e0000kuy9dooe536g', 'cmetcd54n000plx0f6031986z']
16:14:02.618 742-f5e44fb4de89ca72.js:1 [CallModal] ✅ All expected WebRTC connections are active
16:14:03.169 742-f5e44fb4de89ca72.js:1 [CallModal] Updated peer connections for performance monitoring: 2
16:14:03.169 742-f5e44fb4de89ca72.js:1 [CallModal] Peer connection participants: (2) ['cmetcnw9e0000kuy9dooe536g', 'cmetcd54n000plx0f6031986z']
16:14:03.170 742-f5e44fb4de89ca72.js:1 [CallModal] VideoGrid participants: {total: 2, filtered: 1, currentUserId: 'cmetc9zvw0000lx0fvjdkcng1', participantNames: Array(1)}
16:14:03.171 742-f5e44fb4de89ca72.js:1 [useCallPerformance] Connection states: (2) [{…}, {…}]
16:14:03.172 742-f5e44fb4de89ca72.js:1 [useCallPerformance] Starting monitoring for 2 valid connections
16:14:03.174 742-f5e44fb4de89ca72.js:1 [useCallPerformance] Network metrics: {audioPacketLoss: 0, videoPacketLoss: 0, videoFrameRate: 29, latency: 1, callType: 'video'}
16:14:03.175 742-f5e44fb4de89ca72.js:1 [useCallPerformance] No valid network data yet, assuming good quality
16:14:03.176 742-f5e44fb4de89ca72.js:1 [CallModal] VideoGrid participants: {total: 2, filtered: 1, currentUserId: 'cmetc9zvw0000lx0fvjdkcng1', participantNames: Array(1)}
16:14:03.321 742-f5e44fb4de89ca72.js:1 [CallModal] 🔍 Connection verification:
16:14:03.322 742-f5e44fb4de89ca72.js:1 [CallModal] - Expected participants: (2) ['cmetcnw9e0000kuy9dooe536g', 'cmetcd54n000plx0f6031986z']
16:14:03.322 742-f5e44fb4de89ca72.js:1 [CallModal] - Active connections: (2) ['cmetcnw9e0000kuy9dooe536g', 'cmetcd54n000plx0f6031986z']
16:14:03.322 742-f5e44fb4de89ca72.js:1 [CallModal] ✅ All expected WebRTC connections are active
16:14:03.329 742-f5e44fb4de89ca72.js:1 [CallModal] VideoGrid participants: {total: 2, filtered: 1, currentUserId: 'cmetc9zvw0000lx0fvjdkcng1', participantNames: Array(1)}
16:14:03.331 742-f5e44fb4de89ca72.js:1 [CallModal] 🔍 Connection verification:
16:14:03.332 742-f5e44fb4de89ca72.js:1 [CallModal] - Expected participants: (2) ['cmetcnw9e0000kuy9dooe536g', 'cmetcd54n000plx0f6031986z']
16:14:03.332 742-f5e44fb4de89ca72.js:1 [CallModal] - Active connections: (2) ['cmetcnw9e0000kuy9dooe536g', 'cmetcd54n000plx0f6031986z']
16:14:03.332 742-f5e44fb4de89ca72.js:1 [CallModal] ✅ All expected WebRTC connections are active
16:14:03.843 742-f5e44fb4de89ca72.js:1 [CallModal] VideoGrid participants: {total: 2, filtered: 1, currentUserId: 'cmetc9zvw0000lx0fvjdkcng1', participantNames: Array(1)}
16:14:03.915 742-f5e44fb4de89ca72.js:1 [WebRTC] Excellent network detected - restoring quality
16:14:03.916 742-f5e44fb4de89ca72.js:1 [WebRTC] Improved audio quality for: cmetcnw9e0000kuy9dooe536g
16:14:03.916 742-f5e44fb4de89ca72.js:1 [WebRTC] Improved video quality for: cmetcnw9e0000kuy9dooe536g
16:14:04.342 742-f5e44fb4de89ca72.js:1 [CallModal] VideoGrid participants: {total: 2, filtered: 1, currentUserId: 'cmetc9zvw0000lx0fvjdkcng1', participantNames: Array(1)}
16:14:05.170 742-f5e44fb4de89ca72.js:1 [CallModal] Updated peer connections for performance monitoring: 2
16:14:05.171 742-f5e44fb4de89ca72.js:1 [CallModal] Peer connection participants: (2) ['cmetcnw9e0000kuy9dooe536g', 'cmetcd54n000plx0f6031986z']
16:14:05.172 742-f5e44fb4de89ca72.js:1 [CallModal] VideoGrid participants: {total: 2, filtered: 1, currentUserId: 'cmetc9zvw0000lx0fvjdkcng1', participantNames: Array(1)}
16:14:05.172 742-f5e44fb4de89ca72.js:1 [useCallPerformance] Connection states: (2) [{…}, {…}]
16:14:05.173 742-f5e44fb4de89ca72.js:1 [useCallPerformance] Starting monitoring for 2 valid connections
16:14:05.174 742-f5e44fb4de89ca72.js:1 [useCallPerformance] Network metrics: {audioPacketLoss: 0, videoPacketLoss: 0, videoFrameRate: 28, latency: 2, callType: 'video'}
16:14:05.175 742-f5e44fb4de89ca72.js:1 [useCallPerformance] No valid network data yet, assuming good quality
16:14:05.176 742-f5e44fb4de89ca72.js:1 [CallModal] VideoGrid participants: {total: 2, filtered: 1, currentUserId: 'cmetc9zvw0000lx0fvjdkcng1', participantNames: Array(1)}
16:14:05.330 742-f5e44fb4de89ca72.js:1 [CallModal] VideoGrid participants: {total: 2, filtered: 1, currentUserId: 'cmetc9zvw0000lx0fvjdkcng1', participantNames: Array(1)}
16:14:06.329 742-f5e44fb4de89ca72.js:1 [CallModal] VideoGrid participants: {total: 2, filtered: 1, currentUserId: 'cmetc9zvw0000lx0fvjdkcng1', participantNames: Array(1)}
16:14:06.541 742-f5e44fb4de89ca72.js:1 SocketContext: Background heartbeat sent for hidden tab
16:14:06.887 742-f5e44fb4de89ca72.js:1 [VoiceActivity] Volume analysis: {average: '8.7', volume: '-29.4', threshold: -40, speaking: false, finalSpeaking: false, …}
16:14:06.915 742-f5e44fb4de89ca72.js:1 [WebRTC] Excellent network detected - restoring quality
16:14:06.916 742-f5e44fb4de89ca72.js:1 [WebRTC] Improved audio quality for: cmetcnw9e0000kuy9dooe536g
16:14:06.917 742-f5e44fb4de89ca72.js:1 [WebRTC] Improved video quality for: cmetcnw9e0000kuy9dooe536g
16:14:07.170 742-f5e44fb4de89ca72.js:1 [CallModal] Updated peer connections for performance monitoring: 2
16:14:07.170 742-f5e44fb4de89ca72.js:1 [CallModal] Peer connection participants: (2) ['cmetcnw9e0000kuy9dooe536g', 'cmetcd54n000plx0f6031986z']
16:14:07.170 742-f5e44fb4de89ca72.js:1 [CallModal] VideoGrid participants: {total: 2, filtered: 1, currentUserId: 'cmetc9zvw0000lx0fvjdkcng1', participantNames: Array(1)}
16:14:07.171 742-f5e44fb4de89ca72.js:1 [useCallPerformance] Connection states: (2) [{…}, {…}]
16:14:07.171 742-f5e44fb4de89ca72.js:1 [useCallPerformance] Starting monitoring for 2 valid connections
16:14:07.173 742-f5e44fb4de89ca72.js:1 [useCallPerformance] Network metrics: {audioPacketLoss: 0, videoPacketLoss: 0, videoFrameRate: 30, latency: 2, callType: 'video'}
16:14:07.174 742-f5e44fb4de89ca72.js:1 [useCallPerformance] No valid network data yet, assuming good quality
16:14:07.174 742-f5e44fb4de89ca72.js:1 [CallModal] VideoGrid participants: {total: 2, filtered: 1, currentUserId: 'cmetc9zvw0000lx0fvjdkcng1', participantNames: Array(1)}
16:14:07.341 742-f5e44fb4de89ca72.js:1 [CallModal] VideoGrid participants: {total: 2, filtered: 1, currentUserId: 'cmetc9zvw0000lx0fvjdkcng1', participantNames: Array(1)}
16:14:07.391 742-f5e44fb4de89ca72.js:1 [VoiceActivity] Volume analysis: {average: '10.7', volume: '-27.6', threshold: -50, speaking: false, finalSpeaking: false, …}
16:14:07.636 638-11434f29ed368fce.js:1 NotificationContext: Window focused
16:14:07.637 page-7a89d7867f156a09.js:1 🏠 ChatWindow mounted/re-rendered with conversationId: cmev8zel60000qt0f21sdgql3
16:14:07.640 742-f5e44fb4de89ca72.js:1 [CallModal] VideoGrid participants: {total: 2, filtered: 1, currentUserId: 'cmetc9zvw0000lx0fvjdkcng1', participantNames: Array(1)}
16:14:07.642 layout-d9ae9f9ff0cd665e.js:1 🧹 GlobalNotificationListener: Cleaning up socket listener for new-notification
16:14:07.642 layout-d9ae9f9ff0cd665e.js:1 🌐 GlobalNotificationListener: useEffect triggered {hasSocket: true, hasSession: true, socketConnected: true, socketId: 't-vo6sgonUMSnApdAAAF'}
16:14:07.642 layout-d9ae9f9ff0cd665e.js:1 🚀 GlobalNotificationListener: Setting up global socket listeners for user: cmetc9zvw0000lx0fvjdkcng1
16:14:07.642 layout-d9ae9f9ff0cd665e.js:1 🔄 GlobalNotificationListener: Re-emitted join-user-room for safety
16:14:07.643 layout-d9ae9f9ff0cd665e.js:1 ✅ GlobalNotificationListener: Socket listener registered for new-notification events
16:14:07.643 742-f5e44fb4de89ca72.js:1 [CallModal] 🔄 Participants unchanged, skipping re-initialization
16:14:07.643 742-f5e44fb4de89ca72.js:1 [CallModal] 🔍 Connection verification:
16:14:07.643 742-f5e44fb4de89ca72.js:1 [CallModal] - Expected participants: (2) ['cmetcnw9e0000kuy9dooe536g', 'cmetcd54n000plx0f6031986z']
16:14:07.644 742-f5e44fb4de89ca72.js:1 [CallModal] - Active connections: (2) ['cmetcnw9e0000kuy9dooe536g', 'cmetcd54n000plx0f6031986z']
16:14:07.644 742-f5e44fb4de89ca72.js:1 [CallModal] ✅ All expected WebRTC connections are active
16:14:07.645 742-f5e44fb4de89ca72.js:1 SocketContext: Window focused, refreshing connection
16:14:07.698 638-11434f29ed368fce.js:1 NotificationContext: Page visibility changed to: true
16:14:07.699 742-f5e44fb4de89ca72.js:1 SocketContext: Tab became visible, re-establishing connection
16:14:07.701 page-7a89d7867f156a09.js:1 🏠 ChatWindow mounted/re-rendered with conversationId: cmev8zel60000qt0f21sdgql3
16:14:07.704 742-f5e44fb4de89ca72.js:1 [CallModal] VideoGrid participants: {total: 2, filtered: 1, currentUserId: 'cmetc9zvw0000lx0fvjdkcng1', participantNames: Array(1)}
16:14:07.706 layout-d9ae9f9ff0cd665e.js:1 🧹 GlobalNotificationListener: Cleaning up socket listener for new-notification
16:14:07.706 layout-d9ae9f9ff0cd665e.js:1 🌐 GlobalNotificationListener: useEffect triggered {hasSocket: true, hasSession: true, socketConnected: true, socketId: 't-vo6sgonUMSnApdAAAF'}
16:14:07.706 layout-d9ae9f9ff0cd665e.js:1 🚀 GlobalNotificationListener: Setting up global socket listeners for user: cmetc9zvw0000lx0fvjdkcng1
16:14:07.706 layout-d9ae9f9ff0cd665e.js:1 🔄 GlobalNotificationListener: Re-emitted join-user-room for safety
16:14:07.707 layout-d9ae9f9ff0cd665e.js:1 ✅ GlobalNotificationListener: Socket listener registered for new-notification events
16:14:07.707 742-f5e44fb4de89ca72.js:1 [CallModal] 🔄 Participants unchanged, skipping re-initialization
16:14:07.708 742-f5e44fb4de89ca72.js:1 [CallModal] 🔍 Connection verification:
16:14:07.708 742-f5e44fb4de89ca72.js:1 [CallModal] - Expected participants: (2) ['cmetcnw9e0000kuy9dooe536g', 'cmetcd54n000plx0f6031986z']
16:14:07.709 742-f5e44fb4de89ca72.js:1 [CallModal] - Active connections: (2) ['cmetcnw9e0000kuy9dooe536g', 'cmetcd54n000plx0f6031986z']
16:14:07.709 742-f5e44fb4de89ca72.js:1 [CallModal] ✅ All expected WebRTC connections are active
16:14:07.724 page-7a89d7867f156a09.js:1 🏠 ChatWindow mounted/re-rendered with conversationId: cmev8zel60000qt0f21sdgql3
16:14:07.725 page-7a89d7867f156a09.js:1 Updated online status for user cmetcnw9e0000kuy9dooe536g in conversation cmev8zel60000qt0f21sdgql3
16:14:07.730 742-f5e44fb4de89ca72.js:1 [CallModal] VideoGrid participants: {total: 2, filtered: 1, currentUserId: 'cmetc9zvw0000lx0fvjdkcng1', participantNames: Array(1)}
16:14:07.734 page-7a89d7867f156a09.js:1 ChatSidebar: Conversations updated, count: 5
16:14:07.734 page-7a89d7867f156a09.js:1 ChatSidebar: Latest conversation: cmev8zel60000qt0f21sdgql3 last message: cmfnol8g90007kl0feineks18
16:14:07.735 742-f5e44fb4de89ca72.js:1 [CallModal] 🔄 Participants unchanged, skipping re-initialization
16:14:07.735 742-f5e44fb4de89ca72.js:1 [CallModal] 🔍 Connection verification:
16:14:07.735 742-f5e44fb4de89ca72.js:1 [CallModal] - Expected participants: (2) ['cmetcnw9e0000kuy9dooe536g', 'cmetcd54n000plx0f6031986z']
16:14:07.735 742-f5e44fb4de89ca72.js:1 [CallModal] - Active connections: (2) ['cmetcnw9e0000kuy9dooe536g', 'cmetcd54n000plx0f6031986z']
16:14:07.736 742-f5e44fb4de89ca72.js:1 [CallModal] ✅ All expected WebRTC connections are active
16:14:07.736 page-7a89d7867f156a09.js:1 🔄 ChatWindow: Conversation participants count: 3
16:14:07.736 page-7a89d7867f156a09.js:1 🔄 ChatWindow: Participants: (3) [{…}, {…}, {…}]
16:14:07.737 page-7a89d7867f156a09.js:1 🏠 ChatWindow mounted/re-rendered with conversationId: cmev8zel60000qt0f21sdgql3
16:14:07.740 742-f5e44fb4de89ca72.js:1 [CallModal] VideoGrid participants: {total: 2, filtered: 1, currentUserId: 'cmetc9zvw0000lx0fvjdkcng1', participantNames: Array(1)}
16:14:07.742 742-f5e44fb4de89ca72.js:1 [CallModal] 🔄 Participants unchanged, skipping re-initialization
16:14:07.742 742-f5e44fb4de89ca72.js:1 [CallModal] 🔍 Connection verification:
16:14:07.743 742-f5e44fb4de89ca72.js:1 [CallModal] - Expected participants: (2) ['cmetcnw9e0000kuy9dooe536g', 'cmetcd54n000plx0f6031986z']
16:14:07.743 742-f5e44fb4de89ca72.js:1 [CallModal] - Active connections: (2) ['cmetcnw9e0000kuy9dooe536g', 'cmetcd54n000plx0f6031986z']
16:14:07.744 742-f5e44fb4de89ca72.js:1 [CallModal] ✅ All expected WebRTC connections are active
16:14:07.770 page-7a89d7867f156a09.js:1 🏠 ChatWindow mounted/re-rendered with conversationId: cmev8zel60000qt0f21sdgql3
16:14:07.772 742-f5e44fb4de89ca72.js:1 [CallModal] VideoGrid participants: {total: 2, filtered: 1, currentUserId: 'cmetc9zvw0000lx0fvjdkcng1', participantNames: Array(1)}
16:14:07.774 layout-d9ae9f9ff0cd665e.js:1 🧹 GlobalNotificationListener: Cleaning up socket listener for new-notification
16:14:07.774 layout-d9ae9f9ff0cd665e.js:1 🌐 GlobalNotificationListener: useEffect triggered {hasSocket: true, hasSession: true, socketConnected: true, socketId: 't-vo6sgonUMSnApdAAAF'}
16:14:07.775 layout-d9ae9f9ff0cd665e.js:1 🚀 GlobalNotificationListener: Setting up global socket listeners for user: cmetc9zvw0000lx0fvjdkcng1
16:14:07.775 layout-d9ae9f9ff0cd665e.js:1 🔄 GlobalNotificationListener: Re-emitted join-user-room for safety
16:14:07.775 layout-d9ae9f9ff0cd665e.js:1 ✅ GlobalNotificationListener: Socket listener registered for new-notification events
16:14:07.775 742-f5e44fb4de89ca72.js:1 [CallModal] 🔄 Participants unchanged, skipping re-initialization
16:14:07.776 742-f5e44fb4de89ca72.js:1 [CallModal] 🔍 Connection verification:
16:14:07.776 742-f5e44fb4de89ca72.js:1 [CallModal] - Expected participants: (2) ['cmetcnw9e0000kuy9dooe536g', 'cmetcd54n000plx0f6031986z']
16:14:07.776 742-f5e44fb4de89ca72.js:1 [CallModal] - Active connections: (2) ['cmetcnw9e0000kuy9dooe536g', 'cmetcd54n000plx0f6031986z']
16:14:07.777 742-f5e44fb4de89ca72.js:1 [CallModal] ✅ All expected WebRTC connections are active
16:14:07.804 page-7a89d7867f156a09.js:1 ChatSidebar: Filtered 5 -> 5 conversations
16:14:07.804 page-7a89d7867f156a09.js:1 ChatSidebar: Final conversation list: (5) [{…}, {…}, {…}, {…}, {…}]
16:14:07.807 page-7a89d7867f156a09.js:1 Updated online status for user cmetcnw9e0000kuy9dooe536g in conversation cmev8zel60000qt0f21sdgql3
16:14:07.807 page-7a89d7867f156a09.js:1 🏠 ChatWindow mounted/re-rendered with conversationId: cmev8zel60000qt0f21sdgql3
16:14:07.813 742-f5e44fb4de89ca72.js:1 [CallModal] VideoGrid participants: {total: 2, filtered: 1, currentUserId: 'cmetc9zvw0000lx0fvjdkcng1', participantNames: Array(1)}
16:14:07.818 page-7a89d7867f156a09.js:1 ChatSidebar: Conversations updated, count: 5
16:14:07.819 page-7a89d7867f156a09.js:1 ChatSidebar: Latest conversation: cmev8zel60000qt0f21sdgql3 last message: cmfnol8g90007kl0feineks18
16:14:07.819 742-f5e44fb4de89ca72.js:1 [CallModal] 🔄 Participants unchanged, skipping re-initialization
16:14:07.820 742-f5e44fb4de89ca72.js:1 [CallModal] 🔍 Connection verification:
16:14:07.820 742-f5e44fb4de89ca72.js:1 [CallModal] - Expected participants: (2) ['cmetcnw9e0000kuy9dooe536g', 'cmetcd54n000plx0f6031986z']
16:14:07.821 742-f5e44fb4de89ca72.js:1 [CallModal] - Active connections: (2) ['cmetcnw9e0000kuy9dooe536g', 'cmetcd54n000plx0f6031986z']
16:14:07.821 742-f5e44fb4de89ca72.js:1 [CallModal] ✅ All expected WebRTC connections are active
16:14:07.822 page-7a89d7867f156a09.js:1 🔄 ChatWindow: Conversation participants count: 3
16:14:07.822 page-7a89d7867f156a09.js:1 🔄 ChatWindow: Participants: (3) [{…}, {…}, {…}]
16:14:07.823 page-7a89d7867f156a09.js:1 🏠 ChatWindow mounted/re-rendered with conversationId: cmev8zel60000qt0f21sdgql3
16:14:07.826 742-f5e44fb4de89ca72.js:1 [CallModal] VideoGrid participants: {total: 2, filtered: 1, currentUserId: 'cmetc9zvw0000lx0fvjdkcng1', participantNames: Array(1)}
16:14:07.827 742-f5e44fb4de89ca72.js:1 [CallModal] 🔄 Participants unchanged, skipping re-initialization
16:14:07.828 742-f5e44fb4de89ca72.js:1 [CallModal] 🔍 Connection verification:
16:14:07.828 742-f5e44fb4de89ca72.js:1 [CallModal] - Expected participants: (2) ['cmetcnw9e0000kuy9dooe536g', 'cmetcd54n000plx0f6031986z']
16:14:07.828 742-f5e44fb4de89ca72.js:1 [CallModal] - Active connections: (2) ['cmetcnw9e0000kuy9dooe536g', 'cmetcd54n000plx0f6031986z']
16:14:07.829 742-f5e44fb4de89ca72.js:1 [CallModal] ✅ All expected WebRTC connections are active
16:14:08.137 page-7a89d7867f156a09.js:1 User status update received: {userId: 'cmetcnw9e0000kuy9dooe536g', isOnline: true, lastSeen: '2025-09-17T08:14:08.069Z'}
16:14:08.139 page-7a89d7867f156a09.js:1 ChatSidebar: Filtered 5 -> 5 conversations
16:14:08.139 page-7a89d7867f156a09.js:1 ChatSidebar: Final conversation list: (5) [{…}, {…}, {…}, {…}, {…}]
16:14:08.140 page-7a89d7867f156a09.js:1 🏠 ChatWindow mounted/re-rendered with conversationId: cmev8zel60000qt0f21sdgql3
16:14:08.143 742-f5e44fb4de89ca72.js:1 [CallModal] VideoGrid participants: {total: 2, filtered: 1, currentUserId: 'cmetc9zvw0000lx0fvjdkcng1', participantNames: Array(1)}
16:14:08.147 page-7a89d7867f156a09.js:1 ChatSidebar: Conversations updated, count: 5
16:14:08.147 page-7a89d7867f156a09.js:1 ChatSidebar: Latest conversation: cmev8zel60000qt0f21sdgql3 last message: cmfnol8g90007kl0feineks18
16:14:08.148 742-f5e44fb4de89ca72.js:1 [CallModal] 🔄 Participants unchanged, skipping re-initialization
16:14:08.148 742-f5e44fb4de89ca72.js:1 [CallModal] 🔍 Connection verification:
16:14:08.149 742-f5e44fb4de89ca72.js:1 [CallModal] - Expected participants: (2) ['cmetcnw9e0000kuy9dooe536g', 'cmetcd54n000plx0f6031986z']
16:14:08.149 742-f5e44fb4de89ca72.js:1 [CallModal] - Active connections: (2) ['cmetcnw9e0000kuy9dooe536g', 'cmetcd54n000plx0f6031986z']
16:14:08.149 742-f5e44fb4de89ca72.js:1 [CallModal] ✅ All expected WebRTC connections are active
16:14:08.150 page-7a89d7867f156a09.js:1 🔄 ChatWindow: Conversation participants count: 3
16:14:08.150 page-7a89d7867f156a09.js:1 🔄 ChatWindow: Participants: (3) [{…}, {…}, {…}]
16:14:08.151 page-7a89d7867f156a09.js:1 🏠 ChatWindow mounted/re-rendered with conversationId: cmev8zel60000qt0f21sdgql3
16:14:08.154 742-f5e44fb4de89ca72.js:1 [CallModal] VideoGrid participants: {total: 2, filtered: 1, currentUserId: 'cmetc9zvw0000lx0fvjdkcng1', participantNames: Array(1)}
16:14:08.156 742-f5e44fb4de89ca72.js:1 [CallModal] 🔄 Participants unchanged, skipping re-initialization
16:14:08.156 742-f5e44fb4de89ca72.js:1 [CallModal] 🔍 Connection verification:
16:14:08.156 742-f5e44fb4de89ca72.js:1 [CallModal] - Expected participants: (2) ['cmetcnw9e0000kuy9dooe536g', 'cmetcd54n000plx0f6031986z']
16:14:08.157 742-f5e44fb4de89ca72.js:1 [CallModal] - Active connections: (2) ['cmetcnw9e0000kuy9dooe536g', 'cmetcd54n000plx0f6031986z']
16:14:08.157 742-f5e44fb4de89ca72.js:1 [CallModal] ✅ All expected WebRTC connections are active
16:14:08.615 638-11434f29ed368fce.js:1 NotificationContext: Window blurred
16:14:08.616 page-7a89d7867f156a09.js:1 🏠 ChatWindow mounted/re-rendered with conversationId: cmev8zel60000qt0f21sdgql3
16:14:08.618 742-f5e44fb4de89ca72.js:1 [CallModal] VideoGrid participants: {total: 2, filtered: 1, currentUserId: 'cmetc9zvw0000lx0fvjdkcng1', participantNames: Array(1)}
16:14:08.621 layout-d9ae9f9ff0cd665e.js:1 🧹 GlobalNotificationListener: Cleaning up socket listener for new-notification
16:14:08.621 layout-d9ae9f9ff0cd665e.js:1 🌐 GlobalNotificationListener: useEffect triggered {hasSocket: true, hasSession: true, socketConnected: true, socketId: 't-vo6sgonUMSnApdAAAF'}
16:14:08.622 layout-d9ae9f9ff0cd665e.js:1 🚀 GlobalNotificationListener: Setting up global socket listeners for user: cmetc9zvw0000lx0fvjdkcng1
16:14:08.623 layout-d9ae9f9ff0cd665e.js:1 🔄 GlobalNotificationListener: Re-emitted join-user-room for safety
16:14:08.623 layout-d9ae9f9ff0cd665e.js:1 ✅ GlobalNotificationListener: Socket listener registered for new-notification events
16:14:08.623 742-f5e44fb4de89ca72.js:1 [CallModal] 🔄 Participants unchanged, skipping re-initialization
16:14:08.624 742-f5e44fb4de89ca72.js:1 [CallModal] 🔍 Connection verification:
16:14:08.624 742-f5e44fb4de89ca72.js:1 [CallModal] - Expected participants: (2) ['cmetcnw9e0000kuy9dooe536g', 'cmetcd54n000plx0f6031986z']
16:14:08.625 742-f5e44fb4de89ca72.js:1 [CallModal] - Active connections: (2) ['cmetcnw9e0000kuy9dooe536g', 'cmetcd54n000plx0f6031986z']
16:14:08.625 742-f5e44fb4de89ca72.js:1 [CallModal] ✅ All expected WebRTC connections are active
16:14:08.625 742-f5e44fb4de89ca72.js:1 SocketContext: Window blurred, sending pre-blur heartbeat
16:14:08.700 742-f5e44fb4de89ca72.js:1 SocketContext: Additional heartbeat sent after becoming visible
16:14:08.861 638-11434f29ed368fce.js:1 NotificationContext: Page visibility changed to: false
16:14:08.862 742-f5e44fb4de89ca72.js:1 SocketContext: Tab became hidden, maintaining aggressive background connection
16:14:08.866 page-7a89d7867f156a09.js:1 🏠 ChatWindow mounted/re-rendered with conversationId: cmev8zel60000qt0f21sdgql3
16:14:08.868 742-f5e44fb4de89ca72.js:1 [CallModal] VideoGrid participants: {total: 2, filtered: 1, currentUserId: 'cmetc9zvw0000lx0fvjdkcng1', participantNames: Array(1)}
16:14:08.869 layout-d9ae9f9ff0cd665e.js:1 🧹 GlobalNotificationListener: Cleaning up socket listener for new-notification
16:14:08.869 layout-d9ae9f9ff0cd665e.js:1 🌐 GlobalNotificationListener: useEffect triggered {hasSocket: true, hasSession: true, socketConnected: true, socketId: 't-vo6sgonUMSnApdAAAF'}
16:14:08.870 layout-d9ae9f9ff0cd665e.js:1 🚀 GlobalNotificationListener: Setting up global socket listeners for user: cmetc9zvw0000lx0fvjdkcng1
16:14:08.870 layout-d9ae9f9ff0cd665e.js:1 🔄 GlobalNotificationListener: Re-emitted join-user-room for safety
16:14:08.870 layout-d9ae9f9ff0cd665e.js:1 ✅ GlobalNotificationListener: Socket listener registered for new-notification events
16:14:08.870 742-f5e44fb4de89ca72.js:1 [CallModal] 🔄 Participants unchanged, skipping re-initialization
16:14:08.870 742-f5e44fb4de89ca72.js:1 [CallModal] 🔍 Connection verification:
16:14:08.871 742-f5e44fb4de89ca72.js:1 [CallModal] - Expected participants: (2) ['cmetcnw9e0000kuy9dooe536g', 'cmetcd54n000plx0f6031986z']
16:14:08.871 742-f5e44fb4de89ca72.js:1 [CallModal] - Active connections: (2) ['cmetcnw9e0000kuy9dooe536g', 'cmetcd54n000plx0f6031986z']
16:14:08.871 742-f5e44fb4de89ca72.js:1 [CallModal] ✅ All expected WebRTC connections are active
16:14:09.056 page-7a89d7867f156a09.js:1 User status update received: {userId: 'cmetcnw9e0000kuy9dooe536g', isOnline: true, lastSeen: '2025-09-17T08:14:08.958Z'}
16:14:09.056 page-7a89d7867f156a09.js:1 User status update received: {userId: 'cmetcnw9e0000kuy9dooe536g', isOnline: true, lastSeen: '2025-09-17T08:14:08.958Z'}
16:14:09.058 page-7a89d7867f156a09.js:1 Updated online status for user cmetcnw9e0000kuy9dooe536g in conversation cmev42y2w0000rv0f55h7qluf
16:14:09.059 page-7a89d7867f156a09.js:1 ChatSidebar: Filtered 5 -> 5 conversations
16:14:09.059 page-7a89d7867f156a09.js:1 ChatSidebar: Final conversation list: (5) [{…}, {…}, {…}, {…}, {…}]
16:14:09.060 page-7a89d7867f156a09.js:1 🏠 ChatWindow mounted/re-rendered with conversationId: cmev8zel60000qt0f21sdgql3
16:14:09.062 742-f5e44fb4de89ca72.js:1 [CallModal] VideoGrid participants: {total: 2, filtered: 1, currentUserId: 'cmetc9zvw0000lx0fvjdkcng1', participantNames: Array(1)}
16:14:09.064 page-7a89d7867f156a09.js:1 ChatSidebar: Conversations updated, count: 5
16:14:09.064 page-7a89d7867f156a09.js:1 ChatSidebar: Latest conversation: cmev8zel60000qt0f21sdgql3 last message: cmfnol8g90007kl0feineks18
16:14:09.064 742-f5e44fb4de89ca72.js:1 [CallModal] 🔄 Participants unchanged, skipping re-initialization
16:14:09.065 742-f5e44fb4de89ca72.js:1 [CallModal] 🔍 Connection verification:
16:14:09.065 742-f5e44fb4de89ca72.js:1 [CallModal] - Expected participants: (2) ['cmetcnw9e0000kuy9dooe536g', 'cmetcd54n000plx0f6031986z']
16:14:09.065 742-f5e44fb4de89ca72.js:1 [CallModal] - Active connections: (2) ['cmetcnw9e0000kuy9dooe536g', 'cmetcd54n000plx0f6031986z']
16:14:09.065 742-f5e44fb4de89ca72.js:1 [CallModal] ✅ All expected WebRTC connections are active
16:14:09.066 page-7a89d7867f156a09.js:1 🔄 ChatWindow: Conversation participants count: 3
16:14:09.066 page-7a89d7867f156a09.js:1 🔄 ChatWindow: Participants: (3) [{…}, {…}, {…}]
16:14:09.066 page-7a89d7867f156a09.js:1 🏠 ChatWindow mounted/re-rendered with conversationId: cmev8zel60000qt0f21sdgql3
16:14:09.069 742-f5e44fb4de89ca72.js:1 [CallModal] VideoGrid participants: {total: 2, filtered: 1, currentUserId: 'cmetc9zvw0000lx0fvjdkcng1', participantNames: Array(1)}
16:14:09.070 742-f5e44fb4de89ca72.js:1 [CallModal] 🔄 Participants unchanged, skipping re-initialization
16:14:09.071 742-f5e44fb4de89ca72.js:1 [CallModal] 🔍 Connection verification:
16:14:09.071 742-f5e44fb4de89ca72.js:1 [CallModal] - Expected participants: (2) ['cmetcnw9e0000kuy9dooe536g', 'cmetcd54n000plx0f6031986z']
16:14:09.071 742-f5e44fb4de89ca72.js:1 [CallModal] - Active connections: (2) ['cmetcnw9e0000kuy9dooe536g', 'cmetcd54n000plx0f6031986z']
16:14:09.071 742-f5e44fb4de89ca72.js:1 [CallModal] ✅ All expected WebRTC connections are active
16:14:09.168 742-f5e44fb4de89ca72.js:1 [CallModal] Updated peer connections for performance monitoring: 2
16:14:09.168 742-f5e44fb4de89ca72.js:1 [CallModal] Peer connection participants: (2) ['cmetcnw9e0000kuy9dooe536g', 'cmetcd54n000plx0f6031986z']
16:14:09.169 742-f5e44fb4de89ca72.js:1 [CallModal] VideoGrid participants: {total: 2, filtered: 1, currentUserId: 'cmetc9zvw0000lx0fvjdkcng1', participantNames: Array(1)}
16:14:09.170 742-f5e44fb4de89ca72.js:1 [useCallPerformance] Connection states: (2) [{…}, {…}]
16:14:09.170 742-f5e44fb4de89ca72.js:1 [useCallPerformance] Starting monitoring for 2 valid connections
16:14:09.171 742-f5e44fb4de89ca72.js:1 [useCallPerformance] Network metrics: {audioPacketLoss: 0, videoPacketLoss: 0, videoFrameRate: 26, latency: 2, callType: 'video'}
16:14:09.172 742-f5e44fb4de89ca72.js:1 [useCallPerformance] No valid network data yet, assuming good quality
16:14:09.172 742-f5e44fb4de89ca72.js:1 [CallModal] VideoGrid participants: {total: 2, filtered: 1, currentUserId: 'cmetc9zvw0000lx0fvjdkcng1', participantNames: Array(1)}
16:14:09.245 page-7a89d7867f156a09.js:1 User status update received: {userId: 'cmetcnw9e0000kuy9dooe536g', isOnline: true, lastSeen: '2025-09-17T08:14:08.958Z'}
16:14:09.249 page-7a89d7867f156a09.js:1 🏠 ChatWindow mounted/re-rendered with conversationId: cmev8zel60000qt0f21sdgql3
16:14:09.251 742-f5e44fb4de89ca72.js:1 [CallModal] VideoGrid participants: {total: 2, filtered: 1, currentUserId: 'cmetc9zvw0000lx0fvjdkcng1', participantNames: Array(1)}
16:14:09.252 page-7a89d7867f156a09.js:1 ChatSidebar: Conversations updated, count: 5
16:14:09.252 page-7a89d7867f156a09.js:1 ChatSidebar: Latest conversation: cmev8zel60000qt0f21sdgql3 last message: cmfnol8g90007kl0feineks18
16:14:09.253 742-f5e44fb4de89ca72.js:1 [CallModal] 🔄 Participants unchanged, skipping re-initialization
16:14:09.253 742-f5e44fb4de89ca72.js:1 [CallModal] 🔍 Connection verification:
16:14:09.253 742-f5e44fb4de89ca72.js:1 [CallModal] - Expected participants: (2) ['cmetcnw9e0000kuy9dooe536g', 'cmetcd54n000plx0f6031986z']
16:14:09.254 742-f5e44fb4de89ca72.js:1 [CallModal] - Active connections: (2) ['cmetcnw9e0000kuy9dooe536g', 'cmetcd54n000plx0f6031986z']
16:14:09.254 742-f5e44fb4de89ca72.js:1 [CallModal] ✅ All expected WebRTC connections are active
16:14:09.254 page-7a89d7867f156a09.js:1 🔄 ChatWindow: Conversation participants count: 3
16:14:09.255 page-7a89d7867f156a09.js:1 🔄 ChatWindow: Participants: (3) [{…}, {…}, {…}]
16:14:09.255 page-7a89d7867f156a09.js:1 🏠 ChatWindow mounted/re-rendered with conversationId: cmev8zel60000qt0f21sdgql3
16:14:09.257 742-f5e44fb4de89ca72.js:1 [CallModal] VideoGrid participants: {total: 2, filtered: 1, currentUserId: 'cmetc9zvw0000lx0fvjdkcng1', participantNames: Array(1)}
16:14:09.260 742-f5e44fb4de89ca72.js:1 [CallModal] 🔄 Participants unchanged, skipping re-initialization
16:14:09.260 742-f5e44fb4de89ca72.js:1 [CallModal] 🔍 Connection verification:
16:14:09.260 742-f5e44fb4de89ca72.js:1 [CallModal] - Expected participants: (2) ['cmetcnw9e0000kuy9dooe536g', 'cmetcd54n000plx0f6031986z']
16:14:09.261 742-f5e44fb4de89ca72.js:1 [CallModal] - Active connections: (2) ['cmetcnw9e0000kuy9dooe536g', 'cmetcd54n000plx0f6031986z']
16:14:09.261 742-f5e44fb4de89ca72.js:1 [CallModal] ✅ All expected WebRTC connections are active
16:14:09.644 742-f5e44fb4de89ca72.js:1 [CallModal] 🔍 Connection verification:
16:14:09.645 742-f5e44fb4de89ca72.js:1 [CallModal] - Expected participants: (2) ['cmetcnw9e0000kuy9dooe536g', 'cmetcd54n000plx0f6031986z']
16:14:09.645 742-f5e44fb4de89ca72.js:1 [CallModal] - Active connections: (2) ['cmetcnw9e0000kuy9dooe536g', 'cmetcd54n000plx0f6031986z']
16:14:09.645 742-f5e44fb4de89ca72.js:1 [CallModal] ✅ All expected WebRTC connections are active
16:14:09.711 742-f5e44fb4de89ca72.js:1 [CallModal] 🔍 Connection verification:
16:14:09.711 742-f5e44fb4de89ca72.js:1 [CallModal] - Expected participants: (2) ['cmetcnw9e0000kuy9dooe536g', 'cmetcd54n000plx0f6031986z']
16:14:09.711 742-f5e44fb4de89ca72.js:1 [CallModal] - Active connections: (2) ['cmetcnw9e0000kuy9dooe536g', 'cmetcd54n000plx0f6031986z']
16:14:09.711 742-f5e44fb4de89ca72.js:1 [CallModal] ✅ All expected WebRTC connections are active
16:14:09.737 742-f5e44fb4de89ca72.js:1 [CallModal] 🔍 Connection verification:
16:14:09.738 742-f5e44fb4de89ca72.js:1 [CallModal] - Expected participants: (2) ['cmetcnw9e0000kuy9dooe536g', 'cmetcd54n000plx0f6031986z']
16:14:09.738 742-f5e44fb4de89ca72.js:1 [CallModal] - Active connections: (2) ['cmetcnw9e0000kuy9dooe536g', 'cmetcd54n000plx0f6031986z']
16:14:09.738 742-f5e44fb4de89ca72.js:1 [CallModal] ✅ All expected WebRTC connections are active
16:14:09.744 742-f5e44fb4de89ca72.js:1 [CallModal] 🔍 Connection verification:
16:14:09.745 742-f5e44fb4de89ca72.js:1 [CallModal] - Expected participants: (2) ['cmetcnw9e0000kuy9dooe536g', 'cmetcd54n000plx0f6031986z']
16:14:09.745 742-f5e44fb4de89ca72.js:1 [CallModal] - Active connections: (2) ['cmetcnw9e0000kuy9dooe536g', 'cmetcd54n000plx0f6031986z']
16:14:09.745 742-f5e44fb4de89ca72.js:1 [CallModal] ✅ All expected WebRTC connections are active
16:14:09.784 742-f5e44fb4de89ca72.js:1 [CallModal] 🔍 Connection verification:
16:14:09.784 742-f5e44fb4de89ca72.js:1 [CallModal] - Expected participants: (2) ['cmetcnw9e0000kuy9dooe536g', 'cmetcd54n000plx0f6031986z']
16:14:09.785 742-f5e44fb4de89ca72.js:1 [CallModal] - Active connections: (2) ['cmetcnw9e0000kuy9dooe536g', 'cmetcd54n000plx0f6031986z']
16:14:09.785 742-f5e44fb4de89ca72.js:1 [CallModal] ✅ All expected WebRTC connections are active
16:14:09.822 742-f5e44fb4de89ca72.js:1 [CallModal] 🔍 Connection verification:
16:14:09.822 742-f5e44fb4de89ca72.js:1 [CallModal] - Expected participants: (2) ['cmetcnw9e0000kuy9dooe536g', 'cmetcd54n000plx0f6031986z']
16:14:09.822 742-f5e44fb4de89ca72.js:1 [CallModal] - Active connections: (2) ['cmetcnw9e0000kuy9dooe536g', 'cmetcd54n000plx0f6031986z']
16:14:09.822 742-f5e44fb4de89ca72.js:1 [CallModal] ✅ All expected WebRTC connections are active
16:14:09.830 742-f5e44fb4de89ca72.js:1 [CallModal] 🔍 Connection verification:
16:14:09.831 742-f5e44fb4de89ca72.js:1 [CallModal] - Expected participants: (2) ['cmetcnw9e0000kuy9dooe536g', 'cmetcd54n000plx0f6031986z']
16:14:09.831 742-f5e44fb4de89ca72.js:1 [CallModal] - Active connections: (2) ['cmetcnw9e0000kuy9dooe536g', 'cmetcd54n000plx0f6031986z']
16:14:09.831 742-f5e44fb4de89ca72.js:1 [CallModal] ✅ All expected WebRTC connections are active
16:14:09.897 page-7a89d7867f156a09.js:1 Updated online status for user cmetcnw9e0000kuy9dooe536g in conversation cmev8zel60000qt0f21sdgql3
16:14:09.897 page-7a89d7867f156a09.js:1 🏠 ChatWindow mounted/re-rendered with conversationId: cmev8zel60000qt0f21sdgql3
16:14:09.900 742-f5e44fb4de89ca72.js:1 [CallModal] VideoGrid participants: {total: 2, filtered: 1, currentUserId: 'cmetc9zvw0000lx0fvjdkcng1', participantNames: Array(1)}
16:14:09.903 page-7a89d7867f156a09.js:1 ChatSidebar: Conversations updated, count: 5
16:14:09.903 page-7a89d7867f156a09.js:1 ChatSidebar: Latest conversation: cmev8zel60000qt0f21sdgql3 last message: cmfnol8g90007kl0feineks18
16:14:09.904 742-f5e44fb4de89ca72.js:1 [CallModal] 🔄 Participants unchanged, skipping re-initialization
16:14:09.904 742-f5e44fb4de89ca72.js:1 [CallModal] 🔍 Connection verification:
16:14:09.904 742-f5e44fb4de89ca72.js:1 [CallModal] - Expected participants: (2) ['cmetcnw9e0000kuy9dooe536g', 'cmetcd54n000plx0f6031986z']
16:14:09.905 742-f5e44fb4de89ca72.js:1 [CallModal] - Active connections: (2) ['cmetcnw9e0000kuy9dooe536g', 'cmetcd54n000plx0f6031986z']
16:14:09.905 742-f5e44fb4de89ca72.js:1 [CallModal] ✅ All expected WebRTC connections are active
16:14:09.905 page-7a89d7867f156a09.js:1 🔄 ChatWindow: Conversation participants count: 3
16:14:09.906 page-7a89d7867f156a09.js:1 🔄 ChatWindow: Participants: (3) [{…}, {…}, {…}]
16:14:09.907 page-7a89d7867f156a09.js:1 🏠 ChatWindow mounted/re-rendered with conversationId: cmev8zel60000qt0f21sdgql3
16:14:09.911 742-f5e44fb4de89ca72.js:1 [CallModal] VideoGrid participants: {total: 2, filtered: 1, currentUserId: 'cmetc9zvw0000lx0fvjdkcng1', participantNames: Array(1)}
16:14:09.913 742-f5e44fb4de89ca72.js:1 [CallModal] 🔄 Participants unchanged, skipping re-initialization
16:14:09.915 742-f5e44fb4de89ca72.js:1 [CallModal] 🔍 Connection verification:
16:14:09.915 742-f5e44fb4de89ca72.js:1 [CallModal] - Expected participants: (2) ['cmetcnw9e0000kuy9dooe536g', 'cmetcd54n000plx0f6031986z']
16:14:09.915 742-f5e44fb4de89ca72.js:1 [CallModal] - Active connections: (2) ['cmetcnw9e0000kuy9dooe536g', 'cmetcd54n000plx0f6031986z']
16:14:09.916 742-f5e44fb4de89ca72.js:1 [CallModal] ✅ All expected WebRTC connections are active
16:14:09.917 742-f5e44fb4de89ca72.js:1 [WebRTC] Excellent network detected - restoring quality
16:14:09.917 742-f5e44fb4de89ca72.js:1 [WebRTC] Improved audio quality for: cmetcnw9e0000kuy9dooe536g
16:14:09.918 742-f5e44fb4de89ca72.js:1 [WebRTC] Improved video quality for: cmetcnw9e0000kuy9dooe536g
16:14:10.150 742-f5e44fb4de89ca72.js:1 [CallModal] 🔍 Connection verification:
16:14:10.150 742-f5e44fb4de89ca72.js:1 [CallModal] - Expected participants: (2) ['cmetcnw9e0000kuy9dooe536g', 'cmetcd54n000plx0f6031986z']
16:14:10.150 742-f5e44fb4de89ca72.js:1 [CallModal] - Active connections: (2) ['cmetcnw9e0000kuy9dooe536g', 'cmetcd54n000plx0f6031986z']
16:14:10.150 742-f5e44fb4de89ca72.js:1 [CallModal] ✅ All expected WebRTC connections are active
16:14:10.158 742-f5e44fb4de89ca72.js:1 [CallModal] 🔍 Connection verification:
16:14:10.158 742-f5e44fb4de89ca72.js:1 [CallModal] - Expected participants: (2) ['cmetcnw9e0000kuy9dooe536g', 'cmetcd54n000plx0f6031986z']
16:14:10.159 742-f5e44fb4de89ca72.js:1 [CallModal] - Active connections: (2) ['cmetcnw9e0000kuy9dooe536g', 'cmetcd54n000plx0f6031986z']
16:14:10.159 742-f5e44fb4de89ca72.js:1 [CallModal] ✅ All expected WebRTC connections are active
16:14:10.445 742-f5e44fb4de89ca72.js:1 [VoiceActivity] Volume analysis: {average: '8.9', volume: '-29.1', threshold: -40, speaking: false, finalSpeaking: false, …}
16:14:10.626 742-f5e44fb4de89ca72.js:1 [CallModal] 🔍 Connection verification:
16:14:10.626 742-f5e44fb4de89ca72.js:1 [CallModal] - Expected participants: (2) ['cmetcnw9e0000kuy9dooe536g', 'cmetcd54n000plx0f6031986z']
16:14:10.626 742-f5e44fb4de89ca72.js:1 [CallModal] - Active connections: (2) ['cmetcnw9e0000kuy9dooe536g', 'cmetcd54n000plx0f6031986z']
16:14:10.626 742-f5e44fb4de89ca72.js:1 [CallModal] ✅ All expected WebRTC connections are active
16:14:10.773 742-f5e44fb4de89ca72.js:1 [CallModal] 🔇 Participant mute change: {callId: 'call-1758096821929-j0m8cxwgf', participantId: 'cmetcnw9e0000kuy9dooe536g', isMuted: true}
16:14:10.774 742-f5e44fb4de89ca72.js:1 [CallModal] 🔇 Updated participant mute states: {cmetcnw9e0000kuy9dooe536g: true}
16:14:10.774 742-f5e44fb4de89ca72.js:1 [CallModal] Participant cmetcnw9e0000kuy9dooe536g mute state changed to: true
16:14:10.775 742-f5e44fb4de89ca72.js:1 [CallModal] VideoGrid participants: {total: 2, filtered: 1, currentUserId: 'cmetc9zvw0000lx0fvjdkcng1', participantNames: Array(1)}
16:14:10.829 742-f5e44fb4de89ca72.js:1 [CallModal] 🔇 Participant mute change: {callId: 'call-1758096821929-j0m8cxwgf', participantId: 'cmetcnw9e0000kuy9dooe536g', isMuted: true}
16:14:10.829 742-f5e44fb4de89ca72.js:1 [CallModal] Participant cmetcnw9e0000kuy9dooe536g mute state changed to: true
16:14:10.829 742-f5e44fb4de89ca72.js:1 [CallModal] 🔇 Participant mute change: {callId: 'call-1758096821929-j0m8cxwgf', participantId: 'cmetcnw9e0000kuy9dooe536g', isMuted: true}
16:14:10.830 742-f5e44fb4de89ca72.js:1 [CallModal] Participant cmetcnw9e0000kuy9dooe536g mute state changed to: true
16:14:10.831 742-f5e44fb4de89ca72.js:1 [CallModal] 🔇 Updated participant mute states: {cmetcnw9e0000kuy9dooe536g: true}
16:14:10.831 742-f5e44fb4de89ca72.js:1 [CallModal] 🔇 Updated participant mute states: {cmetcnw9e0000kuy9dooe536g: true}
16:14:10.832 742-f5e44fb4de89ca72.js:1 [CallModal] VideoGrid participants: {total: 2, filtered: 1, currentUserId: 'cmetc9zvw0000lx0fvjdkcng1', participantNames: Array(1)}
16:14:10.872 742-f5e44fb4de89ca72.js:1 [CallModal] 🔍 Connection verification:
16:14:10.872 742-f5e44fb4de89ca72.js:1 [CallModal] - Expected participants: (2) ['cmetcnw9e0000kuy9dooe536g', 'cmetcd54n000plx0f6031986z']
16:14:10.873 742-f5e44fb4de89ca72.js:1 [CallModal] - Active connections: (2) ['cmetcnw9e0000kuy9dooe536g', 'cmetcd54n000plx0f6031986z']
16:14:10.873 742-f5e44fb4de89ca72.js:1 [CallModal] ✅ All expected WebRTC connections are active
16:14:10.916 742-f5e44fb4de89ca72.js:1 [CallModal] VideoGrid participants: {total: 2, filtered: 1, currentUserId: 'cmetc9zvw0000lx0fvjdkcng1', participantNames: Array(1)}
16:14:11.067 742-f5e44fb4de89ca72.js:1 [CallModal] 🔍 Connection verification:
16:14:11.067 742-f5e44fb4de89ca72.js:1 [CallModal] - Expected participants: (2) ['cmetcnw9e0000kuy9dooe536g', 'cmetcd54n000plx0f6031986z']
16:14:11.068 742-f5e44fb4de89ca72.js:1 [CallModal] - Active connections: (2) ['cmetcnw9e0000kuy9dooe536g', 'cmetcd54n000plx0f6031986z']
16:14:11.068 742-f5e44fb4de89ca72.js:1 [CallModal] ✅ All expected WebRTC connections are active
16:14:11.072 742-f5e44fb4de89ca72.js:1 [CallModal] 🔍 Connection verification:
16:14:11.072 742-f5e44fb4de89ca72.js:1 [CallModal] - Expected participants: (2) ['cmetcnw9e0000kuy9dooe536g', 'cmetcd54n000plx0f6031986z']
16:14:11.073 742-f5e44fb4de89ca72.js:1 [CallModal] - Active connections: (2) ['cmetcnw9e0000kuy9dooe536g', 'cmetcd54n000plx0f6031986z']
16:14:11.073 742-f5e44fb4de89ca72.js:1 [CallModal] ✅ All expected WebRTC connections are active
16:14:11.115 page-7a89d7867f156a09.js:1 Updated online status for user cmetcnw9e0000kuy9dooe536g in conversation cmev42y2w0000rv0f55h7qluf
16:14:11.115 page-7a89d7867f156a09.js:1 Updated online status for user cmetcnw9e0000kuy9dooe536g in conversation cmev42y2w0000rv0f55h7qluf
16:14:11.116 page-7a89d7867f156a09.js:1 🏠 ChatWindow mounted/re-rendered with conversationId: cmev8zel60000qt0f21sdgql3
16:14:11.119 742-f5e44fb4de89ca72.js:1 [CallModal] VideoGrid participants: {total: 2, filtered: 1, currentUserId: 'cmetc9zvw0000lx0fvjdkcng1', participantNames: Array(1)}
16:14:11.125 page-7a89d7867f156a09.js:1 ChatSidebar: Conversations updated, count: 5
16:14:11.126 page-7a89d7867f156a09.js:1 ChatSidebar: Latest conversation: cmev8zel60000qt0f21sdgql3 last message: cmfnol8g90007kl0feineks18
16:14:11.126 742-f5e44fb4de89ca72.js:1 [CallModal] 🔄 Participants unchanged, skipping re-initialization
16:14:11.126 742-f5e44fb4de89ca72.js:1 [CallModal] 🔍 Connection verification:
16:14:11.127 742-f5e44fb4de89ca72.js:1 [CallModal] - Expected participants: (2) ['cmetcnw9e0000kuy9dooe536g', 'cmetcd54n000plx0f6031986z']
16:14:11.127 742-f5e44fb4de89ca72.js:1 [CallModal] - Active connections: (2) ['cmetcnw9e0000kuy9dooe536g', 'cmetcd54n000plx0f6031986z']
16:14:11.127 742-f5e44fb4de89ca72.js:1 [CallModal] ✅ All expected WebRTC connections are active
16:14:11.128 page-7a89d7867f156a09.js:1 🔄 ChatWindow: Conversation participants count: 3
16:14:11.128 page-7a89d7867f156a09.js:1 🔄 ChatWindow: Participants: (3) [{…}, {…}, {…}]
16:14:11.129 page-7a89d7867f156a09.js:1 🏠 ChatWindow mounted/re-rendered with conversationId: cmev8zel60000qt0f21sdgql3
16:14:11.135 742-f5e44fb4de89ca72.js:1 [CallModal] VideoGrid participants: {total: 2, filtered: 1, currentUserId: 'cmetc9zvw0000lx0fvjdkcng1', participantNames: Array(1)}
16:14:11.140 742-f5e44fb4de89ca72.js:1 [CallModal] 🔄 Participants unchanged, skipping re-initialization
16:14:11.140 742-f5e44fb4de89ca72.js:1 [CallModal] 🔍 Connection verification:
16:14:11.140 742-f5e44fb4de89ca72.js:1 [CallModal] - Expected participants: (2) ['cmetcnw9e0000kuy9dooe536g', 'cmetcd54n000plx0f6031986z']
16:14:11.141 742-f5e44fb4de89ca72.js:1 [CallModal] - Active connections: (2) ['cmetcnw9e0000kuy9dooe536g', 'cmetcd54n000plx0f6031986z']
16:14:11.141 742-f5e44fb4de89ca72.js:1 [CallModal] ✅ All expected WebRTC connections are active
16:14:11.170 742-f5e44fb4de89ca72.js:1 [CallModal] Updated peer connections for performance monitoring: 2
16:14:11.170 742-f5e44fb4de89ca72.js:1 [CallModal] Peer connection participants: (2) ['cmetcnw9e0000kuy9dooe536g', 'cmetcd54n000plx0f6031986z']
16:14:11.171 742-f5e44fb4de89ca72.js:1 [CallModal] VideoGrid participants: {total: 2, filtered: 1, currentUserId: 'cmetc9zvw0000lx0fvjdkcng1', participantNames: Array(1)}
16:14:11.172 742-f5e44fb4de89ca72.js:1 [useCallPerformance] Connection states: (2) [{…}, {…}]
16:14:11.172 742-f5e44fb4de89ca72.js:1 [useCallPerformance] Starting monitoring for 2 valid connections
16:14:11.174 742-f5e44fb4de89ca72.js:1 [useCallPerformance] Network metrics: {audioPacketLoss: 0, videoPacketLoss: 0, videoFrameRate: 26, latency: 2, callType: 'video'}
16:14:11.175 742-f5e44fb4de89ca72.js:1 [useCallPerformance] No valid network data yet, assuming good quality
16:14:11.175 742-f5e44fb4de89ca72.js:1 [CallModal] VideoGrid participants: {total: 2, filtered: 1, currentUserId: 'cmetc9zvw0000lx0fvjdkcng1', participantNames: Array(1)}
16:14:11.201 638-11434f29ed368fce.js:1 NotificationContext: Window focused
16:14:11.205 page-7a89d7867f156a09.js:1 🏠 ChatWindow mounted/re-rendered with conversationId: cmev8zel60000qt0f21sdgql3
16:14:11.209 742-f5e44fb4de89ca72.js:1 [CallModal] VideoGrid participants: {total: 2, filtered: 1, currentUserId: 'cmetc9zvw0000lx0fvjdkcng1', participantNames: Array(1)}
16:14:11.212 layout-d9ae9f9ff0cd665e.js:1 🧹 GlobalNotificationListener: Cleaning up socket listener for new-notification
16:14:11.212 layout-d9ae9f9ff0cd665e.js:1 🌐 GlobalNotificationListener: useEffect triggered {hasSocket: true, hasSession: true, socketConnected: true, socketId: 't-vo6sgonUMSnApdAAAF'}
16:14:11.212 layout-d9ae9f9ff0cd665e.js:1 🚀 GlobalNotificationListener: Setting up global socket listeners for user: cmetc9zvw0000lx0fvjdkcng1
16:14:11.213 layout-d9ae9f9ff0cd665e.js:1 🔄 GlobalNotificationListener: Re-emitted join-user-room for safety
16:14:11.214 layout-d9ae9f9ff0cd665e.js:1 ✅ GlobalNotificationListener: Socket listener registered for new-notification events
16:14:11.214 742-f5e44fb4de89ca72.js:1 [CallModal] 🔄 Participants unchanged, skipping re-initialization
16:14:11.215 742-f5e44fb4de89ca72.js:1 [CallModal] 🔍 Connection verification:
16:14:11.215 742-f5e44fb4de89ca72.js:1 [CallModal] - Expected participants: (2) ['cmetcnw9e0000kuy9dooe536g', 'cmetcd54n000plx0f6031986z']
16:14:11.216 742-f5e44fb4de89ca72.js:1 [CallModal] - Active connections: (2) ['cmetcnw9e0000kuy9dooe536g', 'cmetcd54n000plx0f6031986z']
16:14:11.216 742-f5e44fb4de89ca72.js:1 [CallModal] ✅ All expected WebRTC connections are active
16:14:11.217 742-f5e44fb4de89ca72.js:1 SocketContext: Window focused, refreshing connection
16:14:11.254 742-f5e44fb4de89ca72.js:1 [CallModal] 🔍 Connection verification:
16:14:11.255 742-f5e44fb4de89ca72.js:1 [CallModal] - Expected participants: (2) ['cmetcnw9e0000kuy9dooe536g', 'cmetcd54n000plx0f6031986z']
16:14:11.255 742-f5e44fb4de89ca72.js:1 [CallModal] - Active connections: (2) ['cmetcnw9e0000kuy9dooe536g', 'cmetcd54n000plx0f6031986z']
16:14:11.255 742-f5e44fb4de89ca72.js:1 [CallModal] ✅ All expected WebRTC connections are active
16:14:11.262 742-f5e44fb4de89ca72.js:1 [CallModal] 🔍 Connection verification:
16:14:11.262 742-f5e44fb4de89ca72.js:1 [CallModal] - Expected participants: (2) ['cmetcnw9e0000kuy9dooe536g', 'cmetcd54n000plx0f6031986z']
16:14:11.262 742-f5e44fb4de89ca72.js:1 [CallModal] - Active connections: (2) ['cmetcnw9e0000kuy9dooe536g', 'cmetcd54n000plx0f6031986z']
16:14:11.263 742-f5e44fb4de89ca72.js:1 [CallModal] ✅ All expected WebRTC connections are active
16:14:11.263 638-11434f29ed368fce.js:1 NotificationContext: Page visibility changed to: true
16:14:11.264 742-f5e44fb4de89ca72.js:1 SocketContext: Tab became visible, re-establishing connection
16:14:11.266 page-7a89d7867f156a09.js:1 🏠 ChatWindow mounted/re-rendered with conversationId: cmev8zel60000qt0f21sdgql3
16:14:11.270 742-f5e44fb4de89ca72.js:1 [CallModal] VideoGrid participants: {total: 2, filtered: 1, currentUserId: 'cmetc9zvw0000lx0fvjdkcng1', participantNames: Array(1)}
16:14:11.276 layout-d9ae9f9ff0cd665e.js:1 🧹 GlobalNotificationListener: Cleaning up socket listener for new-notification
16:14:11.276 layout-d9ae9f9ff0cd665e.js:1 🌐 GlobalNotificationListener: useEffect triggered {hasSocket: true, hasSession: true, socketConnected: true, socketId: 't-vo6sgonUMSnApdAAAF'}
16:14:11.277 layout-d9ae9f9ff0cd665e.js:1 🚀 GlobalNotificationListener: Setting up global socket listeners for user: cmetc9zvw0000lx0fvjdkcng1
16:14:11.277 layout-d9ae9f9ff0cd665e.js:1 🔄 GlobalNotificationListener: Re-emitted join-user-room for safety
16:14:11.277 layout-d9ae9f9ff0cd665e.js:1 ✅ GlobalNotificationListener: Socket listener registered for new-notification events
16:14:11.277 742-f5e44fb4de89ca72.js:1 [CallModal] 🔄 Participants unchanged, skipping re-initialization
16:14:11.278 742-f5e44fb4de89ca72.js:1 [CallModal] 🔍 Connection verification:
16:14:11.278 742-f5e44fb4de89ca72.js:1 [CallModal] - Expected participants: (2) ['cmetcnw9e0000kuy9dooe536g', 'cmetcd54n000plx0f6031986z']
16:14:11.278 742-f5e44fb4de89ca72.js:1 [CallModal] - Active connections: (2) ['cmetcnw9e0000kuy9dooe536g', 'cmetcd54n000plx0f6031986z']
16:14:11.279 742-f5e44fb4de89ca72.js:1 [CallModal] ✅ All expected WebRTC connections are active
16:14:11.338 page-7a89d7867f156a09.js:1 🏠 ChatWindow mounted/re-rendered with conversationId: cmev8zel60000qt0f21sdgql3
16:14:11.340 742-f5e44fb4de89ca72.js:1 [CallModal] VideoGrid participants: {total: 2, filtered: 1, currentUserId: 'cmetc9zvw0000lx0fvjdkcng1', participantNames: Array(1)}
16:14:11.342 page-7a89d7867f156a09.js:1 ChatSidebar: Conversations updated, count: 5
16:14:11.342 page-7a89d7867f156a09.js:1 ChatSidebar: Latest conversation: cmev8zel60000qt0f21sdgql3 last message: cmfnol8g90007kl0feineks18
16:14:11.342 742-f5e44fb4de89ca72.js:1 [CallModal] 🔄 Participants unchanged, skipping re-initialization
16:14:11.343 742-f5e44fb4de89ca72.js:1 [CallModal] 🔍 Connection verification:
16:14:11.343 742-f5e44fb4de89ca72.js:1 [CallModal] - Expected participants: (2) ['cmetcnw9e0000kuy9dooe536g', 'cmetcd54n000plx0f6031986z']
16:14:11.344 742-f5e44fb4de89ca72.js:1 [CallModal] - Active connections: (2) ['cmetcnw9e0000kuy9dooe536g', 'cmetcd54n000plx0f6031986z']
16:14:11.344 742-f5e44fb4de89ca72.js:1 [CallModal] ✅ All expected WebRTC connections are active
16:14:11.345 page-7a89d7867f156a09.js:1 🔄 ChatWindow: Conversation participants count: 3
16:14:11.345 page-7a89d7867f156a09.js:1 🔄 ChatWindow: Participants: (3) [{…}, {…}, {…}]
16:14:11.347 page-7a89d7867f156a09.js:1 🏠 ChatWindow mounted/re-rendered with conversationId: cmev8zel60000qt0f21sdgql3
16:14:11.352 742-f5e44fb4de89ca72.js:1 [CallModal] VideoGrid participants: {total: 2, filtered: 1, currentUserId: 'cmetc9zvw0000lx0fvjdkcng1', participantNames: Array(1)}
16:14:11.354 layout-d9ae9f9ff0cd665e.js:1 🧹 GlobalNotificationListener: Cleaning up socket listener for new-notification
16:14:11.354 layout-d9ae9f9ff0cd665e.js:1 🌐 GlobalNotificationListener: useEffect triggered {hasSocket: true, hasSession: true, socketConnected: true, socketId: 't-vo6sgonUMSnApdAAAF'}
16:14:11.355 layout-d9ae9f9ff0cd665e.js:1 🚀 GlobalNotificationListener: Setting up global socket listeners for user: cmetc9zvw0000lx0fvjdkcng1
16:14:11.355 layout-d9ae9f9ff0cd665e.js:1 🔄 GlobalNotificationListener: Re-emitted join-user-room for safety
16:14:11.355 layout-d9ae9f9ff0cd665e.js:1 ✅ GlobalNotificationListener: Socket listener registered for new-notification events
16:14:11.355 742-f5e44fb4de89ca72.js:1 [CallModal] 🔄 Participants unchanged, skipping re-initialization
16:14:11.356 742-f5e44fb4de89ca72.js:1 [CallModal] 🔍 Connection verification:
16:14:11.356 742-f5e44fb4de89ca72.js:1 [CallModal] - Expected participants: (2) ['cmetcnw9e0000kuy9dooe536g', 'cmetcd54n000plx0f6031986z']
16:14:11.356 742-f5e44fb4de89ca72.js:1 [CallModal] - Active connections: (2) ['cmetcnw9e0000kuy9dooe536g', 'cmetcd54n000plx0f6031986z']
16:14:11.357 742-f5e44fb4de89ca72.js:1 [CallModal] ✅ All expected WebRTC connections are active
16:14:11.905 742-f5e44fb4de89ca72.js:1 [CallModal] 🔍 Connection verification:
16:14:11.906 742-f5e44fb4de89ca72.js:1 [CallModal] - Expected participants: (2) ['cmetcnw9e0000kuy9dooe536g', 'cmetcd54n000plx0f6031986z']
16:14:11.906 742-f5e44fb4de89ca72.js:1 [CallModal] - Active connections: (2) ['cmetcnw9e0000kuy9dooe536g', 'cmetcd54n000plx0f6031986z']
16:14:11.906 742-f5e44fb4de89ca72.js:1 [CallModal] ✅ All expected WebRTC connections are active
16:14:11.917 742-f5e44fb4de89ca72.js:1 [CallModal] 🔍 Connection verification:
16:14:11.917 742-f5e44fb4de89ca72.js:1 [CallModal] - Expected participants: (2) ['cmetcnw9e0000kuy9dooe536g', 'cmetcd54n000plx0f6031986z']
16:14:11.918 742-f5e44fb4de89ca72.js:1 [CallModal] - Active connections: (2) ['cmetcnw9e0000kuy9dooe536g', 'cmetcd54n000plx0f6031986z']
16:14:11.918 742-f5e44fb4de89ca72.js:1 [CallModal] ✅ All expected WebRTC connections are active
16:14:11.981 742-f5e44fb4de89ca72.js:1 [VoiceActivity] Volume analysis: {average: '9.3', volume: '-28.8', threshold: -40, speaking: false, finalSpeaking: false, …}
16:14:12.266 742-f5e44fb4de89ca72.js:1 SocketContext: Additional heartbeat sent after becoming visible
16:14:12.358 742-f5e44fb4de89ca72.js:1 [CallModal] VideoGrid participants: {total: 2, filtered: 1, currentUserId: 'cmetc9zvw0000lx0fvjdkcng1', participantNames: Array(1)}
16:14:12.915 742-f5e44fb4de89ca72.js:1 [WebRTC] Excellent network detected - restoring quality
16:14:12.916 742-f5e44fb4de89ca72.js:1 [WebRTC] Improved audio quality for: cmetcnw9e0000kuy9dooe536g
16:14:12.917 742-f5e44fb4de89ca72.js:1 [WebRTC] Improved video quality for: cmetcnw9e0000kuy9dooe536g
16:14:13.128 742-f5e44fb4de89ca72.js:1 [CallModal] 🔍 Connection verification:
16:14:13.128 742-f5e44fb4de89ca72.js:1 [CallModal] - Expected participants: (2) ['cmetcnw9e0000kuy9dooe536g', 'cmetcd54n000plx0f6031986z']
16:14:13.128 742-f5e44fb4de89ca72.js:1 [CallModal] - Active connections: (2) ['cmetcnw9e0000kuy9dooe536g', 'cmetcd54n000plx0f6031986z']
16:14:13.129 742-f5e44fb4de89ca72.js:1 [CallModal] ✅ All expected WebRTC connections are active
16:14:13.142 742-f5e44fb4de89ca72.js:1 [CallModal] 🔍 Connection verification:
16:14:13.142 742-f5e44fb4de89ca72.js:1 [CallModal] - Expected participants: (2) ['cmetcnw9e0000kuy9dooe536g', 'cmetcd54n000plx0f6031986z']
16:14:13.143 742-f5e44fb4de89ca72.js:1 [CallModal] - Active connections: (2) ['cmetcnw9e0000kuy9dooe536g', 'cmetcd54n000plx0f6031986z']
16:14:13.143 742-f5e44fb4de89ca72.js:1 [CallModal] ✅ All expected WebRTC connections are active
16:14:13.169 742-f5e44fb4de89ca72.js:1 [CallModal] Updated peer connections for performance monitoring: 2
16:14:13.170 742-f5e44fb4de89ca72.js:1 [CallModal] Peer connection participants: (2) ['cmetcnw9e0000kuy9dooe536g', 'cmetcd54n000plx0f6031986z']
16:14:13.171 742-f5e44fb4de89ca72.js:1 [CallModal] VideoGrid participants: {total: 2, filtered: 1, currentUserId: 'cmetc9zvw0000lx0fvjdkcng1', participantNames: Array(1)}
16:14:13.172 742-f5e44fb4de89ca72.js:1 [useCallPerformance] Connection states: (2) [{…}, {…}]
16:14:13.173 742-f5e44fb4de89ca72.js:1 [useCallPerformance] Starting monitoring for 2 valid connections
16:14:13.175 742-f5e44fb4de89ca72.js:1 [useCallPerformance] Network metrics: {audioPacketLoss: 0, videoPacketLoss: 0, videoFrameRate: 27, latency: 2, callType: 'video'}
16:14:13.176 742-f5e44fb4de89ca72.js:1 [useCallPerformance] No valid network data yet, assuming good quality
16:14:13.177 742-f5e44fb4de89ca72.js:1 [CallModal] VideoGrid participants: {total: 2, filtered: 1, currentUserId: 'cmetc9zvw0000lx0fvjdkcng1', participantNames: Array(1)}
16:14:13.217 742-f5e44fb4de89ca72.js:1 [CallModal] 🔍 Connection verification:
16:14:13.217 742-f5e44fb4de89ca72.js:1 [CallModal] - Expected participants: (2) ['cmetcnw9e0000kuy9dooe536g', 'cmetcd54n000plx0f6031986z']
16:14:13.217 742-f5e44fb4de89ca72.js:1 [CallModal] - Active connections: (2) ['cmetcnw9e0000kuy9dooe536g', 'cmetcd54n000plx0f6031986z']
16:14:13.218 742-f5e44fb4de89ca72.js:1 [CallModal] ✅ All expected WebRTC connections are active
16:14:13.280 742-f5e44fb4de89ca72.js:1 [CallModal] 🔍 Connection verification:
16:14:13.281 742-f5e44fb4de89ca72.js:1 [CallModal] - Expected participants: (2) ['cmetcnw9e0000kuy9dooe536g', 'cmetcd54n000plx0f6031986z']
16:14:13.281 742-f5e44fb4de89ca72.js:1 [CallModal] - Active connections: (2) ['cmetcnw9e0000kuy9dooe536g', 'cmetcd54n000plx0f6031986z']
16:14:13.281 742-f5e44fb4de89ca72.js:1 [CallModal] ✅ All expected WebRTC connections are active
16:14:13.345 742-f5e44fb4de89ca72.js:1 [CallModal] 🔍 Connection verification:
16:14:13.345 742-f5e44fb4de89ca72.js:1 [CallModal] - Expected participants: (2) ['cmetcnw9e0000kuy9dooe536g', 'cmetcd54n000plx0f6031986z']
16:14:13.345 742-f5e44fb4de89ca72.js:1 [CallModal] - Active connections: (2) ['cmetcnw9e0000kuy9dooe536g', 'cmetcd54n000plx0f6031986z']
16:14:13.345 742-f5e44fb4de89ca72.js:1 [CallModal] ✅ All expected WebRTC connections are active
16:14:13.358 742-f5e44fb4de89ca72.js:1 [CallModal] VideoGrid participants: {total: 2, filtered: 1, currentUserId: 'cmetc9zvw0000lx0fvjdkcng1', participantNames: Array(1)}
16:14:13.360 742-f5e44fb4de89ca72.js:1 [CallModal] 🔍 Connection verification:
16:14:13.360 742-f5e44fb4de89ca72.js:1 [CallModal] - Expected participants: (2) ['cmetcnw9e0000kuy9dooe536g', 'cmetcd54n000plx0f6031986z']
16:14:13.361 742-f5e44fb4de89ca72.js:1 [CallModal] - Active connections: (2) ['cmetcnw9e0000kuy9dooe536g', 'cmetcd54n000plx0f6031986z']
16:14:13.361 742-f5e44fb4de89ca72.js:1 [CallModal] ✅ All expected WebRTC connections are active
16:14:14.309 742-f5e44fb4de89ca72.js:1 [VoiceActivity] Volume analysis: {average: '10.9', volume: '-27.4', threshold: -40, speaking: false, finalSpeaking: false, …}
16:14:14.357 742-f5e44fb4de89ca72.js:1 [CallModal] VideoGrid participants: {total: 2, filtered: 1, currentUserId: 'cmetc9zvw0000lx0fvjdkcng1', participantNames: Array(1)}
16:14:14.484 638-11434f29ed368fce.js:1 NotificationContext: Window blurred
16:14:14.486 page-7a89d7867f156a09.js:1 🏠 ChatWindow mounted/re-rendered with conversationId: cmev8zel60000qt0f21sdgql3
16:14:14.487 742-f5e44fb4de89ca72.js:1 [CallModal] VideoGrid participants: {total: 2, filtered: 1, currentUserId: 'cmetc9zvw0000lx0fvjdkcng1', participantNames: Array(1)}
16:14:14.489 layout-d9ae9f9ff0cd665e.js:1 🧹 GlobalNotificationListener: Cleaning up socket listener for new-notification
16:14:14.489 layout-d9ae9f9ff0cd665e.js:1 🌐 GlobalNotificationListener: useEffect triggered {hasSocket: true, hasSession: true, socketConnected: true, socketId: 't-vo6sgonUMSnApdAAAF'}
16:14:14.489 layout-d9ae9f9ff0cd665e.js:1 🚀 GlobalNotificationListener: Setting up global socket listeners for user: cmetc9zvw0000lx0fvjdkcng1
16:14:14.491 layout-d9ae9f9ff0cd665e.js:1 🔄 GlobalNotificationListener: Re-emitted join-user-room for safety
16:14:14.491 layout-d9ae9f9ff0cd665e.js:1 ✅ GlobalNotificationListener: Socket listener registered for new-notification events
16:14:14.491 742-f5e44fb4de89ca72.js:1 [CallModal] 🔄 Participants unchanged, skipping re-initialization
16:14:14.492 742-f5e44fb4de89ca72.js:1 [CallModal] 🔍 Connection verification:
16:14:14.492 742-f5e44fb4de89ca72.js:1 [CallModal] - Expected participants: (2) ['cmetcnw9e0000kuy9dooe536g', 'cmetcd54n000plx0f6031986z']
16:14:14.492 742-f5e44fb4de89ca72.js:1 [CallModal] - Active connections: (2) ['cmetcnw9e0000kuy9dooe536g', 'cmetcd54n000plx0f6031986z']
16:14:14.493 742-f5e44fb4de89ca72.js:1 [CallModal] ✅ All expected WebRTC connections are active
16:14:14.493 742-f5e44fb4de89ca72.js:1 SocketContext: Window blurred, sending pre-blur heartbeat
16:14:14.867 638-11434f29ed368fce.js:1 NotificationContext: Page visibility changed to: false
16:14:14.868 742-f5e44fb4de89ca72.js:1 SocketContext: Tab became hidden, maintaining aggressive background connection
16:14:14.870 page-7a89d7867f156a09.js:1 🏠 ChatWindow mounted/re-rendered with conversationId: cmev8zel60000qt0f21sdgql3
16:14:14.873 742-f5e44fb4de89ca72.js:1 [CallModal] VideoGrid participants: {total: 2, filtered: 1, currentUserId: 'cmetc9zvw0000lx0fvjdkcng1', participantNames: Array(1)}
16:14:14.876 layout-d9ae9f9ff0cd665e.js:1 🧹 GlobalNotificationListener: Cleaning up socket listener for new-notification
16:14:14.877 layout-d9ae9f9ff0cd665e.js:1 🌐 GlobalNotificationListener: useEffect triggered {hasSocket: true, hasSession: true, socketConnected: true, socketId: 't-vo6sgonUMSnApdAAAF'}
16:14:14.877 layout-d9ae9f9ff0cd665e.js:1 🚀 GlobalNotificationListener: Setting up global socket listeners for user: cmetc9zvw0000lx0fvjdkcng1
16:14:14.877 layout-d9ae9f9ff0cd665e.js:1 🔄 GlobalNotificationListener: Re-emitted join-user-room for safety
16:14:14.877 layout-d9ae9f9ff0cd665e.js:1 ✅ GlobalNotificationListener: Socket listener registered for new-notification events
16:14:14.877 742-f5e44fb4de89ca72.js:1 [CallModal] 🔄 Participants unchanged, skipping re-initialization
16:14:14.878 742-f5e44fb4de89ca72.js:1 [CallModal] 🔍 Connection verification:
16:14:14.878 742-f5e44fb4de89ca72.js:1 [CallModal] - Expected participants: (2) ['cmetcnw9e0000kuy9dooe536g', 'cmetcd54n000plx0f6031986z']
16:14:14.878 742-f5e44fb4de89ca72.js:1 [CallModal] - Active connections: (2) ['cmetcnw9e0000kuy9dooe536g', 'cmetcd54n000plx0f6031986z']
16:14:14.879 742-f5e44fb4de89ca72.js:1 [CallModal] ✅ All expected WebRTC connections are active
16:14:15.015 742-f5e44fb4de89ca72.js:1 [VoiceActivity] Volume analysis: {average: '9.1', volume: '-28.9', threshold: -40, speaking: false, finalSpeaking: false, …}
16:14:15.117 page-7a89d7867f156a09.js:1 🏠 ChatWindow mounted/re-rendered with conversationId: cmev8zel60000qt0f21sdgql3
16:14:15.133 742-f5e44fb4de89ca72.js:1 [CallModal] VideoGrid participants: {total: 2, filtered: 1, currentUserId: 'cmetc9zvw0000lx0fvjdkcng1', participantNames: Array(1)}
16:14:15.137 page-7a89d7867f156a09.js:1 ChatSidebar: Conversations updated, count: 5
16:14:15.137 page-7a89d7867f156a09.js:1 ChatSidebar: Latest conversation: cmev8zel60000qt0f21sdgql3 last message: cmfnol8g90007kl0feineks18
16:14:15.137 742-f5e44fb4de89ca72.js:1 [CallModal] 🔄 Participants unchanged, skipping re-initialization
16:14:15.138 742-f5e44fb4de89ca72.js:1 [CallModal] 🔍 Connection verification:
16:14:15.138 742-f5e44fb4de89ca72.js:1 [CallModal] - Expected participants: (2) ['cmetcnw9e0000kuy9dooe536g', 'cmetcd54n000plx0f6031986z']
16:14:15.138 742-f5e44fb4de89ca72.js:1 [CallModal] - Active connections: (2) ['cmetcnw9e0000kuy9dooe536g', 'cmetcd54n000plx0f6031986z']
16:14:15.138 742-f5e44fb4de89ca72.js:1 [CallModal] ✅ All expected WebRTC connections are active
16:14:15.139 page-7a89d7867f156a09.js:1 🔄 ChatWindow: Conversation participants count: 3
16:14:15.139 page-7a89d7867f156a09.js:1 🔄 ChatWindow: Participants: (3) [{…}, {…}, {…}]
16:14:15.140 page-7a89d7867f156a09.js:1 🏠 ChatWindow mounted/re-rendered with conversationId: cmev8zel60000qt0f21sdgql3
16:14:15.142 742-f5e44fb4de89ca72.js:1 [CallModal] VideoGrid participants: {total: 2, filtered: 1, currentUserId: 'cmetc9zvw0000lx0fvjdkcng1', participantNames: Array(1)}
16:14:15.143 742-f5e44fb4de89ca72.js:1 [CallModal] 🔄 Participants unchanged, skipping re-initialization
16:14:15.143 742-f5e44fb4de89ca72.js:1 [CallModal] 🔍 Connection verification:
16:14:15.143 742-f5e44fb4de89ca72.js:1 [CallModal] - Expected participants: (2) ['cmetcnw9e0000kuy9dooe536g', 'cmetcd54n000plx0f6031986z']
16:14:15.144 742-f5e44fb4de89ca72.js:1 [CallModal] - Active connections: (2) ['cmetcnw9e0000kuy9dooe536g', 'cmetcd54n000plx0f6031986z']
16:14:15.144 742-f5e44fb4de89ca72.js:1 [CallModal] ✅ All expected WebRTC connections are active
16:14:15.169 742-f5e44fb4de89ca72.js:1 [CallModal] Updated peer connections for performance monitoring: 2
16:14:15.169 742-f5e44fb4de89ca72.js:1 [CallModal] Peer connection participants: (2) ['cmetcnw9e0000kuy9dooe536g', 'cmetcd54n000plx0f6031986z']
16:14:15.170 742-f5e44fb4de89ca72.js:1 [CallModal] VideoGrid participants: {total: 2, filtered: 1, currentUserId: 'cmetc9zvw0000lx0fvjdkcng1', participantNames: Array(1)}
16:14:15.170 742-f5e44fb4de89ca72.js:1 [useCallPerformance] Connection states: (2) [{…}, {…}]
16:14:15.171 742-f5e44fb4de89ca72.js:1 [useCallPerformance] Starting monitoring for 2 valid connections
16:14:15.172 742-f5e44fb4de89ca72.js:1 [useCallPerformance] Network metrics: {audioPacketLoss: 0, videoPacketLoss: 0, videoFrameRate: 27, latency: 2, callType: 'video'}
16:14:15.173 742-f5e44fb4de89ca72.js:1 [useCallPerformance] No valid network data yet, assuming good quality
16:14:15.173 742-f5e44fb4de89ca72.js:1 [CallModal] VideoGrid participants: {total: 2, filtered: 1, currentUserId: 'cmetc9zvw0000lx0fvjdkcng1', participantNames: Array(1)}
16:14:15.181 page-7a89d7867f156a09.js:1 Updated online status for user cmetcnw9e0000kuy9dooe536g in conversation cmev42y2w0000rv0f55h7qluf
16:14:15.181 page-7a89d7867f156a09.js:1 🏠 ChatWindow mounted/re-rendered with conversationId: cmev8zel60000qt0f21sdgql3
16:14:15.187 742-f5e44fb4de89ca72.js:1 [CallModal] VideoGrid participants: {total: 2, filtered: 1, currentUserId: 'cmetc9zvw0000lx0fvjdkcng1', participantNames: Array(1)}
16:14:15.193 page-7a89d7867f156a09.js:1 ChatSidebar: Conversations updated, count: 5
16:14:15.196 page-7a89d7867f156a09.js:1 ChatSidebar: Latest conversation: cmev8zel60000qt0f21sdgql3 last message: cmfnol8g90007kl0feineks18
16:14:15.197 742-f5e44fb4de89ca72.js:1 [CallModal] 🔄 Participants unchanged, skipping re-initialization
16:14:15.197 742-f5e44fb4de89ca72.js:1 [CallModal] 🔍 Connection verification:
16:14:15.198 742-f5e44fb4de89ca72.js:1 [CallModal] - Expected participants: (2) ['cmetcnw9e0000kuy9dooe536g', 'cmetcd54n000plx0f6031986z']
16:14:15.198 742-f5e44fb4de89ca72.js:1 [CallModal] - Active connections: (2) ['cmetcnw9e0000kuy9dooe536g', 'cmetcd54n000plx0f6031986z']
16:14:15.199 742-f5e44fb4de89ca72.js:1 [CallModal] ✅ All expected WebRTC connections are active
16:14:15.199 page-7a89d7867f156a09.js:1 🔄 ChatWindow: Conversation participants count: 3
16:14:15.199 page-7a89d7867f156a09.js:1 🔄 ChatWindow: Participants: (3) [{…}, {…}, {…}]
16:14:15.200 page-7a89d7867f156a09.js:1 🏠 ChatWindow mounted/re-rendered with conversationId: cmev8zel60000qt0f21sdgql3
16:14:15.203 742-f5e44fb4de89ca72.js:1 [CallModal] VideoGrid participants: {total: 2, filtered: 1, currentUserId: 'cmetc9zvw0000lx0fvjdkcng1', participantNames: Array(1)}
16:14:15.204 742-f5e44fb4de89ca72.js:1 [CallModal] 🔄 Participants unchanged, skipping re-initialization
16:14:15.205 742-f5e44fb4de89ca72.js:1 [CallModal] 🔍 Connection verification:
16:14:15.205 742-f5e44fb4de89ca72.js:1 [CallModal] - Expected participants: (2) ['cmetcnw9e0000kuy9dooe536g', 'cmetcd54n000plx0f6031986z']
16:14:15.206 742-f5e44fb4de89ca72.js:1 [CallModal] - Active connections: (2) ['cmetcnw9e0000kuy9dooe536g', 'cmetcd54n000plx0f6031986z']
16:14:15.206 742-f5e44fb4de89ca72.js:1 [CallModal] ✅ All expected WebRTC connections are active
16:14:15.870 page-7a89d7867f156a09.js:1 User status update received: {userId: 'cmetcnw9e0000kuy9dooe536g', isOnline: true, lastSeen: '2025-09-17T08:14:15.821Z'}
16:14:15.870 page-7a89d7867f156a09.js:1 User status update received: {userId: 'cmetcnw9e0000kuy9dooe536g', isOnline: true, lastSeen: '2025-09-17T08:14:15.821Z'}
16:14:15.871 page-7a89d7867f156a09.js:1 Updated online status for user cmetcnw9e0000kuy9dooe536g in conversation cmev42y2w0000rv0f55h7qluf
16:14:15.872 page-7a89d7867f156a09.js:1 🏠 ChatWindow mounted/re-rendered with conversationId: cmev8zel60000qt0f21sdgql3
16:14:15.872 page-7a89d7867f156a09.js:1 Updated online status for user cmetcnw9e0000kuy9dooe536g in conversation cmev8zel60000qt0f21sdgql3
16:14:15.875 742-f5e44fb4de89ca72.js:1 [CallModal] VideoGrid participants: {total: 2, filtered: 1, currentUserId: 'cmetc9zvw0000lx0fvjdkcng1', participantNames: Array(1)}
16:14:15.876 page-7a89d7867f156a09.js:1 ChatSidebar: Conversations updated, count: 5
16:14:15.876 page-7a89d7867f156a09.js:1 ChatSidebar: Latest conversation: cmev8zel60000qt0f21sdgql3 last message: cmfnol8g90007kl0feineks18
16:14:15.877 742-f5e44fb4de89ca72.js:1 [CallModal] 🔄 Participants unchanged, skipping re-initialization
16:14:15.878 742-f5e44fb4de89ca72.js:1 [CallModal] 🔍 Connection verification:
16:14:15.878 742-f5e44fb4de89ca72.js:1 [CallModal] - Expected participants: (2) ['cmetcnw9e0000kuy9dooe536g', 'cmetcd54n000plx0f6031986z']
16:14:15.878 742-f5e44fb4de89ca72.js:1 [CallModal] - Active connections: (2) ['cmetcnw9e0000kuy9dooe536g', 'cmetcd54n000plx0f6031986z']
16:14:15.879 742-f5e44fb4de89ca72.js:1 [CallModal] ✅ All expected WebRTC connections are active
16:14:15.879 page-7a89d7867f156a09.js:1 🔄 ChatWindow: Conversation participants count: 3
16:14:15.879 page-7a89d7867f156a09.js:1 🔄 ChatWindow: Participants: (3) [{…}, {…}, {…}]
16:14:15.880 page-7a89d7867f156a09.js:1 🏠 ChatWindow mounted/re-rendered with conversationId: cmev8zel60000qt0f21sdgql3
16:14:15.884 742-f5e44fb4de89ca72.js:1 [CallModal] VideoGrid participants: {total: 2, filtered: 1, currentUserId: 'cmetc9zvw0000lx0fvjdkcng1', participantNames: Array(1)}
16:14:15.885 742-f5e44fb4de89ca72.js:1 [CallModal] 🔄 Participants unchanged, skipping re-initialization
16:14:15.885 742-f5e44fb4de89ca72.js:1 [CallModal] 🔍 Connection verification:
16:14:15.885 742-f5e44fb4de89ca72.js:1 [CallModal] - Expected participants: (2) ['cmetcnw9e0000kuy9dooe536g', 'cmetcd54n000plx0f6031986z']
16:14:15.886 742-f5e44fb4de89ca72.js:1 [CallModal] - Active connections: (2) ['cmetcnw9e0000kuy9dooe536g', 'cmetcd54n000plx0f6031986z']
16:14:15.886 742-f5e44fb4de89ca72.js:1 [CallModal] ✅ All expected WebRTC connections are active
16:14:15.918 742-f5e44fb4de89ca72.js:1 [WebRTC] Excellent network detected - restoring quality
16:14:15.918 742-f5e44fb4de89ca72.js:1 [WebRTC] Improved audio quality for: cmetcnw9e0000kuy9dooe536g
16:14:15.919 742-f5e44fb4de89ca72.js:1 [WebRTC] Improved video quality for: cmetcnw9e0000kuy9dooe536g
16:14:16.493 742-f5e44fb4de89ca72.js:1 [CallModal] 🔍 Connection verification:
16:14:16.493 742-f5e44fb4de89ca72.js:1 [CallModal] - Expected participants: (2) ['cmetcnw9e0000kuy9dooe536g', 'cmetcd54n000plx0f6031986z']
16:14:16.494 742-f5e44fb4de89ca72.js:1 [CallModal] - Active connections: (2) ['cmetcnw9e0000kuy9dooe536g', 'cmetcd54n000plx0f6031986z']
16:14:16.494 742-f5e44fb4de89ca72.js:1 [CallModal] ✅ All expected WebRTC connections are active
16:14:16.541 742-f5e44fb4de89ca72.js:1 SocketContext: Heartbeat sent successfully
16:14:16.798 742-f5e44fb4de89ca72.js:1 [CallModal] 🔇 Participant mute change: {callId: 'call-1758096821929-j0m8cxwgf', participantId: 'cmetcnw9e0000kuy9dooe536g', isMuted: false}
16:14:16.798 742-f5e44fb4de89ca72.js:1 [CallModal] 🔇 Updated participant mute states: {cmetcnw9e0000kuy9dooe536g: false}
16:14:16.799 742-f5e44fb4de89ca72.js:1 [CallModal] Participant cmetcnw9e0000kuy9dooe536g mute state changed to: false
16:14:16.799 742-f5e44fb4de89ca72.js:1 [CallModal] VideoGrid participants: {total: 2, filtered: 1, currentUserId: 'cmetc9zvw0000lx0fvjdkcng1', participantNames: Array(1)}
16:14:16.842 742-f5e44fb4de89ca72.js:1 [CallModal] 🔇 Participant mute change: {callId: 'call-1758096821929-j0m8cxwgf', participantId: 'cmetcnw9e0000kuy9dooe536g', isMuted: false}
16:14:16.842 742-f5e44fb4de89ca72.js:1 [CallModal] Participant cmetcnw9e0000kuy9dooe536g mute state changed to: false
16:14:16.842 742-f5e44fb4de89ca72.js:1 [CallModal] 🔇 Participant mute change: {callId: 'call-1758096821929-j0m8cxwgf', participantId: 'cmetcnw9e0000kuy9dooe536g', isMuted: false}
16:14:16.843 742-f5e44fb4de89ca72.js:1 [CallModal] Participant cmetcnw9e0000kuy9dooe536g mute state changed to: false
16:14:16.843 742-f5e44fb4de89ca72.js:1 [CallModal] 🔇 Updated participant mute states: {cmetcnw9e0000kuy9dooe536g: false}
16:14:16.843 742-f5e44fb4de89ca72.js:1 [CallModal] 🔇 Updated participant mute states: {cmetcnw9e0000kuy9dooe536g: false}
16:14:16.843 742-f5e44fb4de89ca72.js:1 [CallModal] VideoGrid participants: {total: 2, filtered: 1, currentUserId: 'cmetc9zvw0000lx0fvjdkcng1', participantNames: Array(1)}
16:14:16.880 742-f5e44fb4de89ca72.js:1 [CallModal] 🔍 Connection verification:
16:14:16.881 742-f5e44fb4de89ca72.js:1 [CallModal] - Expected participants: (2) ['cmetcnw9e0000kuy9dooe536g', 'cmetcd54n000plx0f6031986z']
16:14:16.881 742-f5e44fb4de89ca72.js:1 [CallModal] - Active connections: (2) ['cmetcnw9e0000kuy9dooe536g', 'cmetcd54n000plx0f6031986z']
16:14:16.881 742-f5e44fb4de89ca72.js:1 [CallModal] ✅ All expected WebRTC connections are active
16:14:16.886 742-f5e44fb4de89ca72.js:1 [CallModal] VideoGrid participants: {total: 2, filtered: 1, currentUserId: 'cmetc9zvw0000lx0fvjdkcng1', participantNames: Array(1)}
16:14:17.140 742-f5e44fb4de89ca72.js:1 [CallModal] 🔍 Connection verification:
16:14:17.140 742-f5e44fb4de89ca72.js:1 [CallModal] - Expected participants: (2) ['cmetcnw9e0000kuy9dooe536g', 'cmetcd54n000plx0f6031986z']
16:14:17.141 742-f5e44fb4de89ca72.js:1 [CallModal] - Active connections: (2) ['cmetcnw9e0000kuy9dooe536g', 'cmetcd54n000plx0f6031986z']
16:14:17.141 742-f5e44fb4de89ca72.js:1 [CallModal] ✅ All expected WebRTC connections are active
16:14:17.145 742-f5e44fb4de89ca72.js:1 [CallModal] 🔍 Connection verification:
16:14:17.145 742-f5e44fb4de89ca72.js:1 [CallModal] - Expected participants: (2) ['cmetcnw9e0000kuy9dooe536g', 'cmetcd54n000plx0f6031986z']
16:14:17.145 742-f5e44fb4de89ca72.js:1 [CallModal] - Active connections: (2) ['cmetcnw9e0000kuy9dooe536g', 'cmetcd54n000plx0f6031986z']
16:14:17.145 742-f5e44fb4de89ca72.js:1 [CallModal] ✅ All expected WebRTC connections are active
16:14:17.169 742-f5e44fb4de89ca72.js:1 [CallModal] Updated peer connections for performance monitoring: 2
16:14:17.170 742-f5e44fb4de89ca72.js:1 [CallModal] Peer connection participants: (2) ['cmetcnw9e0000kuy9dooe536g', 'cmetcd54n000plx0f6031986z']
16:14:17.170 742-f5e44fb4de89ca72.js:1 [CallModal] VideoGrid participants: {total: 2, filtered: 1, currentUserId: 'cmetc9zvw0000lx0fvjdkcng1', participantNames: Array(1)}
16:14:17.171 742-f5e44fb4de89ca72.js:1 [useCallPerformance] Connection states: (2) [{…}, {…}]
16:14:17.171 742-f5e44fb4de89ca72.js:1 [useCallPerformance] Starting monitoring for 2 valid connections
16:14:17.172 742-f5e44fb4de89ca72.js:1 [useCallPerformance] Network metrics: {audioPacketLoss: 0, videoPacketLoss: 0, videoFrameRate: 27, latency: 2, callType: 'video'}
16:14:17.173 742-f5e44fb4de89ca72.js:1 [useCallPerformance] No valid network data yet, assuming good quality
16:14:17.174 742-f5e44fb4de89ca72.js:1 [CallModal] VideoGrid participants: {total: 2, filtered: 1, currentUserId: 'cmetc9zvw0000lx0fvjdkcng1', participantNames: Array(1)}
16:14:17.200 742-f5e44fb4de89ca72.js:1 [CallModal] 🔍 Connection verification:
16:14:17.201 742-f5e44fb4de89ca72.js:1 [CallModal] - Expected participants: (2) ['cmetcnw9e0000kuy9dooe536g', 'cmetcd54n000plx0f6031986z']
16:14:17.201 742-f5e44fb4de89ca72.js:1 [CallModal] - Active connections: (2) ['cmetcnw9e0000kuy9dooe536g', 'cmetcd54n000plx0f6031986z']
16:14:17.201 742-f5e44fb4de89ca72.js:1 [CallModal] ✅ All expected WebRTC connections are active
16:14:17.207 742-f5e44fb4de89ca72.js:1 [CallModal] 🔍 Connection verification:
16:14:17.209 742-f5e44fb4de89ca72.js:1 [CallModal] - Expected participants: (2) ['cmetcnw9e0000kuy9dooe536g', 'cmetcd54n000plx0f6031986z']
16:14:17.209 742-f5e44fb4de89ca72.js:1 [CallModal] - Active connections: (2) ['cmetcnw9e0000kuy9dooe536g', 'cmetcd54n000plx0f6031986z']
16:14:17.209 742-f5e44fb4de89ca72.js:1 [CallModal] ✅ All expected WebRTC connections are active
16:14:17.300 742-f5e44fb4de89ca72.js:1 [CallModal] 🔇 Participant mute change: {callId: 'call-1758096821929-j0m8cxwgf', participantId: 'cmetcnw9e0000kuy9dooe536g', isMuted: true}
16:14:17.300 742-f5e44fb4de89ca72.js:1 [CallModal] Participant cmetcnw9e0000kuy9dooe536g mute state changed to: true
16:14:17.305 742-f5e44fb4de89ca72.js:1 [CallModal] 🔇 Updated participant mute states: {cmetcnw9e0000kuy9dooe536g: true}
16:14:17.305 742-f5e44fb4de89ca72.js:1 [CallModal] VideoGrid participants: {total: 2, filtered: 1, currentUserId: 'cmetc9zvw0000lx0fvjdkcng1', participantNames: Array(1)}
16:14:17.343 742-f5e44fb4de89ca72.js:1 [CallModal] 🔇 Participant mute change: {callId: 'call-1758096821929-j0m8cxwgf', participantId: 'cmetcnw9e0000kuy9dooe536g', isMuted: true}
16:14:17.344 742-f5e44fb4de89ca72.js:1 [CallModal] Participant cmetcnw9e0000kuy9dooe536g mute state changed to: true
16:14:17.344 742-f5e44fb4de89ca72.js:1 [CallModal] 🔇 Participant mute change: {callId: 'call-1758096821929-j0m8cxwgf', participantId: 'cmetcnw9e0000kuy9dooe536g', isMuted: true}
16:14:17.344 742-f5e44fb4de89ca72.js:1 [CallModal] Participant cmetcnw9e0000kuy9dooe536g mute state changed to: true
16:14:17.345 742-f5e44fb4de89ca72.js:1 [CallModal] 🔇 Updated participant mute states: {cmetcnw9e0000kuy9dooe536g: true}
16:14:17.345 742-f5e44fb4de89ca72.js:1 [CallModal] 🔇 Updated participant mute states: {cmetcnw9e0000kuy9dooe536g: true}
16:14:17.345 742-f5e44fb4de89ca72.js:1 [CallModal] VideoGrid participants: {total: 2, filtered: 1, currentUserId: 'cmetc9zvw0000lx0fvjdkcng1', participantNames: Array(1)}
16:14:17.821 638-11434f29ed368fce.js:1 NotificationContext: Window focused
16:14:17.822 page-7a89d7867f156a09.js:1 🏠 ChatWindow mounted/re-rendered with conversationId: cmev8zel60000qt0f21sdgql3
16:14:17.824 742-f5e44fb4de89ca72.js:1 [CallModal] VideoGrid participants: {total: 2, filtered: 1, currentUserId: 'cmetc9zvw0000lx0fvjdkcng1', participantNames: Array(1)}
16:14:17.825 layout-d9ae9f9ff0cd665e.js:1 🧹 GlobalNotificationListener: Cleaning up socket listener for new-notification
16:14:17.826 layout-d9ae9f9ff0cd665e.js:1 🌐 GlobalNotificationListener: useEffect triggered {hasSocket: true, hasSession: true, socketConnected: true, socketId: 't-vo6sgonUMSnApdAAAF'}
16:14:17.826 layout-d9ae9f9ff0cd665e.js:1 🚀 GlobalNotificationListener: Setting up global socket listeners for user: cmetc9zvw0000lx0fvjdkcng1
16:14:17.827 layout-d9ae9f9ff0cd665e.js:1 🔄 GlobalNotificationListener: Re-emitted join-user-room for safety
16:14:17.827 layout-d9ae9f9ff0cd665e.js:1 ✅ GlobalNotificationListener: Socket listener registered for new-notification events
16:14:17.827 742-f5e44fb4de89ca72.js:1 [CallModal] 🔄 Participants unchanged, skipping re-initialization
16:14:17.829 742-f5e44fb4de89ca72.js:1 [CallModal] 🔍 Connection verification:
16:14:17.829 742-f5e44fb4de89ca72.js:1 [CallModal] - Expected participants: (2) ['cmetcnw9e0000kuy9dooe536g', 'cmetcd54n000plx0f6031986z']
16:14:17.829 742-f5e44fb4de89ca72.js:1 [CallModal] - Active connections: (2) ['cmetcnw9e0000kuy9dooe536g', 'cmetcd54n000plx0f6031986z']
16:14:17.830 742-f5e44fb4de89ca72.js:1 [CallModal] ✅ All expected WebRTC connections are active
16:14:17.830 742-f5e44fb4de89ca72.js:1 SocketContext: Window focused, refreshing connection
16:14:17.879 742-f5e44fb4de89ca72.js:1 [CallModal] 🔍 Connection verification:
16:14:17.880 742-f5e44fb4de89ca72.js:1 [CallModal] - Expected participants: (2) ['cmetcnw9e0000kuy9dooe536g', 'cmetcd54n000plx0f6031986z']
16:14:17.880 742-f5e44fb4de89ca72.js:1 [CallModal] - Active connections: (2) ['cmetcnw9e0000kuy9dooe536g', 'cmetcd54n000plx0f6031986z']
16:14:17.880 742-f5e44fb4de89ca72.js:1 [CallModal] ✅ All expected WebRTC connections are active
16:14:17.887 742-f5e44fb4de89ca72.js:1 [CallModal] 🔍 Connection verification:
16:14:17.887 742-f5e44fb4de89ca72.js:1 [CallModal] - Expected participants: (2) ['cmetcnw9e0000kuy9dooe536g', 'cmetcd54n000plx0f6031986z']
16:14:17.888 742-f5e44fb4de89ca72.js:1 [CallModal] - Active connections: (2) ['cmetcnw9e0000kuy9dooe536g', 'cmetcd54n000plx0f6031986z']
16:14:17.888 742-f5e44fb4de89ca72.js:1 [CallModal] ✅ All expected WebRTC connections are active
16:14:17.889 638-11434f29ed368fce.js:1 NotificationContext: Page visibility changed to: true
16:14:17.890 742-f5e44fb4de89ca72.js:1 SocketContext: Tab became visible, re-establishing connection
16:14:17.891 page-7a89d7867f156a09.js:1 🏠 ChatWindow mounted/re-rendered with conversationId: cmev8zel60000qt0f21sdgql3
16:14:17.894 742-f5e44fb4de89ca72.js:1 [CallModal] VideoGrid participants: {total: 2, filtered: 1, currentUserId: 'cmetc9zvw0000lx0fvjdkcng1', participantNames: Array(1)}
16:14:17.901 layout-d9ae9f9ff0cd665e.js:1 🧹 GlobalNotificationListener: Cleaning up socket listener for new-notification
16:14:17.902 layout-d9ae9f9ff0cd665e.js:1 🌐 GlobalNotificationListener: useEffect triggered {hasSocket: true, hasSession: true, socketConnected: true, socketId: 't-vo6sgonUMSnApdAAAF'}
16:14:17.902 layout-d9ae9f9ff0cd665e.js:1 🚀 GlobalNotificationListener: Setting up global socket listeners for user: cmetc9zvw0000lx0fvjdkcng1
16:14:17.902 layout-d9ae9f9ff0cd665e.js:1 🔄 GlobalNotificationListener: Re-emitted join-user-room for safety
16:14:17.902 layout-d9ae9f9ff0cd665e.js:1 ✅ GlobalNotificationListener: Socket listener registered for new-notification events
16:14:17.902 742-f5e44fb4de89ca72.js:1 [CallModal] 🔄 Participants unchanged, skipping re-initialization
16:14:17.903 742-f5e44fb4de89ca72.js:1 [CallModal] 🔍 Connection verification:
16:14:17.904 742-f5e44fb4de89ca72.js:1 [CallModal] - Expected participants: (2) ['cmetcnw9e0000kuy9dooe536g', 'cmetcd54n000plx0f6031986z']
16:14:17.904 742-f5e44fb4de89ca72.js:1 [CallModal] - Active connections: (2) ['cmetcnw9e0000kuy9dooe536g', 'cmetcd54n000plx0f6031986z']
16:14:17.905 742-f5e44fb4de89ca72.js:1 [CallModal] ✅ All expected WebRTC connections are active
16:14:17.918 page-7a89d7867f156a09.js:1 User status update received: {userId: 'cmetcnw9e0000kuy9dooe536g', isOnline: true, lastSeen: '2025-09-17T08:14:17.758Z'}
16:14:17.919 page-7a89d7867f156a09.js:1 ChatSidebar: Filtering conversations {totalConversations: 5, blockedUserIds: Array(0), blockerUserIds: Array(0), effectiveSearchQuery: '', forceRefresh: 16, …}
16:14:17.920 page-7a89d7867f156a09.js:1 🏠 ChatWindow mounted/re-rendered with conversationId: cmev8zel60000qt0f21sdgql3
16:14:17.922 742-f5e44fb4de89ca72.js:1 [CallModal] VideoGrid participants: {total: 2, filtered: 1, currentUserId: 'cmetc9zvw0000lx0fvjdkcng1', participantNames: Array(1)}
16:14:17.925 page-7a89d7867f156a09.js:1 ChatSidebar: Conversations updated, count: 5
16:14:17.925 page-7a89d7867f156a09.js:1 ChatSidebar: Latest conversation: cmev8zel60000qt0f21sdgql3 last message: cmfnol8g90007kl0feineks18
16:14:17.925 742-f5e44fb4de89ca72.js:1 [CallModal] 🔄 Participants unchanged, skipping re-initialization
16:14:17.926 742-f5e44fb4de89ca72.js:1 [CallModal] 🔍 Connection verification:
16:14:17.926 742-f5e44fb4de89ca72.js:1 [CallModal] - Expected participants: (2) ['cmetcnw9e0000kuy9dooe536g', 'cmetcd54n000plx0f6031986z']
16:14:17.926 742-f5e44fb4de89ca72.js:1 [CallModal] - Active connections: (2) ['cmetcnw9e0000kuy9dooe536g', 'cmetcd54n000plx0f6031986z']
16:14:17.927 742-f5e44fb4de89ca72.js:1 [CallModal] ✅ All expected WebRTC connections are active
16:14:17.927 page-7a89d7867f156a09.js:1 🔄 ChatWindow: Conversation participants count: 3
16:14:17.927 page-7a89d7867f156a09.js:1 🔄 ChatWindow: Participants: (3) [{…}, {…}, {…}]
16:14:17.928 page-7a89d7867f156a09.js:1 🏠 ChatWindow mounted/re-rendered with conversationId: cmev8zel60000qt0f21sdgql3
16:14:17.933 742-f5e44fb4de89ca72.js:1 [CallModal] VideoGrid participants: {total: 2, filtered: 1, currentUserId: 'cmetc9zvw0000lx0fvjdkcng1', participantNames: Array(1)}
16:14:17.938 742-f5e44fb4de89ca72.js:1 [CallModal] 🔄 Participants unchanged, skipping re-initialization
16:14:17.939 742-f5e44fb4de89ca72.js:1 [CallModal] 🔍 Connection verification:
16:14:17.940 742-f5e44fb4de89ca72.js:1 [CallModal] - Expected participants: (2) ['cmetcnw9e0000kuy9dooe536g', 'cmetcd54n000plx0f6031986z']
16:14:17.940 742-f5e44fb4de89ca72.js:1 [CallModal] - Active connections: (2) ['cmetcnw9e0000kuy9dooe536g', 'cmetcd54n000plx0f6031986z']
16:14:17.941 742-f5e44fb4de89ca72.js:1 [CallModal] ✅ All expected WebRTC connections are active
16:14:17.965 page-7a89d7867f156a09.js:1 🏠 ChatWindow mounted/re-rendered with conversationId: cmev8zel60000qt0f21sdgql3
16:14:17.966 742-f5e44fb4de89ca72.js:1 [CallModal] VideoGrid participants: {total: 2, filtered: 1, currentUserId: 'cmetc9zvw0000lx0fvjdkcng1', participantNames: Array(1)}
16:14:17.968 layout-d9ae9f9ff0cd665e.js:1 🧹 GlobalNotificationListener: Cleaning up socket listener for new-notification
16:14:17.969 layout-d9ae9f9ff0cd665e.js:1 🌐 GlobalNotificationListener: useEffect triggered {hasSocket: true, hasSession: true, socketConnected: true, socketId: 't-vo6sgonUMSnApdAAAF'}
16:14:17.969 layout-d9ae9f9ff0cd665e.js:1 🚀 GlobalNotificationListener: Setting up global socket listeners for user: cmetc9zvw0000lx0fvjdkcng1
16:14:17.969 layout-d9ae9f9ff0cd665e.js:1 🔄 GlobalNotificationListener: Re-emitted join-user-room for safety
16:14:17.969 layout-d9ae9f9ff0cd665e.js:1 ✅ GlobalNotificationListener: Socket listener registered for new-notification events
16:14:17.970 742-f5e44fb4de89ca72.js:1 [CallModal] 🔄 Participants unchanged, skipping re-initialization
16:14:17.970 742-f5e44fb4de89ca72.js:1 [CallModal] 🔍 Connection verification:
16:14:17.971 742-f5e44fb4de89ca72.js:1 [CallModal] - Expected participants: (2) ['cmetcnw9e0000kuy9dooe536g', 'cmetcd54n000plx0f6031986z']
16:14:17.971 742-f5e44fb4de89ca72.js:1 [CallModal] - Active connections: (2) ['cmetcnw9e0000kuy9dooe536g', 'cmetcd54n000plx0f6031986z']
16:14:17.972 742-f5e44fb4de89ca72.js:1 [CallModal] ✅ All expected WebRTC connections are active
16:14:17.981 page-7a89d7867f156a09.js:1 ChatSidebar: Group conversation cmev8zel60000qt0f21sdgql3 (Test) - members: 3
16:14:17.982 page-7a89d7867f156a09.js:1 🏠 ChatWindow mounted/re-rendered with conversationId: cmev8zel60000qt0f21sdgql3
16:14:17.987 742-f5e44fb4de89ca72.js:1 [CallModal] VideoGrid participants: {total: 2, filtered: 1, currentUserId: 'cmetc9zvw0000lx0fvjdkcng1', participantNames: Array(1)}
16:14:17.988 page-7a89d7867f156a09.js:1 ChatSidebar: Conversations updated, count: 5
16:14:17.989 page-7a89d7867f156a09.js:1 ChatSidebar: Latest conversation: cmev8zel60000qt0f21sdgql3 last message: cmfnol8g90007kl0feineks18
16:14:17.989 742-f5e44fb4de89ca72.js:1 [CallModal] 🔄 Participants unchanged, skipping re-initialization
16:14:17.989 742-f5e44fb4de89ca72.js:1 [CallModal] 🔍 Connection verification:
16:14:17.990 742-f5e44fb4de89ca72.js:1 [CallModal] - Expected participants: (2) ['cmetcnw9e0000kuy9dooe536g', 'cmetcd54n000plx0f6031986z']
16:14:17.990 742-f5e44fb4de89ca72.js:1 [CallModal] - Active connections: (2) ['cmetcnw9e0000kuy9dooe536g', 'cmetcd54n000plx0f6031986z']
16:14:17.990 742-f5e44fb4de89ca72.js:1 [CallModal] ✅ All expected WebRTC connections are active
16:14:17.991 page-7a89d7867f156a09.js:1 🔄 ChatWindow: Conversation participants count: 3
16:14:17.991 page-7a89d7867f156a09.js:1 🔄 ChatWindow: Participants: (3) [{…}, {…}, {…}]
16:14:17.992 page-7a89d7867f156a09.js:1 🏠 ChatWindow mounted/re-rendered with conversationId: cmev8zel60000qt0f21sdgql3
16:14:17.995 742-f5e44fb4de89ca72.js:1 [CallModal] VideoGrid participants: {total: 2, filtered: 1, currentUserId: 'cmetc9zvw0000lx0fvjdkcng1', participantNames: Array(1)}
16:14:17.996 742-f5e44fb4de89ca72.js:1 [CallModal] 🔄 Participants unchanged, skipping re-initialization
16:14:17.997 742-f5e44fb4de89ca72.js:1 [CallModal] 🔍 Connection verification:
16:14:17.997 742-f5e44fb4de89ca72.js:1 [CallModal] - Expected participants: (2) ['cmetcnw9e0000kuy9dooe536g', 'cmetcd54n000plx0f6031986z']
16:14:17.998 742-f5e44fb4de89ca72.js:1 [CallModal] - Active connections: (2) ['cmetcnw9e0000kuy9dooe536g', 'cmetcd54n000plx0f6031986z']
16:14:17.998 742-f5e44fb4de89ca72.js:1 [CallModal] ✅ All expected WebRTC connections are active
16:14:18.301 page-7a89d7867f156a09.js:1 ChatSidebar: Filtering conversations {totalConversations: 5, blockedUserIds: Array(0), blockerUserIds: Array(0), effectiveSearchQuery: '', forceRefresh: 16, …}
16:14:18.301 page-7a89d7867f156a09.js:1 ChatSidebar: Filtered 5 -> 5 conversations
16:14:18.301 page-7a89d7867f156a09.js:1 ChatSidebar: Final conversation list: (5) [{…}, {…}, {…}, {…}, {…}]
16:14:18.303 page-7a89d7867f156a09.js:1 🏠 ChatWindow mounted/re-rendered with conversationId: cmev8zel60000qt0f21sdgql3
16:14:18.303 page-7a89d7867f156a09.js:1 Updated online status for user cmetcnw9e0000kuy9dooe536g in conversation cmev8zel60000qt0f21sdgql3
16:14:18.306 742-f5e44fb4de89ca72.js:1 [CallModal] VideoGrid participants: {total: 2, filtered: 1, currentUserId: 'cmetc9zvw0000lx0fvjdkcng1', participantNames: Array(1)}
16:14:18.309 page-7a89d7867f156a09.js:1 ChatSidebar: Conversations updated, count: 5
16:14:18.310 page-7a89d7867f156a09.js:1 ChatSidebar: Latest conversation: cmev8zel60000qt0f21sdgql3 last message: cmfnol8g90007kl0feineks18
16:14:18.310 742-f5e44fb4de89ca72.js:1 [CallModal] 🔄 Participants unchanged, skipping re-initialization
16:14:18.310 742-f5e44fb4de89ca72.js:1 [CallModal] 🔍 Connection verification:
16:14:18.311 742-f5e44fb4de89ca72.js:1 [CallModal] - Expected participants: (2) ['cmetcnw9e0000kuy9dooe536g', 'cmetcd54n000plx0f6031986z']
16:14:18.311 742-f5e44fb4de89ca72.js:1 [CallModal] - Active connections: (2) ['cmetcnw9e0000kuy9dooe536g', 'cmetcd54n000plx0f6031986z']
16:14:18.311 742-f5e44fb4de89ca72.js:1 [CallModal] ✅ All expected WebRTC connections are active
16:14:18.312 page-7a89d7867f156a09.js:1 🔄 ChatWindow: Conversation participants count: 3
16:14:18.312 page-7a89d7867f156a09.js:1 🔄 ChatWindow: Participants: (3) [{…}, {…}, {…}]
16:14:18.313 page-7a89d7867f156a09.js:1 🏠 ChatWindow mounted/re-rendered with conversationId: cmev8zel60000qt0f21sdgql3
16:14:18.315 742-f5e44fb4de89ca72.js:1 [CallModal] VideoGrid participants: {total: 2, filtered: 1, currentUserId: 'cmetc9zvw0000lx0fvjdkcng1', participantNames: Array(1)}
16:14:18.316 742-f5e44fb4de89ca72.js:1 [CallModal] 🔄 Participants unchanged, skipping re-initialization
16:14:18.317 742-f5e44fb4de89ca72.js:1 [CallModal] 🔍 Connection verification:
16:14:18.318 742-f5e44fb4de89ca72.js:1 [CallModal] - Expected participants: (2) ['cmetcnw9e0000kuy9dooe536g', 'cmetcd54n000plx0f6031986z']
16:14:18.318 742-f5e44fb4de89ca72.js:1 [CallModal] - Active connections: (2) ['cmetcnw9e0000kuy9dooe536g', 'cmetcd54n000plx0f6031986z']
16:14:18.319 742-f5e44fb4de89ca72.js:1 [CallModal] ✅ All expected WebRTC connections are active
16:14:18.578 742-f5e44fb4de89ca72.js:1 [VoiceActivity] Volume analysis: {average: '12.3', volume: '-26.4', threshold: -40, speaking: false, finalSpeaking: false, …}
16:14:18.891 742-f5e44fb4de89ca72.js:1 SocketContext: Additional heartbeat sent after becoming visible
16:14:18.916 742-f5e44fb4de89ca72.js:1 [WebRTC] Excellent network detected - restoring quality
16:14:18.918 742-f5e44fb4de89ca72.js:1 [WebRTC] Improved audio quality for: cmetcnw9e0000kuy9dooe536g
16:14:18.919 742-f5e44fb4de89ca72.js:1 [WebRTC] Improved video quality for: cmetcnw9e0000kuy9dooe536g
16:14:19.169 742-f5e44fb4de89ca72.js:1 [CallModal] Updated peer connections for performance monitoring: 2
16:14:19.169 742-f5e44fb4de89ca72.js:1 [CallModal] Peer connection participants: (2) ['cmetcnw9e0000kuy9dooe536g', 'cmetcd54n000plx0f6031986z']
16:14:19.170 742-f5e44fb4de89ca72.js:1 [CallModal] VideoGrid participants: {total: 2, filtered: 1, currentUserId: 'cmetc9zvw0000lx0fvjdkcng1', participantNames: Array(1)}
16:14:19.171 742-f5e44fb4de89ca72.js:1 [useCallPerformance] Connection states: (2) [{…}, {…}]
16:14:19.171 742-f5e44fb4de89ca72.js:1 [useCallPerformance] Starting monitoring for 2 valid connections
16:14:19.173 742-f5e44fb4de89ca72.js:1 [useCallPerformance] Network metrics: {audioPacketLoss: 0, videoPacketLoss: 0, videoFrameRate: 26, latency: 2, callType: 'video'}
16:14:19.174 742-f5e44fb4de89ca72.js:1 [useCallPerformance] No valid network data yet, assuming good quality
16:14:19.175 742-f5e44fb4de89ca72.js:1 [CallModal] VideoGrid participants: {total: 2, filtered: 1, currentUserId: 'cmetc9zvw0000lx0fvjdkcng1', participantNames: Array(1)}
16:14:19.318 742-f5e44fb4de89ca72.js:1 [CallModal] ⏰ Duration: 30s (start: 2025-09-17T08:13:48.931Z, source: local)
16:14:19.318 742-f5e44fb4de89ca72.js:1 [CallModal] VideoGrid participants: {total: 2, filtered: 1, currentUserId: 'cmetc9zvw0000lx0fvjdkcng1', participantNames: Array(1)}
16:14:19.830 742-f5e44fb4de89ca72.js:1 [CallModal] 🔍 Connection verification:
16:14:19.830 742-f5e44fb4de89ca72.js:1 [CallModal] - Expected participants: (2) ['cmetcnw9e0000kuy9dooe536g', 'cmetcd54n000plx0f6031986z']
16:14:19.831 742-f5e44fb4de89ca72.js:1 [CallModal] - Active connections: (2) ['cmetcnw9e0000kuy9dooe536g', 'cmetcd54n000plx0f6031986z']
16:14:19.831 742-f5e44fb4de89ca72.js:1 [CallModal] ✅ All expected WebRTC connections are active
16:14:19.906 742-f5e44fb4de89ca72.js:1 [CallModal] 🔍 Connection verification:
16:14:19.906 742-f5e44fb4de89ca72.js:1 [CallModal] - Expected participants: (2) ['cmetcnw9e0000kuy9dooe536g', 'cmetcd54n000plx0f6031986z']
16:14:19.906 742-f5e44fb4de89ca72.js:1 [CallModal] - Active connections: (2) ['cmetcnw9e0000kuy9dooe536g', 'cmetcd54n000plx0f6031986z']
16:14:19.906 742-f5e44fb4de89ca72.js:1 [CallModal] ✅ All expected WebRTC connections are active
16:14:19.928 742-f5e44fb4de89ca72.js:1 [CallModal] 🔍 Connection verification:
16:14:19.928 742-f5e44fb4de89ca72.js:1 [CallModal] - Expected participants: (2) ['cmetcnw9e0000kuy9dooe536g', 'cmetcd54n000plx0f6031986z']
16:14:19.928 742-f5e44fb4de89ca72.js:1 [CallModal] - Active connections: (2) ['cmetcnw9e0000kuy9dooe536g', 'cmetcd54n000plx0f6031986z']
16:14:19.928 742-f5e44fb4de89ca72.js:1 [CallModal] ✅ All expected WebRTC connections are active
16:14:19.942 742-f5e44fb4de89ca72.js:1 [CallModal] 🔍 Connection verification:
16:14:19.942 742-f5e44fb4de89ca72.js:1 [CallModal] - Expected participants: (2) ['cmetcnw9e0000kuy9dooe536g', 'cmetcd54n000plx0f6031986z']
16:14:19.942 742-f5e44fb4de89ca72.js:1 [CallModal] - Active connections: (2) ['cmetcnw9e0000kuy9dooe536g', 'cmetcd54n000plx0f6031986z']
16:14:19.942 742-f5e44fb4de89ca72.js:1 [CallModal] ✅ All expected WebRTC connections are active
16:14:19.974 742-f5e44fb4de89ca72.js:1 [CallModal] 🔍 Connection verification:
16:14:19.974 742-f5e44fb4de89ca72.js:1 [CallModal] - Expected participants: (2) ['cmetcnw9e0000kuy9dooe536g', 'cmetcd54n000plx0f6031986z']
16:14:19.974 742-f5e44fb4de89ca72.js:1 [CallModal] - Active connections: (2) ['cmetcnw9e0000kuy9dooe536g', 'cmetcd54n000plx0f6031986z']
16:14:19.975 742-f5e44fb4de89ca72.js:1 [CallModal] ✅ All expected WebRTC connections are active
16:14:19.991 742-f5e44fb4de89ca72.js:1 [CallModal] 🔍 Connection verification:
16:14:19.992 742-f5e44fb4de89ca72.js:1 [CallModal] - Expected participants: (2) ['cmetcnw9e0000kuy9dooe536g', 'cmetcd54n000plx0f6031986z']
16:14:19.992 742-f5e44fb4de89ca72.js:1 [CallModal] - Active connections: (2) ['cmetcnw9e0000kuy9dooe536g', 'cmetcd54n000plx0f6031986z']
16:14:19.992 742-f5e44fb4de89ca72.js:1 [CallModal] ✅ All expected WebRTC connections are active
16:14:19.999 742-f5e44fb4de89ca72.js:1 [CallModal] 🔍 Connection verification:
16:14:19.999 742-f5e44fb4de89ca72.js:1 [CallModal] - Expected participants: (2) ['cmetcnw9e0000kuy9dooe536g', 'cmetcd54n000plx0f6031986z']
16:14:20.000 742-f5e44fb4de89ca72.js:1 [CallModal] - Active connections: (2) ['cmetcnw9e0000kuy9dooe536g', 'cmetcd54n000plx0f6031986z']
16:14:20.000 742-f5e44fb4de89ca72.js:1 [CallModal] ✅ All expected WebRTC connections are active
16:14:20.313 742-f5e44fb4de89ca72.js:1 [CallModal] 🔍 Connection verification:
16:14:20.313 742-f5e44fb4de89ca72.js:1 [CallModal] - Expected participants: (2) ['cmetcnw9e0000kuy9dooe536g', 'cmetcd54n000plx0f6031986z']
16:14:20.314 742-f5e44fb4de89ca72.js:1 [CallModal] - Active connections: (2) ['cmetcnw9e0000kuy9dooe536g', 'cmetcd54n000plx0f6031986z']
16:14:20.314 742-f5e44fb4de89ca72.js:1 [CallModal] ✅ All expected WebRTC connections are active
16:14:20.319 742-f5e44fb4de89ca72.js:1 [CallModal] VideoGrid participants: {total: 2, filtered: 1, currentUserId: 'cmetc9zvw0000lx0fvjdkcng1', participantNames: Array(1)}
16:14:20.321 742-f5e44fb4de89ca72.js:1 [CallModal] 🔍 Connection verification:
16:14:20.321 742-f5e44fb4de89ca72.js:1 [CallModal] - Expected participants: (2) ['cmetcnw9e0000kuy9dooe536g', 'cmetcd54n000plx0f6031986z']
16:14:20.321 742-f5e44fb4de89ca72.js:1 [CallModal] - Active connections: (2) ['cmetcnw9e0000kuy9dooe536g', 'cmetcd54n000plx0f6031986z']
16:14:20.321 742-f5e44fb4de89ca72.js:1 [CallModal] ✅ All expected WebRTC connections are active
16:14:20.405 742-f5e44fb4de89ca72.js:1 [VoiceActivity] Volume analysis: {average: '10.7', volume: '-27.6', threshold: -50, speaking: false, finalSpeaking: false, …}
16:14:20.958 742-f5e44fb4de89ca72.js:1 [CallModal] Toggled mute: true Audio tracks: 1
16:14:20.958 742-f5e44fb4de89ca72.js:1 [CallModal] Broadcasting mute state change to other participants
16:14:20.959 742-f5e44fb4de89ca72.js:1 [CallModal] VideoGrid participants: {total: 2, filtered: 1, currentUserId: 'cmetc9zvw0000lx0fvjdkcng1', participantNames: Array(1)}
16:14:21.043 742-f5e44fb4de89ca72.js:1 [CallModal] 🔇 Participant mute change: {callId: 'call-1758096821929-j0m8cxwgf', participantId: 'cmetc9zvw0000lx0fvjdkcng1', isMuted: true}
16:14:21.043 742-f5e44fb4de89ca72.js:1 [CallModal] Participant cmetc9zvw0000lx0fvjdkcng1 mute state changed to: true
16:14:21.044 742-f5e44fb4de89ca72.js:1 [CallModal] 🔇 Updated participant mute states: {cmetcnw9e0000kuy9dooe536g: true, cmetc9zvw0000lx0fvjdkcng1: true}
16:14:21.044 742-f5e44fb4de89ca72.js:1 [CallModal] VideoGrid participants: {total: 2, filtered: 1, currentUserId: 'cmetc9zvw0000lx0fvjdkcng1', participantNames: Array(1)}
16:14:21.084 742-f5e44fb4de89ca72.js:1 [CallModal] 🔇 Participant mute change: {callId: 'call-1758096821929-j0m8cxwgf', participantId: 'cmetc9zvw0000lx0fvjdkcng1', isMuted: true}
16:14:21.084 742-f5e44fb4de89ca72.js:1 [CallModal] Participant cmetc9zvw0000lx0fvjdkcng1 mute state changed to: true
16:14:21.084 742-f5e44fb4de89ca72.js:1 [CallModal] 🔇 Participant mute change: {callId: 'call-1758096821929-j0m8cxwgf', participantId: 'cmetc9zvw0000lx0fvjdkcng1', isMuted: true}
16:14:21.084 742-f5e44fb4de89ca72.js:1 [CallModal] Participant cmetc9zvw0000lx0fvjdkcng1 mute state changed to: true
16:14:21.085 742-f5e44fb4de89ca72.js:1 [CallModal] 🔇 Updated participant mute states: {cmetcnw9e0000kuy9dooe536g: true, cmetc9zvw0000lx0fvjdkcng1: true}
16:14:21.085 742-f5e44fb4de89ca72.js:1 [CallModal] 🔇 Updated participant mute states: {cmetcnw9e0000kuy9dooe536g: true, cmetc9zvw0000lx0fvjdkcng1: true}
16:14:21.085 742-f5e44fb4de89ca72.js:1 [CallModal] VideoGrid participants: {total: 2, filtered: 1, currentUserId: 'cmetc9zvw0000lx0fvjdkcng1', participantNames: Array(1)}
16:14:21.168 742-f5e44fb4de89ca72.js:1 [CallModal] Updated peer connections for performance monitoring: 2
16:14:21.169 742-f5e44fb4de89ca72.js:1 [CallModal] Peer connection participants: (2) ['cmetcnw9e0000kuy9dooe536g', 'cmetcd54n000plx0f6031986z']
16:14:21.169 742-f5e44fb4de89ca72.js:1 [CallModal] VideoGrid participants: {total: 2, filtered: 1, currentUserId: 'cmetc9zvw0000lx0fvjdkcng1', participantNames: Array(1)}
16:14:21.171 742-f5e44fb4de89ca72.js:1 [useCallPerformance] Connection states: (2) [{…}, {…}]
16:14:21.172 742-f5e44fb4de89ca72.js:1 [useCallPerformance] Starting monitoring for 2 valid connections
16:14:21.174 742-f5e44fb4de89ca72.js:1 [useCallPerformance] Network metrics: {audioPacketLoss: 0, videoPacketLoss: 0, videoFrameRate: 26, latency: 2, callType: 'video'}
16:14:21.175 742-f5e44fb4de89ca72.js:1 [useCallPerformance] No valid network data yet, assuming good quality
16:14:21.176 742-f5e44fb4de89ca72.js:1 [CallModal] VideoGrid participants: {total: 2, filtered: 1, currentUserId: 'cmetc9zvw0000lx0fvjdkcng1', participantNames: Array(1)}
16:14:21.319 742-f5e44fb4de89ca72.js:1 [CallModal] VideoGrid participants: {total: 2, filtered: 1, currentUserId: 'cmetc9zvw0000lx0fvjdkcng1', participantNames: Array(1)}
16:14:21.542 742-f5e44fb4de89ca72.js:1 SocketContext: Idle heartbeat sent (visibility: visible )
16:14:21.916 742-f5e44fb4de89ca72.js:1 [WebRTC] Excellent network detected - restoring quality
16:14:21.916 742-f5e44fb4de89ca72.js:1 [WebRTC] Improved audio quality for: cmetcnw9e0000kuy9dooe536g
16:14:21.917 742-f5e44fb4de89ca72.js:1 [WebRTC] Improved video quality for: cmetcnw9e0000kuy9dooe536g
16:14:22.318 742-f5e44fb4de89ca72.js:1 [CallModal] VideoGrid participants: {total: 2, filtered: 1, currentUserId: 'cmetc9zvw0000lx0fvjdkcng1', participantNames: Array(1)}
16:14:22.329 742-f5e44fb4de89ca72.js:1 [VoiceActivity] Volume analysis: {average: '0.0', volume: '-100.0', threshold: -40, speaking: false, finalSpeaking: false, …}
16:14:22.395 638-11434f29ed368fce.js:1 NotificationContext: Window blurred
16:14:22.396 page-7a89d7867f156a09.js:1 🏠 ChatWindow mounted/re-rendered with conversationId: cmev8zel60000qt0f21sdgql3
16:14:22.399 742-f5e44fb4de89ca72.js:1 [CallModal] VideoGrid participants: {total: 2, filtered: 1, currentUserId: 'cmetc9zvw0000lx0fvjdkcng1', participantNames: Array(1)}
16:14:22.401 layout-d9ae9f9ff0cd665e.js:1 🧹 GlobalNotificationListener: Cleaning up socket listener for new-notification
16:14:22.401 layout-d9ae9f9ff0cd665e.js:1 🌐 GlobalNotificationListener: useEffect triggered {hasSocket: true, hasSession: true, socketConnected: true, socketId: 't-vo6sgonUMSnApdAAAF'}
16:14:22.401 layout-d9ae9f9ff0cd665e.js:1 🚀 GlobalNotificationListener: Setting up global socket listeners for user: cmetc9zvw0000lx0fvjdkcng1
16:14:22.402 layout-d9ae9f9ff0cd665e.js:1 🔄 GlobalNotificationListener: Re-emitted join-user-room for safety
16:14:22.402 layout-d9ae9f9ff0cd665e.js:1 ✅ GlobalNotificationListener: Socket listener registered for new-notification events
16:14:22.403 742-f5e44fb4de89ca72.js:1 [CallModal] 🔄 Participants unchanged, skipping re-initialization
16:14:22.403 742-f5e44fb4de89ca72.js:1 [CallModal] 🔍 Connection verification:
16:14:22.403 742-f5e44fb4de89ca72.js:1 [CallModal] - Expected participants: (2) ['cmetcnw9e0000kuy9dooe536g', 'cmetcd54n000plx0f6031986z']
16:14:22.403 742-f5e44fb4de89ca72.js:1 [CallModal] - Active connections: (2) ['cmetcnw9e0000kuy9dooe536g', 'cmetcd54n000plx0f6031986z']
16:14:22.404 742-f5e44fb4de89ca72.js:1 [CallModal] ✅ All expected WebRTC connections are active
16:14:22.405 742-f5e44fb4de89ca72.js:1 SocketContext: Window blurred, sending pre-blur heartbeat
16:14:22.734 742-f5e44fb4de89ca72.js:1 [VoiceActivity] Volume analysis: {average: '0.0', volume: '-100.0', threshold: -40, speaking: false, finalSpeaking: false, …}
16:14:22.943 638-11434f29ed368fce.js:1 NotificationContext: Page visibility changed to: false
16:14:22.943 742-f5e44fb4de89ca72.js:1 SocketContext: Tab became hidden, maintaining aggressive background connection
16:14:22.946 page-7a89d7867f156a09.js:1 🏠 ChatWindow mounted/re-rendered with conversationId: cmev8zel60000qt0f21sdgql3
16:14:22.951 742-f5e44fb4de89ca72.js:1 [CallModal] VideoGrid participants: {total: 2, filtered: 1, currentUserId: 'cmetc9zvw0000lx0fvjdkcng1', participantNames: Array(1)}
16:14:22.955 layout-d9ae9f9ff0cd665e.js:1 🧹 GlobalNotificationListener: Cleaning up socket listener for new-notification
16:14:22.955 layout-d9ae9f9ff0cd665e.js:1 🌐 GlobalNotificationListener: useEffect triggered {hasSocket: true, hasSession: true, socketConnected: true, socketId: 't-vo6sgonUMSnApdAAAF'}
16:14:22.956 layout-d9ae9f9ff0cd665e.js:1 🚀 GlobalNotificationListener: Setting up global socket listeners for user: cmetc9zvw0000lx0fvjdkcng1
16:14:22.956 layout-d9ae9f9ff0cd665e.js:1 🔄 GlobalNotificationListener: Re-emitted join-user-room for safety
16:14:22.956 layout-d9ae9f9ff0cd665e.js:1 ✅ GlobalNotificationListener: Socket listener registered for new-notification events
16:14:22.956 742-f5e44fb4de89ca72.js:1 [CallModal] 🔄 Participants unchanged, skipping re-initialization
16:14:22.956 742-f5e44fb4de89ca72.js:1 [CallModal] 🔍 Connection verification:
16:14:22.957 742-f5e44fb4de89ca72.js:1 [CallModal] - Expected participants: (2) ['cmetcnw9e0000kuy9dooe536g', 'cmetcd54n000plx0f6031986z']
16:14:22.957 742-f5e44fb4de89ca72.js:1 [CallModal] - Active connections: (2) ['cmetcnw9e0000kuy9dooe536g', 'cmetcd54n000plx0f6031986z']
16:14:22.957 742-f5e44fb4de89ca72.js:1 [CallModal] ✅ All expected WebRTC connections are active
16:14:23.093 page-7a89d7867f156a09.js:1 ChatSidebar: Filtering conversations {totalConversations: 5, blockedUserIds: Array(0), blockerUserIds: Array(0), effectiveSearchQuery: '', forceRefresh: 16, …}
16:14:23.094 page-7a89d7867f156a09.js:1 🏠 ChatWindow mounted/re-rendered with conversationId: cmev8zel60000qt0f21sdgql3
16:14:23.097 742-f5e44fb4de89ca72.js:1 [CallModal] VideoGrid participants: {total: 2, filtered: 1, currentUserId: 'cmetc9zvw0000lx0fvjdkcng1', participantNames: Array(1)}
16:14:23.098 page-7a89d7867f156a09.js:1 ChatSidebar: Conversations updated, count: 5
16:14:23.098 page-7a89d7867f156a09.js:1 ChatSidebar: Latest conversation: cmev8zel60000qt0f21sdgql3 last message: cmfnol8g90007kl0feineks18
16:14:23.099 742-f5e44fb4de89ca72.js:1 [CallModal] 🔄 Participants unchanged, skipping re-initialization
16:14:23.099 742-f5e44fb4de89ca72.js:1 [CallModal] 🔍 Connection verification:
16:14:23.099 742-f5e44fb4de89ca72.js:1 [CallModal] - Expected participants: (2) ['cmetcnw9e0000kuy9dooe536g', 'cmetcd54n000plx0f6031986z']
16:14:23.100 742-f5e44fb4de89ca72.js:1 [CallModal] - Active connections: (2) ['cmetcnw9e0000kuy9dooe536g', 'cmetcd54n000plx0f6031986z']
16:14:23.100 742-f5e44fb4de89ca72.js:1 [CallModal] ✅ All expected WebRTC connections are active
16:14:23.101 page-7a89d7867f156a09.js:1 🔄 ChatWindow: Conversation participants count: 3
16:14:23.101 page-7a89d7867f156a09.js:1 🔄 ChatWindow: Participants: (3) [{…}, {…}, {…}]
16:14:23.102 page-7a89d7867f156a09.js:1 🏠 ChatWindow mounted/re-rendered with conversationId: cmev8zel60000qt0f21sdgql3
16:14:23.108 742-f5e44fb4de89ca72.js:1 [CallModal] VideoGrid participants: {total: 2, filtered: 1, currentUserId: 'cmetc9zvw0000lx0fvjdkcng1', participantNames: Array(1)}
16:14:23.109 742-f5e44fb4de89ca72.js:1 [CallModal] 🔄 Participants unchanged, skipping re-initialization
16:14:23.110 742-f5e44fb4de89ca72.js:1 [CallModal] 🔍 Connection verification:
16:14:23.110 742-f5e44fb4de89ca72.js:1 [CallModal] - Expected participants: (2) ['cmetcnw9e0000kuy9dooe536g', 'cmetcd54n000plx0f6031986z']
16:14:23.110 742-f5e44fb4de89ca72.js:1 [CallModal] - Active connections: (2) ['cmetcnw9e0000kuy9dooe536g', 'cmetcd54n000plx0f6031986z']
16:14:23.110 742-f5e44fb4de89ca72.js:1 [CallModal] ✅ All expected WebRTC connections are active
16:14:23.169 742-f5e44fb4de89ca72.js:1 [CallModal] Updated peer connections for performance monitoring: 2
16:14:23.169 742-f5e44fb4de89ca72.js:1 [CallModal] Peer connection participants: (2) ['cmetcnw9e0000kuy9dooe536g', 'cmetcd54n000plx0f6031986z']
16:14:23.170 742-f5e44fb4de89ca72.js:1 [CallModal] VideoGrid participants: {total: 2, filtered: 1, currentUserId: 'cmetc9zvw0000lx0fvjdkcng1', participantNames: Array(1)}
16:14:23.170 742-f5e44fb4de89ca72.js:1 [useCallPerformance] Connection states: (2) [{…}, {…}]
16:14:23.171 742-f5e44fb4de89ca72.js:1 [useCallPerformance] Starting monitoring for 2 valid connections
16:14:23.172 742-f5e44fb4de89ca72.js:1 [useCallPerformance] Network metrics: {audioPacketLoss: 0, videoPacketLoss: 0, videoFrameRate: 26, latency: 2, callType: 'video'}
16:14:23.172 742-f5e44fb4de89ca72.js:1 [useCallPerformance] No valid network data yet, assuming good quality
16:14:23.172 742-f5e44fb4de89ca72.js:1 [CallModal] VideoGrid participants: {total: 2, filtered: 1, currentUserId: 'cmetc9zvw0000lx0fvjdkcng1', participantNames: Array(1)}
16:14:23.195 page-7a89d7867f156a09.js:1 🏠 ChatWindow mounted/re-rendered with conversationId: cmev8zel60000qt0f21sdgql3
16:14:23.197 742-f5e44fb4de89ca72.js:1 [CallModal] VideoGrid participants: {total: 2, filtered: 1, currentUserId: 'cmetc9zvw0000lx0fvjdkcng1', participantNames: Array(1)}
16:14:23.198 page-7a89d7867f156a09.js:1 ChatSidebar: Conversations updated, count: 5
16:14:23.198 page-7a89d7867f156a09.js:1 ChatSidebar: Latest conversation: cmev8zel60000qt0f21sdgql3 last message: cmfnol8g90007kl0feineks18
16:14:23.199 742-f5e44fb4de89ca72.js:1 [CallModal] 🔄 Participants unchanged, skipping re-initialization
16:14:23.199 742-f5e44fb4de89ca72.js:1 [CallModal] 🔍 Connection verification:
16:14:23.199 742-f5e44fb4de89ca72.js:1 [CallModal] - Expected participants: (2) ['cmetcnw9e0000kuy9dooe536g', 'cmetcd54n000plx0f6031986z']
16:14:23.200 742-f5e44fb4de89ca72.js:1 [CallModal] - Active connections: (2) ['cmetcnw9e0000kuy9dooe536g', 'cmetcd54n000plx0f6031986z']
16:14:23.200 742-f5e44fb4de89ca72.js:1 [CallModal] ✅ All expected WebRTC connections are active
16:14:23.200 page-7a89d7867f156a09.js:1 🔄 ChatWindow: Conversation participants count: 3
16:14:23.201 page-7a89d7867f156a09.js:1 🔄 ChatWindow: Participants: (3) [{…}, {…}, {…}]
16:14:23.201 page-7a89d7867f156a09.js:1 🏠 ChatWindow mounted/re-rendered with conversationId: cmev8zel60000qt0f21sdgql3
16:14:23.206 742-f5e44fb4de89ca72.js:1 [CallModal] VideoGrid participants: {total: 2, filtered: 1, currentUserId: 'cmetc9zvw0000lx0fvjdkcng1', participantNames: Array(1)}
16:14:23.209 742-f5e44fb4de89ca72.js:1 [CallModal] 🔄 Participants unchanged, skipping re-initialization
16:14:23.210 742-f5e44fb4de89ca72.js:1 [CallModal] 🔍 Connection verification:
16:14:23.211 742-f5e44fb4de89ca72.js:1 [CallModal] - Expected participants: (2) ['cmetcnw9e0000kuy9dooe536g', 'cmetcd54n000plx0f6031986z']
16:14:23.212 742-f5e44fb4de89ca72.js:1 [CallModal] - Active connections: (2) ['cmetcnw9e0000kuy9dooe536g', 'cmetcd54n000plx0f6031986z']
16:14:23.212 742-f5e44fb4de89ca72.js:1 [CallModal] ✅ All expected WebRTC connections are active
16:14:23.297 page-7a89d7867f156a09.js:1 🏠 ChatWindow mounted/re-rendered with conversationId: cmev8zel60000qt0f21sdgql3
16:14:23.299 742-f5e44fb4de89ca72.js:1 [CallModal] VideoGrid participants: {total: 2, filtered: 1, currentUserId: 'cmetc9zvw0000lx0fvjdkcng1', participantNames: Array(1)}
16:14:23.300 page-7a89d7867f156a09.js:1 ChatSidebar: Conversations updated, count: 5
16:14:23.300 page-7a89d7867f156a09.js:1 ChatSidebar: Latest conversation: cmev8zel60000qt0f21sdgql3 last message: cmfnol8g90007kl0feineks18
16:14:23.301 742-f5e44fb4de89ca72.js:1 [CallModal] 🔄 Participants unchanged, skipping re-initialization
16:14:23.301 742-f5e44fb4de89ca72.js:1 [CallModal] 🔍 Connection verification:
16:14:23.301 742-f5e44fb4de89ca72.js:1 [CallModal] - Expected participants: (2) ['cmetcnw9e0000kuy9dooe536g', 'cmetcd54n000plx0f6031986z']
16:14:23.301 742-f5e44fb4de89ca72.js:1 [CallModal] - Active connections: (2) ['cmetcnw9e0000kuy9dooe536g', 'cmetcd54n000plx0f6031986z']
16:14:23.302 742-f5e44fb4de89ca72.js:1 [CallModal] ✅ All expected WebRTC connections are active
16:14:23.302 page-7a89d7867f156a09.js:1 🔄 ChatWindow: Conversation participants count: 3
16:14:23.302 page-7a89d7867f156a09.js:1 🔄 ChatWindow: Participants: (3) [{…}, {…}, {…}]
16:14:23.303 page-7a89d7867f156a09.js:1 🏠 ChatWindow mounted/re-rendered with conversationId: cmev8zel60000qt0f21sdgql3
16:14:23.307 742-f5e44fb4de89ca72.js:1 [CallModal] VideoGrid participants: {total: 2, filtered: 1, currentUserId: 'cmetc9zvw0000lx0fvjdkcng1', participantNames: Array(1)}
16:14:23.308 742-f5e44fb4de89ca72.js:1 [CallModal] 🔄 Participants unchanged, skipping re-initialization
16:14:23.308 742-f5e44fb4de89ca72.js:1 [CallModal] 🔍 Connection verification:
16:14:23.308 742-f5e44fb4de89ca72.js:1 [CallModal] - Expected participants: (2) ['cmetcnw9e0000kuy9dooe536g', 'cmetcd54n000plx0f6031986z']
16:14:23.309 742-f5e44fb4de89ca72.js:1 [CallModal] - Active connections: (2) ['cmetcnw9e0000kuy9dooe536g', 'cmetcd54n000plx0f6031986z']
16:14:23.309 742-f5e44fb4de89ca72.js:1 [CallModal] ✅ All expected WebRTC connections are active
16:14:24.017 page-7a89d7867f156a09.js:1 ChatSidebar: Filtered 5 -> 5 conversations
16:14:24.017 page-7a89d7867f156a09.js:1 ChatSidebar: Final conversation list: (5) [{…}, {…}, {…}, {…}, {…}]
16:14:24.019 page-7a89d7867f156a09.js:1 🏠 ChatWindow mounted/re-rendered with conversationId: cmev8zel60000qt0f21sdgql3
16:14:24.022 742-f5e44fb4de89ca72.js:1 [CallModal] VideoGrid participants: {total: 2, filtered: 1, currentUserId: 'cmetc9zvw0000lx0fvjdkcng1', participantNames: Array(1)}
16:14:24.024 page-7a89d7867f156a09.js:1 ChatSidebar: Conversations updated, count: 5
16:14:24.024 page-7a89d7867f156a09.js:1 ChatSidebar: Latest conversation: cmev8zel60000qt0f21sdgql3 last message: cmfnol8g90007kl0feineks18
16:14:24.025 742-f5e44fb4de89ca72.js:1 [CallModal] 🔄 Participants unchanged, skipping re-initialization
16:14:24.025 742-f5e44fb4de89ca72.js:1 [CallModal] 🔍 Connection verification:
16:14:24.025 742-f5e44fb4de89ca72.js:1 [CallModal] - Expected participants: (2) ['cmetcnw9e0000kuy9dooe536g', 'cmetcd54n000plx0f6031986z']
16:14:24.026 742-f5e44fb4de89ca72.js:1 [CallModal] - Active connections: (2) ['cmetcnw9e0000kuy9dooe536g', 'cmetcd54n000plx0f6031986z']
16:14:24.026 742-f5e44fb4de89ca72.js:1 [CallModal] ✅ All expected WebRTC connections are active
16:14:24.026 page-7a89d7867f156a09.js:1 🔄 ChatWindow: Conversation participants count: 3
16:14:24.026 page-7a89d7867f156a09.js:1 🔄 ChatWindow: Participants: (3) [{…}, {…}, {…}]
16:14:24.027 page-7a89d7867f156a09.js:1 🏠 ChatWindow mounted/re-rendered with conversationId: cmev8zel60000qt0f21sdgql3
16:14:24.028 742-f5e44fb4de89ca72.js:1 [CallModal] VideoGrid participants: {total: 2, filtered: 1, currentUserId: 'cmetc9zvw0000lx0fvjdkcng1', participantNames: Array(1)}
16:14:24.029 742-f5e44fb4de89ca72.js:1 [CallModal] 🔄 Participants unchanged, skipping re-initialization
16:14:24.030 742-f5e44fb4de89ca72.js:1 [CallModal] 🔍 Connection verification:
16:14:24.030 742-f5e44fb4de89ca72.js:1 [CallModal] - Expected participants: (2) ['cmetcnw9e0000kuy9dooe536g', 'cmetcd54n000plx0f6031986z']
16:14:24.030 742-f5e44fb4de89ca72.js:1 [CallModal] - Active connections: (2) ['cmetcnw9e0000kuy9dooe536g', 'cmetcd54n000plx0f6031986z']
16:14:24.031 742-f5e44fb4de89ca72.js:1 [CallModal] ✅ All expected WebRTC connections are active
16:14:24.405 742-f5e44fb4de89ca72.js:1 [CallModal] 🔍 Connection verification:
16:14:24.406 742-f5e44fb4de89ca72.js:1 [CallModal] - Expected participants: (2) ['cmetcnw9e0000kuy9dooe536g', 'cmetcd54n000plx0f6031986z']
16:14:24.406 742-f5e44fb4de89ca72.js:1 [CallModal] - Active connections: (2) ['cmetcnw9e0000kuy9dooe536g', 'cmetcd54n000plx0f6031986z']
16:14:24.406 742-f5e44fb4de89ca72.js:1 [CallModal] ✅ All expected WebRTC connections are active
16:14:24.454 742-f5e44fb4de89ca72.js:1 [VoiceActivity] Volume analysis: {average: '0.0', volume: '-100.0', threshold: -40, speaking: false, finalSpeaking: false, …}
16:14:24.916 742-f5e44fb4de89ca72.js:1 [WebRTC] Excellent network detected - restoring quality
16:14:24.916 742-f5e44fb4de89ca72.js:1 [WebRTC] Improved audio quality for: cmetcnw9e0000kuy9dooe536g
16:14:24.917 742-f5e44fb4de89ca72.js:1 [WebRTC] Improved video quality for: cmetcnw9e0000kuy9dooe536g
16:14:24.958 742-f5e44fb4de89ca72.js:1 [CallModal] 🔍 Connection verification:
16:14:24.959 742-f5e44fb4de89ca72.js:1 [CallModal] - Expected participants: (2) ['cmetcnw9e0000kuy9dooe536g', 'cmetcd54n000plx0f6031986z']
16:14:24.959 742-f5e44fb4de89ca72.js:1 [CallModal] - Active connections: (2) ['cmetcnw9e0000kuy9dooe536g', 'cmetcd54n000plx0f6031986z']
16:14:24.959 742-f5e44fb4de89ca72.js:1 [CallModal] ✅ All expected WebRTC connections are active
16:14:25.031 742-f5e44fb4de89ca72.js:1 [CallModal] VideoGrid participants: {total: 2, filtered: 1, currentUserId: 'cmetc9zvw0000lx0fvjdkcng1', participantNames: Array(1)}
16:14:25.101 742-f5e44fb4de89ca72.js:1 [CallModal] 🔍 Connection verification:
16:14:25.101 742-f5e44fb4de89ca72.js:1 [CallModal] - Expected participants: (2) ['cmetcnw9e0000kuy9dooe536g', 'cmetcd54n000plx0f6031986z']
16:14:25.101 742-f5e44fb4de89ca72.js:1 [CallModal] - Active connections: (2) ['cmetcnw9e0000kuy9dooe536g', 'cmetcd54n000plx0f6031986z']
16:14:25.101 742-f5e44fb4de89ca72.js:1 [CallModal] ✅ All expected WebRTC connections are active
16:14:25.112 742-f5e44fb4de89ca72.js:1 [CallModal] 🔍 Connection verification:
16:14:25.112 742-f5e44fb4de89ca72.js:1 [CallModal] - Expected participants: (2) ['cmetcnw9e0000kuy9dooe536g', 'cmetcd54n000plx0f6031986z']
16:14:25.112 742-f5e44fb4de89ca72.js:1 [CallModal] - Active connections: (2) ['cmetcnw9e0000kuy9dooe536g', 'cmetcd54n000plx0f6031986z']
16:14:25.112 742-f5e44fb4de89ca72.js:1 [CallModal] ✅ All expected WebRTC connections are active
16:14:25.169 742-f5e44fb4de89ca72.js:1 [CallModal] Updated peer connections for performance monitoring: 2
16:14:25.169 742-f5e44fb4de89ca72.js:1 [CallModal] Peer connection participants: (2) ['cmetcnw9e0000kuy9dooe536g', 'cmetcd54n000plx0f6031986z']
16:14:25.172 742-f5e44fb4de89ca72.js:1 [CallModal] VideoGrid participants: {total: 2, filtered: 1, currentUserId: 'cmetc9zvw0000lx0fvjdkcng1', participantNames: Array(1)}
16:14:25.173 742-f5e44fb4de89ca72.js:1 [useCallPerformance] Connection states: (2) [{…}, {…}]
16:14:25.173 742-f5e44fb4de89ca72.js:1 [useCallPerformance] Starting monitoring for 2 valid connections
16:14:25.175 742-f5e44fb4de89ca72.js:1 [useCallPerformance] Network metrics: {audioPacketLoss: 0, videoPacketLoss: 0, videoFrameRate: 27, latency: 2, callType: 'video'}
16:14:25.175 742-f5e44fb4de89ca72.js:1 [useCallPerformance] No valid network data yet, assuming good quality
16:14:25.176 742-f5e44fb4de89ca72.js:1 [CallModal] VideoGrid participants: {total: 2, filtered: 1, currentUserId: 'cmetc9zvw0000lx0fvjdkcng1', participantNames: Array(1)}
16:14:25.201 742-f5e44fb4de89ca72.js:1 [CallModal] 🔍 Connection verification:
16:14:25.201 742-f5e44fb4de89ca72.js:1 [CallModal] - Expected participants: (2) ['cmetcnw9e0000kuy9dooe536g', 'cmetcd54n000plx0f6031986z']
16:14:25.202 742-f5e44fb4de89ca72.js:1 [CallModal] - Active connections: (2) ['cmetcnw9e0000kuy9dooe536g', 'cmetcd54n000plx0f6031986z']
16:14:25.202 742-f5e44fb4de89ca72.js:1 [CallModal] ✅ All expected WebRTC connections are active
16:14:25.213 742-f5e44fb4de89ca72.js:1 [CallModal] 🔍 Connection verification:
16:14:25.213 742-f5e44fb4de89ca72.js:1 [CallModal] - Expected participants: (2) ['cmetcnw9e0000kuy9dooe536g', 'cmetcd54n000plx0f6031986z']
16:14:25.213 742-f5e44fb4de89ca72.js:1 [CallModal] - Active connections: (2) ['cmetcnw9e0000kuy9dooe536g', 'cmetcd54n000plx0f6031986z']
16:14:25.213 742-f5e44fb4de89ca72.js:1 [CallModal] ✅ All expected WebRTC connections are active
16:14:25.303 742-f5e44fb4de89ca72.js:1 [CallModal] 🔍 Connection verification:
16:14:25.303 742-f5e44fb4de89ca72.js:1 [CallModal] - Expected participants: (2) ['cmetcnw9e0000kuy9dooe536g', 'cmetcd54n000plx0f6031986z']
16:14:25.303 742-f5e44fb4de89ca72.js:1 [CallModal] - Active connections: (2) ['cmetcnw9e0000kuy9dooe536g', 'cmetcd54n000plx0f6031986z']
16:14:25.304 742-f5e44fb4de89ca72.js:1 [CallModal] ✅ All expected WebRTC connections are active
16:14:25.311 742-f5e44fb4de89ca72.js:1 [CallModal] 🔍 Connection verification:
16:14:25.311 742-f5e44fb4de89ca72.js:1 [CallModal] - Expected participants: (2) ['cmetcnw9e0000kuy9dooe536g', 'cmetcd54n000plx0f6031986z']
16:14:25.312 742-f5e44fb4de89ca72.js:1 [CallModal] - Active connections: (2) ['cmetcnw9e0000kuy9dooe536g', 'cmetcd54n000plx0f6031986z']
16:14:25.312 742-f5e44fb4de89ca72.js:1 [CallModal] ✅ All expected WebRTC connections are active
16:14:25.754 638-11434f29ed368fce.js:1 NotificationContext: Window focused
16:14:25.759 page-7a89d7867f156a09.js:1 🏠 ChatWindow mounted/re-rendered with conversationId: cmev8zel60000qt0f21sdgql3
16:14:25.765 742-f5e44fb4de89ca72.js:1 [CallModal] VideoGrid participants: {total: 2, filtered: 1, currentUserId: 'cmetc9zvw0000lx0fvjdkcng1', participantNames: Array(1)}
16:14:25.768 layout-d9ae9f9ff0cd665e.js:1 🧹 GlobalNotificationListener: Cleaning up socket listener for new-notification
16:14:25.769 layout-d9ae9f9ff0cd665e.js:1 🌐 GlobalNotificationListener: useEffect triggered {hasSocket: true, hasSession: true, socketConnected: true, socketId: 't-vo6sgonUMSnApdAAAF'}
16:14:25.770 layout-d9ae9f9ff0cd665e.js:1 🚀 GlobalNotificationListener: Setting up global socket listeners for user: cmetc9zvw0000lx0fvjdkcng1
16:14:25.772 layout-d9ae9f9ff0cd665e.js:1 🔄 GlobalNotificationListener: Re-emitted join-user-room for safety
16:14:25.772 layout-d9ae9f9ff0cd665e.js:1 ✅ GlobalNotificationListener: Socket listener registered for new-notification events
16:14:25.772 742-f5e44fb4de89ca72.js:1 [CallModal] 🔄 Participants unchanged, skipping re-initialization
16:14:25.773 742-f5e44fb4de89ca72.js:1 [CallModal] 🔍 Connection verification:
16:14:25.773 742-f5e44fb4de89ca72.js:1 [CallModal] - Expected participants: (2) ['cmetcnw9e0000kuy9dooe536g', 'cmetcd54n000plx0f6031986z']
16:14:25.774 742-f5e44fb4de89ca72.js:1 [CallModal] - Active connections: (2) ['cmetcnw9e0000kuy9dooe536g', 'cmetcd54n000plx0f6031986z']
16:14:25.774 742-f5e44fb4de89ca72.js:1 [CallModal] ✅ All expected WebRTC connections are active
16:14:25.775 742-f5e44fb4de89ca72.js:1 SocketContext: Window focused, refreshing connection
16:14:25.830 638-11434f29ed368fce.js:1 NotificationContext: Page visibility changed to: true
16:14:25.830 742-f5e44fb4de89ca72.js:1 SocketContext: Tab became visible, re-establishing connection
16:14:25.831 page-7a89d7867f156a09.js:1 🏠 ChatWindow mounted/re-rendered with conversationId: cmev8zel60000qt0f21sdgql3
16:14:25.837 742-f5e44fb4de89ca72.js:1 [CallModal] VideoGrid participants: {total: 2, filtered: 1, currentUserId: 'cmetc9zvw0000lx0fvjdkcng1', participantNames: Array(1)}
16:14:25.838 layout-d9ae9f9ff0cd665e.js:1 🧹 GlobalNotificationListener: Cleaning up socket listener for new-notification
16:14:25.841 layout-d9ae9f9ff0cd665e.js:1 🌐 GlobalNotificationListener: useEffect triggered {hasSocket: true, hasSession: true, socketConnected: true, socketId: 't-vo6sgonUMSnApdAAAF'}
16:14:25.841 layout-d9ae9f9ff0cd665e.js:1 🚀 GlobalNotificationListener: Setting up global socket listeners for user: cmetc9zvw0000lx0fvjdkcng1
16:14:25.842 layout-d9ae9f9ff0cd665e.js:1 🔄 GlobalNotificationListener: Re-emitted join-user-room for safety
16:14:25.842 layout-d9ae9f9ff0cd665e.js:1 ✅ GlobalNotificationListener: Socket listener registered for new-notification events
16:14:25.842 742-f5e44fb4de89ca72.js:1 [CallModal] 🔄 Participants unchanged, skipping re-initialization
16:14:25.842 742-f5e44fb4de89ca72.js:1 [CallModal] 🔍 Connection verification:
16:14:25.843 742-f5e44fb4de89ca72.js:1 [CallModal] - Expected participants: (2) ['cmetcnw9e0000kuy9dooe536g', 'cmetcd54n000plx0f6031986z']
16:14:25.845 742-f5e44fb4de89ca72.js:1 [CallModal] - Active connections: (2) ['cmetcnw9e0000kuy9dooe536g', 'cmetcd54n000plx0f6031986z']
16:14:25.845 742-f5e44fb4de89ca72.js:1 [CallModal] ✅ All expected WebRTC connections are active
16:14:25.967 page-7a89d7867f156a09.js:1 User status update received: {userId: 'cmetcnw9e0000kuy9dooe536g', isOnline: true, lastSeen: '2025-09-17T08:14:25.651Z'}
16:14:25.970 page-7a89d7867f156a09.js:1 🏠 ChatWindow mounted/re-rendered with conversationId: cmev8zel60000qt0f21sdgql3
16:14:25.972 742-f5e44fb4de89ca72.js:1 [CallModal] VideoGrid participants: {total: 2, filtered: 1, currentUserId: 'cmetc9zvw0000lx0fvjdkcng1', participantNames: Array(1)}
16:14:25.978 page-7a89d7867f156a09.js:1 ChatSidebar: Conversations updated, count: 5
16:14:25.978 page-7a89d7867f156a09.js:1 ChatSidebar: Latest conversation: cmev8zel60000qt0f21sdgql3 last message: cmfnol8g90007kl0feineks18
16:14:25.978 742-f5e44fb4de89ca72.js:1 [CallModal] 🔄 Participants unchanged, skipping re-initialization
16:14:25.980 742-f5e44fb4de89ca72.js:1 [CallModal] 🔍 Connection verification:
16:14:25.980 742-f5e44fb4de89ca72.js:1 [CallModal] - Expected participants: (2) ['cmetcnw9e0000kuy9dooe536g', 'cmetcd54n000plx0f6031986z']
16:14:25.981 742-f5e44fb4de89ca72.js:1 [CallModal] - Active connections: (2) ['cmetcnw9e0000kuy9dooe536g', 'cmetcd54n000plx0f6031986z']
16:14:25.981 742-f5e44fb4de89ca72.js:1 [CallModal] ✅ All expected WebRTC connections are active
16:14:25.982 page-7a89d7867f156a09.js:1 🔄 ChatWindow: Conversation participants count: 3
16:14:25.982 page-7a89d7867f156a09.js:1 🔄 ChatWindow: Participants: (3) [{…}, {…}, {…}]
16:14:25.983 page-7a89d7867f156a09.js:1 🏠 ChatWindow mounted/re-rendered with conversationId: cmev8zel60000qt0f21sdgql3
16:14:25.987 742-f5e44fb4de89ca72.js:1 [CallModal] VideoGrid participants: {total: 2, filtered: 1, currentUserId: 'cmetc9zvw0000lx0fvjdkcng1', participantNames: Array(1)}
16:14:25.990 742-f5e44fb4de89ca72.js:1 [CallModal] 🔄 Participants unchanged, skipping re-initialization
16:14:25.990 742-f5e44fb4de89ca72.js:1 [CallModal] 🔍 Connection verification:
16:14:25.991 742-f5e44fb4de89ca72.js:1 [CallModal] - Expected participants: (2) ['cmetcnw9e0000kuy9dooe536g', 'cmetcd54n000plx0f6031986z']
16:14:25.991 742-f5e44fb4de89ca72.js:1 [CallModal] - Active connections: (2) ['cmetcnw9e0000kuy9dooe536g', 'cmetcd54n000plx0f6031986z']
16:14:25.992 742-f5e44fb4de89ca72.js:1 [CallModal] ✅ All expected WebRTC connections are active
16:14:26.017 page-7a89d7867f156a09.js:1 🏠 ChatWindow mounted/re-rendered with conversationId: cmev8zel60000qt0f21sdgql3
16:14:26.022 742-f5e44fb4de89ca72.js:1 [CallModal] VideoGrid participants: {total: 2, filtered: 1, currentUserId: 'cmetc9zvw0000lx0fvjdkcng1', participantNames: Array(1)}
16:14:26.026 layout-d9ae9f9ff0cd665e.js:1 🧹 GlobalNotificationListener: Cleaning up socket listener for new-notification
16:14:26.026 layout-d9ae9f9ff0cd665e.js:1 🌐 GlobalNotificationListener: useEffect triggered {hasSocket: true, hasSession: true, socketConnected: true, socketId: 't-vo6sgonUMSnApdAAAF'}
16:14:26.027 layout-d9ae9f9ff0cd665e.js:1 🚀 GlobalNotificationListener: Setting up global socket listeners for user: cmetc9zvw0000lx0fvjdkcng1
16:14:26.027 layout-d9ae9f9ff0cd665e.js:1 🔄 GlobalNotificationListener: Re-emitted join-user-room for safety
16:14:26.027 layout-d9ae9f9ff0cd665e.js:1 ✅ GlobalNotificationListener: Socket listener registered for new-notification events
16:14:26.027 742-f5e44fb4de89ca72.js:1 [CallModal] 🔄 Participants unchanged, skipping re-initialization
16:14:26.028 742-f5e44fb4de89ca72.js:1 [CallModal] 🔍 Connection verification:
16:14:26.028 742-f5e44fb4de89ca72.js:1 [CallModal] - Expected participants: (2) ['cmetcnw9e0000kuy9dooe536g', 'cmetcd54n000plx0f6031986z']
16:14:26.028 742-f5e44fb4de89ca72.js:1 [CallModal] - Active connections: (2) ['cmetcnw9e0000kuy9dooe536g', 'cmetcd54n000plx0f6031986z']
16:14:26.029 742-f5e44fb4de89ca72.js:1 [CallModal] ✅ All expected WebRTC connections are active
16:14:26.029 742-f5e44fb4de89ca72.js:1 [CallModal] 🔍 Connection verification:
16:14:26.029 742-f5e44fb4de89ca72.js:1 [CallModal] - Expected participants: (2) ['cmetcnw9e0000kuy9dooe536g', 'cmetcd54n000plx0f6031986z']
16:14:26.029 742-f5e44fb4de89ca72.js:1 [CallModal] - Active connections: (2) ['cmetcnw9e0000kuy9dooe536g', 'cmetcd54n000plx0f6031986z']
16:14:26.029 742-f5e44fb4de89ca72.js:1 [CallModal] ✅ All expected WebRTC connections are active
16:14:26.031 742-f5e44fb4de89ca72.js:1 [CallModal] 🔍 Connection verification:
16:14:26.031 742-f5e44fb4de89ca72.js:1 [CallModal] - Expected participants: (2) ['cmetcnw9e0000kuy9dooe536g', 'cmetcd54n000plx0f6031986z']
16:14:26.031 742-f5e44fb4de89ca72.js:1 [CallModal] - Active connections: (2) ['cmetcnw9e0000kuy9dooe536g', 'cmetcd54n000plx0f6031986z']
16:14:26.031 742-f5e44fb4de89ca72.js:1 [CallModal] ✅ All expected WebRTC connections are active
16:14:26.061 page-7a89d7867f156a09.js:1 User status update received: {userId: 'cmetcnw9e0000kuy9dooe536g', isOnline: true, lastSeen: '2025-09-17T08:14:25.988Z'}
16:14:26.061 page-7a89d7867f156a09.js:1 Updated online status for user cmetcnw9e0000kuy9dooe536g in conversation cmev8zel60000qt0f21sdgql3
16:14:26.062 page-7a89d7867f156a09.js:1 🏠 ChatWindow mounted/re-rendered with conversationId: cmev8zel60000qt0f21sdgql3
16:14:26.064 742-f5e44fb4de89ca72.js:1 [CallModal] VideoGrid participants: {total: 2, filtered: 1, currentUserId: 'cmetc9zvw0000lx0fvjdkcng1', participantNames: Array(1)}
16:14:26.066 page-7a89d7867f156a09.js:1 ChatSidebar: Conversations updated, count: 5
16:14:26.066 page-7a89d7867f156a09.js:1 ChatSidebar: Latest conversation: cmev8zel60000qt0f21sdgql3 last message: cmfnol8g90007kl0feineks18
16:14:26.066 742-f5e44fb4de89ca72.js:1 [CallModal] 🔄 Participants unchanged, skipping re-initialization
16:14:26.067 742-f5e44fb4de89ca72.js:1 [CallModal] 🔍 Connection verification:
16:14:26.067 742-f5e44fb4de89ca72.js:1 [CallModal] - Expected participants: (2) ['cmetcnw9e0000kuy9dooe536g', 'cmetcd54n000plx0f6031986z']
16:14:26.068 742-f5e44fb4de89ca72.js:1 [CallModal] - Active connections: (2) ['cmetcnw9e0000kuy9dooe536g', 'cmetcd54n000plx0f6031986z']
16:14:26.068 742-f5e44fb4de89ca72.js:1 [CallModal] ✅ All expected WebRTC connections are active
16:14:26.068 page-7a89d7867f156a09.js:1 🔄 ChatWindow: Conversation participants count: 3
16:14:26.069 page-7a89d7867f156a09.js:1 🔄 ChatWindow: Participants: (3) [{…}, {…}, {…}]
16:14:26.069 page-7a89d7867f156a09.js:1 🏠 ChatWindow mounted/re-rendered with conversationId: cmev8zel60000qt0f21sdgql3
16:14:26.072 742-f5e44fb4de89ca72.js:1 [CallModal] VideoGrid participants: {total: 2, filtered: 1, currentUserId: 'cmetc9zvw0000lx0fvjdkcng1', participantNames: Array(1)}
16:14:26.073 742-f5e44fb4de89ca72.js:1 [CallModal] 🔄 Participants unchanged, skipping re-initialization
16:14:26.074 742-f5e44fb4de89ca72.js:1 [CallModal] 🔍 Connection verification:
16:14:26.074 742-f5e44fb4de89ca72.js:1 [CallModal] - Expected participants: (2) ['cmetcnw9e0000kuy9dooe536g', 'cmetcd54n000plx0f6031986z']
16:14:26.075 742-f5e44fb4de89ca72.js:1 [CallModal] - Active connections: (2) ['cmetcnw9e0000kuy9dooe536g', 'cmetcd54n000plx0f6031986z']
16:14:26.075 742-f5e44fb4de89ca72.js:1 [CallModal] ✅ All expected WebRTC connections are active
16:14:26.832 742-f5e44fb4de89ca72.js:1 SocketContext: Additional heartbeat sent after becoming visible
16:14:27.075 742-f5e44fb4de89ca72.js:1 [CallModal] VideoGrid participants: {total: 2, filtered: 1, currentUserId: 'cmetc9zvw0000lx0fvjdkcng1', participantNames: Array(1)}
16:14:27.169 742-f5e44fb4de89ca72.js:1 [CallModal] Updated peer connections for performance monitoring: 2
16:14:27.169 742-f5e44fb4de89ca72.js:1 [CallModal] Peer connection participants: (2) ['cmetcnw9e0000kuy9dooe536g', 'cmetcd54n000plx0f6031986z']
16:14:27.170 742-f5e44fb4de89ca72.js:1 [CallModal] VideoGrid participants: {total: 2, filtered: 1, currentUserId: 'cmetc9zvw0000lx0fvjdkcng1', participantNames: Array(1)}
16:14:27.171 742-f5e44fb4de89ca72.js:1 [useCallPerformance] Connection states: (2) [{…}, {…}]
16:14:27.171 742-f5e44fb4de89ca72.js:1 [useCallPerformance] Starting monitoring for 2 valid connections
16:14:27.173 742-f5e44fb4de89ca72.js:1 [useCallPerformance] Network metrics: {audioPacketLoss: 0, videoPacketLoss: 0, videoFrameRate: 26, latency: 2, callType: 'video'}
16:14:27.174 742-f5e44fb4de89ca72.js:1 [useCallPerformance] No valid network data yet, assuming good quality
16:14:27.175 742-f5e44fb4de89ca72.js:1 [CallModal] VideoGrid participants: {total: 2, filtered: 1, currentUserId: 'cmetc9zvw0000lx0fvjdkcng1', participantNames: Array(1)}
16:14:27.776 742-f5e44fb4de89ca72.js:1 [CallModal] 🔍 Connection verification:
16:14:27.776 742-f5e44fb4de89ca72.js:1 [CallModal] - Expected participants: (2) ['cmetcnw9e0000kuy9dooe536g', 'cmetcd54n000plx0f6031986z']
16:14:27.776 742-f5e44fb4de89ca72.js:1 [CallModal] - Active connections: (2) ['cmetcnw9e0000kuy9dooe536g', 'cmetcd54n000plx0f6031986z']
16:14:27.776 742-f5e44fb4de89ca72.js:1 [CallModal] ✅ All expected WebRTC connections are active
16:14:27.847 742-f5e44fb4de89ca72.js:1 [CallModal] 🔍 Connection verification:
16:14:27.847 742-f5e44fb4de89ca72.js:1 [CallModal] - Expected participants: (2) ['cmetcnw9e0000kuy9dooe536g', 'cmetcd54n000plx0f6031986z']
16:14:27.847 742-f5e44fb4de89ca72.js:1 [CallModal] - Active connections: (2) ['cmetcnw9e0000kuy9dooe536g', 'cmetcd54n000plx0f6031986z']
16:14:27.848 742-f5e44fb4de89ca72.js:1 [CallModal] ✅ All expected WebRTC connections are active
16:14:27.905 742-f5e44fb4de89ca72.js:1 [VoiceActivity] Volume analysis: {average: '0.0', volume: '-100.0', threshold: -40, speaking: false, finalSpeaking: false, …}
16:14:27.915 742-f5e44fb4de89ca72.js:1 [WebRTC] Excellent network detected - restoring quality
16:14:27.916 742-f5e44fb4de89ca72.js:1 [WebRTC] Improved audio quality for: cmetcnw9e0000kuy9dooe536g
16:14:27.918 742-f5e44fb4de89ca72.js:1 [WebRTC] Improved video quality for: cmetcnw9e0000kuy9dooe536g
16:14:27.945 742-f5e44fb4de89ca72.js:1 [CallModal] Toggled mute: false Audio tracks: 1
16:14:27.945 742-f5e44fb4de89ca72.js:1 [CallModal] Broadcasting mute state change to other participants
16:14:27.946 742-f5e44fb4de89ca72.js:1 [CallModal] VideoGrid participants: {total: 2, filtered: 1, currentUserId: 'cmetc9zvw0000lx0fvjdkcng1', participantNames: Array(1)}
16:14:27.982 742-f5e44fb4de89ca72.js:1 [CallModal] 🔍 Connection verification:
16:14:27.982 742-f5e44fb4de89ca72.js:1 [CallModal] - Expected participants: (2) ['cmetcnw9e0000kuy9dooe536g', 'cmetcd54n000plx0f6031986z']
16:14:27.982 742-f5e44fb4de89ca72.js:1 [CallModal] - Active connections: (2) ['cmetcnw9e0000kuy9dooe536g', 'cmetcd54n000plx0f6031986z']
16:14:27.982 742-f5e44fb4de89ca72.js:1 [CallModal] ✅ All expected WebRTC connections are active
16:14:27.993 742-f5e44fb4de89ca72.js:1 [CallModal] 🔍 Connection verification:
16:14:27.993 742-f5e44fb4de89ca72.js:1 [CallModal] - Expected participants: (2) ['cmetcnw9e0000kuy9dooe536g', 'cmetcd54n000plx0f6031986z']
16:14:27.993 742-f5e44fb4de89ca72.js:1 [CallModal] - Active connections: (2) ['cmetcnw9e0000kuy9dooe536g', 'cmetcd54n000plx0f6031986z']
16:14:27.993 742-f5e44fb4de89ca72.js:1 [CallModal] ✅ All expected WebRTC connections are active
16:14:28.030 742-f5e44fb4de89ca72.js:1 [CallModal] 🔍 Connection verification:
16:14:28.030 742-f5e44fb4de89ca72.js:1 [CallModal] - Expected participants: (2) ['cmetcnw9e0000kuy9dooe536g', 'cmetcd54n000plx0f6031986z']
16:14:28.030 742-f5e44fb4de89ca72.js:1 [CallModal] - Active connections: (2) ['cmetcnw9e0000kuy9dooe536g', 'cmetcd54n000plx0f6031986z']
16:14:28.030 742-f5e44fb4de89ca72.js:1 [CallModal] ✅ All expected WebRTC connections are active
16:14:28.070 742-f5e44fb4de89ca72.js:1 [CallModal] 🔍 Connection verification:
16:14:28.070 742-f5e44fb4de89ca72.js:1 [CallModal] - Expected participants: (2) ['cmetcnw9e0000kuy9dooe536g', 'cmetcd54n000plx0f6031986z']
16:14:28.071 742-f5e44fb4de89ca72.js:1 [CallModal] - Active connections: (2) ['cmetcnw9e0000kuy9dooe536g', 'cmetcd54n000plx0f6031986z']
16:14:28.071 742-f5e44fb4de89ca72.js:1 [CallModal] ✅ All expected WebRTC connections are active
16:14:28.075 742-f5e44fb4de89ca72.js:1 [CallModal] VideoGrid participants: {total: 2, filtered: 1, currentUserId: 'cmetc9zvw0000lx0fvjdkcng1', participantNames: Array(1)}
16:14:28.076 742-f5e44fb4de89ca72.js:1 [CallModal] 🔍 Connection verification:
16:14:28.076 742-f5e44fb4de89ca72.js:1 [CallModal] - Expected participants: (2) ['cmetcnw9e0000kuy9dooe536g', 'cmetcd54n000plx0f6031986z']
16:14:28.077 742-f5e44fb4de89ca72.js:1 [CallModal] - Active connections: (2) ['cmetcnw9e0000kuy9dooe536g', 'cmetcd54n000plx0f6031986z']
16:14:28.077 742-f5e44fb4de89ca72.js:1 [CallModal] ✅ All expected WebRTC connections are active
16:14:28.216 742-f5e44fb4de89ca72.js:1 [CallModal] 🔇 Participant mute change: {callId: 'call-1758096821929-j0m8cxwgf', participantId: 'cmetc9zvw0000lx0fvjdkcng1', isMuted: false}
16:14:28.217 742-f5e44fb4de89ca72.js:1 [CallModal] Participant cmetc9zvw0000lx0fvjdkcng1 mute state changed to: false
16:14:28.217 742-f5e44fb4de89ca72.js:1 [CallModal] 🔇 Updated participant mute states: {cmetcnw9e0000kuy9dooe536g: true, cmetc9zvw0000lx0fvjdkcng1: false}
16:14:28.217 742-f5e44fb4de89ca72.js:1 [CallModal] VideoGrid participants: {total: 2, filtered: 1, currentUserId: 'cmetc9zvw0000lx0fvjdkcng1', participantNames: Array(1)}
16:14:28.312 742-f5e44fb4de89ca72.js:1 [CallModal] 🔇 Participant mute change: {callId: 'call-1758096821929-j0m8cxwgf', participantId: 'cmetc9zvw0000lx0fvjdkcng1', isMuted: false}
16:14:28.312 742-f5e44fb4de89ca72.js:1 [CallModal] Participant cmetc9zvw0000lx0fvjdkcng1 mute state changed to: false
16:14:28.312 742-f5e44fb4de89ca72.js:1 [CallModal] 🔇 Participant mute change: {callId: 'call-1758096821929-j0m8cxwgf', participantId: 'cmetc9zvw0000lx0fvjdkcng1', isMuted: false}
16:14:28.312 742-f5e44fb4de89ca72.js:1 [CallModal] Participant cmetc9zvw0000lx0fvjdkcng1 mute state changed to: false
16:14:28.313 742-f5e44fb4de89ca72.js:1 [CallModal] 🔇 Updated participant mute states: {cmetcnw9e0000kuy9dooe536g: true, cmetc9zvw0000lx0fvjdkcng1: false}
16:14:28.313 742-f5e44fb4de89ca72.js:1 [CallModal] 🔇 Updated participant mute states: {cmetcnw9e0000kuy9dooe536g: true, cmetc9zvw0000lx0fvjdkcng1: false}
16:14:28.314 742-f5e44fb4de89ca72.js:1 [CallModal] VideoGrid participants: {total: 2, filtered: 1, currentUserId: 'cmetc9zvw0000lx0fvjdkcng1', participantNames: Array(1)}
16:14:28.697 638-11434f29ed368fce.js:1 NotificationContext: Window blurred
16:14:28.699 page-7a89d7867f156a09.js:1 🏠 ChatWindow mounted/re-rendered with conversationId: cmev8zel60000qt0f21sdgql3
16:14:28.701 742-f5e44fb4de89ca72.js:1 [CallModal] VideoGrid participants: {total: 2, filtered: 1, currentUserId: 'cmetc9zvw0000lx0fvjdkcng1', participantNames: Array(1)}
16:14:28.703 layout-d9ae9f9ff0cd665e.js:1 🧹 GlobalNotificationListener: Cleaning up socket listener for new-notification
16:14:28.703 layout-d9ae9f9ff0cd665e.js:1 🌐 GlobalNotificationListener: useEffect triggered {hasSocket: true, hasSession: true, socketConnected: true, socketId: 't-vo6sgonUMSnApdAAAF'}
16:14:28.703 layout-d9ae9f9ff0cd665e.js:1 🚀 GlobalNotificationListener: Setting up global socket listeners for user: cmetc9zvw0000lx0fvjdkcng1
16:14:28.705 layout-d9ae9f9ff0cd665e.js:1 🔄 GlobalNotificationListener: Re-emitted join-user-room for safety
16:14:28.705 layout-d9ae9f9ff0cd665e.js:1 ✅ GlobalNotificationListener: Socket listener registered for new-notification events
16:14:28.706 742-f5e44fb4de89ca72.js:1 [CallModal] 🔄 Participants unchanged, skipping re-initialization
16:14:28.706 742-f5e44fb4de89ca72.js:1 [CallModal] 🔍 Connection verification:
16:14:28.706 742-f5e44fb4de89ca72.js:1 [CallModal] - Expected participants: (2) ['cmetcnw9e0000kuy9dooe536g', 'cmetcd54n000plx0f6031986z']
16:14:28.707 742-f5e44fb4de89ca72.js:1 [CallModal] - Active connections: (2) ['cmetcnw9e0000kuy9dooe536g', 'cmetcd54n000plx0f6031986z']
16:14:28.707 742-f5e44fb4de89ca72.js:1 [CallModal] ✅ All expected WebRTC connections are active
16:14:28.708 742-f5e44fb4de89ca72.js:1 SocketContext: Window blurred, sending pre-blur heartbeat
16:14:29.169 742-f5e44fb4de89ca72.js:1 [CallModal] Updated peer connections for performance monitoring: 2
16:14:29.169 742-f5e44fb4de89ca72.js:1 [CallModal] Peer connection participants: (2) ['cmetcnw9e0000kuy9dooe536g', 'cmetcd54n000plx0f6031986z']
16:14:29.170 742-f5e44fb4de89ca72.js:1 [CallModal] VideoGrid participants: {total: 2, filtered: 1, currentUserId: 'cmetc9zvw0000lx0fvjdkcng1', participantNames: Array(1)}
16:14:29.170 742-f5e44fb4de89ca72.js:1 [useCallPerformance] Connection states: (2) [{…}, {…}]
16:14:29.171 742-f5e44fb4de89ca72.js:1 [useCallPerformance] Starting monitoring for 2 valid connections
16:14:29.172 742-f5e44fb4de89ca72.js:1 [useCallPerformance] Network metrics: {audioPacketLoss: 0, videoPacketLoss: 0, videoFrameRate: 23, latency: 2, callType: 'video'}
16:14:29.172 742-f5e44fb4de89ca72.js:1 [useCallPerformance] No valid network data yet, assuming good quality
16:14:29.173 742-f5e44fb4de89ca72.js:1 [CallModal] VideoGrid participants: {total: 2, filtered: 1, currentUserId: 'cmetc9zvw0000lx0fvjdkcng1', participantNames: Array(1)}
16:14:29.331 638-11434f29ed368fce.js:1 NotificationContext: Page visibility changed to: false
16:14:29.331 742-f5e44fb4de89ca72.js:1 SocketContext: Tab became hidden, maintaining aggressive background connection
16:14:29.335 page-7a89d7867f156a09.js:1 🏠 ChatWindow mounted/re-rendered with conversationId: cmev8zel60000qt0f21sdgql3
16:14:29.338 742-f5e44fb4de89ca72.js:1 [CallModal] VideoGrid participants: {total: 2, filtered: 1, currentUserId: 'cmetc9zvw0000lx0fvjdkcng1', participantNames: Array(1)}
16:14:29.340 layout-d9ae9f9ff0cd665e.js:1 🧹 GlobalNotificationListener: Cleaning up socket listener for new-notification
16:14:29.341 layout-d9ae9f9ff0cd665e.js:1 🌐 GlobalNotificationListener: useEffect triggered {hasSocket: true, hasSession: true, socketConnected: true, socketId: 't-vo6sgonUMSnApdAAAF'}
16:14:29.341 layout-d9ae9f9ff0cd665e.js:1 🚀 GlobalNotificationListener: Setting up global socket listeners for user: cmetc9zvw0000lx0fvjdkcng1
16:14:29.341 layout-d9ae9f9ff0cd665e.js:1 🔄 GlobalNotificationListener: Re-emitted join-user-room for safety
16:14:29.342 layout-d9ae9f9ff0cd665e.js:1 ✅ GlobalNotificationListener: Socket listener registered for new-notification events
16:14:29.342 742-f5e44fb4de89ca72.js:1 [CallModal] 🔄 Participants unchanged, skipping re-initialization
16:14:29.343 742-f5e44fb4de89ca72.js:1 [CallModal] 🔍 Connection verification:
16:14:29.343 742-f5e44fb4de89ca72.js:1 [CallModal] - Expected participants: (2) ['cmetcnw9e0000kuy9dooe536g', 'cmetcd54n000plx0f6031986z']
16:14:29.344 742-f5e44fb4de89ca72.js:1 [CallModal] - Active connections: (2) ['cmetcnw9e0000kuy9dooe536g', 'cmetcd54n000plx0f6031986z']
16:14:29.344 742-f5e44fb4de89ca72.js:1 [CallModal] ✅ All expected WebRTC connections are active
16:14:29.585 page-7a89d7867f156a09.js:1 🏠 ChatWindow mounted/re-rendered with conversationId: cmev8zel60000qt0f21sdgql3
16:14:29.589 742-f5e44fb4de89ca72.js:1 [CallModal] VideoGrid participants: {total: 2, filtered: 1, currentUserId: 'cmetc9zvw0000lx0fvjdkcng1', participantNames: Array(1)}
16:14:29.590 page-7a89d7867f156a09.js:1 ChatSidebar: Conversations updated, count: 5
16:14:29.591 page-7a89d7867f156a09.js:1 ChatSidebar: Latest conversation: cmev8zel60000qt0f21sdgql3 last message: cmfnol8g90007kl0feineks18
16:14:29.591 742-f5e44fb4de89ca72.js:1 [CallModal] 🔄 Participants unchanged, skipping re-initialization
16:14:29.591 742-f5e44fb4de89ca72.js:1 [CallModal] 🔍 Connection verification:
16:14:29.591 742-f5e44fb4de89ca72.js:1 [CallModal] - Expected participants: (2) ['cmetcnw9e0000kuy9dooe536g', 'cmetcd54n000plx0f6031986z']
16:14:29.592 742-f5e44fb4de89ca72.js:1 [CallModal] - Active connections: (2) ['cmetcnw9e0000kuy9dooe536g', 'cmetcd54n000plx0f6031986z']
16:14:29.592 742-f5e44fb4de89ca72.js:1 [CallModal] ✅ All expected WebRTC connections are active
16:14:29.592 page-7a89d7867f156a09.js:1 🔄 ChatWindow: Conversation participants count: 3
16:14:29.593 page-7a89d7867f156a09.js:1 🔄 ChatWindow: Participants: (3) [{…}, {…}, {…}]
16:14:29.593 page-7a89d7867f156a09.js:1 🏠 ChatWindow mounted/re-rendered with conversationId: cmev8zel60000qt0f21sdgql3
16:14:29.598 742-f5e44fb4de89ca72.js:1 [CallModal] VideoGrid participants: {total: 2, filtered: 1, currentUserId: 'cmetc9zvw0000lx0fvjdkcng1', participantNames: Array(1)}
16:14:29.600 742-f5e44fb4de89ca72.js:1 [CallModal] 🔄 Participants unchanged, skipping re-initialization
16:14:29.601 742-f5e44fb4de89ca72.js:1 [CallModal] 🔍 Connection verification:
16:14:29.601 742-f5e44fb4de89ca72.js:1 [CallModal] - Expected participants: (2) ['cmetcnw9e0000kuy9dooe536g', 'cmetcd54n000plx0f6031986z']
16:14:29.602 742-f5e44fb4de89ca72.js:1 [CallModal] - Active connections: (2) ['cmetcnw9e0000kuy9dooe536g', 'cmetcd54n000plx0f6031986z']
16:14:29.602 742-f5e44fb4de89ca72.js:1 [CallModal] ✅ All expected WebRTC connections are active
16:14:29.646 page-7a89d7867f156a09.js:1 🏠 ChatWindow mounted/re-rendered with conversationId: cmev8zel60000qt0f21sdgql3
16:14:29.649 742-f5e44fb4de89ca72.js:1 [CallModal] VideoGrid participants: {total: 2, filtered: 1, currentUserId: 'cmetc9zvw0000lx0fvjdkcng1', participantNames: Array(1)}
16:14:29.652 page-7a89d7867f156a09.js:1 ChatSidebar: Conversations updated, count: 5
16:14:29.653 page-7a89d7867f156a09.js:1 ChatSidebar: Latest conversation: cmev8zel60000qt0f21sdgql3 last message: cmfnol8g90007kl0feineks18
16:14:29.654 742-f5e44fb4de89ca72.js:1 [CallModal] 🔄 Participants unchanged, skipping re-initialization
16:14:29.654 742-f5e44fb4de89ca72.js:1 [CallModal] 🔍 Connection verification:
16:14:29.655 742-f5e44fb4de89ca72.js:1 [CallModal] - Expected participants: (2) ['cmetcnw9e0000kuy9dooe536g', 'cmetcd54n000plx0f6031986z']
16:14:29.656 742-f5e44fb4de89ca72.js:1 [CallModal] - Active connections: (2) ['cmetcnw9e0000kuy9dooe536g', 'cmetcd54n000plx0f6031986z']
16:14:29.656 742-f5e44fb4de89ca72.js:1 [CallModal] ✅ All expected WebRTC connections are active
16:14:29.657 page-7a89d7867f156a09.js:1 🔄 ChatWindow: Conversation participants count: 3
16:14:29.657 page-7a89d7867f156a09.js:1 🔄 ChatWindow: Participants: (3) [{…}, {…}, {…}]
16:14:29.658 page-7a89d7867f156a09.js:1 🏠 ChatWindow mounted/re-rendered with conversationId: cmev8zel60000qt0f21sdgql3
16:14:29.661 742-f5e44fb4de89ca72.js:1 [CallModal] VideoGrid participants: {total: 2, filtered: 1, currentUserId: 'cmetc9zvw0000lx0fvjdkcng1', participantNames: Array(1)}
16:14:29.662 742-f5e44fb4de89ca72.js:1 [CallModal] 🔄 Participants unchanged, skipping re-initialization
16:14:29.662 742-f5e44fb4de89ca72.js:1 [CallModal] 🔍 Connection verification:
16:14:29.663 742-f5e44fb4de89ca72.js:1 [CallModal] - Expected participants: (2) ['cmetcnw9e0000kuy9dooe536g', 'cmetcd54n000plx0f6031986z']
16:14:29.663 742-f5e44fb4de89ca72.js:1 [CallModal] - Active connections: (2) ['cmetcnw9e0000kuy9dooe536g', 'cmetcd54n000plx0f6031986z']
16:14:29.663 742-f5e44fb4de89ca72.js:1 [CallModal] ✅ All expected WebRTC connections are active
16:14:30.086 742-f5e44fb4de89ca72.js:1 [CallModal] 🔇 Participant mute change: {callId: 'call-1758096821929-j0m8cxwgf', participantId: 'cmetcnw9e0000kuy9dooe536g', isMuted: false}
16:14:30.087 742-f5e44fb4de89ca72.js:1 [CallModal] 🔇 Updated participant mute states: {cmetcnw9e0000kuy9dooe536g: false, cmetc9zvw0000lx0fvjdkcng1: false}
16:14:30.087 742-f5e44fb4de89ca72.js:1 [CallModal] Participant cmetcnw9e0000kuy9dooe536g mute state changed to: false
16:14:30.088 742-f5e44fb4de89ca72.js:1 [CallModal] VideoGrid participants: {total: 2, filtered: 1, currentUserId: 'cmetc9zvw0000lx0fvjdkcng1', participantNames: Array(1)}
16:14:30.145 742-f5e44fb4de89ca72.js:1 [CallModal] 🔇 Participant mute change: {callId: 'call-1758096821929-j0m8cxwgf', participantId: 'cmetcnw9e0000kuy9dooe536g', isMuted: false}
16:14:30.145 742-f5e44fb4de89ca72.js:1 [CallModal] Participant cmetcnw9e0000kuy9dooe536g mute state changed to: false
16:14:30.145 742-f5e44fb4de89ca72.js:1 [CallModal] 🔇 Participant mute change: {callId: 'call-1758096821929-j0m8cxwgf', participantId: 'cmetcnw9e0000kuy9dooe536g', isMuted: false}
16:14:30.145 742-f5e44fb4de89ca72.js:1 [CallModal] Participant cmetcnw9e0000kuy9dooe536g mute state changed to: false
16:14:30.146 742-f5e44fb4de89ca72.js:1 [CallModal] 🔇 Updated participant mute states: {cmetcnw9e0000kuy9dooe536g: false, cmetc9zvw0000lx0fvjdkcng1: false}
16:14:30.146 742-f5e44fb4de89ca72.js:1 [CallModal] 🔇 Updated participant mute states: {cmetcnw9e0000kuy9dooe536g: false, cmetc9zvw0000lx0fvjdkcng1: false}
16:14:30.146 742-f5e44fb4de89ca72.js:1 [CallModal] VideoGrid participants: {total: 2, filtered: 1, currentUserId: 'cmetc9zvw0000lx0fvjdkcng1', participantNames: Array(1)}
16:14:30.279 page-7a89d7867f156a09.js:1 🏠 ChatWindow mounted/re-rendered with conversationId: cmev8zel60000qt0f21sdgql3
16:14:30.282 742-f5e44fb4de89ca72.js:1 [CallModal] VideoGrid participants: {total: 2, filtered: 1, currentUserId: 'cmetc9zvw0000lx0fvjdkcng1', participantNames: Array(1)}
16:14:30.286 page-7a89d7867f156a09.js:1 ChatSidebar: Conversations updated, count: 5
16:14:30.286 page-7a89d7867f156a09.js:1 ChatSidebar: Latest conversation: cmev8zel60000qt0f21sdgql3 last message: cmfnol8g90007kl0feineks18
16:14:30.286 742-f5e44fb4de89ca72.js:1 [CallModal] 🔄 Participants unchanged, skipping re-initialization
16:14:30.287 742-f5e44fb4de89ca72.js:1 [CallModal] 🔍 Connection verification:
16:14:30.287 742-f5e44fb4de89ca72.js:1 [CallModal] - Expected participants: (2) ['cmetcnw9e0000kuy9dooe536g', 'cmetcd54n000plx0f6031986z']
16:14:30.287 742-f5e44fb4de89ca72.js:1 [CallModal] - Active connections: (2) ['cmetcnw9e0000kuy9dooe536g', 'cmetcd54n000plx0f6031986z']
16:14:30.288 742-f5e44fb4de89ca72.js:1 [CallModal] ✅ All expected WebRTC connections are active
16:14:30.288 page-7a89d7867f156a09.js:1 🔄 ChatWindow: Conversation participants count: 3
16:14:30.289 page-7a89d7867f156a09.js:1 🔄 ChatWindow: Participants: (3) [{…}, {…}, {…}]
16:14:30.289 page-7a89d7867f156a09.js:1 🏠 ChatWindow mounted/re-rendered with conversationId: cmev8zel60000qt0f21sdgql3
16:14:30.293 742-f5e44fb4de89ca72.js:1 [CallModal] VideoGrid participants: {total: 2, filtered: 1, currentUserId: 'cmetc9zvw0000lx0fvjdkcng1', participantNames: Array(1)}
16:14:30.296 742-f5e44fb4de89ca72.js:1 [CallModal] 🔄 Participants unchanged, skipping re-initialization
16:14:30.296 742-f5e44fb4de89ca72.js:1 [CallModal] 🔍 Connection verification:
16:14:30.297 742-f5e44fb4de89ca72.js:1 [CallModal] - Expected participants: (2) ['cmetcnw9e0000kuy9dooe536g', 'cmetcd54n000plx0f6031986z']
16:14:30.297 742-f5e44fb4de89ca72.js:1 [CallModal] - Active connections: (2) ['cmetcnw9e0000kuy9dooe536g', 'cmetcd54n000plx0f6031986z']
16:14:30.298 742-f5e44fb4de89ca72.js:1 [CallModal] ✅ All expected WebRTC connections are active
16:14:30.708 742-f5e44fb4de89ca72.js:1 [CallModal] 🔍 Connection verification:
16:14:30.708 742-f5e44fb4de89ca72.js:1 [CallModal] - Expected participants: (2) ['cmetcnw9e0000kuy9dooe536g', 'cmetcd54n000plx0f6031986z']
16:14:30.709 742-f5e44fb4de89ca72.js:1 [CallModal] - Active connections: (2) ['cmetcnw9e0000kuy9dooe536g', 'cmetcd54n000plx0f6031986z']
16:14:30.709 742-f5e44fb4de89ca72.js:1 [CallModal] ✅ All expected WebRTC connections are active
16:14:30.916 742-f5e44fb4de89ca72.js:1 [WebRTC] Excellent network detected - restoring quality
16:14:30.917 742-f5e44fb4de89ca72.js:1 [WebRTC] Improved audio quality for: cmetcnw9e0000kuy9dooe536g
16:14:30.918 742-f5e44fb4de89ca72.js:1 [WebRTC] Improved video quality for: cmetcnw9e0000kuy9dooe536g
16:14:31.168 742-f5e44fb4de89ca72.js:1 [CallModal] Updated peer connections for performance monitoring: 2
16:14:31.169 742-f5e44fb4de89ca72.js:1 [CallModal] Peer connection participants: (2) ['cmetcnw9e0000kuy9dooe536g', 'cmetcd54n000plx0f6031986z']
16:14:31.170 742-f5e44fb4de89ca72.js:1 [CallModal] VideoGrid participants: {total: 2, filtered: 1, currentUserId: 'cmetc9zvw0000lx0fvjdkcng1', participantNames: Array(1)}
16:14:31.171 742-f5e44fb4de89ca72.js:1 [useCallPerformance] Connection states: (2) [{…}, {…}]
16:14:31.171 742-f5e44fb4de89ca72.js:1 [useCallPerformance] Starting monitoring for 2 valid connections
16:14:31.172 742-f5e44fb4de89ca72.js:1 [useCallPerformance] Network metrics: {audioPacketLoss: 0, videoPacketLoss: 0, videoFrameRate: 26, latency: 2, callType: 'video'}
16:14:31.173 742-f5e44fb4de89ca72.js:1 [useCallPerformance] No valid network data yet, assuming good quality
16:14:31.173 742-f5e44fb4de89ca72.js:1 [CallModal] VideoGrid participants: {total: 2, filtered: 1, currentUserId: 'cmetc9zvw0000lx0fvjdkcng1', participantNames: Array(1)}
16:14:31.298 742-f5e44fb4de89ca72.js:1 [CallModal] VideoGrid participants: {total: 2, filtered: 1, currentUserId: 'cmetc9zvw0000lx0fvjdkcng1', participantNames: Array(1)}
16:14:31.345 742-f5e44fb4de89ca72.js:1 [CallModal] 🔍 Connection verification:
16:14:31.345 742-f5e44fb4de89ca72.js:1 [CallModal] - Expected participants: (2) ['cmetcnw9e0000kuy9dooe536g', 'cmetcd54n000plx0f6031986z']
16:14:31.346 742-f5e44fb4de89ca72.js:1 [CallModal] - Active connections: (2) ['cmetcnw9e0000kuy9dooe536g', 'cmetcd54n000plx0f6031986z']
16:14:31.346 742-f5e44fb4de89ca72.js:1 [CallModal] ✅ All expected WebRTC connections are active
16:14:31.487 page-7a89d7867f156a09.js:1 Updated online status for user cmetcnw9e0000kuy9dooe536g in conversation cmev8zel60000qt0f21sdgql3
16:14:31.489 page-7a89d7867f156a09.js:1 🏠 ChatWindow mounted/re-rendered with conversationId: cmev8zel60000qt0f21sdgql3
16:14:31.491 742-f5e44fb4de89ca72.js:1 [CallModal] VideoGrid participants: {total: 2, filtered: 1, currentUserId: 'cmetc9zvw0000lx0fvjdkcng1', participantNames: Array(1)}
16:14:31.493 page-7a89d7867f156a09.js:1 ChatSidebar: Conversations updated, count: 5
16:14:31.493 page-7a89d7867f156a09.js:1 ChatSidebar: Latest conversation: cmev8zel60000qt0f21sdgql3 last message: cmfnol8g90007kl0feineks18
16:14:31.494 742-f5e44fb4de89ca72.js:1 [CallModal] 🔄 Participants unchanged, skipping re-initialization
16:14:31.495 742-f5e44fb4de89ca72.js:1 [CallModal] 🔍 Connection verification:
16:14:31.496 742-f5e44fb4de89ca72.js:1 [CallModal] - Expected participants: (2) ['cmetcnw9e0000kuy9dooe536g', 'cmetcd54n000plx0f6031986z']
16:14:31.496 742-f5e44fb4de89ca72.js:1 [CallModal] - Active connections: (2) ['cmetcnw9e0000kuy9dooe536g', 'cmetcd54n000plx0f6031986z']
16:14:31.496 742-f5e44fb4de89ca72.js:1 [CallModal] ✅ All expected WebRTC connections are active
16:14:31.497 page-7a89d7867f156a09.js:1 🔄 ChatWindow: Conversation participants count: 3
16:14:31.497 page-7a89d7867f156a09.js:1 🔄 ChatWindow: Participants: (3) [{…}, {…}, {…}]
16:14:31.498 page-7a89d7867f156a09.js:1 🏠 ChatWindow mounted/re-rendered with conversationId: cmev8zel60000qt0f21sdgql3
16:14:31.501 742-f5e44fb4de89ca72.js:1 [CallModal] VideoGrid participants: {total: 2, filtered: 1, currentUserId: 'cmetc9zvw0000lx0fvjdkcng1', participantNames: Array(1)}
16:14:31.505 742-f5e44fb4de89ca72.js:1 [CallModal] 🔄 Participants unchanged, skipping re-initialization
16:14:31.505 742-f5e44fb4de89ca72.js:1 [CallModal] 🔍 Connection verification:
16:14:31.506 742-f5e44fb4de89ca72.js:1 [CallModal] - Expected participants: (2) ['cmetcnw9e0000kuy9dooe536g', 'cmetcd54n000plx0f6031986z']
16:14:31.506 742-f5e44fb4de89ca72.js:1 [CallModal] - Active connections: (2) ['cmetcnw9e0000kuy9dooe536g', 'cmetcd54n000plx0f6031986z']
16:14:31.506 742-f5e44fb4de89ca72.js:1 [CallModal] ✅ All expected WebRTC connections are active
16:14:31.576 638-11434f29ed368fce.js:1 NotificationContext: Window focused
16:14:31.578 page-7a89d7867f156a09.js:1 🏠 ChatWindow mounted/re-rendered with conversationId: cmev8zel60000qt0f21sdgql3
16:14:31.581 742-f5e44fb4de89ca72.js:1 [CallModal] VideoGrid participants: {total: 2, filtered: 1, currentUserId: 'cmetc9zvw0000lx0fvjdkcng1', participantNames: Array(1)}
16:14:31.583 layout-d9ae9f9ff0cd665e.js:1 🧹 GlobalNotificationListener: Cleaning up socket listener for new-notification
16:14:31.584 layout-d9ae9f9ff0cd665e.js:1 🌐 GlobalNotificationListener: useEffect triggered {hasSocket: true, hasSession: true, socketConnected: true, socketId: 't-vo6sgonUMSnApdAAAF'}
16:14:31.584 layout-d9ae9f9ff0cd665e.js:1 🚀 GlobalNotificationListener: Setting up global socket listeners for user: cmetc9zvw0000lx0fvjdkcng1
16:14:31.585 layout-d9ae9f9ff0cd665e.js:1 🔄 GlobalNotificationListener: Re-emitted join-user-room for safety
16:14:31.585 layout-d9ae9f9ff0cd665e.js:1 ✅ GlobalNotificationListener: Socket listener registered for new-notification events
16:14:31.585 742-f5e44fb4de89ca72.js:1 [CallModal] 🔄 Participants unchanged, skipping re-initialization
16:14:31.586 742-f5e44fb4de89ca72.js:1 [CallModal] 🔍 Connection verification:
16:14:31.586 742-f5e44fb4de89ca72.js:1 [CallModal] - Expected participants: (2) ['cmetcnw9e0000kuy9dooe536g', 'cmetcd54n000plx0f6031986z']
16:14:31.586 742-f5e44fb4de89ca72.js:1 [CallModal] - Active connections: (2) ['cmetcnw9e0000kuy9dooe536g', 'cmetcd54n000plx0f6031986z']
16:14:31.587 742-f5e44fb4de89ca72.js:1 [CallModal] ✅ All expected WebRTC connections are active
16:14:31.588 742-f5e44fb4de89ca72.js:1 SocketContext: Window focused, refreshing connection
16:14:31.593 742-f5e44fb4de89ca72.js:1 [CallModal] 🔍 Connection verification:
16:14:31.593 742-f5e44fb4de89ca72.js:1 [CallModal] - Expected participants: (2) ['cmetcnw9e0000kuy9dooe536g', 'cmetcd54n000plx0f6031986z']
16:14:31.593 742-f5e44fb4de89ca72.js:1 [CallModal] - Active connections: (2) ['cmetcnw9e0000kuy9dooe536g', 'cmetcd54n000plx0f6031986z']
16:14:31.593 742-f5e44fb4de89ca72.js:1 [CallModal] ✅ All expected WebRTC connections are active
16:14:31.605 742-f5e44fb4de89ca72.js:1 [CallModal] 🔍 Connection verification:
16:14:31.605 742-f5e44fb4de89ca72.js:1 [CallModal] - Expected participants: (2) ['cmetcnw9e0000kuy9dooe536g', 'cmetcd54n000plx0f6031986z']
16:14:31.605 742-f5e44fb4de89ca72.js:1 [CallModal] - Active connections: (2) ['cmetcnw9e0000kuy9dooe536g', 'cmetcd54n000plx0f6031986z']
16:14:31.605 742-f5e44fb4de89ca72.js:1 [CallModal] ✅ All expected WebRTC connections are active
16:14:31.633 638-11434f29ed368fce.js:1 NotificationContext: Page visibility changed to: true
16:14:31.633 742-f5e44fb4de89ca72.js:1 SocketContext: Tab became visible, re-establishing connection
16:14:31.635 page-7a89d7867f156a09.js:1 🏠 ChatWindow mounted/re-rendered with conversationId: cmev8zel60000qt0f21sdgql3
16:14:31.640 742-f5e44fb4de89ca72.js:1 [CallModal] VideoGrid participants: {total: 2, filtered: 1, currentUserId: 'cmetc9zvw0000lx0fvjdkcng1', participantNames: Array(1)}
16:14:31.649 layout-d9ae9f9ff0cd665e.js:1 🧹 GlobalNotificationListener: Cleaning up socket listener for new-notification
16:14:31.649 layout-d9ae9f9ff0cd665e.js:1 🌐 GlobalNotificationListener: useEffect triggered {hasSocket: true, hasSession: true, socketConnected: true, socketId: 't-vo6sgonUMSnApdAAAF'}
16:14:31.650 layout-d9ae9f9ff0cd665e.js:1 🚀 GlobalNotificationListener: Setting up global socket listeners for user: cmetc9zvw0000lx0fvjdkcng1
16:14:31.651 layout-d9ae9f9ff0cd665e.js:1 🔄 GlobalNotificationListener: Re-emitted join-user-room for safety
16:14:31.651 layout-d9ae9f9ff0cd665e.js:1 ✅ GlobalNotificationListener: Socket listener registered for new-notification events
16:14:31.651 742-f5e44fb4de89ca72.js:1 [CallModal] 🔄 Participants unchanged, skipping re-initialization
16:14:31.652 742-f5e44fb4de89ca72.js:1 [CallModal] 🔍 Connection verification:
16:14:31.653 742-f5e44fb4de89ca72.js:1 [CallModal] - Expected participants: (2) ['cmetcnw9e0000kuy9dooe536g', 'cmetcd54n000plx0f6031986z']
16:14:31.654 742-f5e44fb4de89ca72.js:1 [CallModal] - Active connections: (2) ['cmetcnw9e0000kuy9dooe536g', 'cmetcd54n000plx0f6031986z']
16:14:31.654 742-f5e44fb4de89ca72.js:1 [CallModal] ✅ All expected WebRTC connections are active
16:14:31.657 742-f5e44fb4de89ca72.js:1 [CallModal] 🔍 Connection verification:
16:14:31.657 742-f5e44fb4de89ca72.js:1 [CallModal] - Expected participants: (2) ['cmetcnw9e0000kuy9dooe536g', 'cmetcd54n000plx0f6031986z']
16:14:31.658 742-f5e44fb4de89ca72.js:1 [CallModal] - Active connections: (2) ['cmetcnw9e0000kuy9dooe536g', 'cmetcd54n000plx0f6031986z']
16:14:31.658 742-f5e44fb4de89ca72.js:1 [CallModal] ✅ All expected WebRTC connections are active
16:14:31.665 742-f5e44fb4de89ca72.js:1 [CallModal] 🔍 Connection verification:
16:14:31.666 742-f5e44fb4de89ca72.js:1 [CallModal] - Expected participants: (2) ['cmetcnw9e0000kuy9dooe536g', 'cmetcd54n000plx0f6031986z']
16:14:31.666 742-f5e44fb4de89ca72.js:1 [CallModal] - Active connections: (2) ['cmetcnw9e0000kuy9dooe536g', 'cmetcd54n000plx0f6031986z']
16:14:31.666 742-f5e44fb4de89ca72.js:1 [CallModal] ✅ All expected WebRTC connections are active
16:14:31.723 page-7a89d7867f156a09.js:1 ChatSidebar: Filtered 5 -> 5 conversations
16:14:31.723 page-7a89d7867f156a09.js:1 ChatSidebar: Final conversation list: (5) [{…}, {…}, {…}, {…}, {…}]
16:14:31.725 page-7a89d7867f156a09.js:1 Updated online status for user cmetcnw9e0000kuy9dooe536g in conversation cmev8zel60000qt0f21sdgql3
16:14:31.725 page-7a89d7867f156a09.js:1 🏠 ChatWindow mounted/re-rendered with conversationId: cmev8zel60000qt0f21sdgql3
16:14:31.729 742-f5e44fb4de89ca72.js:1 [CallModal] VideoGrid participants: {total: 2, filtered: 1, currentUserId: 'cmetc9zvw0000lx0fvjdkcng1', participantNames: Array(1)}
16:14:31.733 page-7a89d7867f156a09.js:1 ChatSidebar: Conversations updated, count: 5
16:14:31.733 page-7a89d7867f156a09.js:1 ChatSidebar: Latest conversation: cmev8zel60000qt0f21sdgql3 last message: cmfnol8g90007kl0feineks18
16:14:31.734 742-f5e44fb4de89ca72.js:1 [CallModal] 🔄 Participants unchanged, skipping re-initialization
16:14:31.736 742-f5e44fb4de89ca72.js:1 [CallModal] 🔍 Connection verification:
16:14:31.736 742-f5e44fb4de89ca72.js:1 [CallModal] - Expected participants: (2) ['cmetcnw9e0000kuy9dooe536g', 'cmetcd54n000plx0f6031986z']
16:14:31.736 742-f5e44fb4de89ca72.js:1 [CallModal] - Active connections: (2) ['cmetcnw9e0000kuy9dooe536g', 'cmetcd54n000plx0f6031986z']
16:14:31.737 742-f5e44fb4de89ca72.js:1 [CallModal] ✅ All expected WebRTC connections are active
16:14:31.738 page-7a89d7867f156a09.js:1 🔄 ChatWindow: Conversation participants count: 3
16:14:31.738 page-7a89d7867f156a09.js:1 🔄 ChatWindow: Participants: (3) [{…}, {…}, {…}]
16:14:31.740 page-7a89d7867f156a09.js:1 🏠 ChatWindow mounted/re-rendered with conversationId: cmev8zel60000qt0f21sdgql3
16:14:31.743 742-f5e44fb4de89ca72.js:1 [CallModal] VideoGrid participants: {total: 2, filtered: 1, currentUserId: 'cmetc9zvw0000lx0fvjdkcng1', participantNames: Array(1)}
16:14:31.746 layout-d9ae9f9ff0cd665e.js:1 🧹 GlobalNotificationListener: Cleaning up socket listener for new-notification
16:14:31.746 layout-d9ae9f9ff0cd665e.js:1 🌐 GlobalNotificationListener: useEffect triggered {hasSocket: true, hasSession: true, socketConnected: true, socketId: 't-vo6sgonUMSnApdAAAF'}
16:14:31.746 layout-d9ae9f9ff0cd665e.js:1 🚀 GlobalNotificationListener: Setting up global socket listeners for user: cmetc9zvw0000lx0fvjdkcng1
16:14:31.747 layout-d9ae9f9ff0cd665e.js:1 🔄 GlobalNotificationListener: Re-emitted join-user-room for safety
16:14:31.748 layout-d9ae9f9ff0cd665e.js:1 ✅ GlobalNotificationListener: Socket listener registered for new-notification events
16:14:31.748 742-f5e44fb4de89ca72.js:1 [CallModal] 🔄 Participants unchanged, skipping re-initialization
16:14:31.748 742-f5e44fb4de89ca72.js:1 [CallModal] 🔍 Connection verification:
16:14:31.749 742-f5e44fb4de89ca72.js:1 [CallModal] - Expected participants: (2) ['cmetcnw9e0000kuy9dooe536g', 'cmetcd54n000plx0f6031986z']
16:14:31.750 742-f5e44fb4de89ca72.js:1 [CallModal] - Active connections: (2) ['cmetcnw9e0000kuy9dooe536g', 'cmetcd54n000plx0f6031986z']
16:14:31.750 742-f5e44fb4de89ca72.js:1 [CallModal] ✅ All expected WebRTC connections are active
16:14:32.289 742-f5e44fb4de89ca72.js:1 [CallModal] 🔍 Connection verification:
16:14:32.289 742-f5e44fb4de89ca72.js:1 [CallModal] - Expected participants: (2) ['cmetcnw9e0000kuy9dooe536g', 'cmetcd54n000plx0f6031986z']
16:14:32.289 742-f5e44fb4de89ca72.js:1 [CallModal] - Active connections: (2) ['cmetcnw9e0000kuy9dooe536g', 'cmetcd54n000plx0f6031986z']
16:14:32.289 742-f5e44fb4de89ca72.js:1 [CallModal] ✅ All expected WebRTC connections are active
16:14:32.298 742-f5e44fb4de89ca72.js:1 [CallModal] 🔍 Connection verification:
16:14:32.298 742-f5e44fb4de89ca72.js:1 [CallModal] - Expected participants: (2) ['cmetcnw9e0000kuy9dooe536g', 'cmetcd54n000plx0f6031986z']
16:14:32.299 742-f5e44fb4de89ca72.js:1 [CallModal] - Active connections: (2) ['cmetcnw9e0000kuy9dooe536g', 'cmetcd54n000plx0f6031986z']
16:14:32.299 742-f5e44fb4de89ca72.js:1 [CallModal] ✅ All expected WebRTC connections are active
16:14:32.635 742-f5e44fb4de89ca72.js:1 SocketContext: Additional heartbeat sent after becoming visible
16:14:32.750 742-f5e44fb4de89ca72.js:1 [CallModal] VideoGrid participants: {total: 2, filtered: 1, currentUserId: 'cmetc9zvw0000lx0fvjdkcng1', participantNames: Array(1)}
16:14:32.974 742-f5e44fb4de89ca72.js:1 [CallModal] VideoGrid participants: {total: 2, filtered: 1, currentUserId: 'cmetc9zvw0000lx0fvjdkcng1', participantNames: Array(1)}
16:14:33.169 742-f5e44fb4de89ca72.js:1 [CallModal] Updated peer connections for performance monitoring: 2
16:14:33.169 742-f5e44fb4de89ca72.js:1 [CallModal] Peer connection participants: (2) ['cmetcnw9e0000kuy9dooe536g', 'cmetcd54n000plx0f6031986z']
16:14:33.170 742-f5e44fb4de89ca72.js:1 [CallModal] VideoGrid participants: {total: 2, filtered: 1, currentUserId: 'cmetc9zvw0000lx0fvjdkcng1', participantNames: Array(1)}
16:14:33.172 742-f5e44fb4de89ca72.js:1 [useCallPerformance] Connection states: (2) [{…}, {…}]
16:14:33.172 742-f5e44fb4de89ca72.js:1 [useCallPerformance] Starting monitoring for 2 valid connections
16:14:33.175 742-f5e44fb4de89ca72.js:1 [CallModal] VideoGrid participants: {total: 2, filtered: 1, currentUserId: 'cmetc9zvw0000lx0fvjdkcng1', participantNames: Array(1)}
16:14:33.175 742-f5e44fb4de89ca72.js:1 [useCallPerformance] Network metrics: {audioPacketLoss: 0, videoPacketLoss: 0, videoFrameRate: 27, latency: 2, callType: 'video'}
16:14:33.177 742-f5e44fb4de89ca72.js:1 [useCallPerformance] No valid network data yet, assuming good quality
16:14:33.177 742-f5e44fb4de89ca72.js:1 [CallModal] VideoGrid participants: {total: 2, filtered: 1, currentUserId: 'cmetc9zvw0000lx0fvjdkcng1', participantNames: Array(1)}
16:14:33.278 742-f5e44fb4de89ca72.js:1 [CallModal] VideoGrid participants: {total: 2, filtered: 1, currentUserId: 'cmetc9zvw0000lx0fvjdkcng1', participantNames: Array(1)}
16:14:33.497 742-f5e44fb4de89ca72.js:1 [CallModal] 🔍 Connection verification:
16:14:33.498 742-f5e44fb4de89ca72.js:1 [CallModal] - Expected participants: (2) ['cmetcnw9e0000kuy9dooe536g', 'cmetcd54n000plx0f6031986z']
16:14:33.498 742-f5e44fb4de89ca72.js:1 [CallModal] - Active connections: (2) ['cmetcnw9e0000kuy9dooe536g', 'cmetcd54n000plx0f6031986z']
16:14:33.498 742-f5e44fb4de89ca72.js:1 [CallModal] ✅ All expected WebRTC connections are active
16:14:33.508 742-f5e44fb4de89ca72.js:1 [CallModal] 🔍 Connection verification:
16:14:33.508 742-f5e44fb4de89ca72.js:1 [CallModal] - Expected participants: (2) ['cmetcnw9e0000kuy9dooe536g', 'cmetcd54n000plx0f6031986z']
16:14:33.509 742-f5e44fb4de89ca72.js:1 [CallModal] - Active connections: (2) ['cmetcnw9e0000kuy9dooe536g', 'cmetcd54n000plx0f6031986z']
16:14:33.509 742-f5e44fb4de89ca72.js:1 [CallModal] ✅ All expected WebRTC connections are active
16:14:33.589 742-f5e44fb4de89ca72.js:1 [CallModal] 🔍 Connection verification:
16:14:33.589 742-f5e44fb4de89ca72.js:1 [CallModal] - Expected participants: (2) ['cmetcnw9e0000kuy9dooe536g', 'cmetcd54n000plx0f6031986z']
16:14:33.589 742-f5e44fb4de89ca72.js:1 [CallModal] - Active connections: (2) ['cmetcnw9e0000kuy9dooe536g', 'cmetcd54n000plx0f6031986z']
16:14:33.589 742-f5e44fb4de89ca72.js:1 [CallModal] ✅ All expected WebRTC connections are active
16:14:33.657 742-f5e44fb4de89ca72.js:1 [CallModal] 🔍 Connection verification:
16:14:33.657 742-f5e44fb4de89ca72.js:1 [CallModal] - Expected participants: (2) ['cmetcnw9e0000kuy9dooe536g', 'cmetcd54n000plx0f6031986z']
16:14:33.657 742-f5e44fb4de89ca72.js:1 [CallModal] - Active connections: (2) ['cmetcnw9e0000kuy9dooe536g', 'cmetcd54n000plx0f6031986z']
16:14:33.657 742-f5e44fb4de89ca72.js:1 [CallModal] ✅ All expected WebRTC connections are active
16:14:33.738 742-f5e44fb4de89ca72.js:1 [CallModal] 🔍 Connection verification:
16:14:33.738 742-f5e44fb4de89ca72.js:1 [CallModal] - Expected participants: (2) ['cmetcnw9e0000kuy9dooe536g', 'cmetcd54n000plx0f6031986z']
16:14:33.738 742-f5e44fb4de89ca72.js:1 [CallModal] - Active connections: (2) ['cmetcnw9e0000kuy9dooe536g', 'cmetcd54n000plx0f6031986z']
16:14:33.739 742-f5e44fb4de89ca72.js:1 [CallModal] ✅ All expected WebRTC connections are active
16:14:33.750 742-f5e44fb4de89ca72.js:1 [CallModal] VideoGrid participants: {total: 2, filtered: 1, currentUserId: 'cmetc9zvw0000lx0fvjdkcng1', participantNames: Array(1)}
16:14:33.755 742-f5e44fb4de89ca72.js:1 [CallModal] 🔍 Connection verification:
16:14:33.755 742-f5e44fb4de89ca72.js:1 [CallModal] - Expected participants: (2) ['cmetcnw9e0000kuy9dooe536g', 'cmetcd54n000plx0f6031986z']
16:14:33.755 742-f5e44fb4de89ca72.js:1 [CallModal] - Active connections: (2) ['cmetcnw9e0000kuy9dooe536g', 'cmetcd54n000plx0f6031986z']
16:14:33.755 742-f5e44fb4de89ca72.js:1 [CallModal] ✅ All expected WebRTC connections are active
16:14:33.782 742-f5e44fb4de89ca72.js:1 [CallModal] VideoGrid participants: {total: 2, filtered: 1, currentUserId: 'cmetc9zvw0000lx0fvjdkcng1', participantNames: Array(1)}
16:14:33.916 742-f5e44fb4de89ca72.js:1 [WebRTC] Excellent network detected - restoring quality
16:14:33.917 742-f5e44fb4de89ca72.js:1 [WebRTC] Improved audio quality for: cmetcnw9e0000kuy9dooe536g
16:14:33.918 742-f5e44fb4de89ca72.js:1 [WebRTC] Improved video quality for: cmetcnw9e0000kuy9dooe536g
16:14:34.750 742-f5e44fb4de89ca72.js:1 [CallModal] VideoGrid participants: {total: 2, filtered: 1, currentUserId: 'cmetc9zvw0000lx0fvjdkcng1', participantNames: Array(1)}
16:14:35.169 742-f5e44fb4de89ca72.js:1 [CallModal] Updated peer connections for performance monitoring: 2
16:14:35.170 742-f5e44fb4de89ca72.js:1 [CallModal] Peer connection participants: (2) ['cmetcnw9e0000kuy9dooe536g', 'cmetcd54n000plx0f6031986z']
16:14:35.171 742-f5e44fb4de89ca72.js:1 [CallModal] VideoGrid participants: {total: 2, filtered: 1, currentUserId: 'cmetc9zvw0000lx0fvjdkcng1', participantNames: Array(1)}
16:14:35.172 742-f5e44fb4de89ca72.js:1 [useCallPerformance] Connection states: (2) [{…}, {…}]
16:14:35.174 742-f5e44fb4de89ca72.js:1 [useCallPerformance] Starting monitoring for 2 valid connections
16:14:35.177 742-f5e44fb4de89ca72.js:1 [useCallPerformance] Network metrics: {audioPacketLoss: 0, videoPacketLoss: 0, videoFrameRate: 26, latency: 2, callType: 'video'}
16:14:35.178 742-f5e44fb4de89ca72.js:1 [useCallPerformance] No valid network data yet, assuming good quality
16:14:35.179 742-f5e44fb4de89ca72.js:1 [CallModal] VideoGrid participants: {total: 2, filtered: 1, currentUserId: 'cmetc9zvw0000lx0fvjdkcng1', participantNames: Array(1)}
16:14:35.749 742-f5e44fb4de89ca72.js:1 [CallModal] VideoGrid participants: {total: 2, filtered: 1, currentUserId: 'cmetc9zvw0000lx0fvjdkcng1', participantNames: Array(1)}
16:14:35.960 742-f5e44fb4de89ca72.js:1 [CallModal] Toggled mute: true Audio tracks: 1
16:14:35.961 742-f5e44fb4de89ca72.js:1 [CallModal] Broadcasting mute state change to other participants
16:14:35.962 742-f5e44fb4de89ca72.js:1 [CallModal] VideoGrid participants: {total: 2, filtered: 1, currentUserId: 'cmetc9zvw0000lx0fvjdkcng1', participantNames: Array(1)}
16:14:36.159 742-f5e44fb4de89ca72.js:1 [CallModal] 🔇 Participant mute change: {callId: 'call-1758096821929-j0m8cxwgf', participantId: 'cmetc9zvw0000lx0fvjdkcng1', isMuted: true}
16:14:36.159 742-f5e44fb4de89ca72.js:1 [CallModal] Participant cmetc9zvw0000lx0fvjdkcng1 mute state changed to: true
16:14:36.160 742-f5e44fb4de89ca72.js:1 [CallModal] 🔇 Updated participant mute states: {cmetcnw9e0000kuy9dooe536g: false, cmetc9zvw0000lx0fvjdkcng1: true}
16:14:36.160 742-f5e44fb4de89ca72.js:1 [CallModal] VideoGrid participants: {total: 2, filtered: 1, currentUserId: 'cmetc9zvw0000lx0fvjdkcng1', participantNames: Array(1)}
16:14:36.301 742-f5e44fb4de89ca72.js:1 [CallModal] 🔇 Participant mute change: {callId: 'call-1758096821929-j0m8cxwgf', participantId: 'cmetc9zvw0000lx0fvjdkcng1', isMuted: true}
16:14:36.301 742-f5e44fb4de89ca72.js:1 [CallModal] Participant cmetc9zvw0000lx0fvjdkcng1 mute state changed to: true
16:14:36.301 742-f5e44fb4de89ca72.js:1 [CallModal] 🔇 Participant mute change: {callId: 'call-1758096821929-j0m8cxwgf', participantId: 'cmetc9zvw0000lx0fvjdkcng1', isMuted: true}
16:14:36.301 742-f5e44fb4de89ca72.js:1 [CallModal] Participant cmetc9zvw0000lx0fvjdkcng1 mute state changed to: true
16:14:36.302 742-f5e44fb4de89ca72.js:1 [CallModal] 🔇 Updated participant mute states: {cmetcnw9e0000kuy9dooe536g: false, cmetc9zvw0000lx0fvjdkcng1: true}
16:14:36.302 742-f5e44fb4de89ca72.js:1 [CallModal] 🔇 Updated participant mute states: {cmetcnw9e0000kuy9dooe536g: false, cmetc9zvw0000lx0fvjdkcng1: true}
16:14:36.302 742-f5e44fb4de89ca72.js:1 [CallModal] VideoGrid participants: {total: 2, filtered: 1, currentUserId: 'cmetc9zvw0000lx0fvjdkcng1', participantNames: Array(1)}
16:14:36.541 742-f5e44fb4de89ca72.js:1 SocketContext: Heartbeat sent successfully
16:14:36.750 742-f5e44fb4de89ca72.js:1 [CallModal] VideoGrid participants: {total: 2, filtered: 1, currentUserId: 'cmetc9zvw0000lx0fvjdkcng1', participantNames: Array(1)}
16:14:36.814 742-f5e44fb4de89ca72.js:1 [VoiceActivity] Volume analysis: {average: '1.9', volume: '-42.4', threshold: -40, speaking: false, finalSpeaking: false, …}
16:14:36.916 742-f5e44fb4de89ca72.js:1 [WebRTC] Excellent network detected - restoring quality
16:14:36.916 742-f5e44fb4de89ca72.js:1 [WebRTC] Improved audio quality for: cmetcnw9e0000kuy9dooe536g
16:14:36.918 742-f5e44fb4de89ca72.js:1 [WebRTC] Improved video quality for: cmetcnw9e0000kuy9dooe536g
16:14:37.169 742-f5e44fb4de89ca72.js:1 [CallModal] Updated peer connections for performance monitoring: 2
16:14:37.169 742-f5e44fb4de89ca72.js:1 [CallModal] Peer connection participants: (2) ['cmetcnw9e0000kuy9dooe536g', 'cmetcd54n000plx0f6031986z']
16:14:37.169 742-f5e44fb4de89ca72.js:1 [CallModal] VideoGrid participants: {total: 2, filtered: 1, currentUserId: 'cmetc9zvw0000lx0fvjdkcng1', participantNames: Array(1)}
16:14:37.170 742-f5e44fb4de89ca72.js:1 [useCallPerformance] Connection states: (2) [{…}, {…}]
16:14:37.171 742-f5e44fb4de89ca72.js:1 [useCallPerformance] Starting monitoring for 2 valid connections
16:14:37.172 742-f5e44fb4de89ca72.js:1 [useCallPerformance] Network metrics: {audioPacketLoss: 0, videoPacketLoss: 0, videoFrameRate: 23, latency: 2, callType: 'video'}
16:14:37.173 742-f5e44fb4de89ca72.js:1 [useCallPerformance] No valid network data yet, assuming good quality
16:14:37.173 742-f5e44fb4de89ca72.js:1 [CallModal] VideoGrid participants: {total: 2, filtered: 1, currentUserId: 'cmetc9zvw0000lx0fvjdkcng1', participantNames: Array(1)}
16:14:37.749 742-f5e44fb4de89ca72.js:1 [CallModal] VideoGrid participants: {total: 2, filtered: 1, currentUserId: 'cmetc9zvw0000lx0fvjdkcng1', participantNames: Array(1)}
16:14:38.144 page-7a89d7867f156a09.js:1 User status update received: {userId: 'cmetcnw9e0000kuy9dooe536g', isOnline: true, lastSeen: '2025-09-17T08:14:38.071Z'}
16:14:38.145 page-7a89d7867f156a09.js:1 Updated online status for user cmetcnw9e0000kuy9dooe536g in conversation cmev8zel60000qt0f21sdgql3
16:14:38.146 page-7a89d7867f156a09.js:1 🏠 ChatWindow mounted/re-rendered with conversationId: cmev8zel60000qt0f21sdgql3
16:14:38.149 742-f5e44fb4de89ca72.js:1 [CallModal] VideoGrid participants: {total: 2, filtered: 1, currentUserId: 'cmetc9zvw0000lx0fvjdkcng1', participantNames: Array(1)}
16:14:38.155 page-7a89d7867f156a09.js:1 ChatSidebar: Conversations updated, count: 5
16:14:38.155 page-7a89d7867f156a09.js:1 ChatSidebar: Latest conversation: cmev8zel60000qt0f21sdgql3 last message: cmfnol8g90007kl0feineks18
16:14:38.156 742-f5e44fb4de89ca72.js:1 [CallModal] 🔄 Participants unchanged, skipping re-initialization
16:14:38.156 742-f5e44fb4de89ca72.js:1 [CallModal] 🔍 Connection verification:
16:14:38.157 742-f5e44fb4de89ca72.js:1 [CallModal] - Expected participants: (2) ['cmetcnw9e0000kuy9dooe536g', 'cmetcd54n000plx0f6031986z']
16:14:38.157 742-f5e44fb4de89ca72.js:1 [CallModal] - Active connections: (2) ['cmetcnw9e0000kuy9dooe536g', 'cmetcd54n000plx0f6031986z']
16:14:38.158 742-f5e44fb4de89ca72.js:1 [CallModal] ✅ All expected WebRTC connections are active
16:14:38.158 page-7a89d7867f156a09.js:1 🔄 ChatWindow: Conversation participants count: 3
16:14:38.158 page-7a89d7867f156a09.js:1 🔄 ChatWindow: Participants: (3) [{…}, {…}, {…}]
16:14:38.159 page-7a89d7867f156a09.js:1 🏠 ChatWindow mounted/re-rendered with conversationId: cmev8zel60000qt0f21sdgql3
16:14:38.163 742-f5e44fb4de89ca72.js:1 [CallModal] VideoGrid participants: {total: 2, filtered: 1, currentUserId: 'cmetc9zvw0000lx0fvjdkcng1', participantNames: Array(1)}
16:14:38.171 742-f5e44fb4de89ca72.js:1 [CallModal] 🔄 Participants unchanged, skipping re-initialization
16:14:38.171 742-f5e44fb4de89ca72.js:1 [CallModal] 🔍 Connection verification:
16:14:38.172 742-f5e44fb4de89ca72.js:1 [CallModal] - Expected participants: (2) ['cmetcnw9e0000kuy9dooe536g', 'cmetcd54n000plx0f6031986z']
16:14:38.172 742-f5e44fb4de89ca72.js:1 [CallModal] - Active connections: (2) ['cmetcnw9e0000kuy9dooe536g', 'cmetcd54n000plx0f6031986z']
16:14:38.172 742-f5e44fb4de89ca72.js:1 [CallModal] ✅ All expected WebRTC connections are active
16:14:38.248 page-7a89d7867f156a09.js:1 🏠 ChatWindow mounted/re-rendered with conversationId: cmev8zel60000qt0f21sdgql3
16:14:38.250 742-f5e44fb4de89ca72.js:1 [CallModal] VideoGrid participants: {total: 2, filtered: 1, currentUserId: 'cmetc9zvw0000lx0fvjdkcng1', participantNames: Array(1)}
16:14:38.251 page-7a89d7867f156a09.js:1 ChatSidebar: Conversations updated, count: 5
16:14:38.251 page-7a89d7867f156a09.js:1 ChatSidebar: Latest conversation: cmev8zel60000qt0f21sdgql3 last message: cmfnol8g90007kl0feineks18
16:14:38.252 742-f5e44fb4de89ca72.js:1 [CallModal] 🔄 Participants unchanged, skipping re-initialization
16:14:38.252 742-f5e44fb4de89ca72.js:1 [CallModal] 🔍 Connection verification:
16:14:38.252 742-f5e44fb4de89ca72.js:1 [CallModal] - Expected participants: (2) ['cmetcnw9e0000kuy9dooe536g', 'cmetcd54n000plx0f6031986z']
16:14:38.252 742-f5e44fb4de89ca72.js:1 [CallModal] - Active connections: (2) ['cmetcnw9e0000kuy9dooe536g', 'cmetcd54n000plx0f6031986z']
16:14:38.253 742-f5e44fb4de89ca72.js:1 [CallModal] ✅ All expected WebRTC connections are active
16:14:38.253 page-7a89d7867f156a09.js:1 🔄 ChatWindow: Conversation participants count: 3
16:14:38.253 page-7a89d7867f156a09.js:1 🔄 ChatWindow: Participants: (3) [{…}, {…}, {…}]
16:14:38.256 page-7a89d7867f156a09.js:1 🏠 ChatWindow mounted/re-rendered with conversationId: cmev8zel60000qt0f21sdgql3
16:14:38.263 742-f5e44fb4de89ca72.js:1 [CallModal] VideoGrid participants: {total: 2, filtered: 1, currentUserId: 'cmetc9zvw0000lx0fvjdkcng1', participantNames: Array(1)}
16:14:38.266 742-f5e44fb4de89ca72.js:1 [CallModal] 🔄 Participants unchanged, skipping re-initialization
16:14:38.267 742-f5e44fb4de89ca72.js:1 [CallModal] 🔍 Connection verification:
16:14:38.267 742-f5e44fb4de89ca72.js:1 [CallModal] - Expected participants: (2) ['cmetcnw9e0000kuy9dooe536g', 'cmetcd54n000plx0f6031986z']
16:14:38.268 742-f5e44fb4de89ca72.js:1 [CallModal] - Active connections: (2) ['cmetcnw9e0000kuy9dooe536g', 'cmetcd54n000plx0f6031986z']
16:14:38.268 742-f5e44fb4de89ca72.js:1 [CallModal] ✅ All expected WebRTC connections are active
16:14:39.169 742-f5e44fb4de89ca72.js:1 [CallModal] Updated peer connections for performance monitoring: 2
16:14:39.170 742-f5e44fb4de89ca72.js:1 [CallModal] Peer connection participants: (2) ['cmetcnw9e0000kuy9dooe536g', 'cmetcd54n000plx0f6031986z']
16:14:39.170 742-f5e44fb4de89ca72.js:1 [CallModal] VideoGrid participants: {total: 2, filtered: 1, currentUserId: 'cmetc9zvw0000lx0fvjdkcng1', participantNames: Array(1)}
16:14:39.172 742-f5e44fb4de89ca72.js:1 [useCallPerformance] Connection states: (2) [{…}, {…}]
16:14:39.172 742-f5e44fb4de89ca72.js:1 [useCallPerformance] Starting monitoring for 2 valid connections
16:14:39.175 742-f5e44fb4de89ca72.js:1 [useCallPerformance] Network metrics: {audioPacketLoss: 0, videoPacketLoss: 0, videoFrameRate: 27, latency: 2, callType: 'video'}
16:14:39.177 742-f5e44fb4de89ca72.js:1 [useCallPerformance] No valid network data yet, assuming good quality
16:14:39.177 742-f5e44fb4de89ca72.js:1 [CallModal] VideoGrid participants: {total: 2, filtered: 1, currentUserId: 'cmetc9zvw0000lx0fvjdkcng1', participantNames: Array(1)}
16:14:39.268 742-f5e44fb4de89ca72.js:1 [CallModal] ⏰ Duration: 50s (start: 2025-09-17T08:13:48.931Z, source: local)
16:14:39.268 742-f5e44fb4de89ca72.js:1 [CallModal] VideoGrid participants: {total: 2, filtered: 1, currentUserId: 'cmetc9zvw0000lx0fvjdkcng1', participantNames: Array(1)}
16:14:39.915 742-f5e44fb4de89ca72.js:1 [WebRTC] Excellent network detected - restoring quality
16:14:39.916 742-f5e44fb4de89ca72.js:1 [WebRTC] Improved audio quality for: cmetcnw9e0000kuy9dooe536g
16:14:39.916 742-f5e44fb4de89ca72.js:1 [WebRTC] Improved video quality for: cmetcnw9e0000kuy9dooe536g
16:14:39.917 638-11434f29ed368fce.js:1 NotificationContext: Window blurred
16:14:39.918 page-7a89d7867f156a09.js:1 🏠 ChatWindow mounted/re-rendered with conversationId: cmev8zel60000qt0f21sdgql3
16:14:39.921 742-f5e44fb4de89ca72.js:1 [CallModal] VideoGrid participants: {total: 2, filtered: 1, currentUserId: 'cmetc9zvw0000lx0fvjdkcng1', participantNames: Array(1)}
16:14:39.924 layout-d9ae9f9ff0cd665e.js:1 🧹 GlobalNotificationListener: Cleaning up socket listener for new-notification
16:14:39.925 layout-d9ae9f9ff0cd665e.js:1 🌐 GlobalNotificationListener: useEffect triggered {hasSocket: true, hasSession: true, socketConnected: true, socketId: 't-vo6sgonUMSnApdAAAF'}
16:14:39.925 layout-d9ae9f9ff0cd665e.js:1 🚀 GlobalNotificationListener: Setting up global socket listeners for user: cmetc9zvw0000lx0fvjdkcng1
16:14:39.925 layout-d9ae9f9ff0cd665e.js:1 🔄 GlobalNotificationListener: Re-emitted join-user-room for safety
16:14:39.926 layout-d9ae9f9ff0cd665e.js:1 ✅ GlobalNotificationListener: Socket listener registered for new-notification events
16:14:39.926 742-f5e44fb4de89ca72.js:1 [CallModal] 🔄 Participants unchanged, skipping re-initialization
16:14:39.927 742-f5e44fb4de89ca72.js:1 [CallModal] 🔍 Connection verification:
16:14:39.927 742-f5e44fb4de89ca72.js:1 [CallModal] - Expected participants: (2) ['cmetcnw9e0000kuy9dooe536g', 'cmetcd54n000plx0f6031986z']
16:14:39.928 742-f5e44fb4de89ca72.js:1 [CallModal] - Active connections: (2) ['cmetcnw9e0000kuy9dooe536g', 'cmetcd54n000plx0f6031986z']
16:14:39.928 742-f5e44fb4de89ca72.js:1 [CallModal] ✅ All expected WebRTC connections are active
16:14:39.929 742-f5e44fb4de89ca72.js:1 SocketContext: Window blurred, sending pre-blur heartbeat
16:14:40.158 742-f5e44fb4de89ca72.js:1 [CallModal] 🔍 Connection verification:
16:14:40.158 742-f5e44fb4de89ca72.js:1 [CallModal] - Expected participants: (2) ['cmetcnw9e0000kuy9dooe536g', 'cmetcd54n000plx0f6031986z']
16:14:40.159 742-f5e44fb4de89ca72.js:1 [CallModal] - Active connections: (2) ['cmetcnw9e0000kuy9dooe536g', 'cmetcd54n000plx0f6031986z']
16:14:40.159 742-f5e44fb4de89ca72.js:1 [CallModal] ✅ All expected WebRTC connections are active
16:14:40.173 742-f5e44fb4de89ca72.js:1 [CallModal] 🔍 Connection verification:
16:14:40.173 742-f5e44fb4de89ca72.js:1 [CallModal] - Expected participants: (2) ['cmetcnw9e0000kuy9dooe536g', 'cmetcd54n000plx0f6031986z']
16:14:40.174 742-f5e44fb4de89ca72.js:1 [CallModal] - Active connections: (2) ['cmetcnw9e0000kuy9dooe536g', 'cmetcd54n000plx0f6031986z']
16:14:40.174 742-f5e44fb4de89ca72.js:1 [CallModal] ✅ All expected WebRTC connections are active
16:14:40.254 742-f5e44fb4de89ca72.js:1 [CallModal] 🔍 Connection verification:
16:14:40.254 742-f5e44fb4de89ca72.js:1 [CallModal] - Expected participants: (2) ['cmetcnw9e0000kuy9dooe536g', 'cmetcd54n000plx0f6031986z']
16:14:40.254 742-f5e44fb4de89ca72.js:1 [CallModal] - Active connections: (2) ['cmetcnw9e0000kuy9dooe536g', 'cmetcd54n000plx0f6031986z']
16:14:40.254 742-f5e44fb4de89ca72.js:1 [CallModal] ✅ All expected WebRTC connections are active
16:14:40.270 742-f5e44fb4de89ca72.js:1 [CallModal] 🔍 Connection verification:
16:14:40.270 742-f5e44fb4de89ca72.js:1 [CallModal] - Expected participants: (2) ['cmetcnw9e0000kuy9dooe536g', 'cmetcd54n000plx0f6031986z']
16:14:40.270 742-f5e44fb4de89ca72.js:1 [CallModal] - Active connections: (2) ['cmetcnw9e0000kuy9dooe536g', 'cmetcd54n000plx0f6031986z']
16:14:40.270 742-f5e44fb4de89ca72.js:1 [CallModal] ✅ All expected WebRTC connections are active
16:14:40.312 638-11434f29ed368fce.js:1 NotificationContext: Page visibility changed to: false
16:14:40.312 742-f5e44fb4de89ca72.js:1 SocketContext: Tab became hidden, maintaining aggressive background connection
16:14:40.315 page-7a89d7867f156a09.js:1 🏠 ChatWindow mounted/re-rendered with conversationId: cmev8zel60000qt0f21sdgql3
16:14:40.319 742-f5e44fb4de89ca72.js:1 [CallModal] VideoGrid participants: {total: 2, filtered: 1, currentUserId: 'cmetc9zvw0000lx0fvjdkcng1', participantNames: Array(1)}
16:14:40.326 layout-d9ae9f9ff0cd665e.js:1 🧹 GlobalNotificationListener: Cleaning up socket listener for new-notification
16:14:40.326 layout-d9ae9f9ff0cd665e.js:1 🌐 GlobalNotificationListener: useEffect triggered {hasSocket: true, hasSession: true, socketConnected: true, socketId: 't-vo6sgonUMSnApdAAAF'}
16:14:40.327 layout-d9ae9f9ff0cd665e.js:1 🚀 GlobalNotificationListener: Setting up global socket listeners for user: cmetc9zvw0000lx0fvjdkcng1
16:14:40.327 layout-d9ae9f9ff0cd665e.js:1 🔄 GlobalNotificationListener: Re-emitted join-user-room for safety
16:14:40.328 layout-d9ae9f9ff0cd665e.js:1 ✅ GlobalNotificationListener: Socket listener registered for new-notification events
16:14:40.328 742-f5e44fb4de89ca72.js:1 [CallModal] 🔄 Participants unchanged, skipping re-initialization
16:14:40.329 742-f5e44fb4de89ca72.js:1 [CallModal] 🔍 Connection verification:
16:14:40.329 742-f5e44fb4de89ca72.js:1 [CallModal] - Expected participants: (2) ['cmetcnw9e0000kuy9dooe536g', 'cmetcd54n000plx0f6031986z']
16:14:40.330 742-f5e44fb4de89ca72.js:1 [CallModal] - Active connections: (2) ['cmetcnw9e0000kuy9dooe536g', 'cmetcd54n000plx0f6031986z']
16:14:40.331 742-f5e44fb4de89ca72.js:1 [CallModal] ✅ All expected WebRTC connections are active
16:14:40.459 page-7a89d7867f156a09.js:1 🏠 ChatWindow mounted/re-rendered with conversationId: cmev8zel60000qt0f21sdgql3
16:14:40.462 742-f5e44fb4de89ca72.js:1 [CallModal] VideoGrid participants: {total: 2, filtered: 1, currentUserId: 'cmetc9zvw0000lx0fvjdkcng1', participantNames: Array(1)}
16:14:40.464 page-7a89d7867f156a09.js:1 ChatSidebar: Conversations updated, count: 5
16:14:40.465 page-7a89d7867f156a09.js:1 ChatSidebar: Latest conversation: cmev8zel60000qt0f21sdgql3 last message: cmfnol8g90007kl0feineks18
16:14:40.466 742-f5e44fb4de89ca72.js:1 [CallModal] 🔄 Participants unchanged, skipping re-initialization
16:14:40.466 742-f5e44fb4de89ca72.js:1 [CallModal] 🔍 Connection verification:
16:14:40.467 742-f5e44fb4de89ca72.js:1 [CallModal] - Expected participants: (2) ['cmetcnw9e0000kuy9dooe536g', 'cmetcd54n000plx0f6031986z']
16:14:40.468 742-f5e44fb4de89ca72.js:1 [CallModal] - Active connections: (2) ['cmetcnw9e0000kuy9dooe536g', 'cmetcd54n000plx0f6031986z']
16:14:40.468 742-f5e44fb4de89ca72.js:1 [CallModal] ✅ All expected WebRTC connections are active
16:14:40.469 page-7a89d7867f156a09.js:1 🔄 ChatWindow: Conversation participants count: 3
16:14:40.470 page-7a89d7867f156a09.js:1 🔄 ChatWindow: Participants: (3) [{…}, {…}, {…}]
16:14:40.470 page-7a89d7867f156a09.js:1 🏠 ChatWindow mounted/re-rendered with conversationId: cmev8zel60000qt0f21sdgql3
16:14:40.473 742-f5e44fb4de89ca72.js:1 [CallModal] VideoGrid participants: {total: 2, filtered: 1, currentUserId: 'cmetc9zvw0000lx0fvjdkcng1', participantNames: Array(1)}
16:14:40.475 742-f5e44fb4de89ca72.js:1 [CallModal] 🔄 Participants unchanged, skipping re-initialization
16:14:40.476 742-f5e44fb4de89ca72.js:1 [CallModal] 🔍 Connection verification:
16:14:40.476 742-f5e44fb4de89ca72.js:1 [CallModal] - Expected participants: (2) ['cmetcnw9e0000kuy9dooe536g', 'cmetcd54n000plx0f6031986z']
16:14:40.477 742-f5e44fb4de89ca72.js:1 [CallModal] - Active connections: (2) ['cmetcnw9e0000kuy9dooe536g', 'cmetcd54n000plx0f6031986z']
16:14:40.477 742-f5e44fb4de89ca72.js:1 [CallModal] ✅ All expected WebRTC connections are active
16:14:40.532 page-7a89d7867f156a09.js:1 User status update received: {userId: 'cmetcnw9e0000kuy9dooe536g', isOnline: true, lastSeen: '2025-09-17T08:14:40.395Z'}
16:14:40.533 page-7a89d7867f156a09.js:1 User status update received: {userId: 'cmetcnw9e0000kuy9dooe536g', isOnline: true, lastSeen: '2025-09-17T08:14:40.395Z'}
16:14:40.535 page-7a89d7867f156a09.js:1 🏠 ChatWindow mounted/re-rendered with conversationId: cmev8zel60000qt0f21sdgql3
16:14:40.537 742-f5e44fb4de89ca72.js:1 [CallModal] VideoGrid participants: {total: 2, filtered: 1, currentUserId: 'cmetc9zvw0000lx0fvjdkcng1', participantNames: Array(1)}
16:14:40.538 page-7a89d7867f156a09.js:1 ChatSidebar: Conversations updated, count: 5
16:14:40.538 page-7a89d7867f156a09.js:1 ChatSidebar: Latest conversation: cmev8zel60000qt0f21sdgql3 last message: cmfnol8g90007kl0feineks18
16:14:40.539 742-f5e44fb4de89ca72.js:1 [CallModal] 🔄 Participants unchanged, skipping re-initialization
16:14:40.540 742-f5e44fb4de89ca72.js:1 [CallModal] 🔍 Connection verification:
16:14:40.540 742-f5e44fb4de89ca72.js:1 [CallModal] - Expected participants: (2) ['cmetcnw9e0000kuy9dooe536g', 'cmetcd54n000plx0f6031986z']
16:14:40.540 742-f5e44fb4de89ca72.js:1 [CallModal] - Active connections: (2) ['cmetcnw9e0000kuy9dooe536g', 'cmetcd54n000plx0f6031986z']
16:14:40.541 742-f5e44fb4de89ca72.js:1 [CallModal] ✅ All expected WebRTC connections are active
16:14:40.541 page-7a89d7867f156a09.js:1 🔄 ChatWindow: Conversation participants count: 3
16:14:40.541 page-7a89d7867f156a09.js:1 🔄 ChatWindow: Participants: (3) [{…}, {…}, {…}]
16:14:40.542 page-7a89d7867f156a09.js:1 🏠 ChatWindow mounted/re-rendered with conversationId: cmev8zel60000qt0f21sdgql3
16:14:40.545 742-f5e44fb4de89ca72.js:1 [CallModal] VideoGrid participants: {total: 2, filtered: 1, currentUserId: 'cmetc9zvw0000lx0fvjdkcng1', participantNames: Array(1)}
16:14:40.547 742-f5e44fb4de89ca72.js:1 [CallModal] 🔄 Participants unchanged, skipping re-initialization
16:14:40.547 742-f5e44fb4de89ca72.js:1 [CallModal] 🔍 Connection verification:
16:14:40.547 742-f5e44fb4de89ca72.js:1 [CallModal] - Expected participants: (2) ['cmetcnw9e0000kuy9dooe536g', 'cmetcd54n000plx0f6031986z']
16:14:40.548 742-f5e44fb4de89ca72.js:1 [CallModal] - Active connections: (2) ['cmetcnw9e0000kuy9dooe536g', 'cmetcd54n000plx0f6031986z']
16:14:40.548 742-f5e44fb4de89ca72.js:1 [CallModal] ✅ All expected WebRTC connections are active
16:14:41.169 742-f5e44fb4de89ca72.js:1 [CallModal] Updated peer connections for performance monitoring: 2
16:14:41.169 742-f5e44fb4de89ca72.js:1 [CallModal] Peer connection participants: (2) ['cmetcnw9e0000kuy9dooe536g', 'cmetcd54n000plx0f6031986z']
16:14:41.170 742-f5e44fb4de89ca72.js:1 [CallModal] VideoGrid participants: {total: 2, filtered: 1, currentUserId: 'cmetc9zvw0000lx0fvjdkcng1', participantNames: Array(1)}
16:14:41.171 742-f5e44fb4de89ca72.js:1 [useCallPerformance] Connection states: (2) [{…}, {…}]
16:14:41.171 742-f5e44fb4de89ca72.js:1 [useCallPerformance] Starting monitoring for 2 valid connections
16:14:41.173 742-f5e44fb4de89ca72.js:1 [useCallPerformance] Network metrics: {audioPacketLoss: 0, videoPacketLoss: 0, videoFrameRate: 26, latency: 2, callType: 'video'}
16:14:41.174 742-f5e44fb4de89ca72.js:1 [useCallPerformance] No valid network data yet, assuming good quality
16:14:41.175 742-f5e44fb4de89ca72.js:1 [CallModal] VideoGrid participants: {total: 2, filtered: 1, currentUserId: 'cmetc9zvw0000lx0fvjdkcng1', participantNames: Array(1)}
16:14:41.277 742-f5e44fb4de89ca72.js:1 [CallModal] 🔇 Participant mute change: {callId: 'call-1758096821929-j0m8cxwgf', participantId: 'cmetcnw9e0000kuy9dooe536g', isMuted: true}
16:14:41.277 742-f5e44fb4de89ca72.js:1 [CallModal] Participant cmetcnw9e0000kuy9dooe536g mute state changed to: true
16:14:41.277 742-f5e44fb4de89ca72.js:1 [CallModal] 🔇 Updated participant mute states: {cmetcnw9e0000kuy9dooe536g: true, cmetc9zvw0000lx0fvjdkcng1: true}
16:14:41.277 742-f5e44fb4de89ca72.js:1 [CallModal] VideoGrid participants: {total: 2, filtered: 1, currentUserId: 'cmetc9zvw0000lx0fvjdkcng1', participantNames: Array(1)}
16:14:41.360 742-f5e44fb4de89ca72.js:1 [CallModal] 🔇 Participant mute change: {callId: 'call-1758096821929-j0m8cxwgf', participantId: 'cmetcnw9e0000kuy9dooe536g', isMuted: true}
16:14:41.361 742-f5e44fb4de89ca72.js:1 [CallModal] Participant cmetcnw9e0000kuy9dooe536g mute state changed to: true
16:14:41.361 742-f5e44fb4de89ca72.js:1 [CallModal] 🔇 Participant mute change: {callId: 'call-1758096821929-j0m8cxwgf', participantId: 'cmetcnw9e0000kuy9dooe536g', isMuted: true}
16:14:41.361 742-f5e44fb4de89ca72.js:1 [CallModal] Participant cmetcnw9e0000kuy9dooe536g mute state changed to: true
16:14:41.362 742-f5e44fb4de89ca72.js:1 [CallModal] 🔇 Updated participant mute states: {cmetcnw9e0000kuy9dooe536g: true, cmetc9zvw0000lx0fvjdkcng1: true}
16:14:41.362 742-f5e44fb4de89ca72.js:1 [CallModal] 🔇 Updated participant mute states: {cmetcnw9e0000kuy9dooe536g: true, cmetc9zvw0000lx0fvjdkcng1: true}
16:14:41.362 742-f5e44fb4de89ca72.js:1 [CallModal] VideoGrid participants: {total: 2, filtered: 1, currentUserId: 'cmetc9zvw0000lx0fvjdkcng1', participantNames: Array(1)}
16:14:41.402 page-7a89d7867f156a09.js:1 User status update received: {userId: 'cmetcnw9e0000kuy9dooe536g', isOnline: true, lastSeen: '2025-09-17T08:14:41.271Z'}
16:14:41.404 page-7a89d7867f156a09.js:1 Updated online status for user cmetcnw9e0000kuy9dooe536g in conversation cmev42y2w0000rv0f55h7qluf
16:14:41.405 page-7a89d7867f156a09.js:1 🏠 ChatWindow mounted/re-rendered with conversationId: cmev8zel60000qt0f21sdgql3
16:14:41.407 742-f5e44fb4de89ca72.js:1 [CallModal] VideoGrid participants: {total: 2, filtered: 1, currentUserId: 'cmetc9zvw0000lx0fvjdkcng1', participantNames: Array(1)}
16:14:41.408 page-7a89d7867f156a09.js:1 ChatSidebar: Conversations updated, count: 5
16:14:41.408 page-7a89d7867f156a09.js:1 ChatSidebar: Latest conversation: cmev8zel60000qt0f21sdgql3 last message: cmfnol8g90007kl0feineks18
16:14:41.409 742-f5e44fb4de89ca72.js:1 [CallModal] 🔄 Participants unchanged, skipping re-initialization
16:14:41.409 742-f5e44fb4de89ca72.js:1 [CallModal] 🔍 Connection verification:
16:14:41.409 742-f5e44fb4de89ca72.js:1 [CallModal] - Expected participants: (2) ['cmetcnw9e0000kuy9dooe536g', 'cmetcd54n000plx0f6031986z']
16:14:41.410 742-f5e44fb4de89ca72.js:1 [CallModal] - Active connections: (2) ['cmetcnw9e0000kuy9dooe536g', 'cmetcd54n000plx0f6031986z']
16:14:41.410 742-f5e44fb4de89ca72.js:1 [CallModal] ✅ All expected WebRTC connections are active
16:14:41.410 page-7a89d7867f156a09.js:1 🔄 ChatWindow: Conversation participants count: 3
16:14:41.411 page-7a89d7867f156a09.js:1 🔄 ChatWindow: Participants: (3) [{…}, {…}, {…}]
16:14:41.412 page-7a89d7867f156a09.js:1 🏠 ChatWindow mounted/re-rendered with conversationId: cmev8zel60000qt0f21sdgql3
16:14:41.416 742-f5e44fb4de89ca72.js:1 [CallModal] VideoGrid participants: {total: 2, filtered: 1, currentUserId: 'cmetc9zvw0000lx0fvjdkcng1', participantNames: Array(1)}
16:14:41.420 742-f5e44fb4de89ca72.js:1 [CallModal] 🔄 Participants unchanged, skipping re-initialization
16:14:41.421 742-f5e44fb4de89ca72.js:1 [CallModal] 🔍 Connection verification:
16:14:41.421 742-f5e44fb4de89ca72.js:1 [CallModal] - Expected participants: (2) ['cmetcnw9e0000kuy9dooe536g', 'cmetcd54n000plx0f6031986z']
16:14:41.422 742-f5e44fb4de89ca72.js:1 [CallModal] - Active connections: (2) ['cmetcnw9e0000kuy9dooe536g', 'cmetcd54n000plx0f6031986z']
16:14:41.423 742-f5e44fb4de89ca72.js:1 [CallModal] ✅ All expected WebRTC connections are active
16:14:41.929 742-f5e44fb4de89ca72.js:1 [CallModal] 🔍 Connection verification:
16:14:41.929 742-f5e44fb4de89ca72.js:1 [CallModal] - Expected participants: (2) ['cmetcnw9e0000kuy9dooe536g', 'cmetcd54n000plx0f6031986z']
16:14:41.929 742-f5e44fb4de89ca72.js:1 [CallModal] - Active connections: (2) ['cmetcnw9e0000kuy9dooe536g', 'cmetcd54n000plx0f6031986z']
16:14:41.929 742-f5e44fb4de89ca72.js:1 [CallModal] ✅ All expected WebRTC connections are active
16:14:42.138 638-11434f29ed368fce.js:1 NotificationContext: Window focused
16:14:42.139 page-7a89d7867f156a09.js:1 🏠 ChatWindow mounted/re-rendered with conversationId: cmev8zel60000qt0f21sdgql3
16:14:42.142 742-f5e44fb4de89ca72.js:1 [CallModal] VideoGrid participants: {total: 2, filtered: 1, currentUserId: 'cmetc9zvw0000lx0fvjdkcng1', participantNames: Array(1)}
16:14:42.144 layout-d9ae9f9ff0cd665e.js:1 🧹 GlobalNotificationListener: Cleaning up socket listener for new-notification
16:14:42.144 layout-d9ae9f9ff0cd665e.js:1 🌐 GlobalNotificationListener: useEffect triggered {hasSocket: true, hasSession: true, socketConnected: true, socketId: 't-vo6sgonUMSnApdAAAF'}
16:14:42.144 layout-d9ae9f9ff0cd665e.js:1 🚀 GlobalNotificationListener: Setting up global socket listeners for user: cmetc9zvw0000lx0fvjdkcng1
16:14:42.145 layout-d9ae9f9ff0cd665e.js:1 🔄 GlobalNotificationListener: Re-emitted join-user-room for safety
16:14:42.146 layout-d9ae9f9ff0cd665e.js:1 ✅ GlobalNotificationListener: Socket listener registered for new-notification events
16:14:42.146 742-f5e44fb4de89ca72.js:1 [CallModal] 🔄 Participants unchanged, skipping re-initialization
16:14:42.146 742-f5e44fb4de89ca72.js:1 [CallModal] 🔍 Connection verification:
16:14:42.147 742-f5e44fb4de89ca72.js:1 [CallModal] - Expected participants: (2) ['cmetcnw9e0000kuy9dooe536g', 'cmetcd54n000plx0f6031986z']
16:14:42.147 742-f5e44fb4de89ca72.js:1 [CallModal] - Active connections: (2) ['cmetcnw9e0000kuy9dooe536g', 'cmetcd54n000plx0f6031986z']
16:14:42.147 742-f5e44fb4de89ca72.js:1 [CallModal] ✅ All expected WebRTC connections are active
16:14:42.148 742-f5e44fb4de89ca72.js:1 SocketContext: Window focused, refreshing connection
16:14:42.154 page-7a89d7867f156a09.js:1 User status update received: {userId: 'cmetcnw9e0000kuy9dooe536g', isOnline: true, lastSeen: '2025-09-17T08:14:42.036Z'}
16:14:42.156 page-7a89d7867f156a09.js:1 🏠 ChatWindow mounted/re-rendered with conversationId: cmev8zel60000qt0f21sdgql3
16:14:42.158 742-f5e44fb4de89ca72.js:1 [CallModal] VideoGrid participants: {total: 2, filtered: 1, currentUserId: 'cmetc9zvw0000lx0fvjdkcng1', participantNames: Array(1)}
16:14:42.159 page-7a89d7867f156a09.js:1 ChatSidebar: Conversations updated, count: 5
16:14:42.159 page-7a89d7867f156a09.js:1 ChatSidebar: Latest conversation: cmev8zel60000qt0f21sdgql3 last message: cmfnol8g90007kl0feineks18
16:14:42.160 742-f5e44fb4de89ca72.js:1 [CallModal] 🔄 Participants unchanged, skipping re-initialization
16:14:42.161 742-f5e44fb4de89ca72.js:1 [CallModal] 🔍 Connection verification:
16:14:42.161 742-f5e44fb4de89ca72.js:1 [CallModal] - Expected participants: (2) ['cmetcnw9e0000kuy9dooe536g', 'cmetcd54n000plx0f6031986z']
16:14:42.162 742-f5e44fb4de89ca72.js:1 [CallModal] - Active connections: (2) ['cmetcnw9e0000kuy9dooe536g', 'cmetcd54n000plx0f6031986z']
16:14:42.162 742-f5e44fb4de89ca72.js:1 [CallModal] ✅ All expected WebRTC connections are active
16:14:42.162 page-7a89d7867f156a09.js:1 🔄 ChatWindow: Conversation participants count: 3
16:14:42.162 page-7a89d7867f156a09.js:1 🔄 ChatWindow: Participants: (3) [{…}, {…}, {…}]
16:14:42.163 page-7a89d7867f156a09.js:1 🏠 ChatWindow mounted/re-rendered with conversationId: cmev8zel60000qt0f21sdgql3
16:14:42.166 742-f5e44fb4de89ca72.js:1 [CallModal] VideoGrid participants: {total: 2, filtered: 1, currentUserId: 'cmetc9zvw0000lx0fvjdkcng1', participantNames: Array(1)}
16:14:42.168 742-f5e44fb4de89ca72.js:1 [CallModal] 🔄 Participants unchanged, skipping re-initialization
16:14:42.169 742-f5e44fb4de89ca72.js:1 [CallModal] 🔍 Connection verification:
16:14:42.169 742-f5e44fb4de89ca72.js:1 [CallModal] - Expected participants: (2) ['cmetcnw9e0000kuy9dooe536g', 'cmetcd54n000plx0f6031986z']
16:14:42.171 742-f5e44fb4de89ca72.js:1 [CallModal] - Active connections: (2) ['cmetcnw9e0000kuy9dooe536g', 'cmetcd54n000plx0f6031986z']
16:14:42.172 742-f5e44fb4de89ca72.js:1 [CallModal] ✅ All expected WebRTC connections are active
16:14:42.252 638-11434f29ed368fce.js:1 NotificationContext: Page visibility changed to: true
16:14:42.253 742-f5e44fb4de89ca72.js:1 SocketContext: Tab became visible, re-establishing connection
16:14:42.254 page-7a89d7867f156a09.js:1 🏠 ChatWindow mounted/re-rendered with conversationId: cmev8zel60000qt0f21sdgql3
16:14:42.256 742-f5e44fb4de89ca72.js:1 [CallModal] VideoGrid participants: {total: 2, filtered: 1, currentUserId: 'cmetc9zvw0000lx0fvjdkcng1', participantNames: Array(1)}
16:14:42.257 layout-d9ae9f9ff0cd665e.js:1 🧹 GlobalNotificationListener: Cleaning up socket listener for new-notification
16:14:42.258 layout-d9ae9f9ff0cd665e.js:1 🌐 GlobalNotificationListener: useEffect triggered {hasSocket: true, hasSession: true, socketConnected: true, socketId: 't-vo6sgonUMSnApdAAAF'}
16:14:42.258 layout-d9ae9f9ff0cd665e.js:1 🚀 GlobalNotificationListener: Setting up global socket listeners for user: cmetc9zvw0000lx0fvjdkcng1
16:14:42.258 layout-d9ae9f9ff0cd665e.js:1 🔄 GlobalNotificationListener: Re-emitted join-user-room for safety
16:14:42.259 layout-d9ae9f9ff0cd665e.js:1 ✅ GlobalNotificationListener: Socket listener registered for new-notification events
16:14:42.259 742-f5e44fb4de89ca72.js:1 [CallModal] 🔄 Participants unchanged, skipping re-initialization
16:14:42.260 742-f5e44fb4de89ca72.js:1 [CallModal] 🔍 Connection verification:
16:14:42.260 742-f5e44fb4de89ca72.js:1 [CallModal] - Expected participants: (2) ['cmetcnw9e0000kuy9dooe536g', 'cmetcd54n000plx0f6031986z']
16:14:42.261 742-f5e44fb4de89ca72.js:1 [CallModal] - Active connections: (2) ['cmetcnw9e0000kuy9dooe536g', 'cmetcd54n000plx0f6031986z']
16:14:42.261 742-f5e44fb4de89ca72.js:1 [CallModal] ✅ All expected WebRTC connections are active
16:14:42.333 742-f5e44fb4de89ca72.js:1 [CallModal] 🔍 Connection verification:
16:14:42.333 742-f5e44fb4de89ca72.js:1 [CallModal] - Expected participants: (2) ['cmetcnw9e0000kuy9dooe536g', 'cmetcd54n000plx0f6031986z']
16:14:42.333 742-f5e44fb4de89ca72.js:1 [CallModal] - Active connections: (2) ['cmetcnw9e0000kuy9dooe536g', 'cmetcd54n000plx0f6031986z']
16:14:42.333 742-f5e44fb4de89ca72.js:1 [CallModal] ✅ All expected WebRTC connections are active
16:14:42.363 page-7a89d7867f156a09.js:1 🏠 ChatWindow mounted/re-rendered with conversationId: cmev8zel60000qt0f21sdgql3
16:14:42.367 742-f5e44fb4de89ca72.js:1 [CallModal] VideoGrid participants: {total: 2, filtered: 1, currentUserId: 'cmetc9zvw0000lx0fvjdkcng1', participantNames: Array(1)}
16:14:42.369 page-7a89d7867f156a09.js:1 ChatSidebar: Conversations updated, count: 5
16:14:42.370 page-7a89d7867f156a09.js:1 ChatSidebar: Latest conversation: cmev8zel60000qt0f21sdgql3 last message: cmfnol8g90007kl0feineks18
16:14:42.370 742-f5e44fb4de89ca72.js:1 [CallModal] 🔄 Participants unchanged, skipping re-initialization
16:14:42.370 742-f5e44fb4de89ca72.js:1 [CallModal] 🔍 Connection verification:
16:14:42.371 742-f5e44fb4de89ca72.js:1 [CallModal] - Expected participants: (2) ['cmetcnw9e0000kuy9dooe536g', 'cmetcd54n000plx0f6031986z']
16:14:42.371 742-f5e44fb4de89ca72.js:1 [CallModal] - Active connections: (2) ['cmetcnw9e0000kuy9dooe536g', 'cmetcd54n000plx0f6031986z']
16:14:42.371 742-f5e44fb4de89ca72.js:1 [CallModal] ✅ All expected WebRTC connections are active
16:14:42.372 page-7a89d7867f156a09.js:1 🔄 ChatWindow: Conversation participants count: 3
16:14:42.372 page-7a89d7867f156a09.js:1 🔄 ChatWindow: Participants: (3) [{…}, {…}, {…}]
16:14:42.374 page-7a89d7867f156a09.js:1 🏠 ChatWindow mounted/re-rendered with conversationId: cmev8zel60000qt0f21sdgql3
16:14:42.376 742-f5e44fb4de89ca72.js:1 [CallModal] VideoGrid participants: {total: 2, filtered: 1, currentUserId: 'cmetc9zvw0000lx0fvjdkcng1', participantNames: Array(1)}
16:14:42.379 layout-d9ae9f9ff0cd665e.js:1 🧹 GlobalNotificationListener: Cleaning up socket listener for new-notification
16:14:42.379 layout-d9ae9f9ff0cd665e.js:1 🌐 GlobalNotificationListener: useEffect triggered {hasSocket: true, hasSession: true, socketConnected: true, socketId: 't-vo6sgonUMSnApdAAAF'}
16:14:42.379 layout-d9ae9f9ff0cd665e.js:1 🚀 GlobalNotificationListener: Setting up global socket listeners for user: cmetc9zvw0000lx0fvjdkcng1
16:14:42.379 layout-d9ae9f9ff0cd665e.js:1 🔄 GlobalNotificationListener: Re-emitted join-user-room for safety
16:14:42.380 layout-d9ae9f9ff0cd665e.js:1 ✅ GlobalNotificationListener: Socket listener registered for new-notification events
16:14:42.380 742-f5e44fb4de89ca72.js:1 [CallModal] 🔄 Participants unchanged, skipping re-initialization
16:14:42.380 742-f5e44fb4de89ca72.js:1 [CallModal] 🔍 Connection verification:
16:14:42.381 742-f5e44fb4de89ca72.js:1 [CallModal] - Expected participants: (2) ['cmetcnw9e0000kuy9dooe536g', 'cmetcd54n000plx0f6031986z']
16:14:42.381 742-f5e44fb4de89ca72.js:1 [CallModal] - Active connections: (2) ['cmetcnw9e0000kuy9dooe536g', 'cmetcd54n000plx0f6031986z']
16:14:42.381 742-f5e44fb4de89ca72.js:1 [CallModal] ✅ All expected WebRTC connections are active
16:14:42.469 742-f5e44fb4de89ca72.js:1 [CallModal] 🔍 Connection verification:
16:14:42.469 742-f5e44fb4de89ca72.js:1 [CallModal] - Expected participants: (2) ['cmetcnw9e0000kuy9dooe536g', 'cmetcd54n000plx0f6031986z']
16:14:42.470 742-f5e44fb4de89ca72.js:1 [CallModal] - Active connections: (2) ['cmetcnw9e0000kuy9dooe536g', 'cmetcd54n000plx0f6031986z']
16:14:42.470 742-f5e44fb4de89ca72.js:1 [CallModal] ✅ All expected WebRTC connections are active
16:14:42.478 742-f5e44fb4de89ca72.js:1 [CallModal] 🔍 Connection verification:
16:14:42.478 742-f5e44fb4de89ca72.js:1 [CallModal] - Expected participants: (2) ['cmetcnw9e0000kuy9dooe536g', 'cmetcd54n000plx0f6031986z']
16:14:42.478 742-f5e44fb4de89ca72.js:1 [CallModal] - Active connections: (2) ['cmetcnw9e0000kuy9dooe536g', 'cmetcd54n000plx0f6031986z']
16:14:42.478 742-f5e44fb4de89ca72.js:1 [CallModal] ✅ All expected WebRTC connections are active
16:14:42.482 742-f5e44fb4de89ca72.js:1 [VoiceActivity] Volume analysis: {average: '0.0', volume: '-100.0', threshold: -50, speaking: false, finalSpeaking: false, …}
16:14:42.541 742-f5e44fb4de89ca72.js:1 [CallModal] 🔍 Connection verification:
16:14:42.541 742-f5e44fb4de89ca72.js:1 [CallModal] - Expected participants: (2) ['cmetcnw9e0000kuy9dooe536g', 'cmetcd54n000plx0f6031986z']
16:14:42.541 742-f5e44fb4de89ca72.js:1 [CallModal] - Active connections: (2) ['cmetcnw9e0000kuy9dooe536g', 'cmetcd54n000plx0f6031986z']
16:14:42.541 742-f5e44fb4de89ca72.js:1 [CallModal] ✅ All expected WebRTC connections are active
16:14:42.548 742-f5e44fb4de89ca72.js:1 [CallModal] 🔍 Connection verification:
16:14:42.549 742-f5e44fb4de89ca72.js:1 [CallModal] - Expected participants: (2) ['cmetcnw9e0000kuy9dooe536g', 'cmetcd54n000plx0f6031986z']
16:14:42.549 742-f5e44fb4de89ca72.js:1 [CallModal] - Active connections: (2) ['cmetcnw9e0000kuy9dooe536g', 'cmetcd54n000plx0f6031986z']
16:14:42.549 742-f5e44fb4de89ca72.js:1 [CallModal] ✅ All expected WebRTC connections are active
16:14:42.915 742-f5e44fb4de89ca72.js:1 [WebRTC] Excellent network detected - restoring quality
16:14:42.916 742-f5e44fb4de89ca72.js:1 [WebRTC] Improved audio quality for: cmetcnw9e0000kuy9dooe536g
16:14:42.918 742-f5e44fb4de89ca72.js:1 [WebRTC] Improved video quality for: cmetcnw9e0000kuy9dooe536g
16:14:43.170 742-f5e44fb4de89ca72.js:1 [CallModal] Updated peer connections for performance monitoring: 2
16:14:43.170 742-f5e44fb4de89ca72.js:1 [CallModal] Peer connection participants: (2) ['cmetcnw9e0000kuy9dooe536g', 'cmetcd54n000plx0f6031986z']
16:14:43.171 742-f5e44fb4de89ca72.js:1 [CallModal] VideoGrid participants: {total: 2, filtered: 1, currentUserId: 'cmetc9zvw0000lx0fvjdkcng1', participantNames: Array(1)}
16:14:43.171 742-f5e44fb4de89ca72.js:1 [useCallPerformance] Connection states: (2) [{…}, {…}]
16:14:43.172 742-f5e44fb4de89ca72.js:1 [useCallPerformance] Starting monitoring for 2 valid connections
16:14:43.173 742-f5e44fb4de89ca72.js:1 [useCallPerformance] Network metrics: {audioPacketLoss: 0, videoPacketLoss: 0, videoFrameRate: 26, latency: 2, callType: 'video'}
16:14:43.174 742-f5e44fb4de89ca72.js:1 [useCallPerformance] No valid network data yet, assuming good quality
16:14:43.174 742-f5e44fb4de89ca72.js:1 [CallModal] VideoGrid participants: {total: 2, filtered: 1, currentUserId: 'cmetc9zvw0000lx0fvjdkcng1', participantNames: Array(1)}
16:14:43.254 742-f5e44fb4de89ca72.js:1 SocketContext: Additional heartbeat sent after becoming visible
16:14:43.381 742-f5e44fb4de89ca72.js:1 [CallModal] VideoGrid participants: {total: 2, filtered: 1, currentUserId: 'cmetc9zvw0000lx0fvjdkcng1', participantNames: Array(1)}
16:14:43.412 742-f5e44fb4de89ca72.js:1 [CallModal] 🔍 Connection verification:
16:14:43.412 742-f5e44fb4de89ca72.js:1 [CallModal] - Expected participants: (2) ['cmetcnw9e0000kuy9dooe536g', 'cmetcd54n000plx0f6031986z']
16:14:43.412 742-f5e44fb4de89ca72.js:1 [CallModal] - Active connections: (2) ['cmetcnw9e0000kuy9dooe536g', 'cmetcd54n000plx0f6031986z']
16:14:43.412 742-f5e44fb4de89ca72.js:1 [CallModal] ✅ All expected WebRTC connections are active
16:14:43.424 742-f5e44fb4de89ca72.js:1 [CallModal] 🔍 Connection verification:
16:14:43.424 742-f5e44fb4de89ca72.js:1 [CallModal] - Expected participants: (2) ['cmetcnw9e0000kuy9dooe536g', 'cmetcd54n000plx0f6031986z']
16:14:43.424 742-f5e44fb4de89ca72.js:1 [CallModal] - Active connections: (2) ['cmetcnw9e0000kuy9dooe536g', 'cmetcd54n000plx0f6031986z']
16:14:43.424 742-f5e44fb4de89ca72.js:1 [CallModal] ✅ All expected WebRTC connections are active
16:14:44.148 742-f5e44fb4de89ca72.js:1 [CallModal] 🔍 Connection verification:
16:14:44.149 742-f5e44fb4de89ca72.js:1 [CallModal] - Expected participants: (2) ['cmetcnw9e0000kuy9dooe536g', 'cmetcd54n000plx0f6031986z']
16:14:44.149 742-f5e44fb4de89ca72.js:1 [CallModal] - Active connections: (2) ['cmetcnw9e0000kuy9dooe536g', 'cmetcd54n000plx0f6031986z']
16:14:44.149 742-f5e44fb4de89ca72.js:1 [CallModal] ✅ All expected WebRTC connections are active
16:14:44.163 742-f5e44fb4de89ca72.js:1 [CallModal] 🔍 Connection verification:
16:14:44.163 742-f5e44fb4de89ca72.js:1 [CallModal] - Expected participants: (2) ['cmetcnw9e0000kuy9dooe536g', 'cmetcd54n000plx0f6031986z']
16:14:44.163 742-f5e44fb4de89ca72.js:1 [CallModal] - Active connections: (2) ['cmetcnw9e0000kuy9dooe536g', 'cmetcd54n000plx0f6031986z']
16:14:44.163 742-f5e44fb4de89ca72.js:1 [CallModal] ✅ All expected WebRTC connections are active
16:14:44.173 742-f5e44fb4de89ca72.js:1 [CallModal] 🔍 Connection verification:
16:14:44.173 742-f5e44fb4de89ca72.js:1 [CallModal] - Expected participants: (2) ['cmetcnw9e0000kuy9dooe536g', 'cmetcd54n000plx0f6031986z']
16:14:44.173 742-f5e44fb4de89ca72.js:1 [CallModal] - Active connections: (2) ['cmetcnw9e0000kuy9dooe536g', 'cmetcd54n000plx0f6031986z']
16:14:44.174 742-f5e44fb4de89ca72.js:1 [CallModal] ✅ All expected WebRTC connections are active
16:14:44.262 742-f5e44fb4de89ca72.js:1 [CallModal] 🔍 Connection verification:
16:14:44.262 742-f5e44fb4de89ca72.js:1 [CallModal] - Expected participants: (2) ['cmetcnw9e0000kuy9dooe536g', 'cmetcd54n000plx0f6031986z']
16:14:44.262 742-f5e44fb4de89ca72.js:1 [CallModal] - Active connections: (2) ['cmetcnw9e0000kuy9dooe536g', 'cmetcd54n000plx0f6031986z']
16:14:44.262 742-f5e44fb4de89ca72.js:1 [CallModal] ✅ All expected WebRTC connections are active
16:14:44.373 742-f5e44fb4de89ca72.js:1 [CallModal] 🔍 Connection verification:
16:14:44.373 742-f5e44fb4de89ca72.js:1 [CallModal] - Expected participants: (2) ['cmetcnw9e0000kuy9dooe536g', 'cmetcd54n000plx0f6031986z']
16:14:44.373 742-f5e44fb4de89ca72.js:1 [CallModal] - Active connections: (2) ['cmetcnw9e0000kuy9dooe536g', 'cmetcd54n000plx0f6031986z']
16:14:44.373 742-f5e44fb4de89ca72.js:1 [CallModal] ✅ All expected WebRTC connections are active
16:14:44.381 742-f5e44fb4de89ca72.js:1 [CallModal] VideoGrid participants: {total: 2, filtered: 1, currentUserId: 'cmetc9zvw0000lx0fvjdkcng1', participantNames: Array(1)}
16:14:44.382 742-f5e44fb4de89ca72.js:1 [CallModal] 🔍 Connection verification:
16:14:44.382 742-f5e44fb4de89ca72.js:1 [CallModal] - Expected participants: (2) ['cmetcnw9e0000kuy9dooe536g', 'cmetcd54n000plx0f6031986z']
16:14:44.383 742-f5e44fb4de89ca72.js:1 [CallModal] - Active connections: (2) ['cmetcnw9e0000kuy9dooe536g', 'cmetcd54n000plx0f6031986z']
16:14:44.383 742-f5e44fb4de89ca72.js:1 [CallModal] ✅ All expected WebRTC connections are active
16:14:44.400 742-f5e44fb4de89ca72.js:1 [VoiceActivity] Volume analysis: {average: '0.0', volume: '-100.0', threshold: -50, speaking: false, finalSpeaking: false, …}
16:14:45.169 742-f5e44fb4de89ca72.js:1 [CallModal] Updated peer connections for performance monitoring: 2
16:14:45.169 742-f5e44fb4de89ca72.js:1 [CallModal] Peer connection participants: (2) ['cmetcnw9e0000kuy9dooe536g', 'cmetcd54n000plx0f6031986z']
16:14:45.170 742-f5e44fb4de89ca72.js:1 [CallModal] VideoGrid participants: {total: 2, filtered: 1, currentUserId: 'cmetc9zvw0000lx0fvjdkcng1', participantNames: Array(1)}
16:14:45.172 742-f5e44fb4de89ca72.js:1 [useCallPerformance] Connection states: (2) [{…}, {…}]
16:14:45.173 742-f5e44fb4de89ca72.js:1 [useCallPerformance] Starting monitoring for 2 valid connections
16:14:45.178 742-f5e44fb4de89ca72.js:1 [useCallPerformance] Network metrics: {audioPacketLoss: 0, videoPacketLoss: 0, videoFrameRate: 28, latency: 2, callType: 'video'}
16:14:45.179 742-f5e44fb4de89ca72.js:1 [useCallPerformance] No valid network data yet, assuming good quality
16:14:45.180 742-f5e44fb4de89ca72.js:1 [CallModal] VideoGrid participants: {total: 2, filtered: 1, currentUserId: 'cmetc9zvw0000lx0fvjdkcng1', participantNames: Array(1)}
16:14:45.381 742-f5e44fb4de89ca72.js:1 [CallModal] VideoGrid participants: {total: 2, filtered: 1, currentUserId: 'cmetc9zvw0000lx0fvjdkcng1', participantNames: Array(1)}
16:14:45.916 742-f5e44fb4de89ca72.js:1 [WebRTC] Excellent network detected - restoring quality
16:14:45.917 742-f5e44fb4de89ca72.js:1 [WebRTC] Improved audio quality for: cmetcnw9e0000kuy9dooe536g
16:14:45.918 742-f5e44fb4de89ca72.js:1 [WebRTC] Improved video quality for: cmetcnw9e0000kuy9dooe536g
16:14:46.382 742-f5e44fb4de89ca72.js:1 [CallModal] VideoGrid participants: {total: 2, filtered: 1, currentUserId: 'cmetc9zvw0000lx0fvjdkcng1', participantNames: Array(1)}
16:14:47.039 742-f5e44fb4de89ca72.js:1 [VoiceActivity] Volume analysis: {average: '0.0', volume: '-100.0', threshold: -40, speaking: false, finalSpeaking: false, …}
16:14:47.169 742-f5e44fb4de89ca72.js:1 [CallModal] Updated peer connections for performance monitoring: 2
16:14:47.169 742-f5e44fb4de89ca72.js:1 [CallModal] Peer connection participants: (2) ['cmetcnw9e0000kuy9dooe536g', 'cmetcd54n000plx0f6031986z']
16:14:47.170 742-f5e44fb4de89ca72.js:1 [CallModal] VideoGrid participants: {total: 2, filtered: 1, currentUserId: 'cmetc9zvw0000lx0fvjdkcng1', participantNames: Array(1)}
16:14:47.172 742-f5e44fb4de89ca72.js:1 [useCallPerformance] Connection states: (2) [{…}, {…}]
16:14:47.172 742-f5e44fb4de89ca72.js:1 [useCallPerformance] Starting monitoring for 2 valid connections
16:14:47.174 742-f5e44fb4de89ca72.js:1 [useCallPerformance] Network metrics: {audioPacketLoss: 0, videoPacketLoss: 0, videoFrameRate: 27, latency: 2, callType: 'video'}
16:14:47.176 742-f5e44fb4de89ca72.js:1 [useCallPerformance] No valid network data yet, assuming good quality
16:14:47.177 742-f5e44fb4de89ca72.js:1 [CallModal] VideoGrid participants: {total: 2, filtered: 1, currentUserId: 'cmetc9zvw0000lx0fvjdkcng1', participantNames: Array(1)}
16:14:47.383 742-f5e44fb4de89ca72.js:1 [CallModal] VideoGrid participants: {total: 2, filtered: 1, currentUserId: 'cmetc9zvw0000lx0fvjdkcng1', participantNames: Array(1)}
16:14:48.381 742-f5e44fb4de89ca72.js:1 [CallModal] VideoGrid participants: {total: 2, filtered: 1, currentUserId: 'cmetc9zvw0000lx0fvjdkcng1', participantNames: Array(1)}
16:14:48.915 742-f5e44fb4de89ca72.js:1 [WebRTC] Excellent network detected - restoring quality
16:14:48.916 742-f5e44fb4de89ca72.js:1 [WebRTC] Improved audio quality for: cmetcnw9e0000kuy9dooe536g
16:14:48.917 742-f5e44fb4de89ca72.js:1 [WebRTC] Improved video quality for: cmetcnw9e0000kuy9dooe536g
16:14:49.169 742-f5e44fb4de89ca72.js:1 [CallModal] Updated peer connections for performance monitoring: 2
16:14:49.169 742-f5e44fb4de89ca72.js:1 [CallModal] Peer connection participants: (2) ['cmetcnw9e0000kuy9dooe536g', 'cmetcd54n000plx0f6031986z']
16:14:49.170 742-f5e44fb4de89ca72.js:1 [CallModal] VideoGrid participants: {total: 2, filtered: 1, currentUserId: 'cmetc9zvw0000lx0fvjdkcng1', participantNames: Array(1)}
16:14:49.171 742-f5e44fb4de89ca72.js:1 [useCallPerformance] Connection states: (2) [{…}, {…}]
16:14:49.172 742-f5e44fb4de89ca72.js:1 [useCallPerformance] Starting monitoring for 2 valid connections
16:14:49.174 742-f5e44fb4de89ca72.js:1 [useCallPerformance] Network metrics: {audioPacketLoss: 0, videoPacketLoss: 0, videoFrameRate: 27, latency: 2, callType: 'video'}
16:14:49.176 742-f5e44fb4de89ca72.js:1 [useCallPerformance] No valid network data yet, assuming good quality
16:14:49.176 742-f5e44fb4de89ca72.js:1 [CallModal] VideoGrid participants: {total: 2, filtered: 1, currentUserId: 'cmetc9zvw0000lx0fvjdkcng1', participantNames: Array(1)}
16:14:49.249 742-f5e44fb4de89ca72.js:1 [CallModal] Toggled mute: false Audio tracks: 1
16:14:49.250 742-f5e44fb4de89ca72.js:1 [CallModal] Broadcasting mute state change to other participants
16:14:49.251 742-f5e44fb4de89ca72.js:1 [CallModal] VideoGrid participants: {total: 2, filtered: 1, currentUserId: 'cmetc9zvw0000lx0fvjdkcng1', participantNames: Array(1)}
16:14:49.307 742-f5e44fb4de89ca72.js:1 [CallModal] 🔇 Participant mute change: {callId: 'call-1758096821929-j0m8cxwgf', participantId: 'cmetc9zvw0000lx0fvjdkcng1', isMuted: false}
16:14:49.307 742-f5e44fb4de89ca72.js:1 [CallModal] Participant cmetc9zvw0000lx0fvjdkcng1 mute state changed to: false
16:14:49.308 742-f5e44fb4de89ca72.js:1 [CallModal] 🔇 Updated participant mute states: {cmetcnw9e0000kuy9dooe536g: true, cmetc9zvw0000lx0fvjdkcng1: false}
16:14:49.308 742-f5e44fb4de89ca72.js:1 [CallModal] VideoGrid participants: {total: 2, filtered: 1, currentUserId: 'cmetc9zvw0000lx0fvjdkcng1', participantNames: Array(1)}
16:14:49.378 742-f5e44fb4de89ca72.js:1 [CallModal] 🔇 Participant mute change: {callId: 'call-1758096821929-j0m8cxwgf', participantId: 'cmetc9zvw0000lx0fvjdkcng1', isMuted: false}
16:14:49.378 742-f5e44fb4de89ca72.js:1 [CallModal] Participant cmetc9zvw0000lx0fvjdkcng1 mute state changed to: false
16:14:49.378 742-f5e44fb4de89ca72.js:1 [CallModal] 🔇 Participant mute change: {callId: 'call-1758096821929-j0m8cxwgf', participantId: 'cmetc9zvw0000lx0fvjdkcng1', isMuted: false}
16:14:49.379 742-f5e44fb4de89ca72.js:1 [CallModal] Participant cmetc9zvw0000lx0fvjdkcng1 mute state changed to: false
16:14:49.379 742-f5e44fb4de89ca72.js:1 [CallModal] 🔇 Updated participant mute states: {cmetcnw9e0000kuy9dooe536g: true, cmetc9zvw0000lx0fvjdkcng1: false}
16:14:49.379 742-f5e44fb4de89ca72.js:1 [CallModal] 🔇 Updated participant mute states: {cmetcnw9e0000kuy9dooe536g: true, cmetc9zvw0000lx0fvjdkcng1: false}
16:14:49.379 742-f5e44fb4de89ca72.js:1 [CallModal] VideoGrid participants: {total: 2, filtered: 1, currentUserId: 'cmetc9zvw0000lx0fvjdkcng1', participantNames: Array(1)}
16:14:49.384 742-f5e44fb4de89ca72.js:1 [CallModal] ⏰ Duration: 60s (start: 2025-09-17T08:13:48.931Z, source: local)
16:14:49.384 742-f5e44fb4de89ca72.js:1 [CallModal] VideoGrid participants: {total: 2, filtered: 1, currentUserId: 'cmetc9zvw0000lx0fvjdkcng1', participantNames: Array(1)}
16:14:50.381 742-f5e44fb4de89ca72.js:1 [CallModal] VideoGrid participants: {total: 2, filtered: 1, currentUserId: 'cmetc9zvw0000lx0fvjdkcng1', participantNames: Array(1)}
16:14:51.169 742-f5e44fb4de89ca72.js:1 [CallModal] Updated peer connections for performance monitoring: 2
16:14:51.169 742-f5e44fb4de89ca72.js:1 [CallModal] Peer connection participants: (2) ['cmetcnw9e0000kuy9dooe536g', 'cmetcd54n000plx0f6031986z']
16:14:51.170 742-f5e44fb4de89ca72.js:1 [CallModal] VideoGrid participants: {total: 2, filtered: 1, currentUserId: 'cmetc9zvw0000lx0fvjdkcng1', participantNames: Array(1)}
16:14:51.171 742-f5e44fb4de89ca72.js:1 [useCallPerformance] Connection states: (2) [{…}, {…}]
16:14:51.171 742-f5e44fb4de89ca72.js:1 [useCallPerformance] Starting monitoring for 2 valid connections
16:14:51.173 742-f5e44fb4de89ca72.js:1 [useCallPerformance] Network metrics: {audioPacketLoss: 0, videoPacketLoss: 0, videoFrameRate: 27, latency: 2, callType: 'video'}
16:14:51.174 742-f5e44fb4de89ca72.js:1 [useCallPerformance] No valid network data yet, assuming good quality
16:14:51.174 742-f5e44fb4de89ca72.js:1 [CallModal] VideoGrid participants: {total: 2, filtered: 1, currentUserId: 'cmetc9zvw0000lx0fvjdkcng1', participantNames: Array(1)}
16:14:51.381 742-f5e44fb4de89ca72.js:1 [CallModal] VideoGrid participants: {total: 2, filtered: 1, currentUserId: 'cmetc9zvw0000lx0fvjdkcng1', participantNames: Array(1)}
16:14:51.915 742-f5e44fb4de89ca72.js:1 [WebRTC] Excellent network detected - restoring quality
16:14:51.915 742-f5e44fb4de89ca72.js:1 [WebRTC] Improved audio quality for: cmetcnw9e0000kuy9dooe536g
16:14:51.916 742-f5e44fb4de89ca72.js:1 [WebRTC] Improved video quality for: cmetcnw9e0000kuy9dooe536g
16:14:52.087 742-f5e44fb4de89ca72.js:1 [VoiceActivity] Volume analysis: {average: '10.2', volume: '-28.0', threshold: -40, speaking: false, finalSpeaking: false, …}
16:14:52.381 742-f5e44fb4de89ca72.js:1 [CallModal] VideoGrid participants: {total: 2, filtered: 1, currentUserId: 'cmetc9zvw0000lx0fvjdkcng1', participantNames: Array(1)}
16:14:53.121 page-7a89d7867f156a09.js:1 🏠 ChatWindow mounted/re-rendered with conversationId: cmev8zel60000qt0f21sdgql3
16:14:53.124 742-f5e44fb4de89ca72.js:1 [CallModal] VideoGrid participants: {total: 2, filtered: 1, currentUserId: 'cmetc9zvw0000lx0fvjdkcng1', participantNames: Array(1)}
16:14:53.130 page-7a89d7867f156a09.js:1 ChatSidebar: Conversations updated, count: 5
16:14:53.130 page-7a89d7867f156a09.js:1 ChatSidebar: Latest conversation: cmev8zel60000qt0f21sdgql3 last message: cmfnol8g90007kl0feineks18
16:14:53.131 742-f5e44fb4de89ca72.js:1 [CallModal] 🔄 Participants unchanged, skipping re-initialization
16:14:53.131 742-f5e44fb4de89ca72.js:1 [CallModal] 🔍 Connection verification:
16:14:53.131 742-f5e44fb4de89ca72.js:1 [CallModal] - Expected participants: (2) ['cmetcnw9e0000kuy9dooe536g', 'cmetcd54n000plx0f6031986z']
16:14:53.132 742-f5e44fb4de89ca72.js:1 [CallModal] - Active connections: (2) ['cmetcnw9e0000kuy9dooe536g', 'cmetcd54n000plx0f6031986z']
16:14:53.132 742-f5e44fb4de89ca72.js:1 [CallModal] ✅ All expected WebRTC connections are active
16:14:53.132 page-7a89d7867f156a09.js:1 🔄 ChatWindow: Conversation participants count: 3
16:14:53.133 page-7a89d7867f156a09.js:1 🔄 ChatWindow: Participants: (3) [{…}, {…}, {…}]
16:14:53.133 page-7a89d7867f156a09.js:1 🏠 ChatWindow mounted/re-rendered with conversationId: cmev8zel60000qt0f21sdgql3
16:14:53.137 742-f5e44fb4de89ca72.js:1 [CallModal] VideoGrid participants: {total: 2, filtered: 1, currentUserId: 'cmetc9zvw0000lx0fvjdkcng1', participantNames: Array(1)}
16:14:53.141 742-f5e44fb4de89ca72.js:1 [CallModal] 🔄 Participants unchanged, skipping re-initialization
16:14:53.141 742-f5e44fb4de89ca72.js:1 [CallModal] 🔍 Connection verification:
16:14:53.141 742-f5e44fb4de89ca72.js:1 [CallModal] - Expected participants: (2) ['cmetcnw9e0000kuy9dooe536g', 'cmetcd54n000plx0f6031986z']
16:14:53.142 742-f5e44fb4de89ca72.js:1 [CallModal] - Active connections: (2) ['cmetcnw9e0000kuy9dooe536g', 'cmetcd54n000plx0f6031986z']
16:14:53.142 742-f5e44fb4de89ca72.js:1 [CallModal] ✅ All expected WebRTC connections are active
16:14:53.168 742-f5e44fb4de89ca72.js:1 [CallModal] Updated peer connections for performance monitoring: 2
16:14:53.169 742-f5e44fb4de89ca72.js:1 [CallModal] Peer connection participants: (2) ['cmetcnw9e0000kuy9dooe536g', 'cmetcd54n000plx0f6031986z']
16:14:53.169 742-f5e44fb4de89ca72.js:1 [CallModal] VideoGrid participants: {total: 2, filtered: 1, currentUserId: 'cmetc9zvw0000lx0fvjdkcng1', participantNames: Array(1)}
16:14:53.170 742-f5e44fb4de89ca72.js:1 [useCallPerformance] Connection states: (2) [{…}, {…}]
16:14:53.171 742-f5e44fb4de89ca72.js:1 [useCallPerformance] Starting monitoring for 2 valid connections
16:14:53.172 742-f5e44fb4de89ca72.js:1 [useCallPerformance] Network metrics: {audioPacketLoss: 0, videoPacketLoss: 0, videoFrameRate: 26, latency: 2, callType: 'video'}
16:14:53.173 742-f5e44fb4de89ca72.js:1 [useCallPerformance] No valid network data yet, assuming good quality
16:14:53.173 742-f5e44fb4de89ca72.js:1 [CallModal] VideoGrid participants: {total: 2, filtered: 1, currentUserId: 'cmetc9zvw0000lx0fvjdkcng1', participantNames: Array(1)}
16:14:53.610 742-f5e44fb4de89ca72.js:1 [VoiceActivity] Volume analysis: {average: '0.0', volume: '-100.0', threshold: -40, speaking: false, finalSpeaking: false, …}
16:14:54.021 638-11434f29ed368fce.js:1 NotificationContext: Window blurred
16:14:54.022 page-7a89d7867f156a09.js:1 🏠 ChatWindow mounted/re-rendered with conversationId: cmev8zel60000qt0f21sdgql3
16:14:54.025 742-f5e44fb4de89ca72.js:1 [CallModal] VideoGrid participants: {total: 2, filtered: 1, currentUserId: 'cmetc9zvw0000lx0fvjdkcng1', participantNames: Array(1)}
16:14:54.026 layout-d9ae9f9ff0cd665e.js:1 🧹 GlobalNotificationListener: Cleaning up socket listener for new-notification
16:14:54.026 layout-d9ae9f9ff0cd665e.js:1 🌐 GlobalNotificationListener: useEffect triggered {hasSocket: true, hasSession: true, socketConnected: true, socketId: 't-vo6sgonUMSnApdAAAF'}
16:14:54.027 layout-d9ae9f9ff0cd665e.js:1 🚀 GlobalNotificationListener: Setting up global socket listeners for user: cmetc9zvw0000lx0fvjdkcng1
16:14:54.028 layout-d9ae9f9ff0cd665e.js:1 🔄 GlobalNotificationListener: Re-emitted join-user-room for safety
16:14:54.028 layout-d9ae9f9ff0cd665e.js:1 ✅ GlobalNotificationListener: Socket listener registered for new-notification events
16:14:54.028 742-f5e44fb4de89ca72.js:1 [CallModal] 🔄 Participants unchanged, skipping re-initialization
16:14:54.029 742-f5e44fb4de89ca72.js:1 [CallModal] 🔍 Connection verification:
16:14:54.029 742-f5e44fb4de89ca72.js:1 [CallModal] - Expected participants: (2) ['cmetcnw9e0000kuy9dooe536g', 'cmetcd54n000plx0f6031986z']
16:14:54.030 742-f5e44fb4de89ca72.js:1 [CallModal] - Active connections: (2) ['cmetcnw9e0000kuy9dooe536g', 'cmetcd54n000plx0f6031986z']
16:14:54.030 742-f5e44fb4de89ca72.js:1 [CallModal] ✅ All expected WebRTC connections are active
16:14:54.030 742-f5e44fb4de89ca72.js:1 SocketContext: Window blurred, sending pre-blur heartbeat
16:14:54.378 638-11434f29ed368fce.js:1 NotificationContext: Page visibility changed to: false
16:14:54.379 742-f5e44fb4de89ca72.js:1 SocketContext: Tab became hidden, maintaining aggressive background connection
16:14:54.384 page-7a89d7867f156a09.js:1 🏠 ChatWindow mounted/re-rendered with conversationId: cmev8zel60000qt0f21sdgql3
16:14:54.389 742-f5e44fb4de89ca72.js:1 [CallModal] VideoGrid participants: {total: 2, filtered: 1, currentUserId: 'cmetc9zvw0000lx0fvjdkcng1', participantNames: Array(1)}
16:14:54.391 layout-d9ae9f9ff0cd665e.js:1 🧹 GlobalNotificationListener: Cleaning up socket listener for new-notification
16:14:54.393 layout-d9ae9f9ff0cd665e.js:1 🌐 GlobalNotificationListener: useEffect triggered {hasSocket: true, hasSession: true, socketConnected: true, socketId: 't-vo6sgonUMSnApdAAAF'}
16:14:54.393 layout-d9ae9f9ff0cd665e.js:1 🚀 GlobalNotificationListener: Setting up global socket listeners for user: cmetc9zvw0000lx0fvjdkcng1
16:14:54.393 layout-d9ae9f9ff0cd665e.js:1 🔄 GlobalNotificationListener: Re-emitted join-user-room for safety
16:14:54.394 layout-d9ae9f9ff0cd665e.js:1 ✅ GlobalNotificationListener: Socket listener registered for new-notification events
16:14:54.394 742-f5e44fb4de89ca72.js:1 [CallModal] 🔄 Participants unchanged, skipping re-initialization
16:14:54.395 742-f5e44fb4de89ca72.js:1 [CallModal] 🔍 Connection verification:
16:14:54.396 742-f5e44fb4de89ca72.js:1 [CallModal] - Expected participants: (2) ['cmetcnw9e0000kuy9dooe536g', 'cmetcd54n000plx0f6031986z']
16:14:54.396 742-f5e44fb4de89ca72.js:1 [CallModal] - Active connections: (2) ['cmetcnw9e0000kuy9dooe536g', 'cmetcd54n000plx0f6031986z']
16:14:54.397 742-f5e44fb4de89ca72.js:1 [CallModal] ✅ All expected WebRTC connections are active
16:14:54.509 742-f5e44fb4de89ca72.js:1 [VoiceActivity] Volume analysis: {average: '10.1', volume: '-28.0', threshold: -40, speaking: false, finalSpeaking: false, …}
16:14:54.586 page-7a89d7867f156a09.js:1 🏠 ChatWindow mounted/re-rendered with conversationId: cmev8zel60000qt0f21sdgql3
16:14:54.589 742-f5e44fb4de89ca72.js:1 [CallModal] VideoGrid participants: {total: 2, filtered: 1, currentUserId: 'cmetc9zvw0000lx0fvjdkcng1', participantNames: Array(1)}
16:14:54.591 page-7a89d7867f156a09.js:1 ChatSidebar: Conversations updated, count: 5
16:14:54.591 page-7a89d7867f156a09.js:1 ChatSidebar: Latest conversation: cmev8zel60000qt0f21sdgql3 last message: cmfnol8g90007kl0feineks18
16:14:54.592 742-f5e44fb4de89ca72.js:1 [CallModal] 🔄 Participants unchanged, skipping re-initialization
16:14:54.592 742-f5e44fb4de89ca72.js:1 [CallModal] 🔍 Connection verification:
16:14:54.592 742-f5e44fb4de89ca72.js:1 [CallModal] - Expected participants: (2) ['cmetcnw9e0000kuy9dooe536g', 'cmetcd54n000plx0f6031986z']
16:14:54.593 742-f5e44fb4de89ca72.js:1 [CallModal] - Active connections: (2) ['cmetcnw9e0000kuy9dooe536g', 'cmetcd54n000plx0f6031986z']
16:14:54.593 742-f5e44fb4de89ca72.js:1 [CallModal] ✅ All expected WebRTC connections are active
16:14:54.593 page-7a89d7867f156a09.js:1 🔄 ChatWindow: Conversation participants count: 3
16:14:54.594 page-7a89d7867f156a09.js:1 🔄 ChatWindow: Participants: (3) [{…}, {…}, {…}]
16:14:54.595 page-7a89d7867f156a09.js:1 🏠 ChatWindow mounted/re-rendered with conversationId: cmev8zel60000qt0f21sdgql3
16:14:54.600 742-f5e44fb4de89ca72.js:1 [CallModal] VideoGrid participants: {total: 2, filtered: 1, currentUserId: 'cmetc9zvw0000lx0fvjdkcng1', participantNames: Array(1)}
16:14:54.608 742-f5e44fb4de89ca72.js:1 [CallModal] 🔄 Participants unchanged, skipping re-initialization
16:14:54.609 742-f5e44fb4de89ca72.js:1 [CallModal] 🔍 Connection verification:
16:14:54.610 742-f5e44fb4de89ca72.js:1 [CallModal] - Expected participants: (2) ['cmetcnw9e0000kuy9dooe536g', 'cmetcd54n000plx0f6031986z']
16:14:54.610 742-f5e44fb4de89ca72.js:1 [CallModal] - Active connections: (2) ['cmetcnw9e0000kuy9dooe536g', 'cmetcd54n000plx0f6031986z']
16:14:54.611 742-f5e44fb4de89ca72.js:1 [CallModal] ✅ All expected WebRTC connections are active
16:14:54.734 page-7a89d7867f156a09.js:1 🏠 ChatWindow mounted/re-rendered with conversationId: cmev8zel60000qt0f21sdgql3
16:14:54.737 742-f5e44fb4de89ca72.js:1 [CallModal] VideoGrid participants: {total: 2, filtered: 1, currentUserId: 'cmetc9zvw0000lx0fvjdkcng1', participantNames: Array(1)}
16:14:54.739 page-7a89d7867f156a09.js:1 ChatSidebar: Conversations updated, count: 5
16:14:54.739 page-7a89d7867f156a09.js:1 ChatSidebar: Latest conversation: cmev8zel60000qt0f21sdgql3 last message: cmfnol8g90007kl0feineks18
16:14:54.739 742-f5e44fb4de89ca72.js:1 [CallModal] 🔄 Participants unchanged, skipping re-initialization
16:14:54.740 742-f5e44fb4de89ca72.js:1 [CallModal] 🔍 Connection verification:
16:14:54.740 742-f5e44fb4de89ca72.js:1 [CallModal] - Expected participants: (2) ['cmetcnw9e0000kuy9dooe536g', 'cmetcd54n000plx0f6031986z']
16:14:54.740 742-f5e44fb4de89ca72.js:1 [CallModal] - Active connections: (2) ['cmetcnw9e0000kuy9dooe536g', 'cmetcd54n000plx0f6031986z']
16:14:54.741 742-f5e44fb4de89ca72.js:1 [CallModal] ✅ All expected WebRTC connections are active
16:14:54.741 page-7a89d7867f156a09.js:1 🔄 ChatWindow: Conversation participants count: 3
16:14:54.741 page-7a89d7867f156a09.js:1 🔄 ChatWindow: Participants: (3) [{…}, {…}, {…}]
16:14:54.742 page-7a89d7867f156a09.js:1 🏠 ChatWindow mounted/re-rendered with conversationId: cmev8zel60000qt0f21sdgql3
16:14:54.745 742-f5e44fb4de89ca72.js:1 [CallModal] VideoGrid participants: {total: 2, filtered: 1, currentUserId: 'cmetc9zvw0000lx0fvjdkcng1', participantNames: Array(1)}
16:14:54.749 742-f5e44fb4de89ca72.js:1 [CallModal] 🔄 Participants unchanged, skipping re-initialization
16:14:54.751 742-f5e44fb4de89ca72.js:1 [CallModal] 🔍 Connection verification:
16:14:54.751 742-f5e44fb4de89ca72.js:1 [CallModal] - Expected participants: (2) ['cmetcnw9e0000kuy9dooe536g', 'cmetcd54n000plx0f6031986z']
16:14:54.752 742-f5e44fb4de89ca72.js:1 [CallModal] - Active connections: (2) ['cmetcnw9e0000kuy9dooe536g', 'cmetcd54n000plx0f6031986z']
16:14:54.753 742-f5e44fb4de89ca72.js:1 [CallModal] ✅ All expected WebRTC connections are active
16:14:54.914 742-f5e44fb4de89ca72.js:1 [WebRTC] Excellent network detected - restoring quality
16:14:54.915 742-f5e44fb4de89ca72.js:1 [WebRTC] Improved audio quality for: cmetcnw9e0000kuy9dooe536g
16:14:54.916 742-f5e44fb4de89ca72.js:1 [WebRTC] Improved video quality for: cmetcnw9e0000kuy9dooe536g
16:14:55.134 742-f5e44fb4de89ca72.js:1 [CallModal] 🔍 Connection verification:
16:14:55.134 742-f5e44fb4de89ca72.js:1 [CallModal] - Expected participants: (2) ['cmetcnw9e0000kuy9dooe536g', 'cmetcd54n000plx0f6031986z']
16:14:55.134 742-f5e44fb4de89ca72.js:1 [CallModal] - Active connections: (2) ['cmetcnw9e0000kuy9dooe536g', 'cmetcd54n000plx0f6031986z']
16:14:55.134 742-f5e44fb4de89ca72.js:1 [CallModal] ✅ All expected WebRTC connections are active
16:14:55.142 742-f5e44fb4de89ca72.js:1 [CallModal] 🔍 Connection verification:
16:14:55.143 742-f5e44fb4de89ca72.js:1 [CallModal] - Expected participants: (2) ['cmetcnw9e0000kuy9dooe536g', 'cmetcd54n000plx0f6031986z']
16:14:55.143 742-f5e44fb4de89ca72.js:1 [CallModal] - Active connections: (2) ['cmetcnw9e0000kuy9dooe536g', 'cmetcd54n000plx0f6031986z']
16:14:55.143 742-f5e44fb4de89ca72.js:1 [CallModal] ✅ All expected WebRTC connections are active
16:14:55.169 742-f5e44fb4de89ca72.js:1 [CallModal] Updated peer connections for performance monitoring: 2
16:14:55.169 742-f5e44fb4de89ca72.js:1 [CallModal] Peer connection participants: (2) ['cmetcnw9e0000kuy9dooe536g', 'cmetcd54n000plx0f6031986z']
16:14:55.170 742-f5e44fb4de89ca72.js:1 [CallModal] VideoGrid participants: {total: 2, filtered: 1, currentUserId: 'cmetc9zvw0000lx0fvjdkcng1', participantNames: Array(1)}
16:14:55.171 742-f5e44fb4de89ca72.js:1 [useCallPerformance] Connection states: (2) [{…}, {…}]
16:14:55.172 742-f5e44fb4de89ca72.js:1 [useCallPerformance] Starting monitoring for 2 valid connections
16:14:55.174 742-f5e44fb4de89ca72.js:1 [useCallPerformance] Network metrics: {audioPacketLoss: 0, videoPacketLoss: 0, videoFrameRate: 24, latency: 1, callType: 'video'}
16:14:55.175 742-f5e44fb4de89ca72.js:1 [useCallPerformance] No valid network data yet, assuming good quality
16:14:55.176 742-f5e44fb4de89ca72.js:1 [CallModal] VideoGrid participants: {total: 2, filtered: 1, currentUserId: 'cmetc9zvw0000lx0fvjdkcng1', participantNames: Array(1)}
16:14:55.475 638-11434f29ed368fce.js:1 NotificationContext: Window focused
16:14:55.480 page-7a89d7867f156a09.js:1 🏠 ChatWindow mounted/re-rendered with conversationId: cmev8zel60000qt0f21sdgql3
16:14:55.489 742-f5e44fb4de89ca72.js:1 [CallModal] VideoGrid participants: {total: 2, filtered: 1, currentUserId: 'cmetc9zvw0000lx0fvjdkcng1', participantNames: Array(1)}
16:14:55.491 layout-d9ae9f9ff0cd665e.js:1 🧹 GlobalNotificationListener: Cleaning up socket listener for new-notification
16:14:55.491 layout-d9ae9f9ff0cd665e.js:1 🌐 GlobalNotificationListener: useEffect triggered {hasSocket: true, hasSession: true, socketConnected: true, socketId: 't-vo6sgonUMSnApdAAAF'}
16:14:55.491 layout-d9ae9f9ff0cd665e.js:1 🚀 GlobalNotificationListener: Setting up global socket listeners for user: cmetc9zvw0000lx0fvjdkcng1
16:14:55.492 layout-d9ae9f9ff0cd665e.js:1 🔄 GlobalNotificationListener: Re-emitted join-user-room for safety
16:14:55.493 layout-d9ae9f9ff0cd665e.js:1 ✅ GlobalNotificationListener: Socket listener registered for new-notification events
16:14:55.493 742-f5e44fb4de89ca72.js:1 [CallModal] 🔄 Participants unchanged, skipping re-initialization
16:14:55.494 742-f5e44fb4de89ca72.js:1 [CallModal] 🔍 Connection verification:
16:14:55.495 742-f5e44fb4de89ca72.js:1 [CallModal] - Expected participants: (2) ['cmetcnw9e0000kuy9dooe536g', 'cmetcd54n000plx0f6031986z']
16:14:55.496 742-f5e44fb4de89ca72.js:1 [CallModal] - Active connections: (2) ['cmetcnw9e0000kuy9dooe536g', 'cmetcd54n000plx0f6031986z']
16:14:55.497 742-f5e44fb4de89ca72.js:1 [CallModal] ✅ All expected WebRTC connections are active
16:14:55.498 742-f5e44fb4de89ca72.js:1 SocketContext: Window focused, refreshing connection
16:14:55.537 638-11434f29ed368fce.js:1 NotificationContext: Page visibility changed to: true
16:14:55.538 742-f5e44fb4de89ca72.js:1 SocketContext: Tab became visible, re-establishing connection
16:14:55.539 page-7a89d7867f156a09.js:1 🏠 ChatWindow mounted/re-rendered with conversationId: cmev8zel60000qt0f21sdgql3
16:14:55.541 742-f5e44fb4de89ca72.js:1 [CallModal] VideoGrid participants: {total: 2, filtered: 1, currentUserId: 'cmetc9zvw0000lx0fvjdkcng1', participantNames: Array(1)}
16:14:55.542 layout-d9ae9f9ff0cd665e.js:1 🧹 GlobalNotificationListener: Cleaning up socket listener for new-notification
16:14:55.542 layout-d9ae9f9ff0cd665e.js:1 🌐 GlobalNotificationListener: useEffect triggered {hasSocket: true, hasSession: true, socketConnected: true, socketId: 't-vo6sgonUMSnApdAAAF'}
16:14:55.543 layout-d9ae9f9ff0cd665e.js:1 🚀 GlobalNotificationListener: Setting up global socket listeners for user: cmetc9zvw0000lx0fvjdkcng1
16:14:55.543 layout-d9ae9f9ff0cd665e.js:1 🔄 GlobalNotificationListener: Re-emitted join-user-room for safety
16:14:55.543 layout-d9ae9f9ff0cd665e.js:1 ✅ GlobalNotificationListener: Socket listener registered for new-notification events
16:14:55.543 742-f5e44fb4de89ca72.js:1 [CallModal] 🔄 Participants unchanged, skipping re-initialization
16:14:55.544 742-f5e44fb4de89ca72.js:1 [CallModal] 🔍 Connection verification:
16:14:55.544 742-f5e44fb4de89ca72.js:1 [CallModal] - Expected participants: (2) ['cmetcnw9e0000kuy9dooe536g', 'cmetcd54n000plx0f6031986z']
16:14:55.544 742-f5e44fb4de89ca72.js:1 [CallModal] - Active connections: (2) ['cmetcnw9e0000kuy9dooe536g', 'cmetcd54n000plx0f6031986z']
16:14:55.545 742-f5e44fb4de89ca72.js:1 [CallModal] ✅ All expected WebRTC connections are active
16:14:55.553 page-7a89d7867f156a09.js:1 ChatSidebar: Filtered 5 -> 5 conversations
16:14:55.553 page-7a89d7867f156a09.js:1 ChatSidebar: Final conversation list: (5) [{…}, {…}, {…}, {…}, {…}]
16:14:55.554 page-7a89d7867f156a09.js:1 🏠 ChatWindow mounted/re-rendered with conversationId: cmev8zel60000qt0f21sdgql3
16:14:55.558 742-f5e44fb4de89ca72.js:1 [CallModal] VideoGrid participants: {total: 2, filtered: 1, currentUserId: 'cmetc9zvw0000lx0fvjdkcng1', participantNames: Array(1)}
16:14:55.560 page-7a89d7867f156a09.js:1 ChatSidebar: Conversations updated, count: 5
16:14:55.560 page-7a89d7867f156a09.js:1 ChatSidebar: Latest conversation: cmev8zel60000qt0f21sdgql3 last message: cmfnol8g90007kl0feineks18
16:14:55.560 742-f5e44fb4de89ca72.js:1 [CallModal] 🔄 Participants unchanged, skipping re-initialization
16:14:55.561 742-f5e44fb4de89ca72.js:1 [CallModal] 🔍 Connection verification:
16:14:55.561 742-f5e44fb4de89ca72.js:1 [CallModal] - Expected participants: (2) ['cmetcnw9e0000kuy9dooe536g', 'cmetcd54n000plx0f6031986z']
16:14:55.562 742-f5e44fb4de89ca72.js:1 [CallModal] - Active connections: (2) ['cmetcnw9e0000kuy9dooe536g', 'cmetcd54n000plx0f6031986z']
16:14:55.562 742-f5e44fb4de89ca72.js:1 [CallModal] ✅ All expected WebRTC connections are active
16:14:55.562 page-7a89d7867f156a09.js:1 🔄 ChatWindow: Conversation participants count: 3
16:14:55.563 page-7a89d7867f156a09.js:1 🔄 ChatWindow: Participants: (3) [{…}, {…}, {…}]
16:14:55.563 page-7a89d7867f156a09.js:1 🏠 ChatWindow mounted/re-rendered with conversationId: cmev8zel60000qt0f21sdgql3
16:14:55.568 742-f5e44fb4de89ca72.js:1 [CallModal] VideoGrid participants: {total: 2, filtered: 1, currentUserId: 'cmetc9zvw0000lx0fvjdkcng1', participantNames: Array(1)}
16:14:55.570 742-f5e44fb4de89ca72.js:1 [CallModal] 🔄 Participants unchanged, skipping re-initialization
16:14:55.571 742-f5e44fb4de89ca72.js:1 [CallModal] 🔍 Connection verification:
16:14:55.571 742-f5e44fb4de89ca72.js:1 [CallModal] - Expected participants: (2) ['cmetcnw9e0000kuy9dooe536g', 'cmetcd54n000plx0f6031986z']
16:14:55.572 742-f5e44fb4de89ca72.js:1 [CallModal] - Active connections: (2) ['cmetcnw9e0000kuy9dooe536g', 'cmetcd54n000plx0f6031986z']
16:14:55.572 742-f5e44fb4de89ca72.js:1 [CallModal] ✅ All expected WebRTC connections are active
16:14:55.663 page-7a89d7867f156a09.js:1 🏠 ChatWindow mounted/re-rendered with conversationId: cmev8zel60000qt0f21sdgql3
16:14:55.666 742-f5e44fb4de89ca72.js:1 [CallModal] VideoGrid participants: {total: 2, filtered: 1, currentUserId: 'cmetc9zvw0000lx0fvjdkcng1', participantNames: Array(1)}
16:14:55.667 page-7a89d7867f156a09.js:1 ChatSidebar: Conversations updated, count: 5
16:14:55.667 page-7a89d7867f156a09.js:1 ChatSidebar: Latest conversation: cmev8zel60000qt0f21sdgql3 last message: cmfnol8g90007kl0feineks18
16:14:55.668 742-f5e44fb4de89ca72.js:1 [CallModal] 🔄 Participants unchanged, skipping re-initialization
16:14:55.668 742-f5e44fb4de89ca72.js:1 [CallModal] 🔍 Connection verification:
16:14:55.668 742-f5e44fb4de89ca72.js:1 [CallModal] - Expected participants: (2) ['cmetcnw9e0000kuy9dooe536g', 'cmetcd54n000plx0f6031986z']
16:14:55.668 742-f5e44fb4de89ca72.js:1 [CallModal] - Active connections: (2) ['cmetcnw9e0000kuy9dooe536g', 'cmetcd54n000plx0f6031986z']
16:14:55.669 742-f5e44fb4de89ca72.js:1 [CallModal] ✅ All expected WebRTC connections are active
16:14:55.669 page-7a89d7867f156a09.js:1 🔄 ChatWindow: Conversation participants count: 3
16:14:55.669 page-7a89d7867f156a09.js:1 🔄 ChatWindow: Participants: (3) [{…}, {…}, {…}]
16:14:55.671 page-7a89d7867f156a09.js:1 🏠 ChatWindow mounted/re-rendered with conversationId: cmev8zel60000qt0f21sdgql3
16:14:55.673 742-f5e44fb4de89ca72.js:1 [CallModal] VideoGrid participants: {total: 2, filtered: 1, currentUserId: 'cmetc9zvw0000lx0fvjdkcng1', participantNames: Array(1)}
16:14:55.674 layout-d9ae9f9ff0cd665e.js:1 🧹 GlobalNotificationListener: Cleaning up socket listener for new-notification
16:14:55.675 layout-d9ae9f9ff0cd665e.js:1 🌐 GlobalNotificationListener: useEffect triggered {hasSocket: true, hasSession: true, socketConnected: true, socketId: 't-vo6sgonUMSnApdAAAF'}
16:14:55.675 layout-d9ae9f9ff0cd665e.js:1 🚀 GlobalNotificationListener: Setting up global socket listeners for user: cmetc9zvw0000lx0fvjdkcng1
16:14:55.675 layout-d9ae9f9ff0cd665e.js:1 🔄 GlobalNotificationListener: Re-emitted join-user-room for safety
16:14:55.675 layout-d9ae9f9ff0cd665e.js:1 ✅ GlobalNotificationListener: Socket listener registered for new-notification events
16:14:55.676 742-f5e44fb4de89ca72.js:1 [CallModal] 🔄 Participants unchanged, skipping re-initialization
16:14:55.676 742-f5e44fb4de89ca72.js:1 [CallModal] 🔍 Connection verification:
16:14:55.676 742-f5e44fb4de89ca72.js:1 [CallModal] - Expected participants: (2) ['cmetcnw9e0000kuy9dooe536g', 'cmetcd54n000plx0f6031986z']
16:14:55.676 742-f5e44fb4de89ca72.js:1 [CallModal] - Active connections: (2) ['cmetcnw9e0000kuy9dooe536g', 'cmetcd54n000plx0f6031986z']
16:14:55.677 742-f5e44fb4de89ca72.js:1 [CallModal] ✅ All expected WebRTC connections are active
16:14:56.031 742-f5e44fb4de89ca72.js:1 [CallModal] 🔍 Connection verification:
16:14:56.031 742-f5e44fb4de89ca72.js:1 [CallModal] - Expected participants: (2) ['cmetcnw9e0000kuy9dooe536g', 'cmetcd54n000plx0f6031986z']
16:14:56.032 742-f5e44fb4de89ca72.js:1 [CallModal] - Active connections: (2) ['cmetcnw9e0000kuy9dooe536g', 'cmetcd54n000plx0f6031986z']
16:14:56.032 742-f5e44fb4de89ca72.js:1 [CallModal] ✅ All expected WebRTC connections are active
16:14:56.234 742-f5e44fb4de89ca72.js:1 [CallModal] Toggled mute: true Audio tracks: 1
16:14:56.234 742-f5e44fb4de89ca72.js:1 [CallModal] Broadcasting mute state change to other participants
16:14:56.237 742-f5e44fb4de89ca72.js:1 [CallModal] VideoGrid participants: {total: 2, filtered: 1, currentUserId: 'cmetc9zvw0000lx0fvjdkcng1', participantNames: Array(1)}
16:14:56.382 742-f5e44fb4de89ca72.js:1 [CallModal] 🔇 Participant mute change: {callId: 'call-1758096821929-j0m8cxwgf', participantId: 'cmetc9zvw0000lx0fvjdkcng1', isMuted: true}
16:14:56.383 742-f5e44fb4de89ca72.js:1 [CallModal] Participant cmetc9zvw0000lx0fvjdkcng1 mute state changed to: true
16:14:56.384 742-f5e44fb4de89ca72.js:1 [CallModal] 🔇 Updated participant mute states: {cmetcnw9e0000kuy9dooe536g: true, cmetc9zvw0000lx0fvjdkcng1: true}
16:14:56.384 742-f5e44fb4de89ca72.js:1 [CallModal] VideoGrid participants: {total: 2, filtered: 1, currentUserId: 'cmetc9zvw0000lx0fvjdkcng1', participantNames: Array(1)}
16:14:56.399 742-f5e44fb4de89ca72.js:1 [CallModal] 🔍 Connection verification:
16:14:56.399 742-f5e44fb4de89ca72.js:1 [CallModal] - Expected participants: (2) ['cmetcnw9e0000kuy9dooe536g', 'cmetcd54n000plx0f6031986z']
16:14:56.399 742-f5e44fb4de89ca72.js:1 [CallModal] - Active connections: (2) ['cmetcnw9e0000kuy9dooe536g', 'cmetcd54n000plx0f6031986z']
16:14:56.399 742-f5e44fb4de89ca72.js:1 [CallModal] ✅ All expected WebRTC connections are active
16:14:56.472 742-f5e44fb4de89ca72.js:1 [CallModal] 🔇 Participant mute change: {callId: 'call-1758096821929-j0m8cxwgf', participantId: 'cmetc9zvw0000lx0fvjdkcng1', isMuted: true}
16:14:56.473 742-f5e44fb4de89ca72.js:1 [CallModal] Participant cmetc9zvw0000lx0fvjdkcng1 mute state changed to: true
16:14:56.473 742-f5e44fb4de89ca72.js:1 [CallModal] 🔇 Participant mute change: {callId: 'call-1758096821929-j0m8cxwgf', participantId: 'cmetc9zvw0000lx0fvjdkcng1', isMuted: true}
16:14:56.473 742-f5e44fb4de89ca72.js:1 [CallModal] Participant cmetc9zvw0000lx0fvjdkcng1 mute state changed to: true
16:14:56.473 742-f5e44fb4de89ca72.js:1 [CallModal] 🔇 Updated participant mute states: {cmetcnw9e0000kuy9dooe536g: true, cmetc9zvw0000lx0fvjdkcng1: true}
16:14:56.473 742-f5e44fb4de89ca72.js:1 [CallModal] 🔇 Updated participant mute states: {cmetcnw9e0000kuy9dooe536g: true, cmetc9zvw0000lx0fvjdkcng1: true}
16:14:56.474 742-f5e44fb4de89ca72.js:1 [CallModal] VideoGrid participants: {total: 2, filtered: 1, currentUserId: 'cmetc9zvw0000lx0fvjdkcng1', participantNames: Array(1)}
16:14:56.539 742-f5e44fb4de89ca72.js:1 SocketContext: Additional heartbeat sent after becoming visible
16:14:56.540 742-f5e44fb4de89ca72.js:1 SocketContext: Heartbeat sent successfully
16:14:56.594 742-f5e44fb4de89ca72.js:1 [CallModal] 🔍 Connection verification:
16:14:56.594 742-f5e44fb4de89ca72.js:1 [CallModal] - Expected participants: (2) ['cmetcnw9e0000kuy9dooe536g', 'cmetcd54n000plx0f6031986z']
16:14:56.595 742-f5e44fb4de89ca72.js:1 [CallModal] - Active connections: (2) ['cmetcnw9e0000kuy9dooe536g', 'cmetcd54n000plx0f6031986z']
16:14:56.595 742-f5e44fb4de89ca72.js:1 [CallModal] ✅ All expected WebRTC connections are active
16:14:56.612 742-f5e44fb4de89ca72.js:1 [CallModal] 🔍 Connection verification:
16:14:56.613 742-f5e44fb4de89ca72.js:1 [CallModal] - Expected participants: (2) ['cmetcnw9e0000kuy9dooe536g', 'cmetcd54n000plx0f6031986z']
16:14:56.613 742-f5e44fb4de89ca72.js:1 [CallModal] - Active connections: (2) ['cmetcnw9e0000kuy9dooe536g', 'cmetcd54n000plx0f6031986z']
16:14:56.613 742-f5e44fb4de89ca72.js:1 [CallModal] ✅ All expected WebRTC connections are active
16:14:56.677 742-f5e44fb4de89ca72.js:1 [CallModal] VideoGrid participants: {total: 2, filtered: 1, currentUserId: 'cmetc9zvw0000lx0fvjdkcng1', participantNames: Array(1)}
16:14:56.717 742-f5e44fb4de89ca72.js:1 [CallModal] Toggled mute: false Audio tracks: 1
16:14:56.717 742-f5e44fb4de89ca72.js:1 [CallModal] Broadcasting mute state change to other participants
16:14:56.718 742-f5e44fb4de89ca72.js:1 [CallModal] VideoGrid participants: {total: 2, filtered: 1, currentUserId: 'cmetc9zvw0000lx0fvjdkcng1', participantNames: Array(1)}
16:14:56.741 742-f5e44fb4de89ca72.js:1 [CallModal] 🔍 Connection verification:
16:14:56.741 742-f5e44fb4de89ca72.js:1 [CallModal] - Expected participants: (2) ['cmetcnw9e0000kuy9dooe536g', 'cmetcd54n000plx0f6031986z']
16:14:56.741 742-f5e44fb4de89ca72.js:1 [CallModal] - Active connections: (2) ['cmetcnw9e0000kuy9dooe536g', 'cmetcd54n000plx0f6031986z']
16:14:56.742 742-f5e44fb4de89ca72.js:1 [CallModal] ✅ All expected WebRTC connections are active
16:14:56.754 742-f5e44fb4de89ca72.js:1 [CallModal] 🔍 Connection verification:
16:14:56.754 742-f5e44fb4de89ca72.js:1 [CallModal] - Expected participants: (2) ['cmetcnw9e0000kuy9dooe536g', 'cmetcd54n000plx0f6031986z']
16:14:56.754 742-f5e44fb4de89ca72.js:1 [CallModal] - Active connections: (2) ['cmetcnw9e0000kuy9dooe536g', 'cmetcd54n000plx0f6031986z']
16:14:56.755 742-f5e44fb4de89ca72.js:1 [CallModal] ✅ All expected WebRTC connections are active
16:14:56.886 638-11434f29ed368fce.js:1 NotificationContext: Window blurred
16:14:56.887 page-7a89d7867f156a09.js:1 🏠 ChatWindow mounted/re-rendered with conversationId: cmev8zel60000qt0f21sdgql3
16:14:56.889 742-f5e44fb4de89ca72.js:1 [CallModal] VideoGrid participants: {total: 2, filtered: 1, currentUserId: 'cmetc9zvw0000lx0fvjdkcng1', participantNames: Array(1)}
16:14:56.891 layout-d9ae9f9ff0cd665e.js:1 🧹 GlobalNotificationListener: Cleaning up socket listener for new-notification
16:14:56.891 layout-d9ae9f9ff0cd665e.js:1 🌐 GlobalNotificationListener: useEffect triggered {hasSocket: true, hasSession: true, socketConnected: true, socketId: 't-vo6sgonUMSnApdAAAF'}
16:14:56.891 layout-d9ae9f9ff0cd665e.js:1 🚀 GlobalNotificationListener: Setting up global socket listeners for user: cmetc9zvw0000lx0fvjdkcng1
16:14:56.891 layout-d9ae9f9ff0cd665e.js:1 🔄 GlobalNotificationListener: Re-emitted join-user-room for safety
16:14:56.891 layout-d9ae9f9ff0cd665e.js:1 ✅ GlobalNotificationListener: Socket listener registered for new-notification events
16:14:56.891 742-f5e44fb4de89ca72.js:1 [CallModal] 🔄 Participants unchanged, skipping re-initialization
16:14:56.892 742-f5e44fb4de89ca72.js:1 [CallModal] 🔍 Connection verification:
16:14:56.893 742-f5e44fb4de89ca72.js:1 [CallModal] - Expected participants: (2) ['cmetcnw9e0000kuy9dooe536g', 'cmetcd54n000plx0f6031986z']
16:14:56.895 742-f5e44fb4de89ca72.js:1 [CallModal] - Active connections: (2) ['cmetcnw9e0000kuy9dooe536g', 'cmetcd54n000plx0f6031986z']
16:14:56.897 742-f5e44fb4de89ca72.js:1 [CallModal] ✅ All expected WebRTC connections are active
16:14:56.898 742-f5e44fb4de89ca72.js:1 SocketContext: Window blurred, sending pre-blur heartbeat
16:14:56.913 742-f5e44fb4de89ca72.js:1 [CallModal] 🔇 Participant mute change: {callId: 'call-1758096821929-j0m8cxwgf', participantId: 'cmetc9zvw0000lx0fvjdkcng1', isMuted: false}
16:14:56.913 742-f5e44fb4de89ca72.js:1 [CallModal] 🔇 Updated participant mute states: {cmetcnw9e0000kuy9dooe536g: true, cmetc9zvw0000lx0fvjdkcng1: false}
16:14:56.913 742-f5e44fb4de89ca72.js:1 [CallModal] Participant cmetc9zvw0000lx0fvjdkcng1 mute state changed to: false
16:14:56.914 742-f5e44fb4de89ca72.js:1 [CallModal] VideoGrid participants: {total: 2, filtered: 1, currentUserId: 'cmetc9zvw0000lx0fvjdkcng1', participantNames: Array(1)}
16:14:57.088 742-f5e44fb4de89ca72.js:1 [CallModal] 🔇 Participant mute change: {callId: 'call-1758096821929-j0m8cxwgf', participantId: 'cmetc9zvw0000lx0fvjdkcng1', isMuted: false}
16:14:57.089 742-f5e44fb4de89ca72.js:1 [CallModal] Participant cmetc9zvw0000lx0fvjdkcng1 mute state changed to: false
16:14:57.089 742-f5e44fb4de89ca72.js:1 [CallModal] 🔇 Participant mute change: {callId: 'call-1758096821929-j0m8cxwgf', participantId: 'cmetc9zvw0000lx0fvjdkcng1', isMuted: false}
16:14:57.089 742-f5e44fb4de89ca72.js:1 [CallModal] Participant cmetc9zvw0000lx0fvjdkcng1 mute state changed to: false
16:14:57.089 742-f5e44fb4de89ca72.js:1 [CallModal] 🔇 Updated participant mute states: {cmetcnw9e0000kuy9dooe536g: true, cmetc9zvw0000lx0fvjdkcng1: false}
16:14:57.089 742-f5e44fb4de89ca72.js:1 [CallModal] 🔇 Updated participant mute states: {cmetcnw9e0000kuy9dooe536g: true, cmetc9zvw0000lx0fvjdkcng1: false}
16:14:57.089 742-f5e44fb4de89ca72.js:1 [CallModal] VideoGrid participants: {total: 2, filtered: 1, currentUserId: 'cmetc9zvw0000lx0fvjdkcng1', participantNames: Array(1)}
16:14:57.169 742-f5e44fb4de89ca72.js:1 [CallModal] Updated peer connections for performance monitoring: 2
16:14:57.169 742-f5e44fb4de89ca72.js:1 [CallModal] Peer connection participants: (2) ['cmetcnw9e0000kuy9dooe536g', 'cmetcd54n000plx0f6031986z']
16:14:57.170 742-f5e44fb4de89ca72.js:1 [CallModal] VideoGrid participants: {total: 2, filtered: 1, currentUserId: 'cmetc9zvw0000lx0fvjdkcng1', participantNames: Array(1)}
16:14:57.171 742-f5e44fb4de89ca72.js:1 [useCallPerformance] Connection states: (2) [{…}, {…}]
16:14:57.171 742-f5e44fb4de89ca72.js:1 [useCallPerformance] Starting monitoring for 2 valid connections
16:14:57.172 742-f5e44fb4de89ca72.js:1 [useCallPerformance] Network metrics: {audioPacketLoss: 0, videoPacketLoss: 0, videoFrameRate: 21, latency: 1, callType: 'video'}
16:14:57.173 742-f5e44fb4de89ca72.js:1 [useCallPerformance] No valid network data yet, assuming good quality
16:14:57.174 742-f5e44fb4de89ca72.js:1 [CallModal] VideoGrid participants: {total: 2, filtered: 1, currentUserId: 'cmetc9zvw0000lx0fvjdkcng1', participantNames: Array(1)}
16:14:57.499 742-f5e44fb4de89ca72.js:1 [CallModal] 🔍 Connection verification:
16:14:57.499 742-f5e44fb4de89ca72.js:1 [CallModal] - Expected participants: (2) ['cmetcnw9e0000kuy9dooe536g', 'cmetcd54n000plx0f6031986z']
16:14:57.499 742-f5e44fb4de89ca72.js:1 [CallModal] - Active connections: (2) ['cmetcnw9e0000kuy9dooe536g', 'cmetcd54n000plx0f6031986z']
16:14:57.499 742-f5e44fb4de89ca72.js:1 [CallModal] ✅ All expected WebRTC connections are active
16:14:57.545 742-f5e44fb4de89ca72.js:1 [CallModal] 🔍 Connection verification:
16:14:57.546 742-f5e44fb4de89ca72.js:1 [CallModal] - Expected participants: (2) ['cmetcnw9e0000kuy9dooe536g', 'cmetcd54n000plx0f6031986z']
16:14:57.546 742-f5e44fb4de89ca72.js:1 [CallModal] - Active connections: (2) ['cmetcnw9e0000kuy9dooe536g', 'cmetcd54n000plx0f6031986z']
16:14:57.546 742-f5e44fb4de89ca72.js:1 [CallModal] ✅ All expected WebRTC connections are active
16:14:57.564 742-f5e44fb4de89ca72.js:1 [CallModal] 🔍 Connection verification:
16:14:57.564 742-f5e44fb4de89ca72.js:1 [CallModal] - Expected participants: (2) ['cmetcnw9e0000kuy9dooe536g', 'cmetcd54n000plx0f6031986z']
16:14:57.564 742-f5e44fb4de89ca72.js:1 [CallModal] - Active connections: (2) ['cmetcnw9e0000kuy9dooe536g', 'cmetcd54n000plx0f6031986z']
16:14:57.564 742-f5e44fb4de89ca72.js:1 [CallModal] ✅ All expected WebRTC connections are active
16:14:57.572 742-f5e44fb4de89ca72.js:1 [CallModal] 🔍 Connection verification:
16:14:57.572 742-f5e44fb4de89ca72.js:1 [CallModal] - Expected participants: (2) ['cmetcnw9e0000kuy9dooe536g', 'cmetcd54n000plx0f6031986z']
16:14:57.573 742-f5e44fb4de89ca72.js:1 [CallModal] - Active connections: (2) ['cmetcnw9e0000kuy9dooe536g', 'cmetcd54n000plx0f6031986z']
16:14:57.573 742-f5e44fb4de89ca72.js:1 [CallModal] ✅ All expected WebRTC connections are active
16:14:57.670 742-f5e44fb4de89ca72.js:1 [CallModal] 🔍 Connection verification:
16:14:57.670 742-f5e44fb4de89ca72.js:1 [CallModal] - Expected participants: (2) ['cmetcnw9e0000kuy9dooe536g', 'cmetcd54n000plx0f6031986z']
16:14:57.670 742-f5e44fb4de89ca72.js:1 [CallModal] - Active connections: (2) ['cmetcnw9e0000kuy9dooe536g', 'cmetcd54n000plx0f6031986z']
16:14:57.670 742-f5e44fb4de89ca72.js:1 [CallModal] ✅ All expected WebRTC connections are active
16:14:57.677 742-f5e44fb4de89ca72.js:1 [CallModal] 🔍 Connection verification:
16:14:57.678 742-f5e44fb4de89ca72.js:1 [CallModal] - Expected participants: (2) ['cmetcnw9e0000kuy9dooe536g', 'cmetcd54n000plx0f6031986z']
16:14:57.678 742-f5e44fb4de89ca72.js:1 [CallModal] - Active connections: (2) ['cmetcnw9e0000kuy9dooe536g', 'cmetcd54n000plx0f6031986z']
16:14:57.678 742-f5e44fb4de89ca72.js:1 [CallModal] ✅ All expected WebRTC connections are active
16:14:57.894 742-f5e44fb4de89ca72.js:1 [CallModal] VideoGrid participants: {total: 2, filtered: 1, currentUserId: 'cmetc9zvw0000lx0fvjdkcng1', participantNames: Array(1)}
16:14:57.916 742-f5e44fb4de89ca72.js:1 [WebRTC] Excellent network detected - restoring quality
16:14:57.916 742-f5e44fb4de89ca72.js:1 [WebRTC] Improved audio quality for: cmetcnw9e0000kuy9dooe536g
16:14:57.917 742-f5e44fb4de89ca72.js:1 [WebRTC] Improved video quality for: cmetcnw9e0000kuy9dooe536g
16:14:57.961 742-f5e44fb4de89ca72.js:1 [VoiceActivity] Volume analysis: {average: '9.5', volume: '-28.6', threshold: -40, speaking: false, finalSpeaking: false, …}
16:14:58.128 page-7a89d7867f156a09.js:1 User status update received: {userId: 'cmetcnw9e0000kuy9dooe536g', isOnline: true, lastSeen: '2025-09-17T08:14:58.069Z'}
16:14:58.130 page-7a89d7867f156a09.js:1 🏠 ChatWindow mounted/re-rendered with conversationId: cmev8zel60000qt0f21sdgql3
16:14:58.132 742-f5e44fb4de89ca72.js:1 [CallModal] VideoGrid participants: {total: 2, filtered: 1, currentUserId: 'cmetc9zvw0000lx0fvjdkcng1', participantNames: Array(1)}
16:14:58.138 page-7a89d7867f156a09.js:1 ChatSidebar: Conversations updated, count: 5
16:14:58.138 page-7a89d7867f156a09.js:1 ChatSidebar: Latest conversation: cmev8zel60000qt0f21sdgql3 last message: cmfnol8g90007kl0feineks18
16:14:58.138 742-f5e44fb4de89ca72.js:1 [CallModal] 🔄 Participants unchanged, skipping re-initialization
16:14:58.139 742-f5e44fb4de89ca72.js:1 [CallModal] 🔍 Connection verification:
16:14:58.139 742-f5e44fb4de89ca72.js:1 [CallModal] - Expected participants: (2) ['cmetcnw9e0000kuy9dooe536g', 'cmetcd54n000plx0f6031986z']
16:14:58.139 742-f5e44fb4de89ca72.js:1 [CallModal] - Active connections: (2) ['cmetcnw9e0000kuy9dooe536g', 'cmetcd54n000plx0f6031986z']
16:14:58.140 742-f5e44fb4de89ca72.js:1 [CallModal] ✅ All expected WebRTC connections are active
16:14:58.140 page-7a89d7867f156a09.js:1 🔄 ChatWindow: Conversation participants count: 3
16:14:58.140 page-7a89d7867f156a09.js:1 🔄 ChatWindow: Participants: (3) [{…}, {…}, {…}]
16:14:58.141 page-7a89d7867f156a09.js:1 🏠 ChatWindow mounted/re-rendered with conversationId: cmev8zel60000qt0f21sdgql3
16:14:58.144 742-f5e44fb4de89ca72.js:1 [CallModal] VideoGrid participants: {total: 2, filtered: 1, currentUserId: 'cmetc9zvw0000lx0fvjdkcng1', participantNames: Array(1)}
16:14:58.145 742-f5e44fb4de89ca72.js:1 [CallModal] 🔄 Participants unchanged, skipping re-initialization
16:14:58.146 742-f5e44fb4de89ca72.js:1 [CallModal] 🔍 Connection verification:
16:14:58.146 742-f5e44fb4de89ca72.js:1 [CallModal] - Expected participants: (2) ['cmetcnw9e0000kuy9dooe536g', 'cmetcd54n000plx0f6031986z']
16:14:58.146 742-f5e44fb4de89ca72.js:1 [CallModal] - Active connections: (2) ['cmetcnw9e0000kuy9dooe536g', 'cmetcd54n000plx0f6031986z']
16:14:58.147 742-f5e44fb4de89ca72.js:1 [CallModal] ✅ All expected WebRTC connections are active
16:14:58.844 638-11434f29ed368fce.js:1 NotificationContext: Page visibility changed to: false
16:14:58.845 742-f5e44fb4de89ca72.js:1 SocketContext: Tab became hidden, maintaining aggressive background connection
16:14:58.848 page-7a89d7867f156a09.js:1 🏠 ChatWindow mounted/re-rendered with conversationId: cmev8zel60000qt0f21sdgql3
16:14:58.853 742-f5e44fb4de89ca72.js:1 [CallModal] VideoGrid participants: {total: 2, filtered: 1, currentUserId: 'cmetc9zvw0000lx0fvjdkcng1', participantNames: Array(1)}
16:14:58.859 layout-d9ae9f9ff0cd665e.js:1 🧹 GlobalNotificationListener: Cleaning up socket listener for new-notification
16:14:58.860 layout-d9ae9f9ff0cd665e.js:1 🌐 GlobalNotificationListener: useEffect triggered {hasSocket: true, hasSession: true, socketConnected: true, socketId: 't-vo6sgonUMSnApdAAAF'}
16:14:58.860 layout-d9ae9f9ff0cd665e.js:1 🚀 GlobalNotificationListener: Setting up global socket listeners for user: cmetc9zvw0000lx0fvjdkcng1
16:14:58.863 layout-d9ae9f9ff0cd665e.js:1 🔄 GlobalNotificationListener: Re-emitted join-user-room for safety
16:14:58.864 layout-d9ae9f9ff0cd665e.js:1 ✅ GlobalNotificationListener: Socket listener registered for new-notification events
16:14:58.864 742-f5e44fb4de89ca72.js:1 [CallModal] 🔄 Participants unchanged, skipping re-initialization
16:14:58.865 742-f5e44fb4de89ca72.js:1 [CallModal] 🔍 Connection verification:
16:14:58.866 742-f5e44fb4de89ca72.js:1 [CallModal] - Expected participants: (2) ['cmetcnw9e0000kuy9dooe536g', 'cmetcd54n000plx0f6031986z']
16:14:58.867 742-f5e44fb4de89ca72.js:1 [CallModal] - Active connections: (2) ['cmetcnw9e0000kuy9dooe536g', 'cmetcd54n000plx0f6031986z']
16:14:58.867 742-f5e44fb4de89ca72.js:1 [CallModal] ✅ All expected WebRTC connections are active
16:14:58.900 742-f5e44fb4de89ca72.js:1 [CallModal] 🔍 Connection verification:
16:14:58.900 742-f5e44fb4de89ca72.js:1 [CallModal] - Expected participants: (2) ['cmetcnw9e0000kuy9dooe536g', 'cmetcd54n000plx0f6031986z']
16:14:58.900 742-f5e44fb4de89ca72.js:1 [CallModal] - Active connections: (2) ['cmetcnw9e0000kuy9dooe536g', 'cmetcd54n000plx0f6031986z']
16:14:58.900 742-f5e44fb4de89ca72.js:1 [CallModal] ✅ All expected WebRTC connections are active
16:14:59.169 742-f5e44fb4de89ca72.js:1 [CallModal] Updated peer connections for performance monitoring: 2
16:14:59.169 742-f5e44fb4de89ca72.js:1 [CallModal] Peer connection participants: (2) ['cmetcnw9e0000kuy9dooe536g', 'cmetcd54n000plx0f6031986z']
16:14:59.170 742-f5e44fb4de89ca72.js:1 [CallModal] VideoGrid participants: {total: 2, filtered: 1, currentUserId: 'cmetc9zvw0000lx0fvjdkcng1', participantNames: Array(1)}
16:14:59.171 742-f5e44fb4de89ca72.js:1 [useCallPerformance] Connection states: (2) [{…}, {…}]
16:14:59.172 742-f5e44fb4de89ca72.js:1 [useCallPerformance] Starting monitoring for 2 valid connections
16:14:59.173 742-f5e44fb4de89ca72.js:1 [useCallPerformance] Network metrics: {audioPacketLoss: 0, videoPacketLoss: 0, videoFrameRate: 25, latency: 1, callType: 'video'}
16:14:59.173 742-f5e44fb4de89ca72.js:1 [useCallPerformance] No valid network data yet, assuming good quality
16:14:59.174 742-f5e44fb4de89ca72.js:1 [CallModal] VideoGrid participants: {total: 2, filtered: 1, currentUserId: 'cmetc9zvw0000lx0fvjdkcng1', participantNames: Array(1)}
16:14:59.293 page-7a89d7867f156a09.js:1 🏠 ChatWindow mounted/re-rendered with conversationId: cmev8zel60000qt0f21sdgql3
16:14:59.302 742-f5e44fb4de89ca72.js:1 [CallModal] VideoGrid participants: {total: 2, filtered: 1, currentUserId: 'cmetc9zvw0000lx0fvjdkcng1', participantNames: Array(1)}
16:14:59.304 page-7a89d7867f156a09.js:1 ChatSidebar: Conversations updated, count: 5
16:14:59.304 page-7a89d7867f156a09.js:1 ChatSidebar: Latest conversation: cmev8zel60000qt0f21sdgql3 last message: cmfnol8g90007kl0feineks18
16:14:59.304 742-f5e44fb4de89ca72.js:1 [CallModal] 🔄 Participants unchanged, skipping re-initialization
16:14:59.305 742-f5e44fb4de89ca72.js:1 [CallModal] 🔍 Connection verification:
16:14:59.305 742-f5e44fb4de89ca72.js:1 [CallModal] - Expected participants: (2) ['cmetcnw9e0000kuy9dooe536g', 'cmetcd54n000plx0f6031986z']
16:14:59.305 742-f5e44fb4de89ca72.js:1 [CallModal] - Active connections: (2) ['cmetcnw9e0000kuy9dooe536g', 'cmetcd54n000plx0f6031986z']
16:14:59.305 742-f5e44fb4de89ca72.js:1 [CallModal] ✅ All expected WebRTC connections are active
16:14:59.306 page-7a89d7867f156a09.js:1 🔄 ChatWindow: Conversation participants count: 3
16:14:59.306 page-7a89d7867f156a09.js:1 🔄 ChatWindow: Participants: (3) [{…}, {…}, {…}]
16:14:59.306 page-7a89d7867f156a09.js:1 🏠 ChatWindow mounted/re-rendered with conversationId: cmev8zel60000qt0f21sdgql3
16:14:59.309 742-f5e44fb4de89ca72.js:1 [CallModal] VideoGrid participants: {total: 2, filtered: 1, currentUserId: 'cmetc9zvw0000lx0fvjdkcng1', participantNames: Array(1)}
16:14:59.310 742-f5e44fb4de89ca72.js:1 [CallModal] 🔄 Participants unchanged, skipping re-initialization
16:14:59.310 742-f5e44fb4de89ca72.js:1 [CallModal] 🔍 Connection verification:
16:14:59.310 742-f5e44fb4de89ca72.js:1 [CallModal] - Expected participants: (2) ['cmetcnw9e0000kuy9dooe536g', 'cmetcd54n000plx0f6031986z']
16:14:59.311 742-f5e44fb4de89ca72.js:1 [CallModal] - Active connections: (2) ['cmetcnw9e0000kuy9dooe536g', 'cmetcd54n000plx0f6031986z']
16:14:59.311 742-f5e44fb4de89ca72.js:1 [CallModal] ✅ All expected WebRTC connections are active
16:14:59.348 638-11434f29ed368fce.js:1 NotificationContext: Window focused
16:14:59.350 page-7a89d7867f156a09.js:1 🏠 ChatWindow mounted/re-rendered with conversationId: cmev8zel60000qt0f21sdgql3
16:14:59.352 742-f5e44fb4de89ca72.js:1 [CallModal] VideoGrid participants: {total: 2, filtered: 1, currentUserId: 'cmetc9zvw0000lx0fvjdkcng1', participantNames: Array(1)}
16:14:59.353 layout-d9ae9f9ff0cd665e.js:1 🧹 GlobalNotificationListener: Cleaning up socket listener for new-notification
16:14:59.353 layout-d9ae9f9ff0cd665e.js:1 🌐 GlobalNotificationListener: useEffect triggered {hasSocket: true, hasSession: true, socketConnected: true, socketId: 't-vo6sgonUMSnApdAAAF'}
16:14:59.354 layout-d9ae9f9ff0cd665e.js:1 🚀 GlobalNotificationListener: Setting up global socket listeners for user: cmetc9zvw0000lx0fvjdkcng1
16:14:59.355 layout-d9ae9f9ff0cd665e.js:1 🔄 GlobalNotificationListener: Re-emitted join-user-room for safety
16:14:59.356 layout-d9ae9f9ff0cd665e.js:1 ✅ GlobalNotificationListener: Socket listener registered for new-notification events
16:14:59.356 742-f5e44fb4de89ca72.js:1 [CallModal] 🔄 Participants unchanged, skipping re-initialization
16:14:59.356 742-f5e44fb4de89ca72.js:1 [CallModal] 🔍 Connection verification:
16:14:59.357 742-f5e44fb4de89ca72.js:1 [CallModal] - Expected participants: (2) ['cmetcnw9e0000kuy9dooe536g', 'cmetcd54n000plx0f6031986z']
16:14:59.357 742-f5e44fb4de89ca72.js:1 [CallModal] - Active connections: (2) ['cmetcnw9e0000kuy9dooe536g', 'cmetcd54n000plx0f6031986z']
16:14:59.357 742-f5e44fb4de89ca72.js:1 [CallModal] ✅ All expected WebRTC connections are active
16:14:59.358 742-f5e44fb4de89ca72.js:1 SocketContext: Window focused, refreshing connection
16:14:59.407 638-11434f29ed368fce.js:1 NotificationContext: Page visibility changed to: true
16:14:59.409 742-f5e44fb4de89ca72.js:1 SocketContext: Tab became visible, re-establishing connection
16:14:59.411 page-7a89d7867f156a09.js:1 🏠 ChatWindow mounted/re-rendered with conversationId: cmev8zel60000qt0f21sdgql3
16:14:59.415 742-f5e44fb4de89ca72.js:1 [CallModal] VideoGrid participants: {total: 2, filtered: 1, currentUserId: 'cmetc9zvw0000lx0fvjdkcng1', participantNames: Array(1)}
16:14:59.418 layout-d9ae9f9ff0cd665e.js:1 🧹 GlobalNotificationListener: Cleaning up socket listener for new-notification
16:14:59.418 layout-d9ae9f9ff0cd665e.js:1 🌐 GlobalNotificationListener: useEffect triggered {hasSocket: true, hasSession: true, socketConnected: true, socketId: 't-vo6sgonUMSnApdAAAF'}
16:14:59.419 layout-d9ae9f9ff0cd665e.js:1 🚀 GlobalNotificationListener: Setting up global socket listeners for user: cmetc9zvw0000lx0fvjdkcng1
16:14:59.419 layout-d9ae9f9ff0cd665e.js:1 🔄 GlobalNotificationListener: Re-emitted join-user-room for safety
16:14:59.419 layout-d9ae9f9ff0cd665e.js:1 ✅ GlobalNotificationListener: Socket listener registered for new-notification events
16:14:59.420 742-f5e44fb4de89ca72.js:1 [CallModal] 🔄 Participants unchanged, skipping re-initialization
16:14:59.421 742-f5e44fb4de89ca72.js:1 [CallModal] 🔍 Connection verification:
16:14:59.421 742-f5e44fb4de89ca72.js:1 [CallModal] - Expected participants: (2) ['cmetcnw9e0000kuy9dooe536g', 'cmetcd54n000plx0f6031986z']
16:14:59.421 742-f5e44fb4de89ca72.js:1 [CallModal] - Active connections: (2) ['cmetcnw9e0000kuy9dooe536g', 'cmetcd54n000plx0f6031986z']
16:14:59.422 742-f5e44fb4de89ca72.js:1 [CallModal] ✅ All expected WebRTC connections are active
16:14:59.431 page-7a89d7867f156a09.js:1 User status update received: {userId: 'cmetcnw9e0000kuy9dooe536g', isOnline: true, lastSeen: '2025-09-17T08:14:58.998Z'}
16:14:59.433 page-7a89d7867f156a09.js:1 ChatSidebar: Filtered 5 -> 5 conversations
16:14:59.433 page-7a89d7867f156a09.js:1 ChatSidebar: Final conversation list: (5) [{…}, {…}, {…}, {…}, {…}]
16:14:59.434 page-7a89d7867f156a09.js:1 Updated online status for user cmetcnw9e0000kuy9dooe536g in conversation cmev42y2w0000rv0f55h7qluf
16:14:59.434 page-7a89d7867f156a09.js:1 🏠 ChatWindow mounted/re-rendered with conversationId: cmev8zel60000qt0f21sdgql3
16:14:59.437 742-f5e44fb4de89ca72.js:1 [CallModal] VideoGrid participants: {total: 2, filtered: 1, currentUserId: 'cmetc9zvw0000lx0fvjdkcng1', participantNames: Array(1)}
16:14:59.438 page-7a89d7867f156a09.js:1 ChatSidebar: Conversations updated, count: 5
16:14:59.439 page-7a89d7867f156a09.js:1 ChatSidebar: Latest conversation: cmev8zel60000qt0f21sdgql3 last message: cmfnol8g90007kl0feineks18
16:14:59.439 742-f5e44fb4de89ca72.js:1 [CallModal] 🔄 Participants unchanged, skipping re-initialization
16:14:59.439 742-f5e44fb4de89ca72.js:1 [CallModal] 🔍 Connection verification:
16:14:59.440 742-f5e44fb4de89ca72.js:1 [CallModal] - Expected participants: (2) ['cmetcnw9e0000kuy9dooe536g', 'cmetcd54n000plx0f6031986z']
16:14:59.440 742-f5e44fb4de89ca72.js:1 [CallModal] - Active connections: (2) ['cmetcnw9e0000kuy9dooe536g', 'cmetcd54n000plx0f6031986z']
16:14:59.440 742-f5e44fb4de89ca72.js:1 [CallModal] ✅ All expected WebRTC connections are active
16:14:59.441 page-7a89d7867f156a09.js:1 🔄 ChatWindow: Conversation participants count: 3
16:14:59.441 page-7a89d7867f156a09.js:1 🔄 ChatWindow: Participants: (3) [{…}, {…}, {…}]
16:14:59.441 page-7a89d7867f156a09.js:1 🏠 ChatWindow mounted/re-rendered with conversationId: cmev8zel60000qt0f21sdgql3
16:14:59.445 742-f5e44fb4de89ca72.js:1 [CallModal] VideoGrid participants: {total: 2, filtered: 1, currentUserId: 'cmetc9zvw0000lx0fvjdkcng1', participantNames: Array(1)}
16:14:59.447 742-f5e44fb4de89ca72.js:1 [CallModal] 🔄 Participants unchanged, skipping re-initialization
16:14:59.448 742-f5e44fb4de89ca72.js:1 [CallModal] 🔍 Connection verification:
16:14:59.448 742-f5e44fb4de89ca72.js:1 [CallModal] - Expected participants: (2) ['cmetcnw9e0000kuy9dooe536g', 'cmetcd54n000plx0f6031986z']
16:14:59.448 742-f5e44fb4de89ca72.js:1 [CallModal] - Active connections: (2) ['cmetcnw9e0000kuy9dooe536g', 'cmetcd54n000plx0f6031986z']
16:14:59.449 742-f5e44fb4de89ca72.js:1 [CallModal] ✅ All expected WebRTC connections are active
16:14:59.495 page-7a89d7867f156a09.js:1 🏠 ChatWindow mounted/re-rendered with conversationId: cmev8zel60000qt0f21sdgql3
16:14:59.497 742-f5e44fb4de89ca72.js:1 [CallModal] VideoGrid participants: {total: 2, filtered: 1, currentUserId: 'cmetc9zvw0000lx0fvjdkcng1', participantNames: Array(1)}
16:14:59.499 layout-d9ae9f9ff0cd665e.js:1 🧹 GlobalNotificationListener: Cleaning up socket listener for new-notification
16:14:59.499 layout-d9ae9f9ff0cd665e.js:1 🌐 GlobalNotificationListener: useEffect triggered {hasSocket: true, hasSession: true, socketConnected: true, socketId: 't-vo6sgonUMSnApdAAAF'}
16:14:59.500 layout-d9ae9f9ff0cd665e.js:1 🚀 GlobalNotificationListener: Setting up global socket listeners for user: cmetc9zvw0000lx0fvjdkcng1
16:14:59.500 layout-d9ae9f9ff0cd665e.js:1 🔄 GlobalNotificationListener: Re-emitted join-user-room for safety
16:14:59.500 layout-d9ae9f9ff0cd665e.js:1 ✅ GlobalNotificationListener: Socket listener registered for new-notification events
16:14:59.501 742-f5e44fb4de89ca72.js:1 [CallModal] 🔄 Participants unchanged, skipping re-initialization
16:14:59.502 742-f5e44fb4de89ca72.js:1 [CallModal] 🔍 Connection verification:
16:14:59.503 742-f5e44fb4de89ca72.js:1 [CallModal] - Expected participants: (2) ['cmetcnw9e0000kuy9dooe536g', 'cmetcd54n000plx0f6031986z']
16:14:59.504 742-f5e44fb4de89ca72.js:1 [CallModal] - Active connections: (2) ['cmetcnw9e0000kuy9dooe536g', 'cmetcd54n000plx0f6031986z']
16:14:59.504 742-f5e44fb4de89ca72.js:1 [CallModal] ✅ All expected WebRTC connections are active
16:14:59.549 page-7a89d7867f156a09.js:1 Updated online status for user cmetcnw9e0000kuy9dooe536g in conversation cmev42y2w0000rv0f55h7qluf
16:14:59.551 page-7a89d7867f156a09.js:1 🏠 ChatWindow mounted/re-rendered with conversationId: cmev8zel60000qt0f21sdgql3
16:14:59.556 742-f5e44fb4de89ca72.js:1 [CallModal] VideoGrid participants: {total: 2, filtered: 1, currentUserId: 'cmetc9zvw0000lx0fvjdkcng1', participantNames: Array(1)}
16:14:59.557 page-7a89d7867f156a09.js:1 Updated online status for user cmetcnw9e0000kuy9dooe536g in conversation cmev8zel60000qt0f21sdgql3
16:14:59.560 page-7a89d7867f156a09.js:1 ChatSidebar: Conversations updated, count: 5
16:14:59.561 page-7a89d7867f156a09.js:1 ChatSidebar: Latest conversation: cmev8zel60000qt0f21sdgql3 last message: cmfnol8g90007kl0feineks18
16:14:59.561 742-f5e44fb4de89ca72.js:1 [CallModal] 🔄 Participants unchanged, skipping re-initialization
16:14:59.561 742-f5e44fb4de89ca72.js:1 [CallModal] 🔍 Connection verification:
16:14:59.562 742-f5e44fb4de89ca72.js:1 [CallModal] - Expected participants: (2) ['cmetcnw9e0000kuy9dooe536g', 'cmetcd54n000plx0f6031986z']
16:14:59.562 742-f5e44fb4de89ca72.js:1 [CallModal] - Active connections: (2) ['cmetcnw9e0000kuy9dooe536g', 'cmetcd54n000plx0f6031986z']
16:14:59.563 742-f5e44fb4de89ca72.js:1 [CallModal] ✅ All expected WebRTC connections are active
16:14:59.563 page-7a89d7867f156a09.js:1 🔄 ChatWindow: Conversation participants count: 3
16:14:59.564 page-7a89d7867f156a09.js:1 🔄 ChatWindow: Participants: (3) [{…}, {…}, {…}]
16:14:59.565 page-7a89d7867f156a09.js:1 🏠 ChatWindow mounted/re-rendered with conversationId: cmev8zel60000qt0f21sdgql3
16:14:59.569 742-f5e44fb4de89ca72.js:1 [CallModal] VideoGrid participants: {total: 2, filtered: 1, currentUserId: 'cmetc9zvw0000lx0fvjdkcng1', participantNames: Array(1)}
16:14:59.575 742-f5e44fb4de89ca72.js:1 [CallModal] 🔄 Participants unchanged, skipping re-initialization
16:14:59.575 742-f5e44fb4de89ca72.js:1 [CallModal] 🔍 Connection verification:
16:14:59.576 742-f5e44fb4de89ca72.js:1 [CallModal] - Expected participants: (2) ['cmetcnw9e0000kuy9dooe536g', 'cmetcd54n000plx0f6031986z']
16:14:59.576 742-f5e44fb4de89ca72.js:1 [CallModal] - Active connections: (2) ['cmetcnw9e0000kuy9dooe536g', 'cmetcd54n000plx0f6031986z']
16:14:59.577 742-f5e44fb4de89ca72.js:1 [CallModal] ✅ All expected WebRTC connections are active
16:14:59.621 page-7a89d7867f156a09.js:1 🏠 ChatWindow mounted/re-rendered with conversationId: cmev8zel60000qt0f21sdgql3
16:14:59.626 742-f5e44fb4de89ca72.js:1 [CallModal] VideoGrid participants: {total: 2, filtered: 1, currentUserId: 'cmetc9zvw0000lx0fvjdkcng1', participantNames: Array(1)}
16:14:59.628 page-7a89d7867f156a09.js:1 ChatSidebar: Conversations updated, count: 5
16:14:59.629 page-7a89d7867f156a09.js:1 ChatSidebar: Latest conversation: cmev8zel60000qt0f21sdgql3 last message: cmfnol8g90007kl0feineks18
16:14:59.629 742-f5e44fb4de89ca72.js:1 [CallModal] 🔄 Participants unchanged, skipping re-initialization
16:14:59.629 742-f5e44fb4de89ca72.js:1 [CallModal] 🔍 Connection verification:
16:14:59.630 742-f5e44fb4de89ca72.js:1 [CallModal] - Expected participants: (2) ['cmetcnw9e0000kuy9dooe536g', 'cmetcd54n000plx0f6031986z']
16:14:59.630 742-f5e44fb4de89ca72.js:1 [CallModal] - Active connections: (2) ['cmetcnw9e0000kuy9dooe536g', 'cmetcd54n000plx0f6031986z']
16:14:59.630 742-f5e44fb4de89ca72.js:1 [CallModal] ✅ All expected WebRTC connections are active
16:14:59.631 page-7a89d7867f156a09.js:1 🔄 ChatWindow: Conversation participants count: 3
16:14:59.631 page-7a89d7867f156a09.js:1 🔄 ChatWindow: Participants: (3) [{…}, {…}, {…}]
16:14:59.635 page-7a89d7867f156a09.js:1 🏠 ChatWindow mounted/re-rendered with conversationId: cmev8zel60000qt0f21sdgql3
16:14:59.639 742-f5e44fb4de89ca72.js:1 [CallModal] VideoGrid participants: {total: 2, filtered: 1, currentUserId: 'cmetc9zvw0000lx0fvjdkcng1', participantNames: Array(1)}
16:14:59.650 742-f5e44fb4de89ca72.js:1 [CallModal] 🔄 Participants unchanged, skipping re-initialization
16:14:59.650 742-f5e44fb4de89ca72.js:1 [CallModal] 🔍 Connection verification:
16:14:59.651 742-f5e44fb4de89ca72.js:1 [CallModal] - Expected participants: (2) ['cmetcnw9e0000kuy9dooe536g', 'cmetcd54n000plx0f6031986z']
16:14:59.652 742-f5e44fb4de89ca72.js:1 [CallModal] - Active connections: (2) ['cmetcnw9e0000kuy9dooe536g', 'cmetcd54n000plx0f6031986z']
16:14:59.652 742-f5e44fb4de89ca72.js:1 [CallModal] ✅ All expected WebRTC connections are active
16:14:59.897 page-7a89d7867f156a09.js:1 🏠 ChatWindow mounted/re-rendered with conversationId: cmev8zel60000qt0f21sdgql3
16:14:59.899 742-f5e44fb4de89ca72.js:1 [CallModal] VideoGrid participants: {total: 2, filtered: 1, currentUserId: 'cmetc9zvw0000lx0fvjdkcng1', participantNames: Array(1)}
16:14:59.900 page-7a89d7867f156a09.js:1 ChatSidebar: Conversations updated, count: 5
16:14:59.900 page-7a89d7867f156a09.js:1 ChatSidebar: Latest conversation: cmev8zel60000qt0f21sdgql3 last message: cmfnol8g90007kl0feineks18
16:14:59.901 742-f5e44fb4de89ca72.js:1 [CallModal] 🔄 Participants unchanged, skipping re-initialization
16:14:59.901 742-f5e44fb4de89ca72.js:1 [CallModal] 🔍 Connection verification:
16:14:59.901 742-f5e44fb4de89ca72.js:1 [CallModal] - Expected participants: (2) ['cmetcnw9e0000kuy9dooe536g', 'cmetcd54n000plx0f6031986z']
16:14:59.901 742-f5e44fb4de89ca72.js:1 [CallModal] - Active connections: (2) ['cmetcnw9e0000kuy9dooe536g', 'cmetcd54n000plx0f6031986z']
16:14:59.902 742-f5e44fb4de89ca72.js:1 [CallModal] ✅ All expected WebRTC connections are active
16:14:59.902 page-7a89d7867f156a09.js:1 🔄 ChatWindow: Conversation participants count: 3
16:14:59.902 page-7a89d7867f156a09.js:1 🔄 ChatWindow: Participants: (3) [{…}, {…}, {…}]
16:14:59.906 page-7a89d7867f156a09.js:1 🏠 ChatWindow mounted/re-rendered with conversationId: cmev8zel60000qt0f21sdgql3
16:14:59.908 742-f5e44fb4de89ca72.js:1 [CallModal] VideoGrid participants: {total: 2, filtered: 1, currentUserId: 'cmetc9zvw0000lx0fvjdkcng1', participantNames: Array(1)}
16:14:59.910 742-f5e44fb4de89ca72.js:1 [CallModal] 🔄 Participants unchanged, skipping re-initialization
16:14:59.910 742-f5e44fb4de89ca72.js:1 [CallModal] 🔍 Connection verification:
16:14:59.911 742-f5e44fb4de89ca72.js:1 [CallModal] - Expected participants: (2) ['cmetcnw9e0000kuy9dooe536g', 'cmetcd54n000plx0f6031986z']
16:14:59.911 742-f5e44fb4de89ca72.js:1 [CallModal] - Active connections: (2) ['cmetcnw9e0000kuy9dooe536g', 'cmetcd54n000plx0f6031986z']
16:14:59.911 742-f5e44fb4de89ca72.js:1 [CallModal] ✅ All expected WebRTC connections are active
16:15:00.141 742-f5e44fb4de89ca72.js:1 [CallModal] 🔍 Connection verification:
16:15:00.141 742-f5e44fb4de89ca72.js:1 [CallModal] - Expected participants: (2) ['cmetcnw9e0000kuy9dooe536g', 'cmetcd54n000plx0f6031986z']
16:15:00.141 742-f5e44fb4de89ca72.js:1 [CallModal] - Active connections: (2) ['cmetcnw9e0000kuy9dooe536g', 'cmetcd54n000plx0f6031986z']
16:15:00.141 742-f5e44fb4de89ca72.js:1 [CallModal] ✅ All expected WebRTC connections are active
16:15:00.147 742-f5e44fb4de89ca72.js:1 [CallModal] 🔍 Connection verification:
16:15:00.148 742-f5e44fb4de89ca72.js:1 [CallModal] - Expected participants: (2) ['cmetcnw9e0000kuy9dooe536g', 'cmetcd54n000plx0f6031986z']
16:15:00.148 742-f5e44fb4de89ca72.js:1 [CallModal] - Active connections: (2) ['cmetcnw9e0000kuy9dooe536g', 'cmetcd54n000plx0f6031986z']
16:15:00.148 742-f5e44fb4de89ca72.js:1 [CallModal] ✅ All expected WebRTC connections are active
16:15:00.411 742-f5e44fb4de89ca72.js:1 SocketContext: Additional heartbeat sent after becoming visible
16:15:00.868 742-f5e44fb4de89ca72.js:1 [CallModal] 🔍 Connection verification:
16:15:00.868 742-f5e44fb4de89ca72.js:1 [CallModal] - Expected participants: (2) ['cmetcnw9e0000kuy9dooe536g', 'cmetcd54n000plx0f6031986z']
16:15:00.868 742-f5e44fb4de89ca72.js:1 [CallModal] - Active connections: (2) ['cmetcnw9e0000kuy9dooe536g', 'cmetcd54n000plx0f6031986z']
16:15:00.868 742-f5e44fb4de89ca72.js:1 [CallModal] ✅ All expected WebRTC connections are active
16:15:00.912 742-f5e44fb4de89ca72.js:1 [CallModal] VideoGrid participants: {total: 2, filtered: 1, currentUserId: 'cmetc9zvw0000lx0fvjdkcng1', participantNames: Array(1)}
16:15:00.915 742-f5e44fb4de89ca72.js:1 [WebRTC] Excellent network detected - restoring quality
16:15:00.916 742-f5e44fb4de89ca72.js:1 [WebRTC] Improved audio quality for: cmetcnw9e0000kuy9dooe536g
16:15:00.917 742-f5e44fb4de89ca72.js:1 [WebRTC] Improved video quality for: cmetcnw9e0000kuy9dooe536g
16:15:01.043 638-11434f29ed368fce.js:1 NotificationContext: Window blurred
16:15:01.044 page-7a89d7867f156a09.js:1 🏠 ChatWindow mounted/re-rendered with conversationId: cmev8zel60000qt0f21sdgql3
16:15:01.046 742-f5e44fb4de89ca72.js:1 [CallModal] VideoGrid participants: {total: 2, filtered: 1, currentUserId: 'cmetc9zvw0000lx0fvjdkcng1', participantNames: Array(1)}
16:15:01.047 layout-d9ae9f9ff0cd665e.js:1 🧹 GlobalNotificationListener: Cleaning up socket listener for new-notification
16:15:01.048 layout-d9ae9f9ff0cd665e.js:1 🌐 GlobalNotificationListener: useEffect triggered {hasSocket: true, hasSession: true, socketConnected: true, socketId: 't-vo6sgonUMSnApdAAAF'}
16:15:01.048 layout-d9ae9f9ff0cd665e.js:1 🚀 GlobalNotificationListener: Setting up global socket listeners for user: cmetc9zvw0000lx0fvjdkcng1
16:15:01.049 layout-d9ae9f9ff0cd665e.js:1 🔄 GlobalNotificationListener: Re-emitted join-user-room for safety
16:15:01.049 layout-d9ae9f9ff0cd665e.js:1 ✅ GlobalNotificationListener: Socket listener registered for new-notification events
16:15:01.050 742-f5e44fb4de89ca72.js:1 [CallModal] 🔄 Participants unchanged, skipping re-initialization
16:15:01.050 742-f5e44fb4de89ca72.js:1 [CallModal] 🔍 Connection verification:
16:15:01.050 742-f5e44fb4de89ca72.js:1 [CallModal] - Expected participants: (2) ['cmetcnw9e0000kuy9dooe536g', 'cmetcd54n000plx0f6031986z']
16:15:01.051 742-f5e44fb4de89ca72.js:1 [CallModal] - Active connections: (2) ['cmetcnw9e0000kuy9dooe536g', 'cmetcd54n000plx0f6031986z']
16:15:01.052 742-f5e44fb4de89ca72.js:1 [CallModal] ✅ All expected WebRTC connections are active
16:15:01.052 742-f5e44fb4de89ca72.js:1 SocketContext: Window blurred, sending pre-blur heartbeat
16:15:01.168 742-f5e44fb4de89ca72.js:1 [CallModal] Updated peer connections for performance monitoring: 2
16:15:01.169 742-f5e44fb4de89ca72.js:1 [CallModal] Peer connection participants: (2) ['cmetcnw9e0000kuy9dooe536g', 'cmetcd54n000plx0f6031986z']
16:15:01.170 742-f5e44fb4de89ca72.js:1 [CallModal] VideoGrid participants: {total: 2, filtered: 1, currentUserId: 'cmetc9zvw0000lx0fvjdkcng1', participantNames: Array(1)}
16:15:01.171 742-f5e44fb4de89ca72.js:1 [useCallPerformance] Connection states: (2) [{…}, {…}]
16:15:01.171 742-f5e44fb4de89ca72.js:1 [useCallPerformance] Starting monitoring for 2 valid connections
16:15:01.173 742-f5e44fb4de89ca72.js:1 [useCallPerformance] Network metrics: {audioPacketLoss: 0, videoPacketLoss: 0, videoFrameRate: 25, latency: 1, callType: 'video'}
16:15:01.174 742-f5e44fb4de89ca72.js:1 [useCallPerformance] No valid network data yet, assuming good quality
16:15:01.174 742-f5e44fb4de89ca72.js:1 [CallModal] VideoGrid participants: {total: 2, filtered: 1, currentUserId: 'cmetc9zvw0000lx0fvjdkcng1', participantNames: Array(1)}
16:15:01.307 742-f5e44fb4de89ca72.js:1 [CallModal] 🔍 Connection verification:
16:15:01.307 742-f5e44fb4de89ca72.js:1 [CallModal] - Expected participants: (2) ['cmetcnw9e0000kuy9dooe536g', 'cmetcd54n000plx0f6031986z']
16:15:01.307 742-f5e44fb4de89ca72.js:1 [CallModal] - Active connections: (2) ['cmetcnw9e0000kuy9dooe536g', 'cmetcd54n000plx0f6031986z']
16:15:01.307 742-f5e44fb4de89ca72.js:1 [CallModal] ✅ All expected WebRTC connections are active
16:15:01.313 742-f5e44fb4de89ca72.js:1 [CallModal] 🔍 Connection verification:
16:15:01.313 742-f5e44fb4de89ca72.js:1 [CallModal] - Expected participants: (2) ['cmetcnw9e0000kuy9dooe536g', 'cmetcd54n000plx0f6031986z']
16:15:01.313  [CallModal] - Active connections: (2) ['cmetcnw9e0000kuy9dooe536g', 'cmetcd54n000plx0f6031986z']
16:15:01.313  [CallModal] ✅ All expected WebRTC connections are active
16:15:01.358  [CallModal] 🔍 Connection verification:
16:15:01.358  [CallModal] - Expected participants: (2) ['cmetcnw9e0000kuy9dooe536g', 'cmetcd54n000plx0f6031986z']
16:15:01.359  [CallModal] - Active connections: (2) ['cmetcnw9e0000kuy9dooe536g', 'cmetcd54n000plx0f6031986z']
16:15:01.359  [CallModal] ✅ All expected WebRTC connections are active
16:15:01.424  [CallModal] 🔍 Connection verification:
16:15:01.424  [CallModal] - Expected participants: (2) ['cmetcnw9e0000kuy9dooe536g', 'cmetcd54n000plx0f6031986z']
16:15:01.424  [CallModal] - Active connections: (2) ['cmetcnw9e0000kuy9dooe536g', 'cmetcd54n000plx0f6031986z']
16:15:01.424  [CallModal] ✅ All expected WebRTC connections are active
16:15:01.441  [CallModal] 🔍 Connection verification:
16:15:01.441  [CallModal] - Expected participants: (2) ['cmetcnw9e0000kuy9dooe536g', 'cmetcd54n000plx0f6031986z']
16:15:01.442  [CallModal] - Active connections: (2) ['cmetcnw9e0000kuy9dooe536g', 'cmetcd54n000plx0f6031986z']
16:15:01.442  [CallModal] ✅ All expected WebRTC connections are active
16:15:01.450  [CallModal] 🔍 Connection verification:
16:15:01.451  [CallModal] - Expected participants: (2) ['cmetcnw9e0000kuy9dooe536g', 'cmetcd54n000plx0f6031986z']
16:15:01.451  [CallModal] - Active connections: (2) ['cmetcnw9e0000kuy9dooe536g', 'cmetcd54n000plx0f6031986z']
16:15:01.451  [CallModal] ✅ All expected WebRTC connections are active
16:15:01.505  [CallModal] 🔍 Connection verification:
16:15:01.506  [CallModal] - Expected participants: (2) ['cmetcnw9e0000kuy9dooe536g', 'cmetcd54n000plx0f6031986z']
16:15:01.506  [CallModal] - Active connections: (2) ['cmetcnw9e0000kuy9dooe536g', 'cmetcd54n000plx0f6031986z']
16:15:01.506  [CallModal] ✅ All expected WebRTC connections are active
16:15:01.564  [CallModal] 🔍 Connection verification:
16:15:01.564  [CallModal] - Expected participants: (2) ['cmetcnw9e0000kuy9dooe536g', 'cmetcd54n000plx0f6031986z']
16:15:01.564  [CallModal] - Active connections: (2) ['cmetcnw9e0000kuy9dooe536g', 'cmetcd54n000plx0f6031986z']
16:15:01.564  [CallModal] ✅ All expected WebRTC connections are active
16:15:01.578  [CallModal] 🔍 Connection verification:
16:15:01.578  [CallModal] - Expected participants: (2) ['cmetcnw9e0000kuy9dooe536g', 'cmetcd54n000plx0f6031986z']
16:15:01.579  [CallModal] - Active connections: (2) ['cmetcnw9e0000kuy9dooe536g', 'cmetcd54n000plx0f6031986z']
16:15:01.579  [CallModal] ✅ All expected WebRTC connections are active
16:15:01.632  [CallModal] 🔍 Connection verification:
16:15:01.632  [CallModal] - Expected participants: (2) ['cmetcnw9e0000kuy9dooe536g', 'cmetcd54n000plx0f6031986z']
16:15:01.632  [CallModal] - Active connections: (2) ['cmetcnw9e0000kuy9dooe536g', 'cmetcd54n000plx0f6031986z']
16:15:01.633  [CallModal] ✅ All expected WebRTC connections are active
16:15:01.653  [CallModal] 🔍 Connection verification:
16:15:01.653  [CallModal] - Expected participants: (2) ['cmetcnw9e0000kuy9dooe536g', 'cmetcd54n000plx0f6031986z']
16:15:01.653  [CallModal] - Active connections: (2) ['cmetcnw9e0000kuy9dooe536g', 'cmetcd54n000plx0f6031986z']
16:15:01.653  [CallModal] ✅ All expected WebRTC connections are active
16:15:01.903  [CallModal] 🔍 Connection verification:
16:15:01.903  [CallModal] - Expected participants: (2) ['cmetcnw9e0000kuy9dooe536g', 'cmetcd54n000plx0f6031986z']
16:15:01.903  [CallModal] - Active connections: (2) ['cmetcnw9e0000kuy9dooe536g', 'cmetcd54n000plx0f6031986z']
16:15:01.903  [CallModal] ✅ All expected WebRTC connections are active
16:15:01.912  [CallModal] 🔍 Connection verification:
16:15:01.912  [CallModal] - Expected participants: (2) ['cmetcnw9e0000kuy9dooe536g', 'cmetcd54n000plx0f6031986z']
16:15:01.912  [CallModal] - Active connections: (2) ['cmetcnw9e0000kuy9dooe536g', 'cmetcd54n000plx0f6031986z']
16:15:01.912  [CallModal] ✅ All expected WebRTC connections are active
16:15:02.051  [CallModal] VideoGrid participants: {total: 2, filtered: 1, currentUserId: 'cmetc9zvw0000lx0fvjdkcng1', participantNames: Array(1)}
16:15:02.108  [VoiceActivity] Volume analysis: {average: '0.0', volume: '-100.0', threshold: -40, speaking: false, finalSpeaking: false, …}
16:15:03.051  [CallModal] VideoGrid participants: {total: 2, filtered: 1, currentUserId: 'cmetc9zvw0000lx0fvjdkcng1', participantNames: Array(1)}
16:15:03.052  [CallModal] 🔍 Connection verification:
16:15:03.052  [CallModal] - Expected participants: (2) ['cmetcnw9e0000kuy9dooe536g', 'cmetcd54n000plx0f6031986z']
16:15:03.052  [CallModal] - Active connections: (2) ['cmetcnw9e0000kuy9dooe536g', 'cmetcd54n000plx0f6031986z']
16:15:03.052  [CallModal] ✅ All expected WebRTC connections are active
16:15:03.169  [CallModal] Updated peer connections for performance monitoring: 2
16:15:03.169  [CallModal] Peer connection participants: (2) ['cmetcnw9e0000kuy9dooe536g', 'cmetcd54n000plx0f6031986z']
16:15:03.170  [CallModal] VideoGrid participants: {total: 2, filtered: 1, currentUserId: 'cmetc9zvw0000lx0fvjdkcng1', participantNames: Array(1)}
16:15:03.172  [useCallPerformance] Connection states: (2) [{…}, {…}]
16:15:03.172  [useCallPerformance] Starting monitoring for 2 valid connections
16:15:03.174  [useCallPerformance] Network metrics: {audioPacketLoss: 0, videoPacketLoss: 0, videoFrameRate: 28, latency: 1, callType: 'video'}
16:15:03.175  [useCallPerformance] No valid network data yet, assuming good quality
16:15:03.176  [CallModal] VideoGrid participants: {total: 2, filtered: 1, currentUserId: 'cmetc9zvw0000lx0fvjdkcng1', participantNames: Array(1)}
16:15:03.915  [WebRTC] Excellent network detected - restoring quality
16:15:03.916  [WebRTC] Improved audio quality for: cmetcnw9e0000kuy9dooe536g
16:15:03.917  [WebRTC] Improved video quality for: cmetcnw9e0000kuy9dooe536g
16:15:04.051  [CallModal] VideoGrid participants: {total: 2, filtered: 1, currentUserId: 'cmetc9zvw0000lx0fvjdkcng1', participantNames: Array(1)}
16:15:05.052  [CallModal] VideoGrid participants: {total: 2, filtered: 1, currentUserId: 'cmetc9zvw0000lx0fvjdkcng1', participantNames: Array(1)}
16:15:05.168  [CallModal] Updated peer connections for performance monitoring: 2
16:15:05.168  [CallModal] Peer connection participants: (2) ['cmetcnw9e0000kuy9dooe536g', 'cmetcd54n000plx0f6031986z']
16:15:05.169  [CallModal] VideoGrid participants: {total: 2, filtered: 1, currentUserId: 'cmetc9zvw0000lx0fvjdkcng1', participantNames: Array(1)}
16:15:05.170  [useCallPerformance] Connection states: (2) [{…}, {…}]
16:15:05.171  [useCallPerformance] Starting monitoring for 2 valid connections
16:15:05.174  [useCallPerformance] Network metrics: {audioPacketLoss: 0, videoPacketLoss: 0, videoFrameRate: 27, latency: 1, callType: 'video'}
16:15:05.175  [useCallPerformance] No valid network data yet, assuming good quality
16:15:05.175  [CallModal] VideoGrid participants: {total: 2, filtered: 1, currentUserId: 'cmetc9zvw0000lx0fvjdkcng1', participantNames: Array(1)}
